timestamp_utc,endpoint,strategy,params_json,rows,status,error,elapsed_seconds
2026-09-14T01:11:34.036209Z,sessions,sessions_by_year,"{""year"": 2026}",131,pass,,0.668
2026-09-14T01:11:34.668384Z,weather,weather_by_session_key,"{""session_key"": 11465}",540,pass,,0.487
2026-09-14T01:11:35.551639Z,race_control,race_control_by_session_key,"{""session_key"": 11465}",56,pass,,0.781
2026-09-14T01:11:36.129266Z,intervals,intervals_by_session_key,"{""session_key"": 11465}",0,http_404,"{""detail"":""No results found.""}",0.476
2026-09-14T01:11:36.770262Z,position,position_by_session_key,"{""session_key"": 11465}",415,pass,,0.54
2026-09-14T01:11:37.336477Z,stints,stints_by_session_key,"{""session_key"": 11465}",207,pass,,0.464
2026-09-14T01:11:37.438450Z,pit,skip_non_race_like_session,"{""session_key"": 11465}",0,skipped_not_applicable,pit endpoint is only treated as required for race/sprint-like sessions,0.0
2026-09-14T01:11:38.291486Z,starting_grid,starting_grid_by_session_key,"{""session_key"": 11465}",0,http_404,"{""detail"":""No results found.""}",0.853
2026-09-14T01:11:38.875084Z,drivers,drivers_by_session_key,"{""session_key"": 11465}",22,pass,,0.482
2026-09-14T01:11:39.459415Z,team_radio,team_radio_by_session_key_opportunistic,"{""session_key"": 11465}",0,http_404,"{""detail"":""No results found.""}",0.482
2026-09-14T01:11:40.037790Z,weather,weather_by_session_key,"{""session_key"": 11466}",484,pass,,0.477
2026-09-14T01:11:40.582815Z,race_control,race_control_by_session_key,"{""session_key"": 11466}",67,pass,,0.443
2026-09-14T01:11:41.150417Z,intervals,intervals_by_session_key,"{""session_key"": 11466}",0,http_404,"{""detail"":""No results found.""}",0.466
2026-09-14T01:11:41.707984Z,position,position_by_session_key,"{""session_key"": 11466}",280,pass,,0.456
2026-09-14T01:11:42.299391Z,stints,stints_by_session_key,"{""session_key"": 11466}",233,pass,,0.489
2026-09-14T01:11:42.401346Z,pit,skip_non_race_like_session,"{""session_key"": 11466}",0,skipped_not_applicable,pit endpoint is only treated as required for race/sprint-like sessions,0.0
2026-09-14T01:11:42.858669Z,starting_grid,starting_grid_by_session_key,"{""session_key"": 11466}",0,http_404,"{""detail"":""No results found.""}",0.457
2026-09-14T01:11:43.479243Z,drivers,drivers_by_session_key,"{""session_key"": 11466}",22,pass,,0.519
2026-09-14T01:11:44.029469Z,team_radio,team_radio_by_session_key_opportunistic,"{""session_key"": 11466}",0,http_404,"{""detail"":""No results found.""}",0.448
2026-09-14T01:11:44.598224Z,weather,weather_by_session_key,"{""session_key"": 11467}",528,pass,,0.467
2026-09-14T01:11:45.159323Z,race_control,race_control_by_session_key,"{""session_key"": 11467}",109,pass,,0.459
2026-09-14T01:11:45.714380Z,intervals,intervals_by_session_key,"{""session_key"": 11467}",0,http_404,"{""detail"":""No results found.""}",0.453
2026-09-14T01:11:46.330273Z,position,position_by_session_key,"{""session_key"": 11467}",216,pass,,0.515
2026-09-14T01:11:46.896315Z,stints,stints_by_session_key,"{""session_key"": 11467}",211,pass,,0.464
2026-09-14T01:11:46.998259Z,pit,skip_non_race_like_session,"{""session_key"": 11467}",0,skipped_not_applicable,pit endpoint is only treated as required for race/sprint-like sessions,0.0
2026-09-14T01:11:47.448192Z,starting_grid,starting_grid_by_session_key,"{""session_key"": 11467}",0,http_404,"{""detail"":""No results found.""}",0.45
2026-09-14T01:11:48.005441Z,drivers,drivers_by_session_key,"{""session_key"": 11467}",22,pass,,0.456
2026-09-14T01:11:48.551629Z,team_radio,team_radio_by_session_key_opportunistic,"{""session_key"": 11467}",1,pass,,0.444
2026-09-14T01:11:49.141479Z,weather,weather_by_session_key,"{""session_key"": 11470}",517,pass,,0.488
2026-09-14T01:11:49.689183Z,race_control,race_control_by_session_key,"{""session_key"": 11470}",57,pass,,0.446
2026-09-14T01:11:50.245527Z,intervals,intervals_by_session_key,"{""session_key"": 11470}",0,http_404,"{""detail"":""No results found.""}",0.454
2026-09-14T01:11:50.816953Z,position,position_by_session_key,"{""session_key"": 11470}",429,pass,,0.47
2026-09-14T01:11:51.381986Z,stints,stints_by_session_key,"{""session_key"": 11470}",0,http_429,"{""detail"":""Rate limit exceeded. Max 30 requests/minute."",""error"":""Too Many Requests""}",0.463
2026-09-14T01:11:51.483297Z,pit,skip_non_race_like_session,"{""session_key"": 11470}",0,skipped_not_applicable,pit endpoint is only treated as required for race/sprint-like sessions,0.0
2026-09-14T01:11:51.965432Z,starting_grid,starting_grid_by_session_key,"{""session_key"": 11470}",0,http_429,"{""detail"":""Rate limit exceeded. Max 30 requests/minute."",""error"":""Too Many Requests""}",0.482
2026-09-14T01:11:52.523585Z,drivers,drivers_by_session_key,"{""session_key"": 11470}",0,http_429,"{""detail"":""Rate limit exceeded. Max 30 requests/minute."",""error"":""Too Many Requests""}",0.457
2026-09-14T01:11:53.065114Z,drivers,drivers_by_observed_driver_number,"{""driver_number"": 1, ""session_key"": 11470}",0,http_429,"{""detail"":""Rate limit exceeded. Max 30 requests/minute."",""error"":""Too Many Requests""}",0.437
2026-09-14T01:11:53.612229Z,drivers,drivers_by_observed_driver_number,"{""driver_number"": 3, ""session_key"": 11470}",0,http_429,"{""detail"":""Rate limit exceeded. Max 30 requests/minute."",""error"":""Too Many Requests""}",0.446
2026-09-14T01:11:54.181142Z,drivers,drivers_by_observed_driver_number,"{""driver_number"": 5, ""session_key"": 11470}",0,http_429,"{""detail"":""Rate limit exceeded. Max 30 requests/minute."",""error"":""Too Many Requests""}",0.468
2026-09-14T01:11:54.721523Z,drivers,drivers_by_observed_driver_number,"{""driver_number"": 6, ""session_key"": 11470}",0,http_429,"{""detail"":""Rate limit exceeded. Max 30 requests/minute."",""error"":""Too Many Requests""}",0.439
2026-09-14T01:11:55.273587Z,drivers,drivers_by_observed_driver_number,"{""driver_number"": 10, ""session_key"": 11470}",0,http_429,"{""detail"":""Rate limit exceeded. Max 30 requests/minute."",""error"":""Too Many Requests""}",0.451
2026-09-14T01:11:55.827251Z,drivers,drivers_by_observed_driver_number,"{""driver_number"": 11, ""session_key"": 11470}",0,http_429,"{""detail"":""Rate limit exceeded. Max 30 requests/minute."",""error"":""Too Many Requests""}",0.453
2026-09-14T01:11:56.367314Z,drivers,drivers_by_observed_driver_number,"{""driver_number"": 12, ""session_key"": 11470}",0,http_429,"{""detail"":""Rate limit exceeded. Max 30 requests/minute."",""error"":""Too Many Requests""}",0.439
2026-09-14T01:11:56.969823Z,drivers,drivers_by_observed_driver_number,"{""driver_number"": 14, ""session_key"": 11470}",0,http_429,"{""detail"":""Rate limit exceeded. Max 30 requests/minute."",""error"":""Too Many Requests""}",0.501
2026-09-14T01:11:57.534558Z,drivers,drivers_by_observed_driver_number,"{""driver_number"": 16, ""session_key"": 11470}",0,http_429,"{""detail"":""Rate limit exceeded. Max 30 requests/minute."",""error"":""Too Many Requests""}",0.463
2026-09-14T01:11:58.109578Z,drivers,drivers_by_observed_driver_number,"{""driver_number"": 18, ""session_key"": 11470}",0,http_429,"{""detail"":""Rate limit exceeded. Max 30 requests/minute."",""error"":""Too Many Requests""}",0.474
2026-09-14T01:11:58.653436Z,drivers,drivers_by_observed_driver_number,"{""driver_number"": 23, ""session_key"": 11470}",0,http_429,"{""detail"":""Rate limit exceeded. Max 30 requests/minute."",""error"":""Too Many Requests""}",0.443
2026-09-14T01:11:59.202286Z,drivers,drivers_by_observed_driver_number,"{""driver_number"": 27, ""session_key"": 11470}",0,http_429,"{""detail"":""Rate limit exceeded. Max 30 requests/minute."",""error"":""Too Many Requests""}",0.448
2026-09-14T01:11:59.741422Z,drivers,drivers_by_observed_driver_number,"{""driver_number"": 30, ""session_key"": 11470}",0,http_429,"{""detail"":""Rate limit exceeded. Max 30 requests/minute."",""error"":""Too Many Requests""}",0.438
2026-09-14T01:12:00.302166Z,drivers,drivers_by_observed_driver_number,"{""driver_number"": 31, ""session_key"": 11470}",1,pass,,0.46
2026-09-14T01:12:00.854034Z,drivers,drivers_by_observed_driver_number,"{""driver_number"": 41, ""session_key"": 11470}",1,pass,,0.451
2026-09-14T01:12:02.181436Z,drivers,drivers_by_observed_driver_number,"{""driver_number"": 43, ""session_key"": 11470}",1,pass,,1.226
2026-09-14T01:12:02.734456Z,drivers,drivers_by_observed_driver_number,"{""driver_number"": 44, ""session_key"": 11470}",1,pass,,0.452
2026-09-14T01:12:03.279032Z,drivers,drivers_by_observed_driver_number,"{""driver_number"": 55, ""session_key"": 11470}",1,pass,,0.443
2026-09-14T01:12:03.834562Z,drivers,drivers_by_observed_driver_number,"{""driver_number"": 63, ""session_key"": 11470}",1,pass,,0.454
2026-09-14T01:12:04.376668Z,drivers,drivers_by_observed_driver_number,"{""driver_number"": 77, ""session_key"": 11470}",1,pass,,0.441
2026-09-14T01:12:04.933186Z,drivers,drivers_by_observed_driver_number,"{""driver_number"": 81, ""session_key"": 11470}",1,pass,,0.455
2026-09-14T01:12:05.484786Z,drivers,drivers_by_observed_driver_number,"{""driver_number"": 87, ""session_key"": 11470}",1,pass,,0.45
2026-09-14T01:12:06.027277Z,drivers,drivers_by_observed_driver_number,"{""driver_number"": 241, ""session_key"": 11470}",0,http_404,"{""detail"":""No results found.""}",0.441
2026-09-14T01:12:06.581507Z,drivers,drivers_by_observed_driver_number,"{""driver_number"": 243, ""session_key"": 11470}",0,http_404,"{""detail"":""No results found.""}",0.453
2026-09-14T01:12:07.259233Z,drivers,drivers_by_observed_driver_number,"{""driver_number"": 247, ""session_key"": 11470}",0,http_404,"{""detail"":""No results found.""}",0.577
2026-09-14T01:12:07.817687Z,team_radio,team_radio_by_session_key_opportunistic,"{""session_key"": 11470}",0,http_404,"{""detail"":""No results found.""}",0.455
2026-09-14T01:12:08.395891Z,weather,weather_by_session_key,"{""session_key"": 11469}",558,pass,,0.477
2026-09-14T01:12:08.942691Z,race_control,race_control_by_session_key,"{""session_key"": 11469}",51,pass,,0.445
2026-09-14T01:12:09.515345Z,intervals,intervals_by_session_key,"{""session_key"": 11469}",0,http_404,"{""detail"":""No results found.""}",0.471
2026-09-14T01:12:11.399506Z,position,position_by_session_key,"{""session_key"": 11469}",364,pass,,1.783
2026-09-14T01:12:13.642123Z,stints,stints_by_session_key,"{""session_key"": 11469}",265,pass,,2.141
2026-09-14T01:12:13.744088Z,pit,skip_non_race_like_session,"{""session_key"": 11469}",0,skipped_not_applicable,pit endpoint is only treated as required for race/sprint-like sessions,0.0
2026-09-14T01:12:14.185739Z,starting_grid,starting_grid_by_session_key,"{""session_key"": 11469}",0,http_404,"{""detail"":""No results found.""}",0.442
2026-09-14T01:12:14.733416Z,drivers,drivers_by_session_key,"{""session_key"": 11469}",22,pass,,0.446
2026-09-14T01:12:15.286245Z,team_radio,team_radio_by_session_key_opportunistic,"{""session_key"": 11469}",0,http_404,"{""detail"":""No results found.""}",0.451
2026-09-14T01:12:16.044380Z,weather,weather_by_session_key,"{""session_key"": 11468}",559,pass,,0.657
2026-09-14T01:12:16.623466Z,race_control,race_control_by_session_key,"{""session_key"": 11468}",46,pass,,0.477
2026-09-14T01:12:17.182794Z,intervals,intervals_by_session_key,"{""session_key"": 11468}",0,http_404,"{""detail"":""No results found.""}",0.457
2026-09-14T01:12:17.758021Z,position,position_by_session_key,"{""session_key"": 11468}",341,pass,,0.474
2026-09-14T01:12:18.376455Z,stints,stints_by_session_key,"{""session_key"": 11468}",290,pass,,0.516
2026-09-14T01:12:18.478537Z,pit,skip_non_race_like_session,"{""session_key"": 11468}",0,skipped_not_applicable,pit endpoint is only treated as required for race/sprint-like sessions,0.0
2026-09-14T01:12:18.925699Z,starting_grid,starting_grid_by_session_key,"{""session_key"": 11468}",0,http_404,"{""detail"":""No results found.""}",0.447
2026-09-14T01:12:19.856773Z,drivers,drivers_by_session_key,"{""session_key"": 11468}",22,pass,,0.83
2026-09-14T01:12:20.450115Z,team_radio,team_radio_by_session_key_opportunistic,"{""session_key"": 11468}",1,pass,,0.491
2026-09-14T01:12:21.000741Z,weather,weather_by_session_key,"{""session_key"": 11227}",82,pass,,0.449
2026-09-14T01:12:21.539795Z,race_control,race_control_by_session_key,"{""session_key"": 11227}",0,http_429,"{""detail"":""Rate limit exceeded. Max 30 requests/minute."",""error"":""Too Many Requests""}",0.437
2026-09-14T01:12:22.093105Z,intervals,intervals_by_session_key,"{""session_key"": 11227}",0,http_429,"{""detail"":""Rate limit exceeded. Max 30 requests/minute."",""error"":""Too Many Requests""}",0.452
2026-09-14T01:12:22.647442Z,position,position_by_session_key,"{""session_key"": 11227}",0,http_429,"{""detail"":""Rate limit exceeded. Max 30 requests/minute."",""error"":""Too Many Requests""}",0.453
2026-09-14T01:12:23.191712Z,position,position_by_meeting_key_fallback,"{""meeting_key"": 1279}",0,http_429,"{""detail"":""Rate limit exceeded. Max 30 requests/minute."",""error"":""Too Many Requests""}",0.443
2026-09-14T01:12:23.753823Z,stints,stints_by_session_key,"{""session_key"": 11227}",0,http_429,"{""detail"":""Rate limit exceeded. Max 30 requests/minute."",""error"":""Too Many Requests""}",0.461
2026-09-14T01:12:23.855189Z,pit,skip_non_race_like_session,"{""session_key"": 11227}",0,skipped_not_applicable,pit endpoint is only treated as required for race/sprint-like sessions,0.0
2026-09-14T01:12:24.307854Z,starting_grid,starting_grid_by_session_key,"{""session_key"": 11227}",0,http_429,"{""detail"":""Rate limit exceeded. Max 30 requests/minute."",""error"":""Too Many Requests""}",0.452
2026-09-14T01:12:24.849141Z,drivers,drivers_by_session_key,"{""session_key"": 11227}",0,http_429,"{""detail"":""Rate limit exceeded. Max 30 requests/minute."",""error"":""Too Many Requests""}",0.44
2026-09-14T01:12:25.403365Z,drivers,drivers_by_observed_driver_number,"{""driver_number"": 1, ""session_key"": 11227}",0,http_429,"{""detail"":""Rate limit exceeded. Max 30 requests/minute."",""error"":""Too Many Requests""}",0.449
2026-09-14T01:12:25.949792Z,drivers,drivers_by_observed_driver_number,"{""driver_number"": 3, ""session_key"": 11227}",0,http_429,"{""detail"":""Rate limit exceeded. Max 30 requests/minute."",""error"":""Too Many Requests""}",0.445
2026-09-14T01:12:26.500915Z,drivers,drivers_by_observed_driver_number,"{""driver_number"": 5, ""session_key"": 11227}",0,http_429,"{""detail"":""Rate limit exceeded. Max 30 requests/minute."",""error"":""Too Many Requests""}",0.45
2026-09-14T01:12:27.046445Z,drivers,drivers_by_observed_driver_number,"{""driver_number"": 6, ""session_key"": 11227}",0,http_429,"{""detail"":""Rate limit exceeded. Max 30 requests/minute."",""error"":""Too Many Requests""}",0.444
2026-09-14T01:12:27.776202Z,drivers,drivers_by_observed_driver_number,"{""driver_number"": 10, ""session_key"": 11227}",0,http_429,"{""detail"":""Rate limit exceeded. Max 30 requests/minute."",""error"":""Too Many Requests""}",0.628
2026-09-14T01:12:28.324784Z,drivers,drivers_by_observed_driver_number,"{""driver_number"": 11, ""session_key"": 11227}",0,http_429,"{""detail"":""Rate limit exceeded. Max 30 requests/minute."",""error"":""Too Many Requests""}",0.447
2026-09-14T01:12:28.868460Z,drivers,drivers_by_observed_driver_number,"{""driver_number"": 12, ""session_key"": 11227}",0,http_429,"{""detail"":""Rate limit exceeded. Max 30 requests/minute."",""error"":""Too Many Requests""}",0.442
2026-09-14T01:12:29.423723Z,drivers,drivers_by_observed_driver_number,"{""driver_number"": 14, ""session_key"": 11227}",0,http_429,"{""detail"":""Rate limit exceeded. Max 30 requests/minute."",""error"":""Too Many Requests""}",0.454
2026-09-14T01:12:29.973804Z,drivers,drivers_by_observed_driver_number,"{""driver_number"": 16, ""session_key"": 11227}",0,http_429,"{""detail"":""Rate limit exceeded. Max 30 requests/minute."",""error"":""Too Many Requests""}",0.449
2026-09-14T01:12:30.527699Z,drivers,drivers_by_observed_driver_number,"{""driver_number"": 18, ""session_key"": 11227}",0,http_429,"{""detail"":""Rate limit exceeded. Max 30 requests/minute."",""error"":""Too Many Requests""}",0.453
2026-09-14T01:12:31.079018Z,drivers,drivers_by_observed_driver_number,"{""driver_number"": 23, ""session_key"": 11227}",0,http_429,"{""detail"":""Rate limit exceeded. Max 30 requests/minute."",""error"":""Too Many Requests""}",0.45
2026-09-14T01:12:31.634322Z,drivers,drivers_by_observed_driver_number,"{""driver_number"": 27, ""session_key"": 11227}",0,http_429,"{""detail"":""Rate limit exceeded. Max 30 requests/minute."",""error"":""Too Many Requests""}",0.454
2026-09-14T01:12:32.188633Z,drivers,drivers_by_observed_driver_number,"{""driver_number"": 30, ""session_key"": 11227}",0,http_429,"{""detail"":""Rate limit exceeded. Max 30 requests/minute."",""error"":""Too Many Requests""}",0.453
2026-09-14T01:12:32.768122Z,drivers,drivers_by_observed_driver_number,"{""driver_number"": 31, ""session_key"": 11227}",0,http_429,"{""detail"":""Rate limit exceeded. Max 30 requests/minute."",""error"":""Too Many Requests""}",0.478
2026-09-14T01:12:33.315288Z,drivers,drivers_by_observed_driver_number,"{""driver_number"": 41, ""session_key"": 11227}",0,http_429,"{""detail"":""Rate limit exceeded. Max 30 requests/minute."",""error"":""Too Many Requests""}",0.446
2026-09-14T01:12:33.873983Z,drivers,drivers_by_observed_driver_number,"{""driver_number"": 43, ""session_key"": 11227}",0,http_429,"{""detail"":""Rate limit exceeded. Max 30 requests/minute."",""error"":""Too Many Requests""}",0.457
2026-09-14T01:12:34.441437Z,drivers,drivers_by_observed_driver_number,"{""driver_number"": 44, ""session_key"": 11227}",0,http_429,"{""detail"":""Rate limit exceeded. Max 30 requests/minute."",""error"":""Too Many Requests""}",0.466
2026-09-14T01:12:34.992194Z,drivers,drivers_by_observed_driver_number,"{""driver_number"": 55, ""session_key"": 11227}",0,http_429,"{""detail"":""Rate limit exceeded. Max 30 requests/minute."",""error"":""Too Many Requests""}",0.449
2026-09-14T01:12:35.533204Z,drivers,drivers_by_observed_driver_number,"{""driver_number"": 63, ""session_key"": 11227}",0,http_429,"{""detail"":""Rate limit exceeded. Max 30 requests/minute."",""error"":""Too Many Requests""}",0.44
2026-09-14T01:12:36.089405Z,drivers,drivers_by_observed_driver_number,"{""driver_number"": 77, ""session_key"": 11227}",0,http_429,"{""detail"":""Rate limit exceeded. Max 30 requests/minute."",""error"":""Too Many Requests""}",0.455
2026-09-14T01:12:36.633746Z,drivers,drivers_by_observed_driver_number,"{""driver_number"": 81, ""session_key"": 11227}",0,http_429,"{""detail"":""Rate limit exceeded. Max 30 requests/minute."",""error"":""Too Many Requests""}",0.443
2026-09-14T01:12:37.203793Z,drivers,drivers_by_observed_driver_number,"{""driver_number"": 87, ""session_key"": 11227}",0,http_429,"{""detail"":""Rate limit exceeded. Max 30 requests/minute."",""error"":""Too Many Requests""}",0.469
2026-09-14T01:12:37.756467Z,drivers,drivers_by_observed_driver_number,"{""driver_number"": 241, ""session_key"": 11227}",0,http_429,"{""detail"":""Rate limit exceeded. Max 30 requests/minute."",""error"":""Too Many Requests""}",0.451
2026-09-14T01:12:38.316251Z,drivers,drivers_by_observed_driver_number,"{""driver_number"": 243, ""session_key"": 11227}",0,http_429,"{""detail"":""Rate limit exceeded. Max 30 requests/minute."",""error"":""Too Many Requests""}",0.459
2026-09-14T01:12:38.859798Z,drivers,drivers_by_observed_driver_number,"{""driver_number"": 247, ""session_key"": 11227}",0,http_429,"{""detail"":""Rate limit exceeded. Max 30 requests/minute."",""error"":""Too Many Requests""}",0.442
2026-09-14T01:12:39.428422Z,team_radio,team_radio_by_session_key_opportunistic,"{""session_key"": 11227}",0,http_429,"{""detail"":""Rate limit exceeded. Max 30 requests/minute."",""error"":""Too Many Requests""}",0.467
2026-09-14T01:12:39.970347Z,weather,weather_by_session_key,"{""session_key"": 11228}",0,http_429,"{""detail"":""Rate limit exceeded. Max 30 requests/minute."",""error"":""Too Many Requests""}",0.441
2026-09-14T01:12:40.526255Z,race_control,race_control_by_session_key,"{""session_key"": 11228}",0,http_429,"{""detail"":""Rate limit exceeded. Max 30 requests/minute."",""error"":""Too Many Requests""}",0.455
2026-09-14T01:12:41.068449Z,intervals,intervals_by_session_key,"{""session_key"": 11228}",0,http_429,"{""detail"":""Rate limit exceeded. Max 30 requests/minute."",""error"":""Too Many Requests""}",0.441
2026-09-14T01:12:41.619533Z,position,position_by_session_key,"{""session_key"": 11228}",0,http_429,"{""detail"":""Rate limit exceeded. Max 30 requests/minute."",""error"":""Too Many Requests""}",0.45
2026-09-14T01:12:42.184906Z,position,position_by_meeting_key_fallback,"{""meeting_key"": 1279}",0,http_429,"{""detail"":""Rate limit exceeded. Max 30 requests/minute."",""error"":""Too Many Requests""}",0.464
2026-09-14T01:12:42.727849Z,stints,stints_by_session_key,"{""session_key"": 11228}",0,http_429,"{""detail"":""Rate limit exceeded. Max 30 requests/minute."",""error"":""Too Many Requests""}",0.442
2026-09-14T01:12:42.829238Z,pit,skip_non_race_like_session,"{""session_key"": 11228}",0,skipped_not_applicable,pit endpoint is only treated as required for race/sprint-like sessions,0.0
2026-09-14T01:12:43.301303Z,starting_grid,starting_grid_by_session_key,"{""session_key"": 11228}",0,http_429,"{""detail"":""Rate limit exceeded. Max 30 requests/minute."",""error"":""Too Many Requests""}",0.472
2026-09-14T01:12:43.852336Z,drivers,drivers_by_session_key,"{""session_key"": 11228}",0,http_429,"{""detail"":""Rate limit exceeded. Max 30 requests/minute."",""error"":""Too Many Requests""}",0.45
2026-09-14T01:12:44.397062Z,drivers,drivers_by_observed_driver_number,"{""driver_number"": 1, ""session_key"": 11228}",0,http_429,"{""detail"":""Rate limit exceeded. Max 30 requests/minute."",""error"":""Too Many Requests""}",0.44
2026-09-14T01:12:44.947469Z,drivers,drivers_by_observed_driver_number,"{""driver_number"": 3, ""session_key"": 11228}",0,http_429,"{""detail"":""Rate limit exceeded. Max 30 requests/minute."",""error"":""Too Many Requests""}",0.449
2026-09-14T01:12:45.496641Z,drivers,drivers_by_observed_driver_number,"{""driver_number"": 5, ""session_key"": 11228}",0,http_429,"{""detail"":""Rate limit exceeded. Max 30 requests/minute."",""error"":""Too Many Requests""}",0.448
2026-09-14T01:12:46.034782Z,drivers,drivers_by_observed_driver_number,"{""driver_number"": 6, ""session_key"": 11228}",0,http_429,"{""detail"":""Rate limit exceeded. Max 30 requests/minute."",""error"":""Too Many Requests""}",0.437
2026-09-14T01:12:46.599678Z,drivers,drivers_by_observed_driver_number,"{""driver_number"": 10, ""session_key"": 11228}",0,http_429,"{""detail"":""Rate limit exceeded. Max 30 requests/minute."",""error"":""Too Many Requests""}",0.464
2026-09-14T01:12:47.136507Z,drivers,drivers_by_observed_driver_number,"{""driver_number"": 11, ""session_key"": 11228}",0,http_429,"{""detail"":""Rate limit exceeded. Max 30 requests/minute."",""error"":""Too Many Requests""}",0.436
2026-09-14T01:12:47.679129Z,drivers,drivers_by_observed_driver_number,"{""driver_number"": 12, ""session_key"": 11228}",0,http_429,"{""detail"":""Rate limit exceeded. Max 30 requests/minute."",""error"":""Too Many Requests""}",0.441
2026-09-14T01:12:48.231943Z,drivers,drivers_by_observed_driver_number,"{""driver_number"": 14, ""session_key"": 11228}",0,http_429,"{""detail"":""Rate limit exceeded. Max 30 requests/minute."",""error"":""Too Many Requests""}",0.452
2026-09-14T01:12:48.770455Z,drivers,drivers_by_observed_driver_number,"{""driver_number"": 16, ""session_key"": 11228}",0,http_429,"{""detail"":""Rate limit exceeded. Max 30 requests/minute."",""error"":""Too Many Requests""}",0.437
2026-09-14T01:12:49.313289Z,drivers,drivers_by_observed_driver_number,"{""driver_number"": 18, ""session_key"": 11228}",0,http_429,"{""detail"":""Rate limit exceeded. Max 30 requests/minute."",""error"":""Too Many Requests""}",0.442
2026-09-14T01:12:49.872506Z,drivers,drivers_by_observed_driver_number,"{""driver_number"": 23, ""session_key"": 11228}",0,http_429,"{""detail"":""Rate limit exceeded. Max 30 requests/minute."",""error"":""Too Many Requests""}",0.458
2026-09-14T01:12:50.416201Z,drivers,drivers_by_observed_driver_number,"{""driver_number"": 27, ""session_key"": 11228}",0,http_429,"{""detail"":""Rate limit exceeded. Max 30 requests/minute."",""error"":""Too Many Requests""}",0.442
2026-09-14T01:12:50.985670Z,drivers,drivers_by_observed_driver_number,"{""driver_number"": 30, ""session_key"": 11228}",0,http_429,"{""detail"":""Rate limit exceeded. Max 30 requests/minute."",""error"":""Too Many Requests""}",0.468
2026-09-14T01:12:51.536238Z,drivers,drivers_by_observed_driver_number,"{""driver_number"": 31, ""session_key"": 11228}",0,http_429,"{""detail"":""Rate limit exceeded. Max 30 requests/minute."",""error"":""Too Many Requests""}",0.449
2026-09-14T01:12:52.076541Z,drivers,drivers_by_observed_driver_number,"{""driver_number"": 41, ""session_key"": 11228}",0,http_429,"{""detail"":""Rate limit exceeded. Max 30 requests/minute."",""error"":""Too Many Requests""}",0.439
2026-09-14T01:12:52.639563Z,drivers,drivers_by_observed_driver_number,"{""driver_number"": 43, ""session_key"": 11228}",0,http_429,"{""detail"":""Rate limit exceeded. Max 30 requests/minute."",""error"":""Too Many Requests""}",0.462
2026-09-14T01:12:53.187504Z,drivers,drivers_by_observed_driver_number,"{""driver_number"": 44, ""session_key"": 11228}",0,http_429,"{""detail"":""Rate limit exceeded. Max 30 requests/minute."",""error"":""Too Many Requests""}",0.447
2026-09-14T01:12:53.746637Z,drivers,drivers_by_observed_driver_number,"{""driver_number"": 55, ""session_key"": 11228}",0,http_429,"{""detail"":""Rate limit exceeded. Max 30 requests/minute."",""error"":""Too Many Requests""}",0.458
2026-09-14T01:12:54.286340Z,drivers,drivers_by_observed_driver_number,"{""driver_number"": 63, ""session_key"": 11228}",0,http_429,"{""detail"":""Rate limit exceeded. Max 30 requests/minute."",""error"":""Too Many Requests""}",0.438
2026-09-14T01:12:54.842995Z,drivers,drivers_by_observed_driver_number,"{""driver_number"": 77, ""session_key"": 11228}",0,http_429,"{""detail"":""Rate limit exceeded. Max 30 requests/minute."",""error"":""Too Many Requests""}",0.455
2026-09-14T01:12:55.385418Z,drivers,drivers_by_observed_driver_number,"{""driver_number"": 81, ""session_key"": 11228}",0,http_429,"{""detail"":""Rate limit exceeded. Max 30 requests/minute."",""error"":""Too Many Requests""}",0.441
2026-09-14T01:12:55.943579Z,drivers,drivers_by_observed_driver_number,"{""driver_number"": 87, ""session_key"": 11228}",0,http_429,"{""detail"":""Rate limit exceeded. Max 30 requests/minute."",""error"":""Too Many Requests""}",0.457
2026-09-14T01:12:56.490501Z,drivers,drivers_by_observed_driver_number,"{""driver_number"": 241, ""session_key"": 11228}",0,http_429,"{""detail"":""Rate limit exceeded. Max 30 requests/minute."",""error"":""Too Many Requests""}",0.446
2026-09-14T01:12:57.073139Z,drivers,drivers_by_observed_driver_number,"{""driver_number"": 243, ""session_key"": 11228}",0,http_429,"{""detail"":""Rate limit exceeded. Max 30 requests/minute."",""error"":""Too Many Requests""}",0.481
2026-09-14T01:12:57.626835Z,drivers,drivers_by_observed_driver_number,"{""driver_number"": 247, ""session_key"": 11228}",0,http_429,"{""detail"":""Rate limit exceeded. Max 30 requests/minute."",""error"":""Too Many Requests""}",0.452
2026-09-14T01:12:58.198821Z,team_radio,team_radio_by_session_key_opportunistic,"{""session_key"": 11228}",0,http_429,"{""detail"":""Rate limit exceeded. Max 30 requests/minute."",""error"":""Too Many Requests""}",0.47
2026-09-14T01:12:58.875844Z,weather,weather_by_session_key,"{""session_key"": 11229}",0,http_429,"{""detail"":""Rate limit exceeded. Max 30 requests/minute."",""error"":""Too Many Requests""}",0.576
2026-09-14T01:12:59.430110Z,race_control,race_control_by_session_key,"{""session_key"": 11229}",0,http_429,"{""detail"":""Rate limit exceeded. Max 30 requests/minute."",""error"":""Too Many Requests""}",0.453
2026-09-14T01:12:59.997456Z,intervals,intervals_by_session_key,"{""session_key"": 11229}",0,http_429,"{""detail"":""Rate limit exceeded. Max 30 requests/minute."",""error"":""Too Many Requests""}",0.466
2026-09-14T01:13:00.595586Z,position,position_by_session_key,"{""session_key"": 11229}",473,pass,,0.497
2026-09-14T01:13:01.180488Z,stints,stints_by_session_key,"{""session_key"": 11229}",78,pass,,0.483
2026-09-14T01:13:01.282496Z,pit,skip_non_race_like_session,"{""session_key"": 11229}",0,skipped_not_applicable,pit endpoint is only treated as required for race/sprint-like sessions,0.0
2026-09-14T01:13:01.725286Z,starting_grid,starting_grid_by_session_key,"{""session_key"": 11229}",0,http_404,"{""detail"":""No results found.""}",0.443
2026-09-14T01:13:02.277831Z,drivers,drivers_by_session_key,"{""session_key"": 11229}",22,pass,,0.451
2026-09-14T01:13:02.835983Z,team_radio,team_radio_by_session_key_opportunistic,"{""session_key"": 11229}",1,pass,,0.456
2026-09-14T01:13:03.411308Z,weather,weather_by_session_key,"{""session_key"": 11230}",95,pass,,0.473
2026-09-14T01:13:04.002788Z,race_control,race_control_by_session_key,"{""session_key"": 11230}",109,pass,,0.489
2026-09-14T01:13:04.553187Z,intervals,intervals_by_session_key,"{""session_key"": 11230}",0,http_404,"{""detail"":""No results found.""}",0.448
2026-09-14T01:13:05.313922Z,position,position_by_session_key,"{""session_key"": 11230}",1070,pass,,0.659
2026-09-14T01:13:05.944787Z,stints,stints_by_session_key,"{""session_key"": 11230}",99,pass,,0.529
2026-09-14T01:13:06.046763Z,pit,skip_non_race_like_session,"{""session_key"": 11230}",0,skipped_not_applicable,pit endpoint is only treated as required for race/sprint-like sessions,0.0
2026-09-14T01:13:06.577425Z,starting_grid,starting_grid_by_session_key,"{""session_key"": 11230}",22,pass,,0.531
2026-09-14T01:13:07.312467Z,drivers,drivers_by_session_key,"{""session_key"": 11230}",22,pass,,0.633
2026-09-14T01:13:08.000247Z,team_radio,team_radio_by_session_key_opportunistic,"{""session_key"": 11230}",0,http_404,"{""detail"":""No results found.""}",0.586
2026-09-14T01:13:08.905824Z,weather,weather_by_session_key,"{""session_key"": 11234}",148,pass,,0.804
2026-09-14T01:13:09.488841Z,race_control,race_control_by_session_key,"{""session_key"": 11234}",169,pass,,0.481
2026-09-14T01:13:12.481957Z,intervals,intervals_by_session_key,"{""session_key"": 11234}",22276,pass,,2.891
2026-09-14T01:13:13.110800Z,position,position_by_session_key,"{""session_key"": 11234}",531,pass,,0.524
2026-09-14T01:13:13.688394Z,stints,stints_by_session_key,"{""session_key"": 11234}",53,pass,,0.476
2026-09-14T01:13:14.538607Z,pit,pit_by_session_key,"{""session_key"": 11234}",36,pass,,0.748
2026-09-14T01:13:15.251721Z,starting_grid,starting_grid_by_session_key,"{""session_key"": 11234}",0,http_404,"{""detail"":""No results found.""}",0.611
2026-09-14T01:13:15.812796Z,drivers,drivers_by_session_key,"{""session_key"": 11234}",22,pass,,0.46
2026-09-14T01:13:16.364696Z,team_radio,team_radio_by_session_key_opportunistic,"{""session_key"": 11234}",0,http_404,"{""detail"":""No results found.""}",0.45
2026-09-14T01:13:16.955547Z,weather,weather_by_session_key,"{""session_key"": 11235}",84,pass,,0.489
2026-09-14T01:13:17.517449Z,race_control,race_control_by_session_key,"{""session_key"": 11235}",49,pass,,0.46
2026-09-14T01:13:18.239140Z,intervals,intervals_by_session_key,"{""session_key"": 11235}",0,http_404,"{""detail"":""No results found.""}",0.62
2026-09-14T01:13:18.810465Z,position,position_by_session_key,"{""session_key"": 11235}",779,pass,,0.47
2026-09-14T01:13:19.544360Z,stints,stints_by_session_key,"{""session_key"": 11235}",37,pass,,0.632
2026-09-14T01:13:19.646403Z,pit,skip_non_race_like_session,"{""session_key"": 11235}",0,skipped_not_applicable,pit endpoint is only treated as required for race/sprint-like sessions,0.0
2026-09-14T01:13:20.099657Z,starting_grid,starting_grid_by_session_key,"{""session_key"": 11235}",0,http_404,"{""detail"":""No results found.""}",0.453
2026-09-14T01:13:20.731920Z,drivers,drivers_by_session_key,"{""session_key"": 11235}",22,pass,,0.531
2026-09-14T01:13:21.302096Z,team_radio,team_radio_by_session_key_opportunistic,"{""session_key"": 11235}",0,http_404,"{""detail"":""No results found.""}",0.468
2026-09-14T01:13:21.855736Z,weather,weather_by_session_key,"{""session_key"": 11236}",0,http_429,"{""detail"":""Rate limit exceeded. Max 30 requests/minute."",""error"":""Too Many Requests""}",0.452
2026-09-14T01:13:22.424804Z,race_control,race_control_by_session_key,"{""session_key"": 11236}",0,http_429,"{""detail"":""Rate limit exceeded. Max 30 requests/minute."",""error"":""Too Many Requests""}",0.468
2026-09-14T01:13:22.973693Z,intervals,intervals_by_session_key,"{""session_key"": 11236}",0,http_429,"{""detail"":""Rate limit exceeded. Max 30 requests/minute."",""error"":""Too Many Requests""}",0.448
2026-09-14T01:13:23.532482Z,position,position_by_session_key,"{""session_key"": 11236}",0,http_429,"{""detail"":""Rate limit exceeded. Max 30 requests/minute."",""error"":""Too Many Requests""}",0.457
2026-09-14T01:13:24.086044Z,position,position_by_meeting_key_fallback,"{""meeting_key"": 1280}",0,http_429,"{""detail"":""Rate limit exceeded. Max 30 requests/minute."",""error"":""Too Many Requests""}",0.452
2026-09-14T01:13:24.625435Z,stints,stints_by_session_key,"{""session_key"": 11236}",0,http_429,"{""detail"":""Rate limit exceeded. Max 30 requests/minute."",""error"":""Too Many Requests""}",0.438
2026-09-14T01:13:25.175089Z,pit,pit_by_session_key,"{""session_key"": 11236}",0,http_429,"{""detail"":""Rate limit exceeded. Max 30 requests/minute."",""error"":""Too Many Requests""}",0.448
2026-09-14T01:13:25.723057Z,starting_grid,starting_grid_by_session_key,"{""session_key"": 11236}",0,http_429,"{""detail"":""Rate limit exceeded. Max 30 requests/minute."",""error"":""Too Many Requests""}",0.447
2026-09-14T01:13:26.262315Z,drivers,drivers_by_session_key,"{""session_key"": 11236}",0,http_429,"{""detail"":""Rate limit exceeded. Max 30 requests/minute."",""error"":""Too Many Requests""}",0.438
2026-09-14T01:13:26.830054Z,drivers,drivers_by_observed_driver_number,"{""driver_number"": 1, ""session_key"": 11236}",0,http_429,"{""detail"":""Rate limit exceeded. Max 30 requests/minute."",""error"":""Too Many Requests""}",0.461
2026-09-14T01:13:27.378154Z,drivers,drivers_by_observed_driver_number,"{""driver_number"": 3, ""session_key"": 11236}",0,http_429,"{""detail"":""Rate limit exceeded. Max 30 requests/minute."",""error"":""Too Many Requests""}",0.447
2026-09-14T01:13:27.932616Z,drivers,drivers_by_observed_driver_number,"{""driver_number"": 5, ""session_key"": 11236}",0,http_429,"{""detail"":""Rate limit exceeded. Max 30 requests/minute."",""error"":""Too Many Requests""}",0.453
2026-09-14T01:13:28.474260Z,drivers,drivers_by_observed_driver_number,"{""driver_number"": 6, ""session_key"": 11236}",0,http_429,"{""detail"":""Rate limit exceeded. Max 30 requests/minute."",""error"":""Too Many Requests""}",0.44
2026-09-14T01:13:29.024600Z,drivers,drivers_by_observed_driver_number,"{""driver_number"": 10, ""session_key"": 11236}",0,http_429,"{""detail"":""Rate limit exceeded. Max 30 requests/minute."",""error"":""Too Many Requests""}",0.449
2026-09-14T01:13:29.576850Z,drivers,drivers_by_observed_driver_number,"{""driver_number"": 11, ""session_key"": 11236}",0,http_429,"{""detail"":""Rate limit exceeded. Max 30 requests/minute."",""error"":""Too Many Requests""}",0.451
2026-09-14T01:13:30.122170Z,drivers,drivers_by_observed_driver_number,"{""driver_number"": 12, ""session_key"": 11236}",0,http_429,"{""detail"":""Rate limit exceeded. Max 30 requests/minute."",""error"":""Too Many Requests""}",0.444
2026-09-14T01:13:30.697135Z,drivers,drivers_by_observed_driver_number,"{""driver_number"": 14, ""session_key"": 11236}",0,http_429,"{""detail"":""Rate limit exceeded. Max 30 requests/minute."",""error"":""Too Many Requests""}",0.474
2026-09-14T01:13:31.259501Z,drivers,drivers_by_observed_driver_number,"{""driver_number"": 16, ""session_key"": 11236}",0,http_429,"{""detail"":""Rate limit exceeded. Max 30 requests/minute."",""error"":""Too Many Requests""}",0.461
2026-09-14T01:13:31.805759Z,drivers,drivers_by_observed_driver_number,"{""driver_number"": 18, ""session_key"": 11236}",0,http_429,"{""detail"":""Rate limit exceeded. Max 30 requests/minute."",""error"":""Too Many Requests""}",0.445
2026-09-14T01:13:32.346782Z,drivers,drivers_by_observed_driver_number,"{""driver_number"": 23, ""session_key"": 11236}",0,http_429,"{""detail"":""Rate limit exceeded. Max 30 requests/minute."",""error"":""Too Many Requests""}",0.44
2026-09-14T01:13:32.892523Z,drivers,drivers_by_observed_driver_number,"{""driver_number"": 27, ""session_key"": 11236}",0,http_429,"{""detail"":""Rate limit exceeded. Max 30 requests/minute."",""error"":""Too Many Requests""}",0.445
2026-09-14T01:13:33.429905Z,drivers,drivers_by_observed_driver_number,"{""driver_number"": 30, ""session_key"": 11236}",0,http_429,"{""detail"":""Rate limit exceeded. Max 30 requests/minute."",""error"":""Too Many Requests""}",0.436
2026-09-14T01:13:33.982304Z,drivers,drivers_by_observed_driver_number,"{""driver_number"": 31, ""session_key"": 11236}",0,http_429,"{""detail"":""Rate limit exceeded. Max 30 requests/minute."",""error"":""Too Many Requests""}",0.451
2026-09-14T01:13:34.538657Z,drivers,drivers_by_observed_driver_number,"{""driver_number"": 41, ""session_key"": 11236}",0,http_429,"{""detail"":""Rate limit exceeded. Max 30 requests/minute."",""error"":""Too Many Requests""}",0.455
2026-09-14T01:13:35.100544Z,drivers,drivers_by_observed_driver_number,"{""driver_number"": 43, ""session_key"": 11236}",0,http_429,"{""detail"":""Rate limit exceeded. Max 30 requests/minute."",""error"":""Too Many Requests""}",0.461
2026-09-14T01:13:35.645663Z,drivers,drivers_by_observed_driver_number,"{""driver_number"": 44, ""session_key"": 11236}",0,http_429,"{""detail"":""Rate limit exceeded. Max 30 requests/minute."",""error"":""Too Many Requests""}",0.444
2026-09-14T01:13:36.195188Z,drivers,drivers_by_observed_driver_number,"{""driver_number"": 55, ""session_key"": 11236}",0,http_429,"{""detail"":""Rate limit exceeded. Max 30 requests/minute."",""error"":""Too Many Requests""}",0.448
2026-09-14T01:13:36.751639Z,drivers,drivers_by_observed_driver_number,"{""driver_number"": 63, ""session_key"": 11236}",0,http_429,"{""detail"":""Rate limit exceeded. Max 30 requests/minute."",""error"":""Too Many Requests""}",0.455
2026-09-14T01:13:37.285360Z,drivers,drivers_by_observed_driver_number,"{""driver_number"": 77, ""session_key"": 11236}",0,http_429,"{""detail"":""Rate limit exceeded. Max 30 requests/minute."",""error"":""Too Many Requests""}",0.432
2026-09-14T01:13:37.869268Z,drivers,drivers_by_observed_driver_number,"{""driver_number"": 81, ""session_key"": 11236}",0,http_429,"{""detail"":""Rate limit exceeded. Max 30 requests/minute."",""error"":""Too Many Requests""}",0.483
2026-09-14T01:13:38.435934Z,drivers,drivers_by_observed_driver_number,"{""driver_number"": 87, ""session_key"": 11236}",0,http_429,"{""detail"":""Rate limit exceeded. Max 30 requests/minute."",""error"":""Too Many Requests""}",0.465
2026-09-14T01:13:38.978449Z,drivers,drivers_by_observed_driver_number,"{""driver_number"": 241, ""session_key"": 11236}",0,http_429,"{""detail"":""Rate limit exceeded. Max 30 requests/minute."",""error"":""Too Many Requests""}",0.441
2026-09-14T01:13:39.521288Z,drivers,drivers_by_observed_driver_number,"{""driver_number"": 243, ""session_key"": 11236}",0,http_429,"{""detail"":""Rate limit exceeded. Max 30 requests/minute."",""error"":""Too Many Requests""}",0.442
2026-09-14T01:13:40.071101Z,drivers,drivers_by_observed_driver_number,"{""driver_number"": 247, ""session_key"": 11236}",0,http_429,"{""detail"":""Rate limit exceeded. Max 30 requests/minute."",""error"":""Too Many Requests""}",0.449
2026-09-14T01:13:40.617469Z,team_radio,team_radio_by_session_key_opportunistic,"{""session_key"": 11236}",0,http_429,"{""detail"":""Rate limit exceeded. Max 30 requests/minute."",""error"":""Too Many Requests""}",0.445
2026-09-14T01:13:41.165063Z,weather,weather_by_session_key,"{""session_key"": 11240}",0,http_429,"{""detail"":""Rate limit exceeded. Max 30 requests/minute."",""error"":""Too Many Requests""}",0.446
2026-09-14T01:13:41.718608Z,race_control,race_control_by_session_key,"{""session_key"": 11240}",0,http_429,"{""detail"":""Rate limit exceeded. Max 30 requests/minute."",""error"":""Too Many Requests""}",0.452
2026-09-14T01:13:42.273755Z,intervals,intervals_by_session_key,"{""session_key"": 11240}",0,http_429,"{""detail"":""Rate limit exceeded. Max 30 requests/minute."",""error"":""Too Many Requests""}",0.454
2026-09-14T01:13:42.822794Z,position,position_by_session_key,"{""session_key"": 11240}",0,http_429,"{""detail"":""Rate limit exceeded. Max 30 requests/minute."",""error"":""Too Many Requests""}",0.448
2026-09-14T01:13:43.370532Z,position,position_by_meeting_key_fallback,"{""meeting_key"": 1280}",0,http_429,"{""detail"":""Rate limit exceeded. Max 30 requests/minute."",""error"":""Too Many Requests""}",0.447
2026-09-14T01:13:43.927562Z,stints,stints_by_session_key,"{""session_key"": 11240}",0,http_429,"{""detail"":""Rate limit exceeded. Max 30 requests/minute."",""error"":""Too Many Requests""}",0.456
2026-09-14T01:13:44.485973Z,pit,pit_by_session_key,"{""session_key"": 11240}",0,http_429,"{""detail"":""Rate limit exceeded. Max 30 requests/minute."",""error"":""Too Many Requests""}",0.457
2026-09-14T01:13:45.030584Z,starting_grid,starting_grid_by_session_key,"{""session_key"": 11240}",0,http_429,"{""detail"":""Rate limit exceeded. Max 30 requests/minute."",""error"":""Too Many Requests""}",0.443
2026-09-14T01:13:45.583090Z,drivers,drivers_by_session_key,"{""session_key"": 11240}",0,http_429,"{""detail"":""Rate limit exceeded. Max 30 requests/minute."",""error"":""Too Many Requests""}",0.451
2026-09-14T01:13:46.144644Z,drivers,drivers_by_observed_driver_number,"{""driver_number"": 1, ""session_key"": 11240}",0,http_429,"{""detail"":""Rate limit exceeded. Max 30 requests/minute."",""error"":""Too Many Requests""}",0.455
2026-09-14T01:13:46.686911Z,drivers,drivers_by_observed_driver_number,"{""driver_number"": 3, ""session_key"": 11240}",0,http_429,"{""detail"":""Rate limit exceeded. Max 30 requests/minute."",""error"":""Too Many Requests""}",0.441
2026-09-14T01:13:47.233073Z,drivers,drivers_by_observed_driver_number,"{""driver_number"": 5, ""session_key"": 11240}",0,http_429,"{""detail"":""Rate limit exceeded. Max 30 requests/minute."",""error"":""Too Many Requests""}",0.445
2026-09-14T01:13:47.781764Z,drivers,drivers_by_observed_driver_number,"{""driver_number"": 6, ""session_key"": 11240}",0,http_429,"{""detail"":""Rate limit exceeded. Max 30 requests/minute."",""error"":""Too Many Requests""}",0.447
2026-09-14T01:13:48.344927Z,drivers,drivers_by_observed_driver_number,"{""driver_number"": 10, ""session_key"": 11240}",0,http_429,"{""detail"":""Rate limit exceeded. Max 30 requests/minute."",""error"":""Too Many Requests""}",0.462
2026-09-14T01:13:48.902221Z,drivers,drivers_by_observed_driver_number,"{""driver_number"": 11, ""session_key"": 11240}",0,http_429,"{""detail"":""Rate limit exceeded. Max 30 requests/minute."",""error"":""Too Many Requests""}",0.456
2026-09-14T01:13:49.443341Z,drivers,drivers_by_observed_driver_number,"{""driver_number"": 12, ""session_key"": 11240}",0,http_429,"{""detail"":""Rate limit exceeded. Max 30 requests/minute."",""error"":""Too Many Requests""}",0.44
2026-09-14T01:13:49.980026Z,drivers,drivers_by_observed_driver_number,"{""driver_number"": 14, ""session_key"": 11240}",0,http_429,"{""detail"":""Rate limit exceeded. Max 30 requests/minute."",""error"":""Too Many Requests""}",0.435
2026-09-14T01:13:50.525520Z,drivers,drivers_by_observed_driver_number,"{""driver_number"": 16, ""session_key"": 11240}",0,http_429,"{""detail"":""Rate limit exceeded. Max 30 requests/minute."",""error"":""Too Many Requests""}",0.444
2026-09-14T01:13:51.078570Z,drivers,drivers_by_observed_driver_number,"{""driver_number"": 18, ""session_key"": 11240}",0,http_429,"{""detail"":""Rate limit exceeded. Max 30 requests/minute."",""error"":""Too Many Requests""}",0.452
2026-09-14T01:13:51.621128Z,drivers,drivers_by_observed_driver_number,"{""driver_number"": 23, ""session_key"": 11240}",0,http_429,"{""detail"":""Rate limit exceeded. Max 30 requests/minute."",""error"":""Too Many Requests""}",0.441
2026-09-14T01:13:52.170394Z,drivers,drivers_by_observed_driver_number,"{""driver_number"": 27, ""session_key"": 11240}",0,http_429,"{""detail"":""Rate limit exceeded. Max 30 requests/minute."",""error"":""Too Many Requests""}",0.448
2026-09-14T01:13:52.717016Z,drivers,drivers_by_observed_driver_number,"{""driver_number"": 30, ""session_key"": 11240}",0,http_429,"{""detail"":""Rate limit exceeded. Max 30 requests/minute."",""error"":""Too Many Requests""}",0.445
2026-09-14T01:13:53.259071Z,drivers,drivers_by_observed_driver_number,"{""driver_number"": 31, ""session_key"": 11240}",0,http_429,"{""detail"":""Rate limit exceeded. Max 30 requests/minute."",""error"":""Too Many Requests""}",0.441
2026-09-14T01:13:53.814757Z,drivers,drivers_by_observed_driver_number,"{""driver_number"": 41, ""session_key"": 11240}",0,http_429,"{""detail"":""Rate limit exceeded. Max 30 requests/minute."",""error"":""Too Many Requests""}",0.454
2026-09-14T01:13:54.359769Z,drivers,drivers_by_observed_driver_number,"{""driver_number"": 43, ""session_key"": 11240}",0,http_429,"{""detail"":""Rate limit exceeded. Max 30 requests/minute."",""error"":""Too Many Requests""}",0.444
2026-09-14T01:13:54.901563Z,drivers,drivers_by_observed_driver_number,"{""driver_number"": 44, ""session_key"": 11240}",0,http_429,"{""detail"":""Rate limit exceeded. Max 30 requests/minute."",""error"":""Too Many Requests""}",0.441
2026-09-14T01:13:55.451020Z,drivers,drivers_by_observed_driver_number,"{""driver_number"": 55, ""session_key"": 11240}",0,http_429,"{""detail"":""Rate limit exceeded. Max 30 requests/minute."",""error"":""Too Many Requests""}",0.448
2026-09-14T01:13:56.006102Z,drivers,drivers_by_observed_driver_number,"{""driver_number"": 63, ""session_key"": 11240}",0,http_429,"{""detail"":""Rate limit exceeded. Max 30 requests/minute."",""error"":""Too Many Requests""}",0.454
2026-09-14T01:13:56.558358Z,drivers,drivers_by_observed_driver_number,"{""driver_number"": 77, ""session_key"": 11240}",0,http_429,"{""detail"":""Rate limit exceeded. Max 30 requests/minute."",""error"":""Too Many Requests""}",0.451
2026-09-14T01:13:57.097958Z,drivers,drivers_by_observed_driver_number,"{""driver_number"": 81, ""session_key"": 11240}",0,http_429,"{""detail"":""Rate limit exceeded. Max 30 requests/minute."",""error"":""Too Many Requests""}",0.438
2026-09-14T01:13:57.639002Z,drivers,drivers_by_observed_driver_number,"{""driver_number"": 87, ""session_key"": 11240}",0,http_429,"{""detail"":""Rate limit exceeded. Max 30 requests/minute."",""error"":""Too Many Requests""}",0.44
2026-09-14T01:13:58.194044Z,drivers,drivers_by_observed_driver_number,"{""driver_number"": 241, ""session_key"": 11240}",0,http_429,"{""detail"":""Rate limit exceeded. Max 30 requests/minute."",""error"":""Too Many Requests""}",0.454
2026-09-14T01:13:58.742036Z,drivers,drivers_by_observed_driver_number,"{""driver_number"": 243, ""session_key"": 11240}",0,http_429,"{""detail"":""Rate limit exceeded. Max 30 requests/minute."",""error"":""Too Many Requests""}",0.447
2026-09-14T01:13:59.287585Z,drivers,drivers_by_observed_driver_number,"{""driver_number"": 247, ""session_key"": 11240}",0,http_429,"{""detail"":""Rate limit exceeded. Max 30 requests/minute."",""error"":""Too Many Requests""}",0.444
2026-09-14T01:13:59.830646Z,team_radio,team_radio_by_session_key_opportunistic,"{""session_key"": 11240}",0,http_429,"{""detail"":""Rate limit exceeded. Max 30 requests/minute."",""error"":""Too Many Requests""}",0.442
2026-09-14T01:14:00.385108Z,weather,weather_by_session_key,"{""session_key"": 11241}",79,pass,,0.453
2026-09-14T01:14:00.960460Z,race_control,race_control_by_session_key,"{""session_key"": 11241}",47,pass,,0.473
2026-09-14T01:14:01.526498Z,intervals,intervals_by_session_key,"{""session_key"": 11241}",0,http_404,"{""detail"":""No results found.""}",0.464
2026-09-14T01:14:02.188344Z,position,position_by_session_key,"{""session_key"": 11241}",922,pass,,0.56
2026-09-14T01:14:02.748736Z,stints,stints_by_session_key,"{""session_key"": 11241}",42,pass,,0.458
2026-09-14T01:14:02.850787Z,pit,skip_non_race_like_session,"{""session_key"": 11241}",0,skipped_not_applicable,pit endpoint is only treated as required for race/sprint-like sessions,0.0
2026-09-14T01:14:03.317739Z,starting_grid,starting_grid_by_session_key,"{""session_key"": 11241}",22,pass,,0.467
2026-09-14T01:14:03.866613Z,drivers,drivers_by_session_key,"{""session_key"": 11241}",22,pass,,0.447
2026-09-14T01:14:04.409615Z,team_radio,team_radio_by_session_key_opportunistic,"{""session_key"": 11241}",0,http_404,"{""detail"":""No results found.""}",0.441
2026-09-14T01:14:04.973090Z,weather,weather_by_session_key,"{""session_key"": 11245}",152,pass,,0.462
2026-09-14T01:14:05.528723Z,race_control,race_control_by_session_key,"{""session_key"": 11245}",88,pass,,0.454
2026-09-14T01:14:07.647720Z,intervals,intervals_by_session_key,"{""session_key"": 11245}",20663,pass,,2.017
2026-09-14T01:14:08.251006Z,position,position_by_session_key,"{""session_key"": 11245}",524,pass,,0.498
2026-09-14T01:14:08.812083Z,stints,stints_by_session_key,"{""session_key"": 11245}",41,pass,,0.459
2026-09-14T01:14:09.365420Z,pit,pit_by_session_key,"{""session_key"": 11245}",19,pass,,0.451
2026-09-14T01:14:09.916388Z,starting_grid,starting_grid_by_session_key,"{""session_key"": 11245}",0,http_404,"{""detail"":""No results found.""}",0.449
2026-09-14T01:14:10.482636Z,drivers,drivers_by_session_key,"{""session_key"": 11245}",22,pass,,0.465
2026-09-14T01:14:11.041071Z,team_radio,team_radio_by_session_key_opportunistic,"{""session_key"": 11245}",0,http_404,"{""detail"":""No results found.""}",0.456
2026-09-14T01:14:11.639903Z,weather,weather_by_session_key,"{""session_key"": 11246}",83,pass,,0.497
2026-09-14T01:14:13.060075Z,race_control,race_control_by_session_key,"{""session_key"": 11246}",68,pass,,1.318
2026-09-14T01:14:13.615448Z,intervals,intervals_by_session_key,"{""session_key"": 11246}",0,http_404,"{""detail"":""No results found.""}",0.453
2026-09-14T01:14:14.222656Z,position,position_by_session_key,"{""session_key"": 11246}",709,pass,,0.506
2026-09-14T01:14:16.520575Z,stints,stints_by_session_key,"{""session_key"": 11246}",94,pass,,2.196
2026-09-14T01:14:16.622515Z,pit,skip_non_race_like_session,"{""session_key"": 11246}",0,skipped_not_applicable,pit endpoint is only treated as required for race/sprint-like sessions,0.0
2026-09-14T01:14:17.169816Z,starting_grid,starting_grid_by_session_key,"{""session_key"": 11246}",0,http_404,"{""detail"":""No results found.""}",0.547
2026-09-14T01:14:17.756374Z,drivers,drivers_by_session_key,"{""session_key"": 11246}",22,pass,,0.485
2026-09-14T01:14:18.314296Z,team_radio,team_radio_by_session_key_opportunistic,"{""session_key"": 11246}",0,http_404,"{""detail"":""No results found.""}",0.456
2026-09-14T01:14:18.888746Z,weather,weather_by_session_key,"{""session_key"": 11247}",85,pass,,0.473
2026-09-14T01:14:19.456514Z,race_control,race_control_by_session_key,"{""session_key"": 11247}",66,pass,,0.466
2026-09-14T01:14:20.033286Z,intervals,intervals_by_session_key,"{""session_key"": 11247}",0,http_404,"{""detail"":""No results found.""}",0.475
2026-09-14T01:14:20.611178Z,position,position_by_session_key,"{""session_key"": 11247}",576,pass,,0.477
2026-09-14T01:14:21.176634Z,stints,stints_by_session_key,"{""session_key"": 11247}",89,pass,,0.463
2026-09-14T01:14:21.278628Z,pit,skip_non_race_like_session,"{""session_key"": 11247}",0,skipped_not_applicable,pit endpoint is only treated as required for race/sprint-like sessions,0.0
2026-09-14T01:14:21.712774Z,starting_grid,starting_grid_by_session_key,"{""session_key"": 11247}",0,http_429,"{""detail"":""Rate limit exceeded. Max 30 requests/minute."",""error"":""Too Many Requests""}",0.434
2026-09-14T01:14:22.258576Z,drivers,drivers_by_session_key,"{""session_key"": 11247}",0,http_429,"{""detail"":""Rate limit exceeded. Max 30 requests/minute."",""error"":""Too Many Requests""}",0.445
2026-09-14T01:14:22.822338Z,drivers,drivers_by_observed_driver_number,"{""driver_number"": 1, ""session_key"": 11247}",0,http_429,"{""detail"":""Rate limit exceeded. Max 30 requests/minute."",""error"":""Too Many Requests""}",0.455
2026-09-14T01:14:23.379416Z,drivers,drivers_by_observed_driver_number,"{""driver_number"": 3, ""session_key"": 11247}",0,http_429,"{""detail"":""Rate limit exceeded. Max 30 requests/minute."",""error"":""Too Many Requests""}",0.456
2026-09-14T01:14:23.927367Z,drivers,drivers_by_observed_driver_number,"{""driver_number"": 5, ""session_key"": 11247}",0,http_429,"{""detail"":""Rate limit exceeded. Max 30 requests/minute."",""error"":""Too Many Requests""}",0.447
2026-09-14T01:14:24.503392Z,drivers,drivers_by_observed_driver_number,"{""driver_number"": 6, ""session_key"": 11247}",0,http_429,"{""detail"":""Rate limit exceeded. Max 30 requests/minute."",""error"":""Too Many Requests""}",0.475
2026-09-14T01:14:25.128404Z,drivers,drivers_by_observed_driver_number,"{""driver_number"": 10, ""session_key"": 11247}",0,http_429,"{""detail"":""Rate limit exceeded. Max 30 requests/minute."",""error"":""Too Many Requests""}",0.524
2026-09-14T01:14:25.698185Z,drivers,drivers_by_observed_driver_number,"{""driver_number"": 11, ""session_key"": 11247}",0,http_429,"{""detail"":""Rate limit exceeded. Max 30 requests/minute."",""error"":""Too Many Requests""}",0.469
2026-09-14T01:14:26.271167Z,drivers,drivers_by_observed_driver_number,"{""driver_number"": 12, ""session_key"": 11247}",0,http_429,"{""detail"":""Rate limit exceeded. Max 30 requests/minute."",""error"":""Too Many Requests""}",0.472
2026-09-14T01:14:26.817015Z,drivers,drivers_by_observed_driver_number,"{""driver_number"": 14, ""session_key"": 11247}",0,http_429,"{""detail"":""Rate limit exceeded. Max 30 requests/minute."",""error"":""Too Many Requests""}",0.445
2026-09-14T01:14:27.365283Z,drivers,drivers_by_observed_driver_number,"{""driver_number"": 16, ""session_key"": 11247}",0,http_429,"{""detail"":""Rate limit exceeded. Max 30 requests/minute."",""error"":""Too Many Requests""}",0.447
2026-09-14T01:14:27.931029Z,drivers,drivers_by_observed_driver_number,"{""driver_number"": 18, ""session_key"": 11247}",0,http_429,"{""detail"":""Rate limit exceeded. Max 30 requests/minute."",""error"":""Too Many Requests""}",0.464
2026-09-14T01:14:28.520943Z,drivers,drivers_by_observed_driver_number,"{""driver_number"": 23, ""session_key"": 11247}",0,http_429,"{""detail"":""Rate limit exceeded. Max 30 requests/minute."",""error"":""Too Many Requests""}",0.489
2026-09-14T01:14:29.062819Z,drivers,drivers_by_observed_driver_number,"{""driver_number"": 27, ""session_key"": 11247}",0,http_429,"{""detail"":""Rate limit exceeded. Max 30 requests/minute."",""error"":""Too Many Requests""}",0.441
2026-09-14T01:14:29.614272Z,drivers,drivers_by_observed_driver_number,"{""driver_number"": 30, ""session_key"": 11247}",0,http_429,"{""detail"":""Rate limit exceeded. Max 30 requests/minute."",""error"":""Too Many Requests""}",0.45
2026-09-14T01:14:30.164176Z,drivers,drivers_by_observed_driver_number,"{""driver_number"": 31, ""session_key"": 11247}",0,http_429,"{""detail"":""Rate limit exceeded. Max 30 requests/minute."",""error"":""Too Many Requests""}",0.449
2026-09-14T01:14:30.700860Z,drivers,drivers_by_observed_driver_number,"{""driver_number"": 34, ""session_key"": 11247}",0,http_429,"{""detail"":""Rate limit exceeded. Max 30 requests/minute."",""error"":""Too Many Requests""}",0.435
2026-09-14T01:14:31.242693Z,drivers,drivers_by_observed_driver_number,"{""driver_number"": 41, ""session_key"": 11247}",0,http_429,"{""detail"":""Rate limit exceeded. Max 30 requests/minute."",""error"":""Too Many Requests""}",0.441
2026-09-14T01:14:31.782367Z,drivers,drivers_by_observed_driver_number,"{""driver_number"": 43, ""session_key"": 11247}",0,http_429,"{""detail"":""Rate limit exceeded. Max 30 requests/minute."",""error"":""Too Many Requests""}",0.438
2026-09-14T01:14:32.339576Z,drivers,drivers_by_observed_driver_number,"{""driver_number"": 44, ""session_key"": 11247}",0,http_429,"{""detail"":""Rate limit exceeded. Max 30 requests/minute."",""error"":""Too Many Requests""}",0.456
2026-09-14T01:14:32.906338Z,drivers,drivers_by_observed_driver_number,"{""driver_number"": 55, ""session_key"": 11247}",0,http_429,"{""detail"":""Rate limit exceeded. Max 30 requests/minute."",""error"":""Too Many Requests""}",0.465
2026-09-14T01:14:33.475985Z,drivers,drivers_by_observed_driver_number,"{""driver_number"": 63, ""session_key"": 11247}",0,http_429,"{""detail"":""Rate limit exceeded. Max 30 requests/minute."",""error"":""Too Many Requests""}",0.468
2026-09-14T01:14:34.016480Z,drivers,drivers_by_observed_driver_number,"{""driver_number"": 77, ""session_key"": 11247}",0,http_429,"{""detail"":""Rate limit exceeded. Max 30 requests/minute."",""error"":""Too Many Requests""}",0.439
2026-09-14T01:14:34.571628Z,drivers,drivers_by_observed_driver_number,"{""driver_number"": 81, ""session_key"": 11247}",0,http_429,"{""detail"":""Rate limit exceeded. Max 30 requests/minute."",""error"":""Too Many Requests""}",0.454
2026-09-14T01:14:35.120361Z,drivers,drivers_by_observed_driver_number,"{""driver_number"": 87, ""session_key"": 11247}",0,http_429,"{""detail"":""Rate limit exceeded. Max 30 requests/minute."",""error"":""Too Many Requests""}",0.447
2026-09-14T01:14:35.703816Z,drivers,drivers_by_observed_driver_number,"{""driver_number"": 241, ""session_key"": 11247}",0,http_429,"{""detail"":""Rate limit exceeded. Max 30 requests/minute."",""error"":""Too Many Requests""}",0.482
2026-09-14T01:14:36.242598Z,drivers,drivers_by_observed_driver_number,"{""driver_number"": 243, ""session_key"": 11247}",0,http_429,"{""detail"":""Rate limit exceeded. Max 30 requests/minute."",""error"":""Too Many Requests""}",0.438
2026-09-14T01:14:36.795272Z,drivers,drivers_by_observed_driver_number,"{""driver_number"": 247, ""session_key"": 11247}",0,http_429,"{""detail"":""Rate limit exceeded. Max 30 requests/minute."",""error"":""Too Many Requests""}",0.451
2026-09-14T01:14:37.345796Z,team_radio,team_radio_by_session_key_opportunistic,"{""session_key"": 11247}",0,http_429,"{""detail"":""Rate limit exceeded. Max 30 requests/minute."",""error"":""Too Many Requests""}",0.449
2026-09-14T01:14:37.895898Z,weather,weather_by_session_key,"{""session_key"": 11248}",0,http_429,"{""detail"":""Rate limit exceeded. Max 30 requests/minute."",""error"":""Too Many Requests""}",0.449
2026-09-14T01:14:38.443073Z,race_control,race_control_by_session_key,"{""session_key"": 11248}",0,http_429,"{""detail"":""Rate limit exceeded. Max 30 requests/minute."",""error"":""Too Many Requests""}",0.446
2026-09-14T01:14:38.998243Z,intervals,intervals_by_session_key,"{""session_key"": 11248}",0,http_429,"{""detail"":""Rate limit exceeded. Max 30 requests/minute."",""error"":""Too Many Requests""}",0.454
2026-09-14T01:14:39.563422Z,position,position_by_session_key,"{""session_key"": 11248}",0,http_429,"{""detail"":""Rate limit exceeded. Max 30 requests/minute."",""error"":""Too Many Requests""}",0.464
2026-09-14T01:14:40.111656Z,position,position_by_meeting_key_fallback,"{""meeting_key"": 1281}",0,http_429,"{""detail"":""Rate limit exceeded. Max 30 requests/minute."",""error"":""Too Many Requests""}",0.447
2026-09-14T01:14:40.668573Z,stints,stints_by_session_key,"{""session_key"": 11248}",0,http_429,"{""detail"":""Rate limit exceeded. Max 30 requests/minute."",""error"":""Too Many Requests""}",0.456
2026-09-14T01:14:40.770030Z,pit,skip_non_race_like_session,"{""session_key"": 11248}",0,skipped_not_applicable,pit endpoint is only treated as required for race/sprint-like sessions,0.0
2026-09-14T01:14:41.213260Z,starting_grid,starting_grid_by_session_key,"{""session_key"": 11248}",0,http_429,"{""detail"":""Rate limit exceeded. Max 30 requests/minute."",""error"":""Too Many Requests""}",0.443
2026-09-14T01:14:41.762055Z,drivers,drivers_by_session_key,"{""session_key"": 11248}",0,http_429,"{""detail"":""Rate limit exceeded. Max 30 requests/minute."",""error"":""Too Many Requests""}",0.447
2026-09-14T01:14:42.327469Z,drivers,drivers_by_observed_driver_number,"{""driver_number"": 1, ""session_key"": 11248}",0,http_429,"{""detail"":""Rate limit exceeded. Max 30 requests/minute."",""error"":""Too Many Requests""}",0.457
2026-09-14T01:14:42.871003Z,drivers,drivers_by_observed_driver_number,"{""driver_number"": 3, ""session_key"": 11248}",0,http_429,"{""detail"":""Rate limit exceeded. Max 30 requests/minute."",""error"":""Too Many Requests""}",0.442
2026-09-14T01:14:43.415709Z,drivers,drivers_by_observed_driver_number,"{""driver_number"": 5, ""session_key"": 11248}",0,http_429,"{""detail"":""Rate limit exceeded. Max 30 requests/minute."",""error"":""Too Many Requests""}",0.443
2026-09-14T01:14:43.954924Z,drivers,drivers_by_observed_driver_number,"{""driver_number"": 6, ""session_key"": 11248}",0,http_429,"{""detail"":""Rate limit exceeded. Max 30 requests/minute."",""error"":""Too Many Requests""}",0.438
2026-09-14T01:14:44.494578Z,drivers,drivers_by_observed_driver_number,"{""driver_number"": 10, ""session_key"": 11248}",0,http_429,"{""detail"":""Rate limit exceeded. Max 30 requests/minute."",""error"":""Too Many Requests""}",0.438
2026-09-14T01:14:45.042571Z,drivers,drivers_by_observed_driver_number,"{""driver_number"": 11, ""session_key"": 11248}",0,http_429,"{""detail"":""Rate limit exceeded. Max 30 requests/minute."",""error"":""Too Many Requests""}",0.447
2026-09-14T01:14:45.587134Z,drivers,drivers_by_observed_driver_number,"{""driver_number"": 12, ""session_key"": 11248}",0,http_429,"{""detail"":""Rate limit exceeded. Max 30 requests/minute."",""error"":""Too Many Requests""}",0.443
2026-09-14T01:14:46.136479Z,drivers,drivers_by_observed_driver_number,"{""driver_number"": 14, ""session_key"": 11248}",0,http_429,"{""detail"":""Rate limit exceeded. Max 30 requests/minute."",""error"":""Too Many Requests""}",0.448
2026-09-14T01:14:46.695160Z,drivers,drivers_by_observed_driver_number,"{""driver_number"": 16, ""session_key"": 11248}",0,http_429,"{""detail"":""Rate limit exceeded. Max 30 requests/minute."",""error"":""Too Many Requests""}",0.458
2026-09-14T01:14:47.239809Z,drivers,drivers_by_observed_driver_number,"{""driver_number"": 18, ""session_key"": 11248}",0,http_429,"{""detail"":""Rate limit exceeded. Max 30 requests/minute."",""error"":""Too Many Requests""}",0.443
2026-09-14T01:14:47.788194Z,drivers,drivers_by_observed_driver_number,"{""driver_number"": 23, ""session_key"": 11248}",0,http_429,"{""detail"":""Rate limit exceeded. Max 30 requests/minute."",""error"":""Too Many Requests""}",0.447
2026-09-14T01:14:48.347281Z,drivers,drivers_by_observed_driver_number,"{""driver_number"": 27, ""session_key"": 11248}",0,http_429,"{""detail"":""Rate limit exceeded. Max 30 requests/minute."",""error"":""Too Many Requests""}",0.458
2026-09-14T01:14:48.887179Z,drivers,drivers_by_observed_driver_number,"{""driver_number"": 30, ""session_key"": 11248}",0,http_429,"{""detail"":""Rate limit exceeded. Max 30 requests/minute."",""error"":""Too Many Requests""}",0.439
2026-09-14T01:14:49.447730Z,drivers,drivers_by_observed_driver_number,"{""driver_number"": 31, ""session_key"": 11248}",0,http_429,"{""detail"":""Rate limit exceeded. Max 30 requests/minute."",""error"":""Too Many Requests""}",0.459
2026-09-14T01:14:49.988783Z,drivers,drivers_by_observed_driver_number,"{""driver_number"": 34, ""session_key"": 11248}",0,http_429,"{""detail"":""Rate limit exceeded. Max 30 requests/minute."",""error"":""Too Many Requests""}",0.44
2026-09-14T01:14:50.527810Z,drivers,drivers_by_observed_driver_number,"{""driver_number"": 41, ""session_key"": 11248}",0,http_429,"{""detail"":""Rate limit exceeded. Max 30 requests/minute."",""error"":""Too Many Requests""}",0.438
2026-09-14T01:14:51.067896Z,drivers,drivers_by_observed_driver_number,"{""driver_number"": 43, ""session_key"": 11248}",0,http_429,"{""detail"":""Rate limit exceeded. Max 30 requests/minute."",""error"":""Too Many Requests""}",0.439
2026-09-14T01:14:51.626161Z,drivers,drivers_by_observed_driver_number,"{""driver_number"": 44, ""session_key"": 11248}",0,http_429,"{""detail"":""Rate limit exceeded. Max 30 requests/minute."",""error"":""Too Many Requests""}",0.457
2026-09-14T01:14:52.170732Z,drivers,drivers_by_observed_driver_number,"{""driver_number"": 55, ""session_key"": 11248}",0,http_429,"{""detail"":""Rate limit exceeded. Max 30 requests/minute."",""error"":""Too Many Requests""}",0.443
2026-09-14T01:14:52.720357Z,drivers,drivers_by_observed_driver_number,"{""driver_number"": 63, ""session_key"": 11248}",0,http_429,"{""detail"":""Rate limit exceeded. Max 30 requests/minute."",""error"":""Too Many Requests""}",0.448
2026-09-14T01:14:53.294028Z,drivers,drivers_by_observed_driver_number,"{""driver_number"": 77, ""session_key"": 11248}",0,http_429,"{""detail"":""Rate limit exceeded. Max 30 requests/minute."",""error"":""Too Many Requests""}",0.472
2026-09-14T01:14:53.852687Z,drivers,drivers_by_observed_driver_number,"{""driver_number"": 81, ""session_key"": 11248}",0,http_429,"{""detail"":""Rate limit exceeded. Max 30 requests/minute."",""error"":""Too Many Requests""}",0.457
2026-09-14T01:14:54.396812Z,drivers,drivers_by_observed_driver_number,"{""driver_number"": 87, ""session_key"": 11248}",0,http_429,"{""detail"":""Rate limit exceeded. Max 30 requests/minute."",""error"":""Too Many Requests""}",0.443
2026-09-14T01:14:54.950853Z,drivers,drivers_by_observed_driver_number,"{""driver_number"": 241, ""session_key"": 11248}",0,http_429,"{""detail"":""Rate limit exceeded. Max 30 requests/minute."",""error"":""Too Many Requests""}",0.453
2026-09-14T01:14:55.504141Z,drivers,drivers_by_observed_driver_number,"{""driver_number"": 243, ""session_key"": 11248}",0,http_429,"{""detail"":""Rate limit exceeded. Max 30 requests/minute."",""error"":""Too Many Requests""}",0.452
2026-09-14T01:14:56.063567Z,drivers,drivers_by_observed_driver_number,"{""driver_number"": 247, ""session_key"": 11248}",0,http_429,"{""detail"":""Rate limit exceeded. Max 30 requests/minute."",""error"":""Too Many Requests""}",0.458
2026-09-14T01:14:56.616321Z,team_radio,team_radio_by_session_key_opportunistic,"{""session_key"": 11248}",0,http_429,"{""detail"":""Rate limit exceeded. Max 30 requests/minute."",""error"":""Too Many Requests""}",0.451
2026-09-14T01:14:57.176832Z,weather,weather_by_session_key,"{""session_key"": 11249}",0,http_429,"{""detail"":""Rate limit exceeded. Max 30 requests/minute."",""error"":""Too Many Requests""}",0.459
2026-09-14T01:14:57.717474Z,race_control,race_control_by_session_key,"{""session_key"": 11249}",0,http_429,"{""detail"":""Rate limit exceeded. Max 30 requests/minute."",""error"":""Too Many Requests""}",0.439
2026-09-14T01:14:58.274463Z,intervals,intervals_by_session_key,"{""session_key"": 11249}",0,http_429,"{""detail"":""Rate limit exceeded. Max 30 requests/minute."",""error"":""Too Many Requests""}",0.455
2026-09-14T01:14:58.826277Z,position,position_by_session_key,"{""session_key"": 11249}",0,http_429,"{""detail"":""Rate limit exceeded. Max 30 requests/minute."",""error"":""Too Many Requests""}",0.451
2026-09-14T01:14:59.367796Z,position,position_by_meeting_key_fallback,"{""meeting_key"": 1281}",0,http_429,"{""detail"":""Rate limit exceeded. Max 30 requests/minute."",""error"":""Too Many Requests""}",0.44
2026-09-14T01:14:59.910194Z,stints,stints_by_session_key,"{""session_key"": 11249}",0,http_429,"{""detail"":""Rate limit exceeded. Max 30 requests/minute."",""error"":""Too Many Requests""}",0.441
2026-09-14T01:15:00.011588Z,pit,skip_non_race_like_session,"{""session_key"": 11249}",0,skipped_not_applicable,pit endpoint is only treated as required for race/sprint-like sessions,0.0
2026-09-14T01:15:00.629306Z,starting_grid,starting_grid_by_session_key,"{""session_key"": 11249}",22,pass,,0.617
2026-09-14T01:15:01.191349Z,drivers,drivers_by_session_key,"{""session_key"": 11249}",22,pass,,0.46
2026-09-14T01:15:01.781157Z,team_radio,team_radio_by_session_key_opportunistic,"{""session_key"": 11249}",0,http_404,"{""detail"":""No results found.""}",0.488
2026-09-14T01:15:02.544764Z,weather,weather_by_session_key,"{""session_key"": 11253}",156,pass,,0.662
2026-09-14T01:15:04.669667Z,race_control,race_control_by_session_key,"{""session_key"": 11253}",49,pass,,2.023
2026-09-14T01:15:09.177400Z,intervals,intervals_by_session_key,"{""session_key"": 11253}",28324,pass,,4.406
2026-09-14T01:15:09.802322Z,position,position_by_session_key,"{""session_key"": 11253}",445,pass,,0.519
2026-09-14T01:15:10.386015Z,stints,stints_by_session_key,"{""session_key"": 11253}",51,pass,,0.482
2026-09-14T01:15:10.962434Z,pit,pit_by_session_key,"{""session_key"": 11253}",29,pass,,0.474
2026-09-14T01:15:11.511510Z,starting_grid,starting_grid_by_session_key,"{""session_key"": 11253}",0,http_404,"{""detail"":""No results found.""}",0.447
2026-09-14T01:15:13.224658Z,drivers,drivers_by_session_key,"{""session_key"": 11253}",22,pass,,1.612
2026-09-14T01:15:14.430986Z,team_radio,team_radio_by_session_key_opportunistic,"{""session_key"": 11253}",0,http_404,"{""detail"":""No results found.""}",1.104
2026-09-14T01:15:15.160166Z,weather,weather_by_session_key,"{""session_key"": 11254}",0,http_404,"{""detail"":""No results found.""}",0.628
2026-09-14T01:15:16.478833Z,race_control,race_control_by_session_key,"{""session_key"": 11254}",0,http_404,"{""detail"":""No results found.""}",1.217
2026-09-14T01:15:17.192134Z,intervals,intervals_by_session_key,"{""session_key"": 11254}",0,http_404,"{""detail"":""No results found.""}",0.612
2026-09-14T01:15:18.088916Z,position,position_by_session_key,"{""session_key"": 11254}",0,http_404,"{""detail"":""No results found.""}",0.795
2026-09-14T01:15:19.109141Z,position,position_by_meeting_key_fallback,"{""meeting_key"": 1282}",0,http_404,"{""detail"":""No results found.""}",0.919
2026-09-14T01:15:19.656085Z,stints,stints_by_session_key,"{""session_key"": 11254}",0,http_404,"{""detail"":""No results found.""}",0.446
2026-09-14T01:15:19.757467Z,pit,skip_non_race_like_session,"{""session_key"": 11254}",0,skipped_not_applicable,pit endpoint is only treated as required for race/sprint-like sessions,0.0
2026-09-14T01:15:20.553143Z,starting_grid,starting_grid_by_session_key,"{""session_key"": 11254}",0,http_404,"{""detail"":""No results found.""}",0.795
2026-09-14T01:15:21.112751Z,drivers,drivers_by_session_key,"{""session_key"": 11254}",22,pass,,0.458
2026-09-14T01:15:21.669292Z,team_radio,team_radio_by_session_key_opportunistic,"{""session_key"": 11254}",0,http_404,"{""detail"":""No results found.""}",0.454
2026-09-14T01:15:22.380135Z,weather,weather_by_session_key,"{""session_key"": 11255}",0,http_404,"{""detail"":""No results found.""}",0.609
2026-09-14T01:15:22.953535Z,race_control,race_control_by_session_key,"{""session_key"": 11255}",0,http_404,"{""detail"":""No results found.""}",0.472
2026-09-14T01:15:23.516019Z,intervals,intervals_by_session_key,"{""session_key"": 11255}",0,http_404,"{""detail"":""No results found.""}",0.461
2026-09-14T01:15:24.072558Z,position,position_by_session_key,"{""session_key"": 11255}",0,http_404,"{""detail"":""No results found.""}",0.455
2026-09-14T01:15:24.626647Z,position,position_by_meeting_key_fallback,"{""meeting_key"": 1282}",0,http_404,"{""detail"":""No results found.""}",0.453
2026-09-14T01:15:25.198217Z,stints,stints_by_session_key,"{""session_key"": 11255}",0,http_404,"{""detail"":""No results found.""}",0.47
2026-09-14T01:15:25.299530Z,pit,skip_non_race_like_session,"{""session_key"": 11255}",0,skipped_not_applicable,pit endpoint is only treated as required for race/sprint-like sessions,0.0
2026-09-14T01:15:25.755344Z,starting_grid,starting_grid_by_session_key,"{""session_key"": 11255}",0,http_404,"{""detail"":""No results found.""}",0.456
2026-09-14T01:15:26.323110Z,drivers,drivers_by_session_key,"{""session_key"": 11255}",22,pass,,0.466
2026-09-14T01:15:26.875346Z,team_radio,team_radio_by_session_key_opportunistic,"{""session_key"": 11255}",0,http_404,"{""detail"":""No results found.""}",0.45
2026-09-14T01:15:27.420244Z,weather,weather_by_session_key,"{""session_key"": 11256}",0,http_429,"{""detail"":""Rate limit exceeded. Max 30 requests/minute."",""error"":""Too Many Requests""}",0.443
2026-09-14T01:15:27.983480Z,race_control,race_control_by_session_key,"{""session_key"": 11256}",0,http_429,"{""detail"":""Rate limit exceeded. Max 30 requests/minute."",""error"":""Too Many Requests""}",0.462
2026-09-14T01:15:28.524190Z,intervals,intervals_by_session_key,"{""session_key"": 11256}",0,http_429,"{""detail"":""Rate limit exceeded. Max 30 requests/minute."",""error"":""Too Many Requests""}",0.439
2026-09-14T01:15:29.084750Z,position,position_by_session_key,"{""session_key"": 11256}",0,http_429,"{""detail"":""Rate limit exceeded. Max 30 requests/minute."",""error"":""Too Many Requests""}",0.459
2026-09-14T01:15:29.628198Z,position,position_by_meeting_key_fallback,"{""meeting_key"": 1282}",0,http_429,"{""detail"":""Rate limit exceeded. Max 30 requests/minute."",""error"":""Too Many Requests""}",0.442
2026-09-14T01:15:30.178828Z,stints,stints_by_session_key,"{""session_key"": 11256}",0,http_429,"{""detail"":""Rate limit exceeded. Max 30 requests/minute."",""error"":""Too Many Requests""}",0.449
2026-09-14T01:15:30.280214Z,pit,skip_non_race_like_session,"{""session_key"": 11256}",0,skipped_not_applicable,pit endpoint is only treated as required for race/sprint-like sessions,0.0
2026-09-14T01:15:30.726434Z,starting_grid,starting_grid_by_session_key,"{""session_key"": 11256}",0,http_429,"{""detail"":""Rate limit exceeded. Max 30 requests/minute."",""error"":""Too Many Requests""}",0.446
2026-09-14T01:15:31.282645Z,drivers,drivers_by_session_key,"{""session_key"": 11256}",0,http_429,"{""detail"":""Rate limit exceeded. Max 30 requests/minute."",""error"":""Too Many Requests""}",0.455
2026-09-14T01:15:31.847213Z,drivers,drivers_by_observed_driver_number,"{""driver_number"": 1, ""session_key"": 11256}",0,http_429,"{""detail"":""Rate limit exceeded. Max 30 requests/minute."",""error"":""Too Many Requests""}",0.454
2026-09-14T01:15:32.402921Z,drivers,drivers_by_observed_driver_number,"{""driver_number"": 3, ""session_key"": 11256}",0,http_429,"{""detail"":""Rate limit exceeded. Max 30 requests/minute."",""error"":""Too Many Requests""}",0.454
2026-09-14T01:15:32.949899Z,drivers,drivers_by_observed_driver_number,"{""driver_number"": 5, ""session_key"": 11256}",0,http_429,"{""detail"":""Rate limit exceeded. Max 30 requests/minute."",""error"":""Too Many Requests""}",0.446
2026-09-14T01:15:33.511156Z,drivers,drivers_by_observed_driver_number,"{""driver_number"": 6, ""session_key"": 11256}",0,http_429,"{""detail"":""Rate limit exceeded. Max 30 requests/minute."",""error"":""Too Many Requests""}",0.46
2026-09-14T01:15:34.057506Z,drivers,drivers_by_observed_driver_number,"{""driver_number"": 10, ""session_key"": 11256}",0,http_429,"{""detail"":""Rate limit exceeded. Max 30 requests/minute."",""error"":""Too Many Requests""}",0.445
2026-09-14T01:15:34.603056Z,drivers,drivers_by_observed_driver_number,"{""driver_number"": 11, ""session_key"": 11256}",0,http_429,"{""detail"":""Rate limit exceeded. Max 30 requests/minute."",""error"":""Too Many Requests""}",0.444
2026-09-14T01:15:35.147018Z,drivers,drivers_by_observed_driver_number,"{""driver_number"": 12, ""session_key"": 11256}",0,http_429,"{""detail"":""Rate limit exceeded. Max 30 requests/minute."",""error"":""Too Many Requests""}",0.443
2026-09-14T01:15:35.706369Z,drivers,drivers_by_observed_driver_number,"{""driver_number"": 14, ""session_key"": 11256}",0,http_429,"{""detail"":""Rate limit exceeded. Max 30 requests/minute."",""error"":""Too Many Requests""}",0.458
2026-09-14T01:15:36.242591Z,drivers,drivers_by_observed_driver_number,"{""driver_number"": 16, ""session_key"": 11256}",0,http_429,"{""detail"":""Rate limit exceeded. Max 30 requests/minute."",""error"":""Too Many Requests""}",0.435
2026-09-14T01:15:36.799979Z,drivers,drivers_by_observed_driver_number,"{""driver_number"": 18, ""session_key"": 11256}",0,http_429,"{""detail"":""Rate limit exceeded. Max 30 requests/minute."",""error"":""Too Many Requests""}",0.456
2026-09-14T01:15:37.351549Z,drivers,drivers_by_observed_driver_number,"{""driver_number"": 23, ""session_key"": 11256}",0,http_429,"{""detail"":""Rate limit exceeded. Max 30 requests/minute."",""error"":""Too Many Requests""}",0.45
2026-09-14T01:15:37.899018Z,drivers,drivers_by_observed_driver_number,"{""driver_number"": 27, ""session_key"": 11256}",0,http_429,"{""detail"":""Rate limit exceeded. Max 30 requests/minute."",""error"":""Too Many Requests""}",0.446
2026-09-14T01:15:38.437546Z,drivers,drivers_by_observed_driver_number,"{""driver_number"": 30, ""session_key"": 11256}",0,http_429,"{""detail"":""Rate limit exceeded. Max 30 requests/minute."",""error"":""Too Many Requests""}",0.437
2026-09-14T01:15:38.994956Z,drivers,drivers_by_observed_driver_number,"{""driver_number"": 31, ""session_key"": 11256}",0,http_429,"{""detail"":""Rate limit exceeded. Max 30 requests/minute."",""error"":""Too Many Requests""}",0.456
2026-09-14T01:15:39.555776Z,drivers,drivers_by_observed_driver_number,"{""driver_number"": 34, ""session_key"": 11256}",0,http_429,"{""detail"":""Rate limit exceeded. Max 30 requests/minute."",""error"":""Too Many Requests""}",0.46
2026-09-14T01:15:40.115295Z,drivers,drivers_by_observed_driver_number,"{""driver_number"": 41, ""session_key"": 11256}",0,http_429,"{""detail"":""Rate limit exceeded. Max 30 requests/minute."",""error"":""Too Many Requests""}",0.458
2026-09-14T01:15:40.664425Z,drivers,drivers_by_observed_driver_number,"{""driver_number"": 43, ""session_key"": 11256}",0,http_429,"{""detail"":""Rate limit exceeded. Max 30 requests/minute."",""error"":""Too Many Requests""}",0.448
2026-09-14T01:15:41.215725Z,drivers,drivers_by_observed_driver_number,"{""driver_number"": 44, ""session_key"": 11256}",0,http_429,"{""detail"":""Rate limit exceeded. Max 30 requests/minute."",""error"":""Too Many Requests""}",0.45
2026-09-14T01:15:41.766639Z,drivers,drivers_by_observed_driver_number,"{""driver_number"": 55, ""session_key"": 11256}",0,http_429,"{""detail"":""Rate limit exceeded. Max 30 requests/minute."",""error"":""Too Many Requests""}",0.45
2026-09-14T01:15:42.322794Z,drivers,drivers_by_observed_driver_number,"{""driver_number"": 63, ""session_key"": 11256}",0,http_429,"{""detail"":""Rate limit exceeded. Max 30 requests/minute."",""error"":""Too Many Requests""}",0.455
2026-09-14T01:15:42.873837Z,drivers,drivers_by_observed_driver_number,"{""driver_number"": 77, ""session_key"": 11256}",0,http_429,"{""detail"":""Rate limit exceeded. Max 30 requests/minute."",""error"":""Too Many Requests""}",0.45
2026-09-14T01:15:43.438498Z,drivers,drivers_by_observed_driver_number,"{""driver_number"": 81, ""session_key"": 11256}",0,http_429,"{""detail"":""Rate limit exceeded. Max 30 requests/minute."",""error"":""Too Many Requests""}",0.463
2026-09-14T01:15:43.991277Z,drivers,drivers_by_observed_driver_number,"{""driver_number"": 87, ""session_key"": 11256}",0,http_429,"{""detail"":""Rate limit exceeded. Max 30 requests/minute."",""error"":""Too Many Requests""}",0.452
2026-09-14T01:15:44.543815Z,drivers,drivers_by_observed_driver_number,"{""driver_number"": 241, ""session_key"": 11256}",0,http_429,"{""detail"":""Rate limit exceeded. Max 30 requests/minute."",""error"":""Too Many Requests""}",0.451
2026-09-14T01:15:45.102449Z,drivers,drivers_by_observed_driver_number,"{""driver_number"": 243, ""session_key"": 11256}",0,http_429,"{""detail"":""Rate limit exceeded. Max 30 requests/minute."",""error"":""Too Many Requests""}",0.457
2026-09-14T01:15:45.662034Z,drivers,drivers_by_observed_driver_number,"{""driver_number"": 247, ""session_key"": 11256}",0,http_429,"{""detail"":""Rate limit exceeded. Max 30 requests/minute."",""error"":""Too Many Requests""}",0.458
2026-09-14T01:15:46.200390Z,team_radio,team_radio_by_session_key_opportunistic,"{""session_key"": 11256}",0,http_429,"{""detail"":""Rate limit exceeded. Max 30 requests/minute."",""error"":""Too Many Requests""}",0.437
2026-09-14T01:15:46.757089Z,weather,weather_by_session_key,"{""session_key"": 11257}",0,http_429,"{""detail"":""Rate limit exceeded. Max 30 requests/minute."",""error"":""Too Many Requests""}",0.455
2026-09-14T01:15:47.318246Z,race_control,race_control_by_session_key,"{""session_key"": 11257}",0,http_429,"{""detail"":""Rate limit exceeded. Max 30 requests/minute."",""error"":""Too Many Requests""}",0.46
2026-09-14T01:15:47.878123Z,intervals,intervals_by_session_key,"{""session_key"": 11257}",0,http_429,"{""detail"":""Rate limit exceeded. Max 30 requests/minute."",""error"":""Too Many Requests""}",0.458
2026-09-14T01:15:48.434428Z,position,position_by_session_key,"{""session_key"": 11257}",0,http_429,"{""detail"":""Rate limit exceeded. Max 30 requests/minute."",""error"":""Too Many Requests""}",0.455
2026-09-14T01:15:48.994240Z,position,position_by_meeting_key_fallback,"{""meeting_key"": 1282}",0,http_429,"{""detail"":""Rate limit exceeded. Max 30 requests/minute."",""error"":""Too Many Requests""}",0.459
2026-09-14T01:15:49.539990Z,stints,stints_by_session_key,"{""session_key"": 11257}",0,http_429,"{""detail"":""Rate limit exceeded. Max 30 requests/minute."",""error"":""Too Many Requests""}",0.444
2026-09-14T01:15:49.641375Z,pit,skip_non_race_like_session,"{""session_key"": 11257}",0,skipped_not_applicable,pit endpoint is only treated as required for race/sprint-like sessions,0.0
2026-09-14T01:15:50.111043Z,starting_grid,starting_grid_by_session_key,"{""session_key"": 11257}",0,http_429,"{""detail"":""Rate limit exceeded. Max 30 requests/minute."",""error"":""Too Many Requests""}",0.469
2026-09-14T01:15:50.654683Z,drivers,drivers_by_session_key,"{""session_key"": 11257}",0,http_429,"{""detail"":""Rate limit exceeded. Max 30 requests/minute."",""error"":""Too Many Requests""}",0.442
2026-09-14T01:15:51.229332Z,drivers,drivers_by_observed_driver_number,"{""driver_number"": 1, ""session_key"": 11257}",0,http_429,"{""detail"":""Rate limit exceeded. Max 30 requests/minute."",""error"":""Too Many Requests""}",0.465
2026-09-14T01:15:51.783675Z,drivers,drivers_by_observed_driver_number,"{""driver_number"": 3, ""session_key"": 11257}",0,http_429,"{""detail"":""Rate limit exceeded. Max 30 requests/minute."",""error"":""Too Many Requests""}",0.453
2026-09-14T01:15:52.357948Z,drivers,drivers_by_observed_driver_number,"{""driver_number"": 5, ""session_key"": 11257}",0,http_429,"{""detail"":""Rate limit exceeded. Max 30 requests/minute."",""error"":""Too Many Requests""}",0.473
2026-09-14T01:15:52.905720Z,drivers,drivers_by_observed_driver_number,"{""driver_number"": 6, ""session_key"": 11257}",0,http_429,"{""detail"":""Rate limit exceeded. Max 30 requests/minute."",""error"":""Too Many Requests""}",0.446
2026-09-14T01:15:53.464939Z,drivers,drivers_by_observed_driver_number,"{""driver_number"": 10, ""session_key"": 11257}",0,http_429,"{""detail"":""Rate limit exceeded. Max 30 requests/minute."",""error"":""Too Many Requests""}",0.458
2026-09-14T01:15:54.016033Z,drivers,drivers_by_observed_driver_number,"{""driver_number"": 11, ""session_key"": 11257}",0,http_429,"{""detail"":""Rate limit exceeded. Max 30 requests/minute."",""error"":""Too Many Requests""}",0.45
2026-09-14T01:15:54.584661Z,drivers,drivers_by_observed_driver_number,"{""driver_number"": 12, ""session_key"": 11257}",0,http_429,"{""detail"":""Rate limit exceeded. Max 30 requests/minute."",""error"":""Too Many Requests""}",0.467
2026-09-14T01:15:55.136663Z,drivers,drivers_by_observed_driver_number,"{""driver_number"": 14, ""session_key"": 11257}",0,http_429,"{""detail"":""Rate limit exceeded. Max 30 requests/minute."",""error"":""Too Many Requests""}",0.451
2026-09-14T01:15:55.678200Z,drivers,drivers_by_observed_driver_number,"{""driver_number"": 16, ""session_key"": 11257}",0,http_429,"{""detail"":""Rate limit exceeded. Max 30 requests/minute."",""error"":""Too Many Requests""}",0.44
2026-09-14T01:15:56.220323Z,drivers,drivers_by_observed_driver_number,"{""driver_number"": 18, ""session_key"": 11257}",0,http_429,"{""detail"":""Rate limit exceeded. Max 30 requests/minute."",""error"":""Too Many Requests""}",0.441
2026-09-14T01:15:56.773214Z,drivers,drivers_by_observed_driver_number,"{""driver_number"": 23, ""session_key"": 11257}",0,http_429,"{""detail"":""Rate limit exceeded. Max 30 requests/minute."",""error"":""Too Many Requests""}",0.452
2026-09-14T01:15:57.321543Z,drivers,drivers_by_observed_driver_number,"{""driver_number"": 27, ""session_key"": 11257}",0,http_429,"{""detail"":""Rate limit exceeded. Max 30 requests/minute."",""error"":""Too Many Requests""}",0.447
2026-09-14T01:15:57.860028Z,drivers,drivers_by_observed_driver_number,"{""driver_number"": 30, ""session_key"": 11257}",0,http_429,"{""detail"":""Rate limit exceeded. Max 30 requests/minute."",""error"":""Too Many Requests""}",0.437
2026-09-14T01:15:58.422356Z,drivers,drivers_by_observed_driver_number,"{""driver_number"": 31, ""session_key"": 11257}",0,http_429,"{""detail"":""Rate limit exceeded. Max 30 requests/minute."",""error"":""Too Many Requests""}",0.461
2026-09-14T01:15:58.962786Z,drivers,drivers_by_observed_driver_number,"{""driver_number"": 34, ""session_key"": 11257}",0,http_429,"{""detail"":""Rate limit exceeded. Max 30 requests/minute."",""error"":""Too Many Requests""}",0.439
2026-09-14T01:15:59.536634Z,drivers,drivers_by_observed_driver_number,"{""driver_number"": 41, ""session_key"": 11257}",0,http_429,"{""detail"":""Rate limit exceeded. Max 30 requests/minute."",""error"":""Too Many Requests""}",0.473
2026-09-14T01:16:00.105143Z,drivers,drivers_by_observed_driver_number,"{""driver_number"": 43, ""session_key"": 11257}",1,pass,,0.467
2026-09-14T01:16:00.662676Z,drivers,drivers_by_observed_driver_number,"{""driver_number"": 44, ""session_key"": 11257}",1,pass,,0.456
2026-09-14T01:16:01.400375Z,drivers,drivers_by_observed_driver_number,"{""driver_number"": 55, ""session_key"": 11257}",1,pass,,0.636
2026-09-14T01:16:01.972639Z,drivers,drivers_by_observed_driver_number,"{""driver_number"": 63, ""session_key"": 11257}",1,pass,,0.471
2026-09-14T01:16:02.535075Z,drivers,drivers_by_observed_driver_number,"{""driver_number"": 77, ""session_key"": 11257}",1,pass,,0.461
2026-09-14T01:16:03.247536Z,drivers,drivers_by_observed_driver_number,"{""driver_number"": 81, ""session_key"": 11257}",1,pass,,0.611
2026-09-14T01:16:03.800898Z,drivers,drivers_by_observed_driver_number,"{""driver_number"": 87, ""session_key"": 11257}",1,pass,,0.452
2026-09-14T01:16:04.352270Z,drivers,drivers_by_observed_driver_number,"{""driver_number"": 241, ""session_key"": 11257}",0,http_404,"{""detail"":""No results found.""}",0.45
2026-09-14T01:16:04.903281Z,drivers,drivers_by_observed_driver_number,"{""driver_number"": 243, ""session_key"": 11257}",0,http_404,"{""detail"":""No results found.""}",0.45
2026-09-14T01:16:05.448273Z,drivers,drivers_by_observed_driver_number,"{""driver_number"": 247, ""session_key"": 11257}",0,http_404,"{""detail"":""No results found.""}",0.444
2026-09-14T01:16:05.992277Z,team_radio,team_radio_by_session_key_opportunistic,"{""session_key"": 11257}",0,http_404,"{""detail"":""No results found.""}",0.441
2026-09-14T01:16:06.553276Z,weather,weather_by_session_key,"{""session_key"": 11261}",0,http_404,"{""detail"":""No results found.""}",0.46
2026-09-14T01:16:07.093547Z,race_control,race_control_by_session_key,"{""session_key"": 11261}",0,http_404,"{""detail"":""No results found.""}",0.439
2026-09-14T01:16:07.650170Z,intervals,intervals_by_session_key,"{""session_key"": 11261}",0,http_404,"{""detail"":""No results found.""}",0.455
2026-09-14T01:16:08.192502Z,position,position_by_session_key,"{""session_key"": 11261}",0,http_404,"{""detail"":""No results found.""}",0.441
2026-09-14T01:16:08.736276Z,position,position_by_meeting_key_fallback,"{""meeting_key"": 1282}",0,http_404,"{""detail"":""No results found.""}",0.443
2026-09-14T01:16:09.287599Z,stints,stints_by_session_key,"{""session_key"": 11261}",0,http_404,"{""detail"":""No results found.""}",0.45
2026-09-14T01:16:09.839568Z,pit,pit_by_session_key,"{""session_key"": 11261}",0,http_404,"{""detail"":""No results found.""}",0.451
2026-09-14T01:16:10.382589Z,starting_grid,starting_grid_by_session_key,"{""session_key"": 11261}",0,http_404,"{""detail"":""No results found.""}",0.442
2026-09-14T01:16:10.940964Z,drivers,drivers_by_session_key,"{""session_key"": 11261}",22,pass,,0.457
2026-09-14T01:16:11.500644Z,team_radio,team_radio_by_session_key_opportunistic,"{""session_key"": 11261}",0,http_404,"{""detail"":""No results found.""}",0.457
2026-09-14T01:16:12.050962Z,weather,weather_by_session_key,"{""session_key"": 11262}",0,http_404,"{""detail"":""No results found.""}",0.449
2026-09-14T01:16:12.598004Z,race_control,race_control_by_session_key,"{""session_key"": 11262}",0,http_404,"{""detail"":""No results found.""}",0.446
2026-09-14T01:16:13.166695Z,intervals,intervals_by_session_key,"{""session_key"": 11262}",0,http_404,"{""detail"":""No results found.""}",0.467
2026-09-14T01:16:13.748596Z,position,position_by_session_key,"{""session_key"": 11262}",0,http_404,"{""detail"":""No results found.""}",0.481
2026-09-14T01:16:14.407160Z,position,position_by_meeting_key_fallback,"{""meeting_key"": 1283}",0,http_404,"{""detail"":""No results found.""}",0.557
2026-09-14T01:16:14.949840Z,stints,stints_by_session_key,"{""session_key"": 11262}",0,http_404,"{""detail"":""No results found.""}",0.441
2026-09-14T01:16:15.051167Z,pit,skip_non_race_like_session,"{""session_key"": 11262}",0,skipped_not_applicable,pit endpoint is only treated as required for race/sprint-like sessions,0.0
2026-09-14T01:16:15.504069Z,starting_grid,starting_grid_by_session_key,"{""session_key"": 11262}",0,http_404,"{""detail"":""No results found.""}",0.453
2026-09-14T01:16:16.049803Z,drivers,drivers_by_session_key,"{""session_key"": 11262}",22,pass,,0.444
2026-09-14T01:16:16.592543Z,team_radio,team_radio_by_session_key_opportunistic,"{""session_key"": 11262}",0,http_404,"{""detail"":""No results found.""}",0.441
2026-09-14T01:16:17.143689Z,weather,weather_by_session_key,"{""session_key"": 11263}",0,http_429,"{""detail"":""Rate limit exceeded. Max 30 requests/minute."",""error"":""Too Many Requests""}",0.45
2026-09-14T01:16:17.694777Z,race_control,race_control_by_session_key,"{""session_key"": 11263}",0,http_429,"{""detail"":""Rate limit exceeded. Max 30 requests/minute."",""error"":""Too Many Requests""}",0.45
2026-09-14T01:16:18.232552Z,intervals,intervals_by_session_key,"{""session_key"": 11263}",0,http_429,"{""detail"":""Rate limit exceeded. Max 30 requests/minute."",""error"":""Too Many Requests""}",0.436
2026-09-14T01:16:18.800818Z,position,position_by_session_key,"{""session_key"": 11263}",0,http_429,"{""detail"":""Rate limit exceeded. Max 30 requests/minute."",""error"":""Too Many Requests""}",0.467
2026-09-14T01:16:19.947141Z,position,position_by_meeting_key_fallback,"{""meeting_key"": 1283}",0,http_429,"{""detail"":""Rate limit exceeded. Max 30 requests/minute."",""error"":""Too Many Requests""}",1.045
2026-09-14T01:16:20.497952Z,stints,stints_by_session_key,"{""session_key"": 11263}",0,http_429,"{""detail"":""Rate limit exceeded. Max 30 requests/minute."",""error"":""Too Many Requests""}",0.449
2026-09-14T01:16:20.599339Z,pit,skip_non_race_like_session,"{""session_key"": 11263}",0,skipped_not_applicable,pit endpoint is only treated as required for race/sprint-like sessions,0.0
2026-09-14T01:16:21.066003Z,starting_grid,starting_grid_by_session_key,"{""session_key"": 11263}",0,http_429,"{""detail"":""Rate limit exceeded. Max 30 requests/minute."",""error"":""Too Many Requests""}",0.466
2026-09-14T01:16:21.603069Z,drivers,drivers_by_session_key,"{""session_key"": 11263}",0,http_429,"{""detail"":""Rate limit exceeded. Max 30 requests/minute."",""error"":""Too Many Requests""}",0.436
2026-09-14T01:16:22.163673Z,drivers,drivers_by_observed_driver_number,"{""driver_number"": 1, ""session_key"": 11263}",0,http_429,"{""detail"":""Rate limit exceeded. Max 30 requests/minute."",""error"":""Too Many Requests""}",0.45
2026-09-14T01:16:22.707937Z,drivers,drivers_by_observed_driver_number,"{""driver_number"": 3, ""session_key"": 11263}",0,http_429,"{""detail"":""Rate limit exceeded. Max 30 requests/minute."",""error"":""Too Many Requests""}",0.443
2026-09-14T01:16:23.253943Z,drivers,drivers_by_observed_driver_number,"{""driver_number"": 5, ""session_key"": 11263}",0,http_429,"{""detail"":""Rate limit exceeded. Max 30 requests/minute."",""error"":""Too Many Requests""}",0.445
2026-09-14T01:16:23.810194Z,drivers,drivers_by_observed_driver_number,"{""driver_number"": 6, ""session_key"": 11263}",0,http_429,"{""detail"":""Rate limit exceeded. Max 30 requests/minute."",""error"":""Too Many Requests""}",0.455
2026-09-14T01:16:24.345220Z,drivers,drivers_by_observed_driver_number,"{""driver_number"": 10, ""session_key"": 11263}",0,http_502,"<html>
<head><title>502 Bad Gateway</title></head>
<body>
<center><h1>502 Bad Gateway</h1></center>
<hr><center>nginx</center>
</body>
</html>
",0.434
2026-09-14T01:16:24.890027Z,drivers,drivers_by_observed_driver_number,"{""driver_number"": 11, ""session_key"": 11263}",0,http_429,"{""detail"":""Rate limit exceeded. Max 30 requests/minute."",""error"":""Too Many Requests""}",0.444
2026-09-14T01:16:25.439443Z,drivers,drivers_by_observed_driver_number,"{""driver_number"": 12, ""session_key"": 11263}",0,http_429,"{""detail"":""Rate limit exceeded. Max 30 requests/minute."",""error"":""Too Many Requests""}",0.448
2026-09-14T01:16:25.976643Z,drivers,drivers_by_observed_driver_number,"{""driver_number"": 14, ""session_key"": 11263}",0,http_429,"{""detail"":""Rate limit exceeded. Max 30 requests/minute."",""error"":""Too Many Requests""}",0.436
2026-09-14T01:16:27.071641Z,drivers,drivers_by_observed_driver_number,"{""driver_number"": 16, ""session_key"": 11263}",0,http_429,"{""detail"":""Rate limit exceeded. Max 30 requests/minute."",""error"":""Too Many Requests""}",0.994
2026-09-14T01:16:27.615922Z,drivers,drivers_by_observed_driver_number,"{""driver_number"": 18, ""session_key"": 11263}",0,http_429,"{""detail"":""Rate limit exceeded. Max 30 requests/minute."",""error"":""Too Many Requests""}",0.443
2026-09-14T01:16:28.177476Z,drivers,drivers_by_observed_driver_number,"{""driver_number"": 23, ""session_key"": 11263}",0,http_429,"{""detail"":""Rate limit exceeded. Max 30 requests/minute."",""error"":""Too Many Requests""}",0.46
2026-09-14T01:16:28.745862Z,drivers,drivers_by_observed_driver_number,"{""driver_number"": 27, ""session_key"": 11263}",0,http_429,"{""detail"":""Rate limit exceeded. Max 30 requests/minute."",""error"":""Too Many Requests""}",0.467
2026-09-14T01:16:29.302482Z,drivers,drivers_by_observed_driver_number,"{""driver_number"": 30, ""session_key"": 11263}",0,http_429,"{""detail"":""Rate limit exceeded. Max 30 requests/minute."",""error"":""Too Many Requests""}",0.455
2026-09-14T01:16:29.853213Z,drivers,drivers_by_observed_driver_number,"{""driver_number"": 31, ""session_key"": 11263}",0,http_429,"{""detail"":""Rate limit exceeded. Max 30 requests/minute."",""error"":""Too Many Requests""}",0.45
2026-09-14T01:16:30.424486Z,drivers,drivers_by_observed_driver_number,"{""driver_number"": 34, ""session_key"": 11263}",0,http_429,"{""detail"":""Rate limit exceeded. Max 30 requests/minute."",""error"":""Too Many Requests""}",0.47
2026-09-14T01:16:30.967959Z,drivers,drivers_by_observed_driver_number,"{""driver_number"": 41, ""session_key"": 11263}",0,http_429,"{""detail"":""Rate limit exceeded. Max 30 requests/minute."",""error"":""Too Many Requests""}",0.442
2026-09-14T01:16:31.510689Z,drivers,drivers_by_observed_driver_number,"{""driver_number"": 43, ""session_key"": 11263}",0,http_429,"{""detail"":""Rate limit exceeded. Max 30 requests/minute."",""error"":""Too Many Requests""}",0.441
2026-09-14T01:16:32.057009Z,drivers,drivers_by_observed_driver_number,"{""driver_number"": 44, ""session_key"": 11263}",0,http_429,"{""detail"":""Rate limit exceeded. Max 30 requests/minute."",""error"":""Too Many Requests""}",0.445
2026-09-14T01:16:32.652347Z,drivers,drivers_by_observed_driver_number,"{""driver_number"": 55, ""session_key"": 11263}",0,http_429,"{""detail"":""Rate limit exceeded. Max 30 requests/minute."",""error"":""Too Many Requests""}",0.494
2026-09-14T01:16:33.203165Z,drivers,drivers_by_observed_driver_number,"{""driver_number"": 63, ""session_key"": 11263}",0,http_429,"{""detail"":""Rate limit exceeded. Max 30 requests/minute."",""error"":""Too Many Requests""}",0.45
2026-09-14T01:16:33.754531Z,drivers,drivers_by_observed_driver_number,"{""driver_number"": 77, ""session_key"": 11263}",0,http_429,"{""detail"":""Rate limit exceeded. Max 30 requests/minute."",""error"":""Too Many Requests""}",0.45
2026-09-14T01:16:34.301690Z,drivers,drivers_by_observed_driver_number,"{""driver_number"": 81, ""session_key"": 11263}",0,http_429,"{""detail"":""Rate limit exceeded. Max 30 requests/minute."",""error"":""Too Many Requests""}",0.446
2026-09-14T01:16:34.840310Z,drivers,drivers_by_observed_driver_number,"{""driver_number"": 87, ""session_key"": 11263}",0,http_429,"{""detail"":""Rate limit exceeded. Max 30 requests/minute."",""error"":""Too Many Requests""}",0.437
2026-09-14T01:16:35.403621Z,drivers,drivers_by_observed_driver_number,"{""driver_number"": 241, ""session_key"": 11263}",0,http_429,"{""detail"":""Rate limit exceeded. Max 30 requests/minute."",""error"":""Too Many Requests""}",0.462
2026-09-14T01:16:35.947040Z,drivers,drivers_by_observed_driver_number,"{""driver_number"": 243, ""session_key"": 11263}",0,http_429,"{""detail"":""Rate limit exceeded. Max 30 requests/minute."",""error"":""Too Many Requests""}",0.442
2026-09-14T01:16:36.485896Z,drivers,drivers_by_observed_driver_number,"{""driver_number"": 247, ""session_key"": 11263}",0,http_429,"{""detail"":""Rate limit exceeded. Max 30 requests/minute."",""error"":""Too Many Requests""}",0.438
2026-09-14T01:16:37.028308Z,team_radio,team_radio_by_session_key_opportunistic,"{""session_key"": 11263}",0,http_429,"{""detail"":""Rate limit exceeded. Max 30 requests/minute."",""error"":""Too Many Requests""}",0.441
2026-09-14T01:16:37.589379Z,weather,weather_by_session_key,"{""session_key"": 11264}",0,http_429,"{""detail"":""Rate limit exceeded. Max 30 requests/minute."",""error"":""Too Many Requests""}",0.46
2026-09-14T01:16:38.157139Z,race_control,race_control_by_session_key,"{""session_key"": 11264}",0,http_429,"{""detail"":""Rate limit exceeded. Max 30 requests/minute."",""error"":""Too Many Requests""}",0.466
2026-09-14T01:16:38.709416Z,intervals,intervals_by_session_key,"{""session_key"": 11264}",0,http_429,"{""detail"":""Rate limit exceeded. Max 30 requests/minute."",""error"":""Too Many Requests""}",0.451
2026-09-14T01:16:39.258404Z,position,position_by_session_key,"{""session_key"": 11264}",0,http_429,"{""detail"":""Rate limit exceeded. Max 30 requests/minute."",""error"":""Too Many Requests""}",0.448
2026-09-14T01:16:39.797334Z,position,position_by_meeting_key_fallback,"{""meeting_key"": 1283}",0,http_429,"{""detail"":""Rate limit exceeded. Max 30 requests/minute."",""error"":""Too Many Requests""}",0.438
2026-09-14T01:16:40.358131Z,stints,stints_by_session_key,"{""session_key"": 11264}",0,http_429,"{""detail"":""Rate limit exceeded. Max 30 requests/minute."",""error"":""Too Many Requests""}",0.46
2026-09-14T01:16:40.459469Z,pit,skip_non_race_like_session,"{""session_key"": 11264}",0,skipped_not_applicable,pit endpoint is only treated as required for race/sprint-like sessions,0.0
2026-09-14T01:16:40.903554Z,starting_grid,starting_grid_by_session_key,"{""session_key"": 11264}",0,http_429,"{""detail"":""Rate limit exceeded. Max 30 requests/minute."",""error"":""Too Many Requests""}",0.444
2026-09-14T01:16:41.451053Z,drivers,drivers_by_session_key,"{""session_key"": 11264}",0,http_429,"{""detail"":""Rate limit exceeded. Max 30 requests/minute."",""error"":""Too Many Requests""}",0.446
2026-09-14T01:16:42.000507Z,drivers,drivers_by_observed_driver_number,"{""driver_number"": 1, ""session_key"": 11264}",0,http_429,"{""detail"":""Rate limit exceeded. Max 30 requests/minute."",""error"":""Too Many Requests""}",0.44
2026-09-14T01:16:42.563723Z,drivers,drivers_by_observed_driver_number,"{""driver_number"": 3, ""session_key"": 11264}",0,http_429,"{""detail"":""Rate limit exceeded. Max 30 requests/minute."",""error"":""Too Many Requests""}",0.462
2026-09-14T01:16:43.110150Z,drivers,drivers_by_observed_driver_number,"{""driver_number"": 5, ""session_key"": 11264}",0,http_429,"{""detail"":""Rate limit exceeded. Max 30 requests/minute."",""error"":""Too Many Requests""}",0.445
2026-09-14T01:16:43.668423Z,drivers,drivers_by_observed_driver_number,"{""driver_number"": 6, ""session_key"": 11264}",0,http_429,"{""detail"":""Rate limit exceeded. Max 30 requests/minute."",""error"":""Too Many Requests""}",0.457
2026-09-14T01:16:44.221548Z,drivers,drivers_by_observed_driver_number,"{""driver_number"": 10, ""session_key"": 11264}",0,http_429,"{""detail"":""Rate limit exceeded. Max 30 requests/minute."",""error"":""Too Many Requests""}",0.452
2026-09-14T01:16:44.777043Z,drivers,drivers_by_observed_driver_number,"{""driver_number"": 11, ""session_key"": 11264}",0,http_429,"{""detail"":""Rate limit exceeded. Max 30 requests/minute."",""error"":""Too Many Requests""}",0.454
2026-09-14T01:16:45.315451Z,drivers,drivers_by_observed_driver_number,"{""driver_number"": 12, ""session_key"": 11264}",0,http_429,"{""detail"":""Rate limit exceeded. Max 30 requests/minute."",""error"":""Too Many Requests""}",0.437
2026-09-14T01:16:45.862494Z,drivers,drivers_by_observed_driver_number,"{""driver_number"": 14, ""session_key"": 11264}",0,http_429,"{""detail"":""Rate limit exceeded. Max 30 requests/minute."",""error"":""Too Many Requests""}",0.446
2026-09-14T01:16:46.416050Z,drivers,drivers_by_observed_driver_number,"{""driver_number"": 16, ""session_key"": 11264}",0,http_429,"{""detail"":""Rate limit exceeded. Max 30 requests/minute."",""error"":""Too Many Requests""}",0.452
2026-09-14T01:16:46.952595Z,drivers,drivers_by_observed_driver_number,"{""driver_number"": 18, ""session_key"": 11264}",0,http_429,"{""detail"":""Rate limit exceeded. Max 30 requests/minute."",""error"":""Too Many Requests""}",0.435
2026-09-14T01:16:47.524173Z,drivers,drivers_by_observed_driver_number,"{""driver_number"": 23, ""session_key"": 11264}",0,http_429,"{""detail"":""Rate limit exceeded. Max 30 requests/minute."",""error"":""Too Many Requests""}",0.47
2026-09-14T01:16:48.070441Z,drivers,drivers_by_observed_driver_number,"{""driver_number"": 27, ""session_key"": 11264}",0,http_429,"{""detail"":""Rate limit exceeded. Max 30 requests/minute."",""error"":""Too Many Requests""}",0.445
2026-09-14T01:16:48.644416Z,drivers,drivers_by_observed_driver_number,"{""driver_number"": 30, ""session_key"": 11264}",0,http_429,"{""detail"":""Rate limit exceeded. Max 30 requests/minute."",""error"":""Too Many Requests""}",0.473
2026-09-14T01:16:49.206523Z,drivers,drivers_by_observed_driver_number,"{""driver_number"": 31, ""session_key"": 11264}",0,http_429,"{""detail"":""Rate limit exceeded. Max 30 requests/minute."",""error"":""Too Many Requests""}",0.461
2026-09-14T01:16:49.750045Z,drivers,drivers_by_observed_driver_number,"{""driver_number"": 34, ""session_key"": 11264}",0,http_429,"{""detail"":""Rate limit exceeded. Max 30 requests/minute."",""error"":""Too Many Requests""}",0.442
2026-09-14T01:16:50.315771Z,drivers,drivers_by_observed_driver_number,"{""driver_number"": 41, ""session_key"": 11264}",0,http_429,"{""detail"":""Rate limit exceeded. Max 30 requests/minute."",""error"":""Too Many Requests""}",0.464
2026-09-14T01:16:50.859788Z,drivers,drivers_by_observed_driver_number,"{""driver_number"": 43, ""session_key"": 11264}",0,http_429,"{""detail"":""Rate limit exceeded. Max 30 requests/minute."",""error"":""Too Many Requests""}",0.443
2026-09-14T01:16:51.418769Z,drivers,drivers_by_observed_driver_number,"{""driver_number"": 44, ""session_key"": 11264}",0,http_429,"{""detail"":""Rate limit exceeded. Max 30 requests/minute."",""error"":""Too Many Requests""}",0.458
2026-09-14T01:16:51.972799Z,drivers,drivers_by_observed_driver_number,"{""driver_number"": 55, ""session_key"": 11264}",0,http_429,"{""detail"":""Rate limit exceeded. Max 30 requests/minute."",""error"":""Too Many Requests""}",0.453
2026-09-14T01:16:52.526862Z,drivers,drivers_by_observed_driver_number,"{""driver_number"": 63, ""session_key"": 11264}",0,http_429,"{""detail"":""Rate limit exceeded. Max 30 requests/minute."",""error"":""Too Many Requests""}",0.453
2026-09-14T01:16:53.075436Z,drivers,drivers_by_observed_driver_number,"{""driver_number"": 77, ""session_key"": 11264}",0,http_429,"{""detail"":""Rate limit exceeded. Max 30 requests/minute."",""error"":""Too Many Requests""}",0.447
2026-09-14T01:16:53.627266Z,drivers,drivers_by_observed_driver_number,"{""driver_number"": 81, ""session_key"": 11264}",0,http_429,"{""detail"":""Rate limit exceeded. Max 30 requests/minute."",""error"":""Too Many Requests""}",0.451
2026-09-14T01:16:54.195097Z,drivers,drivers_by_observed_driver_number,"{""driver_number"": 87, ""session_key"": 11264}",0,http_429,"{""detail"":""Rate limit exceeded. Max 30 requests/minute."",""error"":""Too Many Requests""}",0.467
2026-09-14T01:16:54.744334Z,drivers,drivers_by_observed_driver_number,"{""driver_number"": 241, ""session_key"": 11264}",0,http_429,"{""detail"":""Rate limit exceeded. Max 30 requests/minute."",""error"":""Too Many Requests""}",0.448
2026-09-14T01:16:55.286805Z,drivers,drivers_by_observed_driver_number,"{""driver_number"": 243, ""session_key"": 11264}",0,http_429,"{""detail"":""Rate limit exceeded. Max 30 requests/minute."",""error"":""Too Many Requests""}",0.441
2026-09-14T01:16:55.824093Z,drivers,drivers_by_observed_driver_number,"{""driver_number"": 247, ""session_key"": 11264}",0,http_429,"{""detail"":""Rate limit exceeded. Max 30 requests/minute."",""error"":""Too Many Requests""}",0.436
2026-09-14T01:16:56.379400Z,team_radio,team_radio_by_session_key_opportunistic,"{""session_key"": 11264}",0,http_429,"{""detail"":""Rate limit exceeded. Max 30 requests/minute."",""error"":""Too Many Requests""}",0.454
2026-09-14T01:16:56.926612Z,weather,weather_by_session_key,"{""session_key"": 11265}",0,http_429,"{""detail"":""Rate limit exceeded. Max 30 requests/minute."",""error"":""Too Many Requests""}",0.446
2026-09-14T01:16:57.488156Z,race_control,race_control_by_session_key,"{""session_key"": 11265}",0,http_429,"{""detail"":""Rate limit exceeded. Max 30 requests/minute."",""error"":""Too Many Requests""}",0.46
2026-09-14T01:16:58.042677Z,intervals,intervals_by_session_key,"{""session_key"": 11265}",0,http_429,"{""detail"":""Rate limit exceeded. Max 30 requests/minute."",""error"":""Too Many Requests""}",0.453
2026-09-14T01:16:58.600940Z,position,position_by_session_key,"{""session_key"": 11265}",0,http_429,"{""detail"":""Rate limit exceeded. Max 30 requests/minute."",""error"":""Too Many Requests""}",0.457
2026-09-14T01:16:59.142132Z,position,position_by_meeting_key_fallback,"{""meeting_key"": 1283}",0,http_429,"{""detail"":""Rate limit exceeded. Max 30 requests/minute."",""error"":""Too Many Requests""}",0.44
2026-09-14T01:16:59.690600Z,stints,stints_by_session_key,"{""session_key"": 11265}",0,http_429,"{""detail"":""Rate limit exceeded. Max 30 requests/minute."",""error"":""Too Many Requests""}",0.447
2026-09-14T01:16:59.792020Z,pit,skip_non_race_like_session,"{""session_key"": 11265}",0,skipped_not_applicable,pit endpoint is only treated as required for race/sprint-like sessions,0.0
2026-09-14T01:17:00.236423Z,starting_grid,starting_grid_by_session_key,"{""session_key"": 11265}",0,http_404,"{""detail"":""No results found.""}",0.444
2026-09-14T01:17:00.920823Z,drivers,drivers_by_session_key,"{""session_key"": 11265}",22,pass,,0.583
2026-09-14T01:17:01.541025Z,team_radio,team_radio_by_session_key_opportunistic,"{""session_key"": 11265}",0,http_404,"{""detail"":""No results found.""}",0.518
2026-09-14T01:17:02.102924Z,weather,weather_by_session_key,"{""session_key"": 11269}",0,http_404,"{""detail"":""No results found.""}",0.46
2026-09-14T01:17:02.676473Z,race_control,race_control_by_session_key,"{""session_key"": 11269}",0,http_404,"{""detail"":""No results found.""}",0.472
2026-09-14T01:17:06.988671Z,intervals,intervals_by_session_key,"{""session_key"": 11269}",0,http_404,"{""detail"":""No results found.""}",4.211
2026-09-14T01:17:07.818062Z,position,position_by_session_key,"{""session_key"": 11269}",0,http_404,"{""detail"":""No results found.""}",0.728
2026-09-14T01:17:08.569557Z,position,position_by_meeting_key_fallback,"{""meeting_key"": 1283}",0,http_404,"{""detail"":""No results found.""}",0.65
2026-09-14T01:17:09.301155Z,stints,stints_by_session_key,"{""session_key"": 11269}",0,http_404,"{""detail"":""No results found.""}",0.63
2026-09-14T01:17:10.165787Z,pit,pit_by_session_key,"{""session_key"": 11269}",0,http_404,"{""detail"":""No results found.""}",0.763
2026-09-14T01:17:10.723497Z,starting_grid,starting_grid_by_session_key,"{""session_key"": 11269}",0,http_404,"{""detail"":""No results found.""}",0.456
2026-09-14T01:17:11.273628Z,drivers,drivers_by_session_key,"{""session_key"": 11269}",22,pass,,0.449
2026-09-14T01:17:11.906493Z,team_radio,team_radio_by_session_key_opportunistic,"{""session_key"": 11269}",0,http_404,"{""detail"":""No results found.""}",0.531
2026-09-14T01:17:12.448851Z,weather,weather_by_session_key,"{""session_key"": 11270}",101,pass,,0.441
2026-09-14T01:17:13.196418Z,race_control,race_control_by_session_key,"{""session_key"": 11270}",56,pass,,0.646
2026-09-14T01:17:13.938864Z,intervals,intervals_by_session_key,"{""session_key"": 11270}",0,http_404,"{""detail"":""No results found.""}",0.64
2026-09-14T01:17:14.907604Z,position,position_by_session_key,"{""session_key"": 11270}",670,pass,,0.867
2026-09-14T01:17:15.470578Z,stints,stints_by_session_key,"{""session_key"": 11270}",110,pass,,0.461
2026-09-14T01:17:15.572464Z,pit,skip_non_race_like_session,"{""session_key"": 11270}",0,skipped_not_applicable,pit endpoint is only treated as required for race/sprint-like sessions,0.0
2026-09-14T01:17:16.033573Z,starting_grid,starting_grid_by_session_key,"{""session_key"": 11270}",0,http_404,"{""detail"":""No results found.""}",0.461
2026-09-14T01:17:16.643469Z,drivers,drivers_by_session_key,"{""session_key"": 11270}",22,pass,,0.509
2026-09-14T01:17:17.205281Z,team_radio,team_radio_by_session_key_opportunistic,"{""session_key"": 11270}",0,http_404,"{""detail"":""No results found.""}",0.46
2026-09-14T01:17:17.818089Z,weather,weather_by_session_key,"{""session_key"": 11271}",59,pass,,0.511
2026-09-14T01:17:18.549285Z,race_control,race_control_by_session_key,"{""session_key"": 11271}",49,pass,,0.629
2026-09-14T01:17:19.104478Z,intervals,intervals_by_session_key,"{""session_key"": 11271}",0,http_404,"{""detail"":""No results found.""}",0.453
2026-09-14T01:17:19.731970Z,position,position_by_session_key,"{""session_key"": 11271}",941,pass,,0.526
2026-09-14T01:17:20.286529Z,stints,stints_by_session_key,"{""session_key"": 11271}",59,pass,,0.452
2026-09-14T01:17:20.866319Z,pit,pit_by_session_key,"{""session_key"": 11271}",59,pass,,0.478
2026-09-14T01:17:21.419145Z,starting_grid,starting_grid_by_session_key,"{""session_key"": 11271}",22,pass,,0.451
2026-09-14T01:17:22.240253Z,drivers,drivers_by_session_key,"{""session_key"": 11271}",22,pass,,0.719
2026-09-14T01:17:22.799050Z,team_radio,team_radio_by_session_key_opportunistic,"{""session_key"": 11271}",0,http_404,"{""detail"":""No results found.""}",0.457
2026-09-14T01:17:23.357344Z,weather,weather_by_session_key,"{""session_key"": 11275}",0,http_429,"{""detail"":""Rate limit exceeded. Max 30 requests/minute."",""error"":""Too Many Requests""}",0.457
2026-09-14T01:17:23.908153Z,race_control,race_control_by_session_key,"{""session_key"": 11275}",0,http_429,"{""detail"":""Rate limit exceeded. Max 30 requests/minute."",""error"":""Too Many Requests""}",0.449
2026-09-14T01:17:24.444333Z,intervals,intervals_by_session_key,"{""session_key"": 11275}",0,http_429,"{""detail"":""Rate limit exceeded. Max 30 requests/minute."",""error"":""Too Many Requests""}",0.435
2026-09-14T01:17:25.003245Z,position,position_by_session_key,"{""session_key"": 11275}",0,http_429,"{""detail"":""Rate limit exceeded. Max 30 requests/minute."",""error"":""Too Many Requests""}",0.458
2026-09-14T01:17:25.544744Z,position,position_by_meeting_key_fallback,"{""meeting_key"": 1284}",0,http_429,"{""detail"":""Rate limit exceeded. Max 30 requests/minute."",""error"":""Too Many Requests""}",0.44
2026-09-14T01:17:26.093782Z,stints,stints_by_session_key,"{""session_key"": 11275}",0,http_429,"{""detail"":""Rate limit exceeded. Max 30 requests/minute."",""error"":""Too Many Requests""}",0.448
2026-09-14T01:17:26.646948Z,pit,pit_by_session_key,"{""session_key"": 11275}",0,http_429,"{""detail"":""Rate limit exceeded. Max 30 requests/minute."",""error"":""Too Many Requests""}",0.452
2026-09-14T01:17:27.215518Z,starting_grid,starting_grid_by_session_key,"{""session_key"": 11275}",0,http_429,"{""detail"":""Rate limit exceeded. Max 30 requests/minute."",""error"":""Too Many Requests""}",0.467
2026-09-14T01:17:27.757705Z,drivers,drivers_by_session_key,"{""session_key"": 11275}",0,http_429,"{""detail"":""Rate limit exceeded. Max 30 requests/minute."",""error"":""Too Many Requests""}",0.441
2026-09-14T01:17:28.327745Z,drivers,drivers_by_observed_driver_number,"{""driver_number"": 1, ""session_key"": 11275}",0,http_429,"{""detail"":""Rate limit exceeded. Max 30 requests/minute."",""error"":""Too Many Requests""}",0.459
2026-09-14T01:17:28.867424Z,drivers,drivers_by_observed_driver_number,"{""driver_number"": 3, ""session_key"": 11275}",0,http_429,"{""detail"":""Rate limit exceeded. Max 30 requests/minute."",""error"":""Too Many Requests""}",0.438
2026-09-14T01:17:29.472121Z,drivers,drivers_by_observed_driver_number,"{""driver_number"": 5, ""session_key"": 11275}",0,http_429,"{""detail"":""Rate limit exceeded. Max 30 requests/minute."",""error"":""Too Many Requests""}",0.503
2026-09-14T01:17:30.027589Z,drivers,drivers_by_observed_driver_number,"{""driver_number"": 6, ""session_key"": 11275}",0,http_429,"{""detail"":""Rate limit exceeded. Max 30 requests/minute."",""error"":""Too Many Requests""}",0.454
2026-09-14T01:17:30.588121Z,drivers,drivers_by_observed_driver_number,"{""driver_number"": 10, ""session_key"": 11275}",0,http_429,"{""detail"":""Rate limit exceeded. Max 30 requests/minute."",""error"":""Too Many Requests""}",0.459
2026-09-14T01:17:31.136745Z,drivers,drivers_by_observed_driver_number,"{""driver_number"": 11, ""session_key"": 11275}",0,http_429,"{""detail"":""Rate limit exceeded. Max 30 requests/minute."",""error"":""Too Many Requests""}",0.447
2026-09-14T01:17:31.680395Z,drivers,drivers_by_observed_driver_number,"{""driver_number"": 12, ""session_key"": 11275}",0,http_429,"{""detail"":""Rate limit exceeded. Max 30 requests/minute."",""error"":""Too Many Requests""}",0.442
2026-09-14T01:17:32.241490Z,drivers,drivers_by_observed_driver_number,"{""driver_number"": 14, ""session_key"": 11275}",0,http_429,"{""detail"":""Rate limit exceeded. Max 30 requests/minute."",""error"":""Too Many Requests""}",0.46
2026-09-14T01:17:32.794089Z,drivers,drivers_by_observed_driver_number,"{""driver_number"": 16, ""session_key"": 11275}",0,http_429,"{""detail"":""Rate limit exceeded. Max 30 requests/minute."",""error"":""Too Many Requests""}",0.451
2026-09-14T01:17:33.350675Z,drivers,drivers_by_observed_driver_number,"{""driver_number"": 18, ""session_key"": 11275}",0,http_429,"{""detail"":""Rate limit exceeded. Max 30 requests/minute."",""error"":""Too Many Requests""}",0.455
2026-09-14T01:17:33.895479Z,drivers,drivers_by_observed_driver_number,"{""driver_number"": 23, ""session_key"": 11275}",0,http_429,"{""detail"":""Rate limit exceeded. Max 30 requests/minute."",""error"":""Too Many Requests""}",0.443
2026-09-14T01:17:34.445703Z,drivers,drivers_by_observed_driver_number,"{""driver_number"": 27, ""session_key"": 11275}",0,http_429,"{""detail"":""Rate limit exceeded. Max 30 requests/minute."",""error"":""Too Many Requests""}",0.449
2026-09-14T01:17:34.989854Z,drivers,drivers_by_observed_driver_number,"{""driver_number"": 30, ""session_key"": 11275}",0,http_429,"{""detail"":""Rate limit exceeded. Max 30 requests/minute."",""error"":""Too Many Requests""}",0.443
2026-09-14T01:17:35.533987Z,drivers,drivers_by_observed_driver_number,"{""driver_number"": 31, ""session_key"": 11275}",0,http_429,"{""detail"":""Rate limit exceeded. Max 30 requests/minute."",""error"":""Too Many Requests""}",0.443
2026-09-14T01:17:36.071221Z,drivers,drivers_by_observed_driver_number,"{""driver_number"": 34, ""session_key"": 11275}",0,http_429,"{""detail"":""Rate limit exceeded. Max 30 requests/minute."",""error"":""Too Many Requests""}",0.436
2026-09-14T01:17:36.625214Z,drivers,drivers_by_observed_driver_number,"{""driver_number"": 41, ""session_key"": 11275}",0,http_429,"{""detail"":""Rate limit exceeded. Max 30 requests/minute."",""error"":""Too Many Requests""}",0.453
2026-09-14T01:17:37.170562Z,drivers,drivers_by_observed_driver_number,"{""driver_number"": 43, ""session_key"": 11275}",0,http_429,"{""detail"":""Rate limit exceeded. Max 30 requests/minute."",""error"":""Too Many Requests""}",0.444
2026-09-14T01:17:37.722228Z,drivers,drivers_by_observed_driver_number,"{""driver_number"": 44, ""session_key"": 11275}",0,http_429,"{""detail"":""Rate limit exceeded. Max 30 requests/minute."",""error"":""Too Many Requests""}",0.45
2026-09-14T01:17:38.279445Z,drivers,drivers_by_observed_driver_number,"{""driver_number"": 55, ""session_key"": 11275}",0,http_429,"{""detail"":""Rate limit exceeded. Max 30 requests/minute."",""error"":""Too Many Requests""}",0.456
2026-09-14T01:17:38.824744Z,drivers,drivers_by_observed_driver_number,"{""driver_number"": 63, ""session_key"": 11275}",0,http_429,"{""detail"":""Rate limit exceeded. Max 30 requests/minute."",""error"":""Too Many Requests""}",0.444
2026-09-14T01:17:39.383963Z,drivers,drivers_by_observed_driver_number,"{""driver_number"": 77, ""session_key"": 11275}",0,http_429,"{""detail"":""Rate limit exceeded. Max 30 requests/minute."",""error"":""Too Many Requests""}",0.458
2026-09-14T01:17:39.929093Z,drivers,drivers_by_observed_driver_number,"{""driver_number"": 81, ""session_key"": 11275}",0,http_429,"{""detail"":""Rate limit exceeded. Max 30 requests/minute."",""error"":""Too Many Requests""}",0.444
2026-09-14T01:17:40.484008Z,drivers,drivers_by_observed_driver_number,"{""driver_number"": 87, ""session_key"": 11275}",0,http_429,"{""detail"":""Rate limit exceeded. Max 30 requests/minute."",""error"":""Too Many Requests""}",0.454
2026-09-14T01:17:41.045767Z,drivers,drivers_by_observed_driver_number,"{""driver_number"": 241, ""session_key"": 11275}",0,http_429,"{""detail"":""Rate limit exceeded. Max 30 requests/minute."",""error"":""Too Many Requests""}",0.46
2026-09-14T01:17:41.593531Z,drivers,drivers_by_observed_driver_number,"{""driver_number"": 243, ""session_key"": 11275}",0,http_429,"{""detail"":""Rate limit exceeded. Max 30 requests/minute."",""error"":""Too Many Requests""}",0.447
2026-09-14T01:17:42.153157Z,drivers,drivers_by_observed_driver_number,"{""driver_number"": 247, ""session_key"": 11275}",0,http_429,"{""detail"":""Rate limit exceeded. Max 30 requests/minute."",""error"":""Too Many Requests""}",0.458
2026-09-14T01:17:42.692832Z,team_radio,team_radio_by_session_key_opportunistic,"{""session_key"": 11275}",0,http_429,"{""detail"":""Rate limit exceeded. Max 30 requests/minute."",""error"":""Too Many Requests""}",0.438
2026-09-14T01:17:43.235142Z,weather,weather_by_session_key,"{""session_key"": 11276}",0,http_429,"{""detail"":""Rate limit exceeded. Max 30 requests/minute."",""error"":""Too Many Requests""}",0.441
2026-09-14T01:17:43.792326Z,race_control,race_control_by_session_key,"{""session_key"": 11276}",0,http_429,"{""detail"":""Rate limit exceeded. Max 30 requests/minute."",""error"":""Too Many Requests""}",0.456
2026-09-14T01:17:44.332237Z,intervals,intervals_by_session_key,"{""session_key"": 11276}",0,http_429,"{""detail"":""Rate limit exceeded. Max 30 requests/minute."",""error"":""Too Many Requests""}",0.438
2026-09-14T01:17:44.882382Z,position,position_by_session_key,"{""session_key"": 11276}",0,http_429,"{""detail"":""Rate limit exceeded. Max 30 requests/minute."",""error"":""Too Many Requests""}",0.449
2026-09-14T01:17:45.428534Z,position,position_by_meeting_key_fallback,"{""meeting_key"": 1284}",0,http_429,"{""detail"":""Rate limit exceeded. Max 30 requests/minute."",""error"":""Too Many Requests""}",0.445
2026-09-14T01:17:45.966509Z,stints,stints_by_session_key,"{""session_key"": 11276}",0,http_429,"{""detail"":""Rate limit exceeded. Max 30 requests/minute."",""error"":""Too Many Requests""}",0.437
2026-09-14T01:17:46.067905Z,pit,skip_non_race_like_session,"{""session_key"": 11276}",0,skipped_not_applicable,pit endpoint is only treated as required for race/sprint-like sessions,0.0
2026-09-14T01:17:46.517260Z,starting_grid,starting_grid_by_session_key,"{""session_key"": 11276}",0,http_429,"{""detail"":""Rate limit exceeded. Max 30 requests/minute."",""error"":""Too Many Requests""}",0.449
2026-09-14T01:17:47.071456Z,drivers,drivers_by_session_key,"{""session_key"": 11276}",0,http_429,"{""detail"":""Rate limit exceeded. Max 30 requests/minute."",""error"":""Too Many Requests""}",0.453
2026-09-14T01:17:47.628257Z,drivers,drivers_by_observed_driver_number,"{""driver_number"": 1, ""session_key"": 11276}",0,http_429,"{""detail"":""Rate limit exceeded. Max 30 requests/minute."",""error"":""Too Many Requests""}",0.446
2026-09-14T01:17:48.164758Z,drivers,drivers_by_observed_driver_number,"{""driver_number"": 3, ""session_key"": 11276}",0,http_429,"{""detail"":""Rate limit exceeded. Max 30 requests/minute."",""error"":""Too Many Requests""}",0.435
2026-09-14T01:17:48.716199Z,drivers,drivers_by_observed_driver_number,"{""driver_number"": 5, ""session_key"": 11276}",0,http_429,"{""detail"":""Rate limit exceeded. Max 30 requests/minute."",""error"":""Too Many Requests""}",0.45
2026-09-14T01:17:49.266721Z,drivers,drivers_by_observed_driver_number,"{""driver_number"": 6, ""session_key"": 11276}",0,http_429,"{""detail"":""Rate limit exceeded. Max 30 requests/minute."",""error"":""Too Many Requests""}",0.449
2026-09-14T01:17:49.803009Z,drivers,drivers_by_observed_driver_number,"{""driver_number"": 10, ""session_key"": 11276}",0,http_429,"{""detail"":""Rate limit exceeded. Max 30 requests/minute."",""error"":""Too Many Requests""}",0.435
2026-09-14T01:17:50.355755Z,drivers,drivers_by_observed_driver_number,"{""driver_number"": 11, ""session_key"": 11276}",0,http_429,"{""detail"":""Rate limit exceeded. Max 30 requests/minute."",""error"":""Too Many Requests""}",0.451
2026-09-14T01:17:50.909071Z,drivers,drivers_by_observed_driver_number,"{""driver_number"": 12, ""session_key"": 11276}",0,http_429,"{""detail"":""Rate limit exceeded. Max 30 requests/minute."",""error"":""Too Many Requests""}",0.452
2026-09-14T01:17:51.459929Z,drivers,drivers_by_observed_driver_number,"{""driver_number"": 14, ""session_key"": 11276}",0,http_429,"{""detail"":""Rate limit exceeded. Max 30 requests/minute."",""error"":""Too Many Requests""}",0.449
2026-09-14T01:17:52.028328Z,drivers,drivers_by_observed_driver_number,"{""driver_number"": 16, ""session_key"": 11276}",0,http_429,"{""detail"":""Rate limit exceeded. Max 30 requests/minute."",""error"":""Too Many Requests""}",0.467
2026-09-14T01:17:52.567774Z,drivers,drivers_by_observed_driver_number,"{""driver_number"": 18, ""session_key"": 11276}",0,http_429,"{""detail"":""Rate limit exceeded. Max 30 requests/minute."",""error"":""Too Many Requests""}",0.438
2026-09-14T01:17:53.116766Z,drivers,drivers_by_observed_driver_number,"{""driver_number"": 23, ""session_key"": 11276}",0,http_429,"{""detail"":""Rate limit exceeded. Max 30 requests/minute."",""error"":""Too Many Requests""}",0.448
2026-09-14T01:17:53.664232Z,drivers,drivers_by_observed_driver_number,"{""driver_number"": 27, ""session_key"": 11276}",0,http_429,"{""detail"":""Rate limit exceeded. Max 30 requests/minute."",""error"":""Too Many Requests""}",0.446
2026-09-14T01:17:54.220101Z,drivers,drivers_by_observed_driver_number,"{""driver_number"": 30, ""session_key"": 11276}",0,http_429,"{""detail"":""Rate limit exceeded. Max 30 requests/minute."",""error"":""Too Many Requests""}",0.455
2026-09-14T01:17:54.775284Z,drivers,drivers_by_observed_driver_number,"{""driver_number"": 31, ""session_key"": 11276}",0,http_429,"{""detail"":""Rate limit exceeded. Max 30 requests/minute."",""error"":""Too Many Requests""}",0.454
2026-09-14T01:17:55.336272Z,drivers,drivers_by_observed_driver_number,"{""driver_number"": 34, ""session_key"": 11276}",0,http_429,"{""detail"":""Rate limit exceeded. Max 30 requests/minute."",""error"":""Too Many Requests""}",0.46
2026-09-14T01:17:55.881294Z,drivers,drivers_by_observed_driver_number,"{""driver_number"": 41, ""session_key"": 11276}",0,http_429,"{""detail"":""Rate limit exceeded. Max 30 requests/minute."",""error"":""Too Many Requests""}",0.444
2026-09-14T01:17:56.437648Z,drivers,drivers_by_observed_driver_number,"{""driver_number"": 43, ""session_key"": 11276}",0,http_429,"{""detail"":""Rate limit exceeded. Max 30 requests/minute."",""error"":""Too Many Requests""}",0.455
2026-09-14T01:17:57.001345Z,drivers,drivers_by_observed_driver_number,"{""driver_number"": 44, ""session_key"": 11276}",0,http_429,"{""detail"":""Rate limit exceeded. Max 30 requests/minute."",""error"":""Too Many Requests""}",0.462
2026-09-14T01:17:57.557311Z,drivers,drivers_by_observed_driver_number,"{""driver_number"": 55, ""session_key"": 11276}",0,http_429,"{""detail"":""Rate limit exceeded. Max 30 requests/minute."",""error"":""Too Many Requests""}",0.455
2026-09-14T01:17:58.117475Z,drivers,drivers_by_observed_driver_number,"{""driver_number"": 63, ""session_key"": 11276}",0,http_429,"{""detail"":""Rate limit exceeded. Max 30 requests/minute."",""error"":""Too Many Requests""}",0.459
2026-09-14T01:17:58.660299Z,drivers,drivers_by_observed_driver_number,"{""driver_number"": 77, ""session_key"": 11276}",0,http_429,"{""detail"":""Rate limit exceeded. Max 30 requests/minute."",""error"":""Too Many Requests""}",0.442
2026-09-14T01:17:59.231721Z,drivers,drivers_by_observed_driver_number,"{""driver_number"": 81, ""session_key"": 11276}",0,http_429,"{""detail"":""Rate limit exceeded. Max 30 requests/minute."",""error"":""Too Many Requests""}",0.47
2026-09-14T01:17:59.780922Z,drivers,drivers_by_observed_driver_number,"{""driver_number"": 87, ""session_key"": 11276}",0,http_429,"{""detail"":""Rate limit exceeded. Max 30 requests/minute."",""error"":""Too Many Requests""}",0.448
2026-09-14T01:18:00.329897Z,drivers,drivers_by_observed_driver_number,"{""driver_number"": 241, ""session_key"": 11276}",0,http_404,"{""detail"":""No results found.""}",0.448
2026-09-14T01:18:00.874090Z,drivers,drivers_by_observed_driver_number,"{""driver_number"": 243, ""session_key"": 11276}",0,http_404,"{""detail"":""No results found.""}",0.443
2026-09-14T01:18:01.440241Z,drivers,drivers_by_observed_driver_number,"{""driver_number"": 247, ""session_key"": 11276}",0,http_404,"{""detail"":""No results found.""}",0.465
2026-09-14T01:18:01.995023Z,team_radio,team_radio_by_session_key_opportunistic,"{""session_key"": 11276}",0,http_404,"{""detail"":""No results found.""}",0.453
2026-09-14T01:18:02.590661Z,weather,weather_by_session_key,"{""session_key"": 11280}",168,pass,,0.494
2026-09-14T01:18:03.155731Z,race_control,race_control_by_session_key,"{""session_key"": 11280}",178,pass,,0.463
2026-09-14T01:18:06.888215Z,intervals,intervals_by_session_key,"{""session_key"": 11280}",25483,pass,,3.63
2026-09-14T01:18:07.475862Z,position,position_by_session_key,"{""session_key"": 11280}",550,pass,,0.482
2026-09-14T01:18:08.052363Z,stints,stints_by_session_key,"{""session_key"": 11280}",44,pass,,0.474
2026-09-14T01:18:08.612801Z,pit,pit_by_session_key,"{""session_key"": 11280}",22,pass,,0.458
2026-09-14T01:18:09.239050Z,starting_grid,starting_grid_by_session_key,"{""session_key"": 11280}",0,http_404,"{""detail"":""No results found.""}",0.524
2026-09-14T01:18:09.788516Z,drivers,drivers_by_session_key,"{""session_key"": 11280}",22,pass,,0.448
2026-09-14T01:18:10.344456Z,team_radio,team_radio_by_session_key_opportunistic,"{""session_key"": 11280}",0,http_404,"{""detail"":""No results found.""}",0.454
2026-09-14T01:18:10.917634Z,weather,weather_by_session_key,"{""session_key"": 11281}",102,pass,,0.472
2026-09-14T01:18:11.659397Z,race_control,race_control_by_session_key,"{""session_key"": 11281}",106,pass,,0.64
2026-09-14T01:18:12.233037Z,intervals,intervals_by_session_key,"{""session_key"": 11281}",0,http_404,"{""detail"":""No results found.""}",0.472
2026-09-14T01:18:13.032998Z,position,position_by_session_key,"{""session_key"": 11281}",843,pass,,0.698
2026-09-14T01:18:13.585069Z,stints,stints_by_session_key,"{""session_key"": 11281}",109,pass,,0.45
2026-09-14T01:18:13.687350Z,pit,skip_non_race_like_session,"{""session_key"": 11281}",0,skipped_not_applicable,pit endpoint is only treated as required for race/sprint-like sessions,0.0
2026-09-14T01:18:14.154455Z,starting_grid,starting_grid_by_session_key,"{""session_key"": 11281}",0,http_404,"{""detail"":""No results found.""}",0.467
2026-09-14T01:18:14.725001Z,drivers,drivers_by_session_key,"{""session_key"": 11281}",22,pass,,0.469
2026-09-14T01:18:15.288224Z,team_radio,team_radio_by_session_key_opportunistic,"{""session_key"": 11281}",0,http_404,"{""detail"":""No results found.""}",0.461
2026-09-14T01:18:15.854166Z,weather,weather_by_session_key,"{""session_key"": 11282}",77,pass,,0.464
2026-09-14T01:18:16.411083Z,race_control,race_control_by_session_key,"{""session_key"": 11282}",65,pass,,0.455
2026-09-14T01:18:16.970437Z,intervals,intervals_by_session_key,"{""session_key"": 11282}",0,http_404,"{""detail"":""No results found.""}",0.457
2026-09-14T01:18:17.605328Z,position,position_by_session_key,"{""session_key"": 11282}",1035,pass,,0.534
2026-09-14T01:18:18.217342Z,stints,stints_by_session_key,"{""session_key"": 11282}",56,pass,,0.51
2026-09-14T01:18:18.765727Z,pit,pit_by_session_key,"{""session_key"": 11282}",56,pass,,0.446
2026-09-14T01:18:19.311167Z,starting_grid,starting_grid_by_session_key,"{""session_key"": 11282}",22,pass,,0.443
2026-09-14T01:18:19.852038Z,drivers,drivers_by_session_key,"{""session_key"": 11282}",22,pass,,0.439
2026-09-14T01:18:20.722288Z,team_radio,team_radio_by_session_key_opportunistic,"{""session_key"": 11282}",0,http_404,"{""detail"":""No results found.""}",0.768
2026-09-14T01:18:21.269745Z,weather,weather_by_session_key,"{""session_key"": 11286}",0,http_429,"{""detail"":""Rate limit exceeded. Max 30 requests/minute."",""error"":""Too Many Requests""}",0.446
2026-09-14T01:18:21.823191Z,race_control,race_control_by_session_key,"{""session_key"": 11286}",0,http_429,"{""detail"":""Rate limit exceeded. Max 30 requests/minute."",""error"":""Too Many Requests""}",0.452
2026-09-14T01:18:22.380953Z,intervals,intervals_by_session_key,"{""session_key"": 11286}",0,http_429,"{""detail"":""Rate limit exceeded. Max 30 requests/minute."",""error"":""Too Many Requests""}",0.456
2026-09-14T01:18:23.126397Z,position,position_by_session_key,"{""session_key"": 11286}",0,http_429,"{""detail"":""Rate limit exceeded. Max 30 requests/minute."",""error"":""Too Many Requests""}",0.644
2026-09-14T01:18:23.675572Z,position,position_by_meeting_key_fallback,"{""meeting_key"": 1285}",0,http_429,"{""detail"":""Rate limit exceeded. Max 30 requests/minute."",""error"":""Too Many Requests""}",0.448
2026-09-14T01:18:24.216810Z,stints,stints_by_session_key,"{""session_key"": 11286}",0,http_429,"{""detail"":""Rate limit exceeded. Max 30 requests/minute."",""error"":""Too Many Requests""}",0.44
2026-09-14T01:18:24.757151Z,pit,pit_by_session_key,"{""session_key"": 11286}",0,http_429,"{""detail"":""Rate limit exceeded. Max 30 requests/minute."",""error"":""Too Many Requests""}",0.439
2026-09-14T01:18:25.358662Z,starting_grid,starting_grid_by_session_key,"{""session_key"": 11286}",0,http_429,"{""detail"":""Rate limit exceeded. Max 30 requests/minute."",""error"":""Too Many Requests""}",0.5
2026-09-14T01:18:26.218028Z,drivers,drivers_by_session_key,"{""session_key"": 11286}",0,http_429,"{""detail"":""Rate limit exceeded. Max 30 requests/minute."",""error"":""Too Many Requests""}",0.758
2026-09-14T01:18:27.666378Z,drivers,drivers_by_observed_driver_number,"{""driver_number"": 1, ""session_key"": 11286}",0,http_429,"{""detail"":""Rate limit exceeded. Max 30 requests/minute."",""error"":""Too Many Requests""}",1.335
2026-09-14T01:18:28.259241Z,drivers,drivers_by_observed_driver_number,"{""driver_number"": 3, ""session_key"": 11286}",0,http_429,"{""detail"":""Rate limit exceeded. Max 30 requests/minute."",""error"":""Too Many Requests""}",0.492
2026-09-14T01:18:28.806713Z,drivers,drivers_by_observed_driver_number,"{""driver_number"": 5, ""session_key"": 11286}",0,http_429,"{""detail"":""Rate limit exceeded. Max 30 requests/minute."",""error"":""Too Many Requests""}",0.446
2026-09-14T01:18:29.380405Z,drivers,drivers_by_observed_driver_number,"{""driver_number"": 6, ""session_key"": 11286}",0,http_429,"{""detail"":""Rate limit exceeded. Max 30 requests/minute."",""error"":""Too Many Requests""}",0.472
2026-09-14T01:18:29.923577Z,drivers,drivers_by_observed_driver_number,"{""driver_number"": 10, ""session_key"": 11286}",0,http_429,"{""detail"":""Rate limit exceeded. Max 30 requests/minute."",""error"":""Too Many Requests""}",0.442
2026-09-14T01:18:32.231663Z,drivers,drivers_by_observed_driver_number,"{""driver_number"": 11, ""session_key"": 11286}",0,http_429,"{""detail"":""Rate limit exceeded. Max 30 requests/minute."",""error"":""Too Many Requests""}",2.207
2026-09-14T01:18:32.779042Z,drivers,drivers_by_observed_driver_number,"{""driver_number"": 12, ""session_key"": 11286}",0,http_429,"{""detail"":""Rate limit exceeded. Max 30 requests/minute."",""error"":""Too Many Requests""}",0.446
2026-09-14T01:18:33.336292Z,drivers,drivers_by_observed_driver_number,"{""driver_number"": 14, ""session_key"": 11286}",0,http_429,"{""detail"":""Rate limit exceeded. Max 30 requests/minute."",""error"":""Too Many Requests""}",0.456
2026-09-14T01:18:33.874575Z,drivers,drivers_by_observed_driver_number,"{""driver_number"": 16, ""session_key"": 11286}",0,http_429,"{""detail"":""Rate limit exceeded. Max 30 requests/minute."",""error"":""Too Many Requests""}",0.437
2026-09-14T01:18:35.058331Z,drivers,drivers_by_observed_driver_number,"{""driver_number"": 18, ""session_key"": 11286}",0,http_429,"{""detail"":""Rate limit exceeded. Max 30 requests/minute."",""error"":""Too Many Requests""}",1.083
2026-09-14T01:18:35.638197Z,drivers,drivers_by_observed_driver_number,"{""driver_number"": 23, ""session_key"": 11286}",0,http_429,"{""detail"":""Rate limit exceeded. Max 30 requests/minute."",""error"":""Too Many Requests""}",0.478
2026-09-14T01:18:36.180560Z,drivers,drivers_by_observed_driver_number,"{""driver_number"": 27, ""session_key"": 11286}",0,http_429,"{""detail"":""Rate limit exceeded. Max 30 requests/minute."",""error"":""Too Many Requests""}",0.441
2026-09-14T01:18:36.730103Z,drivers,drivers_by_observed_driver_number,"{""driver_number"": 30, ""session_key"": 11286}",0,http_429,"{""detail"":""Rate limit exceeded. Max 30 requests/minute."",""error"":""Too Many Requests""}",0.448
2026-09-14T01:18:37.291702Z,drivers,drivers_by_observed_driver_number,"{""driver_number"": 31, ""session_key"": 11286}",0,http_429,"{""detail"":""Rate limit exceeded. Max 30 requests/minute."",""error"":""Too Many Requests""}",0.46
2026-09-14T01:18:37.850335Z,drivers,drivers_by_observed_driver_number,"{""driver_number"": 34, ""session_key"": 11286}",0,http_429,"{""detail"":""Rate limit exceeded. Max 30 requests/minute."",""error"":""Too Many Requests""}",0.457
2026-09-14T01:18:38.392219Z,drivers,drivers_by_observed_driver_number,"{""driver_number"": 41, ""session_key"": 11286}",0,http_429,"{""detail"":""Rate limit exceeded. Max 30 requests/minute."",""error"":""Too Many Requests""}",0.44
2026-09-14T01:18:38.969135Z,drivers,drivers_by_observed_driver_number,"{""driver_number"": 43, ""session_key"": 11286}",0,http_429,"{""detail"":""Rate limit exceeded. Max 30 requests/minute."",""error"":""Too Many Requests""}",0.476
2026-09-14T01:18:39.513180Z,drivers,drivers_by_observed_driver_number,"{""driver_number"": 44, ""session_key"": 11286}",0,http_429,"{""detail"":""Rate limit exceeded. Max 30 requests/minute."",""error"":""Too Many Requests""}",0.443
2026-09-14T01:18:40.059187Z,drivers,drivers_by_observed_driver_number,"{""driver_number"": 55, ""session_key"": 11286}",0,http_429,"{""detail"":""Rate limit exceeded. Max 30 requests/minute."",""error"":""Too Many Requests""}",0.445
2026-09-14T01:18:40.602299Z,drivers,drivers_by_observed_driver_number,"{""driver_number"": 63, ""session_key"": 11286}",0,http_429,"{""detail"":""Rate limit exceeded. Max 30 requests/minute."",""error"":""Too Many Requests""}",0.442
2026-09-14T01:18:41.158016Z,drivers,drivers_by_observed_driver_number,"{""driver_number"": 77, ""session_key"": 11286}",0,http_429,"{""detail"":""Rate limit exceeded. Max 30 requests/minute."",""error"":""Too Many Requests""}",0.454
2026-09-14T01:18:41.886078Z,drivers,drivers_by_observed_driver_number,"{""driver_number"": 81, ""session_key"": 11286}",0,http_429,"{""detail"":""Rate limit exceeded. Max 30 requests/minute."",""error"":""Too Many Requests""}",0.627
2026-09-14T01:18:42.429241Z,drivers,drivers_by_observed_driver_number,"{""driver_number"": 87, ""session_key"": 11286}",0,http_429,"{""detail"":""Rate limit exceeded. Max 30 requests/minute."",""error"":""Too Many Requests""}",0.442
2026-09-14T01:18:43.336253Z,drivers,drivers_by_observed_driver_number,"{""driver_number"": 241, ""session_key"": 11286}",0,http_429,"{""detail"":""Rate limit exceeded. Max 30 requests/minute."",""error"":""Too Many Requests""}",0.806
2026-09-14T01:18:43.880495Z,drivers,drivers_by_observed_driver_number,"{""driver_number"": 243, ""session_key"": 11286}",0,http_429,"{""detail"":""Rate limit exceeded. Max 30 requests/minute."",""error"":""Too Many Requests""}",0.443
2026-09-14T01:18:44.433520Z,drivers,drivers_by_observed_driver_number,"{""driver_number"": 247, ""session_key"": 11286}",0,http_429,"{""detail"":""Rate limit exceeded. Max 30 requests/minute."",""error"":""Too Many Requests""}",0.452
2026-09-14T01:18:44.994005Z,team_radio,team_radio_by_session_key_opportunistic,"{""session_key"": 11286}",0,http_429,"{""detail"":""Rate limit exceeded. Max 30 requests/minute."",""error"":""Too Many Requests""}",0.459
2026-09-14T01:18:45.563706Z,weather,weather_by_session_key,"{""session_key"": 11287}",0,http_429,"{""detail"":""Rate limit exceeded. Max 30 requests/minute."",""error"":""Too Many Requests""}",0.468
2026-09-14T01:18:46.138133Z,race_control,race_control_by_session_key,"{""session_key"": 11287}",0,http_429,"{""detail"":""Rate limit exceeded. Max 30 requests/minute."",""error"":""Too Many Requests""}",0.473
2026-09-14T01:18:46.680205Z,intervals,intervals_by_session_key,"{""session_key"": 11287}",0,http_429,"{""detail"":""Rate limit exceeded. Max 30 requests/minute."",""error"":""Too Many Requests""}",0.441
2026-09-14T01:18:47.236989Z,position,position_by_session_key,"{""session_key"": 11287}",0,http_429,"{""detail"":""Rate limit exceeded. Max 30 requests/minute."",""error"":""Too Many Requests""}",0.456
2026-09-14T01:18:47.789714Z,position,position_by_meeting_key_fallback,"{""meeting_key"": 1285}",0,http_429,"{""detail"":""Rate limit exceeded. Max 30 requests/minute."",""error"":""Too Many Requests""}",0.451
2026-09-14T01:18:48.361472Z,stints,stints_by_session_key,"{""session_key"": 11287}",0,http_429,"{""detail"":""Rate limit exceeded. Max 30 requests/minute."",""error"":""Too Many Requests""}",0.47
2026-09-14T01:18:48.462984Z,pit,skip_non_race_like_session,"{""session_key"": 11287}",0,skipped_not_applicable,pit endpoint is only treated as required for race/sprint-like sessions,0.0
2026-09-14T01:18:48.905010Z,starting_grid,starting_grid_by_session_key,"{""session_key"": 11287}",0,http_429,"{""detail"":""Rate limit exceeded. Max 30 requests/minute."",""error"":""Too Many Requests""}",0.442
2026-09-14T01:18:49.460940Z,drivers,drivers_by_session_key,"{""session_key"": 11287}",0,http_429,"{""detail"":""Rate limit exceeded. Max 30 requests/minute."",""error"":""Too Many Requests""}",0.455
2026-09-14T01:18:50.017566Z,drivers,drivers_by_observed_driver_number,"{""driver_number"": 1, ""session_key"": 11287}",0,http_429,"{""detail"":""Rate limit exceeded. Max 30 requests/minute."",""error"":""Too Many Requests""}",0.443
2026-09-14T01:18:50.575973Z,drivers,drivers_by_observed_driver_number,"{""driver_number"": 3, ""session_key"": 11287}",0,http_429,"{""detail"":""Rate limit exceeded. Max 30 requests/minute."",""error"":""Too Many Requests""}",0.457
2026-09-14T01:18:51.129073Z,drivers,drivers_by_observed_driver_number,"{""driver_number"": 5, ""session_key"": 11287}",0,http_429,"{""detail"":""Rate limit exceeded. Max 30 requests/minute."",""error"":""Too Many Requests""}",0.452
2026-09-14T01:18:51.670179Z,drivers,drivers_by_observed_driver_number,"{""driver_number"": 6, ""session_key"": 11287}",0,http_429,"{""detail"":""Rate limit exceeded. Max 30 requests/minute."",""error"":""Too Many Requests""}",0.44
2026-09-14T01:18:52.207665Z,drivers,drivers_by_observed_driver_number,"{""driver_number"": 10, ""session_key"": 11287}",0,http_429,"{""detail"":""Rate limit exceeded. Max 30 requests/minute."",""error"":""Too Many Requests""}",0.436
2026-09-14T01:18:52.756041Z,drivers,drivers_by_observed_driver_number,"{""driver_number"": 11, ""session_key"": 11287}",0,http_429,"{""detail"":""Rate limit exceeded. Max 30 requests/minute."",""error"":""Too Many Requests""}",0.447
2026-09-14T01:18:53.314933Z,drivers,drivers_by_observed_driver_number,"{""driver_number"": 12, ""session_key"": 11287}",0,http_429,"{""detail"":""Rate limit exceeded. Max 30 requests/minute."",""error"":""Too Many Requests""}",0.458
2026-09-14T01:18:53.863220Z,drivers,drivers_by_observed_driver_number,"{""driver_number"": 14, ""session_key"": 11287}",0,http_429,"{""detail"":""Rate limit exceeded. Max 30 requests/minute."",""error"":""Too Many Requests""}",0.447
2026-09-14T01:18:54.409039Z,drivers,drivers_by_observed_driver_number,"{""driver_number"": 16, ""session_key"": 11287}",0,http_429,"{""detail"":""Rate limit exceeded. Max 30 requests/minute."",""error"":""Too Many Requests""}",0.445
2026-09-14T01:18:54.962079Z,drivers,drivers_by_observed_driver_number,"{""driver_number"": 18, ""session_key"": 11287}",0,http_429,"{""detail"":""Rate limit exceeded. Max 30 requests/minute."",""error"":""Too Many Requests""}",0.452
2026-09-14T01:18:55.520914Z,drivers,drivers_by_observed_driver_number,"{""driver_number"": 23, ""session_key"": 11287}",0,http_429,"{""detail"":""Rate limit exceeded. Max 30 requests/minute."",""error"":""Too Many Requests""}",0.458
2026-09-14T01:18:56.075131Z,drivers,drivers_by_observed_driver_number,"{""driver_number"": 27, ""session_key"": 11287}",0,http_429,"{""detail"":""Rate limit exceeded. Max 30 requests/minute."",""error"":""Too Many Requests""}",0.453
2026-09-14T01:18:56.614768Z,drivers,drivers_by_observed_driver_number,"{""driver_number"": 30, ""session_key"": 11287}",0,http_429,"{""detail"":""Rate limit exceeded. Max 30 requests/minute."",""error"":""Too Many Requests""}",0.438
2026-09-14T01:18:57.161464Z,drivers,drivers_by_observed_driver_number,"{""driver_number"": 31, ""session_key"": 11287}",0,http_429,"{""detail"":""Rate limit exceeded. Max 30 requests/minute."",""error"":""Too Many Requests""}",0.445
2026-09-14T01:18:57.719283Z,drivers,drivers_by_observed_driver_number,"{""driver_number"": 34, ""session_key"": 11287}",0,http_429,"{""detail"":""Rate limit exceeded. Max 30 requests/minute."",""error"":""Too Many Requests""}",0.457
2026-09-14T01:18:58.259364Z,drivers,drivers_by_observed_driver_number,"{""driver_number"": 41, ""session_key"": 11287}",0,http_429,"{""detail"":""Rate limit exceeded. Max 30 requests/minute."",""error"":""Too Many Requests""}",0.439
2026-09-14T01:18:58.800536Z,drivers,drivers_by_observed_driver_number,"{""driver_number"": 43, ""session_key"": 11287}",0,http_429,"{""detail"":""Rate limit exceeded. Max 30 requests/minute."",""error"":""Too Many Requests""}",0.44
2026-09-14T01:18:59.347741Z,drivers,drivers_by_observed_driver_number,"{""driver_number"": 44, ""session_key"": 11287}",0,http_429,"{""detail"":""Rate limit exceeded. Max 30 requests/minute."",""error"":""Too Many Requests""}",0.446
2026-09-14T01:18:59.885157Z,drivers,drivers_by_observed_driver_number,"{""driver_number"": 55, ""session_key"": 11287}",0,http_429,"{""detail"":""Rate limit exceeded. Max 30 requests/minute."",""error"":""Too Many Requests""}",0.436
2026-09-14T01:19:00.445041Z,drivers,drivers_by_observed_driver_number,"{""driver_number"": 63, ""session_key"": 11287}",1,pass,,0.458
2026-09-14T01:19:00.994433Z,drivers,drivers_by_observed_driver_number,"{""driver_number"": 77, ""session_key"": 11287}",1,pass,,0.448
2026-09-14T01:19:01.547108Z,drivers,drivers_by_observed_driver_number,"{""driver_number"": 81, ""session_key"": 11287}",1,pass,,0.451
2026-09-14T01:19:02.125330Z,drivers,drivers_by_observed_driver_number,"{""driver_number"": 87, ""session_key"": 11287}",1,pass,,0.477
2026-09-14T01:19:02.680800Z,drivers,drivers_by_observed_driver_number,"{""driver_number"": 241, ""session_key"": 11287}",0,http_404,"{""detail"":""No results found.""}",0.454
2026-09-14T01:19:03.271802Z,drivers,drivers_by_observed_driver_number,"{""driver_number"": 243, ""session_key"": 11287}",0,http_404,"{""detail"":""No results found.""}",0.49
2026-09-14T01:19:03.880033Z,drivers,drivers_by_observed_driver_number,"{""driver_number"": 247, ""session_key"": 11287}",0,http_404,"{""detail"":""No results found.""}",0.507
2026-09-14T01:19:04.637482Z,team_radio,team_radio_by_session_key_opportunistic,"{""session_key"": 11287}",19,pass,,0.654
2026-09-14T01:19:05.202065Z,weather,weather_by_session_key,"{""session_key"": 11291}",160,pass,,0.462
2026-09-14T01:19:05.802700Z,race_control,race_control_by_session_key,"{""session_key"": 11291}",287,pass,,0.499
2026-09-14T01:19:08.115733Z,intervals,intervals_by_session_key,"{""session_key"": 11291}",22532,pass,,2.211
2026-09-14T01:19:10.169536Z,position,position_by_session_key,"{""session_key"": 11291}",470,pass,,1.948
2026-09-14T01:19:10.736145Z,stints,stints_by_session_key,"{""session_key"": 11291}",56,pass,,0.465
2026-09-14T01:19:11.286924Z,pit,pit_by_session_key,"{""session_key"": 11291}",34,pass,,0.449
2026-09-14T01:19:11.832013Z,starting_grid,starting_grid_by_session_key,"{""session_key"": 11291}",0,http_404,"{""detail"":""No results found.""}",0.443
2026-09-14T01:19:12.518169Z,drivers,drivers_by_session_key,"{""session_key"": 11291}",22,pass,,0.585
2026-09-14T01:19:13.098464Z,team_radio,team_radio_by_session_key_opportunistic,"{""session_key"": 11291}",33,pass,,0.478
2026-09-14T01:19:13.819567Z,weather,weather_by_session_key,"{""session_key"": 11292}",80,pass,,0.619
2026-09-14T01:19:14.386362Z,race_control,race_control_by_session_key,"{""session_key"": 11292}",130,pass,,0.465
2026-09-14T01:19:14.937110Z,intervals,intervals_by_session_key,"{""session_key"": 11292}",0,http_404,"{""detail"":""No results found.""}",0.449
2026-09-14T01:19:15.552350Z,position,position_by_session_key,"{""session_key"": 11292}",1015,pass,,0.514
2026-09-14T01:19:16.120861Z,stints,stints_by_session_key,"{""session_key"": 11292}",81,pass,,0.466
2026-09-14T01:19:16.223003Z,pit,skip_non_race_like_session,"{""session_key"": 11292}",0,skipped_not_applicable,pit endpoint is only treated as required for race/sprint-like sessions,0.0
2026-09-14T01:19:16.681826Z,starting_grid,starting_grid_by_session_key,"{""session_key"": 11292}",0,http_404,"{""detail"":""No results found.""}",0.459
2026-09-14T01:19:17.400732Z,drivers,drivers_by_session_key,"{""session_key"": 11292}",22,pass,,0.618
2026-09-14T01:19:17.960606Z,team_radio,team_radio_by_session_key_opportunistic,"{""session_key"": 11292}",0,http_404,"{""detail"":""No results found.""}",0.458
2026-09-14T01:19:18.523097Z,weather,weather_by_session_key,"{""session_key"": 11293}",80,pass,,0.461
2026-09-14T01:19:19.228098Z,race_control,race_control_by_session_key,"{""session_key"": 11293}",110,pass,,0.603
2026-09-14T01:19:19.784211Z,intervals,intervals_by_session_key,"{""session_key"": 11293}",0,http_404,"{""detail"":""No results found.""}",0.454
2026-09-14T01:19:20.401494Z,position,position_by_session_key,"{""session_key"": 11293}",816,pass,,0.516
2026-09-14T01:19:20.958109Z,stints,stints_by_session_key,"{""session_key"": 11293}",91,pass,,0.454
2026-09-14T01:19:21.060291Z,pit,skip_non_race_like_session,"{""session_key"": 11293}",0,skipped_not_applicable,pit endpoint is only treated as required for race/sprint-like sessions,0.0
2026-09-14T01:19:21.518359Z,starting_grid,starting_grid_by_session_key,"{""session_key"": 11293}",0,http_429,"{""detail"":""Rate limit exceeded. Max 30 requests/minute."",""error"":""Too Many Requests""}",0.458
2026-09-14T01:19:22.074035Z,drivers,drivers_by_session_key,"{""session_key"": 11293}",0,http_429,"{""detail"":""Rate limit exceeded. Max 30 requests/minute."",""error"":""Too Many Requests""}",0.454
2026-09-14T01:19:22.631611Z,drivers,drivers_by_observed_driver_number,"{""driver_number"": 1, ""session_key"": 11293}",0,http_429,"{""detail"":""Rate limit exceeded. Max 30 requests/minute."",""error"":""Too Many Requests""}",0.442
2026-09-14T01:19:23.178176Z,drivers,drivers_by_observed_driver_number,"{""driver_number"": 3, ""session_key"": 11293}",0,http_429,"{""detail"":""Rate limit exceeded. Max 30 requests/minute."",""error"":""Too Many Requests""}",0.445
2026-09-14T01:19:23.746375Z,drivers,drivers_by_observed_driver_number,"{""driver_number"": 5, ""session_key"": 11293}",0,http_429,"{""detail"":""Rate limit exceeded. Max 30 requests/minute."",""error"":""Too Many Requests""}",0.467
2026-09-14T01:19:24.289563Z,drivers,drivers_by_observed_driver_number,"{""driver_number"": 6, ""session_key"": 11293}",0,http_429,"{""detail"":""Rate limit exceeded. Max 30 requests/minute."",""error"":""Too Many Requests""}",0.442
2026-09-14T01:19:24.838754Z,drivers,drivers_by_observed_driver_number,"{""driver_number"": 10, ""session_key"": 11293}",0,http_429,"{""detail"":""Rate limit exceeded. Max 30 requests/minute."",""error"":""Too Many Requests""}",0.448
2026-09-14T01:19:25.394502Z,drivers,drivers_by_observed_driver_number,"{""driver_number"": 11, ""session_key"": 11293}",0,http_429,"{""detail"":""Rate limit exceeded. Max 30 requests/minute."",""error"":""Too Many Requests""}",0.455
2026-09-14T01:19:25.947126Z,drivers,drivers_by_observed_driver_number,"{""driver_number"": 12, ""session_key"": 11293}",0,http_429,"{""detail"":""Rate limit exceeded. Max 30 requests/minute."",""error"":""Too Many Requests""}",0.451
2026-09-14T01:19:26.483789Z,drivers,drivers_by_observed_driver_number,"{""driver_number"": 14, ""session_key"": 11293}",0,http_429,"{""detail"":""Rate limit exceeded. Max 30 requests/minute."",""error"":""Too Many Requests""}",0.435
2026-09-14T01:19:27.039384Z,drivers,drivers_by_observed_driver_number,"{""driver_number"": 16, ""session_key"": 11293}",0,http_429,"{""detail"":""Rate limit exceeded. Max 30 requests/minute."",""error"":""Too Many Requests""}",0.454
2026-09-14T01:19:27.599174Z,drivers,drivers_by_observed_driver_number,"{""driver_number"": 18, ""session_key"": 11293}",0,http_429,"{""detail"":""Rate limit exceeded. Max 30 requests/minute."",""error"":""Too Many Requests""}",0.458
2026-09-14T01:19:28.146287Z,drivers,drivers_by_observed_driver_number,"{""driver_number"": 23, ""session_key"": 11293}",0,http_429,"{""detail"":""Rate limit exceeded. Max 30 requests/minute."",""error"":""Too Many Requests""}",0.446
2026-09-14T01:19:28.695587Z,drivers,drivers_by_observed_driver_number,"{""driver_number"": 27, ""session_key"": 11293}",0,http_429,"{""detail"":""Rate limit exceeded. Max 30 requests/minute."",""error"":""Too Many Requests""}",0.448
2026-09-14T01:19:29.239861Z,drivers,drivers_by_observed_driver_number,"{""driver_number"": 30, ""session_key"": 11293}",0,http_429,"{""detail"":""Rate limit exceeded. Max 30 requests/minute."",""error"":""Too Many Requests""}",0.443
2026-09-14T01:19:29.781528Z,drivers,drivers_by_observed_driver_number,"{""driver_number"": 31, ""session_key"": 11293}",0,http_429,"{""detail"":""Rate limit exceeded. Max 30 requests/minute."",""error"":""Too Many Requests""}",0.44
2026-09-14T01:19:30.334986Z,drivers,drivers_by_observed_driver_number,"{""driver_number"": 34, ""session_key"": 11293}",0,http_429,"{""detail"":""Rate limit exceeded. Max 30 requests/minute."",""error"":""Too Many Requests""}",0.452
2026-09-14T01:19:30.905792Z,drivers,drivers_by_observed_driver_number,"{""driver_number"": 41, ""session_key"": 11293}",0,http_429,"{""detail"":""Rate limit exceeded. Max 30 requests/minute."",""error"":""Too Many Requests""}",0.469
2026-09-14T01:19:31.461375Z,drivers,drivers_by_observed_driver_number,"{""driver_number"": 43, ""session_key"": 11293}",0,http_429,"{""detail"":""Rate limit exceeded. Max 30 requests/minute."",""error"":""Too Many Requests""}",0.454
2026-09-14T01:19:32.007405Z,drivers,drivers_by_observed_driver_number,"{""driver_number"": 44, ""session_key"": 11293}",0,http_429,"{""detail"":""Rate limit exceeded. Max 30 requests/minute."",""error"":""Too Many Requests""}",0.445
2026-09-14T01:19:32.552295Z,drivers,drivers_by_observed_driver_number,"{""driver_number"": 55, ""session_key"": 11293}",0,http_429,"{""detail"":""Rate limit exceeded. Max 30 requests/minute."",""error"":""Too Many Requests""}",0.444
2026-09-14T01:19:33.109732Z,drivers,drivers_by_observed_driver_number,"{""driver_number"": 63, ""session_key"": 11293}",0,http_429,"{""detail"":""Rate limit exceeded. Max 30 requests/minute."",""error"":""Too Many Requests""}",0.456
2026-09-14T01:19:33.660312Z,drivers,drivers_by_observed_driver_number,"{""driver_number"": 77, ""session_key"": 11293}",0,http_429,"{""detail"":""Rate limit exceeded. Max 30 requests/minute."",""error"":""Too Many Requests""}",0.449
2026-09-14T01:19:34.215810Z,drivers,drivers_by_observed_driver_number,"{""driver_number"": 81, ""session_key"": 11293}",0,http_429,"{""detail"":""Rate limit exceeded. Max 30 requests/minute."",""error"":""Too Many Requests""}",0.454
2026-09-14T01:19:34.785409Z,drivers,drivers_by_observed_driver_number,"{""driver_number"": 87, ""session_key"": 11293}",0,http_429,"{""detail"":""Rate limit exceeded. Max 30 requests/minute."",""error"":""Too Many Requests""}",0.468
2026-09-14T01:19:35.338910Z,drivers,drivers_by_observed_driver_number,"{""driver_number"": 241, ""session_key"": 11293}",0,http_429,"{""detail"":""Rate limit exceeded. Max 30 requests/minute."",""error"":""Too Many Requests""}",0.452
2026-09-14T01:19:35.876845Z,drivers,drivers_by_observed_driver_number,"{""driver_number"": 243, ""session_key"": 11293}",0,http_429,"{""detail"":""Rate limit exceeded. Max 30 requests/minute."",""error"":""Too Many Requests""}",0.437
2026-09-14T01:19:36.434825Z,drivers,drivers_by_observed_driver_number,"{""driver_number"": 247, ""session_key"": 11293}",0,http_429,"{""detail"":""Rate limit exceeded. Max 30 requests/minute."",""error"":""Too Many Requests""}",0.457
2026-09-14T01:19:36.988999Z,team_radio,team_radio_by_session_key_opportunistic,"{""session_key"": 11293}",0,http_429,"{""detail"":""Rate limit exceeded. Max 30 requests/minute."",""error"":""Too Many Requests""}",0.453
2026-09-14T01:19:37.564712Z,weather,weather_by_session_key,"{""session_key"": 11294}",0,http_429,"{""detail"":""Rate limit exceeded. Max 30 requests/minute."",""error"":""Too Many Requests""}",0.474
2026-09-14T01:19:38.129204Z,race_control,race_control_by_session_key,"{""session_key"": 11294}",0,http_429,"{""detail"":""Rate limit exceeded. Max 30 requests/minute."",""error"":""Too Many Requests""}",0.463
2026-09-14T01:19:38.673459Z,intervals,intervals_by_session_key,"{""session_key"": 11294}",0,http_429,"{""detail"":""Rate limit exceeded. Max 30 requests/minute."",""error"":""Too Many Requests""}",0.443
2026-09-14T01:19:39.209931Z,position,position_by_session_key,"{""session_key"": 11294}",0,http_429,"{""detail"":""Rate limit exceeded. Max 30 requests/minute."",""error"":""Too Many Requests""}",0.435
2026-09-14T01:19:39.753321Z,position,position_by_meeting_key_fallback,"{""meeting_key"": 1286}",0,http_429,"{""detail"":""Rate limit exceeded. Max 30 requests/minute."",""error"":""Too Many Requests""}",0.442
2026-09-14T01:19:40.305307Z,stints,stints_by_session_key,"{""session_key"": 11294}",0,http_429,"{""detail"":""Rate limit exceeded. Max 30 requests/minute."",""error"":""Too Many Requests""}",0.451
2026-09-14T01:19:40.406695Z,pit,skip_non_race_like_session,"{""session_key"": 11294}",0,skipped_not_applicable,pit endpoint is only treated as required for race/sprint-like sessions,0.0
2026-09-14T01:19:40.858841Z,starting_grid,starting_grid_by_session_key,"{""session_key"": 11294}",0,http_429,"{""detail"":""Rate limit exceeded. Max 30 requests/minute."",""error"":""Too Many Requests""}",0.452
2026-09-14T01:19:41.397257Z,drivers,drivers_by_session_key,"{""session_key"": 11294}",0,http_429,"{""detail"":""Rate limit exceeded. Max 30 requests/minute."",""error"":""Too Many Requests""}",0.437
2026-09-14T01:19:41.970953Z,drivers,drivers_by_observed_driver_number,"{""driver_number"": 1, ""session_key"": 11294}",0,http_429,"{""detail"":""Rate limit exceeded. Max 30 requests/minute."",""error"":""Too Many Requests""}",0.458
2026-09-14T01:19:42.523217Z,drivers,drivers_by_observed_driver_number,"{""driver_number"": 3, ""session_key"": 11294}",0,http_429,"{""detail"":""Rate limit exceeded. Max 30 requests/minute."",""error"":""Too Many Requests""}",0.451
2026-09-14T01:19:43.073131Z,drivers,drivers_by_observed_driver_number,"{""driver_number"": 5, ""session_key"": 11294}",0,http_429,"{""detail"":""Rate limit exceeded. Max 30 requests/minute."",""error"":""Too Many Requests""}",0.449
2026-09-14T01:19:43.620649Z,drivers,drivers_by_observed_driver_number,"{""driver_number"": 6, ""session_key"": 11294}",0,http_429,"{""detail"":""Rate limit exceeded. Max 30 requests/minute."",""error"":""Too Many Requests""}",0.446
2026-09-14T01:19:44.180820Z,drivers,drivers_by_observed_driver_number,"{""driver_number"": 10, ""session_key"": 11294}",0,http_429,"{""detail"":""Rate limit exceeded. Max 30 requests/minute."",""error"":""Too Many Requests""}",0.459
2026-09-14T01:19:44.727551Z,drivers,drivers_by_observed_driver_number,"{""driver_number"": 11, ""session_key"": 11294}",0,http_429,"{""detail"":""Rate limit exceeded. Max 30 requests/minute."",""error"":""Too Many Requests""}",0.445
2026-09-14T01:19:45.289911Z,drivers,drivers_by_observed_driver_number,"{""driver_number"": 12, ""session_key"": 11294}",0,http_429,"{""detail"":""Rate limit exceeded. Max 30 requests/minute."",""error"":""Too Many Requests""}",0.461
2026-09-14T01:19:45.836602Z,drivers,drivers_by_observed_driver_number,"{""driver_number"": 14, ""session_key"": 11294}",0,http_429,"{""detail"":""Rate limit exceeded. Max 30 requests/minute."",""error"":""Too Many Requests""}",0.445
2026-09-14T01:19:46.381670Z,drivers,drivers_by_observed_driver_number,"{""driver_number"": 16, ""session_key"": 11294}",0,http_429,"{""detail"":""Rate limit exceeded. Max 30 requests/minute."",""error"":""Too Many Requests""}",0.444
2026-09-14T01:19:46.936959Z,drivers,drivers_by_observed_driver_number,"{""driver_number"": 18, ""session_key"": 11294}",0,http_429,"{""detail"":""Rate limit exceeded. Max 30 requests/minute."",""error"":""Too Many Requests""}",0.454
2026-09-14T01:19:47.500461Z,drivers,drivers_by_observed_driver_number,"{""driver_number"": 23, ""session_key"": 11294}",0,http_429,"{""detail"":""Rate limit exceeded. Max 30 requests/minute."",""error"":""Too Many Requests""}",0.462
2026-09-14T01:19:48.039844Z,drivers,drivers_by_observed_driver_number,"{""driver_number"": 27, ""session_key"": 11294}",0,http_429,"{""detail"":""Rate limit exceeded. Max 30 requests/minute."",""error"":""Too Many Requests""}",0.438
2026-09-14T01:19:48.581220Z,drivers,drivers_by_observed_driver_number,"{""driver_number"": 30, ""session_key"": 11294}",0,http_429,"{""detail"":""Rate limit exceeded. Max 30 requests/minute."",""error"":""Too Many Requests""}",0.44
2026-09-14T01:19:49.135905Z,drivers,drivers_by_observed_driver_number,"{""driver_number"": 31, ""session_key"": 11294}",0,http_429,"{""detail"":""Rate limit exceeded. Max 30 requests/minute."",""error"":""Too Many Requests""}",0.453
2026-09-14T01:19:49.692232Z,drivers,drivers_by_observed_driver_number,"{""driver_number"": 34, ""session_key"": 11294}",0,http_429,"{""detail"":""Rate limit exceeded. Max 30 requests/minute."",""error"":""Too Many Requests""}",0.455
2026-09-14T01:19:50.239621Z,drivers,drivers_by_observed_driver_number,"{""driver_number"": 41, ""session_key"": 11294}",0,http_429,"{""detail"":""Rate limit exceeded. Max 30 requests/minute."",""error"":""Too Many Requests""}",0.446
2026-09-14T01:19:50.798373Z,drivers,drivers_by_observed_driver_number,"{""driver_number"": 43, ""session_key"": 11294}",0,http_429,"{""detail"":""Rate limit exceeded. Max 30 requests/minute."",""error"":""Too Many Requests""}",0.457
2026-09-14T01:19:51.345573Z,drivers,drivers_by_observed_driver_number,"{""driver_number"": 44, ""session_key"": 11294}",0,http_429,"{""detail"":""Rate limit exceeded. Max 30 requests/minute."",""error"":""Too Many Requests""}",0.446
2026-09-14T01:19:51.894552Z,drivers,drivers_by_observed_driver_number,"{""driver_number"": 55, ""session_key"": 11294}",0,http_429,"{""detail"":""Rate limit exceeded. Max 30 requests/minute."",""error"":""Too Many Requests""}",0.448
2026-09-14T01:19:52.449050Z,drivers,drivers_by_observed_driver_number,"{""driver_number"": 63, ""session_key"": 11294}",0,http_429,"{""detail"":""Rate limit exceeded. Max 30 requests/minute."",""error"":""Too Many Requests""}",0.453
2026-09-14T01:19:52.986067Z,drivers,drivers_by_observed_driver_number,"{""driver_number"": 77, ""session_key"": 11294}",0,http_429,"{""detail"":""Rate limit exceeded. Max 30 requests/minute."",""error"":""Too Many Requests""}",0.436
2026-09-14T01:19:53.536041Z,drivers,drivers_by_observed_driver_number,"{""driver_number"": 81, ""session_key"": 11294}",0,http_429,"{""detail"":""Rate limit exceeded. Max 30 requests/minute."",""error"":""Too Many Requests""}",0.449
2026-09-14T01:19:54.095771Z,drivers,drivers_by_observed_driver_number,"{""driver_number"": 87, ""session_key"": 11294}",0,http_429,"{""detail"":""Rate limit exceeded. Max 30 requests/minute."",""error"":""Too Many Requests""}",0.458
2026-09-14T01:19:54.635738Z,drivers,drivers_by_observed_driver_number,"{""driver_number"": 241, ""session_key"": 11294}",0,http_429,"{""detail"":""Rate limit exceeded. Max 30 requests/minute."",""error"":""Too Many Requests""}",0.439
2026-09-14T01:19:55.196451Z,drivers,drivers_by_observed_driver_number,"{""driver_number"": 243, ""session_key"": 11294}",0,http_429,"{""detail"":""Rate limit exceeded. Max 30 requests/minute."",""error"":""Too Many Requests""}",0.459
2026-09-14T01:19:55.741659Z,drivers,drivers_by_observed_driver_number,"{""driver_number"": 247, ""session_key"": 11294}",0,http_429,"{""detail"":""Rate limit exceeded. Max 30 requests/minute."",""error"":""Too Many Requests""}",0.444
2026-09-14T01:19:56.298711Z,team_radio,team_radio_by_session_key_opportunistic,"{""session_key"": 11294}",0,http_429,"{""detail"":""Rate limit exceeded. Max 30 requests/minute."",""error"":""Too Many Requests""}",0.455
2026-09-14T01:19:56.852025Z,weather,weather_by_session_key,"{""session_key"": 11295}",0,http_429,"{""detail"":""Rate limit exceeded. Max 30 requests/minute."",""error"":""Too Many Requests""}",0.452
2026-09-14T01:19:57.419617Z,race_control,race_control_by_session_key,"{""session_key"": 11295}",0,http_429,"{""detail"":""Rate limit exceeded. Max 30 requests/minute."",""error"":""Too Many Requests""}",0.466
2026-09-14T01:19:57.980950Z,intervals,intervals_by_session_key,"{""session_key"": 11295}",0,http_429,"{""detail"":""Rate limit exceeded. Max 30 requests/minute."",""error"":""Too Many Requests""}",0.46
2026-09-14T01:19:58.527528Z,position,position_by_session_key,"{""session_key"": 11295}",0,http_429,"{""detail"":""Rate limit exceeded. Max 30 requests/minute."",""error"":""Too Many Requests""}",0.445
2026-09-14T01:19:59.094479Z,position,position_by_meeting_key_fallback,"{""meeting_key"": 1286}",0,http_429,"{""detail"":""Rate limit exceeded. Max 30 requests/minute."",""error"":""Too Many Requests""}",0.466
2026-09-14T01:19:59.638798Z,stints,stints_by_session_key,"{""session_key"": 11295}",0,http_429,"{""detail"":""Rate limit exceeded. Max 30 requests/minute."",""error"":""Too Many Requests""}",0.443
2026-09-14T01:19:59.740404Z,pit,skip_non_race_like_session,"{""session_key"": 11295}",0,skipped_not_applicable,pit endpoint is only treated as required for race/sprint-like sessions,0.0
2026-09-14T01:20:00.190895Z,starting_grid,starting_grid_by_session_key,"{""session_key"": 11295}",22,pass,,0.45
2026-09-14T01:20:00.734712Z,drivers,drivers_by_session_key,"{""session_key"": 11295}",22,pass,,0.442
2026-09-14T01:20:01.832464Z,team_radio,team_radio_by_session_key_opportunistic,"{""session_key"": 11295}",18,pass,,0.996
2026-09-14T01:20:02.406728Z,weather,weather_by_session_key,"{""session_key"": 11299}",208,pass,,0.472
2026-09-14T01:20:03.299426Z,race_control,race_control_by_session_key,"{""session_key"": 11299}",269,pass,,0.791
2026-09-14T01:20:06.990017Z,intervals,intervals_by_session_key,"{""session_key"": 11299}",29916,pass,,3.588
2026-09-14T01:20:07.566983Z,position,position_by_session_key,"{""session_key"": 11299}",291,pass,,0.47
2026-09-14T01:20:08.144405Z,stints,stints_by_session_key,"{""session_key"": 11299}",108,pass,,0.475
2026-09-14T01:20:08.718175Z,pit,pit_by_session_key,"{""session_key"": 11299}",86,pass,,0.472
2026-09-14T01:20:09.273579Z,starting_grid,starting_grid_by_session_key,"{""session_key"": 11299}",0,http_404,"{""detail"":""No results found.""}",0.453
2026-09-14T01:20:09.820189Z,drivers,drivers_by_session_key,"{""session_key"": 11299}",22,pass,,0.445
2026-09-14T01:20:10.382509Z,team_radio,team_radio_by_session_key_opportunistic,"{""session_key"": 11299}",36,pass,,0.46
2026-09-14T01:20:11.608550Z,weather,weather_by_session_key,"{""session_key"": 11300}",84,pass,,1.124
2026-09-14T01:20:12.158097Z,race_control,race_control_by_session_key,"{""session_key"": 11300}",25,pass,,0.448
2026-09-14T01:20:12.705110Z,intervals,intervals_by_session_key,"{""session_key"": 11300}",0,http_404,"{""detail"":""No results found.""}",0.445
2026-09-14T01:20:13.307615Z,position,position_by_session_key,"{""session_key"": 11300}",612,pass,,0.501
2026-09-14T01:20:13.905583Z,stints,stints_by_session_key,"{""session_key"": 11300}",115,pass,,0.496
2026-09-14T01:20:14.007690Z,pit,skip_non_race_like_session,"{""session_key"": 11300}",0,skipped_not_applicable,pit endpoint is only treated as required for race/sprint-like sessions,0.0
2026-09-14T01:20:14.774367Z,starting_grid,starting_grid_by_session_key,"{""session_key"": 11300}",0,http_404,"{""detail"":""No results found.""}",0.767
2026-09-14T01:20:15.536790Z,drivers,drivers_by_session_key,"{""session_key"": 11300}",21,pass,,0.661
2026-09-14T01:20:16.102313Z,team_radio,team_radio_by_session_key_opportunistic,"{""session_key"": 11300}",6,pass,,0.463
2026-09-14T01:20:16.666165Z,weather,weather_by_session_key,"{""session_key"": 11301}",85,pass,,0.462
2026-09-14T01:20:17.213255Z,race_control,race_control_by_session_key,"{""session_key"": 11301}",52,pass,,0.445
2026-09-14T01:20:17.768557Z,intervals,intervals_by_session_key,"{""session_key"": 11301}",0,http_404,"{""detail"":""No results found.""}",0.453
2026-09-14T01:20:18.379268Z,position,position_by_session_key,"{""session_key"": 11301}",424,pass,,0.509
2026-09-14T01:20:19.096191Z,stints,stints_by_session_key,"{""session_key"": 11301}",118,pass,,0.615
2026-09-14T01:20:19.198217Z,pit,skip_non_race_like_session,"{""session_key"": 11301}",0,skipped_not_applicable,pit endpoint is only treated as required for race/sprint-like sessions,0.0
2026-09-14T01:20:19.648201Z,starting_grid,starting_grid_by_session_key,"{""session_key"": 11301}",0,http_404,"{""detail"":""No results found.""}",0.45
2026-09-14T01:20:20.216480Z,drivers,drivers_by_session_key,"{""session_key"": 11301}",22,pass,,0.467
2026-09-14T01:20:20.786253Z,team_radio,team_radio_by_session_key_opportunistic,"{""session_key"": 11301}",6,pass,,0.467
2026-09-14T01:20:21.364098Z,weather,weather_by_session_key,"{""session_key"": 11302}",81,pass,,0.476
2026-09-14T01:20:22.093857Z,race_control,race_control_by_session_key,"{""session_key"": 11302}",44,pass,,0.628
2026-09-14T01:20:22.657664Z,intervals,intervals_by_session_key,"{""session_key"": 11302}",0,http_429,"{""detail"":""Rate limit exceeded. Max 30 requests/minute."",""error"":""Too Many Requests""}",0.462
2026-09-14T01:20:23.220049Z,position,position_by_session_key,"{""session_key"": 11302}",0,http_429,"{""detail"":""Rate limit exceeded. Max 30 requests/minute."",""error"":""Too Many Requests""}",0.461
2026-09-14T01:20:23.778764Z,position,position_by_meeting_key_fallback,"{""meeting_key"": 1287}",0,http_429,"{""detail"":""Rate limit exceeded. Max 30 requests/minute."",""error"":""Too Many Requests""}",0.457
2026-09-14T01:20:24.339390Z,stints,stints_by_session_key,"{""session_key"": 11302}",0,http_429,"{""detail"":""Rate limit exceeded. Max 30 requests/minute."",""error"":""Too Many Requests""}",0.459
2026-09-14T01:20:24.440818Z,pit,skip_non_race_like_session,"{""session_key"": 11302}",0,skipped_not_applicable,pit endpoint is only treated as required for race/sprint-like sessions,0.0
2026-09-14T01:20:24.901955Z,starting_grid,starting_grid_by_session_key,"{""session_key"": 11302}",0,http_429,"{""detail"":""Rate limit exceeded. Max 30 requests/minute."",""error"":""Too Many Requests""}",0.461
2026-09-14T01:20:25.452138Z,drivers,drivers_by_session_key,"{""session_key"": 11302}",0,http_429,"{""detail"":""Rate limit exceeded. Max 30 requests/minute."",""error"":""Too Many Requests""}",0.449
2026-09-14T01:20:26.027213Z,drivers,drivers_by_observed_driver_number,"{""driver_number"": 1, ""session_key"": 11302}",0,http_429,"{""detail"":""Rate limit exceeded. Max 30 requests/minute."",""error"":""Too Many Requests""}",0.458
2026-09-14T01:20:26.586331Z,drivers,drivers_by_observed_driver_number,"{""driver_number"": 3, ""session_key"": 11302}",0,http_429,"{""detail"":""Rate limit exceeded. Max 30 requests/minute."",""error"":""Too Many Requests""}",0.458
2026-09-14T01:20:27.224244Z,drivers,drivers_by_observed_driver_number,"{""driver_number"": 5, ""session_key"": 11302}",0,http_429,"{""detail"":""Rate limit exceeded. Max 30 requests/minute."",""error"":""Too Many Requests""}",0.537
2026-09-14T01:20:27.790352Z,drivers,drivers_by_observed_driver_number,"{""driver_number"": 6, ""session_key"": 11302}",0,http_429,"{""detail"":""Rate limit exceeded. Max 30 requests/minute."",""error"":""Too Many Requests""}",0.465
2026-09-14T01:20:28.351339Z,drivers,drivers_by_observed_driver_number,"{""driver_number"": 10, ""session_key"": 11302}",0,http_429,"{""detail"":""Rate limit exceeded. Max 30 requests/minute."",""error"":""Too Many Requests""}",0.46
2026-09-14T01:20:28.900856Z,drivers,drivers_by_observed_driver_number,"{""driver_number"": 11, ""session_key"": 11302}",0,http_429,"{""detail"":""Rate limit exceeded. Max 30 requests/minute."",""error"":""Too Many Requests""}",0.448
2026-09-14T01:20:29.459795Z,drivers,drivers_by_observed_driver_number,"{""driver_number"": 12, ""session_key"": 11302}",0,http_429,"{""detail"":""Rate limit exceeded. Max 30 requests/minute."",""error"":""Too Many Requests""}",0.458
2026-09-14T01:20:30.021459Z,drivers,drivers_by_observed_driver_number,"{""driver_number"": 14, ""session_key"": 11302}",0,http_429,"{""detail"":""Rate limit exceeded. Max 30 requests/minute."",""error"":""Too Many Requests""}",0.46
2026-09-14T01:20:30.585119Z,drivers,drivers_by_observed_driver_number,"{""driver_number"": 16, ""session_key"": 11302}",0,http_429,"{""detail"":""Rate limit exceeded. Max 30 requests/minute."",""error"":""Too Many Requests""}",0.462
2026-09-14T01:20:31.131773Z,drivers,drivers_by_observed_driver_number,"{""driver_number"": 18, ""session_key"": 11302}",0,http_429,"{""detail"":""Rate limit exceeded. Max 30 requests/minute."",""error"":""Too Many Requests""}",0.445
2026-09-14T01:20:31.686823Z,drivers,drivers_by_observed_driver_number,"{""driver_number"": 23, ""session_key"": 11302}",0,http_429,"{""detail"":""Rate limit exceeded. Max 30 requests/minute."",""error"":""Too Many Requests""}",0.454
2026-09-14T01:20:32.230586Z,drivers,drivers_by_observed_driver_number,"{""driver_number"": 25, ""session_key"": 11302}",0,http_429,"{""detail"":""Rate limit exceeded. Max 30 requests/minute."",""error"":""Too Many Requests""}",0.442
2026-09-14T01:20:32.774059Z,drivers,drivers_by_observed_driver_number,"{""driver_number"": 27, ""session_key"": 11302}",0,http_429,"{""detail"":""Rate limit exceeded. Max 30 requests/minute."",""error"":""Too Many Requests""}",0.442
2026-09-14T01:20:33.317020Z,drivers,drivers_by_observed_driver_number,"{""driver_number"": 30, ""session_key"": 11302}",0,http_429,"{""detail"":""Rate limit exceeded. Max 30 requests/minute."",""error"":""Too Many Requests""}",0.442
2026-09-14T01:20:33.890659Z,drivers,drivers_by_observed_driver_number,"{""driver_number"": 31, ""session_key"": 11302}",0,http_429,"{""detail"":""Rate limit exceeded. Max 30 requests/minute."",""error"":""Too Many Requests""}",0.472
2026-09-14T01:20:34.449839Z,drivers,drivers_by_observed_driver_number,"{""driver_number"": 34, ""session_key"": 11302}",0,http_429,"{""detail"":""Rate limit exceeded. Max 30 requests/minute."",""error"":""Too Many Requests""}",0.458
2026-09-14T01:20:35.003120Z,drivers,drivers_by_observed_driver_number,"{""driver_number"": 36, ""session_key"": 11302}",0,http_429,"{""detail"":""Rate limit exceeded. Max 30 requests/minute."",""error"":""Too Many Requests""}",0.452
2026-09-14T01:20:35.546312Z,drivers,drivers_by_observed_driver_number,"{""driver_number"": 38, ""session_key"": 11302}",0,http_429,"{""detail"":""Rate limit exceeded. Max 30 requests/minute."",""error"":""Too Many Requests""}",0.442
2026-09-14T01:20:36.097438Z,drivers,drivers_by_observed_driver_number,"{""driver_number"": 41, ""session_key"": 11302}",0,http_429,"{""detail"":""Rate limit exceeded. Max 30 requests/minute."",""error"":""Too Many Requests""}",0.45
2026-09-14T01:20:36.649447Z,drivers,drivers_by_observed_driver_number,"{""driver_number"": 43, ""session_key"": 11302}",0,http_429,"{""detail"":""Rate limit exceeded. Max 30 requests/minute."",""error"":""Too Many Requests""}",0.451
2026-09-14T01:20:37.207030Z,drivers,drivers_by_observed_driver_number,"{""driver_number"": 44, ""session_key"": 11302}",0,http_429,"{""detail"":""Rate limit exceeded. Max 30 requests/minute."",""error"":""Too Many Requests""}",0.456
2026-09-14T01:20:37.750578Z,drivers,drivers_by_observed_driver_number,"{""driver_number"": 46, ""session_key"": 11302}",0,http_429,"{""detail"":""Rate limit exceeded. Max 30 requests/minute."",""error"":""Too Many Requests""}",0.442
2026-09-14T01:20:38.314810Z,drivers,drivers_by_observed_driver_number,"{""driver_number"": 55, ""session_key"": 11302}",0,http_429,"{""detail"":""Rate limit exceeded. Max 30 requests/minute."",""error"":""Too Many Requests""}",0.463
2026-09-14T01:20:39.204589Z,drivers,drivers_by_observed_driver_number,"{""driver_number"": 63, ""session_key"": 11302}",0,http_429,"{""detail"":""Rate limit exceeded. Max 30 requests/minute."",""error"":""Too Many Requests""}",0.788
2026-09-14T01:20:39.752608Z,drivers,drivers_by_observed_driver_number,"{""driver_number"": 67, ""session_key"": 11302}",0,http_429,"{""detail"":""Rate limit exceeded. Max 30 requests/minute."",""error"":""Too Many Requests""}",0.447
2026-09-14T01:20:40.309147Z,drivers,drivers_by_observed_driver_number,"{""driver_number"": 72, ""session_key"": 11302}",0,http_429,"{""detail"":""Rate limit exceeded. Max 30 requests/minute."",""error"":""Too Many Requests""}",0.455
2026-09-14T01:20:40.859275Z,drivers,drivers_by_observed_driver_number,"{""driver_number"": 77, ""session_key"": 11302}",0,http_429,"{""detail"":""Rate limit exceeded. Max 30 requests/minute."",""error"":""Too Many Requests""}",0.449
2026-09-14T01:20:41.416043Z,drivers,drivers_by_observed_driver_number,"{""driver_number"": 81, ""session_key"": 11302}",0,http_429,"{""detail"":""Rate limit exceeded. Max 30 requests/minute."",""error"":""Too Many Requests""}",0.455
2026-09-14T01:20:41.972392Z,drivers,drivers_by_observed_driver_number,"{""driver_number"": 87, ""session_key"": 11302}",0,http_429,"{""detail"":""Rate limit exceeded. Max 30 requests/minute."",""error"":""Too Many Requests""}",0.455
2026-09-14T01:20:42.525689Z,drivers,drivers_by_observed_driver_number,"{""driver_number"": 97, ""session_key"": 11302}",0,http_429,"{""detail"":""Rate limit exceeded. Max 30 requests/minute."",""error"":""Too Many Requests""}",0.452
2026-09-14T01:20:43.072779Z,drivers,drivers_by_observed_driver_number,"{""driver_number"": 241, ""session_key"": 11302}",0,http_429,"{""detail"":""Rate limit exceeded. Max 30 requests/minute."",""error"":""Too Many Requests""}",0.446
2026-09-14T01:20:43.638085Z,drivers,drivers_by_observed_driver_number,"{""driver_number"": 243, ""session_key"": 11302}",0,http_429,"{""detail"":""Rate limit exceeded. Max 30 requests/minute."",""error"":""Too Many Requests""}",0.464
2026-09-14T01:20:44.193668Z,drivers,drivers_by_observed_driver_number,"{""driver_number"": 247, ""session_key"": 11302}",0,http_429,"{""detail"":""Rate limit exceeded. Max 30 requests/minute."",""error"":""Too Many Requests""}",0.454
2026-09-14T01:20:44.779002Z,team_radio,team_radio_by_session_key_opportunistic,"{""session_key"": 11302}",0,http_429,"{""detail"":""Rate limit exceeded. Max 30 requests/minute."",""error"":""Too Many Requests""}",0.484
2026-09-14T01:20:45.332212Z,weather,weather_by_session_key,"{""session_key"": 11303}",0,http_429,"{""detail"":""Rate limit exceeded. Max 30 requests/minute."",""error"":""Too Many Requests""}",0.452
2026-09-14T01:20:45.882137Z,race_control,race_control_by_session_key,"{""session_key"": 11303}",0,http_429,"{""detail"":""Rate limit exceeded. Max 30 requests/minute."",""error"":""Too Many Requests""}",0.449
2026-09-14T01:20:46.434035Z,intervals,intervals_by_session_key,"{""session_key"": 11303}",0,http_429,"{""detail"":""Rate limit exceeded. Max 30 requests/minute."",""error"":""Too Many Requests""}",0.451
2026-09-14T01:20:46.994207Z,position,position_by_session_key,"{""session_key"": 11303}",0,http_429,"{""detail"":""Rate limit exceeded. Max 30 requests/minute."",""error"":""Too Many Requests""}",0.459
2026-09-14T01:20:47.540689Z,position,position_by_meeting_key_fallback,"{""meeting_key"": 1287}",0,http_429,"{""detail"":""Rate limit exceeded. Max 30 requests/minute."",""error"":""Too Many Requests""}",0.445
2026-09-14T01:20:48.079593Z,stints,stints_by_session_key,"{""session_key"": 11303}",0,http_429,"{""detail"":""Rate limit exceeded. Max 30 requests/minute."",""error"":""Too Many Requests""}",0.437
2026-09-14T01:20:48.181159Z,pit,skip_non_race_like_session,"{""session_key"": 11303}",0,skipped_not_applicable,pit endpoint is only treated as required for race/sprint-like sessions,0.0
2026-09-14T01:20:48.643136Z,starting_grid,starting_grid_by_session_key,"{""session_key"": 11303}",0,http_429,"{""detail"":""Rate limit exceeded. Max 30 requests/minute."",""error"":""Too Many Requests""}",0.462
2026-09-14T01:20:49.200857Z,drivers,drivers_by_session_key,"{""session_key"": 11303}",0,http_429,"{""detail"":""Rate limit exceeded. Max 30 requests/minute."",""error"":""Too Many Requests""}",0.456
2026-09-14T01:20:49.794508Z,drivers,drivers_by_observed_driver_number,"{""driver_number"": 1, ""session_key"": 11303}",0,http_429,"{""detail"":""Rate limit exceeded. Max 30 requests/minute."",""error"":""Too Many Requests""}",0.476
2026-09-14T01:20:50.345170Z,drivers,drivers_by_observed_driver_number,"{""driver_number"": 3, ""session_key"": 11303}",0,http_429,"{""detail"":""Rate limit exceeded. Max 30 requests/minute."",""error"":""Too Many Requests""}",0.449
2026-09-14T01:20:50.897545Z,drivers,drivers_by_observed_driver_number,"{""driver_number"": 5, ""session_key"": 11303}",0,http_429,"{""detail"":""Rate limit exceeded. Max 30 requests/minute."",""error"":""Too Many Requests""}",0.451
2026-09-14T01:20:51.453477Z,drivers,drivers_by_observed_driver_number,"{""driver_number"": 6, ""session_key"": 11303}",0,http_429,"{""detail"":""Rate limit exceeded. Max 30 requests/minute."",""error"":""Too Many Requests""}",0.455
2026-09-14T01:20:51.990616Z,drivers,drivers_by_observed_driver_number,"{""driver_number"": 10, ""session_key"": 11303}",0,http_429,"{""detail"":""Rate limit exceeded. Max 30 requests/minute."",""error"":""Too Many Requests""}",0.436
2026-09-14T01:20:52.540805Z,drivers,drivers_by_observed_driver_number,"{""driver_number"": 11, ""session_key"": 11303}",0,http_429,"{""detail"":""Rate limit exceeded. Max 30 requests/minute."",""error"":""Too Many Requests""}",0.449
2026-09-14T01:20:53.086397Z,drivers,drivers_by_observed_driver_number,"{""driver_number"": 12, ""session_key"": 11303}",0,http_429,"{""detail"":""Rate limit exceeded. Max 30 requests/minute."",""error"":""Too Many Requests""}",0.444
2026-09-14T01:20:53.629181Z,drivers,drivers_by_observed_driver_number,"{""driver_number"": 14, ""session_key"": 11303}",0,http_429,"{""detail"":""Rate limit exceeded. Max 30 requests/minute."",""error"":""Too Many Requests""}",0.441
2026-09-14T01:20:54.205656Z,drivers,drivers_by_observed_driver_number,"{""driver_number"": 16, ""session_key"": 11303}",0,http_429,"{""detail"":""Rate limit exceeded. Max 30 requests/minute."",""error"":""Too Many Requests""}",0.475
2026-09-14T01:20:55.872834Z,drivers,drivers_by_observed_driver_number,"{""driver_number"": 18, ""session_key"": 11303}",0,http_429,"{""detail"":""Rate limit exceeded. Max 30 requests/minute."",""error"":""Too Many Requests""}",1.566
2026-09-14T01:20:56.429054Z,drivers,drivers_by_observed_driver_number,"{""driver_number"": 23, ""session_key"": 11303}",0,http_429,"{""detail"":""Rate limit exceeded. Max 30 requests/minute."",""error"":""Too Many Requests""}",0.455
2026-09-14T01:20:56.999532Z,drivers,drivers_by_observed_driver_number,"{""driver_number"": 25, ""session_key"": 11303}",0,http_429,"{""detail"":""Rate limit exceeded. Max 30 requests/minute."",""error"":""Too Many Requests""}",0.469
2026-09-14T01:20:57.564330Z,drivers,drivers_by_observed_driver_number,"{""driver_number"": 27, ""session_key"": 11303}",0,http_429,"{""detail"":""Rate limit exceeded. Max 30 requests/minute."",""error"":""Too Many Requests""}",0.463
2026-09-14T01:20:58.111301Z,drivers,drivers_by_observed_driver_number,"{""driver_number"": 30, ""session_key"": 11303}",0,http_429,"{""detail"":""Rate limit exceeded. Max 30 requests/minute."",""error"":""Too Many Requests""}",0.446
2026-09-14T01:20:58.676483Z,drivers,drivers_by_observed_driver_number,"{""driver_number"": 31, ""session_key"": 11303}",0,http_429,"{""detail"":""Rate limit exceeded. Max 30 requests/minute."",""error"":""Too Many Requests""}",0.464
2026-09-14T01:20:59.240610Z,drivers,drivers_by_observed_driver_number,"{""driver_number"": 34, ""session_key"": 11303}",0,http_429,"{""detail"":""Rate limit exceeded. Max 30 requests/minute."",""error"":""Too Many Requests""}",0.463
2026-09-14T01:20:59.789599Z,drivers,drivers_by_observed_driver_number,"{""driver_number"": 36, ""session_key"": 11303}",0,http_429,"{""detail"":""Rate limit exceeded. Max 30 requests/minute."",""error"":""Too Many Requests""}",0.448
2026-09-14T01:21:00.332608Z,drivers,drivers_by_observed_driver_number,"{""driver_number"": 38, ""session_key"": 11303}",0,http_404,"{""detail"":""No results found.""}",0.442
2026-09-14T01:21:00.874609Z,drivers,drivers_by_observed_driver_number,"{""driver_number"": 41, ""session_key"": 11303}",2,pass,,0.441
2026-09-14T01:21:01.425705Z,drivers,drivers_by_observed_driver_number,"{""driver_number"": 43, ""session_key"": 11303}",2,pass,,0.45
2026-09-14T01:21:02.122671Z,drivers,drivers_by_observed_driver_number,"{""driver_number"": 44, ""session_key"": 11303}",2,pass,,0.596
2026-09-14T01:21:02.699220Z,drivers,drivers_by_observed_driver_number,"{""driver_number"": 46, ""session_key"": 11303}",0,http_404,"{""detail"":""No results found.""}",0.475
2026-09-14T01:21:03.252069Z,drivers,drivers_by_observed_driver_number,"{""driver_number"": 55, ""session_key"": 11303}",2,pass,,0.452
2026-09-14T01:21:03.817054Z,drivers,drivers_by_observed_driver_number,"{""driver_number"": 63, ""session_key"": 11303}",2,pass,,0.464
2026-09-14T01:21:04.388805Z,drivers,drivers_by_observed_driver_number,"{""driver_number"": 67, ""session_key"": 11303}",0,http_404,"{""detail"":""No results found.""}",0.47
2026-09-14T01:21:04.938417Z,drivers,drivers_by_observed_driver_number,"{""driver_number"": 72, ""session_key"": 11303}",0,http_404,"{""detail"":""No results found.""}",0.448
2026-09-14T01:21:05.481482Z,drivers,drivers_by_observed_driver_number,"{""driver_number"": 77, ""session_key"": 11303}",2,pass,,0.442
2026-09-14T01:21:06.070178Z,drivers,drivers_by_observed_driver_number,"{""driver_number"": 81, ""session_key"": 11303}",2,pass,,0.487
2026-09-14T01:21:06.625957Z,drivers,drivers_by_observed_driver_number,"{""driver_number"": 87, ""session_key"": 11303}",2,pass,,0.454
2026-09-14T01:21:07.166518Z,drivers,drivers_by_observed_driver_number,"{""driver_number"": 97, ""session_key"": 11303}",0,http_404,"{""detail"":""No results found.""}",0.439
2026-09-14T01:21:07.712307Z,drivers,drivers_by_observed_driver_number,"{""driver_number"": 241, ""session_key"": 11303}",0,http_404,"{""detail"":""No results found.""}",0.444
2026-09-14T01:21:08.263573Z,drivers,drivers_by_observed_driver_number,"{""driver_number"": 243, ""session_key"": 11303}",0,http_404,"{""detail"":""No results found.""}",0.45
2026-09-14T01:21:08.974214Z,drivers,drivers_by_observed_driver_number,"{""driver_number"": 247, ""session_key"": 11303}",0,http_404,"{""detail"":""No results found.""}",0.609
2026-09-14T01:21:09.688257Z,team_radio,team_radio_by_session_key_opportunistic,"{""session_key"": 11303}",8,pass,,0.61
2026-09-14T01:21:10.241710Z,weather,weather_by_session_key,"{""session_key"": 11307}",150,pass,,0.451
2026-09-14T01:21:10.812722Z,race_control,race_control_by_session_key,"{""session_key"": 11307}",179,pass,,0.469
2026-09-14T01:21:13.922451Z,intervals,intervals_by_session_key,"{""session_key"": 11307}",25022,pass,,3.008
2026-09-14T01:21:14.535518Z,position,position_by_session_key,"{""session_key"": 11307}",613,pass,,0.506
2026-09-14T01:21:15.078223Z,stints,stints_by_session_key,"{""session_key"": 11307}",70,pass,,0.441
2026-09-14T01:21:15.826913Z,pit,pit_by_session_key,"{""session_key"": 11307}",48,pass,,0.647
2026-09-14T01:21:16.574591Z,starting_grid,starting_grid_by_session_key,"{""session_key"": 11307}",0,http_404,"{""detail"":""No results found.""}",0.646
2026-09-14T01:21:17.200991Z,drivers,drivers_by_session_key,"{""session_key"": 11307}",22,pass,,0.525
2026-09-14T01:21:17.757010Z,team_radio,team_radio_by_session_key_opportunistic,"{""session_key"": 11307}",40,pass,,0.454
2026-09-14T01:21:18.391754Z,weather,weather_by_session_key,"{""session_key"": 11308}",77,pass,,0.533
2026-09-14T01:21:18.962789Z,race_control,race_control_by_session_key,"{""session_key"": 11308}",55,pass,,0.469
2026-09-14T01:21:19.719442Z,intervals,intervals_by_session_key,"{""session_key"": 11308}",0,http_404,"{""detail"":""No results found.""}",0.654
2026-09-14T01:21:20.295377Z,position,position_by_session_key,"{""session_key"": 11308}",640,pass,,0.475
2026-09-14T01:21:20.850118Z,stints,stints_by_session_key,"{""session_key"": 11308}",0,http_429,"{""detail"":""Rate limit exceeded. Max 30 requests/minute."",""error"":""Too Many Requests""}",0.453
2026-09-14T01:21:20.951589Z,pit,skip_non_race_like_session,"{""session_key"": 11308}",0,skipped_not_applicable,pit endpoint is only treated as required for race/sprint-like sessions,0.0
2026-09-14T01:21:21.410357Z,starting_grid,starting_grid_by_session_key,"{""session_key"": 11308}",0,http_429,"{""detail"":""Rate limit exceeded. Max 30 requests/minute."",""error"":""Too Many Requests""}",0.459
2026-09-14T01:21:21.977356Z,drivers,drivers_by_session_key,"{""session_key"": 11308}",0,http_429,"{""detail"":""Rate limit exceeded. Max 30 requests/minute."",""error"":""Too Many Requests""}",0.466
2026-09-14T01:21:22.537735Z,drivers,drivers_by_observed_driver_number,"{""driver_number"": 1, ""session_key"": 11308}",0,http_429,"{""detail"":""Rate limit exceeded. Max 30 requests/minute."",""error"":""Too Many Requests""}",0.442
2026-09-14T01:21:23.160592Z,drivers,drivers_by_observed_driver_number,"{""driver_number"": 3, ""session_key"": 11308}",0,http_429,"{""detail"":""Rate limit exceeded. Max 30 requests/minute."",""error"":""Too Many Requests""}",0.521
2026-09-14T01:21:23.724262Z,drivers,drivers_by_observed_driver_number,"{""driver_number"": 5, ""session_key"": 11308}",0,http_429,"{""detail"":""Rate limit exceeded. Max 30 requests/minute."",""error"":""Too Many Requests""}",0.462
2026-09-14T01:21:24.263722Z,drivers,drivers_by_observed_driver_number,"{""driver_number"": 6, ""session_key"": 11308}",0,http_429,"{""detail"":""Rate limit exceeded. Max 30 requests/minute."",""error"":""Too Many Requests""}",0.438
2026-09-14T01:21:24.828151Z,drivers,drivers_by_observed_driver_number,"{""driver_number"": 10, ""session_key"": 11308}",0,http_429,"{""detail"":""Rate limit exceeded. Max 30 requests/minute."",""error"":""Too Many Requests""}",0.463
2026-09-14T01:21:25.389181Z,drivers,drivers_by_observed_driver_number,"{""driver_number"": 11, ""session_key"": 11308}",0,http_429,"{""detail"":""Rate limit exceeded. Max 30 requests/minute."",""error"":""Too Many Requests""}",0.46
2026-09-14T01:21:25.933735Z,drivers,drivers_by_observed_driver_number,"{""driver_number"": 12, ""session_key"": 11308}",0,http_429,"{""detail"":""Rate limit exceeded. Max 30 requests/minute."",""error"":""Too Many Requests""}",0.443
2026-09-14T01:21:26.482571Z,drivers,drivers_by_observed_driver_number,"{""driver_number"": 14, ""session_key"": 11308}",0,http_429,"{""detail"":""Rate limit exceeded. Max 30 requests/minute."",""error"":""Too Many Requests""}",0.448
2026-09-14T01:21:27.044184Z,drivers,drivers_by_observed_driver_number,"{""driver_number"": 16, ""session_key"": 11308}",0,http_429,"{""detail"":""Rate limit exceeded. Max 30 requests/minute."",""error"":""Too Many Requests""}",0.46
2026-09-14T01:21:27.586614Z,drivers,drivers_by_observed_driver_number,"{""driver_number"": 18, ""session_key"": 11308}",0,http_429,"{""detail"":""Rate limit exceeded. Max 30 requests/minute."",""error"":""Too Many Requests""}",0.441
2026-09-14T01:21:28.144444Z,drivers,drivers_by_observed_driver_number,"{""driver_number"": 23, ""session_key"": 11308}",0,http_429,"{""detail"":""Rate limit exceeded. Max 30 requests/minute."",""error"":""Too Many Requests""}",0.457
2026-09-14T01:21:28.699714Z,drivers,drivers_by_observed_driver_number,"{""driver_number"": 25, ""session_key"": 11308}",0,http_429,"{""detail"":""Rate limit exceeded. Max 30 requests/minute."",""error"":""Too Many Requests""}",0.454
2026-09-14T01:21:29.491653Z,drivers,drivers_by_observed_driver_number,"{""driver_number"": 27, ""session_key"": 11308}",0,http_429,"{""detail"":""Rate limit exceeded. Max 30 requests/minute."",""error"":""Too Many Requests""}",0.69
2026-09-14T01:21:30.063916Z,drivers,drivers_by_observed_driver_number,"{""driver_number"": 30, ""session_key"": 11308}",0,http_429,"{""detail"":""Rate limit exceeded. Max 30 requests/minute."",""error"":""Too Many Requests""}",0.471
2026-09-14T01:21:30.667226Z,drivers,drivers_by_observed_driver_number,"{""driver_number"": 31, ""session_key"": 11308}",0,http_429,"{""detail"":""Rate limit exceeded. Max 30 requests/minute."",""error"":""Too Many Requests""}",0.502
2026-09-14T01:21:31.220002Z,drivers,drivers_by_observed_driver_number,"{""driver_number"": 34, ""session_key"": 11308}",0,http_429,"{""detail"":""Rate limit exceeded. Max 30 requests/minute."",""error"":""Too Many Requests""}",0.451
2026-09-14T01:21:31.778485Z,drivers,drivers_by_observed_driver_number,"{""driver_number"": 36, ""session_key"": 11308}",0,http_429,"{""detail"":""Rate limit exceeded. Max 30 requests/minute."",""error"":""Too Many Requests""}",0.457
2026-09-14T01:21:32.334961Z,drivers,drivers_by_observed_driver_number,"{""driver_number"": 38, ""session_key"": 11308}",0,http_429,"{""detail"":""Rate limit exceeded. Max 30 requests/minute."",""error"":""Too Many Requests""}",0.455
2026-09-14T01:21:32.957110Z,drivers,drivers_by_observed_driver_number,"{""driver_number"": 41, ""session_key"": 11308}",0,http_429,"{""detail"":""Rate limit exceeded. Max 30 requests/minute."",""error"":""Too Many Requests""}",0.521
2026-09-14T01:21:33.505970Z,drivers,drivers_by_observed_driver_number,"{""driver_number"": 43, ""session_key"": 11308}",0,http_429,"{""detail"":""Rate limit exceeded. Max 30 requests/minute."",""error"":""Too Many Requests""}",0.448
2026-09-14T01:21:34.057926Z,drivers,drivers_by_observed_driver_number,"{""driver_number"": 44, ""session_key"": 11308}",0,http_429,"{""detail"":""Rate limit exceeded. Max 30 requests/minute."",""error"":""Too Many Requests""}",0.451
2026-09-14T01:21:34.612208Z,drivers,drivers_by_observed_driver_number,"{""driver_number"": 46, ""session_key"": 11308}",0,http_429,"{""detail"":""Rate limit exceeded. Max 30 requests/minute."",""error"":""Too Many Requests""}",0.453
2026-09-14T01:21:35.359658Z,drivers,drivers_by_observed_driver_number,"{""driver_number"": 50, ""session_key"": 11308}",0,http_429,"{""detail"":""Rate limit exceeded. Max 30 requests/minute."",""error"":""Too Many Requests""}",0.646
2026-09-14T01:21:35.913193Z,drivers,drivers_by_observed_driver_number,"{""driver_number"": 55, ""session_key"": 11308}",0,http_429,"{""detail"":""Rate limit exceeded. Max 30 requests/minute."",""error"":""Too Many Requests""}",0.452
2026-09-14T01:21:36.454695Z,drivers,drivers_by_observed_driver_number,"{""driver_number"": 63, ""session_key"": 11308}",0,http_429,"{""detail"":""Rate limit exceeded. Max 30 requests/minute."",""error"":""Too Many Requests""}",0.44
2026-09-14T01:21:37.006953Z,drivers,drivers_by_observed_driver_number,"{""driver_number"": 67, ""session_key"": 11308}",0,http_429,"{""detail"":""Rate limit exceeded. Max 30 requests/minute."",""error"":""Too Many Requests""}",0.451
2026-09-14T01:21:37.556923Z,drivers,drivers_by_observed_driver_number,"{""driver_number"": 72, ""session_key"": 11308}",0,http_429,"{""detail"":""Rate limit exceeded. Max 30 requests/minute."",""error"":""Too Many Requests""}",0.449
2026-09-14T01:21:38.098605Z,drivers,drivers_by_observed_driver_number,"{""driver_number"": 77, ""session_key"": 11308}",0,http_429,"{""detail"":""Rate limit exceeded. Max 30 requests/minute."",""error"":""Too Many Requests""}",0.44
2026-09-14T01:21:38.657360Z,drivers,drivers_by_observed_driver_number,"{""driver_number"": 81, ""session_key"": 11308}",0,http_429,"{""detail"":""Rate limit exceeded. Max 30 requests/minute."",""error"":""Too Many Requests""}",0.457
2026-09-14T01:21:39.210245Z,drivers,drivers_by_observed_driver_number,"{""driver_number"": 87, ""session_key"": 11308}",0,http_429,"{""detail"":""Rate limit exceeded. Max 30 requests/minute."",""error"":""Too Many Requests""}",0.452
2026-09-14T01:21:39.760242Z,drivers,drivers_by_observed_driver_number,"{""driver_number"": 90, ""session_key"": 11308}",0,http_429,"{""detail"":""Rate limit exceeded. Max 30 requests/minute."",""error"":""Too Many Requests""}",0.449
2026-09-14T01:21:40.313607Z,drivers,drivers_by_observed_driver_number,"{""driver_number"": 97, ""session_key"": 11308}",0,http_429,"{""detail"":""Rate limit exceeded. Max 30 requests/minute."",""error"":""Too Many Requests""}",0.452
2026-09-14T01:21:40.860968Z,drivers,drivers_by_observed_driver_number,"{""driver_number"": 241, ""session_key"": 11308}",0,http_429,"{""detail"":""Rate limit exceeded. Max 30 requests/minute."",""error"":""Too Many Requests""}",0.446
2026-09-14T01:21:41.398953Z,drivers,drivers_by_observed_driver_number,"{""driver_number"": 243, ""session_key"": 11308}",0,http_429,"{""detail"":""Rate limit exceeded. Max 30 requests/minute."",""error"":""Too Many Requests""}",0.437
2026-09-14T01:21:41.942389Z,drivers,drivers_by_observed_driver_number,"{""driver_number"": 247, ""session_key"": 11308}",0,http_429,"{""detail"":""Rate limit exceeded. Max 30 requests/minute."",""error"":""Too Many Requests""}",0.442
2026-09-14T01:21:42.522466Z,team_radio,team_radio_by_session_key_opportunistic,"{""session_key"": 11308}",0,http_429,"{""detail"":""Rate limit exceeded. Max 30 requests/minute."",""error"":""Too Many Requests""}",0.478
2026-09-14T01:21:43.171214Z,weather,weather_by_session_key,"{""session_key"": 11309}",0,http_429,"{""detail"":""Rate limit exceeded. Max 30 requests/minute."",""error"":""Too Many Requests""}",0.547
2026-09-14T01:21:43.714819Z,race_control,race_control_by_session_key,"{""session_key"": 11309}",0,http_429,"{""detail"":""Rate limit exceeded. Max 30 requests/minute."",""error"":""Too Many Requests""}",0.442
2026-09-14T01:21:44.265419Z,intervals,intervals_by_session_key,"{""session_key"": 11309}",0,http_429,"{""detail"":""Rate limit exceeded. Max 30 requests/minute."",""error"":""Too Many Requests""}",0.449
2026-09-14T01:21:44.807701Z,position,position_by_session_key,"{""session_key"": 11309}",0,http_429,"{""detail"":""Rate limit exceeded. Max 30 requests/minute."",""error"":""Too Many Requests""}",0.441
2026-09-14T01:21:45.348510Z,position,position_by_meeting_key_fallback,"{""meeting_key"": 1288}",0,http_429,"{""detail"":""Rate limit exceeded. Max 30 requests/minute."",""error"":""Too Many Requests""}",0.439
2026-09-14T01:21:46.751097Z,stints,stints_by_session_key,"{""session_key"": 11309}",0,http_429,"{""detail"":""Rate limit exceeded. Max 30 requests/minute."",""error"":""Too Many Requests""}",1.301
2026-09-14T01:21:46.852465Z,pit,skip_non_race_like_session,"{""session_key"": 11309}",0,skipped_not_applicable,pit endpoint is only treated as required for race/sprint-like sessions,0.0
2026-09-14T01:21:47.292694Z,starting_grid,starting_grid_by_session_key,"{""session_key"": 11309}",0,http_429,"{""detail"":""Rate limit exceeded. Max 30 requests/minute."",""error"":""Too Many Requests""}",0.44
2026-09-14T01:21:47.850921Z,drivers,drivers_by_session_key,"{""session_key"": 11309}",0,http_429,"{""detail"":""Rate limit exceeded. Max 30 requests/minute."",""error"":""Too Many Requests""}",0.457
2026-09-14T01:21:48.419899Z,drivers,drivers_by_observed_driver_number,"{""driver_number"": 1, ""session_key"": 11309}",0,http_429,"{""detail"":""Rate limit exceeded. Max 30 requests/minute."",""error"":""Too Many Requests""}",0.451
2026-09-14T01:21:48.963767Z,drivers,drivers_by_observed_driver_number,"{""driver_number"": 3, ""session_key"": 11309}",0,http_429,"{""detail"":""Rate limit exceeded. Max 30 requests/minute."",""error"":""Too Many Requests""}",0.442
2026-09-14T01:21:49.507509Z,drivers,drivers_by_observed_driver_number,"{""driver_number"": 5, ""session_key"": 11309}",0,http_429,"{""detail"":""Rate limit exceeded. Max 30 requests/minute."",""error"":""Too Many Requests""}",0.442
2026-09-14T01:21:50.051004Z,drivers,drivers_by_observed_driver_number,"{""driver_number"": 6, ""session_key"": 11309}",0,http_429,"{""detail"":""Rate limit exceeded. Max 30 requests/minute."",""error"":""Too Many Requests""}",0.442
2026-09-14T01:21:50.595980Z,drivers,drivers_by_observed_driver_number,"{""driver_number"": 10, ""session_key"": 11309}",0,http_429,"{""detail"":""Rate limit exceeded. Max 30 requests/minute."",""error"":""Too Many Requests""}",0.444
2026-09-14T01:21:51.147474Z,drivers,drivers_by_observed_driver_number,"{""driver_number"": 11, ""session_key"": 11309}",0,http_429,"{""detail"":""Rate limit exceeded. Max 30 requests/minute."",""error"":""Too Many Requests""}",0.45
2026-09-14T01:21:51.705433Z,drivers,drivers_by_observed_driver_number,"{""driver_number"": 12, ""session_key"": 11309}",0,http_429,"{""detail"":""Rate limit exceeded. Max 30 requests/minute."",""error"":""Too Many Requests""}",0.457
2026-09-14T01:21:52.262538Z,drivers,drivers_by_observed_driver_number,"{""driver_number"": 14, ""session_key"": 11309}",0,http_429,"{""detail"":""Rate limit exceeded. Max 30 requests/minute."",""error"":""Too Many Requests""}",0.456
2026-09-14T01:21:52.822346Z,drivers,drivers_by_observed_driver_number,"{""driver_number"": 16, ""session_key"": 11309}",0,http_429,"{""detail"":""Rate limit exceeded. Max 30 requests/minute."",""error"":""Too Many Requests""}",0.459
2026-09-14T01:21:53.368938Z,drivers,drivers_by_observed_driver_number,"{""driver_number"": 18, ""session_key"": 11309}",0,http_429,"{""detail"":""Rate limit exceeded. Max 30 requests/minute."",""error"":""Too Many Requests""}",0.445
2026-09-14T01:21:53.919576Z,drivers,drivers_by_observed_driver_number,"{""driver_number"": 23, ""session_key"": 11309}",0,http_429,"{""detail"":""Rate limit exceeded. Max 30 requests/minute."",""error"":""Too Many Requests""}",0.449
2026-09-14T01:21:54.460453Z,drivers,drivers_by_observed_driver_number,"{""driver_number"": 25, ""session_key"": 11309}",0,http_429,"{""detail"":""Rate limit exceeded. Max 30 requests/minute."",""error"":""Too Many Requests""}",0.44
2026-09-14T01:21:55.002396Z,drivers,drivers_by_observed_driver_number,"{""driver_number"": 27, ""session_key"": 11309}",0,http_429,"{""detail"":""Rate limit exceeded. Max 30 requests/minute."",""error"":""Too Many Requests""}",0.441
2026-09-14T01:21:55.553021Z,drivers,drivers_by_observed_driver_number,"{""driver_number"": 30, ""session_key"": 11309}",0,http_429,"{""detail"":""Rate limit exceeded. Max 30 requests/minute."",""error"":""Too Many Requests""}",0.449
2026-09-14T01:21:56.089478Z,drivers,drivers_by_observed_driver_number,"{""driver_number"": 31, ""session_key"": 11309}",0,http_429,"{""detail"":""Rate limit exceeded. Max 30 requests/minute."",""error"":""Too Many Requests""}",0.435
2026-09-14T01:21:56.637500Z,drivers,drivers_by_observed_driver_number,"{""driver_number"": 34, ""session_key"": 11309}",0,http_429,"{""detail"":""Rate limit exceeded. Max 30 requests/minute."",""error"":""Too Many Requests""}",0.447
2026-09-14T01:21:57.196481Z,drivers,drivers_by_observed_driver_number,"{""driver_number"": 36, ""session_key"": 11309}",0,http_429,"{""detail"":""Rate limit exceeded. Max 30 requests/minute."",""error"":""Too Many Requests""}",0.458
2026-09-14T01:21:57.752492Z,drivers,drivers_by_observed_driver_number,"{""driver_number"": 38, ""session_key"": 11309}",0,http_429,"{""detail"":""Rate limit exceeded. Max 30 requests/minute."",""error"":""Too Many Requests""}",0.455
2026-09-14T01:21:58.300141Z,drivers,drivers_by_observed_driver_number,"{""driver_number"": 41, ""session_key"": 11309}",0,http_429,"{""detail"":""Rate limit exceeded. Max 30 requests/minute."",""error"":""Too Many Requests""}",0.446
2026-09-14T01:21:58.856244Z,drivers,drivers_by_observed_driver_number,"{""driver_number"": 43, ""session_key"": 11309}",0,http_429,"{""detail"":""Rate limit exceeded. Max 30 requests/minute."",""error"":""Too Many Requests""}",0.455
2026-09-14T01:21:59.397437Z,drivers,drivers_by_observed_driver_number,"{""driver_number"": 44, ""session_key"": 11309}",0,http_429,"{""detail"":""Rate limit exceeded. Max 30 requests/minute."",""error"":""Too Many Requests""}",0.44
2026-09-14T01:21:59.942207Z,drivers,drivers_by_observed_driver_number,"{""driver_number"": 46, ""session_key"": 11309}",0,http_429,"{""detail"":""Rate limit exceeded. Max 30 requests/minute."",""error"":""Too Many Requests""}",0.443
2026-09-14T01:22:00.502708Z,drivers,drivers_by_observed_driver_number,"{""driver_number"": 50, ""session_key"": 11309}",0,http_404,"{""detail"":""No results found.""}",0.459
2026-09-14T01:22:01.070893Z,drivers,drivers_by_observed_driver_number,"{""driver_number"": 55, ""session_key"": 11309}",1,pass,,0.467
2026-09-14T01:22:01.614140Z,drivers,drivers_by_observed_driver_number,"{""driver_number"": 63, ""session_key"": 11309}",1,pass,,0.442
2026-09-14T01:22:02.167253Z,drivers,drivers_by_observed_driver_number,"{""driver_number"": 67, ""session_key"": 11309}",0,http_404,"{""detail"":""No results found.""}",0.452
2026-09-14T01:22:02.722334Z,drivers,drivers_by_observed_driver_number,"{""driver_number"": 72, ""session_key"": 11309}",0,http_404,"{""detail"":""No results found.""}",0.454
2026-09-14T01:22:03.290639Z,drivers,drivers_by_observed_driver_number,"{""driver_number"": 77, ""session_key"": 11309}",1,pass,,0.467
2026-09-14T01:22:03.834778Z,drivers,drivers_by_observed_driver_number,"{""driver_number"": 81, ""session_key"": 11309}",1,pass,,0.443
2026-09-14T01:22:04.377554Z,drivers,drivers_by_observed_driver_number,"{""driver_number"": 87, ""session_key"": 11309}",1,pass,,0.441
2026-09-14T01:22:04.923756Z,drivers,drivers_by_observed_driver_number,"{""driver_number"": 90, ""session_key"": 11309}",0,http_404,"{""detail"":""No results found.""}",0.445
2026-09-14T01:22:05.635523Z,drivers,drivers_by_observed_driver_number,"{""driver_number"": 97, ""session_key"": 11309}",0,http_404,"{""detail"":""No results found.""}",0.61
2026-09-14T01:22:06.549305Z,drivers,drivers_by_observed_driver_number,"{""driver_number"": 241, ""session_key"": 11309}",0,http_404,"{""detail"":""No results found.""}",0.812
2026-09-14T01:22:07.121834Z,drivers,drivers_by_observed_driver_number,"{""driver_number"": 243, ""session_key"": 11309}",0,http_404,"{""detail"":""No results found.""}",0.471
2026-09-14T01:22:07.666261Z,drivers,drivers_by_observed_driver_number,"{""driver_number"": 247, ""session_key"": 11309}",0,http_404,"{""detail"":""No results found.""}",0.443
2026-09-14T01:22:08.219394Z,team_radio,team_radio_by_session_key_opportunistic,"{""session_key"": 11309}",0,http_404,"{""detail"":""No results found.""}",0.45
2026-09-14T01:22:08.783259Z,weather,weather_by_session_key,"{""session_key"": 11310}",81,pass,,0.462
2026-09-14T01:22:09.338642Z,race_control,race_control_by_session_key,"{""session_key"": 11310}",21,pass,,0.453
2026-09-14T01:22:09.883634Z,intervals,intervals_by_session_key,"{""session_key"": 11310}",0,http_404,"{""detail"":""No results found.""}",0.443
2026-09-14T01:22:10.583501Z,position,position_by_session_key,"{""session_key"": 11310}",475,pass,,0.598
2026-09-14T01:22:11.154352Z,stints,stints_by_session_key,"{""session_key"": 11310}",116,pass,,0.469
2026-09-14T01:22:11.256471Z,pit,skip_non_race_like_session,"{""session_key"": 11310}",0,skipped_not_applicable,pit endpoint is only treated as required for race/sprint-like sessions,0.0
2026-09-14T01:22:11.707356Z,starting_grid,starting_grid_by_session_key,"{""session_key"": 11310}",0,http_404,"{""detail"":""No results found.""}",0.451
2026-09-14T01:22:12.254311Z,drivers,drivers_by_session_key,"{""session_key"": 11310}",22,pass,,0.445
2026-09-14T01:22:12.817966Z,team_radio,team_radio_by_session_key_opportunistic,"{""session_key"": 11310}",12,pass,,0.462
2026-09-14T01:22:13.385881Z,weather,weather_by_session_key,"{""session_key"": 11311}",80,pass,,0.466
2026-09-14T01:22:13.948841Z,race_control,race_control_by_session_key,"{""session_key"": 11311}",55,pass,,0.461
2026-09-14T01:22:14.518949Z,intervals,intervals_by_session_key,"{""session_key"": 11311}",0,http_404,"{""detail"":""No results found.""}",0.468
2026-09-14T01:22:15.157375Z,position,position_by_session_key,"{""session_key"": 11311}",982,pass,,0.537
2026-09-14T01:22:15.710931Z,stints,stints_by_session_key,"{""session_key"": 11311}",99,pass,,0.451
2026-09-14T01:22:15.813109Z,pit,skip_non_race_like_session,"{""session_key"": 11311}",0,skipped_not_applicable,pit endpoint is only treated as required for race/sprint-like sessions,0.0
2026-09-14T01:22:16.251731Z,starting_grid,starting_grid_by_session_key,"{""session_key"": 11311}",22,pass,,0.438
2026-09-14T01:22:16.802379Z,drivers,drivers_by_session_key,"{""session_key"": 11311}",22,pass,,0.449
2026-09-14T01:22:17.370541Z,team_radio,team_radio_by_session_key_opportunistic,"{""session_key"": 11311}",12,pass,,0.466
2026-09-14T01:22:17.935752Z,weather,weather_by_session_key,"{""session_key"": 11315}",0,http_429,"{""detail"":""Rate limit exceeded. Max 30 requests/minute."",""error"":""Too Many Requests""}",0.463
2026-09-14T01:22:18.483776Z,race_control,race_control_by_session_key,"{""session_key"": 11315}",0,http_429,"{""detail"":""Rate limit exceeded. Max 30 requests/minute."",""error"":""Too Many Requests""}",0.447
2026-09-14T01:22:19.035050Z,intervals,intervals_by_session_key,"{""session_key"": 11315}",0,http_429,"{""detail"":""Rate limit exceeded. Max 30 requests/minute."",""error"":""Too Many Requests""}",0.45
2026-09-14T01:22:19.583409Z,position,position_by_session_key,"{""session_key"": 11315}",0,http_429,"{""detail"":""Rate limit exceeded. Max 30 requests/minute."",""error"":""Too Many Requests""}",0.447
2026-09-14T01:22:20.127220Z,position,position_by_meeting_key_fallback,"{""meeting_key"": 1288}",0,http_429,"{""detail"":""Rate limit exceeded. Max 30 requests/minute."",""error"":""Too Many Requests""}",0.442
2026-09-14T01:22:20.700052Z,stints,stints_by_session_key,"{""session_key"": 11315}",0,http_429,"{""detail"":""Rate limit exceeded. Max 30 requests/minute."",""error"":""Too Many Requests""}",0.471
2026-09-14T01:22:21.271830Z,pit,pit_by_session_key,"{""session_key"": 11315}",0,http_429,"{""detail"":""Rate limit exceeded. Max 30 requests/minute."",""error"":""Too Many Requests""}",0.47
2026-09-14T01:22:21.841163Z,starting_grid,starting_grid_by_session_key,"{""session_key"": 11315}",0,http_429,"{""detail"":""Rate limit exceeded. Max 30 requests/minute."",""error"":""Too Many Requests""}",0.468
2026-09-14T01:22:22.395217Z,drivers,drivers_by_session_key,"{""session_key"": 11315}",0,http_429,"{""detail"":""Rate limit exceeded. Max 30 requests/minute."",""error"":""Too Many Requests""}",0.453
2026-09-14T01:22:22.953557Z,drivers,drivers_by_observed_driver_number,"{""driver_number"": 1, ""session_key"": 11315}",0,http_429,"{""detail"":""Rate limit exceeded. Max 30 requests/minute."",""error"":""Too Many Requests""}",0.439
2026-09-14T01:22:23.503786Z,drivers,drivers_by_observed_driver_number,"{""driver_number"": 3, ""session_key"": 11315}",0,http_429,"{""detail"":""Rate limit exceeded. Max 30 requests/minute."",""error"":""Too Many Requests""}",0.449
2026-09-14T01:22:24.047268Z,drivers,drivers_by_observed_driver_number,"{""driver_number"": 5, ""session_key"": 11315}",0,http_429,"{""detail"":""Rate limit exceeded. Max 30 requests/minute."",""error"":""Too Many Requests""}",0.442
2026-09-14T01:22:24.591848Z,drivers,drivers_by_observed_driver_number,"{""driver_number"": 6, ""session_key"": 11315}",0,http_429,"{""detail"":""Rate limit exceeded. Max 30 requests/minute."",""error"":""Too Many Requests""}",0.443
2026-09-14T01:22:25.152036Z,drivers,drivers_by_observed_driver_number,"{""driver_number"": 10, ""session_key"": 11315}",0,http_429,"{""detail"":""Rate limit exceeded. Max 30 requests/minute."",""error"":""Too Many Requests""}",0.459
2026-09-14T01:22:25.699766Z,drivers,drivers_by_observed_driver_number,"{""driver_number"": 11, ""session_key"": 11315}",0,http_429,"{""detail"":""Rate limit exceeded. Max 30 requests/minute."",""error"":""Too Many Requests""}",0.446
2026-09-14T01:22:26.236176Z,drivers,drivers_by_observed_driver_number,"{""driver_number"": 12, ""session_key"": 11315}",0,http_429,"{""detail"":""Rate limit exceeded. Max 30 requests/minute."",""error"":""Too Many Requests""}",0.435
2026-09-14T01:22:26.793033Z,drivers,drivers_by_observed_driver_number,"{""driver_number"": 14, ""session_key"": 11315}",0,http_429,"{""detail"":""Rate limit exceeded. Max 30 requests/minute."",""error"":""Too Many Requests""}",0.456
2026-09-14T01:22:27.333992Z,drivers,drivers_by_observed_driver_number,"{""driver_number"": 16, ""session_key"": 11315}",0,http_429,"{""detail"":""Rate limit exceeded. Max 30 requests/minute."",""error"":""Too Many Requests""}",0.44
2026-09-14T01:22:27.884584Z,drivers,drivers_by_observed_driver_number,"{""driver_number"": 18, ""session_key"": 11315}",0,http_429,"{""detail"":""Rate limit exceeded. Max 30 requests/minute."",""error"":""Too Many Requests""}",0.449
2026-09-14T01:22:28.445297Z,drivers,drivers_by_observed_driver_number,"{""driver_number"": 23, ""session_key"": 11315}",0,http_429,"{""detail"":""Rate limit exceeded. Max 30 requests/minute."",""error"":""Too Many Requests""}",0.459
2026-09-14T01:22:28.990081Z,drivers,drivers_by_observed_driver_number,"{""driver_number"": 25, ""session_key"": 11315}",0,http_429,"{""detail"":""Rate limit exceeded. Max 30 requests/minute."",""error"":""Too Many Requests""}",0.443
2026-09-14T01:22:29.542654Z,drivers,drivers_by_observed_driver_number,"{""driver_number"": 27, ""session_key"": 11315}",0,http_429,"{""detail"":""Rate limit exceeded. Max 30 requests/minute."",""error"":""Too Many Requests""}",0.451
2026-09-14T01:22:30.097483Z,drivers,drivers_by_observed_driver_number,"{""driver_number"": 30, ""session_key"": 11315}",0,http_429,"{""detail"":""Rate limit exceeded. Max 30 requests/minute."",""error"":""Too Many Requests""}",0.454
2026-09-14T01:22:30.636474Z,drivers,drivers_by_observed_driver_number,"{""driver_number"": 31, ""session_key"": 11315}",0,http_429,"{""detail"":""Rate limit exceeded. Max 30 requests/minute."",""error"":""Too Many Requests""}",0.438
2026-09-14T01:22:31.176469Z,drivers,drivers_by_observed_driver_number,"{""driver_number"": 34, ""session_key"": 11315}",0,http_429,"{""detail"":""Rate limit exceeded. Max 30 requests/minute."",""error"":""Too Many Requests""}",0.439
2026-09-14T01:22:31.720532Z,drivers,drivers_by_observed_driver_number,"{""driver_number"": 36, ""session_key"": 11315}",0,http_429,"{""detail"":""Rate limit exceeded. Max 30 requests/minute."",""error"":""Too Many Requests""}",0.443
2026-09-14T01:22:32.292522Z,drivers,drivers_by_observed_driver_number,"{""driver_number"": 38, ""session_key"": 11315}",0,http_429,"{""detail"":""Rate limit exceeded. Max 30 requests/minute."",""error"":""Too Many Requests""}",0.471
2026-09-14T01:22:32.842308Z,drivers,drivers_by_observed_driver_number,"{""driver_number"": 41, ""session_key"": 11315}",0,http_429,"{""detail"":""Rate limit exceeded. Max 30 requests/minute."",""error"":""Too Many Requests""}",0.449
2026-09-14T01:22:33.389534Z,drivers,drivers_by_observed_driver_number,"{""driver_number"": 43, ""session_key"": 11315}",0,http_429,"{""detail"":""Rate limit exceeded. Max 30 requests/minute."",""error"":""Too Many Requests""}",0.446
2026-09-14T01:22:33.931911Z,drivers,drivers_by_observed_driver_number,"{""driver_number"": 44, ""session_key"": 11315}",0,http_429,"{""detail"":""Rate limit exceeded. Max 30 requests/minute."",""error"":""Too Many Requests""}",0.441
2026-09-14T01:22:34.494802Z,drivers,drivers_by_observed_driver_number,"{""driver_number"": 46, ""session_key"": 11315}",0,http_429,"{""detail"":""Rate limit exceeded. Max 30 requests/minute."",""error"":""Too Many Requests""}",0.462
2026-09-14T01:22:35.050651Z,drivers,drivers_by_observed_driver_number,"{""driver_number"": 50, ""session_key"": 11315}",0,http_429,"{""detail"":""Rate limit exceeded. Max 30 requests/minute."",""error"":""Too Many Requests""}",0.455
2026-09-14T01:22:35.591457Z,drivers,drivers_by_observed_driver_number,"{""driver_number"": 55, ""session_key"": 11315}",0,http_429,"{""detail"":""Rate limit exceeded. Max 30 requests/minute."",""error"":""Too Many Requests""}",0.439
2026-09-14T01:22:36.156696Z,drivers,drivers_by_observed_driver_number,"{""driver_number"": 63, ""session_key"": 11315}",0,http_429,"{""detail"":""Rate limit exceeded. Max 30 requests/minute."",""error"":""Too Many Requests""}",0.464
2026-09-14T01:22:36.694797Z,drivers,drivers_by_observed_driver_number,"{""driver_number"": 67, ""session_key"": 11315}",0,http_429,"{""detail"":""Rate limit exceeded. Max 30 requests/minute."",""error"":""Too Many Requests""}",0.437
2026-09-14T01:22:37.252308Z,drivers,drivers_by_observed_driver_number,"{""driver_number"": 72, ""session_key"": 11315}",0,http_429,"{""detail"":""Rate limit exceeded. Max 30 requests/minute."",""error"":""Too Many Requests""}",0.456
2026-09-14T01:22:37.802465Z,drivers,drivers_by_observed_driver_number,"{""driver_number"": 77, ""session_key"": 11315}",0,http_429,"{""detail"":""Rate limit exceeded. Max 30 requests/minute."",""error"":""Too Many Requests""}",0.449
2026-09-14T01:22:38.342063Z,drivers,drivers_by_observed_driver_number,"{""driver_number"": 81, ""session_key"": 11315}",0,http_429,"{""detail"":""Rate limit exceeded. Max 30 requests/minute."",""error"":""Too Many Requests""}",0.438
2026-09-14T01:22:38.944177Z,drivers,drivers_by_observed_driver_number,"{""driver_number"": 87, ""session_key"": 11315}",0,http_429,"{""detail"":""Rate limit exceeded. Max 30 requests/minute."",""error"":""Too Many Requests""}",0.501
2026-09-14T01:22:39.510173Z,drivers,drivers_by_observed_driver_number,"{""driver_number"": 90, ""session_key"": 11315}",0,http_429,"{""detail"":""Rate limit exceeded. Max 30 requests/minute."",""error"":""Too Many Requests""}",0.465
2026-09-14T01:22:40.051053Z,drivers,drivers_by_observed_driver_number,"{""driver_number"": 97, ""session_key"": 11315}",0,http_429,"{""detail"":""Rate limit exceeded. Max 30 requests/minute."",""error"":""Too Many Requests""}",0.439
2026-09-14T01:22:40.799065Z,drivers,drivers_by_observed_driver_number,"{""driver_number"": 241, ""session_key"": 11315}",0,http_429,"{""detail"":""Rate limit exceeded. Max 30 requests/minute."",""error"":""Too Many Requests""}",0.647
2026-09-14T01:22:41.343550Z,drivers,drivers_by_observed_driver_number,"{""driver_number"": 243, ""session_key"": 11315}",0,http_429,"{""detail"":""Rate limit exceeded. Max 30 requests/minute."",""error"":""Too Many Requests""}",0.443
2026-09-14T01:22:41.882002Z,drivers,drivers_by_observed_driver_number,"{""driver_number"": 247, ""session_key"": 11315}",0,http_429,"{""detail"":""Rate limit exceeded. Max 30 requests/minute."",""error"":""Too Many Requests""}",0.437
2026-09-14T01:22:42.434447Z,team_radio,team_radio_by_session_key_opportunistic,"{""session_key"": 11315}",0,http_429,"{""detail"":""Rate limit exceeded. Max 30 requests/minute."",""error"":""Too Many Requests""}",0.451
2026-09-14T01:22:42.983032Z,weather,weather_by_session_key,"{""session_key"": 11316}",0,http_429,"{""detail"":""Rate limit exceeded. Max 30 requests/minute."",""error"":""Too Many Requests""}",0.447
2026-09-14T01:22:43.533426Z,race_control,race_control_by_session_key,"{""session_key"": 11316}",0,http_429,"{""detail"":""Rate limit exceeded. Max 30 requests/minute."",""error"":""Too Many Requests""}",0.449
2026-09-14T01:22:44.086257Z,intervals,intervals_by_session_key,"{""session_key"": 11316}",0,http_429,"{""detail"":""Rate limit exceeded. Max 30 requests/minute."",""error"":""Too Many Requests""}",0.451
2026-09-14T01:22:44.633089Z,position,position_by_session_key,"{""session_key"": 11316}",0,http_429,"{""detail"":""Rate limit exceeded. Max 30 requests/minute."",""error"":""Too Many Requests""}",0.445
2026-09-14T01:22:45.183213Z,position,position_by_meeting_key_fallback,"{""meeting_key"": 1289}",0,http_429,"{""detail"":""Rate limit exceeded. Max 30 requests/minute."",""error"":""Too Many Requests""}",0.449
2026-09-14T01:22:45.733410Z,stints,stints_by_session_key,"{""session_key"": 11316}",0,http_429,"{""detail"":""Rate limit exceeded. Max 30 requests/minute."",""error"":""Too Many Requests""}",0.449
2026-09-14T01:22:45.834800Z,pit,skip_non_race_like_session,"{""session_key"": 11316}",0,skipped_not_applicable,pit endpoint is only treated as required for race/sprint-like sessions,0.0
2026-09-14T01:22:46.290598Z,starting_grid,starting_grid_by_session_key,"{""session_key"": 11316}",0,http_429,"{""detail"":""Rate limit exceeded. Max 30 requests/minute."",""error"":""Too Many Requests""}",0.456
2026-09-14T01:22:46.841136Z,drivers,drivers_by_session_key,"{""session_key"": 11316}",0,http_429,"{""detail"":""Rate limit exceeded. Max 30 requests/minute."",""error"":""Too Many Requests""}",0.449
2026-09-14T01:22:47.398657Z,drivers,drivers_by_observed_driver_number,"{""driver_number"": 1, ""session_key"": 11316}",0,http_429,"{""detail"":""Rate limit exceeded. Max 30 requests/minute."",""error"":""Too Many Requests""}",0.439
2026-09-14T01:22:47.948411Z,drivers,drivers_by_observed_driver_number,"{""driver_number"": 3, ""session_key"": 11316}",0,http_429,"{""detail"":""Rate limit exceeded. Max 30 requests/minute."",""error"":""Too Many Requests""}",0.449
2026-09-14T01:22:48.522742Z,drivers,drivers_by_observed_driver_number,"{""driver_number"": 5, ""session_key"": 11316}",0,http_429,"{""detail"":""Rate limit exceeded. Max 30 requests/minute."",""error"":""Too Many Requests""}",0.473
2026-09-14T01:22:49.061735Z,drivers,drivers_by_observed_driver_number,"{""driver_number"": 6, ""session_key"": 11316}",0,http_429,"{""detail"":""Rate limit exceeded. Max 30 requests/minute."",""error"":""Too Many Requests""}",0.438
2026-09-14T01:22:49.631677Z,drivers,drivers_by_observed_driver_number,"{""driver_number"": 10, ""session_key"": 11316}",0,http_429,"{""detail"":""Rate limit exceeded. Max 30 requests/minute."",""error"":""Too Many Requests""}",0.469
2026-09-14T01:22:50.178168Z,drivers,drivers_by_observed_driver_number,"{""driver_number"": 11, ""session_key"": 11316}",0,http_429,"{""detail"":""Rate limit exceeded. Max 30 requests/minute."",""error"":""Too Many Requests""}",0.445
2026-09-14T01:22:50.724628Z,drivers,drivers_by_observed_driver_number,"{""driver_number"": 12, ""session_key"": 11316}",0,http_429,"{""detail"":""Rate limit exceeded. Max 30 requests/minute."",""error"":""Too Many Requests""}",0.445
2026-09-14T01:22:51.270486Z,drivers,drivers_by_observed_driver_number,"{""driver_number"": 14, ""session_key"": 11316}",0,http_429,"{""detail"":""Rate limit exceeded. Max 30 requests/minute."",""error"":""Too Many Requests""}",0.445
2026-09-14T01:22:51.805079Z,drivers,drivers_by_observed_driver_number,"{""driver_number"": 16, ""session_key"": 11316}",0,http_429,"{""detail"":""Rate limit exceeded. Max 30 requests/minute."",""error"":""Too Many Requests""}",0.433
2026-09-14T01:22:52.359552Z,drivers,drivers_by_observed_driver_number,"{""driver_number"": 18, ""session_key"": 11316}",0,http_429,"{""detail"":""Rate limit exceeded. Max 30 requests/minute."",""error"":""Too Many Requests""}",0.453
2026-09-14T01:22:52.898464Z,drivers,drivers_by_observed_driver_number,"{""driver_number"": 23, ""session_key"": 11316}",0,http_429,"{""detail"":""Rate limit exceeded. Max 30 requests/minute."",""error"":""Too Many Requests""}",0.438
2026-09-14T01:22:53.439030Z,drivers,drivers_by_observed_driver_number,"{""driver_number"": 25, ""session_key"": 11316}",0,http_429,"{""detail"":""Rate limit exceeded. Max 30 requests/minute."",""error"":""Too Many Requests""}",0.439
2026-09-14T01:22:54.000738Z,drivers,drivers_by_observed_driver_number,"{""driver_number"": 27, ""session_key"": 11316}",0,http_429,"{""detail"":""Rate limit exceeded. Max 30 requests/minute."",""error"":""Too Many Requests""}",0.46
2026-09-14T01:22:54.542497Z,drivers,drivers_by_observed_driver_number,"{""driver_number"": 30, ""session_key"": 11316}",0,http_429,"{""detail"":""Rate limit exceeded. Max 30 requests/minute."",""error"":""Too Many Requests""}",0.44
2026-09-14T01:22:55.078331Z,drivers,drivers_by_observed_driver_number,"{""driver_number"": 31, ""session_key"": 11316}",0,http_429,"{""detail"":""Rate limit exceeded. Max 30 requests/minute."",""error"":""Too Many Requests""}",0.435
2026-09-14T01:22:55.635511Z,drivers,drivers_by_observed_driver_number,"{""driver_number"": 34, ""session_key"": 11316}",0,http_429,"{""detail"":""Rate limit exceeded. Max 30 requests/minute."",""error"":""Too Many Requests""}",0.456
2026-09-14T01:22:56.187945Z,drivers,drivers_by_observed_driver_number,"{""driver_number"": 36, ""session_key"": 11316}",0,http_429,"{""detail"":""Rate limit exceeded. Max 30 requests/minute."",""error"":""Too Many Requests""}",0.451
2026-09-14T01:22:56.741450Z,drivers,drivers_by_observed_driver_number,"{""driver_number"": 38, ""session_key"": 11316}",0,http_429,"{""detail"":""Rate limit exceeded. Max 30 requests/minute."",""error"":""Too Many Requests""}",0.452
2026-09-14T01:22:57.295270Z,drivers,drivers_by_observed_driver_number,"{""driver_number"": 41, ""session_key"": 11316}",0,http_429,"{""detail"":""Rate limit exceeded. Max 30 requests/minute."",""error"":""Too Many Requests""}",0.453
2026-09-14T01:22:57.852969Z,drivers,drivers_by_observed_driver_number,"{""driver_number"": 43, ""session_key"": 11316}",0,http_429,"{""detail"":""Rate limit exceeded. Max 30 requests/minute."",""error"":""Too Many Requests""}",0.456
2026-09-14T01:22:58.394045Z,drivers,drivers_by_observed_driver_number,"{""driver_number"": 44, ""session_key"": 11316}",0,http_429,"{""detail"":""Rate limit exceeded. Max 30 requests/minute."",""error"":""Too Many Requests""}",0.44
2026-09-14T01:22:58.947595Z,drivers,drivers_by_observed_driver_number,"{""driver_number"": 46, ""session_key"": 11316}",0,http_429,"{""detail"":""Rate limit exceeded. Max 30 requests/minute."",""error"":""Too Many Requests""}",0.452
2026-09-14T01:22:59.499669Z,drivers,drivers_by_observed_driver_number,"{""driver_number"": 50, ""session_key"": 11316}",0,http_429,"{""detail"":""Rate limit exceeded. Max 30 requests/minute."",""error"":""Too Many Requests""}",0.451
2026-09-14T01:23:00.066538Z,drivers,drivers_by_observed_driver_number,"{""driver_number"": 55, ""session_key"": 11316}",0,http_429,"{""detail"":""Rate limit exceeded. Max 30 requests/minute."",""error"":""Too Many Requests""}",0.466
2026-09-14T01:23:00.624137Z,drivers,drivers_by_observed_driver_number,"{""driver_number"": 63, ""session_key"": 11316}",1,pass,,0.456
2026-09-14T01:23:01.174643Z,drivers,drivers_by_observed_driver_number,"{""driver_number"": 67, ""session_key"": 11316}",0,http_404,"{""detail"":""No results found.""}",0.449
2026-09-14T01:23:01.739385Z,drivers,drivers_by_observed_driver_number,"{""driver_number"": 72, ""session_key"": 11316}",0,http_404,"{""detail"":""No results found.""}",0.463
2026-09-14T01:23:02.291023Z,drivers,drivers_by_observed_driver_number,"{""driver_number"": 77, ""session_key"": 11316}",1,pass,,0.45
2026-09-14T01:23:02.844711Z,drivers,drivers_by_observed_driver_number,"{""driver_number"": 81, ""session_key"": 11316}",1,pass,,0.452
2026-09-14T01:23:03.403085Z,drivers,drivers_by_observed_driver_number,"{""driver_number"": 87, ""session_key"": 11316}",1,pass,,0.457
2026-09-14T01:23:03.969746Z,drivers,drivers_by_observed_driver_number,"{""driver_number"": 90, ""session_key"": 11316}",0,http_404,"{""detail"":""No results found.""}",0.465
2026-09-14T01:23:04.518603Z,drivers,drivers_by_observed_driver_number,"{""driver_number"": 97, ""session_key"": 11316}",0,http_404,"{""detail"":""No results found.""}",0.448
2026-09-14T01:23:05.082714Z,drivers,drivers_by_observed_driver_number,"{""driver_number"": 241, ""session_key"": 11316}",0,http_404,"{""detail"":""No results found.""}",0.463
2026-09-14T01:23:05.636220Z,drivers,drivers_by_observed_driver_number,"{""driver_number"": 243, ""session_key"": 11316}",0,http_404,"{""detail"":""No results found.""}",0.452
2026-09-14T01:23:06.208399Z,drivers,drivers_by_observed_driver_number,"{""driver_number"": 247, ""session_key"": 11316}",0,http_404,"{""detail"":""No results found.""}",0.471
2026-09-14T01:23:06.770851Z,team_radio,team_radio_by_session_key_opportunistic,"{""session_key"": 11316}",9,pass,,0.459
2026-09-14T01:23:07.320107Z,weather,weather_by_session_key,"{""session_key"": 11317}",60,pass,,0.447
2026-09-14T01:23:07.880864Z,race_control,race_control_by_session_key,"{""session_key"": 11317}",64,pass,,0.459
2026-09-14T01:23:08.422004Z,intervals,intervals_by_session_key,"{""session_key"": 11317}",0,http_404,"{""detail"":""No results found.""}",0.439
2026-09-14T01:23:09.013551Z,position,position_by_session_key,"{""session_key"": 11317}",839,pass,,0.49
2026-09-14T01:23:09.566736Z,stints,stints_by_session_key,"{""session_key"": 11317}",63,pass,,0.451
2026-09-14T01:23:10.121312Z,pit,pit_by_session_key,"{""session_key"": 11317}",63,pass,,0.452
2026-09-14T01:23:10.677405Z,starting_grid,starting_grid_by_session_key,"{""session_key"": 11317}",22,pass,,0.454
2026-09-14T01:23:11.258113Z,drivers,drivers_by_session_key,"{""session_key"": 11317}",22,pass,,0.479
2026-09-14T01:23:11.821666Z,team_radio,team_radio_by_session_key_opportunistic,"{""session_key"": 11317}",7,pass,,0.461
2026-09-14T01:23:12.656325Z,weather,weather_by_session_key,"{""session_key"": 11321}",79,pass,,0.732
2026-09-14T01:23:13.227796Z,race_control,race_control_by_session_key,"{""session_key"": 11321}",95,pass,,0.469
2026-09-14T01:23:14.781082Z,intervals,intervals_by_session_key,"{""session_key"": 11321}",9414,pass,,1.451
2026-09-14T01:23:15.340993Z,position,position_by_session_key,"{""session_key"": 11321}",196,pass,,0.456
2026-09-14T01:23:15.906721Z,stints,stints_by_session_key,"{""session_key"": 11321}",22,pass,,0.464
2026-09-14T01:23:16.457065Z,pit,pit_by_session_key,"{""session_key"": 11321}",2,pass,,0.448
2026-09-14T01:23:17.015556Z,starting_grid,starting_grid_by_session_key,"{""session_key"": 11321}",0,http_404,"{""detail"":""No results found.""}",0.456
2026-09-14T01:23:17.588295Z,drivers,drivers_by_session_key,"{""session_key"": 11321}",22,pass,,0.471
2026-09-14T01:23:18.524369Z,team_radio,team_radio_by_session_key_opportunistic,"{""session_key"": 11321}",4,pass,,0.834
2026-09-14T01:23:19.066380Z,weather,weather_by_session_key,"{""session_key"": 11322}",0,http_429,"{""detail"":""Rate limit exceeded. Max 30 requests/minute."",""error"":""Too Many Requests""}",0.439
2026-09-14T01:23:19.616124Z,race_control,race_control_by_session_key,"{""session_key"": 11322}",0,http_429,"{""detail"":""Rate limit exceeded. Max 30 requests/minute."",""error"":""Too Many Requests""}",0.448
2026-09-14T01:23:20.180598Z,intervals,intervals_by_session_key,"{""session_key"": 11322}",0,http_429,"{""detail"":""Rate limit exceeded. Max 30 requests/minute."",""error"":""Too Many Requests""}",0.463
2026-09-14T01:23:20.729215Z,position,position_by_session_key,"{""session_key"": 11322}",0,http_429,"{""detail"":""Rate limit exceeded. Max 30 requests/minute."",""error"":""Too Many Requests""}",0.447
2026-09-14T01:23:21.270439Z,position,position_by_meeting_key_fallback,"{""meeting_key"": 1289}",0,http_429,"{""detail"":""Rate limit exceeded. Max 30 requests/minute."",""error"":""Too Many Requests""}",0.44
2026-09-14T01:23:21.809130Z,stints,stints_by_session_key,"{""session_key"": 11322}",0,http_429,"{""detail"":""Rate limit exceeded. Max 30 requests/minute."",""error"":""Too Many Requests""}",0.437
2026-09-14T01:23:21.910542Z,pit,skip_non_race_like_session,"{""session_key"": 11322}",0,skipped_not_applicable,pit endpoint is only treated as required for race/sprint-like sessions,0.0
2026-09-14T01:23:22.353253Z,starting_grid,starting_grid_by_session_key,"{""session_key"": 11322}",0,http_429,"{""detail"":""Rate limit exceeded. Max 30 requests/minute."",""error"":""Too Many Requests""}",0.442
2026-09-14T01:23:22.895808Z,drivers,drivers_by_session_key,"{""session_key"": 11322}",0,http_429,"{""detail"":""Rate limit exceeded. Max 30 requests/minute."",""error"":""Too Many Requests""}",0.441
2026-09-14T01:23:23.467593Z,drivers,drivers_by_observed_driver_number,"{""driver_number"": 1, ""session_key"": 11322}",0,http_429,"{""detail"":""Rate limit exceeded. Max 30 requests/minute."",""error"":""Too Many Requests""}",0.45
2026-09-14T01:23:24.014965Z,drivers,drivers_by_observed_driver_number,"{""driver_number"": 3, ""session_key"": 11322}",0,http_429,"{""detail"":""Rate limit exceeded. Max 30 requests/minute."",""error"":""Too Many Requests""}",0.446
2026-09-14T01:23:24.567739Z,drivers,drivers_by_observed_driver_number,"{""driver_number"": 5, ""session_key"": 11322}",0,http_429,"{""detail"":""Rate limit exceeded. Max 30 requests/minute."",""error"":""Too Many Requests""}",0.451
2026-09-14T01:23:25.111168Z,drivers,drivers_by_observed_driver_number,"{""driver_number"": 6, ""session_key"": 11322}",0,http_429,"{""detail"":""Rate limit exceeded. Max 30 requests/minute."",""error"":""Too Many Requests""}",0.442
2026-09-14T01:23:25.697990Z,drivers,drivers_by_observed_driver_number,"{""driver_number"": 10, ""session_key"": 11322}",0,http_429,"{""detail"":""Rate limit exceeded. Max 30 requests/minute."",""error"":""Too Many Requests""}",0.485
2026-09-14T01:23:26.245188Z,drivers,drivers_by_observed_driver_number,"{""driver_number"": 11, ""session_key"": 11322}",0,http_429,"{""detail"":""Rate limit exceeded. Max 30 requests/minute."",""error"":""Too Many Requests""}",0.446
2026-09-14T01:23:26.812498Z,drivers,drivers_by_observed_driver_number,"{""driver_number"": 12, ""session_key"": 11322}",0,http_429,"{""detail"":""Rate limit exceeded. Max 30 requests/minute."",""error"":""Too Many Requests""}",0.466
2026-09-14T01:23:27.378011Z,drivers,drivers_by_observed_driver_number,"{""driver_number"": 14, ""session_key"": 11322}",0,http_429,"{""detail"":""Rate limit exceeded. Max 30 requests/minute."",""error"":""Too Many Requests""}",0.464
2026-09-14T01:23:27.945776Z,drivers,drivers_by_observed_driver_number,"{""driver_number"": 16, ""session_key"": 11322}",0,http_429,"{""detail"":""Rate limit exceeded. Max 30 requests/minute."",""error"":""Too Many Requests""}",0.466
2026-09-14T01:23:28.494529Z,drivers,drivers_by_observed_driver_number,"{""driver_number"": 18, ""session_key"": 11322}",0,http_429,"{""detail"":""Rate limit exceeded. Max 30 requests/minute."",""error"":""Too Many Requests""}",0.448
2026-09-14T01:23:29.040739Z,drivers,drivers_by_observed_driver_number,"{""driver_number"": 23, ""session_key"": 11322}",0,http_429,"{""detail"":""Rate limit exceeded. Max 30 requests/minute."",""error"":""Too Many Requests""}",0.445
2026-09-14T01:23:29.599340Z,drivers,drivers_by_observed_driver_number,"{""driver_number"": 25, ""session_key"": 11322}",0,http_429,"{""detail"":""Rate limit exceeded. Max 30 requests/minute."",""error"":""Too Many Requests""}",0.457
2026-09-14T01:23:30.349290Z,drivers,drivers_by_observed_driver_number,"{""driver_number"": 27, ""session_key"": 11322}",0,http_429,"{""detail"":""Rate limit exceeded. Max 30 requests/minute."",""error"":""Too Many Requests""}",0.649
2026-09-14T01:23:30.894022Z,drivers,drivers_by_observed_driver_number,"{""driver_number"": 30, ""session_key"": 11322}",0,http_429,"{""detail"":""Rate limit exceeded. Max 30 requests/minute."",""error"":""Too Many Requests""}",0.443
2026-09-14T01:23:31.450593Z,drivers,drivers_by_observed_driver_number,"{""driver_number"": 31, ""session_key"": 11322}",0,http_429,"{""detail"":""Rate limit exceeded. Max 30 requests/minute."",""error"":""Too Many Requests""}",0.455
2026-09-14T01:23:32.315408Z,drivers,drivers_by_observed_driver_number,"{""driver_number"": 34, ""session_key"": 11322}",0,http_429,"{""detail"":""Rate limit exceeded. Max 30 requests/minute."",""error"":""Too Many Requests""}",0.763
2026-09-14T01:23:32.867591Z,drivers,drivers_by_observed_driver_number,"{""driver_number"": 36, ""session_key"": 11322}",0,http_429,"{""detail"":""Rate limit exceeded. Max 30 requests/minute."",""error"":""Too Many Requests""}",0.451
2026-09-14T01:23:33.410741Z,drivers,drivers_by_observed_driver_number,"{""driver_number"": 38, ""session_key"": 11322}",0,http_429,"{""detail"":""Rate limit exceeded. Max 30 requests/minute."",""error"":""Too Many Requests""}",0.442
2026-09-14T01:23:33.965333Z,drivers,drivers_by_observed_driver_number,"{""driver_number"": 41, ""session_key"": 11322}",0,http_429,"{""detail"":""Rate limit exceeded. Max 30 requests/minute."",""error"":""Too Many Requests""}",0.453
2026-09-14T01:23:34.526467Z,drivers,drivers_by_observed_driver_number,"{""driver_number"": 43, ""session_key"": 11322}",0,http_429,"{""detail"":""Rate limit exceeded. Max 30 requests/minute."",""error"":""Too Many Requests""}",0.46
2026-09-14T01:23:35.079433Z,drivers,drivers_by_observed_driver_number,"{""driver_number"": 44, ""session_key"": 11322}",0,http_429,"{""detail"":""Rate limit exceeded. Max 30 requests/minute."",""error"":""Too Many Requests""}",0.452
2026-09-14T01:23:35.631670Z,drivers,drivers_by_observed_driver_number,"{""driver_number"": 46, ""session_key"": 11322}",0,http_429,"{""detail"":""Rate limit exceeded. Max 30 requests/minute."",""error"":""Too Many Requests""}",0.451
2026-09-14T01:23:36.203468Z,drivers,drivers_by_observed_driver_number,"{""driver_number"": 50, ""session_key"": 11322}",0,http_429,"{""detail"":""Rate limit exceeded. Max 30 requests/minute."",""error"":""Too Many Requests""}",0.47
2026-09-14T01:23:36.748951Z,drivers,drivers_by_observed_driver_number,"{""driver_number"": 55, ""session_key"": 11322}",0,http_429,"{""detail"":""Rate limit exceeded. Max 30 requests/minute."",""error"":""Too Many Requests""}",0.444
2026-09-14T01:23:37.295428Z,drivers,drivers_by_observed_driver_number,"{""driver_number"": 63, ""session_key"": 11322}",0,http_429,"{""detail"":""Rate limit exceeded. Max 30 requests/minute."",""error"":""Too Many Requests""}",0.445
2026-09-14T01:23:37.861093Z,drivers,drivers_by_observed_driver_number,"{""driver_number"": 67, ""session_key"": 11322}",0,http_429,"{""detail"":""Rate limit exceeded. Max 30 requests/minute."",""error"":""Too Many Requests""}",0.464
2026-09-14T01:23:38.408646Z,drivers,drivers_by_observed_driver_number,"{""driver_number"": 72, ""session_key"": 11322}",0,http_429,"{""detail"":""Rate limit exceeded. Max 30 requests/minute."",""error"":""Too Many Requests""}",0.446
2026-09-14T01:23:38.964531Z,drivers,drivers_by_observed_driver_number,"{""driver_number"": 77, ""session_key"": 11322}",0,http_429,"{""detail"":""Rate limit exceeded. Max 30 requests/minute."",""error"":""Too Many Requests""}",0.454
2026-09-14T01:23:39.653458Z,drivers,drivers_by_observed_driver_number,"{""driver_number"": 81, ""session_key"": 11322}",0,http_429,"{""detail"":""Rate limit exceeded. Max 30 requests/minute."",""error"":""Too Many Requests""}",0.588
2026-09-14T01:23:40.196183Z,drivers,drivers_by_observed_driver_number,"{""driver_number"": 87, ""session_key"": 11322}",0,http_429,"{""detail"":""Rate limit exceeded. Max 30 requests/minute."",""error"":""Too Many Requests""}",0.441
2026-09-14T01:23:40.736355Z,drivers,drivers_by_observed_driver_number,"{""driver_number"": 90, ""session_key"": 11322}",0,http_429,"{""detail"":""Rate limit exceeded. Max 30 requests/minute."",""error"":""Too Many Requests""}",0.439
2026-09-14T01:23:41.295782Z,drivers,drivers_by_observed_driver_number,"{""driver_number"": 97, ""session_key"": 11322}",0,http_429,"{""detail"":""Rate limit exceeded. Max 30 requests/minute."",""error"":""Too Many Requests""}",0.458
2026-09-14T01:23:41.850638Z,drivers,drivers_by_observed_driver_number,"{""driver_number"": 241, ""session_key"": 11322}",0,http_429,"{""detail"":""Rate limit exceeded. Max 30 requests/minute."",""error"":""Too Many Requests""}",0.454
2026-09-14T01:23:42.393933Z,drivers,drivers_by_observed_driver_number,"{""driver_number"": 243, ""session_key"": 11322}",0,http_429,"{""detail"":""Rate limit exceeded. Max 30 requests/minute."",""error"":""Too Many Requests""}",0.442
2026-09-14T01:23:42.949009Z,drivers,drivers_by_observed_driver_number,"{""driver_number"": 247, ""session_key"": 11322}",0,http_429,"{""detail"":""Rate limit exceeded. Max 30 requests/minute."",""error"":""Too Many Requests""}",0.454
2026-09-14T01:23:43.513943Z,team_radio,team_radio_by_session_key_opportunistic,"{""session_key"": 11322}",0,http_429,"{""detail"":""Rate limit exceeded. Max 30 requests/minute."",""error"":""Too Many Requests""}",0.463
2026-09-14T01:23:44.094893Z,weather,weather_by_session_key,"{""session_key"": 11326}",0,http_429,"{""detail"":""Rate limit exceeded. Max 30 requests/minute."",""error"":""Too Many Requests""}",0.479
2026-09-14T01:23:44.668916Z,race_control,race_control_by_session_key,"{""session_key"": 11326}",0,http_429,"{""detail"":""Rate limit exceeded. Max 30 requests/minute."",""error"":""Too Many Requests""}",0.473
2026-09-14T01:23:45.226714Z,intervals,intervals_by_session_key,"{""session_key"": 11326}",0,http_429,"{""detail"":""Rate limit exceeded. Max 30 requests/minute."",""error"":""Too Many Requests""}",0.456
2026-09-14T01:23:45.767910Z,position,position_by_session_key,"{""session_key"": 11326}",0,http_429,"{""detail"":""Rate limit exceeded. Max 30 requests/minute."",""error"":""Too Many Requests""}",0.44
2026-09-14T01:23:46.323036Z,position,position_by_meeting_key_fallback,"{""meeting_key"": 1289}",0,http_429,"{""detail"":""Rate limit exceeded. Max 30 requests/minute."",""error"":""Too Many Requests""}",0.454
2026-09-14T01:23:46.872217Z,stints,stints_by_session_key,"{""session_key"": 11326}",0,http_429,"{""detail"":""Rate limit exceeded. Max 30 requests/minute."",""error"":""Too Many Requests""}",0.448
2026-09-14T01:23:47.428578Z,pit,pit_by_session_key,"{""session_key"": 11326}",0,http_429,"{""detail"":""Rate limit exceeded. Max 30 requests/minute."",""error"":""Too Many Requests""}",0.455
2026-09-14T01:23:47.968188Z,starting_grid,starting_grid_by_session_key,"{""session_key"": 11326}",0,http_429,"{""detail"":""Rate limit exceeded. Max 30 requests/minute."",""error"":""Too Many Requests""}",0.438
2026-09-14T01:23:48.535901Z,drivers,drivers_by_session_key,"{""session_key"": 11326}",0,http_429,"{""detail"":""Rate limit exceeded. Max 30 requests/minute."",""error"":""Too Many Requests""}",0.466
2026-09-14T01:23:49.106019Z,drivers,drivers_by_observed_driver_number,"{""driver_number"": 1, ""session_key"": 11326}",0,http_429,"{""detail"":""Rate limit exceeded. Max 30 requests/minute."",""error"":""Too Many Requests""}",0.449
2026-09-14T01:23:49.659438Z,drivers,drivers_by_observed_driver_number,"{""driver_number"": 3, ""session_key"": 11326}",0,http_429,"{""detail"":""Rate limit exceeded. Max 30 requests/minute."",""error"":""Too Many Requests""}",0.452
2026-09-14T01:23:50.207445Z,drivers,drivers_by_observed_driver_number,"{""driver_number"": 5, ""session_key"": 11326}",0,http_429,"{""detail"":""Rate limit exceeded. Max 30 requests/minute."",""error"":""Too Many Requests""}",0.447
2026-09-14T01:23:50.753423Z,drivers,drivers_by_observed_driver_number,"{""driver_number"": 6, ""session_key"": 11326}",0,http_429,"{""detail"":""Rate limit exceeded. Max 30 requests/minute."",""error"":""Too Many Requests""}",0.445
2026-09-14T01:23:51.319161Z,drivers,drivers_by_observed_driver_number,"{""driver_number"": 10, ""session_key"": 11326}",0,http_429,"{""detail"":""Rate limit exceeded. Max 30 requests/minute."",""error"":""Too Many Requests""}",0.464
2026-09-14T01:23:51.865968Z,drivers,drivers_by_observed_driver_number,"{""driver_number"": 11, ""session_key"": 11326}",0,http_429,"{""detail"":""Rate limit exceeded. Max 30 requests/minute."",""error"":""Too Many Requests""}",0.446
2026-09-14T01:23:52.415499Z,drivers,drivers_by_observed_driver_number,"{""driver_number"": 12, ""session_key"": 11326}",0,http_429,"{""detail"":""Rate limit exceeded. Max 30 requests/minute."",""error"":""Too Many Requests""}",0.448
2026-09-14T01:23:52.958986Z,drivers,drivers_by_observed_driver_number,"{""driver_number"": 14, ""session_key"": 11326}",0,http_429,"{""detail"":""Rate limit exceeded. Max 30 requests/minute."",""error"":""Too Many Requests""}",0.442
2026-09-14T01:23:53.531645Z,drivers,drivers_by_observed_driver_number,"{""driver_number"": 16, ""session_key"": 11326}",0,http_429,"{""detail"":""Rate limit exceeded. Max 30 requests/minute."",""error"":""Too Many Requests""}",0.471
2026-09-14T01:23:54.082319Z,drivers,drivers_by_observed_driver_number,"{""driver_number"": 18, ""session_key"": 11326}",0,http_429,"{""detail"":""Rate limit exceeded. Max 30 requests/minute."",""error"":""Too Many Requests""}",0.449
2026-09-14T01:23:54.649504Z,drivers,drivers_by_observed_driver_number,"{""driver_number"": 23, ""session_key"": 11326}",0,http_429,"{""detail"":""Rate limit exceeded. Max 30 requests/minute."",""error"":""Too Many Requests""}",0.466
2026-09-14T01:23:55.187390Z,drivers,drivers_by_observed_driver_number,"{""driver_number"": 25, ""session_key"": 11326}",0,http_429,"{""detail"":""Rate limit exceeded. Max 30 requests/minute."",""error"":""Too Many Requests""}",0.437
2026-09-14T01:23:55.734019Z,drivers,drivers_by_observed_driver_number,"{""driver_number"": 27, ""session_key"": 11326}",0,http_429,"{""detail"":""Rate limit exceeded. Max 30 requests/minute."",""error"":""Too Many Requests""}",0.445
2026-09-14T01:23:56.283919Z,drivers,drivers_by_observed_driver_number,"{""driver_number"": 30, ""session_key"": 11326}",0,http_429,"{""detail"":""Rate limit exceeded. Max 30 requests/minute."",""error"":""Too Many Requests""}",0.449
2026-09-14T01:23:56.848493Z,drivers,drivers_by_observed_driver_number,"{""driver_number"": 31, ""session_key"": 11326}",0,http_429,"{""detail"":""Rate limit exceeded. Max 30 requests/minute."",""error"":""Too Many Requests""}",0.463
2026-09-14T01:23:57.429848Z,drivers,drivers_by_observed_driver_number,"{""driver_number"": 34, ""session_key"": 11326}",0,http_429,"{""detail"":""Rate limit exceeded. Max 30 requests/minute."",""error"":""Too Many Requests""}",0.48
2026-09-14T01:23:57.975199Z,drivers,drivers_by_observed_driver_number,"{""driver_number"": 36, ""session_key"": 11326}",0,http_429,"{""detail"":""Rate limit exceeded. Max 30 requests/minute."",""error"":""Too Many Requests""}",0.444
2026-09-14T01:23:58.528457Z,drivers,drivers_by_observed_driver_number,"{""driver_number"": 38, ""session_key"": 11326}",0,http_429,"{""detail"":""Rate limit exceeded. Max 30 requests/minute."",""error"":""Too Many Requests""}",0.452
2026-09-14T01:23:59.088167Z,drivers,drivers_by_observed_driver_number,"{""driver_number"": 41, ""session_key"": 11326}",0,http_429,"{""detail"":""Rate limit exceeded. Max 30 requests/minute."",""error"":""Too Many Requests""}",0.458
2026-09-14T01:23:59.627773Z,drivers,drivers_by_observed_driver_number,"{""driver_number"": 43, ""session_key"": 11326}",0,http_429,"{""detail"":""Rate limit exceeded. Max 30 requests/minute."",""error"":""Too Many Requests""}",0.438
2026-09-14T01:24:00.171302Z,drivers,drivers_by_observed_driver_number,"{""driver_number"": 44, ""session_key"": 11326}",2,pass,,0.442
2026-09-14T01:24:00.760653Z,drivers,drivers_by_observed_driver_number,"{""driver_number"": 46, ""session_key"": 11326}",0,http_404,"{""detail"":""No results found.""}",0.488
2026-09-14T01:24:01.305720Z,drivers,drivers_by_observed_driver_number,"{""driver_number"": 50, ""session_key"": 11326}",0,http_404,"{""detail"":""No results found.""}",0.444
2026-09-14T01:24:01.866586Z,drivers,drivers_by_observed_driver_number,"{""driver_number"": 55, ""session_key"": 11326}",2,pass,,0.459
2026-09-14T01:24:02.441048Z,drivers,drivers_by_observed_driver_number,"{""driver_number"": 63, ""session_key"": 11326}",2,pass,,0.473
2026-09-14T01:24:02.982202Z,drivers,drivers_by_observed_driver_number,"{""driver_number"": 67, ""session_key"": 11326}",0,http_404,"{""detail"":""No results found.""}",0.44
2026-09-14T01:24:03.533139Z,drivers,drivers_by_observed_driver_number,"{""driver_number"": 72, ""session_key"": 11326}",0,http_404,"{""detail"":""No results found.""}",0.45
2026-09-14T01:24:04.082476Z,drivers,drivers_by_observed_driver_number,"{""driver_number"": 77, ""session_key"": 11326}",2,pass,,0.448
2026-09-14T01:24:04.629702Z,drivers,drivers_by_observed_driver_number,"{""driver_number"": 81, ""session_key"": 11326}",2,pass,,0.446
2026-09-14T01:24:05.180387Z,drivers,drivers_by_observed_driver_number,"{""driver_number"": 87, ""session_key"": 11326}",2,pass,,0.449
2026-09-14T01:24:05.743452Z,drivers,drivers_by_observed_driver_number,"{""driver_number"": 90, ""session_key"": 11326}",0,http_404,"{""detail"":""No results found.""}",0.462
2026-09-14T01:24:06.302486Z,drivers,drivers_by_observed_driver_number,"{""driver_number"": 97, ""session_key"": 11326}",0,http_404,"{""detail"":""No results found.""}",0.458
2026-09-14T01:24:06.876964Z,drivers,drivers_by_observed_driver_number,"{""driver_number"": 241, ""session_key"": 11326}",0,http_404,"{""detail"":""No results found.""}",0.473
2026-09-14T01:24:07.427929Z,drivers,drivers_by_observed_driver_number,"{""driver_number"": 243, ""session_key"": 11326}",0,http_404,"{""detail"":""No results found.""}",0.45
2026-09-14T01:24:07.980832Z,drivers,drivers_by_observed_driver_number,"{""driver_number"": 247, ""session_key"": 11326}",0,http_404,"{""detail"":""No results found.""}",0.452
2026-09-14T01:24:08.544993Z,team_radio,team_radio_by_session_key_opportunistic,"{""session_key"": 11326}",20,pass,,0.46
2026-09-14T01:24:09.160695Z,weather,weather_by_session_key,"{""session_key"": 11327}",81,pass,,0.513
2026-09-14T01:24:09.863455Z,race_control,race_control_by_session_key,"{""session_key"": 11327}",87,pass,,0.601
2026-09-14T01:24:10.416386Z,intervals,intervals_by_session_key,"{""session_key"": 11327}",0,http_404,"{""detail"":""No results found.""}",0.451
2026-09-14T01:24:11.515917Z,position,position_by_session_key,"{""session_key"": 11327}",600,pass,,0.998
2026-09-14T01:24:12.138095Z,stints,stints_by_session_key,"{""session_key"": 11327}",84,pass,,0.52
2026-09-14T01:24:12.240525Z,pit,skip_non_race_like_session,"{""session_key"": 11327}",0,skipped_not_applicable,pit endpoint is only treated as required for race/sprint-like sessions,0.0
2026-09-14T01:24:12.680311Z,starting_grid,starting_grid_by_session_key,"{""session_key"": 11327}",0,http_404,"{""detail"":""No results found.""}",0.44
2026-09-14T01:24:13.245836Z,drivers,drivers_by_session_key,"{""session_key"": 11327}",22,pass,,0.464
2026-09-14T01:24:13.791059Z,team_radio,team_radio_by_session_key_opportunistic,"{""session_key"": 11327}",4,pass,,0.443
2026-09-14T01:24:14.351578Z,weather,weather_by_session_key,"{""session_key"": 11328}",83,pass,,0.458
2026-09-14T01:24:14.924714Z,race_control,race_control_by_session_key,"{""session_key"": 11328}",89,pass,,0.471
2026-09-14T01:24:16.882642Z,intervals,intervals_by_session_key,"{""session_key"": 11328}",0,http_404,"{""detail"":""No results found.""}",1.856
2026-09-14T01:24:17.592599Z,position,position_by_session_key,"{""session_key"": 11328}",464,pass,,0.609
2026-09-14T01:24:18.159051Z,stints,stints_by_session_key,"{""session_key"": 11328}",97,pass,,0.464
2026-09-14T01:24:18.261063Z,pit,skip_non_race_like_session,"{""session_key"": 11328}",0,skipped_not_applicable,pit endpoint is only treated as required for race/sprint-like sessions,0.0
2026-09-14T01:24:18.696297Z,starting_grid,starting_grid_by_session_key,"{""session_key"": 11328}",0,http_404,"{""detail"":""No results found.""}",0.435
2026-09-14T01:24:19.242108Z,drivers,drivers_by_session_key,"{""session_key"": 11328}",0,http_429,"{""detail"":""Rate limit exceeded. Max 30 requests/minute."",""error"":""Too Many Requests""}",0.444
2026-09-14T01:24:19.810063Z,drivers,drivers_by_observed_driver_number,"{""driver_number"": 1, ""session_key"": 11328}",0,http_429,"{""detail"":""Rate limit exceeded. Max 30 requests/minute."",""error"":""Too Many Requests""}",0.445
2026-09-14T01:24:20.355386Z,drivers,drivers_by_observed_driver_number,"{""driver_number"": 3, ""session_key"": 11328}",0,http_429,"{""detail"":""Rate limit exceeded. Max 30 requests/minute."",""error"":""Too Many Requests""}",0.444
2026-09-14T01:24:20.913171Z,drivers,drivers_by_observed_driver_number,"{""driver_number"": 5, ""session_key"": 11328}",0,http_429,"{""detail"":""Rate limit exceeded. Max 30 requests/minute."",""error"":""Too Many Requests""}",0.456
2026-09-14T01:24:21.463567Z,drivers,drivers_by_observed_driver_number,"{""driver_number"": 6, ""session_key"": 11328}",0,http_429,"{""detail"":""Rate limit exceeded. Max 30 requests/minute."",""error"":""Too Many Requests""}",0.449
2026-09-14T01:24:22.005475Z,drivers,drivers_by_observed_driver_number,"{""driver_number"": 10, ""session_key"": 11328}",0,http_429,"{""detail"":""Rate limit exceeded. Max 30 requests/minute."",""error"":""Too Many Requests""}",0.441
2026-09-14T01:24:22.544693Z,drivers,drivers_by_observed_driver_number,"{""driver_number"": 11, ""session_key"": 11328}",0,http_429,"{""detail"":""Rate limit exceeded. Max 30 requests/minute."",""error"":""Too Many Requests""}",0.438
2026-09-14T01:24:23.088081Z,drivers,drivers_by_observed_driver_number,"{""driver_number"": 12, ""session_key"": 11328}",0,http_429,"{""detail"":""Rate limit exceeded. Max 30 requests/minute."",""error"":""Too Many Requests""}",0.442
2026-09-14T01:24:23.632274Z,drivers,drivers_by_observed_driver_number,"{""driver_number"": 14, ""session_key"": 11328}",0,http_429,"{""detail"":""Rate limit exceeded. Max 30 requests/minute."",""error"":""Too Many Requests""}",0.443
2026-09-14T01:24:24.170378Z,drivers,drivers_by_observed_driver_number,"{""driver_number"": 16, ""session_key"": 11328}",0,http_429,"{""detail"":""Rate limit exceeded. Max 30 requests/minute."",""error"":""Too Many Requests""}",0.437
2026-09-14T01:24:24.720514Z,drivers,drivers_by_observed_driver_number,"{""driver_number"": 18, ""session_key"": 11328}",0,http_429,"{""detail"":""Rate limit exceeded. Max 30 requests/minute."",""error"":""Too Many Requests""}",0.449
2026-09-14T01:24:25.265156Z,drivers,drivers_by_observed_driver_number,"{""driver_number"": 23, ""session_key"": 11328}",0,http_429,"{""detail"":""Rate limit exceeded. Max 30 requests/minute."",""error"":""Too Many Requests""}",0.443
2026-09-14T01:24:25.823651Z,drivers,drivers_by_observed_driver_number,"{""driver_number"": 25, ""session_key"": 11328}",0,http_429,"{""detail"":""Rate limit exceeded. Max 30 requests/minute."",""error"":""Too Many Requests""}",0.457
2026-09-14T01:24:26.374195Z,drivers,drivers_by_observed_driver_number,"{""driver_number"": 27, ""session_key"": 11328}",0,http_429,"{""detail"":""Rate limit exceeded. Max 30 requests/minute."",""error"":""Too Many Requests""}",0.449
2026-09-14T01:24:26.925260Z,drivers,drivers_by_observed_driver_number,"{""driver_number"": 30, ""session_key"": 11328}",0,http_429,"{""detail"":""Rate limit exceeded. Max 30 requests/minute."",""error"":""Too Many Requests""}",0.45
2026-09-14T01:24:27.478129Z,drivers,drivers_by_observed_driver_number,"{""driver_number"": 31, ""session_key"": 11328}",0,http_429,"{""detail"":""Rate limit exceeded. Max 30 requests/minute."",""error"":""Too Many Requests""}",0.451
2026-09-14T01:24:28.019195Z,drivers,drivers_by_observed_driver_number,"{""driver_number"": 34, ""session_key"": 11328}",0,http_429,"{""detail"":""Rate limit exceeded. Max 30 requests/minute."",""error"":""Too Many Requests""}",0.44
2026-09-14T01:24:28.574433Z,drivers,drivers_by_observed_driver_number,"{""driver_number"": 36, ""session_key"": 11328}",0,http_429,"{""detail"":""Rate limit exceeded. Max 30 requests/minute."",""error"":""Too Many Requests""}",0.454
2026-09-14T01:24:29.127199Z,drivers,drivers_by_observed_driver_number,"{""driver_number"": 38, ""session_key"": 11328}",0,http_429,"{""detail"":""Rate limit exceeded. Max 30 requests/minute."",""error"":""Too Many Requests""}",0.451
2026-09-14T01:24:29.668725Z,drivers,drivers_by_observed_driver_number,"{""driver_number"": 41, ""session_key"": 11328}",0,http_429,"{""detail"":""Rate limit exceeded. Max 30 requests/minute."",""error"":""Too Many Requests""}",0.44
2026-09-14T01:24:30.214675Z,drivers,drivers_by_observed_driver_number,"{""driver_number"": 43, ""session_key"": 11328}",0,http_429,"{""detail"":""Rate limit exceeded. Max 30 requests/minute."",""error"":""Too Many Requests""}",0.445
2026-09-14T01:24:30.772164Z,drivers,drivers_by_observed_driver_number,"{""driver_number"": 44, ""session_key"": 11328}",0,http_429,"{""detail"":""Rate limit exceeded. Max 30 requests/minute."",""error"":""Too Many Requests""}",0.456
2026-09-14T01:24:31.308562Z,drivers,drivers_by_observed_driver_number,"{""driver_number"": 46, ""session_key"": 11328}",0,http_429,"{""detail"":""Rate limit exceeded. Max 30 requests/minute."",""error"":""Too Many Requests""}",0.435
2026-09-14T01:24:31.861415Z,drivers,drivers_by_observed_driver_number,"{""driver_number"": 50, ""session_key"": 11328}",0,http_429,"{""detail"":""Rate limit exceeded. Max 30 requests/minute."",""error"":""Too Many Requests""}",0.452
2026-09-14T01:24:32.408062Z,drivers,drivers_by_observed_driver_number,"{""driver_number"": 55, ""session_key"": 11328}",0,http_429,"{""detail"":""Rate limit exceeded. Max 30 requests/minute."",""error"":""Too Many Requests""}",0.445
2026-09-14T01:24:32.959644Z,drivers,drivers_by_observed_driver_number,"{""driver_number"": 63, ""session_key"": 11328}",0,http_429,"{""detail"":""Rate limit exceeded. Max 30 requests/minute."",""error"":""Too Many Requests""}",0.45
2026-09-14T01:24:33.510143Z,drivers,drivers_by_observed_driver_number,"{""driver_number"": 67, ""session_key"": 11328}",0,http_429,"{""detail"":""Rate limit exceeded. Max 30 requests/minute."",""error"":""Too Many Requests""}",0.449
2026-09-14T01:24:34.062692Z,drivers,drivers_by_observed_driver_number,"{""driver_number"": 72, ""session_key"": 11328}",0,http_429,"{""detail"":""Rate limit exceeded. Max 30 requests/minute."",""error"":""Too Many Requests""}",0.451
2026-09-14T01:24:34.613224Z,drivers,drivers_by_observed_driver_number,"{""driver_number"": 77, ""session_key"": 11328}",0,http_429,"{""detail"":""Rate limit exceeded. Max 30 requests/minute."",""error"":""Too Many Requests""}",0.449
2026-09-14T01:24:35.173552Z,drivers,drivers_by_observed_driver_number,"{""driver_number"": 81, ""session_key"": 11328}",0,http_429,"{""detail"":""Rate limit exceeded. Max 30 requests/minute."",""error"":""Too Many Requests""}",0.459
2026-09-14T01:24:35.725562Z,drivers,drivers_by_observed_driver_number,"{""driver_number"": 87, ""session_key"": 11328}",0,http_429,"{""detail"":""Rate limit exceeded. Max 30 requests/minute."",""error"":""Too Many Requests""}",0.451
2026-09-14T01:24:36.277565Z,drivers,drivers_by_observed_driver_number,"{""driver_number"": 90, ""session_key"": 11328}",0,http_429,"{""detail"":""Rate limit exceeded. Max 30 requests/minute."",""error"":""Too Many Requests""}",0.451
2026-09-14T01:24:36.838141Z,drivers,drivers_by_observed_driver_number,"{""driver_number"": 97, ""session_key"": 11328}",0,http_429,"{""detail"":""Rate limit exceeded. Max 30 requests/minute."",""error"":""Too Many Requests""}",0.459
2026-09-14T01:24:37.388430Z,drivers,drivers_by_observed_driver_number,"{""driver_number"": 241, ""session_key"": 11328}",0,http_429,"{""detail"":""Rate limit exceeded. Max 30 requests/minute."",""error"":""Too Many Requests""}",0.449
2026-09-14T01:24:37.936403Z,drivers,drivers_by_observed_driver_number,"{""driver_number"": 243, ""session_key"": 11328}",0,http_429,"{""detail"":""Rate limit exceeded. Max 30 requests/minute."",""error"":""Too Many Requests""}",0.447
2026-09-14T01:24:38.496198Z,drivers,drivers_by_observed_driver_number,"{""driver_number"": 247, ""session_key"": 11328}",0,http_429,"{""detail"":""Rate limit exceeded. Max 30 requests/minute."",""error"":""Too Many Requests""}",0.458
2026-09-14T01:24:39.041771Z,team_radio,team_radio_by_session_key_opportunistic,"{""session_key"": 11328}",0,http_429,"{""detail"":""Rate limit exceeded. Max 30 requests/minute."",""error"":""Too Many Requests""}",0.444
2026-09-14T01:24:39.588448Z,weather,weather_by_session_key,"{""session_key"": 11329}",0,http_429,"{""detail"":""Rate limit exceeded. Max 30 requests/minute."",""error"":""Too Many Requests""}",0.445
2026-09-14T01:24:40.130538Z,race_control,race_control_by_session_key,"{""session_key"": 11329}",0,http_429,"{""detail"":""Rate limit exceeded. Max 30 requests/minute."",""error"":""Too Many Requests""}",0.441
2026-09-14T01:24:40.675176Z,intervals,intervals_by_session_key,"{""session_key"": 11329}",0,http_429,"{""detail"":""Rate limit exceeded. Max 30 requests/minute."",""error"":""Too Many Requests""}",0.443
2026-09-14T01:24:41.223541Z,position,position_by_session_key,"{""session_key"": 11329}",0,http_429,"{""detail"":""Rate limit exceeded. Max 30 requests/minute."",""error"":""Too Many Requests""}",0.447
2026-09-14T01:24:41.775239Z,position,position_by_meeting_key_fallback,"{""meeting_key"": 1290}",0,http_429,"{""detail"":""Rate limit exceeded. Max 30 requests/minute."",""error"":""Too Many Requests""}",0.45
2026-09-14T01:24:42.323778Z,stints,stints_by_session_key,"{""session_key"": 11329}",0,http_429,"{""detail"":""Rate limit exceeded. Max 30 requests/minute."",""error"":""Too Many Requests""}",0.447
2026-09-14T01:24:42.425200Z,pit,skip_non_race_like_session,"{""session_key"": 11329}",0,skipped_not_applicable,pit endpoint is only treated as required for race/sprint-like sessions,0.0
2026-09-14T01:24:42.883920Z,starting_grid,starting_grid_by_session_key,"{""session_key"": 11329}",0,http_429,"{""detail"":""Rate limit exceeded. Max 30 requests/minute."",""error"":""Too Many Requests""}",0.458
2026-09-14T01:24:43.427186Z,drivers,drivers_by_session_key,"{""session_key"": 11329}",0,http_429,"{""detail"":""Rate limit exceeded. Max 30 requests/minute."",""error"":""Too Many Requests""}",0.442
2026-09-14T01:24:43.994049Z,drivers,drivers_by_observed_driver_number,"{""driver_number"": 1, ""session_key"": 11329}",0,http_429,"{""detail"":""Rate limit exceeded. Max 30 requests/minute."",""error"":""Too Many Requests""}",0.444
2026-09-14T01:24:44.553071Z,drivers,drivers_by_observed_driver_number,"{""driver_number"": 3, ""session_key"": 11329}",0,http_429,"{""detail"":""Rate limit exceeded. Max 30 requests/minute."",""error"":""Too Many Requests""}",0.458
2026-09-14T01:24:45.103455Z,drivers,drivers_by_observed_driver_number,"{""driver_number"": 5, ""session_key"": 11329}",0,http_429,"{""detail"":""Rate limit exceeded. Max 30 requests/minute."",""error"":""Too Many Requests""}",0.449
2026-09-14T01:24:45.646592Z,drivers,drivers_by_observed_driver_number,"{""driver_number"": 6, ""session_key"": 11329}",0,http_429,"{""detail"":""Rate limit exceeded. Max 30 requests/minute."",""error"":""Too Many Requests""}",0.442
2026-09-14T01:24:46.187288Z,drivers,drivers_by_observed_driver_number,"{""driver_number"": 10, ""session_key"": 11329}",0,http_429,"{""detail"":""Rate limit exceeded. Max 30 requests/minute."",""error"":""Too Many Requests""}",0.439
2026-09-14T01:24:46.731894Z,drivers,drivers_by_observed_driver_number,"{""driver_number"": 11, ""session_key"": 11329}",0,http_429,"{""detail"":""Rate limit exceeded. Max 30 requests/minute."",""error"":""Too Many Requests""}",0.443
2026-09-14T01:24:47.285554Z,drivers,drivers_by_observed_driver_number,"{""driver_number"": 12, ""session_key"": 11329}",0,http_429,"{""detail"":""Rate limit exceeded. Max 30 requests/minute."",""error"":""Too Many Requests""}",0.452
2026-09-14T01:24:47.854011Z,drivers,drivers_by_observed_driver_number,"{""driver_number"": 14, ""session_key"": 11329}",0,http_429,"{""detail"":""Rate limit exceeded. Max 30 requests/minute."",""error"":""Too Many Requests""}",0.467
2026-09-14T01:24:48.397213Z,drivers,drivers_by_observed_driver_number,"{""driver_number"": 16, ""session_key"": 11329}",0,http_429,"{""detail"":""Rate limit exceeded. Max 30 requests/minute."",""error"":""Too Many Requests""}",0.442
2026-09-14T01:24:48.937082Z,drivers,drivers_by_observed_driver_number,"{""driver_number"": 18, ""session_key"": 11329}",0,http_429,"{""detail"":""Rate limit exceeded. Max 30 requests/minute."",""error"":""Too Many Requests""}",0.439
2026-09-14T01:24:49.481517Z,drivers,drivers_by_observed_driver_number,"{""driver_number"": 23, ""session_key"": 11329}",0,http_429,"{""detail"":""Rate limit exceeded. Max 30 requests/minute."",""error"":""Too Many Requests""}",0.443
2026-09-14T01:24:50.034432Z,drivers,drivers_by_observed_driver_number,"{""driver_number"": 25, ""session_key"": 11329}",0,http_429,"{""detail"":""Rate limit exceeded. Max 30 requests/minute."",""error"":""Too Many Requests""}",0.452
2026-09-14T01:24:50.574170Z,drivers,drivers_by_observed_driver_number,"{""driver_number"": 27, ""session_key"": 11329}",0,http_429,"{""detail"":""Rate limit exceeded. Max 30 requests/minute."",""error"":""Too Many Requests""}",0.438
2026-09-14T01:24:51.128576Z,drivers,drivers_by_observed_driver_number,"{""driver_number"": 30, ""session_key"": 11329}",0,http_429,"{""detail"":""Rate limit exceeded. Max 30 requests/minute."",""error"":""Too Many Requests""}",0.453
2026-09-14T01:24:51.689440Z,drivers,drivers_by_observed_driver_number,"{""driver_number"": 31, ""session_key"": 11329}",0,http_429,"{""detail"":""Rate limit exceeded. Max 30 requests/minute."",""error"":""Too Many Requests""}",0.459
2026-09-14T01:24:52.233813Z,drivers,drivers_by_observed_driver_number,"{""driver_number"": 34, ""session_key"": 11329}",0,http_429,"{""detail"":""Rate limit exceeded. Max 30 requests/minute."",""error"":""Too Many Requests""}",0.443
2026-09-14T01:24:52.783576Z,drivers,drivers_by_observed_driver_number,"{""driver_number"": 36, ""session_key"": 11329}",0,http_429,"{""detail"":""Rate limit exceeded. Max 30 requests/minute."",""error"":""Too Many Requests""}",0.448
2026-09-14T01:24:53.322370Z,drivers,drivers_by_observed_driver_number,"{""driver_number"": 38, ""session_key"": 11329}",0,http_429,"{""detail"":""Rate limit exceeded. Max 30 requests/minute."",""error"":""Too Many Requests""}",0.438
2026-09-14T01:24:53.881556Z,drivers,drivers_by_observed_driver_number,"{""driver_number"": 41, ""session_key"": 11329}",0,http_429,"{""detail"":""Rate limit exceeded. Max 30 requests/minute."",""error"":""Too Many Requests""}",0.458
2026-09-14T01:24:54.451990Z,drivers,drivers_by_observed_driver_number,"{""driver_number"": 43, ""session_key"": 11329}",0,http_429,"{""detail"":""Rate limit exceeded. Max 30 requests/minute."",""error"":""Too Many Requests""}",0.469
2026-09-14T01:24:54.999896Z,drivers,drivers_by_observed_driver_number,"{""driver_number"": 44, ""session_key"": 11329}",0,http_429,"{""detail"":""Rate limit exceeded. Max 30 requests/minute."",""error"":""Too Many Requests""}",0.447
2026-09-14T01:24:55.551314Z,drivers,drivers_by_observed_driver_number,"{""driver_number"": 46, ""session_key"": 11329}",0,http_429,"{""detail"":""Rate limit exceeded. Max 30 requests/minute."",""error"":""Too Many Requests""}",0.45
2026-09-14T01:24:56.095473Z,drivers,drivers_by_observed_driver_number,"{""driver_number"": 50, ""session_key"": 11329}",0,http_429,"{""detail"":""Rate limit exceeded. Max 30 requests/minute."",""error"":""Too Many Requests""}",0.443
2026-09-14T01:24:56.646194Z,drivers,drivers_by_observed_driver_number,"{""driver_number"": 55, ""session_key"": 11329}",0,http_429,"{""detail"":""Rate limit exceeded. Max 30 requests/minute."",""error"":""Too Many Requests""}",0.449
2026-09-14T01:24:57.193357Z,drivers,drivers_by_observed_driver_number,"{""driver_number"": 63, ""session_key"": 11329}",0,http_429,"{""detail"":""Rate limit exceeded. Max 30 requests/minute."",""error"":""Too Many Requests""}",0.446
2026-09-14T01:24:57.738284Z,drivers,drivers_by_observed_driver_number,"{""driver_number"": 67, ""session_key"": 11329}",0,http_429,"{""detail"":""Rate limit exceeded. Max 30 requests/minute."",""error"":""Too Many Requests""}",0.444
2026-09-14T01:24:58.276637Z,drivers,drivers_by_observed_driver_number,"{""driver_number"": 72, ""session_key"": 11329}",0,http_429,"{""detail"":""Rate limit exceeded. Max 30 requests/minute."",""error"":""Too Many Requests""}",0.437
2026-09-14T01:24:58.820717Z,drivers,drivers_by_observed_driver_number,"{""driver_number"": 77, ""session_key"": 11329}",0,http_429,"{""detail"":""Rate limit exceeded. Max 30 requests/minute."",""error"":""Too Many Requests""}",0.443
2026-09-14T01:24:59.371413Z,drivers,drivers_by_observed_driver_number,"{""driver_number"": 81, ""session_key"": 11329}",0,http_429,"{""detail"":""Rate limit exceeded. Max 30 requests/minute."",""error"":""Too Many Requests""}",0.449
2026-09-14T01:24:59.912670Z,drivers,drivers_by_observed_driver_number,"{""driver_number"": 87, ""session_key"": 11329}",0,http_429,"{""detail"":""Rate limit exceeded. Max 30 requests/minute."",""error"":""Too Many Requests""}",0.44
2026-09-14T01:25:00.515408Z,drivers,drivers_by_observed_driver_number,"{""driver_number"": 90, ""session_key"": 11329}",0,http_404,"{""detail"":""No results found.""}",0.501
2026-09-14T01:25:01.192623Z,drivers,drivers_by_observed_driver_number,"{""driver_number"": 97, ""session_key"": 11329}",0,http_404,"{""detail"":""No results found.""}",0.576
2026-09-14T01:25:02.449812Z,drivers,drivers_by_observed_driver_number,"{""driver_number"": 241, ""session_key"": 11329}",0,http_404,"{""detail"":""No results found.""}",1.156
2026-09-14T01:25:03.019680Z,drivers,drivers_by_observed_driver_number,"{""driver_number"": 243, ""session_key"": 11329}",0,http_404,"{""detail"":""No results found.""}",0.468
2026-09-14T01:25:03.615671Z,drivers,drivers_by_observed_driver_number,"{""driver_number"": 247, ""session_key"": 11329}",0,http_404,"{""detail"":""No results found.""}",0.495
2026-09-14T01:25:04.671436Z,team_radio,team_radio_by_session_key_opportunistic,"{""session_key"": 11329}",10,pass,,0.954
2026-09-14T01:25:05.500815Z,weather,weather_by_session_key,"{""session_key"": 11330}",88,pass,,0.727
2026-09-14T01:25:06.719937Z,race_control,race_control_by_session_key,"{""session_key"": 11330}",65,pass,,1.117
2026-09-14T01:25:07.278607Z,intervals,intervals_by_session_key,"{""session_key"": 11330}",0,http_404,"{""detail"":""No results found.""}",0.457
2026-09-14T01:25:08.118574Z,position,position_by_session_key,"{""session_key"": 11330}",1064,pass,,0.739
2026-09-14T01:25:08.953288Z,stints,stints_by_session_key,"{""session_key"": 11330}",90,pass,,0.732
2026-09-14T01:25:09.055435Z,pit,skip_non_race_like_session,"{""session_key"": 11330}",0,skipped_not_applicable,pit endpoint is only treated as required for race/sprint-like sessions,0.0
2026-09-14T01:25:09.590019Z,starting_grid,starting_grid_by_session_key,"{""session_key"": 11330}",22,pass,,0.534
2026-09-14T01:25:10.190064Z,drivers,drivers_by_session_key,"{""session_key"": 11330}",22,pass,,0.498
2026-09-14T01:25:10.823062Z,team_radio,team_radio_by_session_key_opportunistic,"{""session_key"": 11330}",5,pass,,0.531
2026-09-14T01:25:11.452676Z,weather,weather_by_session_key,"{""session_key"": 11334}",146,pass,,0.527
2026-09-14T01:25:12.295055Z,race_control,race_control_by_session_key,"{""session_key"": 11334}",151,pass,,0.74
2026-09-14T01:25:14.896099Z,intervals,intervals_by_session_key,"{""session_key"": 11334}",23116,pass,,2.499
2026-09-14T01:25:15.517096Z,position,position_by_session_key,"{""session_key"": 11334}",443,pass,,0.515
2026-09-14T01:25:16.181251Z,stints,stints_by_session_key,"{""session_key"": 11334}",51,pass,,0.562
2026-09-14T01:25:16.735446Z,pit,pit_by_session_key,"{""session_key"": 11334}",28,pass,,0.452
2026-09-14T01:25:17.363285Z,starting_grid,starting_grid_by_session_key,"{""session_key"": 11334}",0,http_404,"{""detail"":""No results found.""}",0.526
2026-09-14T01:25:18.007748Z,drivers,drivers_by_session_key,"{""session_key"": 11334}",22,pass,,0.543
2026-09-14T01:25:18.573915Z,team_radio,team_radio_by_session_key_opportunistic,"{""session_key"": 11334}",29,pass,,0.464
2026-09-14T01:25:19.210898Z,weather,weather_by_session_key,"{""session_key"": 11335}",79,pass,,0.535
2026-09-14T01:25:19.972508Z,race_control,race_control_by_session_key,"{""session_key"": 11335}",57,pass,,0.659
2026-09-14T01:25:20.537781Z,intervals,intervals_by_session_key,"{""session_key"": 11335}",0,http_404,"{""detail"":""No results found.""}",0.463
2026-09-14T01:25:21.134804Z,position,position_by_session_key,"{""session_key"": 11335}",734,pass,,0.496
2026-09-14T01:25:21.684200Z,stints,stints_by_session_key,"{""session_key"": 11335}",106,pass,,0.447
2026-09-14T01:25:21.786344Z,pit,skip_non_race_like_session,"{""session_key"": 11335}",0,skipped_not_applicable,pit endpoint is only treated as required for race/sprint-like sessions,0.0
2026-09-14T01:25:22.232545Z,starting_grid,starting_grid_by_session_key,"{""session_key"": 11335}",0,http_404,"{""detail"":""No results found.""}",0.446
2026-09-14T01:25:22.777523Z,drivers,drivers_by_session_key,"{""session_key"": 11335}",22,pass,,0.444
2026-09-14T01:25:23.363818Z,team_radio,team_radio_by_session_key_opportunistic,"{""session_key"": 11335}",0,http_429,"{""detail"":""Rate limit exceeded. Max 30 requests/minute."",""error"":""Too Many Requests""}",0.484
2026-09-14T01:25:23.906842Z,weather,weather_by_session_key,"{""session_key"": 11336}",0,http_429,"{""detail"":""Rate limit exceeded. Max 30 requests/minute."",""error"":""Too Many Requests""}",0.441
2026-09-14T01:25:24.448917Z,race_control,race_control_by_session_key,"{""session_key"": 11336}",0,http_429,"{""detail"":""Rate limit exceeded. Max 30 requests/minute."",""error"":""Too Many Requests""}",0.441
2026-09-14T01:25:25.074421Z,intervals,intervals_by_session_key,"{""session_key"": 11336}",0,http_429,"{""detail"":""Rate limit exceeded. Max 30 requests/minute."",""error"":""Too Many Requests""}",0.524
2026-09-14T01:25:25.664922Z,position,position_by_session_key,"{""session_key"": 11336}",0,http_429,"{""detail"":""Rate limit exceeded. Max 30 requests/minute."",""error"":""Too Many Requests""}",0.489
2026-09-14T01:25:26.216487Z,position,position_by_meeting_key_fallback,"{""meeting_key"": 1291}",0,http_429,"{""detail"":""Rate limit exceeded. Max 30 requests/minute."",""error"":""Too Many Requests""}",0.45
2026-09-14T01:25:26.767743Z,stints,stints_by_session_key,"{""session_key"": 11336}",0,http_429,"{""detail"":""Rate limit exceeded. Max 30 requests/minute."",""error"":""Too Many Requests""}",0.45
2026-09-14T01:25:26.869211Z,pit,skip_non_race_like_session,"{""session_key"": 11336}",0,skipped_not_applicable,pit endpoint is only treated as required for race/sprint-like sessions,0.0
2026-09-14T01:25:27.328531Z,starting_grid,starting_grid_by_session_key,"{""session_key"": 11336}",0,http_429,"{""detail"":""Rate limit exceeded. Max 30 requests/minute."",""error"":""Too Many Requests""}",0.459
2026-09-14T01:25:27.903839Z,drivers,drivers_by_session_key,"{""session_key"": 11336}",0,http_429,"{""detail"":""Rate limit exceeded. Max 30 requests/minute."",""error"":""Too Many Requests""}",0.474
2026-09-14T01:25:28.472689Z,drivers,drivers_by_observed_driver_number,"{""driver_number"": 1, ""session_key"": 11336}",0,http_429,"{""detail"":""Rate limit exceeded. Max 30 requests/minute."",""error"":""Too Many Requests""}",0.445
2026-09-14T01:25:29.011035Z,drivers,drivers_by_observed_driver_number,"{""driver_number"": 3, ""session_key"": 11336}",0,http_429,"{""detail"":""Rate limit exceeded. Max 30 requests/minute."",""error"":""Too Many Requests""}",0.437
2026-09-14T01:25:29.550351Z,drivers,drivers_by_observed_driver_number,"{""driver_number"": 5, ""session_key"": 11336}",0,http_429,"{""detail"":""Rate limit exceeded. Max 30 requests/minute."",""error"":""Too Many Requests""}",0.438
2026-09-14T01:25:30.094365Z,drivers,drivers_by_observed_driver_number,"{""driver_number"": 6, ""session_key"": 11336}",0,http_429,"{""detail"":""Rate limit exceeded. Max 30 requests/minute."",""error"":""Too Many Requests""}",0.443
2026-09-14T01:25:30.637749Z,drivers,drivers_by_observed_driver_number,"{""driver_number"": 10, ""session_key"": 11336}",0,http_429,"{""detail"":""Rate limit exceeded. Max 30 requests/minute."",""error"":""Too Many Requests""}",0.442
2026-09-14T01:25:31.197372Z,drivers,drivers_by_observed_driver_number,"{""driver_number"": 11, ""session_key"": 11336}",0,http_429,"{""detail"":""Rate limit exceeded. Max 30 requests/minute."",""error"":""Too Many Requests""}",0.458
2026-09-14T01:25:31.740402Z,drivers,drivers_by_observed_driver_number,"{""driver_number"": 12, ""session_key"": 11336}",0,http_429,"{""detail"":""Rate limit exceeded. Max 30 requests/minute."",""error"":""Too Many Requests""}",0.442
2026-09-14T01:25:32.283428Z,drivers,drivers_by_observed_driver_number,"{""driver_number"": 14, ""session_key"": 11336}",0,http_429,"{""detail"":""Rate limit exceeded. Max 30 requests/minute."",""error"":""Too Many Requests""}",0.442
2026-09-14T01:25:32.836633Z,drivers,drivers_by_observed_driver_number,"{""driver_number"": 16, ""session_key"": 11336}",0,http_429,"{""detail"":""Rate limit exceeded. Max 30 requests/minute."",""error"":""Too Many Requests""}",0.452
2026-09-14T01:25:33.398261Z,drivers,drivers_by_observed_driver_number,"{""driver_number"": 18, ""session_key"": 11336}",0,http_429,"{""detail"":""Rate limit exceeded. Max 30 requests/minute."",""error"":""Too Many Requests""}",0.46
2026-09-14T01:25:33.956550Z,drivers,drivers_by_observed_driver_number,"{""driver_number"": 23, ""session_key"": 11336}",0,http_429,"{""detail"":""Rate limit exceeded. Max 30 requests/minute."",""error"":""Too Many Requests""}",0.457
2026-09-14T01:25:34.526714Z,drivers,drivers_by_observed_driver_number,"{""driver_number"": 25, ""session_key"": 11336}",0,http_429,"{""detail"":""Rate limit exceeded. Max 30 requests/minute."",""error"":""Too Many Requests""}",0.469
2026-09-14T01:25:35.143861Z,drivers,drivers_by_observed_driver_number,"{""driver_number"": 27, ""session_key"": 11336}",0,http_429,"{""detail"":""Rate limit exceeded. Max 30 requests/minute."",""error"":""Too Many Requests""}",0.516
2026-09-14T01:25:35.696108Z,drivers,drivers_by_observed_driver_number,"{""driver_number"": 30, ""session_key"": 11336}",0,http_429,"{""detail"":""Rate limit exceeded. Max 30 requests/minute."",""error"":""Too Many Requests""}",0.451
2026-09-14T01:25:36.235363Z,drivers,drivers_by_observed_driver_number,"{""driver_number"": 31, ""session_key"": 11336}",0,http_429,"{""detail"":""Rate limit exceeded. Max 30 requests/minute."",""error"":""Too Many Requests""}",0.438
2026-09-14T01:25:36.831776Z,drivers,drivers_by_observed_driver_number,"{""driver_number"": 34, ""session_key"": 11336}",0,http_429,"{""detail"":""Rate limit exceeded. Max 30 requests/minute."",""error"":""Too Many Requests""}",0.495
2026-09-14T01:25:37.402733Z,drivers,drivers_by_observed_driver_number,"{""driver_number"": 36, ""session_key"": 11336}",0,http_429,"{""detail"":""Rate limit exceeded. Max 30 requests/minute."",""error"":""Too Many Requests""}",0.47
2026-09-14T01:25:37.960525Z,drivers,drivers_by_observed_driver_number,"{""driver_number"": 38, ""session_key"": 11336}",0,http_429,"{""detail"":""Rate limit exceeded. Max 30 requests/minute."",""error"":""Too Many Requests""}",0.456
2026-09-14T01:25:38.506676Z,drivers,drivers_by_observed_driver_number,"{""driver_number"": 41, ""session_key"": 11336}",0,http_429,"{""detail"":""Rate limit exceeded. Max 30 requests/minute."",""error"":""Too Many Requests""}",0.445
2026-09-14T01:25:39.086151Z,drivers,drivers_by_observed_driver_number,"{""driver_number"": 43, ""session_key"": 11336}",0,http_429,"{""detail"":""Rate limit exceeded. Max 30 requests/minute."",""error"":""Too Many Requests""}",0.478
2026-09-14T01:25:39.639938Z,drivers,drivers_by_observed_driver_number,"{""driver_number"": 44, ""session_key"": 11336}",0,http_429,"{""detail"":""Rate limit exceeded. Max 30 requests/minute."",""error"":""Too Many Requests""}",0.452
2026-09-14T01:25:40.193210Z,drivers,drivers_by_observed_driver_number,"{""driver_number"": 46, ""session_key"": 11336}",0,http_429,"{""detail"":""Rate limit exceeded. Max 30 requests/minute."",""error"":""Too Many Requests""}",0.452
2026-09-14T01:25:40.749280Z,drivers,drivers_by_observed_driver_number,"{""driver_number"": 50, ""session_key"": 11336}",0,http_429,"{""detail"":""Rate limit exceeded. Max 30 requests/minute."",""error"":""Too Many Requests""}",0.455
2026-09-14T01:25:41.301052Z,drivers,drivers_by_observed_driver_number,"{""driver_number"": 55, ""session_key"": 11336}",0,http_429,"{""detail"":""Rate limit exceeded. Max 30 requests/minute."",""error"":""Too Many Requests""}",0.45
2026-09-14T01:25:41.849048Z,drivers,drivers_by_observed_driver_number,"{""driver_number"": 61, ""session_key"": 11336}",0,http_429,"{""detail"":""Rate limit exceeded. Max 30 requests/minute."",""error"":""Too Many Requests""}",0.447
2026-09-14T01:25:42.739190Z,drivers,drivers_by_observed_driver_number,"{""driver_number"": 63, ""session_key"": 11336}",0,http_429,"{""detail"":""Rate limit exceeded. Max 30 requests/minute."",""error"":""Too Many Requests""}",0.789
2026-09-14T01:25:43.291205Z,drivers,drivers_by_observed_driver_number,"{""driver_number"": 67, ""session_key"": 11336}",0,http_429,"{""detail"":""Rate limit exceeded. Max 30 requests/minute."",""error"":""Too Many Requests""}",0.451
2026-09-14T01:25:43.838708Z,drivers,drivers_by_observed_driver_number,"{""driver_number"": 72, ""session_key"": 11336}",0,http_429,"{""detail"":""Rate limit exceeded. Max 30 requests/minute."",""error"":""Too Many Requests""}",0.446
2026-09-14T01:25:44.398063Z,drivers,drivers_by_observed_driver_number,"{""driver_number"": 77, ""session_key"": 11336}",0,http_429,"{""detail"":""Rate limit exceeded. Max 30 requests/minute."",""error"":""Too Many Requests""}",0.458
2026-09-14T01:25:44.944024Z,drivers,drivers_by_observed_driver_number,"{""driver_number"": 81, ""session_key"": 11336}",0,http_429,"{""detail"":""Rate limit exceeded. Max 30 requests/minute."",""error"":""Too Many Requests""}",0.445
2026-09-14T01:25:45.489118Z,drivers,drivers_by_observed_driver_number,"{""driver_number"": 87, ""session_key"": 11336}",0,http_429,"{""detail"":""Rate limit exceeded. Max 30 requests/minute."",""error"":""Too Many Requests""}",0.444
2026-09-14T01:25:46.043941Z,drivers,drivers_by_observed_driver_number,"{""driver_number"": 90, ""session_key"": 11336}",0,http_429,"{""detail"":""Rate limit exceeded. Max 30 requests/minute."",""error"":""Too Many Requests""}",0.454
2026-09-14T01:25:46.596250Z,drivers,drivers_by_observed_driver_number,"{""driver_number"": 97, ""session_key"": 11336}",0,http_429,"{""detail"":""Rate limit exceeded. Max 30 requests/minute."",""error"":""Too Many Requests""}",0.451
2026-09-14T01:25:47.143331Z,drivers,drivers_by_observed_driver_number,"{""driver_number"": 241, ""session_key"": 11336}",0,http_429,"{""detail"":""Rate limit exceeded. Max 30 requests/minute."",""error"":""Too Many Requests""}",0.446
2026-09-14T01:25:47.691649Z,drivers,drivers_by_observed_driver_number,"{""driver_number"": 243, ""session_key"": 11336}",0,http_429,"{""detail"":""Rate limit exceeded. Max 30 requests/minute."",""error"":""Too Many Requests""}",0.447
2026-09-14T01:25:48.245179Z,drivers,drivers_by_observed_driver_number,"{""driver_number"": 247, ""session_key"": 11336}",0,http_429,"{""detail"":""Rate limit exceeded. Max 30 requests/minute."",""error"":""Too Many Requests""}",0.452
2026-09-14T01:25:48.798942Z,team_radio,team_radio_by_session_key_opportunistic,"{""session_key"": 11336}",0,http_429,"{""detail"":""Rate limit exceeded. Max 30 requests/minute."",""error"":""Too Many Requests""}",0.452
2026-09-14T01:25:49.341813Z,weather,weather_by_session_key,"{""session_key"": 11337}",0,http_429,"{""detail"":""Rate limit exceeded. Max 30 requests/minute."",""error"":""Too Many Requests""}",0.441
2026-09-14T01:25:49.894465Z,race_control,race_control_by_session_key,"{""session_key"": 11337}",0,http_429,"{""detail"":""Rate limit exceeded. Max 30 requests/minute."",""error"":""Too Many Requests""}",0.451
2026-09-14T01:25:50.441370Z,intervals,intervals_by_session_key,"{""session_key"": 11337}",0,http_429,"{""detail"":""Rate limit exceeded. Max 30 requests/minute."",""error"":""Too Many Requests""}",0.445
2026-09-14T01:25:50.985187Z,position,position_by_session_key,"{""session_key"": 11337}",0,http_429,"{""detail"":""Rate limit exceeded. Max 30 requests/minute."",""error"":""Too Many Requests""}",0.442
2026-09-14T01:25:51.536309Z,position,position_by_meeting_key_fallback,"{""meeting_key"": 1291}",0,http_429,"{""detail"":""Rate limit exceeded. Max 30 requests/minute."",""error"":""Too Many Requests""}",0.45
2026-09-14T01:25:52.084931Z,stints,stints_by_session_key,"{""session_key"": 11337}",0,http_429,"{""detail"":""Rate limit exceeded. Max 30 requests/minute."",""error"":""Too Many Requests""}",0.447
2026-09-14T01:25:52.186318Z,pit,skip_non_race_like_session,"{""session_key"": 11337}",0,skipped_not_applicable,pit endpoint is only treated as required for race/sprint-like sessions,0.0
2026-09-14T01:25:52.644594Z,starting_grid,starting_grid_by_session_key,"{""session_key"": 11337}",0,http_429,"{""detail"":""Rate limit exceeded. Max 30 requests/minute."",""error"":""Too Many Requests""}",0.458
2026-09-14T01:25:53.193253Z,drivers,drivers_by_session_key,"{""session_key"": 11337}",0,http_429,"{""detail"":""Rate limit exceeded. Max 30 requests/minute."",""error"":""Too Many Requests""}",0.447
2026-09-14T01:25:53.782597Z,drivers,drivers_by_observed_driver_number,"{""driver_number"": 1, ""session_key"": 11337}",0,http_429,"{""detail"":""Rate limit exceeded. Max 30 requests/minute."",""error"":""Too Many Requests""}",0.464
2026-09-14T01:25:54.339290Z,drivers,drivers_by_observed_driver_number,"{""driver_number"": 3, ""session_key"": 11337}",0,http_429,"{""detail"":""Rate limit exceeded. Max 30 requests/minute."",""error"":""Too Many Requests""}",0.455
2026-09-14T01:25:54.906016Z,drivers,drivers_by_observed_driver_number,"{""driver_number"": 5, ""session_key"": 11337}",0,http_429,"{""detail"":""Rate limit exceeded. Max 30 requests/minute."",""error"":""Too Many Requests""}",0.465
2026-09-14T01:25:55.756182Z,drivers,drivers_by_observed_driver_number,"{""driver_number"": 6, ""session_key"": 11337}",0,http_429,"{""detail"":""Rate limit exceeded. Max 30 requests/minute."",""error"":""Too Many Requests""}",0.749
2026-09-14T01:25:56.305386Z,drivers,drivers_by_observed_driver_number,"{""driver_number"": 10, ""session_key"": 11337}",0,http_429,"{""detail"":""Rate limit exceeded. Max 30 requests/minute."",""error"":""Too Many Requests""}",0.448
2026-09-14T01:25:56.862684Z,drivers,drivers_by_observed_driver_number,"{""driver_number"": 11, ""session_key"": 11337}",0,http_429,"{""detail"":""Rate limit exceeded. Max 30 requests/minute."",""error"":""Too Many Requests""}",0.456
2026-09-14T01:25:57.417120Z,drivers,drivers_by_observed_driver_number,"{""driver_number"": 12, ""session_key"": 11337}",0,http_429,"{""detail"":""Rate limit exceeded. Max 30 requests/minute."",""error"":""Too Many Requests""}",0.453
2026-09-14T01:25:57.958249Z,drivers,drivers_by_observed_driver_number,"{""driver_number"": 14, ""session_key"": 11337}",0,http_429,"{""detail"":""Rate limit exceeded. Max 30 requests/minute."",""error"":""Too Many Requests""}",0.44
2026-09-14T01:25:58.506042Z,drivers,drivers_by_observed_driver_number,"{""driver_number"": 16, ""session_key"": 11337}",0,http_429,"{""detail"":""Rate limit exceeded. Max 30 requests/minute."",""error"":""Too Many Requests""}",0.446
2026-09-14T01:25:59.057544Z,drivers,drivers_by_observed_driver_number,"{""driver_number"": 18, ""session_key"": 11337}",0,http_429,"{""detail"":""Rate limit exceeded. Max 30 requests/minute."",""error"":""Too Many Requests""}",0.45
2026-09-14T01:25:59.602372Z,drivers,drivers_by_observed_driver_number,"{""driver_number"": 23, ""session_key"": 11337}",0,http_429,"{""detail"":""Rate limit exceeded. Max 30 requests/minute."",""error"":""Too Many Requests""}",0.443
2026-09-14T01:26:00.166064Z,drivers,drivers_by_observed_driver_number,"{""driver_number"": 25, ""session_key"": 11337}",0,http_404,"{""detail"":""No results found.""}",0.462
2026-09-14T01:26:00.722321Z,drivers,drivers_by_observed_driver_number,"{""driver_number"": 27, ""session_key"": 11337}",1,pass,,0.455
2026-09-14T01:26:01.423718Z,drivers,drivers_by_observed_driver_number,"{""driver_number"": 30, ""session_key"": 11337}",1,pass,,0.6
2026-09-14T01:26:01.991205Z,drivers,drivers_by_observed_driver_number,"{""driver_number"": 31, ""session_key"": 11337}",1,pass,,0.466
2026-09-14T01:26:02.535684Z,drivers,drivers_by_observed_driver_number,"{""driver_number"": 34, ""session_key"": 11337}",0,http_404,"{""detail"":""No results found.""}",0.443
2026-09-14T01:26:03.085446Z,drivers,drivers_by_observed_driver_number,"{""driver_number"": 36, ""session_key"": 11337}",0,http_404,"{""detail"":""No results found.""}",0.448
2026-09-14T01:26:05.695417Z,drivers,drivers_by_observed_driver_number,"{""driver_number"": 38, ""session_key"": 11337}",0,http_404,"{""detail"":""No results found.""}",2.509
2026-09-14T01:26:06.519864Z,drivers,drivers_by_observed_driver_number,"{""driver_number"": 41, ""session_key"": 11337}",1,pass,,0.723
2026-09-14T01:26:07.064412Z,drivers,drivers_by_observed_driver_number,"{""driver_number"": 43, ""session_key"": 11337}",1,pass,,0.443
2026-09-14T01:26:07.654916Z,drivers,drivers_by_observed_driver_number,"{""driver_number"": 44, ""session_key"": 11337}",1,pass,,0.489
2026-09-14T01:26:08.404151Z,drivers,drivers_by_observed_driver_number,"{""driver_number"": 46, ""session_key"": 11337}",0,http_404,"{""detail"":""No results found.""}",0.648
2026-09-14T01:26:09.076636Z,drivers,drivers_by_observed_driver_number,"{""driver_number"": 50, ""session_key"": 11337}",0,http_404,"{""detail"":""No results found.""}",0.571
2026-09-14T01:26:09.631542Z,drivers,drivers_by_observed_driver_number,"{""driver_number"": 55, ""session_key"": 11337}",1,pass,,0.454
2026-09-14T01:26:10.225936Z,drivers,drivers_by_observed_driver_number,"{""driver_number"": 61, ""session_key"": 11337}",0,http_404,"{""detail"":""No results found.""}",0.493
2026-09-14T01:26:10.783323Z,drivers,drivers_by_observed_driver_number,"{""driver_number"": 63, ""session_key"": 11337}",1,pass,,0.456
2026-09-14T01:26:11.379074Z,drivers,drivers_by_observed_driver_number,"{""driver_number"": 67, ""session_key"": 11337}",0,http_404,"{""detail"":""No results found.""}",0.494
2026-09-14T01:26:12.167324Z,drivers,drivers_by_observed_driver_number,"{""driver_number"": 72, ""session_key"": 11337}",0,http_404,"{""detail"":""No results found.""}",0.687
2026-09-14T01:26:12.721695Z,drivers,drivers_by_observed_driver_number,"{""driver_number"": 77, ""session_key"": 11337}",1,pass,,0.453
2026-09-14T01:26:13.295937Z,drivers,drivers_by_observed_driver_number,"{""driver_number"": 81, ""session_key"": 11337}",1,pass,,0.473
2026-09-14T01:26:13.857886Z,drivers,drivers_by_observed_driver_number,"{""driver_number"": 87, ""session_key"": 11337}",1,pass,,0.461
2026-09-14T01:26:14.421760Z,drivers,drivers_by_observed_driver_number,"{""driver_number"": 90, ""session_key"": 11337}",0,http_404,"{""detail"":""No results found.""}",0.463
2026-09-14T01:26:14.989358Z,drivers,drivers_by_observed_driver_number,"{""driver_number"": 97, ""session_key"": 11337}",0,http_404,"{""detail"":""No results found.""}",0.466
2026-09-14T01:26:15.806500Z,drivers,drivers_by_observed_driver_number,"{""driver_number"": 241, ""session_key"": 11337}",0,http_404,"{""detail"":""No results found.""}",0.716
2026-09-14T01:26:16.386448Z,drivers,drivers_by_observed_driver_number,"{""driver_number"": 243, ""session_key"": 11337}",0,http_404,"{""detail"":""No results found.""}",0.479
2026-09-14T01:26:16.942560Z,drivers,drivers_by_observed_driver_number,"{""driver_number"": 247, ""session_key"": 11337}",0,http_404,"{""detail"":""No results found.""}",0.455
2026-09-14T01:26:17.507909Z,team_radio,team_radio_by_session_key_opportunistic,"{""session_key"": 11337}",7,pass,,0.461
2026-09-14T01:26:18.085463Z,weather,weather_by_session_key,"{""session_key"": 11338}",76,pass,,0.475
2026-09-14T01:26:18.632440Z,race_control,race_control_by_session_key,"{""session_key"": 11338}",48,pass,,0.445
2026-09-14T01:26:19.179206Z,intervals,intervals_by_session_key,"{""session_key"": 11338}",0,http_404,"{""detail"":""No results found.""}",0.444
2026-09-14T01:26:19.775694Z,position,position_by_session_key,"{""session_key"": 11338}",1016,pass,,0.495
2026-09-14T01:26:20.326436Z,stints,stints_by_session_key,"{""session_key"": 11338}",0,http_429,"{""detail"":""Rate limit exceeded. Max 30 requests/minute."",""error"":""Too Many Requests""}",0.448
2026-09-14T01:26:20.427983Z,pit,skip_non_race_like_session,"{""session_key"": 11338}",0,skipped_not_applicable,pit endpoint is only treated as required for race/sprint-like sessions,0.0
2026-09-14T01:26:20.892921Z,starting_grid,starting_grid_by_session_key,"{""session_key"": 11338}",0,http_429,"{""detail"":""Rate limit exceeded. Max 30 requests/minute."",""error"":""Too Many Requests""}",0.465
2026-09-14T01:26:21.442083Z,drivers,drivers_by_session_key,"{""session_key"": 11338}",0,http_429,"{""detail"":""Rate limit exceeded. Max 30 requests/minute."",""error"":""Too Many Requests""}",0.448
2026-09-14T01:26:22.005507Z,drivers,drivers_by_observed_driver_number,"{""driver_number"": 1, ""session_key"": 11338}",0,http_429,"{""detail"":""Rate limit exceeded. Max 30 requests/minute."",""error"":""Too Many Requests""}",0.438
2026-09-14T01:26:22.552543Z,drivers,drivers_by_observed_driver_number,"{""driver_number"": 3, ""session_key"": 11338}",0,http_429,"{""detail"":""Rate limit exceeded. Max 30 requests/minute."",""error"":""Too Many Requests""}",0.446
2026-09-14T01:26:23.124939Z,drivers,drivers_by_observed_driver_number,"{""driver_number"": 5, ""session_key"": 11338}",0,http_429,"{""detail"":""Rate limit exceeded. Max 30 requests/minute."",""error"":""Too Many Requests""}",0.471
2026-09-14T01:26:23.683646Z,drivers,drivers_by_observed_driver_number,"{""driver_number"": 6, ""session_key"": 11338}",0,http_429,"{""detail"":""Rate limit exceeded. Max 30 requests/minute."",""error"":""Too Many Requests""}",0.457
2026-09-14T01:26:24.243235Z,drivers,drivers_by_observed_driver_number,"{""driver_number"": 10, ""session_key"": 11338}",0,http_429,"{""detail"":""Rate limit exceeded. Max 30 requests/minute."",""error"":""Too Many Requests""}",0.458
2026-09-14T01:26:24.788631Z,drivers,drivers_by_observed_driver_number,"{""driver_number"": 11, ""session_key"": 11338}",0,http_429,"{""detail"":""Rate limit exceeded. Max 30 requests/minute."",""error"":""Too Many Requests""}",0.444
2026-09-14T01:26:25.339608Z,drivers,drivers_by_observed_driver_number,"{""driver_number"": 12, ""session_key"": 11338}",0,http_429,"{""detail"":""Rate limit exceeded. Max 30 requests/minute."",""error"":""Too Many Requests""}",0.45
2026-09-14T01:26:25.887121Z,drivers,drivers_by_observed_driver_number,"{""driver_number"": 14, ""session_key"": 11338}",0,http_429,"{""detail"":""Rate limit exceeded. Max 30 requests/minute."",""error"":""Too Many Requests""}",0.446
2026-09-14T01:26:26.426237Z,drivers,drivers_by_observed_driver_number,"{""driver_number"": 16, ""session_key"": 11338}",0,http_429,"{""detail"":""Rate limit exceeded. Max 30 requests/minute."",""error"":""Too Many Requests""}",0.438
2026-09-14T01:26:26.977980Z,drivers,drivers_by_observed_driver_number,"{""driver_number"": 18, ""session_key"": 11338}",0,http_429,"{""detail"":""Rate limit exceeded. Max 30 requests/minute."",""error"":""Too Many Requests""}",0.45
2026-09-14T01:26:27.540421Z,drivers,drivers_by_observed_driver_number,"{""driver_number"": 23, ""session_key"": 11338}",0,http_429,"{""detail"":""Rate limit exceeded. Max 30 requests/minute."",""error"":""Too Many Requests""}",0.461
2026-09-14T01:26:28.105106Z,drivers,drivers_by_observed_driver_number,"{""driver_number"": 25, ""session_key"": 11338}",0,http_429,"{""detail"":""Rate limit exceeded. Max 30 requests/minute."",""error"":""Too Many Requests""}",0.463
2026-09-14T01:26:28.650042Z,drivers,drivers_by_observed_driver_number,"{""driver_number"": 27, ""session_key"": 11338}",0,http_429,"{""detail"":""Rate limit exceeded. Max 30 requests/minute."",""error"":""Too Many Requests""}",0.444
2026-09-14T01:26:29.201851Z,drivers,drivers_by_observed_driver_number,"{""driver_number"": 30, ""session_key"": 11338}",0,http_429,"{""detail"":""Rate limit exceeded. Max 30 requests/minute."",""error"":""Too Many Requests""}",0.45
2026-09-14T01:26:29.747164Z,drivers,drivers_by_observed_driver_number,"{""driver_number"": 31, ""session_key"": 11338}",0,http_429,"{""detail"":""Rate limit exceeded. Max 30 requests/minute."",""error"":""Too Many Requests""}",0.444
2026-09-14T01:26:30.288383Z,drivers,drivers_by_observed_driver_number,"{""driver_number"": 34, ""session_key"": 11338}",0,http_429,"{""detail"":""Rate limit exceeded. Max 30 requests/minute."",""error"":""Too Many Requests""}",0.44
2026-09-14T01:26:30.836538Z,drivers,drivers_by_observed_driver_number,"{""driver_number"": 36, ""session_key"": 11338}",0,http_429,"{""detail"":""Rate limit exceeded. Max 30 requests/minute."",""error"":""Too Many Requests""}",0.447
2026-09-14T01:26:31.387550Z,drivers,drivers_by_observed_driver_number,"{""driver_number"": 38, ""session_key"": 11338}",0,http_429,"{""detail"":""Rate limit exceeded. Max 30 requests/minute."",""error"":""Too Many Requests""}",0.45
2026-09-14T01:26:31.926985Z,drivers,drivers_by_observed_driver_number,"{""driver_number"": 41, ""session_key"": 11338}",0,http_429,"{""detail"":""Rate limit exceeded. Max 30 requests/minute."",""error"":""Too Many Requests""}",0.438
2026-09-14T01:26:32.519461Z,drivers,drivers_by_observed_driver_number,"{""driver_number"": 43, ""session_key"": 11338}",0,http_429,"{""detail"":""Rate limit exceeded. Max 30 requests/minute."",""error"":""Too Many Requests""}",0.491
2026-09-14T01:26:33.124018Z,drivers,drivers_by_observed_driver_number,"{""driver_number"": 44, ""session_key"": 11338}",0,http_429,"{""detail"":""Rate limit exceeded. Max 30 requests/minute."",""error"":""Too Many Requests""}",0.503
2026-09-14T01:26:33.681664Z,drivers,drivers_by_observed_driver_number,"{""driver_number"": 46, ""session_key"": 11338}",0,http_429,"{""detail"":""Rate limit exceeded. Max 30 requests/minute."",""error"":""Too Many Requests""}",0.456
2026-09-14T01:26:34.224942Z,drivers,drivers_by_observed_driver_number,"{""driver_number"": 50, ""session_key"": 11338}",0,http_429,"{""detail"":""Rate limit exceeded. Max 30 requests/minute."",""error"":""Too Many Requests""}",0.442
2026-09-14T01:26:34.777516Z,drivers,drivers_by_observed_driver_number,"{""driver_number"": 55, ""session_key"": 11338}",0,http_429,"{""detail"":""Rate limit exceeded. Max 30 requests/minute."",""error"":""Too Many Requests""}",0.451
2026-09-14T01:26:35.315846Z,drivers,drivers_by_observed_driver_number,"{""driver_number"": 61, ""session_key"": 11338}",0,http_429,"{""detail"":""Rate limit exceeded. Max 30 requests/minute."",""error"":""Too Many Requests""}",0.437
2026-09-14T01:26:35.854731Z,drivers,drivers_by_observed_driver_number,"{""driver_number"": 63, ""session_key"": 11338}",0,http_429,"{""detail"":""Rate limit exceeded. Max 30 requests/minute."",""error"":""Too Many Requests""}",0.437
2026-09-14T01:26:36.404505Z,drivers,drivers_by_observed_driver_number,"{""driver_number"": 67, ""session_key"": 11338}",0,http_429,"{""detail"":""Rate limit exceeded. Max 30 requests/minute."",""error"":""Too Many Requests""}",0.448
2026-09-14T01:26:36.976909Z,drivers,drivers_by_observed_driver_number,"{""driver_number"": 72, ""session_key"": 11338}",0,http_429,"{""detail"":""Rate limit exceeded. Max 30 requests/minute."",""error"":""Too Many Requests""}",0.471
2026-09-14T01:26:37.525646Z,drivers,drivers_by_observed_driver_number,"{""driver_number"": 77, ""session_key"": 11338}",0,http_429,"{""detail"":""Rate limit exceeded. Max 30 requests/minute."",""error"":""Too Many Requests""}",0.447
2026-09-14T01:26:38.077441Z,drivers,drivers_by_observed_driver_number,"{""driver_number"": 81, ""session_key"": 11338}",0,http_429,"{""detail"":""Rate limit exceeded. Max 30 requests/minute."",""error"":""Too Many Requests""}",0.45
2026-09-14T01:26:38.635796Z,drivers,drivers_by_observed_driver_number,"{""driver_number"": 87, ""session_key"": 11338}",0,http_429,"{""detail"":""Rate limit exceeded. Max 30 requests/minute."",""error"":""Too Many Requests""}",0.457
2026-09-14T01:26:39.176155Z,drivers,drivers_by_observed_driver_number,"{""driver_number"": 90, ""session_key"": 11338}",0,http_429,"{""detail"":""Rate limit exceeded. Max 30 requests/minute."",""error"":""Too Many Requests""}",0.439
2026-09-14T01:26:39.719135Z,drivers,drivers_by_observed_driver_number,"{""driver_number"": 97, ""session_key"": 11338}",0,http_429,"{""detail"":""Rate limit exceeded. Max 30 requests/minute."",""error"":""Too Many Requests""}",0.442
2026-09-14T01:26:40.273666Z,drivers,drivers_by_observed_driver_number,"{""driver_number"": 241, ""session_key"": 11338}",0,http_429,"{""detail"":""Rate limit exceeded. Max 30 requests/minute."",""error"":""Too Many Requests""}",0.453
2026-09-14T01:26:40.820161Z,drivers,drivers_by_observed_driver_number,"{""driver_number"": 243, ""session_key"": 11338}",0,http_429,"{""detail"":""Rate limit exceeded. Max 30 requests/minute."",""error"":""Too Many Requests""}",0.445
2026-09-14T01:26:41.360829Z,drivers,drivers_by_observed_driver_number,"{""driver_number"": 247, ""session_key"": 11338}",0,http_429,"{""detail"":""Rate limit exceeded. Max 30 requests/minute."",""error"":""Too Many Requests""}",0.439
2026-09-14T01:26:41.909087Z,team_radio,team_radio_by_session_key_opportunistic,"{""session_key"": 11338}",0,http_429,"{""detail"":""Rate limit exceeded. Max 30 requests/minute."",""error"":""Too Many Requests""}",0.447
2026-09-14T01:26:42.458394Z,weather,weather_by_session_key,"{""session_key"": 11342}",0,http_429,"{""detail"":""Rate limit exceeded. Max 30 requests/minute."",""error"":""Too Many Requests""}",0.448
2026-09-14T01:26:43.007250Z,race_control,race_control_by_session_key,"{""session_key"": 11342}",0,http_429,"{""detail"":""Rate limit exceeded. Max 30 requests/minute."",""error"":""Too Many Requests""}",0.447
2026-09-14T01:26:43.583663Z,intervals,intervals_by_session_key,"{""session_key"": 11342}",0,http_429,"{""detail"":""Rate limit exceeded. Max 30 requests/minute."",""error"":""Too Many Requests""}",0.475
2026-09-14T01:26:44.125114Z,position,position_by_session_key,"{""session_key"": 11342}",0,http_429,"{""detail"":""Rate limit exceeded. Max 30 requests/minute."",""error"":""Too Many Requests""}",0.44
2026-09-14T01:26:44.670175Z,position,position_by_meeting_key_fallback,"{""meeting_key"": 1291}",0,http_429,"{""detail"":""Rate limit exceeded. Max 30 requests/minute."",""error"":""Too Many Requests""}",0.444
2026-09-14T01:26:45.230393Z,stints,stints_by_session_key,"{""session_key"": 11342}",0,http_429,"{""detail"":""Rate limit exceeded. Max 30 requests/minute."",""error"":""Too Many Requests""}",0.459
2026-09-14T01:26:45.771931Z,pit,pit_by_session_key,"{""session_key"": 11342}",0,http_429,"{""detail"":""Rate limit exceeded. Max 30 requests/minute."",""error"":""Too Many Requests""}",0.44
2026-09-14T01:26:46.311198Z,starting_grid,starting_grid_by_session_key,"{""session_key"": 11342}",0,http_429,"{""detail"":""Rate limit exceeded. Max 30 requests/minute."",""error"":""Too Many Requests""}",0.438
2026-09-14T01:26:46.868919Z,drivers,drivers_by_session_key,"{""session_key"": 11342}",0,http_429,"{""detail"":""Rate limit exceeded. Max 30 requests/minute."",""error"":""Too Many Requests""}",0.456
2026-09-14T01:26:47.451032Z,drivers,drivers_by_observed_driver_number,"{""driver_number"": 1, ""session_key"": 11342}",0,http_429,"{""detail"":""Rate limit exceeded. Max 30 requests/minute."",""error"":""Too Many Requests""}",0.455
2026-09-14T01:26:47.994845Z,drivers,drivers_by_observed_driver_number,"{""driver_number"": 3, ""session_key"": 11342}",0,http_429,"{""detail"":""Rate limit exceeded. Max 30 requests/minute."",""error"":""Too Many Requests""}",0.443
2026-09-14T01:26:48.595993Z,drivers,drivers_by_observed_driver_number,"{""driver_number"": 5, ""session_key"": 11342}",0,http_429,"{""detail"":""Rate limit exceeded. Max 30 requests/minute."",""error"":""Too Many Requests""}",0.5
2026-09-14T01:26:49.135595Z,drivers,drivers_by_observed_driver_number,"{""driver_number"": 6, ""session_key"": 11342}",0,http_429,"{""detail"":""Rate limit exceeded. Max 30 requests/minute."",""error"":""Too Many Requests""}",0.438
2026-09-14T01:26:49.686364Z,drivers,drivers_by_observed_driver_number,"{""driver_number"": 10, ""session_key"": 11342}",0,http_429,"{""detail"":""Rate limit exceeded. Max 30 requests/minute."",""error"":""Too Many Requests""}",0.449
2026-09-14T01:26:50.225229Z,drivers,drivers_by_observed_driver_number,"{""driver_number"": 11, ""session_key"": 11342}",0,http_429,"{""detail"":""Rate limit exceeded. Max 30 requests/minute."",""error"":""Too Many Requests""}",0.437
2026-09-14T01:26:50.779201Z,drivers,drivers_by_observed_driver_number,"{""driver_number"": 12, ""session_key"": 11342}",0,http_429,"{""detail"":""Rate limit exceeded. Max 30 requests/minute."",""error"":""Too Many Requests""}",0.453
2026-09-14T01:26:51.322552Z,drivers,drivers_by_observed_driver_number,"{""driver_number"": 14, ""session_key"": 11342}",0,http_429,"{""detail"":""Rate limit exceeded. Max 30 requests/minute."",""error"":""Too Many Requests""}",0.442
2026-09-14T01:26:51.865723Z,drivers,drivers_by_observed_driver_number,"{""driver_number"": 16, ""session_key"": 11342}",0,http_429,"{""detail"":""Rate limit exceeded. Max 30 requests/minute."",""error"":""Too Many Requests""}",0.442
2026-09-14T01:26:52.427344Z,drivers,drivers_by_observed_driver_number,"{""driver_number"": 18, ""session_key"": 11342}",0,http_429,"{""detail"":""Rate limit exceeded. Max 30 requests/minute."",""error"":""Too Many Requests""}",0.46
2026-09-14T01:26:53.005956Z,drivers,drivers_by_observed_driver_number,"{""driver_number"": 23, ""session_key"": 11342}",0,http_429,"{""detail"":""Rate limit exceeded. Max 30 requests/minute."",""error"":""Too Many Requests""}",0.477
2026-09-14T01:26:53.567251Z,drivers,drivers_by_observed_driver_number,"{""driver_number"": 25, ""session_key"": 11342}",0,http_429,"{""detail"":""Rate limit exceeded. Max 30 requests/minute."",""error"":""Too Many Requests""}",0.46
2026-09-14T01:26:54.131714Z,drivers,drivers_by_observed_driver_number,"{""driver_number"": 27, ""session_key"": 11342}",0,http_429,"{""detail"":""Rate limit exceeded. Max 30 requests/minute."",""error"":""Too Many Requests""}",0.463
2026-09-14T01:26:54.705779Z,drivers,drivers_by_observed_driver_number,"{""driver_number"": 30, ""session_key"": 11342}",0,http_429,"{""detail"":""Rate limit exceeded. Max 30 requests/minute."",""error"":""Too Many Requests""}",0.473
2026-09-14T01:26:55.255052Z,drivers,drivers_by_observed_driver_number,"{""driver_number"": 31, ""session_key"": 11342}",0,http_429,"{""detail"":""Rate limit exceeded. Max 30 requests/minute."",""error"":""Too Many Requests""}",0.448
2026-09-14T01:26:55.812046Z,drivers,drivers_by_observed_driver_number,"{""driver_number"": 34, ""session_key"": 11342}",0,http_429,"{""detail"":""Rate limit exceeded. Max 30 requests/minute."",""error"":""Too Many Requests""}",0.456
2026-09-14T01:26:56.356763Z,drivers,drivers_by_observed_driver_number,"{""driver_number"": 36, ""session_key"": 11342}",0,http_429,"{""detail"":""Rate limit exceeded. Max 30 requests/minute."",""error"":""Too Many Requests""}",0.443
2026-09-14T01:26:56.910904Z,drivers,drivers_by_observed_driver_number,"{""driver_number"": 38, ""session_key"": 11342}",0,http_429,"{""detail"":""Rate limit exceeded. Max 30 requests/minute."",""error"":""Too Many Requests""}",0.453
2026-09-14T01:26:57.451746Z,drivers,drivers_by_observed_driver_number,"{""driver_number"": 41, ""session_key"": 11342}",0,http_429,"{""detail"":""Rate limit exceeded. Max 30 requests/minute."",""error"":""Too Many Requests""}",0.439
2026-09-14T01:26:58.036965Z,drivers,drivers_by_observed_driver_number,"{""driver_number"": 43, ""session_key"": 11342}",0,http_429,"{""detail"":""Rate limit exceeded. Max 30 requests/minute."",""error"":""Too Many Requests""}",0.484
2026-09-14T01:26:58.581132Z,drivers,drivers_by_observed_driver_number,"{""driver_number"": 44, ""session_key"": 11342}",0,http_429,"{""detail"":""Rate limit exceeded. Max 30 requests/minute."",""error"":""Too Many Requests""}",0.443
2026-09-14T01:26:59.142396Z,drivers,drivers_by_observed_driver_number,"{""driver_number"": 46, ""session_key"": 11342}",0,http_429,"{""detail"":""Rate limit exceeded. Max 30 requests/minute."",""error"":""Too Many Requests""}",0.46
2026-09-14T01:26:59.690723Z,drivers,drivers_by_observed_driver_number,"{""driver_number"": 50, ""session_key"": 11342}",0,http_429,"{""detail"":""Rate limit exceeded. Max 30 requests/minute."",""error"":""Too Many Requests""}",0.447
2026-09-14T01:27:00.317757Z,drivers,drivers_by_observed_driver_number,"{""driver_number"": 55, ""session_key"": 11342}",1,pass,,0.526
2026-09-14T01:27:01.350924Z,drivers,drivers_by_observed_driver_number,"{""driver_number"": 61, ""session_key"": 11342}",0,http_404,"{""detail"":""No results found.""}",0.932
2026-09-14T01:27:01.911729Z,drivers,drivers_by_observed_driver_number,"{""driver_number"": 63, ""session_key"": 11342}",2,pass,,0.459
2026-09-14T01:27:02.616594Z,drivers,drivers_by_observed_driver_number,"{""driver_number"": 67, ""session_key"": 11342}",0,http_404,"{""detail"":""No results found.""}",0.603
2026-09-14T01:27:03.247624Z,drivers,drivers_by_observed_driver_number,"{""driver_number"": 72, ""session_key"": 11342}",0,http_404,"{""detail"":""No results found.""}",0.53
2026-09-14T01:27:03.801099Z,drivers,drivers_by_observed_driver_number,"{""driver_number"": 77, ""session_key"": 11342}",2,pass,,0.452
2026-09-14T01:27:04.496192Z,drivers,drivers_by_observed_driver_number,"{""driver_number"": 81, ""session_key"": 11342}",2,pass,,0.594
2026-09-14T01:27:05.036256Z,drivers,drivers_by_observed_driver_number,"{""driver_number"": 87, ""session_key"": 11342}",2,pass,,0.439
2026-09-14T01:27:05.577956Z,drivers,drivers_by_observed_driver_number,"{""driver_number"": 90, ""session_key"": 11342}",0,http_404,"{""detail"":""No results found.""}",0.44
2026-09-14T01:27:06.149097Z,drivers,drivers_by_observed_driver_number,"{""driver_number"": 97, ""session_key"": 11342}",0,http_404,"{""detail"":""No results found.""}",0.47
2026-09-14T01:27:06.693479Z,drivers,drivers_by_observed_driver_number,"{""driver_number"": 241, ""session_key"": 11342}",0,http_404,"{""detail"":""No results found.""}",0.443
2026-09-14T01:27:07.257323Z,drivers,drivers_by_observed_driver_number,"{""driver_number"": 243, ""session_key"": 11342}",0,http_404,"{""detail"":""No results found.""}",0.463
2026-09-14T01:27:07.820282Z,drivers,drivers_by_observed_driver_number,"{""driver_number"": 247, ""session_key"": 11342}",0,http_404,"{""detail"":""No results found.""}",0.462
2026-09-14T01:27:08.730942Z,team_radio,team_radio_by_session_key_opportunistic,"{""session_key"": 11342}",36,pass,,0.807
2026-09-14T01:27:10.108982Z,weather,weather_by_session_key,"{""session_key"": 11343}",82,pass,,1.276
2026-09-14T01:27:10.972669Z,race_control,race_control_by_session_key,"{""session_key"": 11343}",68,pass,,0.762
2026-09-14T01:27:11.698633Z,intervals,intervals_by_session_key,"{""session_key"": 11343}",0,http_404,"{""detail"":""No results found.""}",0.624
2026-09-14T01:27:12.984937Z,position,position_by_session_key,"{""session_key"": 11343}",803,pass,,1.185
2026-09-14T01:27:13.755829Z,stints,stints_by_session_key,"{""session_key"": 11343}",97,pass,,0.669
2026-09-14T01:27:13.857996Z,pit,skip_non_race_like_session,"{""session_key"": 11343}",0,skipped_not_applicable,pit endpoint is only treated as required for race/sprint-like sessions,0.0
2026-09-14T01:27:14.503617Z,starting_grid,starting_grid_by_session_key,"{""session_key"": 11343}",0,http_404,"{""detail"":""No results found.""}",0.645
2026-09-14T01:27:16.212184Z,drivers,drivers_by_session_key,"{""session_key"": 11343}",22,pass,,1.607
2026-09-14T01:27:16.764480Z,team_radio,team_radio_by_session_key_opportunistic,"{""session_key"": 11343}",8,pass,,0.45
2026-09-14T01:27:17.320556Z,weather,weather_by_session_key,"{""session_key"": 11344}",62,pass,,0.454
2026-09-14T01:27:17.881274Z,race_control,race_control_by_session_key,"{""session_key"": 11344}",62,pass,,0.459
2026-09-14T01:27:18.433269Z,intervals,intervals_by_session_key,"{""session_key"": 11344}",0,http_404,"{""detail"":""No results found.""}",0.45
2026-09-14T01:27:19.025348Z,position,position_by_session_key,"{""session_key"": 11344}",767,pass,,0.491
2026-09-14T01:27:19.575545Z,stints,stints_by_session_key,"{""session_key"": 11344}",57,pass,,0.448
2026-09-14T01:27:20.146383Z,pit,pit_by_session_key,"{""session_key"": 11344}",57,pass,,0.469
2026-09-14T01:27:20.695816Z,starting_grid,starting_grid_by_session_key,"{""session_key"": 11344}",22,pass,,0.447
2026-09-14T01:27:21.271168Z,drivers,drivers_by_session_key,"{""session_key"": 11344}",22,pass,,0.473
2026-09-14T01:27:21.828394Z,team_radio,team_radio_by_session_key_opportunistic,"{""session_key"": 11344}",0,http_429,"{""detail"":""Rate limit exceeded. Max 30 requests/minute."",""error"":""Too Many Requests""}",0.455
2026-09-14T01:27:22.373438Z,weather,weather_by_session_key,"{""session_key"": 11348}",0,http_429,"{""detail"":""Rate limit exceeded. Max 30 requests/minute."",""error"":""Too Many Requests""}",0.443
2026-09-14T01:27:22.921731Z,race_control,race_control_by_session_key,"{""session_key"": 11348}",0,http_429,"{""detail"":""Rate limit exceeded. Max 30 requests/minute."",""error"":""Too Many Requests""}",0.447
2026-09-14T01:27:23.477251Z,intervals,intervals_by_session_key,"{""session_key"": 11348}",0,http_429,"{""detail"":""Rate limit exceeded. Max 30 requests/minute."",""error"":""Too Many Requests""}",0.454
2026-09-14T01:27:24.029474Z,position,position_by_session_key,"{""session_key"": 11348}",0,http_429,"{""detail"":""Rate limit exceeded. Max 30 requests/minute."",""error"":""Too Many Requests""}",0.451
2026-09-14T01:27:24.596729Z,position,position_by_meeting_key_fallback,"{""meeting_key"": 1292}",0,http_429,"{""detail"":""Rate limit exceeded. Max 30 requests/minute."",""error"":""Too Many Requests""}",0.466
2026-09-14T01:27:25.149004Z,stints,stints_by_session_key,"{""session_key"": 11348}",0,http_429,"{""detail"":""Rate limit exceeded. Max 30 requests/minute."",""error"":""Too Many Requests""}",0.451
2026-09-14T01:27:25.707767Z,pit,pit_by_session_key,"{""session_key"": 11348}",0,http_429,"{""detail"":""Rate limit exceeded. Max 30 requests/minute."",""error"":""Too Many Requests""}",0.457
2026-09-14T01:27:26.252509Z,starting_grid,starting_grid_by_session_key,"{""session_key"": 11348}",0,http_429,"{""detail"":""Rate limit exceeded. Max 30 requests/minute."",""error"":""Too Many Requests""}",0.443
2026-09-14T01:27:26.807375Z,drivers,drivers_by_session_key,"{""session_key"": 11348}",0,http_429,"{""detail"":""Rate limit exceeded. Max 30 requests/minute."",""error"":""Too Many Requests""}",0.453
2026-09-14T01:27:27.403403Z,drivers,drivers_by_observed_driver_number,"{""driver_number"": 1, ""session_key"": 11348}",0,http_429,"{""detail"":""Rate limit exceeded. Max 30 requests/minute."",""error"":""Too Many Requests""}",0.47
2026-09-14T01:27:27.956799Z,drivers,drivers_by_observed_driver_number,"{""driver_number"": 3, ""session_key"": 11348}",0,http_429,"{""detail"":""Rate limit exceeded. Max 30 requests/minute."",""error"":""Too Many Requests""}",0.452
2026-09-14T01:27:28.510179Z,drivers,drivers_by_observed_driver_number,"{""driver_number"": 5, ""session_key"": 11348}",0,http_429,"{""detail"":""Rate limit exceeded. Max 30 requests/minute."",""error"":""Too Many Requests""}",0.452
2026-09-14T01:27:29.198243Z,drivers,drivers_by_observed_driver_number,"{""driver_number"": 6, ""session_key"": 11348}",0,http_429,"{""detail"":""Rate limit exceeded. Max 30 requests/minute."",""error"":""Too Many Requests""}",0.587
2026-09-14T01:27:29.740647Z,drivers,drivers_by_observed_driver_number,"{""driver_number"": 10, ""session_key"": 11348}",0,http_429,"{""detail"":""Rate limit exceeded. Max 30 requests/minute."",""error"":""Too Many Requests""}",0.441
2026-09-14T01:27:30.302058Z,drivers,drivers_by_observed_driver_number,"{""driver_number"": 11, ""session_key"": 11348}",0,http_429,"{""detail"":""Rate limit exceeded. Max 30 requests/minute."",""error"":""Too Many Requests""}",0.46
2026-09-14T01:27:30.877981Z,drivers,drivers_by_observed_driver_number,"{""driver_number"": 12, ""session_key"": 11348}",0,http_429,"{""detail"":""Rate limit exceeded. Max 30 requests/minute."",""error"":""Too Many Requests""}",0.475
2026-09-14T01:27:31.423367Z,drivers,drivers_by_observed_driver_number,"{""driver_number"": 14, ""session_key"": 11348}",0,http_429,"{""detail"":""Rate limit exceeded. Max 30 requests/minute."",""error"":""Too Many Requests""}",0.444
2026-09-14T01:27:31.979893Z,drivers,drivers_by_observed_driver_number,"{""driver_number"": 16, ""session_key"": 11348}",0,http_429,"{""detail"":""Rate limit exceeded. Max 30 requests/minute."",""error"":""Too Many Requests""}",0.455
2026-09-14T01:27:32.532012Z,drivers,drivers_by_observed_driver_number,"{""driver_number"": 18, ""session_key"": 11348}",0,http_429,"{""detail"":""Rate limit exceeded. Max 30 requests/minute."",""error"":""Too Many Requests""}",0.451
2026-09-14T01:27:33.084586Z,drivers,drivers_by_observed_driver_number,"{""driver_number"": 22, ""session_key"": 11348}",0,http_429,"{""detail"":""Rate limit exceeded. Max 30 requests/minute."",""error"":""Too Many Requests""}",0.451
2026-09-14T01:27:33.624473Z,drivers,drivers_by_observed_driver_number,"{""driver_number"": 23, ""session_key"": 11348}",0,http_429,"{""detail"":""Rate limit exceeded. Max 30 requests/minute."",""error"":""Too Many Requests""}",0.439
2026-09-14T01:27:34.201321Z,drivers,drivers_by_observed_driver_number,"{""driver_number"": 25, ""session_key"": 11348}",0,http_429,"{""detail"":""Rate limit exceeded. Max 30 requests/minute."",""error"":""Too Many Requests""}",0.475
2026-09-14T01:27:34.772344Z,drivers,drivers_by_observed_driver_number,"{""driver_number"": 27, ""session_key"": 11348}",0,http_429,"{""detail"":""Rate limit exceeded. Max 30 requests/minute."",""error"":""Too Many Requests""}",0.47
2026-09-14T01:27:35.322710Z,drivers,drivers_by_observed_driver_number,"{""driver_number"": 30, ""session_key"": 11348}",0,http_429,"{""detail"":""Rate limit exceeded. Max 30 requests/minute."",""error"":""Too Many Requests""}",0.449
2026-09-14T01:27:35.869950Z,drivers,drivers_by_observed_driver_number,"{""driver_number"": 31, ""session_key"": 11348}",0,http_429,"{""detail"":""Rate limit exceeded. Max 30 requests/minute."",""error"":""Too Many Requests""}",0.446
2026-09-14T01:27:36.434588Z,drivers,drivers_by_observed_driver_number,"{""driver_number"": 34, ""session_key"": 11348}",0,http_429,"{""detail"":""Rate limit exceeded. Max 30 requests/minute."",""error"":""Too Many Requests""}",0.463
2026-09-14T01:27:37.013542Z,drivers,drivers_by_observed_driver_number,"{""driver_number"": 36, ""session_key"": 11348}",0,http_429,"{""detail"":""Rate limit exceeded. Max 30 requests/minute."",""error"":""Too Many Requests""}",0.478
2026-09-14T01:27:37.562480Z,drivers,drivers_by_observed_driver_number,"{""driver_number"": 38, ""session_key"": 11348}",0,http_429,"{""detail"":""Rate limit exceeded. Max 30 requests/minute."",""error"":""Too Many Requests""}",0.448
2026-09-14T01:27:38.130234Z,drivers,drivers_by_observed_driver_number,"{""driver_number"": 41, ""session_key"": 11348}",0,http_429,"{""detail"":""Rate limit exceeded. Max 30 requests/minute."",""error"":""Too Many Requests""}",0.466
2026-09-14T01:27:38.673187Z,drivers,drivers_by_observed_driver_number,"{""driver_number"": 43, ""session_key"": 11348}",0,http_429,"{""detail"":""Rate limit exceeded. Max 30 requests/minute."",""error"":""Too Many Requests""}",0.442
2026-09-14T01:27:39.212854Z,drivers,drivers_by_observed_driver_number,"{""driver_number"": 44, ""session_key"": 11348}",0,http_429,"{""detail"":""Rate limit exceeded. Max 30 requests/minute."",""error"":""Too Many Requests""}",0.438
2026-09-14T01:27:39.763504Z,drivers,drivers_by_observed_driver_number,"{""driver_number"": 46, ""session_key"": 11348}",0,http_429,"{""detail"":""Rate limit exceeded. Max 30 requests/minute."",""error"":""Too Many Requests""}",0.449
2026-09-14T01:27:40.309366Z,drivers,drivers_by_observed_driver_number,"{""driver_number"": 50, ""session_key"": 11348}",0,http_429,"{""detail"":""Rate limit exceeded. Max 30 requests/minute."",""error"":""Too Many Requests""}",0.444
2026-09-14T01:27:40.862405Z,drivers,drivers_by_observed_driver_number,"{""driver_number"": 55, ""session_key"": 11348}",0,http_429,"{""detail"":""Rate limit exceeded. Max 30 requests/minute."",""error"":""Too Many Requests""}",0.452
2026-09-14T01:27:41.417788Z,drivers,drivers_by_observed_driver_number,"{""driver_number"": 61, ""session_key"": 11348}",0,http_429,"{""detail"":""Rate limit exceeded. Max 30 requests/minute."",""error"":""Too Many Requests""}",0.454
2026-09-14T01:27:41.960546Z,drivers,drivers_by_observed_driver_number,"{""driver_number"": 63, ""session_key"": 11348}",0,http_429,"{""detail"":""Rate limit exceeded. Max 30 requests/minute."",""error"":""Too Many Requests""}",0.441
2026-09-14T01:27:42.500612Z,drivers,drivers_by_observed_driver_number,"{""driver_number"": 67, ""session_key"": 11348}",0,http_429,"{""detail"":""Rate limit exceeded. Max 30 requests/minute."",""error"":""Too Many Requests""}",0.439
2026-09-14T01:27:43.053979Z,drivers,drivers_by_observed_driver_number,"{""driver_number"": 72, ""session_key"": 11348}",0,http_429,"{""detail"":""Rate limit exceeded. Max 30 requests/minute."",""error"":""Too Many Requests""}",0.452
2026-09-14T01:27:43.598314Z,drivers,drivers_by_observed_driver_number,"{""driver_number"": 77, ""session_key"": 11348}",0,http_429,"{""detail"":""Rate limit exceeded. Max 30 requests/minute."",""error"":""Too Many Requests""}",0.443
2026-09-14T01:27:44.160561Z,drivers,drivers_by_observed_driver_number,"{""driver_number"": 81, ""session_key"": 11348}",0,http_429,"{""detail"":""Rate limit exceeded. Max 30 requests/minute."",""error"":""Too Many Requests""}",0.461
2026-09-14T01:27:44.725254Z,drivers,drivers_by_observed_driver_number,"{""driver_number"": 87, ""session_key"": 11348}",0,http_429,"{""detail"":""Rate limit exceeded. Max 30 requests/minute."",""error"":""Too Many Requests""}",0.463
2026-09-14T01:27:45.270593Z,drivers,drivers_by_observed_driver_number,"{""driver_number"": 90, ""session_key"": 11348}",0,http_429,"{""detail"":""Rate limit exceeded. Max 30 requests/minute."",""error"":""Too Many Requests""}",0.444
2026-09-14T01:27:45.805019Z,drivers,drivers_by_observed_driver_number,"{""driver_number"": 97, ""session_key"": 11348}",0,http_429,"{""detail"":""Rate limit exceeded. Max 30 requests/minute."",""error"":""Too Many Requests""}",0.433
2026-09-14T01:27:46.362984Z,drivers,drivers_by_observed_driver_number,"{""driver_number"": 241, ""session_key"": 11348}",0,http_429,"{""detail"":""Rate limit exceeded. Max 30 requests/minute."",""error"":""Too Many Requests""}",0.457
2026-09-14T01:27:46.908507Z,drivers,drivers_by_observed_driver_number,"{""driver_number"": 243, ""session_key"": 11348}",0,http_429,"{""detail"":""Rate limit exceeded. Max 30 requests/minute."",""error"":""Too Many Requests""}",0.444
2026-09-14T01:27:47.458797Z,drivers,drivers_by_observed_driver_number,"{""driver_number"": 247, ""session_key"": 11348}",0,http_429,"{""detail"":""Rate limit exceeded. Max 30 requests/minute."",""error"":""Too Many Requests""}",0.449
2026-09-14T01:27:48.011646Z,team_radio,team_radio_by_session_key_opportunistic,"{""session_key"": 11348}",0,http_429,"{""detail"":""Rate limit exceeded. Max 30 requests/minute."",""error"":""Too Many Requests""}",0.451
2026-09-14T01:27:48.551926Z,weather,weather_by_session_key,"{""session_key"": 11349}",0,http_429,"{""detail"":""Rate limit exceeded. Max 30 requests/minute."",""error"":""Too Many Requests""}",0.439
2026-09-14T01:27:49.095991Z,race_control,race_control_by_session_key,"{""session_key"": 11349}",0,http_429,"{""detail"":""Rate limit exceeded. Max 30 requests/minute."",""error"":""Too Many Requests""}",0.443
2026-09-14T01:27:49.643407Z,intervals,intervals_by_session_key,"{""session_key"": 11349}",0,http_429,"{""detail"":""Rate limit exceeded. Max 30 requests/minute."",""error"":""Too Many Requests""}",0.446
2026-09-14T01:27:50.201409Z,position,position_by_session_key,"{""session_key"": 11349}",0,http_429,"{""detail"":""Rate limit exceeded. Max 30 requests/minute."",""error"":""Too Many Requests""}",0.457
2026-09-14T01:27:50.752118Z,position,position_by_meeting_key_fallback,"{""meeting_key"": 1292}",0,http_429,"{""detail"":""Rate limit exceeded. Max 30 requests/minute."",""error"":""Too Many Requests""}",0.449
2026-09-14T01:27:51.316832Z,stints,stints_by_session_key,"{""session_key"": 11349}",0,http_429,"{""detail"":""Rate limit exceeded. Max 30 requests/minute."",""error"":""Too Many Requests""}",0.463
2026-09-14T01:27:51.418279Z,pit,skip_non_race_like_session,"{""session_key"": 11349}",0,skipped_not_applicable,pit endpoint is only treated as required for race/sprint-like sessions,0.0
2026-09-14T01:27:51.862777Z,starting_grid,starting_grid_by_session_key,"{""session_key"": 11349}",0,http_429,"{""detail"":""Rate limit exceeded. Max 30 requests/minute."",""error"":""Too Many Requests""}",0.444
2026-09-14T01:27:52.405800Z,drivers,drivers_by_session_key,"{""session_key"": 11349}",0,http_429,"{""detail"":""Rate limit exceeded. Max 30 requests/minute."",""error"":""Too Many Requests""}",0.441
2026-09-14T01:27:52.981222Z,drivers,drivers_by_observed_driver_number,"{""driver_number"": 1, ""session_key"": 11349}",0,http_429,"{""detail"":""Rate limit exceeded. Max 30 requests/minute."",""error"":""Too Many Requests""}",0.449
2026-09-14T01:27:53.531633Z,drivers,drivers_by_observed_driver_number,"{""driver_number"": 3, ""session_key"": 11349}",0,http_429,"{""detail"":""Rate limit exceeded. Max 30 requests/minute."",""error"":""Too Many Requests""}",0.449
2026-09-14T01:27:54.079862Z,drivers,drivers_by_observed_driver_number,"{""driver_number"": 5, ""session_key"": 11349}",0,http_429,"{""detail"":""Rate limit exceeded. Max 30 requests/minute."",""error"":""Too Many Requests""}",0.447
2026-09-14T01:27:54.621653Z,drivers,drivers_by_observed_driver_number,"{""driver_number"": 6, ""session_key"": 11349}",0,http_429,"{""detail"":""Rate limit exceeded. Max 30 requests/minute."",""error"":""Too Many Requests""}",0.44
2026-09-14T01:27:55.165398Z,drivers,drivers_by_observed_driver_number,"{""driver_number"": 10, ""session_key"": 11349}",0,http_429,"{""detail"":""Rate limit exceeded. Max 30 requests/minute."",""error"":""Too Many Requests""}",0.442
2026-09-14T01:27:55.704262Z,drivers,drivers_by_observed_driver_number,"{""driver_number"": 11, ""session_key"": 11349}",0,http_429,"{""detail"":""Rate limit exceeded. Max 30 requests/minute."",""error"":""Too Many Requests""}",0.438
2026-09-14T01:27:56.254749Z,drivers,drivers_by_observed_driver_number,"{""driver_number"": 12, ""session_key"": 11349}",0,http_429,"{""detail"":""Rate limit exceeded. Max 30 requests/minute."",""error"":""Too Many Requests""}",0.449
2026-09-14T01:27:56.808358Z,drivers,drivers_by_observed_driver_number,"{""driver_number"": 14, ""session_key"": 11349}",0,http_429,"{""detail"":""Rate limit exceeded. Max 30 requests/minute."",""error"":""Too Many Requests""}",0.452
2026-09-14T01:27:57.364353Z,drivers,drivers_by_observed_driver_number,"{""driver_number"": 16, ""session_key"": 11349}",0,http_429,"{""detail"":""Rate limit exceeded. Max 30 requests/minute."",""error"":""Too Many Requests""}",0.455
2026-09-14T01:27:57.950540Z,drivers,drivers_by_observed_driver_number,"{""driver_number"": 18, ""session_key"": 11349}",0,http_429,"{""detail"":""Rate limit exceeded. Max 30 requests/minute."",""error"":""Too Many Requests""}",0.485
2026-09-14T01:27:58.495495Z,drivers,drivers_by_observed_driver_number,"{""driver_number"": 22, ""session_key"": 11349}",0,http_429,"{""detail"":""Rate limit exceeded. Max 30 requests/minute."",""error"":""Too Many Requests""}",0.444
2026-09-14T01:27:59.052579Z,drivers,drivers_by_observed_driver_number,"{""driver_number"": 23, ""session_key"": 11349}",0,http_429,"{""detail"":""Rate limit exceeded. Max 30 requests/minute."",""error"":""Too Many Requests""}",0.456
2026-09-14T01:27:59.598858Z,drivers,drivers_by_observed_driver_number,"{""driver_number"": 25, ""session_key"": 11349}",0,http_429,"{""detail"":""Rate limit exceeded. Max 30 requests/minute."",""error"":""Too Many Requests""}",0.445
2026-09-14T01:28:00.150084Z,drivers,drivers_by_observed_driver_number,"{""driver_number"": 27, ""session_key"": 11349}",2,pass,,0.45
2026-09-14T01:28:00.710083Z,drivers,drivers_by_observed_driver_number,"{""driver_number"": 30, ""session_key"": 11349}",1,pass,,0.459
2026-09-14T01:28:01.317358Z,drivers,drivers_by_observed_driver_number,"{""driver_number"": 31, ""session_key"": 11349}",2,pass,,0.506
2026-09-14T01:28:01.895682Z,drivers,drivers_by_observed_driver_number,"{""driver_number"": 34, ""session_key"": 11349}",0,http_404,"{""detail"":""No results found.""}",0.477
2026-09-14T01:28:03.328843Z,drivers,drivers_by_observed_driver_number,"{""driver_number"": 36, ""session_key"": 11349}",0,http_404,"{""detail"":""No results found.""}",1.332
2026-09-14T01:28:03.879052Z,drivers,drivers_by_observed_driver_number,"{""driver_number"": 38, ""session_key"": 11349}",0,http_404,"{""detail"":""No results found.""}",0.449
2026-09-14T01:28:04.479326Z,drivers,drivers_by_observed_driver_number,"{""driver_number"": 41, ""session_key"": 11349}",2,pass,,0.499
2026-09-14T01:28:05.037864Z,drivers,drivers_by_observed_driver_number,"{""driver_number"": 43, ""session_key"": 11349}",2,pass,,0.457
2026-09-14T01:28:06.084001Z,drivers,drivers_by_observed_driver_number,"{""driver_number"": 44, ""session_key"": 11349}",2,pass,,0.945
2026-09-14T01:28:06.700540Z,drivers,drivers_by_observed_driver_number,"{""driver_number"": 46, ""session_key"": 11349}",0,http_404,"{""detail"":""No results found.""}",0.515
2026-09-14T01:28:07.261929Z,drivers,drivers_by_observed_driver_number,"{""driver_number"": 50, ""session_key"": 11349}",0,http_404,"{""detail"":""No results found.""}",0.46
2026-09-14T01:28:07.810199Z,drivers,drivers_by_observed_driver_number,"{""driver_number"": 55, ""session_key"": 11349}",2,pass,,0.447
2026-09-14T01:28:08.373629Z,drivers,drivers_by_observed_driver_number,"{""driver_number"": 61, ""session_key"": 11349}",0,http_404,"{""detail"":""No results found.""}",0.462
2026-09-14T01:28:08.924934Z,drivers,drivers_by_observed_driver_number,"{""driver_number"": 63, ""session_key"": 11349}",2,pass,,0.45
2026-09-14T01:28:09.484141Z,drivers,drivers_by_observed_driver_number,"{""driver_number"": 67, ""session_key"": 11349}",0,http_404,"{""detail"":""No results found.""}",0.458
2026-09-14T01:28:10.036488Z,drivers,drivers_by_observed_driver_number,"{""driver_number"": 72, ""session_key"": 11349}",0,http_404,"{""detail"":""No results found.""}",0.451
2026-09-14T01:28:10.587808Z,drivers,drivers_by_observed_driver_number,"{""driver_number"": 77, ""session_key"": 11349}",1,pass,,0.45
2026-09-14T01:28:11.170295Z,drivers,drivers_by_observed_driver_number,"{""driver_number"": 81, ""session_key"": 11349}",2,pass,,0.481
2026-09-14T01:28:11.723624Z,drivers,drivers_by_observed_driver_number,"{""driver_number"": 87, ""session_key"": 11349}",2,pass,,0.452
2026-09-14T01:28:12.284102Z,drivers,drivers_by_observed_driver_number,"{""driver_number"": 90, ""session_key"": 11349}",0,http_404,"{""detail"":""No results found.""}",0.459
2026-09-14T01:28:13.823920Z,drivers,drivers_by_observed_driver_number,"{""driver_number"": 97, ""session_key"": 11349}",0,http_404,"{""detail"":""No results found.""}",1.438
2026-09-14T01:28:15.039284Z,drivers,drivers_by_observed_driver_number,"{""driver_number"": 241, ""session_key"": 11349}",0,http_404,"{""detail"":""No results found.""}",1.114
2026-09-14T01:28:15.788970Z,drivers,drivers_by_observed_driver_number,"{""driver_number"": 243, ""session_key"": 11349}",0,http_404,"{""detail"":""No results found.""}",0.648
2026-09-14T01:28:17.324796Z,drivers,drivers_by_observed_driver_number,"{""driver_number"": 247, ""session_key"": 11349}",0,http_404,"{""detail"":""No results found.""}",1.434
2026-09-14T01:28:17.884741Z,team_radio,team_radio_by_session_key_opportunistic,"{""session_key"": 11349}",7,pass,,0.456
2026-09-14T01:28:18.480945Z,weather,weather_by_session_key,"{""session_key"": 11353}",191,pass,,0.494
2026-09-14T01:28:19.071054Z,race_control,race_control_by_session_key,"{""session_key"": 11353}",333,pass,,0.488
2026-09-14T01:28:21.566300Z,intervals,intervals_by_session_key,"{""session_key"": 11353}",30616,pass,,2.393
2026-09-14T01:28:22.148531Z,position,position_by_session_key,"{""session_key"": 11353}",608,pass,,0.475
2026-09-14T01:28:22.699257Z,stints,stints_by_session_key,"{""session_key"": 11353}",87,pass,,0.449
2026-09-14T01:28:23.260137Z,pit,pit_by_session_key,"{""session_key"": 11353}",0,http_429,"{""detail"":""Rate limit exceeded. Max 30 requests/minute."",""error"":""Too Many Requests""}",0.459
2026-09-14T01:28:23.801624Z,starting_grid,starting_grid_by_session_key,"{""session_key"": 11353}",0,http_429,"{""detail"":""Rate limit exceeded. Max 30 requests/minute."",""error"":""Too Many Requests""}",0.44
2026-09-14T01:28:24.411772Z,drivers,drivers_by_session_key,"{""session_key"": 11353}",0,http_429,"{""detail"":""Rate limit exceeded. Max 30 requests/minute."",""error"":""Too Many Requests""}",0.509
2026-09-14T01:28:24.973907Z,drivers,drivers_by_observed_driver_number,"{""driver_number"": 1, ""session_key"": 11353}",0,http_429,"{""detail"":""Rate limit exceeded. Max 30 requests/minute."",""error"":""Too Many Requests""}",0.436
2026-09-14T01:28:25.662861Z,drivers,drivers_by_observed_driver_number,"{""driver_number"": 3, ""session_key"": 11353}",0,http_429,"{""detail"":""Rate limit exceeded. Max 30 requests/minute."",""error"":""Too Many Requests""}",0.588
2026-09-14T01:28:26.221843Z,drivers,drivers_by_observed_driver_number,"{""driver_number"": 5, ""session_key"": 11353}",0,http_429,"{""detail"":""Rate limit exceeded. Max 30 requests/minute."",""error"":""Too Many Requests""}",0.458
2026-09-14T01:28:26.778340Z,drivers,drivers_by_observed_driver_number,"{""driver_number"": 6, ""session_key"": 11353}",0,http_429,"{""detail"":""Rate limit exceeded. Max 30 requests/minute."",""error"":""Too Many Requests""}",0.455
2026-09-14T01:28:27.339941Z,drivers,drivers_by_observed_driver_number,"{""driver_number"": 10, ""session_key"": 11353}",0,http_429,"{""detail"":""Rate limit exceeded. Max 30 requests/minute."",""error"":""Too Many Requests""}",0.46
2026-09-14T01:28:27.913042Z,drivers,drivers_by_observed_driver_number,"{""driver_number"": 11, ""session_key"": 11353}",0,http_429,"{""detail"":""Rate limit exceeded. Max 30 requests/minute."",""error"":""Too Many Requests""}",0.472
2026-09-14T01:28:28.477344Z,drivers,drivers_by_observed_driver_number,"{""driver_number"": 12, ""session_key"": 11353}",0,http_429,"{""detail"":""Rate limit exceeded. Max 30 requests/minute."",""error"":""Too Many Requests""}",0.463
2026-09-14T01:28:29.038280Z,drivers,drivers_by_observed_driver_number,"{""driver_number"": 14, ""session_key"": 11353}",0,http_429,"{""detail"":""Rate limit exceeded. Max 30 requests/minute."",""error"":""Too Many Requests""}",0.459
2026-09-14T01:28:29.581592Z,drivers,drivers_by_observed_driver_number,"{""driver_number"": 16, ""session_key"": 11353}",0,http_429,"{""detail"":""Rate limit exceeded. Max 30 requests/minute."",""error"":""Too Many Requests""}",0.442
2026-09-14T01:28:30.127723Z,drivers,drivers_by_observed_driver_number,"{""driver_number"": 18, ""session_key"": 11353}",0,http_429,"{""detail"":""Rate limit exceeded. Max 30 requests/minute."",""error"":""Too Many Requests""}",0.445
2026-09-14T01:28:30.676649Z,drivers,drivers_by_observed_driver_number,"{""driver_number"": 22, ""session_key"": 11353}",0,http_429,"{""detail"":""Rate limit exceeded. Max 30 requests/minute."",""error"":""Too Many Requests""}",0.448
2026-09-14T01:28:31.225395Z,drivers,drivers_by_observed_driver_number,"{""driver_number"": 23, ""session_key"": 11353}",0,http_429,"{""detail"":""Rate limit exceeded. Max 30 requests/minute."",""error"":""Too Many Requests""}",0.447
2026-09-14T01:28:31.854254Z,drivers,drivers_by_observed_driver_number,"{""driver_number"": 25, ""session_key"": 11353}",0,http_429,"{""detail"":""Rate limit exceeded. Max 30 requests/minute."",""error"":""Too Many Requests""}",0.527
2026-09-14T01:28:32.396447Z,drivers,drivers_by_observed_driver_number,"{""driver_number"": 27, ""session_key"": 11353}",0,http_429,"{""detail"":""Rate limit exceeded. Max 30 requests/minute."",""error"":""Too Many Requests""}",0.441
2026-09-14T01:28:32.953184Z,drivers,drivers_by_observed_driver_number,"{""driver_number"": 30, ""session_key"": 11353}",0,http_429,"{""detail"":""Rate limit exceeded. Max 30 requests/minute."",""error"":""Too Many Requests""}",0.455
2026-09-14T01:28:33.525692Z,drivers,drivers_by_observed_driver_number,"{""driver_number"": 31, ""session_key"": 11353}",0,http_429,"{""detail"":""Rate limit exceeded. Max 30 requests/minute."",""error"":""Too Many Requests""}",0.471
2026-09-14T01:28:34.084516Z,drivers,drivers_by_observed_driver_number,"{""driver_number"": 34, ""session_key"": 11353}",0,http_429,"{""detail"":""Rate limit exceeded. Max 30 requests/minute."",""error"":""Too Many Requests""}",0.457
2026-09-14T01:28:34.649306Z,drivers,drivers_by_observed_driver_number,"{""driver_number"": 36, ""session_key"": 11353}",0,http_429,"{""detail"":""Rate limit exceeded. Max 30 requests/minute."",""error"":""Too Many Requests""}",0.463
2026-09-14T01:28:35.200775Z,drivers,drivers_by_observed_driver_number,"{""driver_number"": 38, ""session_key"": 11353}",0,http_429,"{""detail"":""Rate limit exceeded. Max 30 requests/minute."",""error"":""Too Many Requests""}",0.45
2026-09-14T01:28:35.771222Z,drivers,drivers_by_observed_driver_number,"{""driver_number"": 41, ""session_key"": 11353}",0,http_429,"{""detail"":""Rate limit exceeded. Max 30 requests/minute."",""error"":""Too Many Requests""}",0.469
2026-09-14T01:28:36.312595Z,drivers,drivers_by_observed_driver_number,"{""driver_number"": 43, ""session_key"": 11353}",0,http_429,"{""detail"":""Rate limit exceeded. Max 30 requests/minute."",""error"":""Too Many Requests""}",0.44
2026-09-14T01:28:36.880565Z,drivers,drivers_by_observed_driver_number,"{""driver_number"": 44, ""session_key"": 11353}",0,http_429,"{""detail"":""Rate limit exceeded. Max 30 requests/minute."",""error"":""Too Many Requests""}",0.467
2026-09-14T01:28:37.423024Z,drivers,drivers_by_observed_driver_number,"{""driver_number"": 46, ""session_key"": 11353}",0,http_429,"{""detail"":""Rate limit exceeded. Max 30 requests/minute."",""error"":""Too Many Requests""}",0.441
2026-09-14T01:28:37.981544Z,drivers,drivers_by_observed_driver_number,"{""driver_number"": 50, ""session_key"": 11353}",0,http_429,"{""detail"":""Rate limit exceeded. Max 30 requests/minute."",""error"":""Too Many Requests""}",0.457
2026-09-14T01:28:38.539169Z,drivers,drivers_by_observed_driver_number,"{""driver_number"": 55, ""session_key"": 11353}",0,http_429,"{""detail"":""Rate limit exceeded. Max 30 requests/minute."",""error"":""Too Many Requests""}",0.456
2026-09-14T01:28:39.098155Z,drivers,drivers_by_observed_driver_number,"{""driver_number"": 61, ""session_key"": 11353}",0,http_429,"{""detail"":""Rate limit exceeded. Max 30 requests/minute."",""error"":""Too Many Requests""}",0.458
2026-09-14T01:28:39.660169Z,drivers,drivers_by_observed_driver_number,"{""driver_number"": 63, ""session_key"": 11353}",0,http_429,"{""detail"":""Rate limit exceeded. Max 30 requests/minute."",""error"":""Too Many Requests""}",0.461
2026-09-14T01:28:40.208420Z,drivers,drivers_by_observed_driver_number,"{""driver_number"": 67, ""session_key"": 11353}",0,http_429,"{""detail"":""Rate limit exceeded. Max 30 requests/minute."",""error"":""Too Many Requests""}",0.447
2026-09-14T01:28:40.764469Z,drivers,drivers_by_observed_driver_number,"{""driver_number"": 72, ""session_key"": 11353}",0,http_429,"{""detail"":""Rate limit exceeded. Max 30 requests/minute."",""error"":""Too Many Requests""}",0.455
2026-09-14T01:28:41.313187Z,drivers,drivers_by_observed_driver_number,"{""driver_number"": 77, ""session_key"": 11353}",0,http_429,"{""detail"":""Rate limit exceeded. Max 30 requests/minute."",""error"":""Too Many Requests""}",0.447
2026-09-14T01:28:41.857748Z,drivers,drivers_by_observed_driver_number,"{""driver_number"": 81, ""session_key"": 11353}",0,http_429,"{""detail"":""Rate limit exceeded. Max 30 requests/minute."",""error"":""Too Many Requests""}",0.443
2026-09-14T01:28:42.411732Z,drivers,drivers_by_observed_driver_number,"{""driver_number"": 87, ""session_key"": 11353}",0,http_429,"{""detail"":""Rate limit exceeded. Max 30 requests/minute."",""error"":""Too Many Requests""}",0.453
2026-09-14T01:28:42.948558Z,drivers,drivers_by_observed_driver_number,"{""driver_number"": 90, ""session_key"": 11353}",0,http_429,"{""detail"":""Rate limit exceeded. Max 30 requests/minute."",""error"":""Too Many Requests""}",0.435
2026-09-14T01:28:43.537613Z,drivers,drivers_by_observed_driver_number,"{""driver_number"": 97, ""session_key"": 11353}",0,http_429,"{""detail"":""Rate limit exceeded. Max 30 requests/minute."",""error"":""Too Many Requests""}",0.488
2026-09-14T01:28:44.083019Z,drivers,drivers_by_observed_driver_number,"{""driver_number"": 241, ""session_key"": 11353}",0,http_429,"{""detail"":""Rate limit exceeded. Max 30 requests/minute."",""error"":""Too Many Requests""}",0.444
2026-09-14T01:28:44.647630Z,drivers,drivers_by_observed_driver_number,"{""driver_number"": 243, ""session_key"": 11353}",0,http_429,"{""detail"":""Rate limit exceeded. Max 30 requests/minute."",""error"":""Too Many Requests""}",0.463
2026-09-14T01:28:45.203104Z,drivers,drivers_by_observed_driver_number,"{""driver_number"": 247, ""session_key"": 11353}",0,http_429,"{""detail"":""Rate limit exceeded. Max 30 requests/minute."",""error"":""Too Many Requests""}",0.454
2026-09-14T01:28:45.773593Z,team_radio,team_radio_by_session_key_opportunistic,"{""session_key"": 11353}",0,http_429,"{""detail"":""Rate limit exceeded. Max 30 requests/minute."",""error"":""Too Many Requests""}",0.469
2026-09-14T01:28:46.317115Z,weather,weather_by_session_key,"{""session_key"": 11354}",0,http_429,"{""detail"":""Rate limit exceeded. Max 30 requests/minute."",""error"":""Too Many Requests""}",0.442
2026-09-14T01:28:46.855952Z,race_control,race_control_by_session_key,"{""session_key"": 11354}",0,http_429,"{""detail"":""Rate limit exceeded. Max 30 requests/minute."",""error"":""Too Many Requests""}",0.437
2026-09-14T01:28:47.412924Z,intervals,intervals_by_session_key,"{""session_key"": 11354}",0,http_429,"{""detail"":""Rate limit exceeded. Max 30 requests/minute."",""error"":""Too Many Requests""}",0.456
2026-09-14T01:28:47.983374Z,position,position_by_session_key,"{""session_key"": 11354}",0,http_429,"{""detail"":""Rate limit exceeded. Max 30 requests/minute."",""error"":""Too Many Requests""}",0.469
2026-09-14T01:28:48.531546Z,position,position_by_meeting_key_fallback,"{""meeting_key"": 1293}",0,http_429,"{""detail"":""Rate limit exceeded. Max 30 requests/minute."",""error"":""Too Many Requests""}",0.447
2026-09-14T01:28:49.086125Z,stints,stints_by_session_key,"{""session_key"": 11354}",0,http_429,"{""detail"":""Rate limit exceeded. Max 30 requests/minute."",""error"":""Too Many Requests""}",0.453
2026-09-14T01:28:49.187636Z,pit,skip_non_race_like_session,"{""session_key"": 11354}",0,skipped_not_applicable,pit endpoint is only treated as required for race/sprint-like sessions,0.0
2026-09-14T01:28:49.632290Z,starting_grid,starting_grid_by_session_key,"{""session_key"": 11354}",0,http_429,"{""detail"":""Rate limit exceeded. Max 30 requests/minute."",""error"":""Too Many Requests""}",0.444
2026-09-14T01:28:50.173362Z,drivers,drivers_by_session_key,"{""session_key"": 11354}",0,http_429,"{""detail"":""Rate limit exceeded. Max 30 requests/minute."",""error"":""Too Many Requests""}",0.44
2026-09-14T01:28:50.750611Z,drivers,drivers_by_observed_driver_number,"{""driver_number"": 1, ""session_key"": 11354}",0,http_429,"{""detail"":""Rate limit exceeded. Max 30 requests/minute."",""error"":""Too Many Requests""}",0.45
2026-09-14T01:28:51.296132Z,drivers,drivers_by_observed_driver_number,"{""driver_number"": 3, ""session_key"": 11354}",0,http_429,"{""detail"":""Rate limit exceeded. Max 30 requests/minute."",""error"":""Too Many Requests""}",0.444
2026-09-14T01:28:51.844060Z,drivers,drivers_by_observed_driver_number,"{""driver_number"": 5, ""session_key"": 11354}",0,http_429,"{""detail"":""Rate limit exceeded. Max 30 requests/minute."",""error"":""Too Many Requests""}",0.447
2026-09-14T01:28:52.396464Z,drivers,drivers_by_observed_driver_number,"{""driver_number"": 6, ""session_key"": 11354}",0,http_429,"{""detail"":""Rate limit exceeded. Max 30 requests/minute."",""error"":""Too Many Requests""}",0.451
2026-09-14T01:28:52.954544Z,drivers,drivers_by_observed_driver_number,"{""driver_number"": 10, ""session_key"": 11354}",0,http_429,"{""detail"":""Rate limit exceeded. Max 30 requests/minute."",""error"":""Too Many Requests""}",0.457
2026-09-14T01:28:53.494135Z,drivers,drivers_by_observed_driver_number,"{""driver_number"": 11, ""session_key"": 11354}",0,http_429,"{""detail"":""Rate limit exceeded. Max 30 requests/minute."",""error"":""Too Many Requests""}",0.438
2026-09-14T01:28:54.027969Z,drivers,drivers_by_observed_driver_number,"{""driver_number"": 12, ""session_key"": 11354}",0,http_429,"{""detail"":""Rate limit exceeded. Max 30 requests/minute."",""error"":""Too Many Requests""}",0.432
2026-09-14T01:28:54.587722Z,drivers,drivers_by_observed_driver_number,"{""driver_number"": 14, ""session_key"": 11354}",0,http_429,"{""detail"":""Rate limit exceeded. Max 30 requests/minute."",""error"":""Too Many Requests""}",0.458
2026-09-14T01:28:55.146556Z,drivers,drivers_by_observed_driver_number,"{""driver_number"": 16, ""session_key"": 11354}",0,http_429,"{""detail"":""Rate limit exceeded. Max 30 requests/minute."",""error"":""Too Many Requests""}",0.458
2026-09-14T01:28:55.689480Z,drivers,drivers_by_observed_driver_number,"{""driver_number"": 18, ""session_key"": 11354}",0,http_429,"{""detail"":""Rate limit exceeded. Max 30 requests/minute."",""error"":""Too Many Requests""}",0.442
2026-09-14T01:28:56.254544Z,drivers,drivers_by_observed_driver_number,"{""driver_number"": 22, ""session_key"": 11354}",0,http_429,"{""detail"":""Rate limit exceeded. Max 30 requests/minute."",""error"":""Too Many Requests""}",0.464
2026-09-14T01:28:56.800834Z,drivers,drivers_by_observed_driver_number,"{""driver_number"": 23, ""session_key"": 11354}",0,http_429,"{""detail"":""Rate limit exceeded. Max 30 requests/minute."",""error"":""Too Many Requests""}",0.445
2026-09-14T01:28:57.355745Z,drivers,drivers_by_observed_driver_number,"{""driver_number"": 25, ""session_key"": 11354}",0,http_429,"{""detail"":""Rate limit exceeded. Max 30 requests/minute."",""error"":""Too Many Requests""}",0.454
2026-09-14T01:28:57.908106Z,drivers,drivers_by_observed_driver_number,"{""driver_number"": 27, ""session_key"": 11354}",0,http_429,"{""detail"":""Rate limit exceeded. Max 30 requests/minute."",""error"":""Too Many Requests""}",0.451
2026-09-14T01:28:58.461335Z,drivers,drivers_by_observed_driver_number,"{""driver_number"": 30, ""session_key"": 11354}",0,http_429,"{""detail"":""Rate limit exceeded. Max 30 requests/minute."",""error"":""Too Many Requests""}",0.452
2026-09-14T01:28:59.011466Z,drivers,drivers_by_observed_driver_number,"{""driver_number"": 31, ""session_key"": 11354}",0,http_429,"{""detail"":""Rate limit exceeded. Max 30 requests/minute."",""error"":""Too Many Requests""}",0.449
2026-09-14T01:28:59.573092Z,drivers,drivers_by_observed_driver_number,"{""driver_number"": 34, ""session_key"": 11354}",0,http_429,"{""detail"":""Rate limit exceeded. Max 30 requests/minute."",""error"":""Too Many Requests""}",0.46
2026-09-14T01:29:00.436062Z,drivers,drivers_by_observed_driver_number,"{""driver_number"": 36, ""session_key"": 11354}",1,pass,,0.762
2026-09-14T01:29:01.005812Z,drivers,drivers_by_observed_driver_number,"{""driver_number"": 38, ""session_key"": 11354}",0,http_404,"{""detail"":""No results found.""}",0.468
2026-09-14T01:29:01.579319Z,drivers,drivers_by_observed_driver_number,"{""driver_number"": 41, ""session_key"": 11354}",2,pass,,0.472
2026-09-14T01:29:03.714572Z,drivers,drivers_by_observed_driver_number,"{""driver_number"": 43, ""session_key"": 11354}",2,pass,,2.034
2026-09-14T01:29:04.267830Z,drivers,drivers_by_observed_driver_number,"{""driver_number"": 44, ""session_key"": 11354}",2,pass,,0.452
2026-09-14T01:29:04.821262Z,drivers,drivers_by_observed_driver_number,"{""driver_number"": 46, ""session_key"": 11354}",1,pass,,0.452
2026-09-14T01:29:05.379308Z,drivers,drivers_by_observed_driver_number,"{""driver_number"": 50, ""session_key"": 11354}",0,http_404,"{""detail"":""No results found.""}",0.457
2026-09-14T01:29:06.107232Z,drivers,drivers_by_observed_driver_number,"{""driver_number"": 55, ""session_key"": 11354}",2,pass,,0.627
2026-09-14T01:29:06.850728Z,drivers,drivers_by_observed_driver_number,"{""driver_number"": 61, ""session_key"": 11354}",1,pass,,0.642
2026-09-14T01:29:07.420098Z,drivers,drivers_by_observed_driver_number,"{""driver_number"": 63, ""session_key"": 11354}",1,pass,,0.468
2026-09-14T01:29:07.977790Z,drivers,drivers_by_observed_driver_number,"{""driver_number"": 67, ""session_key"": 11354}",0,http_404,"{""detail"":""No results found.""}",0.456
2026-09-14T01:29:08.595777Z,drivers,drivers_by_observed_driver_number,"{""driver_number"": 72, ""session_key"": 11354}",0,http_404,"{""detail"":""No results found.""}",0.517
2026-09-14T01:29:09.287639Z,drivers,drivers_by_observed_driver_number,"{""driver_number"": 77, ""session_key"": 11354}",1,pass,,0.59
2026-09-14T01:29:11.045595Z,drivers,drivers_by_observed_driver_number,"{""driver_number"": 81, ""session_key"": 11354}",1,pass,,1.657
2026-09-14T01:29:11.803115Z,drivers,drivers_by_observed_driver_number,"{""driver_number"": 87, ""session_key"": 11354}",1,pass,,0.656
2026-09-14T01:29:12.424609Z,drivers,drivers_by_observed_driver_number,"{""driver_number"": 90, ""session_key"": 11354}",0,http_404,"{""detail"":""No results found.""}",0.52
2026-09-14T01:29:13.063341Z,drivers,drivers_by_observed_driver_number,"{""driver_number"": 97, ""session_key"": 11354}",0,http_404,"{""detail"":""No results found.""}",0.537
2026-09-14T01:29:13.703642Z,drivers,drivers_by_observed_driver_number,"{""driver_number"": 241, ""session_key"": 11354}",0,http_404,"{""detail"":""No results found.""}",0.539
2026-09-14T01:29:14.700221Z,drivers,drivers_by_observed_driver_number,"{""driver_number"": 243, ""session_key"": 11354}",0,http_404,"{""detail"":""No results found.""}",0.895
2026-09-14T01:29:15.422176Z,drivers,drivers_by_observed_driver_number,"{""driver_number"": 247, ""session_key"": 11354}",0,http_404,"{""detail"":""No results found.""}",0.621
2026-09-14T01:29:15.986430Z,team_radio,team_radio_by_session_key_opportunistic,"{""session_key"": 11354}",7,pass,,0.46
2026-09-14T01:29:18.060126Z,weather,weather_by_session_key,"{""session_key"": 11355}",83,pass,,1.971
2026-09-14T01:29:18.617512Z,race_control,race_control_by_session_key,"{""session_key"": 11355}",34,pass,,0.455
2026-09-14T01:29:19.225618Z,intervals,intervals_by_session_key,"{""session_key"": 11355}",0,http_404,"{""detail"":""No results found.""}",0.506
2026-09-14T01:29:19.826424Z,position,position_by_session_key,"{""session_key"": 11355}",561,pass,,0.499
2026-09-14T01:29:20.449926Z,stints,stints_by_session_key,"{""session_key"": 11355}",97,pass,,0.521
2026-09-14T01:29:20.552191Z,pit,skip_non_race_like_session,"{""session_key"": 11355}",0,skipped_not_applicable,pit endpoint is only treated as required for race/sprint-like sessions,0.0
2026-09-14T01:29:21.208419Z,starting_grid,starting_grid_by_session_key,"{""session_key"": 11355}",0,http_404,"{""detail"":""No results found.""}",0.656
2026-09-14T01:29:21.848719Z,drivers,drivers_by_session_key,"{""session_key"": 11355}",22,pass,,0.539
2026-09-14T01:29:22.410111Z,team_radio,team_radio_by_session_key_opportunistic,"{""session_key"": 11355}",9,pass,,0.459
2026-09-14T01:29:22.972045Z,weather,weather_by_session_key,"{""session_key"": 11356}",80,pass,,0.46
2026-09-14T01:29:23.513716Z,race_control,race_control_by_session_key,"{""session_key"": 11356}",0,http_429,"{""detail"":""Rate limit exceeded. Max 30 requests/minute."",""error"":""Too Many Requests""}",0.439
2026-09-14T01:29:24.069572Z,intervals,intervals_by_session_key,"{""session_key"": 11356}",0,http_429,"{""detail"":""Rate limit exceeded. Max 30 requests/minute."",""error"":""Too Many Requests""}",0.454
2026-09-14T01:29:24.720473Z,position,position_by_session_key,"{""session_key"": 11356}",0,http_429,"{""detail"":""Rate limit exceeded. Max 30 requests/minute."",""error"":""Too Many Requests""}",0.55
2026-09-14T01:29:25.266062Z,position,position_by_meeting_key_fallback,"{""meeting_key"": 1293}",0,http_429,"{""detail"":""Rate limit exceeded. Max 30 requests/minute."",""error"":""Too Many Requests""}",0.444
2026-09-14T01:29:25.847782Z,stints,stints_by_session_key,"{""session_key"": 11356}",0,http_429,"{""detail"":""Rate limit exceeded. Max 30 requests/minute."",""error"":""Too Many Requests""}",0.48
2026-09-14T01:29:25.949203Z,pit,skip_non_race_like_session,"{""session_key"": 11356}",0,skipped_not_applicable,pit endpoint is only treated as required for race/sprint-like sessions,0.0
2026-09-14T01:29:26.397097Z,starting_grid,starting_grid_by_session_key,"{""session_key"": 11356}",0,http_429,"{""detail"":""Rate limit exceeded. Max 30 requests/minute."",""error"":""Too Many Requests""}",0.448
2026-09-14T01:29:26.940123Z,drivers,drivers_by_session_key,"{""session_key"": 11356}",0,http_429,"{""detail"":""Rate limit exceeded. Max 30 requests/minute."",""error"":""Too Many Requests""}",0.442
2026-09-14T01:29:27.521773Z,drivers,drivers_by_observed_driver_number,"{""driver_number"": 1, ""session_key"": 11356}",0,http_429,"{""detail"":""Rate limit exceeded. Max 30 requests/minute."",""error"":""Too Many Requests""}",0.455
2026-09-14T01:29:28.063807Z,drivers,drivers_by_observed_driver_number,"{""driver_number"": 3, ""session_key"": 11356}",0,http_429,"{""detail"":""Rate limit exceeded. Max 30 requests/minute."",""error"":""Too Many Requests""}",0.441
2026-09-14T01:29:28.615237Z,drivers,drivers_by_observed_driver_number,"{""driver_number"": 5, ""session_key"": 11356}",0,http_429,"{""detail"":""Rate limit exceeded. Max 30 requests/minute."",""error"":""Too Many Requests""}",0.45
2026-09-14T01:29:29.161735Z,drivers,drivers_by_observed_driver_number,"{""driver_number"": 6, ""session_key"": 11356}",0,http_429,"{""detail"":""Rate limit exceeded. Max 30 requests/minute."",""error"":""Too Many Requests""}",0.445
2026-09-14T01:29:29.709258Z,drivers,drivers_by_observed_driver_number,"{""driver_number"": 10, ""session_key"": 11356}",0,http_429,"{""detail"":""Rate limit exceeded. Max 30 requests/minute."",""error"":""Too Many Requests""}",0.446
2026-09-14T01:29:30.257330Z,drivers,drivers_by_observed_driver_number,"{""driver_number"": 11, ""session_key"": 11356}",0,http_429,"{""detail"":""Rate limit exceeded. Max 30 requests/minute."",""error"":""Too Many Requests""}",0.447
2026-09-14T01:29:30.799597Z,drivers,drivers_by_observed_driver_number,"{""driver_number"": 12, ""session_key"": 11356}",0,http_429,"{""detail"":""Rate limit exceeded. Max 30 requests/minute."",""error"":""Too Many Requests""}",0.441
2026-09-14T01:29:31.353675Z,drivers,drivers_by_observed_driver_number,"{""driver_number"": 14, ""session_key"": 11356}",0,http_429,"{""detail"":""Rate limit exceeded. Max 30 requests/minute."",""error"":""Too Many Requests""}",0.453
2026-09-14T01:29:31.893053Z,drivers,drivers_by_observed_driver_number,"{""driver_number"": 16, ""session_key"": 11356}",0,http_429,"{""detail"":""Rate limit exceeded. Max 30 requests/minute."",""error"":""Too Many Requests""}",0.438
2026-09-14T01:29:32.439331Z,drivers,drivers_by_observed_driver_number,"{""driver_number"": 18, ""session_key"": 11356}",0,http_429,"{""detail"":""Rate limit exceeded. Max 30 requests/minute."",""error"":""Too Many Requests""}",0.445
2026-09-14T01:29:32.994349Z,drivers,drivers_by_observed_driver_number,"{""driver_number"": 22, ""session_key"": 11356}",0,http_429,"{""detail"":""Rate limit exceeded. Max 30 requests/minute."",""error"":""Too Many Requests""}",0.454
2026-09-14T01:29:33.558834Z,drivers,drivers_by_observed_driver_number,"{""driver_number"": 23, ""session_key"": 11356}",0,http_429,"{""detail"":""Rate limit exceeded. Max 30 requests/minute."",""error"":""Too Many Requests""}",0.463
2026-09-14T01:29:34.118509Z,drivers,drivers_by_observed_driver_number,"{""driver_number"": 25, ""session_key"": 11356}",0,http_429,"{""detail"":""Rate limit exceeded. Max 30 requests/minute."",""error"":""Too Many Requests""}",0.458
2026-09-14T01:29:34.688399Z,drivers,drivers_by_observed_driver_number,"{""driver_number"": 27, ""session_key"": 11356}",0,http_429,"{""detail"":""Rate limit exceeded. Max 30 requests/minute."",""error"":""Too Many Requests""}",0.469
2026-09-14T01:29:35.251397Z,drivers,drivers_by_observed_driver_number,"{""driver_number"": 30, ""session_key"": 11356}",0,http_429,"{""detail"":""Rate limit exceeded. Max 30 requests/minute."",""error"":""Too Many Requests""}",0.462
2026-09-14T01:29:35.808340Z,drivers,drivers_by_observed_driver_number,"{""driver_number"": 31, ""session_key"": 11356}",0,http_429,"{""detail"":""Rate limit exceeded. Max 30 requests/minute."",""error"":""Too Many Requests""}",0.456
2026-09-14T01:29:36.357047Z,drivers,drivers_by_observed_driver_number,"{""driver_number"": 34, ""session_key"": 11356}",0,http_429,"{""detail"":""Rate limit exceeded. Max 30 requests/minute."",""error"":""Too Many Requests""}",0.447
2026-09-14T01:29:36.929604Z,drivers,drivers_by_observed_driver_number,"{""driver_number"": 36, ""session_key"": 11356}",0,http_429,"{""detail"":""Rate limit exceeded. Max 30 requests/minute."",""error"":""Too Many Requests""}",0.471
2026-09-14T01:29:37.505573Z,drivers,drivers_by_observed_driver_number,"{""driver_number"": 38, ""session_key"": 11356}",0,http_429,"{""detail"":""Rate limit exceeded. Max 30 requests/minute."",""error"":""Too Many Requests""}",0.475
2026-09-14T01:29:38.053189Z,drivers,drivers_by_observed_driver_number,"{""driver_number"": 41, ""session_key"": 11356}",0,http_429,"{""detail"":""Rate limit exceeded. Max 30 requests/minute."",""error"":""Too Many Requests""}",0.446
2026-09-14T01:29:38.609170Z,drivers,drivers_by_observed_driver_number,"{""driver_number"": 43, ""session_key"": 11356}",0,http_429,"{""detail"":""Rate limit exceeded. Max 30 requests/minute."",""error"":""Too Many Requests""}",0.455
2026-09-14T01:29:39.166656Z,drivers,drivers_by_observed_driver_number,"{""driver_number"": 44, ""session_key"": 11356}",0,http_429,"{""detail"":""Rate limit exceeded. Max 30 requests/minute."",""error"":""Too Many Requests""}",0.456
2026-09-14T01:29:39.716901Z,drivers,drivers_by_observed_driver_number,"{""driver_number"": 46, ""session_key"": 11356}",0,http_429,"{""detail"":""Rate limit exceeded. Max 30 requests/minute."",""error"":""Too Many Requests""}",0.449
2026-09-14T01:29:40.268650Z,drivers,drivers_by_observed_driver_number,"{""driver_number"": 50, ""session_key"": 11356}",0,http_429,"{""detail"":""Rate limit exceeded. Max 30 requests/minute."",""error"":""Too Many Requests""}",0.45
2026-09-14T01:29:40.819574Z,drivers,drivers_by_observed_driver_number,"{""driver_number"": 55, ""session_key"": 11356}",0,http_429,"{""detail"":""Rate limit exceeded. Max 30 requests/minute."",""error"":""Too Many Requests""}",0.45
2026-09-14T01:29:41.370316Z,drivers,drivers_by_observed_driver_number,"{""driver_number"": 61, ""session_key"": 11356}",0,http_429,"{""detail"":""Rate limit exceeded. Max 30 requests/minute."",""error"":""Too Many Requests""}",0.449
2026-09-14T01:29:41.921638Z,drivers,drivers_by_observed_driver_number,"{""driver_number"": 63, ""session_key"": 11356}",0,http_429,"{""detail"":""Rate limit exceeded. Max 30 requests/minute."",""error"":""Too Many Requests""}",0.45
2026-09-14T01:29:42.469950Z,drivers,drivers_by_observed_driver_number,"{""driver_number"": 67, ""session_key"": 11356}",0,http_429,"{""detail"":""Rate limit exceeded. Max 30 requests/minute."",""error"":""Too Many Requests""}",0.447
2026-09-14T01:29:43.027745Z,drivers,drivers_by_observed_driver_number,"{""driver_number"": 72, ""session_key"": 11356}",0,http_429,"{""detail"":""Rate limit exceeded. Max 30 requests/minute."",""error"":""Too Many Requests""}",0.456
2026-09-14T01:29:43.578906Z,drivers,drivers_by_observed_driver_number,"{""driver_number"": 77, ""session_key"": 11356}",0,http_429,"{""detail"":""Rate limit exceeded. Max 30 requests/minute."",""error"":""Too Many Requests""}",0.45
2026-09-14T01:29:44.122569Z,drivers,drivers_by_observed_driver_number,"{""driver_number"": 81, ""session_key"": 11356}",0,http_429,"{""detail"":""Rate limit exceeded. Max 30 requests/minute."",""error"":""Too Many Requests""}",0.442
2026-09-14T01:29:44.695248Z,drivers,drivers_by_observed_driver_number,"{""driver_number"": 87, ""session_key"": 11356}",0,http_429,"{""detail"":""Rate limit exceeded. Max 30 requests/minute."",""error"":""Too Many Requests""}",0.471
2026-09-14T01:29:45.232985Z,drivers,drivers_by_observed_driver_number,"{""driver_number"": 90, ""session_key"": 11356}",0,http_429,"{""detail"":""Rate limit exceeded. Max 30 requests/minute."",""error"":""Too Many Requests""}",0.436
2026-09-14T01:29:45.781460Z,drivers,drivers_by_observed_driver_number,"{""driver_number"": 97, ""session_key"": 11356}",0,http_429,"{""detail"":""Rate limit exceeded. Max 30 requests/minute."",""error"":""Too Many Requests""}",0.447
2026-09-14T01:29:46.320977Z,drivers,drivers_by_observed_driver_number,"{""driver_number"": 241, ""session_key"": 11356}",0,http_429,"{""detail"":""Rate limit exceeded. Max 30 requests/minute."",""error"":""Too Many Requests""}",0.438
2026-09-14T01:29:46.871921Z,drivers,drivers_by_observed_driver_number,"{""driver_number"": 243, ""session_key"": 11356}",0,http_429,"{""detail"":""Rate limit exceeded. Max 30 requests/minute."",""error"":""Too Many Requests""}",0.45
2026-09-14T01:29:47.423976Z,drivers,drivers_by_observed_driver_number,"{""driver_number"": 247, ""session_key"": 11356}",0,http_429,"{""detail"":""Rate limit exceeded. Max 30 requests/minute."",""error"":""Too Many Requests""}",0.451
2026-09-14T01:29:47.968414Z,team_radio,team_radio_by_session_key_opportunistic,"{""session_key"": 11356}",0,http_429,"{""detail"":""Rate limit exceeded. Max 30 requests/minute."",""error"":""Too Many Requests""}",0.443
2026-09-14T01:29:48.517547Z,weather,weather_by_session_key,"{""session_key"": 11357}",0,http_429,"{""detail"":""Rate limit exceeded. Max 30 requests/minute."",""error"":""Too Many Requests""}",0.448
2026-09-14T01:29:49.053720Z,race_control,race_control_by_session_key,"{""session_key"": 11357}",0,http_429,"{""detail"":""Rate limit exceeded. Max 30 requests/minute."",""error"":""Too Many Requests""}",0.435
2026-09-14T01:29:49.594821Z,intervals,intervals_by_session_key,"{""session_key"": 11357}",0,http_429,"{""detail"":""Rate limit exceeded. Max 30 requests/minute."",""error"":""Too Many Requests""}",0.44
2026-09-14T01:29:50.148082Z,position,position_by_session_key,"{""session_key"": 11357}",0,http_429,"{""detail"":""Rate limit exceeded. Max 30 requests/minute."",""error"":""Too Many Requests""}",0.452
2026-09-14T01:29:50.696688Z,position,position_by_meeting_key_fallback,"{""meeting_key"": 1293}",0,http_429,"{""detail"":""Rate limit exceeded. Max 30 requests/minute."",""error"":""Too Many Requests""}",0.447
2026-09-14T01:29:51.245258Z,stints,stints_by_session_key,"{""session_key"": 11357}",0,http_429,"{""detail"":""Rate limit exceeded. Max 30 requests/minute."",""error"":""Too Many Requests""}",0.446
2026-09-14T01:29:51.346706Z,pit,skip_non_race_like_session,"{""session_key"": 11357}",0,skipped_not_applicable,pit endpoint is only treated as required for race/sprint-like sessions,0.0
2026-09-14T01:29:51.788357Z,starting_grid,starting_grid_by_session_key,"{""session_key"": 11357}",0,http_429,"{""detail"":""Rate limit exceeded. Max 30 requests/minute."",""error"":""Too Many Requests""}",0.441
2026-09-14T01:29:52.355564Z,drivers,drivers_by_session_key,"{""session_key"": 11357}",0,http_429,"{""detail"":""Rate limit exceeded. Max 30 requests/minute."",""error"":""Too Many Requests""}",0.466
2026-09-14T01:29:52.921431Z,drivers,drivers_by_observed_driver_number,"{""driver_number"": 1, ""session_key"": 11357}",0,http_429,"{""detail"":""Rate limit exceeded. Max 30 requests/minute."",""error"":""Too Many Requests""}",0.439
2026-09-14T01:29:53.486860Z,drivers,drivers_by_observed_driver_number,"{""driver_number"": 3, ""session_key"": 11357}",0,http_429,"{""detail"":""Rate limit exceeded. Max 30 requests/minute."",""error"":""Too Many Requests""}",0.464
2026-09-14T01:29:54.036559Z,drivers,drivers_by_observed_driver_number,"{""driver_number"": 5, ""session_key"": 11357}",0,http_429,"{""detail"":""Rate limit exceeded. Max 30 requests/minute."",""error"":""Too Many Requests""}",0.448
2026-09-14T01:29:54.581533Z,drivers,drivers_by_observed_driver_number,"{""driver_number"": 6, ""session_key"": 11357}",0,http_429,"{""detail"":""Rate limit exceeded. Max 30 requests/minute."",""error"":""Too Many Requests""}",0.444
2026-09-14T01:29:55.129493Z,drivers,drivers_by_observed_driver_number,"{""driver_number"": 10, ""session_key"": 11357}",0,http_429,"{""detail"":""Rate limit exceeded. Max 30 requests/minute."",""error"":""Too Many Requests""}",0.447
2026-09-14T01:29:55.685597Z,drivers,drivers_by_observed_driver_number,"{""driver_number"": 11, ""session_key"": 11357}",0,http_429,"{""detail"":""Rate limit exceeded. Max 30 requests/minute."",""error"":""Too Many Requests""}",0.455
2026-09-14T01:29:56.229988Z,drivers,drivers_by_observed_driver_number,"{""driver_number"": 12, ""session_key"": 11357}",0,http_429,"{""detail"":""Rate limit exceeded. Max 30 requests/minute."",""error"":""Too Many Requests""}",0.443
2026-09-14T01:29:56.784935Z,drivers,drivers_by_observed_driver_number,"{""driver_number"": 14, ""session_key"": 11357}",0,http_429,"{""detail"":""Rate limit exceeded. Max 30 requests/minute."",""error"":""Too Many Requests""}",0.454
2026-09-14T01:29:57.322863Z,drivers,drivers_by_observed_driver_number,"{""driver_number"": 16, ""session_key"": 11357}",0,http_429,"{""detail"":""Rate limit exceeded. Max 30 requests/minute."",""error"":""Too Many Requests""}",0.437
2026-09-14T01:29:57.873417Z,drivers,drivers_by_observed_driver_number,"{""driver_number"": 18, ""session_key"": 11357}",0,http_429,"{""detail"":""Rate limit exceeded. Max 30 requests/minute."",""error"":""Too Many Requests""}",0.449
2026-09-14T01:29:58.421852Z,drivers,drivers_by_observed_driver_number,"{""driver_number"": 22, ""session_key"": 11357}",0,http_429,"{""detail"":""Rate limit exceeded. Max 30 requests/minute."",""error"":""Too Many Requests""}",0.447
2026-09-14T01:29:58.988455Z,drivers,drivers_by_observed_driver_number,"{""driver_number"": 23, ""session_key"": 11357}",0,http_429,"{""detail"":""Rate limit exceeded. Max 30 requests/minute."",""error"":""Too Many Requests""}",0.465
2026-09-14T01:29:59.564849Z,drivers,drivers_by_observed_driver_number,"{""driver_number"": 25, ""session_key"": 11357}",0,http_429,"{""detail"":""Rate limit exceeded. Max 30 requests/minute."",""error"":""Too Many Requests""}",0.475
2026-09-14T01:30:00.113570Z,drivers,drivers_by_observed_driver_number,"{""driver_number"": 27, ""session_key"": 11357}",2,pass,,0.447
2026-09-14T01:30:00.691214Z,drivers,drivers_by_observed_driver_number,"{""driver_number"": 30, ""session_key"": 11357}",2,pass,,0.476
2026-09-14T01:30:04.648027Z,drivers,drivers_by_observed_driver_number,"{""driver_number"": 31, ""session_key"": 11357}",2,pass,,3.855
2026-09-14T01:30:05.211446Z,drivers,drivers_by_observed_driver_number,"{""driver_number"": 34, ""session_key"": 11357}",0,http_404,"{""detail"":""No results found.""}",0.462
2026-09-14T01:30:06.872711Z,drivers,drivers_by_observed_driver_number,"{""driver_number"": 36, ""session_key"": 11357}",0,http_404,"{""detail"":""No results found.""}",1.56
2026-09-14T01:30:07.428605Z,drivers,drivers_by_observed_driver_number,"{""driver_number"": 38, ""session_key"": 11357}",0,http_404,"{""detail"":""No results found.""}",0.455
2026-09-14T01:30:09.413542Z,drivers,drivers_by_observed_driver_number,"{""driver_number"": 41, ""session_key"": 11357}",2,pass,,1.883
2026-09-14T01:30:09.998736Z,drivers,drivers_by_observed_driver_number,"{""driver_number"": 43, ""session_key"": 11357}",2,pass,,0.484
2026-09-14T01:30:10.585111Z,drivers,drivers_by_observed_driver_number,"{""driver_number"": 44, ""session_key"": 11357}",2,pass,,0.485
2026-09-14T01:30:11.152666Z,drivers,drivers_by_observed_driver_number,"{""driver_number"": 46, ""session_key"": 11357}",0,http_404,"{""detail"":""No results found.""}",0.466
2026-09-14T01:30:12.082610Z,drivers,drivers_by_observed_driver_number,"{""driver_number"": 50, ""session_key"": 11357}",0,http_404,"{""detail"":""No results found.""}",0.829
2026-09-14T01:30:13.683070Z,drivers,drivers_by_observed_driver_number,"{""driver_number"": 55, ""session_key"": 11357}",2,pass,,1.499
2026-09-14T01:30:14.228678Z,drivers,drivers_by_observed_driver_number,"{""driver_number"": 61, ""session_key"": 11357}",0,http_404,"{""detail"":""No results found.""}",0.444
2026-09-14T01:30:14.830656Z,drivers,drivers_by_observed_driver_number,"{""driver_number"": 63, ""session_key"": 11357}",2,pass,,0.501
2026-09-14T01:30:15.409098Z,drivers,drivers_by_observed_driver_number,"{""driver_number"": 67, ""session_key"": 11357}",0,http_404,"{""detail"":""No results found.""}",0.477
2026-09-14T01:30:16.376770Z,drivers,drivers_by_observed_driver_number,"{""driver_number"": 72, ""session_key"": 11357}",0,http_404,"{""detail"":""No results found.""}",0.866
2026-09-14T01:30:21.694256Z,drivers,drivers_by_observed_driver_number,"{""driver_number"": 77, ""session_key"": 11357}",1,pass,,5.216
2026-09-14T01:30:22.246257Z,drivers,drivers_by_observed_driver_number,"{""driver_number"": 81, ""session_key"": 11357}",2,pass,,0.451
2026-09-14T01:30:22.812379Z,drivers,drivers_by_observed_driver_number,"{""driver_number"": 87, ""session_key"": 11357}",2,pass,,0.465
2026-09-14T01:30:23.432408Z,drivers,drivers_by_observed_driver_number,"{""driver_number"": 90, ""session_key"": 11357}",0,http_404,"{""detail"":""No results found.""}",0.519
2026-09-14T01:30:24.447098Z,drivers,drivers_by_observed_driver_number,"{""driver_number"": 97, ""session_key"": 11357}",0,http_404,"{""detail"":""No results found.""}",0.913
2026-09-14T01:30:25.012930Z,drivers,drivers_by_observed_driver_number,"{""driver_number"": 241, ""session_key"": 11357}",0,http_404,"{""detail"":""No results found.""}",0.464
2026-09-14T01:30:25.554592Z,drivers,drivers_by_observed_driver_number,"{""driver_number"": 243, ""session_key"": 11357}",0,http_404,"{""detail"":""No results found.""}",0.44
2026-09-14T01:30:26.916297Z,drivers,drivers_by_observed_driver_number,"{""driver_number"": 247, ""session_key"": 11357}",0,http_404,"{""detail"":""No results found.""}",1.26
2026-09-14T01:30:27.543123Z,team_radio,team_radio_by_session_key_opportunistic,"{""session_key"": 11357}",13,pass,,0.523
2026-09-14T01:30:28.125140Z,weather,weather_by_session_key,"{""session_key"": 11361}",176,pass,,0.48
2026-09-14T01:30:28.713636Z,race_control,race_control_by_session_key,"{""session_key"": 11361}",158,pass,,0.486
2026-09-14T01:30:31.041773Z,intervals,intervals_by_session_key,"{""session_key"": 11361}",21955,pass,,2.226
2026-09-14T01:30:31.858688Z,position,position_by_session_key,"{""session_key"": 11361}",678,pass,,0.711
2026-09-14T01:30:32.471231Z,stints,stints_by_session_key,"{""session_key"": 11361}",52,pass,,0.51
2026-09-14T01:30:33.163828Z,pit,pit_by_session_key,"{""session_key"": 11361}",0,http_429,"{""detail"":""Rate limit exceeded. Max 30 requests/minute."",""error"":""Too Many Requests""}",0.59
2026-09-14T01:30:33.719138Z,starting_grid,starting_grid_by_session_key,"{""session_key"": 11361}",0,http_429,"{""detail"":""Rate limit exceeded. Max 30 requests/minute."",""error"":""Too Many Requests""}",0.454
2026-09-14T01:30:34.273460Z,drivers,drivers_by_session_key,"{""session_key"": 11361}",0,http_429,"{""detail"":""Rate limit exceeded. Max 30 requests/minute."",""error"":""Too Many Requests""}",0.453
2026-09-14T01:30:34.835519Z,drivers,drivers_by_observed_driver_number,"{""driver_number"": 1, ""session_key"": 11361}",0,http_429,"{""detail"":""Rate limit exceeded. Max 30 requests/minute."",""error"":""Too Many Requests""}",0.434
2026-09-14T01:30:35.384968Z,drivers,drivers_by_observed_driver_number,"{""driver_number"": 3, ""session_key"": 11361}",0,http_429,"{""detail"":""Rate limit exceeded. Max 30 requests/minute."",""error"":""Too Many Requests""}",0.448
2026-09-14T01:30:35.931027Z,drivers,drivers_by_observed_driver_number,"{""driver_number"": 5, ""session_key"": 11361}",0,http_429,"{""detail"":""Rate limit exceeded. Max 30 requests/minute."",""error"":""Too Many Requests""}",0.445
2026-09-14T01:30:36.471338Z,drivers,drivers_by_observed_driver_number,"{""driver_number"": 6, ""session_key"": 11361}",0,http_429,"{""detail"":""Rate limit exceeded. Max 30 requests/minute."",""error"":""Too Many Requests""}",0.439
2026-09-14T01:30:37.010394Z,drivers,drivers_by_observed_driver_number,"{""driver_number"": 10, ""session_key"": 11361}",0,http_429,"{""detail"":""Rate limit exceeded. Max 30 requests/minute."",""error"":""Too Many Requests""}",0.438
2026-09-14T01:30:37.571160Z,drivers,drivers_by_observed_driver_number,"{""driver_number"": 11, ""session_key"": 11361}",0,http_429,"{""detail"":""Rate limit exceeded. Max 30 requests/minute."",""error"":""Too Many Requests""}",0.459
2026-09-14T01:30:38.130487Z,drivers,drivers_by_observed_driver_number,"{""driver_number"": 12, ""session_key"": 11361}",0,http_429,"{""detail"":""Rate limit exceeded. Max 30 requests/minute."",""error"":""Too Many Requests""}",0.458
2026-09-14T01:30:38.693969Z,drivers,drivers_by_observed_driver_number,"{""driver_number"": 14, ""session_key"": 11361}",0,http_429,"{""detail"":""Rate limit exceeded. Max 30 requests/minute."",""error"":""Too Many Requests""}",0.462
2026-09-14T01:30:39.242064Z,drivers,drivers_by_observed_driver_number,"{""driver_number"": 16, ""session_key"": 11361}",0,http_429,"{""detail"":""Rate limit exceeded. Max 30 requests/minute."",""error"":""Too Many Requests""}",0.447
2026-09-14T01:30:39.817240Z,drivers,drivers_by_observed_driver_number,"{""driver_number"": 18, ""session_key"": 11361}",0,http_429,"{""detail"":""Rate limit exceeded. Max 30 requests/minute."",""error"":""Too Many Requests""}",0.474
2026-09-14T01:30:40.370371Z,drivers,drivers_by_observed_driver_number,"{""driver_number"": 22, ""session_key"": 11361}",0,http_429,"{""detail"":""Rate limit exceeded. Max 30 requests/minute."",""error"":""Too Many Requests""}",0.452
2026-09-14T01:30:40.924261Z,drivers,drivers_by_observed_driver_number,"{""driver_number"": 23, ""session_key"": 11361}",0,http_429,"{""detail"":""Rate limit exceeded. Max 30 requests/minute."",""error"":""Too Many Requests""}",0.453
2026-09-14T01:30:41.476310Z,drivers,drivers_by_observed_driver_number,"{""driver_number"": 25, ""session_key"": 11361}",0,http_429,"{""detail"":""Rate limit exceeded. Max 30 requests/minute."",""error"":""Too Many Requests""}",0.451
2026-09-14T01:30:42.016688Z,drivers,drivers_by_observed_driver_number,"{""driver_number"": 27, ""session_key"": 11361}",0,http_429,"{""detail"":""Rate limit exceeded. Max 30 requests/minute."",""error"":""Too Many Requests""}",0.439
2026-09-14T01:30:42.582457Z,drivers,drivers_by_observed_driver_number,"{""driver_number"": 30, ""session_key"": 11361}",0,http_429,"{""detail"":""Rate limit exceeded. Max 30 requests/minute."",""error"":""Too Many Requests""}",0.464
2026-09-14T01:30:44.406117Z,drivers,drivers_by_observed_driver_number,"{""driver_number"": 31, ""session_key"": 11361}",0,http_429,"{""detail"":""Rate limit exceeded. Max 30 requests/minute."",""error"":""Too Many Requests""}",1.722
2026-09-14T01:30:44.994271Z,drivers,drivers_by_observed_driver_number,"{""driver_number"": 34, ""session_key"": 11361}",0,http_429,"{""detail"":""Rate limit exceeded. Max 30 requests/minute."",""error"":""Too Many Requests""}",0.487
2026-09-14T01:30:45.566719Z,drivers,drivers_by_observed_driver_number,"{""driver_number"": 36, ""session_key"": 11361}",0,http_429,"{""detail"":""Rate limit exceeded. Max 30 requests/minute."",""error"":""Too Many Requests""}",0.471
2026-09-14T01:30:46.113086Z,drivers,drivers_by_observed_driver_number,"{""driver_number"": 38, ""session_key"": 11361}",0,http_429,"{""detail"":""Rate limit exceeded. Max 30 requests/minute."",""error"":""Too Many Requests""}",0.445
2026-09-14T01:30:46.677948Z,drivers,drivers_by_observed_driver_number,"{""driver_number"": 41, ""session_key"": 11361}",0,http_429,"{""detail"":""Rate limit exceeded. Max 30 requests/minute."",""error"":""Too Many Requests""}",0.463
2026-09-14T01:30:47.222774Z,drivers,drivers_by_observed_driver_number,"{""driver_number"": 43, ""session_key"": 11361}",0,http_429,"{""detail"":""Rate limit exceeded. Max 30 requests/minute."",""error"":""Too Many Requests""}",0.443
2026-09-14T01:30:47.786360Z,drivers,drivers_by_observed_driver_number,"{""driver_number"": 44, ""session_key"": 11361}",0,http_429,"{""detail"":""Rate limit exceeded. Max 30 requests/minute."",""error"":""Too Many Requests""}",0.462
2026-09-14T01:30:48.342808Z,drivers,drivers_by_observed_driver_number,"{""driver_number"": 46, ""session_key"": 11361}",0,http_429,"{""detail"":""Rate limit exceeded. Max 30 requests/minute."",""error"":""Too Many Requests""}",0.455
2026-09-14T01:30:48.899472Z,drivers,drivers_by_observed_driver_number,"{""driver_number"": 50, ""session_key"": 11361}",0,http_429,"{""detail"":""Rate limit exceeded. Max 30 requests/minute."",""error"":""Too Many Requests""}",0.455
2026-09-14T01:30:49.476294Z,drivers,drivers_by_observed_driver_number,"{""driver_number"": 55, ""session_key"": 11361}",0,http_429,"{""detail"":""Rate limit exceeded. Max 30 requests/minute."",""error"":""Too Many Requests""}",0.475
2026-09-14T01:30:50.036545Z,drivers,drivers_by_observed_driver_number,"{""driver_number"": 61, ""session_key"": 11361}",0,http_429,"{""detail"":""Rate limit exceeded. Max 30 requests/minute."",""error"":""Too Many Requests""}",0.459
2026-09-14T01:30:50.579800Z,drivers,drivers_by_observed_driver_number,"{""driver_number"": 63, ""session_key"": 11361}",0,http_429,"{""detail"":""Rate limit exceeded. Max 30 requests/minute."",""error"":""Too Many Requests""}",0.442
2026-09-14T01:30:51.128275Z,drivers,drivers_by_observed_driver_number,"{""driver_number"": 67, ""session_key"": 11361}",0,http_429,"{""detail"":""Rate limit exceeded. Max 30 requests/minute."",""error"":""Too Many Requests""}",0.447
2026-09-14T01:30:51.672791Z,drivers,drivers_by_observed_driver_number,"{""driver_number"": 72, ""session_key"": 11361}",0,http_429,"{""detail"":""Rate limit exceeded. Max 30 requests/minute."",""error"":""Too Many Requests""}",0.443
2026-09-14T01:30:52.241287Z,drivers,drivers_by_observed_driver_number,"{""driver_number"": 77, ""session_key"": 11361}",0,http_429,"{""detail"":""Rate limit exceeded. Max 30 requests/minute."",""error"":""Too Many Requests""}",0.467
2026-09-14T01:30:52.800439Z,drivers,drivers_by_observed_driver_number,"{""driver_number"": 81, ""session_key"": 11361}",0,http_429,"{""detail"":""Rate limit exceeded. Max 30 requests/minute."",""error"":""Too Many Requests""}",0.458
2026-09-14T01:30:53.356965Z,drivers,drivers_by_observed_driver_number,"{""driver_number"": 87, ""session_key"": 11361}",0,http_429,"{""detail"":""Rate limit exceeded. Max 30 requests/minute."",""error"":""Too Many Requests""}",0.455
2026-09-14T01:30:53.919333Z,drivers,drivers_by_observed_driver_number,"{""driver_number"": 90, ""session_key"": 11361}",0,http_429,"{""detail"":""Rate limit exceeded. Max 30 requests/minute."",""error"":""Too Many Requests""}",0.461
2026-09-14T01:30:54.491733Z,drivers,drivers_by_observed_driver_number,"{""driver_number"": 97, ""session_key"": 11361}",0,http_429,"{""detail"":""Rate limit exceeded. Max 30 requests/minute."",""error"":""Too Many Requests""}",0.471
2026-09-14T01:30:55.043769Z,drivers,drivers_by_observed_driver_number,"{""driver_number"": 241, ""session_key"": 11361}",0,http_429,"{""detail"":""Rate limit exceeded. Max 30 requests/minute."",""error"":""Too Many Requests""}",0.451
2026-09-14T01:30:55.610723Z,drivers,drivers_by_observed_driver_number,"{""driver_number"": 243, ""session_key"": 11361}",0,http_429,"{""detail"":""Rate limit exceeded. Max 30 requests/minute."",""error"":""Too Many Requests""}",0.466
2026-09-14T01:30:56.172258Z,drivers,drivers_by_observed_driver_number,"{""driver_number"": 247, ""session_key"": 11361}",0,http_429,"{""detail"":""Rate limit exceeded. Max 30 requests/minute."",""error"":""Too Many Requests""}",0.46
2026-09-14T01:30:56.712344Z,team_radio,team_radio_by_session_key_opportunistic,"{""session_key"": 11361}",0,http_429,"{""detail"":""Rate limit exceeded. Max 30 requests/minute."",""error"":""Too Many Requests""}",0.438
2026-09-14T01:30:57.256351Z,weather,weather_by_session_key,"{""session_key"": 11362}",0,http_429,"{""detail"":""Rate limit exceeded. Max 30 requests/minute."",""error"":""Too Many Requests""}",0.442
2026-09-14T01:30:57.819435Z,race_control,race_control_by_session_key,"{""session_key"": 11362}",0,http_429,"{""detail"":""Rate limit exceeded. Max 30 requests/minute."",""error"":""Too Many Requests""}",0.462
2026-09-14T01:30:58.375550Z,intervals,intervals_by_session_key,"{""session_key"": 11362}",0,http_429,"{""detail"":""Rate limit exceeded. Max 30 requests/minute."",""error"":""Too Many Requests""}",0.455
2026-09-14T01:30:58.915594Z,position,position_by_session_key,"{""session_key"": 11362}",0,http_429,"{""detail"":""Rate limit exceeded. Max 30 requests/minute."",""error"":""Too Many Requests""}",0.439
2026-09-14T01:30:59.459601Z,position,position_by_meeting_key_fallback,"{""meeting_key"": 1294}",0,http_429,"{""detail"":""Rate limit exceeded. Max 30 requests/minute."",""error"":""Too Many Requests""}",0.443
2026-09-14T01:31:00.019988Z,stints,stints_by_session_key,"{""session_key"": 11362}",0,http_429,"{""detail"":""Rate limit exceeded. Max 30 requests/minute."",""error"":""Too Many Requests""}",0.459
2026-09-14T01:31:00.121446Z,pit,skip_non_race_like_session,"{""session_key"": 11362}",0,skipped_not_applicable,pit endpoint is only treated as required for race/sprint-like sessions,0.0
2026-09-14T01:31:00.656099Z,starting_grid,starting_grid_by_session_key,"{""session_key"": 11362}",0,http_404,"{""detail"":""No results found.""}",0.534
2026-09-14T01:31:01.255003Z,drivers,drivers_by_session_key,"{""session_key"": 11362}",22,pass,,0.497
2026-09-14T01:31:01.909926Z,team_radio,team_radio_by_session_key_opportunistic,"{""session_key"": 11362}",11,pass,,0.553
2026-09-14T01:31:02.490485Z,weather,weather_by_session_key,"{""session_key"": 11363}",85,pass,,0.478
2026-09-14T01:31:04.415393Z,race_control,race_control_by_session_key,"{""session_key"": 11363}",108,pass,,1.823
2026-09-14T01:31:04.975579Z,intervals,intervals_by_session_key,"{""session_key"": 11363}",0,http_404,"{""detail"":""No results found.""}",0.458
2026-09-14T01:31:05.597297Z,position,position_by_session_key,"{""session_key"": 11363}",593,pass,,0.52
2026-09-14T01:31:06.151255Z,stints,stints_by_session_key,"{""session_key"": 11363}",90,pass,,0.452
2026-09-14T01:31:06.253459Z,pit,skip_non_race_like_session,"{""session_key"": 11363}",0,skipped_not_applicable,pit endpoint is only treated as required for race/sprint-like sessions,0.0
2026-09-14T01:31:06.715369Z,starting_grid,starting_grid_by_session_key,"{""session_key"": 11363}",0,http_404,"{""detail"":""No results found.""}",0.462
2026-09-14T01:31:07.273707Z,drivers,drivers_by_session_key,"{""session_key"": 11363}",22,pass,,0.457
2026-09-14T01:31:07.877572Z,team_radio,team_radio_by_session_key_opportunistic,"{""session_key"": 11363}",17,pass,,0.502
2026-09-14T01:31:08.434219Z,weather,weather_by_session_key,"{""session_key"": 11364}",95,pass,,0.454
2026-09-14T01:31:09.014408Z,race_control,race_control_by_session_key,"{""session_key"": 11364}",179,pass,,0.478
2026-09-14T01:31:09.574956Z,intervals,intervals_by_session_key,"{""session_key"": 11364}",0,http_404,"{""detail"":""No results found.""}",0.458
2026-09-14T01:31:10.183425Z,position,position_by_session_key,"{""session_key"": 11364}",496,pass,,0.507
2026-09-14T01:31:10.803345Z,stints,stints_by_session_key,"{""session_key"": 11364}",67,pass,,0.518
2026-09-14T01:31:10.905525Z,pit,skip_non_race_like_session,"{""session_key"": 11364}",0,skipped_not_applicable,pit endpoint is only treated as required for race/sprint-like sessions,0.0
2026-09-14T01:31:11.545442Z,starting_grid,starting_grid_by_session_key,"{""session_key"": 11364}",0,http_404,"{""detail"":""No results found.""}",0.64
2026-09-14T01:31:12.088626Z,drivers,drivers_by_session_key,"{""session_key"": 11364}",22,pass,,0.442
2026-09-14T01:31:12.649587Z,team_radio,team_radio_by_session_key_opportunistic,"{""session_key"": 11364}",6,pass,,0.459
2026-09-14T01:31:13.217695Z,weather,weather_by_session_key,"{""session_key"": 11365}",78,pass,,0.466
2026-09-14T01:31:13.794462Z,race_control,race_control_by_session_key,"{""session_key"": 11365}",141,pass,,0.475
2026-09-14T01:31:14.344045Z,intervals,intervals_by_session_key,"{""session_key"": 11365}",0,http_404,"{""detail"":""No results found.""}",0.447
2026-09-14T01:31:15.081843Z,position,position_by_session_key,"{""session_key"": 11365}",953,pass,,0.636
2026-09-14T01:31:15.654050Z,stints,stints_by_session_key,"{""session_key"": 11365}",94,pass,,0.47
2026-09-14T01:31:15.756203Z,pit,skip_non_race_like_session,"{""session_key"": 11365}",0,skipped_not_applicable,pit endpoint is only treated as required for race/sprint-like sessions,0.0
2026-09-14T01:31:16.224486Z,starting_grid,starting_grid_by_session_key,"{""session_key"": 11365}",22,pass,,0.468
2026-09-14T01:31:16.957497Z,drivers,drivers_by_session_key,"{""session_key"": 11365}",22,pass,,0.631
2026-09-14T01:31:17.503852Z,team_radio,team_radio_by_session_key_opportunistic,"{""session_key"": 11365}",15,pass,,0.444
2026-09-14T01:31:18.456722Z,weather,weather_by_session_key,"{""session_key"": 11369}",161,pass,,0.851
2026-09-14T01:31:19.036101Z,race_control,race_control_by_session_key,"{""session_key"": 11369}",185,pass,,0.477
2026-09-14T01:31:21.533954Z,intervals,intervals_by_session_key,"{""session_key"": 11369}",26935,pass,,2.396
2026-09-14T01:31:22.103207Z,position,position_by_session_key,"{""session_key"": 11369}",0,http_429,"{""detail"":""Rate limit exceeded. Max 30 requests/minute."",""error"":""Too Many Requests""}",0.463
2026-09-14T01:31:22.823271Z,position,position_by_meeting_key_fallback,"{""meeting_key"": 1294}",0,http_429,"{""detail"":""Rate limit exceeded. Max 30 requests/minute."",""error"":""Too Many Requests""}",0.619
2026-09-14T01:31:23.433288Z,stints,stints_by_session_key,"{""session_key"": 11369}",0,http_429,"{""detail"":""Rate limit exceeded. Max 30 requests/minute."",""error"":""Too Many Requests""}",0.509
2026-09-14T01:31:23.991673Z,pit,pit_by_session_key,"{""session_key"": 11369}",0,http_429,"{""detail"":""Rate limit exceeded. Max 30 requests/minute."",""error"":""Too Many Requests""}",0.457
2026-09-14T01:31:25.307528Z,starting_grid,starting_grid_by_session_key,"{""session_key"": 11369}",0,http_429,"{""detail"":""Rate limit exceeded. Max 30 requests/minute."",""error"":""Too Many Requests""}",1.214
2026-09-14T01:31:25.871164Z,drivers,drivers_by_session_key,"{""session_key"": 11369}",0,http_429,"{""detail"":""Rate limit exceeded. Max 30 requests/minute."",""error"":""Too Many Requests""}",0.462
2026-09-14T01:31:26.462285Z,drivers,drivers_by_observed_driver_number,"{""driver_number"": 1, ""session_key"": 11369}",0,http_429,"{""detail"":""Rate limit exceeded. Max 30 requests/minute."",""error"":""Too Many Requests""}",0.461
2026-09-14T01:31:27.030431Z,drivers,drivers_by_observed_driver_number,"{""driver_number"": 3, ""session_key"": 11369}",0,http_429,"{""detail"":""Rate limit exceeded. Max 30 requests/minute."",""error"":""Too Many Requests""}",0.467
2026-09-14T01:31:27.585347Z,drivers,drivers_by_observed_driver_number,"{""driver_number"": 5, ""session_key"": 11369}",0,http_429,"{""detail"":""Rate limit exceeded. Max 30 requests/minute."",""error"":""Too Many Requests""}",0.453
2026-09-14T01:31:28.146991Z,drivers,drivers_by_observed_driver_number,"{""driver_number"": 6, ""session_key"": 11369}",0,http_429,"{""detail"":""Rate limit exceeded. Max 30 requests/minute."",""error"":""Too Many Requests""}",0.46
2026-09-14T01:31:28.704047Z,drivers,drivers_by_observed_driver_number,"{""driver_number"": 10, ""session_key"": 11369}",0,http_429,"{""detail"":""Rate limit exceeded. Max 30 requests/minute."",""error"":""Too Many Requests""}",0.456
2026-09-14T01:31:29.252699Z,drivers,drivers_by_observed_driver_number,"{""driver_number"": 11, ""session_key"": 11369}",0,http_429,"{""detail"":""Rate limit exceeded. Max 30 requests/minute."",""error"":""Too Many Requests""}",0.447
2026-09-14T01:31:29.795571Z,drivers,drivers_by_observed_driver_number,"{""driver_number"": 12, ""session_key"": 11369}",0,http_429,"{""detail"":""Rate limit exceeded. Max 30 requests/minute."",""error"":""Too Many Requests""}",0.442
2026-09-14T01:31:30.378786Z,drivers,drivers_by_observed_driver_number,"{""driver_number"": 14, ""session_key"": 11369}",0,http_429,"{""detail"":""Rate limit exceeded. Max 30 requests/minute."",""error"":""Too Many Requests""}",0.482
2026-09-14T01:31:30.921918Z,drivers,drivers_by_observed_driver_number,"{""driver_number"": 16, ""session_key"": 11369}",0,http_429,"{""detail"":""Rate limit exceeded. Max 30 requests/minute."",""error"":""Too Many Requests""}",0.442
2026-09-14T01:31:31.484463Z,drivers,drivers_by_observed_driver_number,"{""driver_number"": 18, ""session_key"": 11369}",0,http_429,"{""detail"":""Rate limit exceeded. Max 30 requests/minute."",""error"":""Too Many Requests""}",0.461
2026-09-14T01:31:32.042310Z,drivers,drivers_by_observed_driver_number,"{""driver_number"": 22, ""session_key"": 11369}",0,http_429,"{""detail"":""Rate limit exceeded. Max 30 requests/minute."",""error"":""Too Many Requests""}",0.456
2026-09-14T01:31:32.584345Z,drivers,drivers_by_observed_driver_number,"{""driver_number"": 23, ""session_key"": 11369}",0,http_429,"{""detail"":""Rate limit exceeded. Max 30 requests/minute."",""error"":""Too Many Requests""}",0.441
2026-09-14T01:31:33.441999Z,drivers,drivers_by_observed_driver_number,"{""driver_number"": 25, ""session_key"": 11369}",0,http_429,"{""detail"":""Rate limit exceeded. Max 30 requests/minute."",""error"":""Too Many Requests""}",0.756
2026-09-14T01:31:34.062047Z,drivers,drivers_by_observed_driver_number,"{""driver_number"": 27, ""session_key"": 11369}",0,http_429,"{""detail"":""Rate limit exceeded. Max 30 requests/minute."",""error"":""Too Many Requests""}",0.519
2026-09-14T01:31:34.614817Z,drivers,drivers_by_observed_driver_number,"{""driver_number"": 30, ""session_key"": 11369}",0,http_429,"{""detail"":""Rate limit exceeded. Max 30 requests/minute."",""error"":""Too Many Requests""}",0.451
2026-09-14T01:31:35.159902Z,drivers,drivers_by_observed_driver_number,"{""driver_number"": 31, ""session_key"": 11369}",0,http_429,"{""detail"":""Rate limit exceeded. Max 30 requests/minute."",""error"":""Too Many Requests""}",0.444
2026-09-14T01:31:35.704119Z,drivers,drivers_by_observed_driver_number,"{""driver_number"": 34, ""session_key"": 11369}",0,http_429,"{""detail"":""Rate limit exceeded. Max 30 requests/minute."",""error"":""Too Many Requests""}",0.443
2026-09-14T01:31:36.262305Z,drivers,drivers_by_observed_driver_number,"{""driver_number"": 36, ""session_key"": 11369}",0,http_429,"{""detail"":""Rate limit exceeded. Max 30 requests/minute."",""error"":""Too Many Requests""}",0.457
2026-09-14T01:31:36.806648Z,drivers,drivers_by_observed_driver_number,"{""driver_number"": 38, ""session_key"": 11369}",0,http_429,"{""detail"":""Rate limit exceeded. Max 30 requests/minute."",""error"":""Too Many Requests""}",0.443
2026-09-14T01:31:37.367091Z,drivers,drivers_by_observed_driver_number,"{""driver_number"": 41, ""session_key"": 11369}",0,http_429,"{""detail"":""Rate limit exceeded. Max 30 requests/minute."",""error"":""Too Many Requests""}",0.459
2026-09-14T01:31:37.928209Z,drivers,drivers_by_observed_driver_number,"{""driver_number"": 43, ""session_key"": 11369}",0,http_429,"{""detail"":""Rate limit exceeded. Max 30 requests/minute."",""error"":""Too Many Requests""}",0.46
2026-09-14T01:31:38.477123Z,drivers,drivers_by_observed_driver_number,"{""driver_number"": 44, ""session_key"": 11369}",0,http_429,"{""detail"":""Rate limit exceeded. Max 30 requests/minute."",""error"":""Too Many Requests""}",0.448
2026-09-14T01:31:39.024001Z,drivers,drivers_by_observed_driver_number,"{""driver_number"": 46, ""session_key"": 11369}",0,http_429,"{""detail"":""Rate limit exceeded. Max 30 requests/minute."",""error"":""Too Many Requests""}",0.445
2026-09-14T01:31:39.567568Z,drivers,drivers_by_observed_driver_number,"{""driver_number"": 50, ""session_key"": 11369}",0,http_429,"{""detail"":""Rate limit exceeded. Max 30 requests/minute."",""error"":""Too Many Requests""}",0.442
2026-09-14T01:31:40.133622Z,drivers,drivers_by_observed_driver_number,"{""driver_number"": 55, ""session_key"": 11369}",0,http_429,"{""detail"":""Rate limit exceeded. Max 30 requests/minute."",""error"":""Too Many Requests""}",0.465
2026-09-14T01:31:40.679758Z,drivers,drivers_by_observed_driver_number,"{""driver_number"": 61, ""session_key"": 11369}",0,http_429,"{""detail"":""Rate limit exceeded. Max 30 requests/minute."",""error"":""Too Many Requests""}",0.445
2026-09-14T01:31:41.241614Z,drivers,drivers_by_observed_driver_number,"{""driver_number"": 63, ""session_key"": 11369}",0,http_429,"{""detail"":""Rate limit exceeded. Max 30 requests/minute."",""error"":""Too Many Requests""}",0.46
2026-09-14T01:31:41.810400Z,drivers,drivers_by_observed_driver_number,"{""driver_number"": 67, ""session_key"": 11369}",0,http_429,"{""detail"":""Rate limit exceeded. Max 30 requests/minute."",""error"":""Too Many Requests""}",0.467
2026-09-14T01:31:42.344677Z,drivers,drivers_by_observed_driver_number,"{""driver_number"": 72, ""session_key"": 11369}",0,http_429,"{""detail"":""Rate limit exceeded. Max 30 requests/minute."",""error"":""Too Many Requests""}",0.433
2026-09-14T01:31:42.902958Z,drivers,drivers_by_observed_driver_number,"{""driver_number"": 77, ""session_key"": 11369}",0,http_429,"{""detail"":""Rate limit exceeded. Max 30 requests/minute."",""error"":""Too Many Requests""}",0.457
2026-09-14T01:31:43.442546Z,drivers,drivers_by_observed_driver_number,"{""driver_number"": 81, ""session_key"": 11369}",0,http_429,"{""detail"":""Rate limit exceeded. Max 30 requests/minute."",""error"":""Too Many Requests""}",0.438
2026-09-14T01:31:43.990236Z,drivers,drivers_by_observed_driver_number,"{""driver_number"": 87, ""session_key"": 11369}",0,http_429,"{""detail"":""Rate limit exceeded. Max 30 requests/minute."",""error"":""Too Many Requests""}",0.446
2026-09-14T01:31:44.538703Z,drivers,drivers_by_observed_driver_number,"{""driver_number"": 90, ""session_key"": 11369}",0,http_429,"{""detail"":""Rate limit exceeded. Max 30 requests/minute."",""error"":""Too Many Requests""}",0.447
2026-09-14T01:31:45.136051Z,drivers,drivers_by_observed_driver_number,"{""driver_number"": 97, ""session_key"": 11369}",0,http_429,"{""detail"":""Rate limit exceeded. Max 30 requests/minute."",""error"":""Too Many Requests""}",0.496
2026-09-14T01:31:45.692836Z,drivers,drivers_by_observed_driver_number,"{""driver_number"": 241, ""session_key"": 11369}",0,http_429,"{""detail"":""Rate limit exceeded. Max 30 requests/minute."",""error"":""Too Many Requests""}",0.455
2026-09-14T01:31:46.244105Z,drivers,drivers_by_observed_driver_number,"{""driver_number"": 243, ""session_key"": 11369}",0,http_429,"{""detail"":""Rate limit exceeded. Max 30 requests/minute."",""error"":""Too Many Requests""}",0.45
2026-09-14T01:31:46.790847Z,drivers,drivers_by_observed_driver_number,"{""driver_number"": 247, ""session_key"": 11369}",0,http_429,"{""detail"":""Rate limit exceeded. Max 30 requests/minute."",""error"":""Too Many Requests""}",0.445
2026-09-14T01:31:47.335984Z,team_radio,team_radio_by_session_key_opportunistic,"{""session_key"": 11369}",0,http_429,"{""detail"":""Rate limit exceeded. Max 30 requests/minute."",""error"":""Too Many Requests""}",0.443
