meeting_key,session_key,stint_number,driver_number,lap_start,lap_end,compound,tyre_age_at_start,source_closure_retrieved_utc
1304,11465,2,81,3,4,MEDIUM,2.0,2026-07-26T17:19:08.936005Z
1304,11465,3,81,5,5,MEDIUM,4.0,2026-07-26T17:19:08.936005Z
1304,11465,1,5,1,2,MEDIUM,0.0,2026-07-26T17:19:08.936005Z
1304,11465,4,81,6,6,MEDIUM,5.0,2026-07-26T17:19:08.936005Z
1304,11465,2,18,2,3,MEDIUM,1.0,2026-07-26T17:19:08.936005Z
1304,11465,2,55,4,5,HARD,3.0,2026-07-26T17:19:08.936005Z
1304,11465,3,55,6,6,HARD,5.0,2026-07-26T17:19:08.936005Z
1304,11465,4,55,7,7,HARD,6.0,2026-07-26T17:19:08.936005Z
1304,11465,2,5,3,4,MEDIUM,0.0,2026-07-26T17:19:08.936005Z
1304,11465,2,31,2,6,SOFT,0.0,2026-07-26T17:19:08.936005Z
1304,11465,3,5,5,6,MEDIUM,0.0,2026-07-26T17:19:08.936005Z
1304,11465,5,55,8,8,HARD,7.0,2026-07-26T17:19:08.936005Z
1304,11465,1,55,1,8,,,2026-07-26T17:19:08.936005Z
1304,11465,1,31,1,8,,,2026-07-26T17:19:08.936005Z
1304,11465,1,41,1,16,,,2026-07-26T17:19:08.936005Z
1304,11465,4,5,2,8,,6.0,2026-07-26T17:19:08.936005Z
1304,11465,5,81,7,7,MEDIUM,6.0,2026-07-26T17:19:08.936005Z
1304,11465,1,81,1,7,,,2026-07-26T17:19:08.936005Z
1304,11465,2,77,2,8,MEDIUM,0.0,2026-07-26T17:19:08.936005Z
1304,11465,1,77,1,8,,,2026-07-26T17:19:08.936005Z
1304,11465,1,3,1,11,,,2026-07-26T17:19:08.936005Z
1304,11465,1,44,1,10,,,2026-07-26T17:19:08.936005Z
1304,11465,2,44,4,10,MEDIUM,3.0,2026-07-26T17:19:08.936005Z
1304,11465,2,3,5,11,MEDIUM,0.0,2026-07-26T17:19:08.936005Z
1304,11465,3,31,9,11,,7.0,2026-07-26T17:19:08.936005Z
1304,11465,3,44,12,11,MEDIUM,10.0,2026-07-26T17:19:08.936005Z
1304,11465,6,55,9,10,SOFT,0.0,2026-07-26T17:19:08.936005Z
1304,11465,5,5,9,10,MEDIUM,6.0,2026-07-26T17:19:08.936005Z
1304,11465,1,18,1,5,,,2026-07-26T17:19:08.936005Z
1304,11465,3,18,4,5,MEDIUM,3.0,2026-07-26T17:19:08.936005Z
1304,11465,2,41,17,22,,16.0,2026-07-26T17:19:08.936005Z
1304,11465,6,5,11,12,MEDIUM,8.0,2026-07-26T17:19:08.936005Z
1304,11465,4,31,12,16,SOFT,10.0,2026-07-26T17:19:08.936005Z
1304,11465,3,77,9,13,MEDIUM,0.0,2026-07-26T17:19:08.936005Z
1304,11465,7,55,11,17,SOFT,2.0,2026-07-26T17:19:08.936005Z
1304,11465,1,63,1,9,,,2026-07-26T17:19:08.936005Z
1304,11465,3,3,13,16,MEDIUM,11.0,2026-07-26T17:19:08.936005Z
1304,11465,4,44,12,17,MEDIUM,11.0,2026-07-26T17:19:08.936005Z
1304,11465,1,43,1,16,HARD,0.0,2026-07-26T17:19:08.936005Z
1304,11465,7,5,13,17,MEDIUM,9.0,2026-07-26T17:19:08.936005Z
1304,11465,3,41,23,27,SOFT,0.0,2026-07-26T17:19:08.936005Z
1304,11465,6,81,8,11,MEDIUM,7.0,2026-07-26T17:19:08.936005Z
1304,11465,5,31,17,19,SOFT,15.0,2026-07-26T17:19:08.936005Z
1304,11465,4,18,7,13,MEDIUM,5.0,2026-07-26T17:19:08.936005Z
1304,11465,8,55,18,26,SOFT,9.0,2026-07-26T17:19:08.936005Z
1304,11465,4,77,14,15,MEDIUM,5.0,2026-07-26T17:19:08.936005Z
1304,11465,4,3,17,22,MEDIUM,16.0,2026-07-26T17:19:08.936005Z
1304,11465,6,31,20,25,SOFT,0.0,2026-07-26T17:19:08.936005Z
1304,11465,5,44,18,20,MEDIUM,17.0,2026-07-26T17:19:08.936005Z
1304,11465,9,55,27,32,SOFT,0.0,2026-07-26T17:19:08.936005Z
1304,11465,5,77,16,19,MEDIUM,8.0,2026-07-26T17:19:08.936005Z
1304,11465,6,44,21,24,SOFT,0.0,2026-07-26T17:19:08.936005Z
1304,11465,4,41,28,37,SOFT,0.0,2026-07-26T17:19:08.936005Z
1304,11465,8,5,18,18,MEDIUM,11.0,2026-07-26T17:19:08.936005Z
1304,11465,6,77,20,20,MEDIUM,9.0,2026-07-26T17:19:08.936005Z
1304,11465,5,18,14,20,MEDIUM,0.0,2026-07-26T17:19:08.936005Z
1304,11465,7,44,25,30,SOFT,3.0,2026-07-26T17:19:08.936005Z
1304,11465,7,31,26,28,SOFT,0.0,2026-07-26T17:19:08.936005Z
1304,11465,8,31,29,31,SOFT,0.0,2026-07-26T17:19:08.936005Z
1304,11465,2,63,31,31,HARD,9.0,2026-07-26T17:19:08.936005Z
1304,11465,3,63,10,18,HARD,0.0,2026-07-26T17:19:08.936005Z
1304,11465,4,63,19,21,SOFT,0.0,2026-07-26T17:19:08.936005Z
1304,11465,2,43,17,17,MEDIUM,0.0,2026-07-26T17:19:08.936005Z
1304,11465,7,81,12,25,MEDIUM,11.0,2026-07-26T17:19:08.936005Z
1304,11465,6,18,21,22,MEDIUM,0.0,2026-07-26T17:19:08.936005Z
1304,11465,5,41,38,39,SOFT,0.0,2026-07-26T17:19:08.936005Z
1304,11465,9,31,32,34,SOFT,0.0,2026-07-26T17:19:08.936005Z
1304,11465,10,55,33,43,SOFT,1.0,2026-07-26T17:19:08.936005Z
1304,11465,6,41,40,42,SOFT,0.0,2026-07-26T17:19:08.936005Z
1304,11465,7,77,21,25,MEDIUM,7.0,2026-07-26T17:19:08.936005Z
1304,11465,10,31,35,37,SOFT,0.0,2026-07-26T17:19:08.936005Z
1304,11465,8,77,26,28,HARD,0.0,2026-07-26T17:19:08.936005Z
1304,11465,3,43,18,27,MEDIUM,0.0,2026-07-26T17:19:08.936005Z
1304,11465,4,43,28,28,MEDIUM,0.0,2026-07-26T17:19:08.936005Z
1304,11465,11,55,44,50,SOFT,0.0,2026-07-26T17:19:08.936005Z
1304,11465,8,81,26,31,MEDIUM,0.0,2026-07-26T17:19:08.936005Z
1304,11465,9,5,19,24,MEDIUM,2.0,2026-07-26T17:19:08.936005Z
1304,11465,5,3,23,40,MEDIUM,0.0,2026-07-26T17:19:08.936005Z
1304,11465,7,18,23,29,MEDIUM,2.0,2026-07-26T17:19:08.936005Z
1304,11465,5,63,22,30,SOFT,0.0,2026-07-26T17:19:08.936005Z
1304,11465,11,31,38,38,INTERMEDIATE,0.0,2026-07-26T17:19:08.936005Z
1304,11465,10,5,25,25,SOFT,0.0,2026-07-26T17:19:08.936005Z
1304,11465,6,63,31,34,SOFT,0.0,2026-07-26T17:19:08.936005Z
1304,11465,8,44,31,31,SOFT,5.0,2026-07-26T17:19:08.936005Z
1304,11465,12,31,39,44,SOFT,0.0,2026-07-26T17:19:08.936005Z
1304,11465,7,41,43,57,SOFT,0.0,2026-07-26T17:19:08.936005Z
1304,11465,11,5,26,29,SOFT,1.0,2026-07-26T17:19:08.936005Z
1304,11465,9,81,32,39,SOFT,0.0,2026-07-26T17:19:08.936005Z
1304,11465,9,44,32,34,SOFT,11.0,2026-07-26T17:19:08.936005Z
1304,11465,8,41,58,60,SOFT,0.0,2026-07-26T17:19:08.936005Z
1304,11465,12,55,51,60,SOFT,7.0,2026-07-26T17:19:08.936005Z
1304,11465,8,18,30,30,MEDIUM,0.0,2026-07-26T17:19:08.936005Z
1304,11465,13,31,45,47,SOFT,0.0,2026-07-26T17:19:08.936005Z
1304,11465,9,77,29,40,HARD,3.0,2026-07-26T17:19:08.936005Z
1304,11465,10,44,35,40,SOFT,0.0,2026-07-26T17:19:08.936005Z
1304,11465,6,3,41,56,MEDIUM,0.0,2026-07-26T17:19:08.936005Z
1304,11465,7,63,35,43,SOFT,4.0,2026-07-26T17:19:08.936005Z
1304,11465,13,55,61,67,SOFT,0.0,2026-07-26T17:19:08.936005Z
1304,11465,10,77,41,43,HARD,0.0,2026-07-26T17:19:08.936005Z
1304,11465,10,81,40,48,SOFT,8.0,2026-07-26T17:19:08.936005Z
1304,11465,12,5,30,38,SOFT,0.0,2026-07-26T17:19:08.936005Z
1304,11465,7,3,57,59,MEDIUM,22.0,2026-07-26T17:19:08.936005Z
1304,11465,8,63,44,47,SOFT,0.0,2026-07-26T17:19:08.936005Z
1304,11465,11,77,44,49,HARD,0.0,2026-07-26T17:19:08.936005Z
1304,11465,11,81,49,54,MEDIUM,6.0,2026-07-26T17:19:08.936005Z
1304,11465,11,44,41,48,SOFT,6.0,2026-07-26T17:19:08.936005Z
1304,11465,8,3,60,62,MEDIUM,25.0,2026-07-26T17:19:08.936005Z
1304,11465,14,55,68,77,SOFT,0.0,2026-07-26T17:19:08.936005Z
1304,11465,13,44,52,52,SOFT,17.0,2026-07-26T17:19:08.936005Z
1304,11465,12,44,49,51,SOFT,14.0,2026-07-26T17:19:08.936005Z
1304,11465,9,63,48,56,SOFT,0.0,2026-07-26T17:19:08.936005Z
1304,11465,13,5,39,49,SOFT,0.0,2026-07-26T17:19:08.936005Z
1304,11465,9,41,61,75,SOFT,0.0,2026-07-26T17:19:08.936005Z
1304,11465,9,3,63,65,MEDIUM,28.0,2026-07-26T17:19:08.936005Z
1304,11465,14,31,48,64,SOFT,9.0,2026-07-26T17:19:08.936005Z
1304,11465,10,3,66,70,MEDIUM,0.0,2026-07-26T17:19:08.936005Z
1304,11465,1,1,1,2,MEDIUM,0.0,2026-07-26T17:19:08.936005Z
1304,11465,1,16,1,6,SOFT,0.0,2026-07-26T17:19:08.936005Z
1304,11465,9,18,31,33,MEDIUM,1.0,2026-07-26T17:19:08.936005Z
1304,11465,11,3,71,82,MEDIUM,0.0,2026-07-26T17:19:08.936005Z
1304,11465,1,23,1,4,SOFT,0.0,2026-07-26T17:19:08.936005Z
1304,11465,2,1,3,4,MEDIUM,0.0,2026-07-26T17:19:08.936005Z
1304,11465,10,18,34,36,MEDIUM,0.0,2026-07-26T17:19:08.936005Z
1304,11465,1,27,1,7,MEDIUM,0.0,2026-07-26T17:19:08.936005Z
1304,11465,3,1,5,6,MEDIUM,0.0,2026-07-26T17:19:08.936005Z
1304,11465,3,16,13,14,MEDIUM,0.0,2026-07-26T17:19:08.936005Z
1304,11465,2,16,7,12,MEDIUM,0.0,2026-07-26T17:19:08.936005Z
1304,11465,2,23,5,9,SOFT,0.0,2026-07-26T17:19:08.936005Z
1304,11465,4,16,15,20,MEDIUM,0.0,2026-07-26T17:19:08.936005Z
1304,11465,2,27,8,11,MEDIUM,0.0,2026-07-26T17:19:08.936005Z
1304,11465,4,1,7,8,MEDIUM,0.0,2026-07-26T17:19:08.936005Z
1304,11465,12,3,83,87,HARD,0.0,2026-07-26T17:19:08.936005Z
1304,11465,13,3,88,88,HARD,5.0,2026-07-26T17:19:08.936005Z
1304,11465,2,11,3,16,HARD,0.0,2026-07-26T17:19:08.936005Z
1304,11465,15,31,65,74,SOFT,9.0,2026-07-26T17:19:08.936005Z
1304,11465,5,16,21,22,MEDIUM,14.0,2026-07-26T17:19:08.936005Z
1304,11465,5,1,9,10,MEDIUM,8.0,2026-07-26T17:19:08.936005Z
1304,11465,3,23,10,19,SOFT,0.0,2026-07-26T17:19:08.936005Z
1304,11465,1,10,1,9,MEDIUM,0.0,2026-07-26T17:19:08.936005Z
1304,11465,3,27,12,13,MEDIUM,0.0,2026-07-26T17:19:08.936005Z
1304,11465,6,1,11,12,MEDIUM,10.0,2026-07-26T17:19:08.936005Z
1304,11465,4,23,20,21,SOFT,0.0,2026-07-26T17:19:08.936005Z
1304,11465,2,10,10,17,MEDIUM,0.0,2026-07-26T17:19:08.936005Z
1304,11465,6,16,23,26,MEDIUM,0.0,2026-07-26T17:19:08.936005Z
1304,11465,5,23,22,28,SOFT,2.0,2026-07-26T17:19:08.936005Z
1304,11465,7,1,13,15,MEDIUM,12.0,2026-07-26T17:19:08.936005Z
1304,11465,14,3,89,99,HARD,6.0,2026-07-26T17:19:08.936005Z
1304,11465,3,11,17,27,HARD,9.0,2026-07-26T17:19:08.936005Z
1304,11465,7,16,27,33,SOFT,0.0,2026-07-26T17:19:08.936005Z
1304,11465,3,10,18,21,MEDIUM,0.0,2026-07-26T17:19:08.936005Z
1304,11465,15,3,100,104,SOFT,0.0,2026-07-26T17:19:08.936005Z
1304,11465,4,27,14,27,MEDIUM,2.0,2026-07-26T17:19:08.936005Z
1304,11465,6,23,29,36,SOFT,0.0,2026-07-26T17:19:08.936005Z
1304,11465,4,10,22,23,MEDIUM,10.0,2026-07-26T17:19:08.936005Z
1304,11465,16,31,75,81,MEDIUM,0.0,2026-07-26T17:19:08.936005Z
1304,11465,7,23,37,40,SOFT,0.0,2026-07-26T17:19:08.936005Z
1304,11465,8,1,16,24,MEDIUM,0.0,2026-07-26T17:19:08.936005Z
1304,11465,5,10,24,25,MEDIUM,12.0,2026-07-26T17:19:08.936005Z
1304,11465,8,16,34,44,SOFT,7.0,2026-07-26T17:19:08.936005Z
1304,11465,17,31,82,89,MEDIUM,0.0,2026-07-26T17:19:08.936005Z
1304,11465,6,10,26,27,MEDIUM,12.0,2026-07-26T17:19:08.936005Z
1304,11465,9,16,45,49,SOFT,0.0,2026-07-26T17:19:08.936005Z
1304,11465,4,11,28,38,HARD,14.0,2026-07-26T17:19:08.936005Z
1304,11465,18,31,90,92,SOFT,0.0,2026-07-26T17:19:08.936005Z
1304,11465,1,12,1,1,HARD,0.0,2026-07-26T17:19:08.936005Z
1304,11465,9,1,25,29,MEDIUM,0.0,2026-07-26T17:19:08.936005Z
1304,11465,19,31,93,95,SOFT,3.0,2026-07-26T17:19:08.936005Z
1304,11465,10,1,30,30,SOFT,0.0,2026-07-26T17:19:08.936005Z
1304,11465,8,23,41,50,SOFT,0.0,2026-07-26T17:19:08.936005Z
1304,11465,5,11,39,41,MEDIUM,0.0,2026-07-26T17:19:08.936005Z
1304,11465,1,11,1,2,HARD,0.0,2026-07-26T17:19:08.936005Z
1304,11465,7,10,28,29,MEDIUM,14.0,2026-07-26T17:19:08.936005Z
1304,11465,16,3,105,116,SOFT,0.0,2026-07-26T17:19:08.936005Z
1304,11465,2,12,2,7,HARD,0.0,2026-07-26T17:19:08.936005Z
1304,11465,17,3,117,119,SOFT,0.0,2026-07-26T17:19:08.936005Z
1304,11465,20,31,96,98,SOFT,0.0,2026-07-26T17:19:08.936005Z
1304,11465,5,27,28,50,SOFT,0.0,2026-07-26T17:19:08.936005Z
1304,11465,9,23,51,55,SOFT,0.0,2026-07-26T17:19:08.936005Z
1304,11465,10,23,56,57,SOFT,0.0,2026-07-26T17:19:08.936005Z
1304,11465,6,27,51,53,SOFT,0.0,2026-07-26T17:19:08.936005Z
1304,11465,11,1,31,35,SOFT,1.0,2026-07-26T17:19:08.936005Z
1304,11465,8,10,30,35,SOFT,0.0,2026-07-26T17:19:08.936005Z
1304,11465,10,16,50,60,SOFT,5.0,2026-07-26T17:19:08.936005Z
1304,11465,11,16,61,65,SOFT,0.0,2026-07-26T17:19:08.936005Z
1304,11465,3,12,8,16,HARD,6.0,2026-07-26T17:19:08.936005Z
1304,11465,12,16,66,67,SOFT,5.0,2026-07-26T17:19:08.936005Z
1304,11465,12,1,36,46,MEDIUM,5.0,2026-07-26T17:19:08.936005Z
1304,11465,4,12,17,19,HARD,0.0,2026-07-26T17:19:08.936005Z
1304,11465,21,31,99,106,SOFT,0.0,2026-07-26T17:19:08.936005Z
1304,11465,9,10,36,40,SOFT,0.0,2026-07-26T17:19:08.936005Z
1304,11465,18,3,120,128,SOFT,3.0,2026-07-26T17:19:08.936005Z
1304,11465,6,11,42,53,MEDIUM,2.0,2026-07-26T17:19:08.936005Z
1304,11465,7,27,54,68,SOFT,0.0,2026-07-26T17:19:08.936005Z
1304,11465,11,23,58,67,SOFT,0.0,2026-07-26T17:19:08.936005Z
1304,11465,12,23,68,68,SOFT,19.0,2026-07-26T17:19:08.936005Z
1304,11465,22,31,107,111,SOFT,0.0,2026-07-26T17:19:08.936005Z
1304,11465,8,27,69,69,SOFT,0.0,2026-07-26T17:19:08.936005Z
1304,11465,7,11,54,55,HARD,25.0,2026-07-26T17:19:08.936005Z
1304,11465,9,27,70,70,SOFT,0.0,2026-07-26T17:19:08.936005Z
1304,11465,10,10,41,49,SOFT,0.0,2026-07-26T17:19:08.936005Z
1304,11465,23,31,112,115,SOFT,0.0,2026-07-26T17:19:08.936005Z
1304,11465,5,12,20,30,HARD,3.0,2026-07-26T17:19:08.936005Z
1304,11465,19,3,129,136,SOFT,0.0,2026-07-26T17:19:08.936005Z
1304,11465,10,27,71,73,SOFT,12.0,2026-07-26T17:19:08.936005Z
1304,11465,13,1,47,58,SOFT,6.0,2026-07-26T17:19:08.936005Z
1304,11465,8,11,56,58,HARD,27.0,2026-07-26T17:19:08.936005Z
1304,11465,13,16,68,80,SOFT,0.0,2026-07-26T17:19:08.936005Z
1304,11466,1,1,1,1,MEDIUM,0.0,2026-07-26T17:19:13.301007Z
1304,11466,1,87,1,1,SOFT,0.0,2026-07-26T17:19:13.301007Z
1304,11466,1,23,1,1,SOFT,17.0,2026-07-26T17:19:13.301007Z
1304,11466,1,10,1,5,HARD,0.0,2026-07-26T17:19:13.301007Z
1304,11466,1,12,1,2,UNKNOWN,0.0,2026-07-26T17:19:13.301007Z
1304,11466,2,12,3,3,SOFT,15.0,2026-07-26T17:19:13.301007Z
1304,11466,1,27,1,1,MEDIUM,0.0,2026-07-26T17:19:13.301007Z
1304,11466,2,23,2,2,UNKNOWN,0.0,2026-07-26T17:19:13.301007Z
1304,11466,1,16,1,5,SOFT,0.0,2026-07-26T17:19:13.301007Z
1304,11466,1,30,1,3,SOFT,15.0,2026-07-26T17:19:13.301007Z
1304,11466,2,27,2,3,MEDIUM,9.0,2026-07-26T17:19:13.301007Z
1304,11466,2,87,2,6,SOFT,8.0,2026-07-26T17:19:13.301007Z
1304,11466,2,10,6,11,HARD,0.0,2026-07-26T17:19:13.301007Z
1304,11466,3,87,7,9,SOFT,0.0,2026-07-26T17:19:13.301007Z
1304,11466,2,16,6,10,SOFT,25.0,2026-07-26T17:19:13.301007Z
1304,11466,3,27,4,5,MEDIUM,11.0,2026-07-26T17:19:13.301007Z
1304,11466,2,1,2,2,MEDIUM,12.0,2026-07-26T17:19:13.301007Z
1304,11466,4,87,10,12,SOFT,0.0,2026-07-26T17:19:13.301007Z
1304,11466,1,11,1,1,HARD,30.0,2026-07-26T17:19:13.301007Z
1304,11466,3,23,3,3,HARD,18.0,2026-07-26T17:19:13.301007Z
1304,11466,3,1,3,5,HARD,0.0,2026-07-26T17:19:13.301007Z
1304,11466,3,16,11,13,SOFT,30.0,2026-07-26T17:19:13.301007Z
1304,11466,5,87,13,15,SOFT,0.0,2026-07-26T17:19:13.301007Z
1304,11466,1,14,1,2,MEDIUM,0.0,2026-07-26T17:19:13.301007Z
1304,11466,4,27,6,7,MEDIUM,13.0,2026-07-26T17:19:13.301007Z
1304,11466,2,30,4,6,SOFT,18.0,2026-07-26T17:19:13.301007Z
1304,11466,4,23,4,11,SOFT,0.0,2026-07-26T17:19:13.301007Z
1304,11466,3,10,12,20,SOFT,0.0,2026-07-26T17:19:13.301007Z
1304,11466,5,27,8,9,MEDIUM,0.0,2026-07-26T17:19:13.301007Z
1304,11466,4,16,14,16,SOFT,33.0,2026-07-26T17:19:13.301007Z
1304,11466,6,87,16,16,SOFT,9.0,2026-07-26T17:19:13.301007Z
1304,11466,3,30,7,8,SOFT,0.0,2026-07-26T17:19:13.301007Z
1304,11466,5,16,17,19,SOFT,0.0,2026-07-26T17:19:13.301007Z
1304,11466,6,16,20,22,SOFT,3.0,2026-07-26T17:19:13.301007Z
1304,11466,6,27,10,11,MEDIUM,0.0,2026-07-26T17:19:13.301007Z
1304,11466,2,11,2,4,HARD,31.0,2026-07-26T17:19:13.301007Z
1304,11466,2,14,3,9,MEDIUM,7.0,2026-07-26T17:19:13.301007Z
1304,11466,7,87,17,21,SOFT,10.0,2026-07-26T17:19:13.301007Z
1304,11466,4,10,21,29,SOFT,0.0,2026-07-26T17:19:13.301007Z
1304,11466,4,1,6,17,HARD,3.0,2026-07-26T17:19:13.301007Z
1304,11466,7,27,12,13,MEDIUM,13.0,2026-07-26T17:19:13.301007Z
1304,11466,5,23,12,17,SOFT,0.0,2026-07-26T17:19:13.301007Z
1304,11466,6,23,18,18,SOFT,0.0,2026-07-26T17:19:13.301007Z
1304,11466,8,87,22,25,SOFT,0.0,2026-07-26T17:19:13.301007Z
1304,11466,7,16,23,27,SOFT,6.0,2026-07-26T17:19:13.301007Z
1304,11466,3,14,10,15,MEDIUM,4.0,2026-07-26T17:19:13.301007Z
1304,11466,7,23,19,23,SOFT,0.0,2026-07-26T17:19:13.301007Z
1304,11466,8,27,14,15,MEDIUM,15.0,2026-07-26T17:19:13.301007Z
1304,11466,8,16,28,32,SOFT,0.0,2026-07-26T17:19:13.301007Z
1304,11466,3,11,5,8,HARD,0.0,2026-07-26T17:19:13.301007Z
1304,11466,9,87,26,30,SOFT,19.0,2026-07-26T17:19:13.301007Z
1304,11466,4,30,9,11,SOFT,2.0,2026-07-26T17:19:13.301007Z
1304,11466,9,27,16,17,MEDIUM,0.0,2026-07-26T17:19:13.301007Z
1304,11466,10,27,18,19,MEDIUM,19.0,2026-07-26T17:19:13.301007Z
1304,11466,11,27,20,21,MEDIUM,0.0,2026-07-26T17:19:13.301007Z
1304,11466,5,10,30,38,SOFT,0.0,2026-07-26T17:19:13.301007Z
1304,11466,10,87,31,34,SOFT,0.0,2026-07-26T17:19:13.301007Z
1304,11466,9,16,33,37,SOFT,0.0,2026-07-26T17:19:13.301007Z
1304,11466,8,23,24,33,SOFT,0.0,2026-07-26T17:19:13.301007Z
1304,11466,4,14,16,26,MEDIUM,0.0,2026-07-26T17:19:13.301007Z
1304,11466,12,27,22,23,MEDIUM,0.0,2026-07-26T17:19:13.301007Z
1304,11466,5,1,18,32,HARD,0.0,2026-07-26T17:19:13.301007Z
1304,11466,6,10,39,46,SOFT,9.0,2026-07-26T17:19:13.301007Z
1304,11466,9,23,34,38,MEDIUM,0.0,2026-07-26T17:19:13.301007Z
1304,11466,5,30,12,21,SOFT,0.0,2026-07-26T17:19:13.301007Z
1304,11466,10,16,38,43,SOFT,0.0,2026-07-26T17:19:13.301007Z
1304,11466,11,87,35,38,SOFT,28.0,2026-07-26T17:19:13.301007Z
1304,11466,12,87,39,41,SOFT,0.0,2026-07-26T17:19:13.301007Z
1304,11466,6,30,22,26,SOFT,0.0,2026-07-26T17:19:13.301007Z
1304,11466,7,10,47,47,SOFT,17.0,2026-07-26T17:19:13.301007Z
1304,11466,4,11,9,20,HARD,0.0,2026-07-26T17:19:13.301007Z
1304,11466,13,87,42,44,SOFT,3.0,2026-07-26T17:19:13.301007Z
1304,11466,11,16,44,48,SOFT,6.0,2026-07-26T17:19:13.301007Z
1304,11466,13,27,24,34,MEDIUM,0.0,2026-07-26T17:19:13.301007Z
1304,11466,5,14,27,35,MEDIUM,0.0,2026-07-26T17:19:13.301007Z
1304,11466,8,10,48,55,SOFT,9.0,2026-07-26T17:19:13.301007Z
1304,11466,12,16,49,52,SOFT,0.0,2026-07-26T17:19:13.301007Z
1304,11466,10,23,39,48,MEDIUM,5.0,2026-07-26T17:19:13.301007Z
1304,11466,14,87,45,47,SOFT,0.0,2026-07-26T17:19:13.301007Z
1304,11466,6,1,33,49,MEDIUM,0.0,2026-07-26T17:19:13.301007Z
1304,11466,11,23,49,52,MEDIUM,0.0,2026-07-26T17:19:13.301007Z
1304,11466,5,11,21,28,MEDIUM,0.0,2026-07-26T17:19:13.301007Z
1304,11466,15,87,48,50,SOFT,7.0,2026-07-26T17:19:13.301007Z
1304,11466,7,30,27,35,SOFT,0.0,2026-07-26T17:19:13.301007Z
1304,11466,13,16,53,58,SOFT,4.0,2026-07-26T17:19:13.301007Z
1304,11466,12,23,53,62,MEDIUM,0.0,2026-07-26T17:19:13.301007Z
1304,11466,8,30,36,39,SOFT,0.0,2026-07-26T17:19:13.301007Z
1304,11466,9,10,56,56,SOFT,17.0,2026-07-26T17:19:13.301007Z
1304,11466,6,14,36,46,MEDIUM,0.0,2026-07-26T17:19:13.301007Z
1304,11466,7,1,50,64,MEDIUM,0.0,2026-07-26T17:19:13.301007Z
1304,11466,14,27,35,44,SOFT,0.0,2026-07-26T17:19:13.301007Z
1304,11466,16,87,51,53,SOFT,0.0,2026-07-26T17:19:13.301007Z
1304,11466,14,16,59,60,SOFT,0.0,2026-07-26T17:19:13.301007Z
1304,11466,6,11,29,42,SOFT,0.0,2026-07-26T17:19:13.301007Z
1304,11466,16,27,47,47,SOFT,10.0,2026-07-26T17:19:13.301007Z
1304,11466,15,27,45,46,MEDIUM,11.0,2026-07-26T17:19:13.301007Z
1304,11466,9,30,40,50,SOFT,0.0,2026-07-26T17:19:13.301007Z
1304,11466,10,10,57,60,SOFT,0.0,2026-07-26T17:19:13.301007Z
1304,11466,1,6,1,1,SOFT,0.0,2026-07-26T17:19:13.301007Z
1304,11466,17,87,54,55,SOFT,6.0,2026-07-26T17:19:13.301007Z
1304,11466,11,10,61,61,SOFT,13.0,2026-07-26T17:19:13.301007Z
1304,11466,12,10,62,62,MEDIUM,16.0,2026-07-26T17:19:13.301007Z
1304,11466,13,10,63,63,MEDIUM,0.0,2026-07-26T17:19:13.301007Z
1304,11466,18,87,56,61,SOFT,0.0,2026-07-26T17:19:13.301007Z
1304,11466,1,41,1,1,SOFT,0.0,2026-07-26T17:19:13.301007Z
1304,11466,7,14,47,55,HARD,0.0,2026-07-26T17:19:13.301007Z
1304,11466,19,87,62,62,SOFT,0.0,2026-07-26T17:19:13.301007Z
1304,11466,8,1,65,66,MEDIUM,0.0,2026-07-26T17:19:13.301007Z
1304,11466,14,10,64,65,MEDIUM,16.0,2026-07-26T17:19:13.301007Z
1304,11466,2,6,2,7,SOFT,0.0,2026-07-26T17:19:13.301007Z
1304,11466,15,10,66,66,MEDIUM,0.0,2026-07-26T17:19:13.301007Z
1304,11466,8,14,56,57,MEDIUM,11.0,2026-07-26T17:19:13.301007Z
1304,11466,3,6,8,8,MEDIUM,0.0,2026-07-26T17:19:13.301007Z
1304,11466,15,16,61,62,SOFT,11.0,2026-07-26T17:19:13.301007Z
1304,11466,1,77,1,1,MEDIUM,8.0,2026-07-26T17:19:13.301007Z
1304,11466,2,77,2,2,MEDIUM,9.0,2026-07-26T17:19:13.301007Z
1304,11466,2,41,2,10,SOFT,0.0,2026-07-26T17:19:13.301007Z
1304,11466,16,16,63,67,SOFT,2.0,2026-07-26T17:19:13.301007Z
1304,11466,9,14,58,62,MEDIUM,13.0,2026-07-26T17:19:13.301007Z
1304,11466,3,41,11,11,SOFT,0.0,2026-07-26T17:19:13.301007Z
1304,11466,1,5,1,7,MEDIUM,0.0,2026-07-26T17:19:13.301007Z
1304,11466,1,55,1,1,HARD,0.0,2026-07-26T17:19:13.301007Z
1304,11466,3,77,3,3,MEDIUM,10.0,2026-07-26T17:19:13.301007Z
1304,11466,9,1,67,76,MEDIUM,0.0,2026-07-26T17:19:13.301007Z
1304,11466,20,87,63,76,SOFT,0.0,2026-07-26T17:19:13.301007Z
1304,11466,4,77,4,4,SOFT,0.0,2026-07-26T17:19:13.301007Z
1304,11466,4,6,9,25,MEDIUM,0.0,2026-07-26T17:19:13.301007Z
1304,11466,10,14,63,65,MEDIUM,18.0,2026-07-26T17:19:13.301007Z
1304,11466,2,5,8,10,SOFT,0.0,2026-07-26T17:19:13.301007Z
1304,11466,16,10,67,81,MEDIUM,0.0,2026-07-26T17:19:13.301007Z
1304,11466,17,16,68,72,SOFT,0.0,2026-07-26T17:19:13.301007Z
1304,11466,10,1,77,81,SOFT,0.0,2026-07-26T17:19:13.301007Z
1304,11466,3,5,11,15,HARD,0.0,2026-07-26T17:19:13.301007Z
1304,11466,2,63,5,7,SOFT,0.0,2026-07-26T17:19:13.301007Z
1304,11466,4,41,12,26,HARD,0.0,2026-07-26T17:19:13.301007Z
1304,11466,17,10,82,92,SOFT,0.0,2026-07-26T17:19:13.301007Z
1304,11466,5,77,5,17,SOFT,1.0,2026-07-26T17:19:13.301007Z
1304,11466,4,5,16,21,HARD,5.0,2026-07-26T17:19:13.301007Z
1304,11466,11,1,82,84,SOFT,0.0,2026-07-26T17:19:13.301007Z
1304,11466,21,87,77,89,HARD,0.0,2026-07-26T17:19:13.301007Z
1304,11466,3,63,8,13,SOFT,0.0,2026-07-26T17:19:13.301007Z
1304,11466,12,1,85,85,SOFT,0.0,2026-07-26T17:19:13.301007Z
1304,11466,11,14,66,75,MEDIUM,0.0,2026-07-26T17:19:13.301007Z
1304,11466,2,55,2,19,HARD,0.0,2026-07-26T17:19:13.301007Z
1304,11466,5,6,26,39,MEDIUM,0.0,2026-07-26T17:19:13.301007Z
1304,11466,4,63,14,15,SOFT,0.0,2026-07-26T17:19:13.301007Z
1304,11466,18,10,93,97,SOFT,11.0,2026-07-26T17:19:13.301007Z
1304,11466,5,63,16,16,SOFT,0.0,2026-07-26T17:19:13.301007Z
1304,11466,13,1,86,88,SOFT,0.0,2026-07-26T17:19:13.301007Z
1304,11466,3,55,20,21,HARD,10.0,2026-07-26T17:19:13.301007Z
1304,11466,6,6,40,41,MEDIUM,0.0,2026-07-26T17:19:13.301007Z
1304,11466,22,87,90,92,HARD,0.0,2026-07-26T17:19:13.301007Z
1304,11466,5,5,22,25,MEDIUM,0.0,2026-07-26T17:19:13.301007Z
1304,11466,6,77,18,22,MEDIUM,0.0,2026-07-26T17:19:13.301007Z
1304,11466,5,41,27,32,HARD,0.0,2026-07-26T17:19:13.301007Z
1304,11466,6,41,33,37,HARD,0.0,2026-07-26T17:19:13.301007Z
1304,11466,18,16,73,80,SOFT,0.0,2026-07-26T17:19:13.301007Z
1304,11466,12,14,76,77,MEDIUM,0.0,2026-07-26T17:19:13.301007Z
1304,11466,19,16,81,81,SOFT,0.0,2026-07-26T17:19:13.301007Z
1304,11466,7,6,42,45,MEDIUM,16.0,2026-07-26T17:19:13.301007Z
1304,11466,14,1,89,95,SOFT,0.0,2026-07-26T17:19:13.301007Z
1304,11466,4,55,22,26,HARD,12.0,2026-07-26T17:19:13.301007Z
1304,11466,7,41,38,47,HARD,0.0,2026-07-26T17:19:13.301007Z
1304,11466,5,55,27,33,SOFT,0.0,2026-07-26T17:19:13.301007Z
1304,11466,6,5,26,35,MEDIUM,0.0,2026-07-26T17:19:13.301007Z
1304,11466,6,63,17,26,SOFT,0.0,2026-07-26T17:19:13.301007Z
1304,11466,24,87,118,118,SOFT,5.0,2026-07-26T17:19:13.301007Z
1304,11466,15,1,96,135,HARD,0.0,2026-07-26T17:19:13.301007Z
1304,11466,8,5,56,56,SOFT,14.0,2026-07-26T17:19:13.301007Z
1304,11466,13,14,78,93,MEDIUM,0.0,2026-07-26T17:19:13.301007Z
1304,11466,9,63,49,49,SOFT,3.0,2026-07-26T17:19:13.301007Z
1304,11466,7,55,56,56,SOFT,6.0,2026-07-26T17:19:13.301007Z
1304,11466,8,6,46,74,HARD,0.0,2026-07-26T17:19:13.301007Z
1304,11466,8,77,52,52,HARD,5.0,2026-07-26T17:19:13.301007Z
1304,11466,23,87,93,117,HARD,3.0,2026-07-26T17:19:13.301007Z
1304,11466,16,14,96,96,MEDIUM,6.0,2026-07-26T17:19:13.301007Z
1304,11466,7,5,36,55,SOFT,0.0,2026-07-26T17:19:13.301007Z
1304,11466,26,87,120,120,SOFT,7.0,2026-07-26T17:19:13.301007Z
1304,11466,7,77,23,51,MEDIUM,5.0,2026-07-26T17:19:13.301007Z
1304,11466,6,55,34,55,SOFT,7.0,2026-07-26T17:19:13.301007Z
1304,11466,20,16,82,124,SOFT,1.0,2026-07-26T17:19:13.301007Z
1304,11466,10,6,76,76,SOFT,5.0,2026-07-26T17:19:13.301007Z
1304,11466,17,14,97,97,MEDIUM,10.0,2026-07-26T17:19:13.301007Z
1304,11466,8,63,48,48,SOFT,15.0,2026-07-26T17:19:13.301007Z
1304,11466,15,14,95,95,MEDIUM,3.0,2026-07-26T17:19:13.301007Z
1304,11466,25,87,119,119,SOFT,3.0,2026-07-26T17:19:13.301007Z
1304,11466,16,1,136,136,MEDIUM,17.0,2026-07-26T17:19:13.301007Z
1304,11466,9,5,57,57,SOFT,4.0,2026-07-26T17:19:13.301007Z
1304,11466,1,63,1,4,SOFT,0.0,2026-07-26T17:19:13.301007Z
1304,11466,9,6,76,76,SOFT,3.0,2026-07-26T17:19:13.301007Z
1304,11466,7,63,27,47,SOFT,0.0,2026-07-26T17:19:13.301007Z
1304,11466,14,14,94,94,MEDIUM,1.0,2026-07-26T17:19:13.301007Z
1304,11466,21,16,125,125,MEDIUM,19.0,2026-07-26T17:19:13.301007Z
1304,11466,8,41,48,69,HARD,0.0,2026-07-26T17:19:13.301007Z
1304,11466,27,87,121,118,SOFT,8.0,2026-07-26T17:19:13.301007Z
1304,11466,8,55,57,56,SOFT,15.0,2026-07-26T17:19:13.301007Z
1304,11466,9,41,70,72,SOFT,0.0,2026-07-26T17:19:13.301007Z
1304,11466,10,5,58,56,SOFT,7.0,2026-07-26T17:19:13.301007Z
1304,11466,10,63,50,54,SOFT,6.0,2026-07-26T17:19:13.301007Z
1304,11466,11,6,75,75,SOFT,9.0,2026-07-26T17:19:13.301007Z
1304,11466,18,14,98,94,SOFT,3.0,2026-07-26T17:19:13.301007Z
1304,11466,10,41,73,76,SOFT,0.0,2026-07-26T17:19:13.301007Z
1304,11466,19,14,95,98,SOFT,0.0,2026-07-26T17:19:13.301007Z
1304,11466,28,87,119,125,SOFT,8.0,2026-07-26T17:19:13.301007Z
1304,11466,17,1,137,144,SOFT,6.0,2026-07-26T17:19:13.301007Z
1304,11466,11,41,77,79,SOFT,0.0,2026-07-26T17:19:13.301007Z
1304,11466,22,16,126,139,HARD,5.0,2026-07-26T17:19:13.301007Z
1304,11466,9,77,53,62,HARD,10.0,2026-07-26T17:19:13.301007Z
1304,11466,29,87,126,126,SOFT,0.0,2026-07-26T17:19:13.301007Z
1304,11466,18,1,145,145,SOFT,11.0,2026-07-26T17:19:13.301007Z
1304,11466,11,5,57,64,SOFT,0.0,2026-07-26T17:19:13.301007Z
1304,11466,19,1,146,146,MEDIUM,17.0,2026-07-26T17:19:13.301007Z
1304,11466,30,87,127,127,SOFT,0.0,2026-07-26T17:19:13.301007Z
1304,11466,12,5,65,65,SOFT,14.0,2026-07-26T17:19:13.301007Z
1304,11466,9,55,57,69,SOFT,0.0,2026-07-26T17:19:13.301007Z
1304,11466,20,1,147,147,HARD,0.0,2026-07-26T17:19:13.301007Z
1304,11466,12,41,80,81,SOFT,0.0,2026-07-26T17:19:13.301007Z
1304,11466,13,5,66,66,SOFT,8.0,2026-07-26T17:19:13.301007Z
1304,11466,14,5,67,67,SOFT,0.0,2026-07-26T17:19:13.301007Z
1304,11466,13,41,82,82,SOFT,0.0,2026-07-26T17:19:13.301007Z
1304,11466,14,41,83,83,SOFT,0.0,2026-07-26T17:19:13.301007Z
1304,11466,12,6,76,87,SOFT,0.0,2026-07-26T17:19:13.301007Z
1304,11466,21,1,148,149,SOFT,0.0,2026-07-26T17:19:13.301007Z
1304,11466,31,87,128,130,SOFT,13.0,2026-07-26T17:19:13.301007Z
1304,11466,10,77,63,67,SOFT,0.0,2026-07-26T17:19:13.301007Z
1304,11466,23,16,140,140,SOFT,10.0,2026-07-26T17:19:13.301007Z
1304,11466,13,6,88,88,SOFT,12.0,2026-07-26T17:19:13.301007Z
1304,11466,15,41,84,84,SOFT,4.0,2026-07-26T17:19:13.301007Z
1304,11466,11,77,68,68,SOFT,5.0,2026-07-26T17:19:13.301007Z
1304,11466,32,87,131,131,SOFT,14.0,2026-07-26T17:19:13.301007Z
1304,11466,22,1,150,150,MEDIUM,11.0,2026-07-26T17:19:13.301007Z
1304,11466,15,5,68,68,SOFT,8.0,2026-07-26T17:19:13.301007Z
1304,11466,10,55,70,70,SOFT,13.0,2026-07-26T17:19:13.301007Z
1304,11467,2,87,6,6,,,2026-07-26T17:19:17.762953Z
1304,11467,1,77,1,3,SOFT,7.0,2026-07-26T17:19:17.762953Z
1304,11467,2,44,8,8,,,2026-07-26T17:19:17.762953Z
1304,11467,2,3,8,10,,4.0,2026-07-26T17:19:17.762953Z
1304,11467,2,18,6,6,,,2026-07-26T17:19:17.762953Z
1304,11467,4,55,14,17,,1.0,2026-07-26T17:19:17.762953Z
1304,11467,3,77,4,7,,1.0,2026-07-26T17:19:17.762953Z
1304,11467,3,43,5,10,,1.0,2026-07-26T17:19:17.762953Z
1304,11467,4,43,11,12,MEDIUM,7.0,2026-07-26T17:19:17.762953Z
1304,11467,3,87,7,9,SOFT,9.0,2026-07-26T17:19:17.762953Z
1304,11467,3,44,9,13,SOFT,15.0,2026-07-26T17:19:17.762953Z
1304,11467,3,30,14,21,,2.0,2026-07-26T17:19:17.762953Z
1304,11467,5,5,10,12,,16.0,2026-07-26T17:19:17.762953Z
1304,11467,3,3,11,14,SOFT,6.0,2026-07-26T17:19:17.762953Z
1304,11467,3,18,7,10,MEDIUM,6.0,2026-07-26T17:19:17.762953Z
1304,11467,1,3,1,26,,,2026-07-26T17:19:17.762953Z
1304,11467,1,55,1,40,,,2026-07-26T17:19:17.762953Z
1304,11467,1,30,1,37,,,2026-07-26T17:19:17.762953Z
1304,11467,6,3,27,28,SOFT,0.0,2026-07-26T17:19:17.762953Z
1304,11467,1,81,1,25,,,2026-07-26T17:19:17.762953Z
1304,11467,1,44,1,30,,,2026-07-26T17:19:17.762953Z
1304,11467,1,5,1,26,,,2026-07-26T17:19:17.762953Z
1304,11467,1,87,1,21,,,2026-07-26T17:19:17.762953Z
1304,11467,1,18,1,24,,,2026-07-26T17:19:17.762953Z
1304,11467,1,63,1,38,,,2026-07-26T17:19:17.762953Z
1304,11467,1,43,1,34,,,2026-07-26T17:19:17.762953Z
1304,11467,8,87,22,24,SOFT,0.0,2026-07-26T17:19:17.762953Z
1304,11467,6,30,38,50,MEDIUM,0.0,2026-07-26T17:19:17.762953Z
1304,11467,8,44,31,34,SOFT,4.0,2026-07-26T17:19:17.762953Z
1304,11467,9,87,25,27,SOFT,3.0,2026-07-26T17:19:17.762953Z
1304,11467,7,81,26,37,HARD,0.0,2026-07-26T17:19:17.762953Z
1304,11467,8,5,27,33,HARD,0.0,2026-07-26T17:19:17.762953Z
1304,11467,9,44,35,37,SOFT,0.0,2026-07-26T17:19:17.762953Z
1304,11467,8,55,41,50,MEDIUM,5.0,2026-07-26T17:19:17.762953Z
1304,11467,7,30,51,50,MEDIUM,5.0,2026-07-26T17:19:17.762953Z
1304,11467,10,44,38,41,SOFT,3.0,2026-07-26T17:19:17.762953Z
1304,11467,7,18,25,29,SOFT,0.0,2026-07-26T17:19:17.762953Z
1304,11467,10,87,28,27,SOFT,5.0,2026-07-26T17:19:17.762953Z
1304,11467,8,18,30,30,SOFT,5.0,2026-07-26T17:19:17.762953Z
1304,11467,8,81,38,40,HARD,12.0,2026-07-26T17:19:17.762953Z
1304,11467,5,77,2,9,SOFT,7.0,2026-07-26T17:19:17.762953Z
1304,11467,11,87,28,29,SOFT,6.0,2026-07-26T17:19:17.762953Z
1304,11467,11,44,42,41,SOFT,6.0,2026-07-26T17:19:17.762953Z
1304,11467,8,30,51,54,MEDIUM,0.0,2026-07-26T17:19:17.762953Z
1304,11467,8,63,39,57,MEDIUM,0.0,2026-07-26T17:19:17.762953Z
1304,11467,6,77,10,11,SOFT,8.0,2026-07-26T17:19:17.762953Z
1304,11467,8,43,35,43,SOFT,0.0,2026-07-26T17:19:17.762953Z
1304,11467,9,55,51,53,HARD,17.0,2026-07-26T17:19:17.762953Z
1304,11467,7,77,12,11,SOFT,9.0,2026-07-26T17:19:17.762953Z
1304,11467,12,87,30,38,SOFT,7.0,2026-07-26T17:19:17.762953Z
1304,11467,7,3,29,41,SOFT,2.0,2026-07-26T17:19:17.762953Z
1304,11467,9,43,44,50,SOFT,9.0,2026-07-26T17:19:17.762953Z
1304,11467,10,55,54,56,HARD,20.0,2026-07-26T17:19:17.762953Z
1304,11467,10,5,44,45,HARD,7.0,2026-07-26T17:19:17.762953Z
1304,11467,12,44,42,50,SOFT,7.0,2026-07-26T17:19:17.762953Z
1304,11467,5,18,43,43,,3.0,2026-07-26T17:19:17.762953Z
1304,11467,5,63,77,77,,3.0,2026-07-26T17:19:17.762953Z
1304,11467,6,44,52,52,,13.0,2026-07-26T17:19:17.762953Z
1304,11467,4,87,45,45,,3.0,2026-07-26T17:19:17.762953Z
1304,11467,6,5,48,48,,7.0,2026-07-26T17:19:17.762953Z
1304,11467,7,87,45,45,,6.0,2026-07-26T17:19:17.762953Z
1304,11467,4,77,23,23,,6.0,2026-07-26T17:19:17.762953Z
1304,11467,4,63,77,77,,4.0,2026-07-26T17:19:17.762953Z
1304,11467,4,18,43,43,,14.0,2026-07-26T17:19:17.762953Z
1304,11467,5,3,49,49,,12.0,2026-07-26T17:19:17.762953Z
1304,11467,7,43,55,55,,8.0,2026-07-26T17:19:17.762953Z
1304,11467,7,63,77,77,,23.0,2026-07-26T17:19:17.762953Z
1304,11467,6,81,56,56,,15.0,2026-07-26T17:19:17.762953Z
1304,11467,5,55,60,60,,7.0,2026-07-26T17:19:17.762953Z
1304,11467,6,87,45,45,,3.0,2026-07-26T17:19:17.762953Z
1304,11467,5,44,52,52,,7.0,2026-07-26T17:19:17.762953Z
1304,11467,5,30,66,66,,16.0,2026-07-26T17:19:17.762953Z
1304,11467,7,44,52,52,,4.0,2026-07-26T17:19:17.762953Z
1304,11467,4,3,49,49,,3.0,2026-07-26T17:19:17.762953Z
1304,11467,5,81,56,56,,10.0,2026-07-26T17:19:17.762953Z
1304,11467,6,63,77,77,,5.0,2026-07-26T17:19:17.762953Z
1304,11467,4,44,52,52,,3.0,2026-07-26T17:19:17.762953Z
1304,11467,4,30,66,66,,4.0,2026-07-26T17:19:17.762953Z
1304,11467,7,55,60,60,,16.0,2026-07-26T17:19:17.762953Z
1304,11467,7,5,48,48,,7.0,2026-07-26T17:19:17.762953Z
1304,11467,5,87,45,45,,6.0,2026-07-26T17:19:17.762953Z
1304,11467,6,43,55,55,,9.0,2026-07-26T17:19:17.762953Z
1304,11467,5,43,55,55,,14.0,2026-07-26T17:19:17.762953Z
1304,11467,6,18,43,43,,10.0,2026-07-26T17:19:17.762953Z
1304,11467,6,55,60,60,,6.0,2026-07-26T17:19:17.762953Z
1304,11467,9,5,34,43,HARD,7.0,2026-07-26T17:19:17.762953Z
1304,11467,13,87,39,44,HARD,0.0,2026-07-26T17:19:17.762953Z
1304,11467,9,63,58,78,HARD,0.0,2026-07-26T17:19:17.762953Z
1304,11467,9,18,31,42,SOFT,6.0,2026-07-26T17:19:17.762953Z
1304,11467,9,81,41,55,MEDIUM,0.0,2026-07-26T17:19:17.762953Z
1304,11467,10,18,43,43,MEDIUM,0.0,2026-07-26T17:19:17.762953Z
1304,11467,11,55,57,59,HARD,23.0,2026-07-26T17:19:17.762953Z
1304,11467,8,3,42,51,SOFT,0.0,2026-07-26T17:19:17.762953Z
1304,11467,9,30,55,65,MEDIUM,4.0,2026-07-26T17:19:17.762953Z
1304,11467,10,43,51,57,SOFT,8.0,2026-07-26T17:19:17.762953Z
1304,11467,13,44,51,55,SOFT,13.0,2026-07-26T17:19:17.762953Z
1304,11467,8,77,12,22,MEDIUM,0.0,2026-07-26T17:19:17.762953Z
1304,11467,9,3,52,54,SOFT,0.0,2026-07-26T17:19:17.762953Z
1304,11467,11,5,46,52,HARD,11.0,2026-07-26T17:19:17.762953Z
1304,11467,14,87,45,54,HARD,0.0,2026-07-26T17:19:17.762953Z
1304,11467,14,44,56,58,SOFT,0.0,2026-07-26T17:19:17.762953Z
1304,11467,10,30,66,69,MEDIUM,0.0,2026-07-26T17:19:17.762953Z
1304,11467,12,55,60,62,HARD,26.0,2026-07-26T17:19:17.762953Z
1304,11467,12,5,53,55,SOFT,0.0,2026-07-26T17:19:17.762953Z
1304,11467,10,3,55,61,SOFT,0.0,2026-07-26T17:19:17.762953Z
1304,11467,11,18,44,52,MEDIUM,1.0,2026-07-26T17:19:17.762953Z
1304,11467,13,5,56,58,SOFT,3.0,2026-07-26T17:19:17.762953Z
1304,11467,15,44,59,65,SOFT,3.0,2026-07-26T17:19:17.762953Z
1304,11467,13,55,63,65,HARD,29.0,2026-07-26T17:19:17.762953Z
1304,11467,14,5,59,60,SOFT,6.0,2026-07-26T17:19:17.762953Z
1304,11467,9,77,23,37,MEDIUM,0.0,2026-07-26T17:19:17.762953Z
1304,11467,10,81,56,70,MEDIUM,0.0,2026-07-26T17:19:17.762953Z
1304,11467,14,55,66,68,HARD,0.0,2026-07-26T17:19:17.762953Z
1304,11467,15,87,55,70,MEDIUM,0.0,2026-07-26T17:19:17.762953Z
1304,11467,11,43,58,64,SOFT,0.0,2026-07-26T17:19:17.762953Z
1304,11467,12,43,65,65,HARD,11.0,2026-07-26T17:19:17.762953Z
1304,11467,13,43,66,66,HARD,0.0,2026-07-26T17:19:17.762953Z
1304,11467,11,30,70,84,MEDIUM,4.0,2026-07-26T17:19:17.762953Z
1304,11467,12,18,53,54,SOFT,10.0,2026-07-26T17:19:17.762953Z
1304,11467,1,6,1,2,MEDIUM,0.0,2026-07-26T17:19:17.762953Z
1304,11467,12,30,85,87,SOFT,0.0,2026-07-26T17:19:17.762953Z
1304,11467,11,81,71,73,SOFT,0.0,2026-07-26T17:19:17.762953Z
1304,11467,1,11,1,1,SOFT,10.0,2026-07-26T17:19:17.762953Z
1304,11467,16,44,66,69,SOFT,10.0,2026-07-26T17:19:17.762953Z
1304,11467,2,11,2,2,SOFT,11.0,2026-07-26T17:19:17.762953Z
1304,11467,14,43,67,67,HARD,0.0,2026-07-26T17:19:17.762953Z
1304,11467,15,43,68,68,HARD,0.0,2026-07-26T17:19:17.762953Z
1304,11467,17,44,70,72,SOFT,20.0,2026-07-26T17:19:17.762953Z
1304,11467,13,18,55,58,MEDIUM,14.0,2026-07-26T17:19:17.762953Z
1304,11467,13,30,88,96,SOFT,3.0,2026-07-26T17:19:17.762953Z
1304,11467,18,44,73,75,SOFT,0.0,2026-07-26T17:19:17.762953Z
1304,11467,14,30,97,99,SOFT,0.0,2026-07-26T17:19:17.762953Z
1304,11467,19,44,76,77,SOFT,3.0,2026-07-26T17:19:17.762953Z
1304,11467,1,31,1,8,SOFT,0.0,2026-07-26T17:19:17.762953Z
1304,11467,1,23,1,1,HARD,0.0,2026-07-26T17:19:17.762953Z
1304,11467,3,11,3,3,SOFT,12.0,2026-07-26T17:19:17.762953Z
1304,11467,2,31,9,9,SOFT,6.0,2026-07-26T17:19:17.762953Z
1304,11467,4,11,4,4,SOFT,0.0,2026-07-26T17:19:17.762953Z
1304,11467,1,27,1,5,HARD,0.0,2026-07-26T17:19:17.762953Z
1304,11467,12,81,74,81,MEDIUM,0.0,2026-07-26T17:19:17.762953Z
1304,11467,13,81,82,84,SOFT,0.0,2026-07-26T17:19:17.762953Z
1304,11467,2,6,3,11,MEDIUM,2.0,2026-07-26T17:19:17.762953Z
1304,11467,20,44,78,78,SOFT,0.0,2026-07-26T17:19:17.762953Z
1304,11467,21,44,79,80,SOFT,0.0,2026-07-26T17:19:17.762953Z
1304,11467,3,6,12,14,MEDIUM,0.0,2026-07-26T17:19:17.762953Z
1304,11467,3,31,10,21,SOFT,7.0,2026-07-26T17:19:17.762953Z
1304,11467,15,30,100,106,SOFT,0.0,2026-07-26T17:19:17.762953Z
1304,11467,16,43,69,89,HARD,0.0,2026-07-26T17:19:17.762953Z
1304,11467,14,81,85,90,SOFT,0.0,2026-07-26T17:19:17.762953Z
1304,11467,2,23,2,20,HARD,0.0,2026-07-26T17:19:17.762953Z
1304,11467,16,30,107,109,SOFT,0.0,2026-07-26T17:19:17.762953Z
1304,11467,22,44,81,81,SOFT,0.0,2026-07-26T17:19:17.762953Z
1304,11467,2,27,6,17,MEDIUM,0.0,2026-07-26T17:19:17.762953Z
1304,11467,15,81,91,93,SOFT,0.0,2026-07-26T17:19:17.762953Z
1304,11467,4,6,15,22,MEDIUM,3.0,2026-07-26T17:19:17.762953Z
1304,11467,4,31,22,35,MEDIUM,0.0,2026-07-26T17:19:17.762953Z
1304,11467,5,6,23,25,SOFT,0.0,2026-07-26T17:19:17.762953Z
1304,11467,1,12,1,5,SOFT,0.0,2026-07-26T17:19:17.762953Z
1304,11467,17,43,90,103,SOFT,0.0,2026-07-26T17:19:17.762953Z
1304,11467,16,81,94,96,SOFT,0.0,2026-07-26T17:19:17.762953Z
1304,11467,2,12,6,8,SOFT,0.0,2026-07-26T17:19:17.762953Z
1304,11467,17,81,97,97,SOFT,3.0,2026-07-26T17:19:17.762953Z
1304,11467,3,23,21,39,HARD,1.0,2026-07-26T17:19:17.762953Z
1304,11467,3,12,9,10,SOFT,3.0,2026-07-26T17:19:17.762953Z
1304,11467,3,27,18,29,MEDIUM,0.0,2026-07-26T17:19:17.762953Z
1304,11467,23,44,82,91,SOFT,3.0,2026-07-26T17:19:17.762953Z
1304,11467,17,30,110,118,SOFT,3.0,2026-07-26T17:19:17.762953Z
1304,11467,24,44,92,92,SOFT,0.0,2026-07-26T17:19:17.762953Z
1304,11467,18,30,119,119,SOFT,0.0,2026-07-26T17:19:17.762953Z
1304,11467,4,12,11,13,SOFT,0.0,2026-07-26T17:19:17.762953Z
1304,11467,5,11,5,22,SOFT,1.0,2026-07-26T17:19:17.762953Z
1304,11467,18,81,98,110,SOFT,0.0,2026-07-26T17:19:17.762953Z
1304,11467,5,31,36,53,HARD,0.0,2026-07-26T17:19:17.762953Z
1304,11467,6,6,26,34,SOFT,0.0,2026-07-26T17:19:17.762953Z
1304,11467,6,31,54,56,SOFT,0.0,2026-07-26T17:19:17.762953Z
1304,11467,5,12,14,16,SOFT,0.0,2026-07-26T17:19:17.762953Z
1304,11467,6,12,17,17,SOFT,3.0,2026-07-26T17:19:17.762953Z
1304,11467,18,43,104,119,MEDIUM,0.0,2026-07-26T17:19:17.762953Z
1304,11467,25,44,93,111,SOFT,1.0,2026-07-26T17:19:17.762953Z
1304,11467,6,11,23,39,MEDIUM,0.0,2026-07-26T17:19:17.762953Z
1304,11467,19,43,120,122,SOFT,0.0,2026-07-26T17:19:17.762953Z
1304,11467,19,81,111,132,MEDIUM,0.0,2026-07-26T17:19:17.762953Z
1304,11467,7,31,57,58,SOFT,0.0,2026-07-26T17:19:17.762953Z
1304,11467,4,23,40,59,MEDIUM,2.0,2026-07-26T17:19:17.762953Z
1304,11467,20,43,123,125,SOFT,3.0,2026-07-26T17:19:17.762953Z
1304,11467,7,6,35,44,SOFT,0.0,2026-07-26T17:19:17.762953Z
1304,11467,7,12,18,35,SOFT,4.0,2026-07-26T17:19:17.762953Z
1304,11467,5,23,60,62,MEDIUM,4.0,2026-07-26T17:19:17.762953Z
1304,11467,21,43,126,129,SOFT,0.0,2026-07-26T17:19:17.762953Z
1304,11467,8,6,45,53,SOFT,0.0,2026-07-26T17:19:17.762953Z
1304,11467,8,31,59,63,SOFT,0.0,2026-07-26T17:19:17.762953Z
1304,11467,26,44,112,130,HARD,0.0,2026-07-26T17:19:17.762953Z
1304,11467,14,18,59,62,MEDIUM,10.0,2026-07-26T17:19:17.762953Z
1304,11467,4,27,30,44,SOFT,0.0,2026-07-26T17:19:17.762953Z
1304,11467,6,23,63,67,SOFT,0.0,2026-07-26T17:19:17.762953Z
1304,11467,15,18,63,65,MEDIUM,18.0,2026-07-26T17:19:17.762953Z
1304,11467,9,31,64,68,SOFT,0.0,2026-07-26T17:19:17.762953Z
1304,11467,7,11,40,62,HARD,0.0,2026-07-26T17:19:17.762953Z
1304,11467,27,44,131,138,MEDIUM,0.0,2026-07-26T17:19:17.762953Z
1304,11467,22,43,130,137,SOFT,0.0,2026-07-26T17:19:17.762953Z
1304,11467,20,81,133,153,HARD,0.0,2026-07-26T17:19:17.762953Z
1304,11467,7,23,68,71,SOFT,0.0,2026-07-26T17:19:17.762953Z
1304,11467,5,27,45,49,SOFT,0.0,2026-07-26T17:19:17.762953Z
1304,11467,16,18,66,69,SOFT,0.0,2026-07-26T17:19:17.762953Z
1304,11467,8,12,36,49,HARD,0.0,2026-07-26T17:19:17.762953Z
1304,11467,1,243,1,1,UNKNOWN,0.0,2026-07-26T17:19:17.762953Z
1304,11467,1,247,1,1,UNKNOWN,0.0,2026-07-26T17:19:17.762953Z
1304,11467,2,243,2,2,UNKNOWN,0.0,2026-07-26T17:19:17.762953Z
1304,11467,2,247,2,2,UNKNOWN,0.0,2026-07-26T17:19:17.762953Z
1304,11467,3,243,3,3,UNKNOWN,0.0,2026-07-26T17:19:17.762953Z
1304,11467,1,241,1,1,UNKNOWN,0.0,2026-07-26T17:19:17.762953Z
1279,11227,1,12,1,1,MEDIUM,0.0,2026-07-26T17:20:05.707469Z
1279,11227,1,18,1,3,HARD,0.0,2026-07-26T17:20:05.707469Z
1279,11227,1,31,1,3,MEDIUM,0.0,2026-07-26T17:20:05.707469Z
1279,11227,1,55,1,1,HARD,0.0,2026-07-26T17:20:05.707469Z
1279,11227,1,5,1,1,MEDIUM,0.0,2026-07-26T17:20:05.707469Z
1279,11227,1,1,1,2,MEDIUM,0.0,2026-07-26T17:20:05.707469Z
1279,11227,1,27,1,2,MEDIUM,0.0,2026-07-26T17:20:05.707469Z
1279,11227,1,6,1,9,MEDIUM,0.0,2026-07-26T17:20:05.707469Z
1279,11227,2,12,2,9,MEDIUM,1.0,2026-07-26T17:20:05.707469Z
1279,11227,1,43,1,6,MEDIUM,0.0,2026-07-26T17:20:05.707469Z
1279,11227,1,63,1,10,MEDIUM,0.0,2026-07-26T17:20:05.707469Z
1279,11227,1,3,1,10,MEDIUM,0.0,2026-07-26T17:20:05.707469Z
1279,11227,1,81,1,3,MEDIUM,0.0,2026-07-26T17:20:05.707469Z
1279,11227,2,1,3,3,MEDIUM,2.0,2026-07-26T17:20:05.707469Z
1279,11227,1,77,1,4,MEDIUM,0.0,2026-07-26T17:20:05.707469Z
1279,11227,1,10,1,11,MEDIUM,0.0,2026-07-26T17:20:05.707469Z
1279,11227,2,5,2,8,MEDIUM,1.0,2026-07-26T17:20:05.707469Z
1279,11227,3,1,4,7,MEDIUM,3.0,2026-07-26T17:20:05.707469Z
1279,11227,2,63,11,11,MEDIUM,10.0,2026-07-26T17:20:05.707469Z
1279,11227,1,41,1,1,MEDIUM,0.0,2026-07-26T17:20:05.707469Z
1279,11227,1,30,1,13,MEDIUM,0.0,2026-07-26T17:20:05.707469Z
1279,11227,1,11,1,5,MEDIUM,0.0,2026-07-26T17:20:05.707469Z
1279,11227,2,43,7,11,MEDIUM,6.0,2026-07-26T17:20:05.707469Z
1279,11227,2,3,11,13,MEDIUM,10.0,2026-07-26T17:20:05.707469Z
1279,11227,2,6,10,12,MEDIUM,9.0,2026-07-26T17:20:05.707469Z
1279,11227,3,63,12,14,SOFT,0.0,2026-07-26T17:20:05.707469Z
1279,11227,3,12,10,10,MEDIUM,9.0,2026-07-26T17:20:05.707469Z
1279,11227,2,81,4,8,MEDIUM,3.0,2026-07-26T17:20:05.707469Z
1279,11227,2,27,3,10,MEDIUM,2.0,2026-07-26T17:20:05.707469Z
1279,11227,1,16,1,16,MEDIUM,0.0,2026-07-26T17:20:05.707469Z
1279,11227,2,10,12,13,MEDIUM,11.0,2026-07-26T17:20:05.707469Z
1279,11227,1,44,1,16,MEDIUM,0.0,2026-07-26T17:20:05.707469Z
1279,11227,2,77,5,9,MEDIUM,0.0,2026-07-26T17:20:05.707469Z
1279,11227,1,23,1,18,MEDIUM,0.0,2026-07-26T17:20:05.707469Z
1279,11227,3,3,14,16,SOFT,0.0,2026-07-26T17:20:05.707469Z
1279,11227,2,55,2,15,HARD,1.0,2026-07-26T17:20:05.707469Z
1279,11227,3,5,9,11,MEDIUM,8.0,2026-07-26T17:20:05.707469Z
1279,11227,3,6,13,15,SOFT,0.0,2026-07-26T17:20:05.707469Z
1279,11227,2,16,17,19,SOFT,0.0,2026-07-26T17:20:05.707469Z
1279,11227,2,31,4,18,MEDIUM,3.0,2026-07-26T17:20:05.707469Z
1279,11227,1,87,1,16,MEDIUM,0.0,2026-07-26T17:20:05.707469Z
1279,11227,2,11,6,8,MEDIUM,5.0,2026-07-26T17:20:05.707469Z
1279,11227,2,23,19,24,SOFT,0.0,2026-07-26T17:20:05.707469Z
1279,11227,4,12,11,14,SOFT,0.0,2026-07-26T17:20:05.707469Z
1279,11227,4,63,15,17,SOFT,0.0,2026-07-26T17:20:05.707469Z
1279,11227,3,16,20,24,SOFT,3.0,2026-07-26T17:20:05.707469Z
1279,11227,3,55,16,21,SOFT,0.0,2026-07-26T17:20:05.707469Z
1279,11227,3,11,9,12,SOFT,0.0,2026-07-26T17:20:05.707469Z
1279,11227,4,3,17,19,SOFT,3.0,2026-07-26T17:20:05.707469Z
1279,11227,3,81,9,13,MEDIUM,8.0,2026-07-26T17:20:05.707469Z
1279,11227,2,30,14,21,MEDIUM,13.0,2026-07-26T17:20:05.707469Z
1279,11227,3,43,12,18,SOFT,0.0,2026-07-26T17:20:05.707469Z
1279,11227,4,5,12,16,SOFT,0.0,2026-07-26T17:20:05.707469Z
1279,11227,2,87,17,19,MEDIUM,16.0,2026-07-26T17:20:05.707469Z
1279,11227,3,31,19,21,MEDIUM,18.0,2026-07-26T17:20:05.707469Z
1279,11227,4,11,13,14,SOFT,4.0,2026-07-26T17:20:05.707469Z
1279,11227,3,27,11,15,SOFT,0.0,2026-07-26T17:20:05.707469Z
1279,11227,4,6,16,17,SOFT,3.0,2026-07-26T17:20:05.707469Z
1279,11227,2,44,17,24,SOFT,0.0,2026-07-26T17:20:05.707469Z
1279,11227,5,5,17,17,MEDIUM,0.0,2026-07-26T17:20:05.707469Z
1279,11227,4,27,16,16,SOFT,5.0,2026-07-26T17:20:05.707469Z
1279,11227,5,27,17,17,SOFT,6.0,2026-07-26T17:20:05.707469Z
1279,11227,4,31,22,24,SOFT,0.0,2026-07-26T17:20:05.707469Z
1279,11227,3,10,14,27,SOFT,0.0,2026-07-26T17:20:05.707469Z
1279,11227,5,63,18,23,MEDIUM,0.0,2026-07-26T17:20:05.707469Z
1279,11227,5,12,15,21,MEDIUM,10.0,2026-07-26T17:20:05.707469Z
1279,11227,6,27,18,18,SOFT,7.0,2026-07-26T17:20:05.707469Z
1279,11227,3,77,10,24,SOFT,0.0,2026-07-26T17:20:05.707469Z
1279,11227,3,87,20,25,SOFT,0.0,2026-07-26T17:20:05.707469Z
1279,11227,6,5,18,23,MEDIUM,0.0,2026-07-26T17:20:05.707469Z
1279,11227,6,63,24,26,SOFT,6.0,2026-07-26T17:20:05.707469Z
1279,11227,2,41,2,22,SOFT,0.0,2026-07-26T17:20:05.707469Z
1279,11227,5,3,20,27,MEDIUM,13.0,2026-07-26T17:20:05.707469Z
1279,11227,3,30,22,28,SOFT,0.0,2026-07-26T17:20:05.707469Z
1279,11227,4,43,19,26,MEDIUM,11.0,2026-07-26T17:20:05.707469Z
1279,11227,4,55,22,30,SOFT,6.0,2026-07-26T17:20:05.707469Z
1279,11227,3,44,25,30,MEDIUM,16.0,2026-07-26T17:20:05.707469Z
1279,11227,5,6,18,24,MEDIUM,12.0,2026-07-26T17:20:05.707469Z
1279,11227,6,12,22,24,SOFT,4.0,2026-07-26T17:20:05.707469Z
1279,11227,4,81,14,21,SOFT,0.0,2026-07-26T17:20:05.707469Z
1279,11227,7,27,19,21,SOFT,0.0,2026-07-26T17:20:05.707469Z
1279,11227,5,31,25,28,SOFT,3.0,2026-07-26T17:20:05.707469Z
1279,11227,4,16,25,33,SOFT,8.0,2026-07-26T17:20:05.707469Z
1279,11228,1,27,1,10,MEDIUM,0.0,2026-07-26T17:20:09.147291Z
1279,11228,1,44,1,13,HARD,0.0,2026-07-26T17:20:09.147291Z
1279,11228,1,10,1,11,MEDIUM,0.0,2026-07-26T17:20:09.147291Z
1279,11228,1,1,1,4,HARD,0.0,2026-07-26T17:20:09.147291Z
1279,11228,1,43,1,10,MEDIUM,0.0,2026-07-26T17:20:09.147291Z
1279,11228,1,31,1,10,HARD,0.0,2026-07-26T17:20:09.147291Z
1279,11228,1,87,1,10,HARD,0.0,2026-07-26T17:20:09.147291Z
1279,11228,1,23,1,11,HARD,0.0,2026-07-26T17:20:09.147291Z
1279,11228,1,12,1,7,HARD,0.0,2026-07-26T17:20:09.147291Z
1279,11228,1,5,1,5,MEDIUM,0.0,2026-07-26T17:20:09.147291Z
1279,11228,1,41,1,4,MEDIUM,0.0,2026-07-26T17:20:09.147291Z
1279,11228,1,81,1,10,HARD,0.0,2026-07-26T17:20:09.147291Z
1279,11228,1,16,1,10,HARD,0.0,2026-07-26T17:20:09.147291Z
1279,11228,1,6,1,9,MEDIUM,0.0,2026-07-26T17:20:09.147291Z
1279,11228,1,30,1,8,MEDIUM,0.0,2026-07-26T17:20:09.147291Z
1279,11228,1,63,1,5,HARD,0.0,2026-07-26T17:20:09.147291Z
1279,11228,1,55,1,3,MEDIUM,0.0,2026-07-26T17:20:09.147291Z
1279,11228,1,18,1,2,SOFT,0.0,2026-07-26T17:20:09.147291Z
1279,11228,1,77,1,7,MEDIUM,0.0,2026-07-26T17:20:09.147291Z
1279,11228,2,55,4,10,MEDIUM,3.0,2026-07-26T17:20:09.147291Z
1279,11228,2,41,5,5,MEDIUM,4.0,2026-07-26T17:20:09.147291Z
1279,11228,3,41,6,6,MEDIUM,5.0,2026-07-26T17:20:09.147291Z
1279,11228,2,5,6,8,MEDIUM,0.0,2026-07-26T17:20:09.147291Z
1279,11228,4,41,7,7,MEDIUM,6.0,2026-07-26T17:20:09.147291Z
1279,11228,1,14,1,2,SOFT,0.0,2026-07-26T17:20:09.147291Z
1279,11228,2,1,5,10,HARD,4.0,2026-07-26T17:20:09.147291Z
1279,11228,2,63,6,9,SOFT,0.0,2026-07-26T17:20:09.147291Z
1279,11228,2,12,8,10,SOFT,0.0,2026-07-26T17:20:09.147291Z
1279,11228,2,18,3,10,SOFT,2.0,2026-07-26T17:20:09.147291Z
1279,11228,5,41,8,15,SOFT,0.0,2026-07-26T17:20:09.147291Z
1279,11228,2,30,9,14,SOFT,0.0,2026-07-26T17:20:09.147291Z
1279,11228,3,12,11,13,SOFT,3.0,2026-07-26T17:20:09.147291Z
1279,11228,2,27,11,19,SOFT,0.0,2026-07-26T17:20:09.147291Z
1279,11228,3,63,10,12,SOFT,4.0,2026-07-26T17:20:09.147291Z
1279,11228,2,31,11,13,SOFT,0.0,2026-07-26T17:20:09.147291Z
1279,11228,2,87,11,15,SOFT,0.0,2026-07-26T17:20:09.147291Z
1279,11228,3,5,9,15,SOFT,0.0,2026-07-26T17:20:09.147291Z
1279,11228,2,16,11,15,SOFT,10.0,2026-07-26T17:20:09.147291Z
1279,11228,3,1,11,13,HARD,0.0,2026-07-26T17:20:09.147291Z
1279,11228,2,23,12,19,SOFT,0.0,2026-07-26T17:20:09.147291Z
1279,11228,2,77,8,13,SOFT,0.0,2026-07-26T17:20:09.147291Z
1279,11228,1,3,1,5,MEDIUM,0.0,2026-07-26T17:20:09.147291Z
1279,11228,2,6,10,15,SOFT,0.0,2026-07-26T17:20:09.147291Z
1279,11228,2,44,14,17,SOFT,0.0,2026-07-26T17:20:09.147291Z
1279,11228,3,31,14,16,SOFT,3.0,2026-07-26T17:20:09.147291Z
1279,11228,2,43,11,16,SOFT,0.0,2026-07-26T17:20:09.147291Z
1279,11228,2,14,3,9,SOFT,2.0,2026-07-26T17:20:09.147291Z
1279,11228,3,16,16,20,SOFT,5.0,2026-07-26T17:20:09.147291Z
1279,11228,2,81,11,13,SOFT,0.0,2026-07-26T17:20:09.147291Z
1279,11228,4,12,14,28,HARD,7.0,2026-07-26T17:20:09.147291Z
1279,11228,2,10,12,16,SOFT,0.0,2026-07-26T17:20:09.147291Z
1279,11228,3,44,18,22,SOFT,4.0,2026-07-26T17:20:09.147291Z
1279,11228,2,3,6,8,SOFT,0.0,2026-07-26T17:20:09.147291Z
1279,11228,4,63,13,25,HARD,5.0,2026-07-26T17:20:09.147291Z
1279,11228,3,87,16,16,HARD,10.0,2026-07-26T17:20:09.147291Z
1279,11228,4,1,14,29,SOFT,0.0,2026-07-26T17:20:09.147291Z
1279,11228,6,41,16,30,SOFT,8.0,2026-07-26T17:20:09.147291Z
1279,11228,3,30,15,15,SOFT,6.0,2026-07-26T17:20:09.147291Z
1279,11228,4,87,17,31,HARD,11.0,2026-07-26T17:20:09.147291Z
1279,11228,3,77,14,28,MEDIUM,0.0,2026-07-26T17:20:09.147291Z
1279,11228,3,27,20,29,MEDIUM,10.0,2026-07-26T17:20:09.147291Z
1279,11228,4,31,17,17,HARD,10.0,2026-07-26T17:20:09.147291Z
1279,11228,4,5,16,16,MEDIUM,8.0,2026-07-26T17:20:09.147291Z
1279,11228,4,30,16,29,MEDIUM,8.0,2026-07-26T17:20:09.147291Z
1279,11228,3,18,11,13,SOFT,0.0,2026-07-26T17:20:09.147291Z
1279,11228,3,23,20,23,HARD,11.0,2026-07-26T17:20:09.147291Z
1279,11228,3,6,16,28,MEDIUM,0.0,2026-07-26T17:20:09.147291Z
1279,11228,5,31,18,24,HARD,11.0,2026-07-26T17:20:09.147291Z
1279,11228,3,81,14,22,SOFT,3.0,2026-07-26T17:20:09.147291Z
1279,11228,5,5,17,25,MEDIUM,9.0,2026-07-26T17:20:09.147291Z
1279,11228,3,3,9,13,MEDIUM,5.0,2026-07-26T17:20:09.147291Z
1279,11228,3,43,17,27,MEDIUM,0.0,2026-07-26T17:20:09.147291Z
1279,11228,4,16,21,25,HARD,0.0,2026-07-26T17:20:09.147291Z
1279,11228,3,14,10,12,SOFT,0.0,2026-07-26T17:20:09.147291Z
1279,11228,4,44,23,32,HARD,13.0,2026-07-26T17:20:09.147291Z
1279,11228,4,23,24,29,HARD,15.0,2026-07-26T17:20:09.147291Z
1279,11228,1,11,1,2,SOFT,0.0,2026-07-26T17:20:09.147291Z
1279,11228,4,14,13,18,SOFT,3.0,2026-07-26T17:20:09.147291Z
1279,11228,6,31,25,29,HARD,0.0,2026-07-26T17:20:09.147291Z
1279,11228,5,16,26,30,SOFT,0.0,2026-07-26T17:20:09.147291Z
1279,11228,4,27,30,34,SOFT,9.0,2026-07-26T17:20:09.147291Z
1279,11228,4,81,23,26,HARD,0.0,2026-07-26T17:20:09.147291Z
1279,11228,5,12,29,31,SOFT,6.0,2026-07-26T17:20:09.147291Z
1279,11228,5,63,26,28,SOFT,7.0,2026-07-26T17:20:09.147291Z
1279,11228,6,5,26,28,SOFT,0.0,2026-07-26T17:20:09.147291Z
1279,11228,5,23,30,32,SOFT,0.0,2026-07-26T17:20:09.147291Z
1279,11229,1,55,1,1,SOFT,0.0,2026-07-26T17:20:12.879575Z
1279,11229,1,14,1,5,MEDIUM,0.0,2026-07-26T17:20:12.879575Z
1279,11229,1,1,1,5,SOFT,0.0,2026-07-26T17:20:12.879575Z
1279,11229,1,63,1,3,SOFT,0.0,2026-07-26T17:20:12.879575Z
1279,11229,1,16,1,4,SOFT,0.0,2026-07-26T17:20:12.879575Z
1279,11229,1,12,1,4,SOFT,0.0,2026-07-26T17:20:12.879575Z
1279,11229,1,11,1,5,MEDIUM,0.0,2026-07-26T17:20:12.879575Z
1279,11229,1,43,1,8,HARD,0.0,2026-07-26T17:20:12.879575Z
1279,11229,1,5,1,6,SOFT,0.0,2026-07-26T17:20:12.879575Z
1279,11229,1,31,1,5,MEDIUM,0.0,2026-07-26T17:20:12.879575Z
1279,11229,1,87,1,3,MEDIUM,0.0,2026-07-26T17:20:12.879575Z
1279,11229,2,14,6,6,MEDIUM,5.0,2026-07-26T17:20:12.879575Z
1279,11229,1,44,1,8,SOFT,0.0,2026-07-26T17:20:12.879575Z
1279,11229,1,10,1,8,HARD,0.0,2026-07-26T17:20:12.879575Z
1279,11229,1,27,1,7,SOFT,0.0,2026-07-26T17:20:12.879575Z
1279,11229,2,43,9,10,HARD,8.0,2026-07-26T17:20:12.879575Z
1279,11229,1,3,1,3,SOFT,0.0,2026-07-26T17:20:12.879575Z
1279,11229,2,12,5,7,SOFT,4.0,2026-07-26T17:20:12.879575Z
1279,11229,2,63,4,7,SOFT,3.0,2026-07-26T17:20:12.879575Z
1279,11229,2,16,5,9,SOFT,0.0,2026-07-26T17:20:12.879575Z
1279,11229,2,27,8,11,SOFT,7.0,2026-07-26T17:20:12.879575Z
1279,11229,1,77,1,5,SOFT,0.0,2026-07-26T17:20:12.879575Z
1279,11229,3,14,7,11,SOFT,0.0,2026-07-26T17:20:12.879575Z
1279,11229,1,41,1,8,HARD,0.0,2026-07-26T17:20:12.879575Z
1279,11229,2,87,4,10,MEDIUM,3.0,2026-07-26T17:20:12.879575Z
1279,11229,1,30,1,9,HARD,0.0,2026-07-26T17:20:12.879575Z
1279,11229,3,87,11,12,MEDIUM,0.0,2026-07-26T17:20:12.879575Z
1279,11229,2,10,9,19,HARD,8.0,2026-07-26T17:20:12.879575Z
1279,11229,1,81,1,12,SOFT,0.0,2026-07-26T17:20:12.879575Z
1279,11229,3,27,12,14,SOFT,11.0,2026-07-26T17:20:12.879575Z
1279,11229,3,63,8,16,SOFT,7.0,2026-07-26T17:20:12.879575Z
1279,11229,3,12,8,16,SOFT,7.0,2026-07-26T17:20:12.879575Z
1279,11229,2,41,9,9,HARD,8.0,2026-07-26T17:20:12.879575Z
1279,11229,2,31,6,12,MEDIUM,5.0,2026-07-26T17:20:12.879575Z
1279,11229,2,5,7,12,SOFT,6.0,2026-07-26T17:20:12.879575Z
1279,11229,3,43,11,17,HARD,10.0,2026-07-26T17:20:12.879575Z
1279,11229,2,30,10,10,HARD,9.0,2026-07-26T17:20:12.879575Z
1279,11229,4,87,13,13,MEDIUM,0.0,2026-07-26T17:20:12.879575Z
1279,11229,4,12,17,18,SOFT,0.0,2026-07-26T17:20:12.879575Z
1279,11229,3,10,20,20,HARD,0.0,2026-07-26T17:20:12.879575Z
1279,11229,2,1,6,17,SOFT,5.0,2026-07-26T17:20:12.879575Z
1279,11229,4,63,17,18,SOFT,0.0,2026-07-26T17:20:12.879575Z
1279,11229,1,23,1,12,MEDIUM,0.0,2026-07-26T17:20:12.879575Z
1279,11229,3,16,10,15,SOFT,9.0,2026-07-26T17:20:12.879575Z
1279,11229,3,31,13,14,SOFT,0.0,2026-07-26T17:20:12.879575Z
1279,11229,4,10,21,21,SOFT,0.0,2026-07-26T17:20:12.879575Z
1279,11229,2,81,13,13,SOFT,12.0,2026-07-26T17:20:12.879575Z
1279,11229,3,5,13,14,SOFT,0.0,2026-07-26T17:20:12.879575Z
1279,11229,2,44,9,18,SOFT,8.0,2026-07-26T17:20:12.879575Z
1279,11229,4,27,15,18,SOFT,0.0,2026-07-26T17:20:12.879575Z
1279,11229,3,41,10,11,SOFT,0.0,2026-07-26T17:20:12.879575Z
1279,11229,2,77,6,8,SOFT,5.0,2026-07-26T17:20:12.879575Z
1279,11229,4,43,18,18,SOFT,0.0,2026-07-26T17:20:12.879575Z
1279,11229,1,6,1,11,SOFT,0.0,2026-07-26T17:20:12.879575Z
1279,11229,2,3,4,11,SOFT,3.0,2026-07-26T17:20:12.879575Z
1279,11229,4,14,12,16,SOFT,5.0,2026-07-26T17:20:12.879575Z
1279,11229,5,87,14,14,SOFT,1.0,2026-07-26T17:20:12.879575Z
1279,11229,2,11,6,17,MEDIUM,0.0,2026-07-26T17:20:12.879575Z
1279,11229,3,30,11,11,SOFT,0.0,2026-07-26T17:20:12.879575Z
1279,11229,4,30,12,13,SOFT,1.0,2026-07-26T17:20:12.879575Z
1279,11229,4,41,12,15,SOFT,2.0,2026-07-26T17:20:12.879575Z
1279,11229,3,81,14,17,SOFT,0.0,2026-07-26T17:20:12.879575Z
1279,11229,5,27,19,22,SOFT,4.0,2026-07-26T17:20:12.879575Z
1279,11229,3,44,19,22,SOFT,0.0,2026-07-26T17:20:12.879575Z
1279,11229,3,77,9,12,SOFT,0.0,2026-07-26T17:20:12.879575Z
1279,11229,3,1,18,22,SOFT,0.0,2026-07-26T17:20:12.879575Z
1279,11229,2,6,12,15,SOFT,0.0,2026-07-26T17:20:12.879575Z
1279,11229,5,43,19,22,SOFT,0.0,2026-07-26T17:20:12.879575Z
1279,11229,3,3,12,15,SOFT,0.0,2026-07-26T17:20:12.879575Z
1279,11229,5,63,19,23,SOFT,2.0,2026-07-26T17:20:12.879575Z
1279,11229,5,14,17,20,SOFT,0.0,2026-07-26T17:20:12.879575Z
1279,11229,2,23,13,17,SOFT,0.0,2026-07-26T17:20:12.879575Z
1279,11229,4,16,16,20,SOFT,0.0,2026-07-26T17:20:12.879575Z
1279,11229,6,87,15,18,SOFT,0.0,2026-07-26T17:20:12.879575Z
1279,11229,5,10,22,26,SOFT,1.0,2026-07-26T17:20:12.879575Z
1279,11229,4,31,15,19,SOFT,2.0,2026-07-26T17:20:12.879575Z
1279,11229,3,11,18,21,SOFT,0.0,2026-07-26T17:20:12.879575Z
1279,11229,4,5,15,19,SOFT,2.0,2026-07-26T17:20:12.879575Z
1280,11235,6,31,20,25,SOFT,3.0,2026-07-26T17:21:00.794410Z
1280,11235,4,87,20,28,SOFT,0.0,2026-07-26T17:21:00.794410Z
1280,11235,4,63,26,29,SOFT,6.0,2026-07-26T17:21:00.794410Z
1280,11235,4,10,25,28,MEDIUM,19.0,2026-07-26T17:21:00.794410Z
1280,11235,5,27,18,27,SOFT,0.0,2026-07-26T17:21:00.794410Z
1280,11235,4,12,27,30,SOFT,7.0,2026-07-26T17:21:00.794410Z
1280,11235,3,43,20,26,SOFT,0.0,2026-07-26T17:21:00.794410Z
1280,11235,4,14,13,18,MEDIUM,0.0,2026-07-26T17:21:00.794410Z
1280,11235,4,44,23,26,SOFT,15.0,2026-07-26T17:21:00.794410Z
1280,11235,4,1,21,29,SOFT,0.0,2026-07-26T17:21:00.794410Z
1280,11235,4,81,20,28,SOFT,0.0,2026-07-26T17:21:00.794410Z
1280,11235,4,23,22,31,SOFT,0.0,2026-07-26T17:21:00.794410Z
1280,11235,1,23,1,12,MEDIUM,0.0,2026-07-26T17:21:00.794410Z
1280,11235,3,3,17,24,SOFT,0.0,2026-07-26T17:21:00.794410Z
1280,11235,3,6,20,26,SOFT,0.0,2026-07-26T17:21:00.794410Z
1280,11235,4,18,15,20,MEDIUM,0.0,2026-07-26T17:21:00.794410Z
1280,11235,3,55,10,18,SOFT,0.0,2026-07-26T17:21:00.794410Z
1280,11235,4,16,22,28,SOFT,4.0,2026-07-26T17:21:00.794410Z
1280,11235,3,77,18,25,SOFT,0.0,2026-07-26T17:21:00.794410Z
1280,11235,4,30,26,29,MEDIUM,20.0,2026-07-26T17:21:00.794410Z
1280,11235,1,41,1,6,MEDIUM,0.0,2026-07-26T17:21:00.794410Z
1280,11235,3,5,19,26,SOFT,0.0,2026-07-26T17:21:00.794410Z
1280,11235,2,11,9,13,MEDIUM,8.0,2026-07-26T17:21:00.794410Z
1280,11235,2,31,5,5,MEDIUM,0.0,2026-07-26T17:21:00.794410Z
1280,11235,3,31,6,10,MEDIUM,0.0,2026-07-26T17:21:00.794410Z
1280,11235,2,81,6,9,MEDIUM,0.0,2026-07-26T17:21:00.794410Z
1280,11235,2,63,9,19,MEDIUM,0.0,2026-07-26T17:21:00.794410Z
1280,11235,2,12,9,19,MEDIUM,0.0,2026-07-26T17:21:00.794410Z
1280,11235,2,44,8,14,SOFT,0.0,2026-07-26T17:21:00.794410Z
1280,11235,2,16,13,17,MEDIUM,0.0,2026-07-26T17:21:00.794410Z
1280,11235,2,30,12,20,MEDIUM,0.0,2026-07-26T17:21:00.794410Z
1280,11235,2,5,10,18,MEDIUM,0.0,2026-07-26T17:21:00.794410Z
1280,11235,2,3,8,16,MEDIUM,0.0,2026-07-26T17:21:00.794410Z
1280,11235,2,77,9,17,MEDIUM,0.0,2026-07-26T17:21:00.794410Z
1280,11235,4,27,12,17,MEDIUM,0.0,2026-07-26T17:21:00.794410Z
1280,11235,3,44,15,22,SOFT,0.0,2026-07-26T17:21:00.794410Z
1280,11235,3,87,19,19,MEDIUM,0.0,2026-07-26T17:21:00.794410Z
1280,11236,1,77,1,8,MEDIUM,0.0,2026-07-26T17:21:04.381948Z
1280,11236,3,6,13,15,SOFT,0.0,2026-07-26T17:21:04.381948Z
1280,11236,3,3,13,17,SOFT,0.0,2026-07-26T17:21:04.381948Z
1280,11236,2,27,9,14,MEDIUM,0.0,2026-07-26T17:21:04.381948Z
1280,11236,2,5,9,14,MEDIUM,0.0,2026-07-26T17:21:04.381948Z
1280,11236,2,31,8,13,MEDIUM,0.0,2026-07-26T17:21:04.381948Z
1280,11236,3,87,14,16,SOFT,7.0,2026-07-26T17:21:04.381948Z
1280,11236,1,18,1,7,MEDIUM,0.0,2026-07-26T17:21:04.381948Z
1280,11236,2,30,8,13,MEDIUM,0.0,2026-07-26T17:21:04.381948Z
1280,11236,2,41,8,13,MEDIUM,0.0,2026-07-26T17:21:04.381948Z
1280,11236,4,16,12,16,SOFT,0.0,2026-07-26T17:21:04.381948Z
1280,11236,3,44,11,15,SOFT,0.0,2026-07-26T17:21:04.381948Z
1280,11236,3,81,11,13,SOFT,0.0,2026-07-26T17:21:04.381948Z
1280,11236,3,1,11,13,SOFT,0.0,2026-07-26T17:21:04.381948Z
1280,11236,3,10,13,15,SOFT,0.0,2026-07-26T17:21:04.381948Z
1280,11236,1,10,1,6,MEDIUM,0.0,2026-07-26T17:21:04.381948Z
1280,11236,2,43,7,12,MEDIUM,0.0,2026-07-26T17:21:04.381948Z
1280,11236,1,43,1,6,MEDIUM,0.0,2026-07-26T17:21:04.381948Z
1280,11236,1,55,1,6,MEDIUM,0.0,2026-07-26T17:21:04.381948Z
1280,11236,1,23,1,6,MEDIUM,0.0,2026-07-26T17:21:04.381948Z
1280,11236,3,12,9,13,SOFT,0.0,2026-07-26T17:21:04.381948Z
1280,11236,3,63,9,13,SOFT,0.0,2026-07-26T17:21:04.381948Z
1280,11236,1,14,1,5,MEDIUM,0.0,2026-07-26T17:21:04.381948Z
1280,11236,2,10,7,12,MEDIUM,0.0,2026-07-26T17:21:04.381948Z
1280,11240,1,55,1,19,HARD,0.0,2026-07-26T17:21:09.165121Z
1280,11240,2,63,14,19,SOFT,0.0,2026-07-26T17:21:09.165121Z
1280,11240,2,44,14,19,SOFT,5.0,2026-07-26T17:21:09.165121Z
1280,11240,2,16,14,19,SOFT,0.0,2026-07-26T17:21:09.165121Z
1280,11240,2,1,14,19,SOFT,3.0,2026-07-26T17:21:09.165121Z
1280,11240,2,81,14,19,SOFT,0.0,2026-07-26T17:21:09.165121Z
1280,11240,1,10,1,19,MEDIUM,6.0,2026-07-26T17:21:09.165121Z
1280,11240,1,87,1,19,MEDIUM,6.0,2026-07-26T17:21:09.165121Z
1280,11240,2,12,14,19,SOFT,5.0,2026-07-26T17:21:09.165121Z
1280,11240,2,6,14,19,SOFT,7.0,2026-07-26T17:21:09.165121Z
1280,11240,1,30,1,19,HARD,0.0,2026-07-26T17:21:09.165121Z
1280,11240,1,31,1,19,MEDIUM,7.0,2026-07-26T17:21:09.165121Z
1280,11240,2,43,14,19,SOFT,0.0,2026-07-26T17:21:09.165121Z
1280,11240,1,5,1,19,MEDIUM,6.0,2026-07-26T17:21:09.165121Z
1280,11240,2,3,14,19,SOFT,8.0,2026-07-26T17:21:09.165121Z
1280,11240,2,18,14,19,MEDIUM,0.0,2026-07-26T17:21:09.165121Z
1280,11240,2,23,14,19,SOFT,0.0,2026-07-26T17:21:09.165121Z
1280,11240,2,11,14,19,SOFT,0.0,2026-07-26T17:21:09.165121Z
1280,11240,1,14,1,19,HARD,0.0,2026-07-26T17:21:09.165121Z
1280,11240,1,27,1,12,MEDIUM,6.0,2026-07-26T17:21:09.165121Z
1280,11240,1,77,1,12,MEDIUM,0.0,2026-07-26T17:21:09.165121Z
1280,11240,1,41,1,11,MEDIUM,6.0,2026-07-26T17:21:09.165121Z
1280,11241,3,77,7,9,SOFT,0.0,2026-07-26T17:21:13.028026Z
1280,11241,1,77,1,3,SOFT,0.0,2026-07-26T17:21:13.028026Z
1280,11241,5,43,13,15,SOFT,0.0,2026-07-26T17:21:13.028026Z
1280,11241,3,23,8,10,SOFT,0.0,2026-07-26T17:21:13.028026Z
1280,11241,3,55,8,10,SOFT,0.0,2026-07-26T17:21:13.028026Z
1280,11241,4,27,10,12,SOFT,0.0,2026-07-26T17:21:13.028026Z
1280,11241,5,5,13,14,SOFT,0.0,2026-07-26T17:21:13.028026Z
1280,11241,4,41,13,15,SOFT,0.0,2026-07-26T17:21:13.028026Z
1280,11241,1,41,1,6,SOFT,0.0,2026-07-26T17:21:13.028026Z
1280,11241,3,18,7,9,SOFT,0.0,2026-07-26T17:21:13.028026Z
1280,11241,3,14,7,9,SOFT,0.0,2026-07-26T17:21:13.028026Z
1280,11241,1,14,1,3,SOFT,0.0,2026-07-26T17:21:13.028026Z
1280,11241,4,30,13,15,SOFT,0.0,2026-07-26T17:21:13.028026Z
1280,11241,1,30,1,3,SOFT,0.0,2026-07-26T17:21:13.028026Z
1280,11241,6,6,18,20,SOFT,0.0,2026-07-26T17:21:13.028026Z
1280,11241,6,3,18,20,SOFT,0.0,2026-07-26T17:21:13.028026Z
1280,11241,6,16,18,20,SOFT,0.0,2026-07-26T17:21:13.028026Z
1280,11241,6,44,17,19,SOFT,0.0,2026-07-26T17:21:13.028026Z
1280,11241,6,10,19,21,SOFT,0.0,2026-07-26T17:21:13.028026Z
1280,11241,4,31,12,14,SOFT,0.0,2026-07-26T17:21:13.028026Z
1280,11241,6,87,17,19,SOFT,0.0,2026-07-26T17:21:13.028026Z
1280,11241,6,1,18,20,SOFT,0.0,2026-07-26T17:21:13.028026Z
1280,11241,6,81,18,20,SOFT,0.0,2026-07-26T17:21:13.028026Z
1280,11241,1,81,1,3,SOFT,0.0,2026-07-26T17:21:13.028026Z
1280,11241,2,11,4,6,SOFT,0.0,2026-07-26T17:21:13.028026Z
1280,11241,2,43,4,6,SOFT,0.0,2026-07-26T17:21:13.028026Z
1280,11241,5,12,13,15,SOFT,0.0,2026-07-26T17:21:13.028026Z
1280,11241,5,63,11,13,SOFT,0.0,2026-07-26T17:21:13.028026Z
1280,11241,2,14,4,6,SOFT,0.0,2026-07-26T17:21:13.028026Z
1280,11241,2,30,4,9,SOFT,0.0,2026-07-26T17:21:13.028026Z
1280,11241,2,16,5,7,SOFT,0.0,2026-07-26T17:21:13.028026Z
1280,11241,2,81,4,6,SOFT,0.0,2026-07-26T17:21:13.028026Z
1280,11241,3,3,9,11,SOFT,0.0,2026-07-26T17:21:13.028026Z
1280,11241,3,87,9,11,SOFT,0.0,2026-07-26T17:21:13.028026Z
1280,11241,3,10,10,12,SOFT,0.0,2026-07-26T17:21:13.028026Z
1280,11241,4,44,10,13,SOFT,0.0,2026-07-26T17:21:13.028026Z
1280,11241,4,6,12,14,SOFT,0.0,2026-07-26T17:21:13.028026Z
1280,11241,4,3,12,14,SOFT,0.0,2026-07-26T17:21:13.028026Z
1280,11241,4,12,10,12,SOFT,0.0,2026-07-26T17:21:13.028026Z
1280,11241,5,16,15,17,SOFT,0.0,2026-07-26T17:21:13.028026Z
1280,11241,5,10,16,18,SOFT,0.0,2026-07-26T17:21:13.028026Z
1280,11241,5,1,15,17,SOFT,0.0,2026-07-26T17:21:13.028026Z
1281,11248,1,77,1,3,SOFT,0.0,2026-07-26T17:22:00.184524Z
1281,11248,1,31,1,3,MEDIUM,0.0,2026-07-26T17:22:00.184524Z
1281,11248,1,43,1,7,MEDIUM,0.0,2026-07-26T17:22:00.184524Z
1281,11248,1,12,1,3,SOFT,0.0,2026-07-26T17:22:00.184524Z
1281,11248,1,5,1,5,MEDIUM,0.0,2026-07-26T17:22:00.184524Z
1281,11248,1,44,1,5,SOFT,0.0,2026-07-26T17:22:00.184524Z
1281,11248,1,55,1,6,MEDIUM,0.0,2026-07-26T17:22:00.184524Z
1281,11248,1,63,1,3,SOFT,0.0,2026-07-26T17:22:00.184524Z
1281,11248,1,3,1,3,MEDIUM,0.0,2026-07-26T17:22:00.184524Z
1281,11248,1,87,1,9,MEDIUM,0.0,2026-07-26T17:22:00.184524Z
1281,11248,1,41,1,8,SOFT,0.0,2026-07-26T17:22:00.184524Z
1281,11248,2,77,4,6,SOFT,0.0,2026-07-26T17:22:00.184524Z
1281,11248,1,16,1,7,SOFT,0.0,2026-07-26T17:22:00.184524Z
1281,11248,2,12,4,6,SOFT,3.0,2026-07-26T17:22:00.184524Z
1281,11248,1,81,1,7,SOFT,0.0,2026-07-26T17:22:00.184524Z
1281,11248,1,10,1,7,MEDIUM,0.0,2026-07-26T17:22:00.184524Z
1281,11248,2,43,8,10,MEDIUM,7.0,2026-07-26T17:22:00.184524Z
1281,11248,2,55,7,9,MEDIUM,6.0,2026-07-26T17:22:00.184524Z
1281,11248,1,18,1,5,SOFT,0.0,2026-07-26T17:22:00.184524Z
1281,11248,2,10,8,9,MEDIUM,7.0,2026-07-26T17:22:00.184524Z
1281,11248,3,77,7,9,SOFT,6.0,2026-07-26T17:22:00.184524Z
1281,11248,1,11,1,7,SOFT,0.0,2026-07-26T17:22:00.184524Z
1281,11248,2,3,4,8,MEDIUM,3.0,2026-07-26T17:22:00.184524Z
1281,11248,1,14,1,5,SOFT,0.0,2026-07-26T17:22:00.184524Z
1281,11248,1,30,1,11,MEDIUM,0.0,2026-07-26T17:22:00.184524Z
1281,11248,4,77,10,12,SOFT,9.0,2026-07-26T17:22:00.184524Z
1281,11248,2,81,8,8,SOFT,7.0,2026-07-26T17:22:00.184524Z
1281,11248,2,63,4,9,SOFT,3.0,2026-07-26T17:22:00.184524Z
1281,11248,3,12,7,9,SOFT,6.0,2026-07-26T17:22:00.184524Z
1281,11248,2,41,9,9,SOFT,8.0,2026-07-26T17:22:00.184524Z
1281,11248,2,31,4,10,MEDIUM,3.0,2026-07-26T17:22:00.184524Z
1281,11248,2,5,6,10,MEDIUM,5.0,2026-07-26T17:22:00.184524Z
1281,11248,2,87,10,10,MEDIUM,9.0,2026-07-26T17:22:00.184524Z
1281,11248,1,27,1,10,MEDIUM,0.0,2026-07-26T17:22:00.184524Z
1281,11248,3,5,11,12,SOFT,0.0,2026-07-26T17:22:00.184524Z
1281,11248,2,44,6,13,SOFT,5.0,2026-07-26T17:22:00.184524Z
1281,11248,3,81,9,11,SOFT,0.0,2026-07-26T17:22:00.184524Z
1281,11248,1,23,1,9,SOFT,0.0,2026-07-26T17:22:00.184524Z
1281,11248,2,16,8,9,SOFT,7.0,2026-07-26T17:22:00.184524Z
1281,11248,3,41,10,10,SOFT,9.0,2026-07-26T17:22:00.184524Z
1281,11248,3,3,9,13,MEDIUM,8.0,2026-07-26T17:22:00.184524Z
1281,11248,3,10,10,11,MEDIUM,9.0,2026-07-26T17:22:00.184524Z
1281,11248,3,55,10,17,MEDIUM,0.0,2026-07-26T17:22:00.184524Z
1281,11248,2,18,6,10,SOFT,5.0,2026-07-26T17:22:00.184524Z
1281,11248,1,6,1,12,MEDIUM,0.0,2026-07-26T17:22:00.184524Z
1281,11248,3,87,11,12,SOFT,0.0,2026-07-26T17:22:00.184524Z
1281,11248,4,12,10,12,SOFT,0.0,2026-07-26T17:22:00.184524Z
1281,11248,3,63,10,12,SOFT,0.0,2026-07-26T17:22:00.184524Z
1281,11248,4,5,13,15,SOFT,2.0,2026-07-26T17:22:00.184524Z
1281,11248,2,30,12,14,MEDIUM,0.0,2026-07-26T17:22:00.184524Z
1281,11248,2,27,11,15,SOFT,0.0,2026-07-26T17:22:00.184524Z
1281,11248,2,14,6,8,SOFT,5.0,2026-07-26T17:22:00.184524Z
1281,11248,2,11,8,11,SOFT,7.0,2026-07-26T17:22:00.184524Z
1281,11248,5,77,13,13,SOFT,0.0,2026-07-26T17:22:00.184524Z
1281,11248,1,1,1,6,SOFT,0.0,2026-07-26T17:22:00.184524Z
1281,11248,3,31,11,16,SOFT,0.0,2026-07-26T17:22:00.184524Z
1281,11248,3,43,11,18,MEDIUM,0.0,2026-07-26T17:22:00.184524Z
1281,11248,4,3,14,16,SOFT,0.0,2026-07-26T17:22:00.184524Z
1281,11248,3,18,11,13,SOFT,0.0,2026-07-26T17:22:00.184524Z
1281,11248,4,41,11,14,SOFT,0.0,2026-07-26T17:22:00.184524Z
1281,11248,4,87,13,15,MEDIUM,0.0,2026-07-26T17:22:00.184524Z
1281,11248,5,3,17,19,SOFT,3.0,2026-07-26T17:22:00.184524Z
1281,11248,5,41,15,17,SOFT,4.0,2026-07-26T17:22:00.184524Z
1281,11248,5,5,16,18,SOFT,0.0,2026-07-26T17:22:00.184524Z
1281,11248,4,31,17,19,SOFT,0.0,2026-07-26T17:22:00.184524Z
1281,11248,4,55,18,23,SOFT,0.0,2026-07-26T17:22:00.184524Z
1281,11248,4,81,12,16,SOFT,3.0,2026-07-26T17:22:00.184524Z
1281,11248,3,27,16,18,SOFT,0.0,2026-07-26T17:22:00.184524Z
1281,11248,3,14,9,13,SOFT,0.0,2026-07-26T17:22:00.184524Z
1281,11248,5,12,13,15,SOFT,3.0,2026-07-26T17:22:00.184524Z
1281,11248,4,14,14,14,SOFT,0.0,2026-07-26T17:22:00.184524Z
1281,11248,4,63,13,15,SOFT,3.0,2026-07-26T17:22:00.184524Z
1281,11248,5,87,16,18,MEDIUM,0.0,2026-07-26T17:22:00.184524Z
1281,11248,3,30,15,21,SOFT,0.0,2026-07-26T17:22:00.184524Z
1281,11248,6,3,20,22,SOFT,6.0,2026-07-26T17:22:00.184524Z
1281,11248,4,10,12,20,SOFT,0.0,2026-07-26T17:22:00.184524Z
1281,11248,6,5,19,21,SOFT,0.0,2026-07-26T17:22:00.184524Z
1281,11248,2,6,13,21,SOFT,0.0,2026-07-26T17:22:00.184524Z
1281,11248,3,11,12,18,SOFT,0.0,2026-07-26T17:22:00.184524Z
1281,11248,6,77,14,20,SOFT,0.0,2026-07-26T17:22:00.184524Z
1281,11248,5,31,20,22,MEDIUM,10.0,2026-07-26T17:22:00.184524Z
1281,11248,5,55,24,26,SOFT,6.0,2026-07-26T17:22:00.184524Z
1281,11248,2,1,7,13,SOFT,0.0,2026-07-26T17:22:00.184524Z
1281,11248,4,43,19,25,SOFT,0.0,2026-07-26T17:22:00.184524Z
1281,11248,3,44,14,23,SOFT,0.0,2026-07-26T17:22:00.184524Z
1281,11248,5,81,17,19,SOFT,8.0,2026-07-26T17:22:00.184524Z
1281,11248,4,27,19,21,SOFT,8.0,2026-07-26T17:22:00.184524Z
1281,11248,4,18,14,19,SOFT,3.0,2026-07-26T17:22:00.184524Z
1281,11248,6,12,16,18,SOFT,9.0,2026-07-26T17:22:00.184524Z
1281,11248,2,23,10,20,SOFT,0.0,2026-07-26T17:22:00.184524Z
1281,11248,3,16,10,20,SOFT,0.0,2026-07-26T17:22:00.184524Z
1281,11248,5,63,16,18,SOFT,9.0,2026-07-26T17:22:00.184524Z
1281,11249,1,55,1,3,SOFT,0.0,2026-07-26T17:22:03.592172Z
1281,11249,1,23,1,3,SOFT,0.0,2026-07-26T17:22:03.592172Z
1281,11249,1,18,1,3,SOFT,0.0,2026-07-26T17:22:03.592172Z
1281,11249,1,14,1,3,SOFT,0.0,2026-07-26T17:22:03.592172Z
1281,11249,1,77,1,3,SOFT,0.0,2026-07-26T17:22:03.592172Z
1281,11249,1,3,1,3,SOFT,0.0,2026-07-26T17:22:03.592172Z
1281,11249,1,6,1,3,SOFT,0.0,2026-07-26T17:22:03.592172Z
1281,11249,1,63,1,3,SOFT,0.0,2026-07-26T17:22:03.592172Z
1281,11249,1,31,1,6,SOFT,0.0,2026-07-26T17:22:03.592172Z
1281,11249,1,87,1,6,SOFT,0.0,2026-07-26T17:22:03.592172Z
1281,11249,1,11,1,3,SOFT,0.0,2026-07-26T17:22:03.592172Z
1281,11249,2,55,4,6,SOFT,0.0,2026-07-26T17:22:03.592172Z
1281,11249,1,41,1,6,SOFT,0.0,2026-07-26T17:22:03.592172Z
1281,11249,2,23,4,6,SOFT,0.0,2026-07-26T17:22:03.592172Z
1281,11249,1,30,1,6,SOFT,0.0,2026-07-26T17:22:03.592172Z
1281,11249,2,18,4,6,SOFT,0.0,2026-07-26T17:22:03.592172Z
1281,11249,2,14,4,6,SOFT,0.0,2026-07-26T17:22:03.592172Z
1281,11249,1,27,1,5,SOFT,0.0,2026-07-26T17:22:03.592172Z
1281,11249,1,5,1,5,SOFT,0.0,2026-07-26T17:22:03.592172Z
1281,11249,1,1,1,5,SOFT,0.0,2026-07-26T17:22:03.592172Z
1281,11249,1,10,1,3,SOFT,0.0,2026-07-26T17:22:03.592172Z
1281,11249,1,43,1,3,SOFT,0.0,2026-07-26T17:22:03.592172Z
1281,11249,2,77,4,6,SOFT,0.0,2026-07-26T17:22:03.592172Z
1281,11249,1,81,1,5,SOFT,0.0,2026-07-26T17:22:03.592172Z
1281,11249,2,87,7,9,SOFT,0.0,2026-07-26T17:22:03.592172Z
1281,11249,2,11,4,6,SOFT,0.0,2026-07-26T17:22:03.592172Z
1281,11249,3,23,7,9,SOFT,0.0,2026-07-26T17:22:03.592172Z
1281,11249,3,18,7,9,SOFT,0.0,2026-07-26T17:22:03.592172Z
1281,11249,3,14,7,9,SOFT,0.0,2026-07-26T17:22:03.592172Z
1281,11249,3,77,7,9,SOFT,0.0,2026-07-26T17:22:03.592172Z
1281,11249,1,12,1,3,SOFT,0.0,2026-07-26T17:22:03.592172Z
1281,11249,2,63,4,6,SOFT,0.0,2026-07-26T17:22:03.592172Z
1281,11249,1,44,1,6,SOFT,0.0,2026-07-26T17:22:03.592172Z
1281,11249,1,16,1,6,SOFT,0.0,2026-07-26T17:22:03.592172Z
1281,11249,2,3,4,6,SOFT,3.0,2026-07-26T17:22:03.592172Z
1281,11249,2,6,4,6,SOFT,3.0,2026-07-26T17:22:03.592172Z
1281,11249,2,41,7,9,SOFT,0.0,2026-07-26T17:22:03.592172Z
1281,11249,2,27,6,8,SOFT,0.0,2026-07-26T17:22:03.592172Z
1281,11249,2,30,7,9,SOFT,0.0,2026-07-26T17:22:03.592172Z
1281,11249,2,5,6,8,SOFT,0.0,2026-07-26T17:22:03.592172Z
1281,11249,3,55,7,9,SOFT,0.0,2026-07-26T17:22:03.592172Z
1281,11249,2,43,4,6,SOFT,0.0,2026-07-26T17:22:03.592172Z
1281,11249,2,10,4,6,SOFT,0.0,2026-07-26T17:22:03.592172Z
1281,11249,2,31,7,9,SOFT,0.0,2026-07-26T17:22:03.592172Z
1281,11249,2,81,6,8,SOFT,5.0,2026-07-26T17:22:03.592172Z
1281,11249,2,1,6,8,SOFT,5.0,2026-07-26T17:22:03.592172Z
1281,11249,3,63,7,9,SOFT,6.0,2026-07-26T17:22:03.592172Z
1281,11249,2,44,7,9,SOFT,6.0,2026-07-26T17:22:03.592172Z
1281,11249,2,16,7,9,SOFT,6.0,2026-07-26T17:22:03.592172Z
1281,11249,3,3,7,9,SOFT,0.0,2026-07-26T17:22:03.592172Z
1281,11249,3,6,7,9,SOFT,0.0,2026-07-26T17:22:03.592172Z
1281,11249,3,1,9,11,SOFT,0.0,2026-07-26T17:22:03.592172Z
1281,11249,3,81,9,11,SOFT,0.0,2026-07-26T17:22:03.592172Z
1281,11249,3,31,10,12,SOFT,0.0,2026-07-26T17:22:03.592172Z
1281,11249,3,10,7,9,SOFT,0.0,2026-07-26T17:22:03.592172Z
1281,11249,3,27,9,11,SOFT,0.0,2026-07-26T17:22:03.592172Z
1281,11249,3,43,7,9,SOFT,0.0,2026-07-26T17:22:03.592172Z
1281,11249,3,5,9,11,SOFT,0.0,2026-07-26T17:22:03.592172Z
1281,11249,3,41,10,12,SOFT,0.0,2026-07-26T17:22:03.592172Z
1281,11249,4,55,10,12,SOFT,3.0,2026-07-26T17:22:03.592172Z
1281,11249,3,30,10,12,SOFT,0.0,2026-07-26T17:22:03.592172Z
1281,11249,2,12,4,6,SOFT,3.0,2026-07-26T17:22:03.592172Z
1281,11249,4,3,10,12,SOFT,0.0,2026-07-26T17:22:03.592172Z
1281,11249,4,31,13,15,SOFT,0.0,2026-07-26T17:22:03.592172Z
1281,11249,4,27,12,14,SOFT,0.0,2026-07-26T17:22:03.592172Z
1281,11249,4,43,10,12,SOFT,0.0,2026-07-26T17:22:03.592172Z
1281,11249,5,55,13,15,SOFT,0.0,2026-07-26T17:22:03.592172Z
1281,11249,4,30,13,15,SOFT,0.0,2026-07-26T17:22:03.592172Z
1281,11249,3,12,7,9,SOFT,0.0,2026-07-26T17:22:03.592172Z
1281,11249,4,63,10,15,SOFT,0.0,2026-07-26T17:22:03.592172Z
1281,11249,4,5,12,14,SOFT,0.0,2026-07-26T17:22:03.592172Z
1281,11249,4,10,10,12,SOFT,0.0,2026-07-26T17:22:03.592172Z
1281,11249,4,41,13,15,SOFT,0.0,2026-07-26T17:22:03.592172Z
1281,11249,4,1,12,14,SOFT,0.0,2026-07-26T17:22:03.592172Z
1281,11249,4,81,12,14,SOFT,3.0,2026-07-26T17:22:03.592172Z
1281,11249,3,44,10,14,SOFT,0.0,2026-07-26T17:22:03.592172Z
1281,11249,3,16,10,12,SOFT,0.0,2026-07-26T17:22:03.592172Z
1281,11249,4,6,10,12,SOFT,0.0,2026-07-26T17:22:03.592172Z
1281,11249,4,12,10,12,SOFT,0.0,2026-07-26T17:22:03.592172Z
1281,11249,5,63,16,18,SOFT,0.0,2026-07-26T17:22:03.592172Z
1281,11249,5,1,15,17,SOFT,0.0,2026-07-26T17:22:03.592172Z
1281,11249,5,81,15,17,SOFT,0.0,2026-07-26T17:22:03.592172Z
1281,11249,5,6,13,15,SOFT,0.0,2026-07-26T17:22:03.592172Z
1281,11249,4,44,15,17,SOFT,0.0,2026-07-26T17:22:03.592172Z
1281,11249,5,5,15,17,SOFT,3.0,2026-07-26T17:22:03.592172Z
1281,11249,5,41,16,18,SOFT,3.0,2026-07-26T17:22:03.592172Z
1281,11249,5,10,13,15,SOFT,3.0,2026-07-26T17:22:03.592172Z
1281,11249,4,16,13,15,SOFT,0.0,2026-07-26T17:22:03.592172Z
1281,11249,6,6,16,17,SOFT,0.0,2026-07-26T17:22:03.592172Z
1281,11249,5,12,13,15,SOFT,0.0,2026-07-26T17:22:03.592172Z
1281,11249,6,63,19,21,SOFT,0.0,2026-07-26T17:22:03.592172Z
1281,11249,6,1,18,20,SOFT,0.0,2026-07-26T17:22:03.592172Z
1281,11249,6,81,18,20,SOFT,0.0,2026-07-26T17:22:03.592172Z
1281,11249,5,44,18,20,SOFT,0.0,2026-07-26T17:22:03.592172Z
1281,11249,6,5,18,20,SOFT,0.0,2026-07-26T17:22:03.592172Z
1281,11249,6,41,19,21,SOFT,0.0,2026-07-26T17:22:03.592172Z
1281,11249,6,10,16,18,SOFT,0.0,2026-07-26T17:22:03.592172Z
1281,11249,5,16,16,18,SOFT,0.0,2026-07-26T17:22:03.592172Z
1281,11253,1,1,1,16,MEDIUM,0.0,2026-07-26T17:22:08.801376Z
1281,11253,1,87,1,16,MEDIUM,0.0,2026-07-26T17:22:08.801376Z
1281,11253,1,16,1,17,MEDIUM,0.0,2026-07-26T17:22:08.801376Z
1281,11253,1,43,1,17,MEDIUM,0.0,2026-07-26T17:22:08.801376Z
1281,11253,1,81,1,18,MEDIUM,0.0,2026-07-26T17:22:08.801376Z
1281,11253,1,41,1,18,MEDIUM,0.0,2026-07-26T17:22:08.801376Z
1281,11253,1,31,1,19,MEDIUM,0.0,2026-07-26T17:22:08.801376Z
1281,11253,1,6,1,19,MEDIUM,0.0,2026-07-26T17:22:08.801376Z
1281,11253,1,77,1,19,HARD,0.0,2026-07-26T17:22:08.801376Z
1281,11253,2,87,17,20,HARD,0.0,2026-07-26T17:22:08.801376Z
1281,11253,1,63,1,21,MEDIUM,0.0,2026-07-26T17:22:08.801376Z
1281,11253,1,11,1,21,MEDIUM,0.0,2026-07-26T17:22:08.801376Z
1281,11253,1,18,1,21,MEDIUM,0.0,2026-07-26T17:22:08.801376Z
1281,11253,1,14,1,21,MEDIUM,0.0,2026-07-26T17:22:08.801376Z
1281,11253,1,12,1,22,MEDIUM,0.0,2026-07-26T17:22:08.801376Z
1281,11253,1,44,1,22,MEDIUM,0.0,2026-07-26T17:22:08.801376Z
1281,11253,1,10,1,22,MEDIUM,0.0,2026-07-26T17:22:08.801376Z
1281,11253,1,3,1,22,MEDIUM,0.0,2026-07-26T17:22:08.801376Z
1281,11253,1,30,1,22,MEDIUM,0.0,2026-07-26T17:22:08.801376Z
1281,11253,1,5,1,22,MEDIUM,0.0,2026-07-26T17:22:08.801376Z
1281,11253,1,55,1,22,MEDIUM,0.0,2026-07-26T17:22:08.801376Z
1281,11253,1,23,1,22,MEDIUM,0.0,2026-07-26T17:22:08.801376Z
1281,11253,1,27,1,23,MEDIUM,0.0,2026-07-26T17:22:08.801376Z
1281,11253,2,14,22,23,HARD,0.0,2026-07-26T17:22:08.801376Z
1281,11253,2,18,22,24,HARD,0.0,2026-07-26T17:22:08.801376Z
1281,11253,3,18,25,30,MEDIUM,0.0,2026-07-26T17:22:08.801376Z
1281,11253,2,23,23,45,HARD,0.0,2026-07-26T17:22:08.801376Z
1281,11253,3,23,46,46,SOFT,0.0,2026-07-26T17:22:08.801376Z
1281,11253,4,23,47,47,SOFT,1.0,2026-07-26T17:22:08.801376Z
1281,11253,5,23,48,48,SOFT,2.0,2026-07-26T17:22:08.801376Z
1281,11253,6,23,49,49,SOFT,3.0,2026-07-26T17:22:08.801376Z
1281,11253,2,12,23,53,HARD,0.0,2026-07-26T17:22:08.801376Z
1281,11253,7,23,50,51,MEDIUM,0.0,2026-07-26T17:22:08.801376Z
1281,11253,2,81,19,53,HARD,0.0,2026-07-26T17:22:08.801376Z
1281,11253,2,16,18,53,HARD,0.0,2026-07-26T17:22:08.801376Z
1281,11253,2,63,22,53,HARD,0.0,2026-07-26T17:22:08.801376Z
1281,11253,2,1,17,53,HARD,0.0,2026-07-26T17:22:08.801376Z
1281,11253,2,44,23,53,HARD,0.0,2026-07-26T17:22:08.801376Z
1281,11253,3,14,24,52,MEDIUM,0.0,2026-07-26T17:22:08.801376Z
1281,11253,2,10,23,53,HARD,0.0,2026-07-26T17:22:08.801376Z
1281,11253,2,3,23,53,HARD,0.0,2026-07-26T17:22:08.801376Z
1281,11253,2,77,20,52,MEDIUM,0.0,2026-07-26T17:22:08.801376Z
1281,11253,2,30,23,53,HARD,0.0,2026-07-26T17:22:08.801376Z
1281,11253,2,31,20,53,HARD,0.0,2026-07-26T17:22:08.801376Z
1281,11253,2,27,24,53,HARD,0.0,2026-07-26T17:22:08.801376Z
1281,11253,2,6,20,53,HARD,0.0,2026-07-26T17:22:08.801376Z
1281,11253,2,5,23,53,HARD,0.0,2026-07-26T17:22:08.801376Z
1281,11253,2,41,19,53,HARD,0.0,2026-07-26T17:22:08.801376Z
1281,11253,2,55,23,53,HARD,0.0,2026-07-26T17:22:08.801376Z
1281,11253,2,43,18,53,HARD,0.0,2026-07-26T17:22:08.801376Z
1281,11253,2,11,22,53,HARD,0.0,2026-07-26T17:22:08.801376Z
1284,11275,1,41,1,1,MEDIUM,3.0,2026-07-26T17:24:03.940484Z
1284,11275,1,27,1,1,MEDIUM,6.0,2026-07-26T17:24:03.940484Z
1284,11275,1,23,1,13,MEDIUM,6.0,2026-07-26T17:24:03.940484Z
1284,11275,1,1,1,19,MEDIUM,0.0,2026-07-26T17:24:03.940484Z
1284,11275,1,81,1,19,MEDIUM,0.0,2026-07-26T17:24:03.940484Z
1284,11275,1,16,1,19,MEDIUM,0.0,2026-07-26T17:24:03.940484Z
1284,11275,1,12,1,19,MEDIUM,0.0,2026-07-26T17:24:03.940484Z
1284,11275,1,63,1,19,MEDIUM,0.0,2026-07-26T17:24:03.940484Z
1284,11275,1,3,1,19,MEDIUM,3.0,2026-07-26T17:24:03.940484Z
1284,11275,1,44,1,19,MEDIUM,0.0,2026-07-26T17:24:03.940484Z
1284,11275,1,10,1,19,MEDIUM,0.0,2026-07-26T17:24:03.940484Z
1284,11275,1,6,1,19,MEDIUM,6.0,2026-07-26T17:24:03.940484Z
1284,11275,1,43,1,19,MEDIUM,0.0,2026-07-26T17:24:03.940484Z
1284,11275,1,5,1,19,MEDIUM,6.0,2026-07-26T17:24:03.940484Z
1284,11275,1,31,1,19,MEDIUM,3.0,2026-07-26T17:24:03.940484Z
1284,11275,1,87,1,19,MEDIUM,3.0,2026-07-26T17:24:03.940484Z
1284,11275,1,55,1,19,MEDIUM,6.0,2026-07-26T17:24:03.940484Z
1284,11275,1,30,1,19,MEDIUM,0.0,2026-07-26T17:24:03.940484Z
1284,11275,1,14,1,19,SOFT,0.0,2026-07-26T17:24:03.940484Z
1284,11275,1,11,1,19,HARD,0.0,2026-07-26T17:24:03.940484Z
1284,11275,1,18,1,19,SOFT,0.0,2026-07-26T17:24:03.940484Z
1284,11275,2,23,14,19,MEDIUM,6.0,2026-07-26T17:24:03.940484Z
1284,11275,1,77,1,19,HARD,0.0,2026-07-26T17:24:03.940484Z
1284,11276,1,41,1,3,SOFT,0.0,2026-07-26T17:24:07.962314Z
1284,11276,1,30,1,2,SOFT,0.0,2026-07-26T17:24:07.962314Z
1284,11276,1,23,1,3,SOFT,0.0,2026-07-26T17:24:07.962314Z
1284,11276,1,31,1,3,SOFT,0.0,2026-07-26T17:24:07.962314Z
1284,11276,1,55,1,3,SOFT,0.0,2026-07-26T17:24:07.962314Z
1284,11276,1,87,1,3,SOFT,0.0,2026-07-26T17:24:07.962314Z
1284,11276,1,18,1,3,SOFT,0.0,2026-07-26T17:24:07.962314Z
1284,11276,1,27,1,3,MEDIUM,6.0,2026-07-26T17:24:07.962314Z
1284,11276,1,14,1,3,SOFT,0.0,2026-07-26T17:24:07.962314Z
1284,11276,1,11,1,3,SOFT,0.0,2026-07-26T17:24:07.962314Z
1284,11276,1,77,1,3,SOFT,0.0,2026-07-26T17:24:07.962314Z
1284,11276,1,10,1,2,SOFT,9.0,2026-07-26T17:24:07.962314Z
1284,11276,1,43,1,2,SOFT,0.0,2026-07-26T17:24:07.962314Z
1284,11276,1,6,1,3,SOFT,3.0,2026-07-26T17:24:07.962314Z
1284,11276,1,16,1,3,SOFT,3.0,2026-07-26T17:24:07.962314Z
1284,11276,1,44,1,3,SOFT,3.0,2026-07-26T17:24:07.962314Z
1284,11276,1,1,1,3,SOFT,3.0,2026-07-26T17:24:07.962314Z
1284,11276,1,81,1,3,SOFT,3.0,2026-07-26T17:24:07.962314Z
1284,11276,1,63,1,3,SOFT,3.0,2026-07-26T17:24:07.962314Z
1284,11276,1,12,1,3,SOFT,3.0,2026-07-26T17:24:07.962314Z
1284,11276,2,23,4,6,SOFT,0.0,2026-07-26T17:24:07.962314Z
1284,11276,2,30,3,5,SOFT,0.0,2026-07-26T17:24:07.962314Z
1284,11276,2,55,4,6,SOFT,0.0,2026-07-26T17:24:07.962314Z
1284,11276,2,31,4,6,SOFT,0.0,2026-07-26T17:24:07.962314Z
1284,11276,2,18,4,6,SOFT,0.0,2026-07-26T17:24:07.962314Z
1284,11276,2,41,4,6,SOFT,0.0,2026-07-26T17:24:07.962314Z
1284,11276,2,14,4,6,SOFT,0.0,2026-07-26T17:24:07.962314Z
1284,11276,2,11,4,6,SOFT,0.0,2026-07-26T17:24:07.962314Z
1284,11276,2,27,4,6,SOFT,0.0,2026-07-26T17:24:07.962314Z
1284,11276,2,77,4,6,SOFT,0.0,2026-07-26T17:24:07.962314Z
1284,11276,3,14,7,8,SOFT,0.0,2026-07-26T17:24:07.962314Z
1284,11276,1,5,1,3,SOFT,0.0,2026-07-26T17:24:07.962314Z
1284,11276,3,41,7,9,SOFT,0.0,2026-07-26T17:24:07.962314Z
1284,11276,3,18,7,9,SOFT,0.0,2026-07-26T17:24:07.962314Z
1284,11276,3,11,7,9,SOFT,0.0,2026-07-26T17:24:07.962314Z
1284,11276,3,77,7,9,SOFT,0.0,2026-07-26T17:24:07.962314Z
1284,11276,2,6,4,9,SOFT,0.0,2026-07-26T17:24:07.962314Z
1284,11276,1,3,1,3,SOFT,3.0,2026-07-26T17:24:07.962314Z
1284,11276,3,27,7,8,SOFT,0.0,2026-07-26T17:24:07.962314Z
1284,11276,3,55,7,9,SOFT,0.0,2026-07-26T17:24:07.962314Z
1284,11276,3,23,7,9,SOFT,0.0,2026-07-26T17:24:07.962314Z
1284,11276,2,16,4,9,SOFT,6.0,2026-07-26T17:24:07.962314Z
1284,11276,2,44,4,9,SOFT,6.0,2026-07-26T17:24:07.962314Z
1284,11276,3,31,7,9,SOFT,0.0,2026-07-26T17:24:07.962314Z
1284,11276,2,87,4,6,SOFT,0.0,2026-07-26T17:24:07.962314Z
1284,11276,2,10,3,8,SOFT,0.0,2026-07-26T17:24:07.962314Z
1284,11276,2,1,4,6,SOFT,6.0,2026-07-26T17:24:07.962314Z
1284,11276,2,43,3,8,SOFT,0.0,2026-07-26T17:24:07.962314Z
1284,11276,3,30,6,8,SOFT,0.0,2026-07-26T17:24:07.962314Z
1284,11276,2,81,4,8,SOFT,6.0,2026-07-26T17:24:07.962314Z
1284,11276,2,12,4,6,SOFT,0.0,2026-07-26T17:24:07.962314Z
1284,11276,2,63,4,6,SOFT,0.0,2026-07-26T17:24:07.962314Z
1284,11276,3,1,7,8,SOFT,0.0,2026-07-26T17:24:07.962314Z
1284,11276,3,12,7,9,SOFT,0.0,2026-07-26T17:24:07.962314Z
1284,11276,3,63,7,9,SOFT,0.0,2026-07-26T17:24:07.962314Z
1284,11276,3,10,9,11,SOFT,0.0,2026-07-26T17:24:07.962314Z
1284,11276,3,43,9,11,SOFT,0.0,2026-07-26T17:24:07.962314Z
1284,11276,4,55,10,12,SOFT,0.0,2026-07-26T17:24:07.962314Z
1284,11276,3,6,10,12,SOFT,0.0,2026-07-26T17:24:07.962314Z
1284,11276,2,3,4,6,SOFT,0.0,2026-07-26T17:24:07.962314Z
1284,11276,3,16,10,12,SOFT,0.0,2026-07-26T17:24:07.962314Z
1284,11276,4,27,9,11,SOFT,0.0,2026-07-26T17:24:07.962314Z
1284,11276,4,30,9,11,SOFT,0.0,2026-07-26T17:24:07.962314Z
1284,11276,3,81,9,11,SOFT,0.0,2026-07-26T17:24:07.962314Z
1284,11276,3,44,10,12,SOFT,0.0,2026-07-26T17:24:07.962314Z
1284,11276,4,31,10,12,SOFT,0.0,2026-07-26T17:24:07.962314Z
1284,11276,3,87,7,9,SOFT,0.0,2026-07-26T17:24:07.962314Z
1284,11276,4,23,10,12,SOFT,0.0,2026-07-26T17:24:07.962314Z
1284,11276,5,55,13,15,SOFT,0.0,2026-07-26T17:24:07.962314Z
1284,11276,5,27,12,14,SOFT,0.0,2026-07-26T17:24:07.962314Z
1284,11276,5,30,12,14,SOFT,0.0,2026-07-26T17:24:07.962314Z
1284,11276,5,31,13,15,SOFT,0.0,2026-07-26T17:24:07.962314Z
1284,11276,4,87,10,12,SOFT,0.0,2026-07-26T17:24:07.962314Z
1284,11276,5,23,13,15,SOFT,0.0,2026-07-26T17:24:07.962314Z
1284,11276,4,81,12,14,SOFT,0.0,2026-07-26T17:24:07.962314Z
1284,11276,4,1,9,14,SOFT,0.0,2026-07-26T17:24:07.962314Z
1284,11276,4,6,13,15,SOFT,0.0,2026-07-26T17:24:07.962314Z
1284,11276,3,3,7,9,SOFT,0.0,2026-07-26T17:24:07.962314Z
1284,11276,4,16,13,15,SOFT,0.0,2026-07-26T17:24:07.962314Z
1284,11276,4,44,13,15,SOFT,0.0,2026-07-26T17:24:07.962314Z
1284,11276,4,10,12,14,SOFT,0.0,2026-07-26T17:24:07.962314Z
1284,11276,4,43,12,14,SOFT,0.0,2026-07-26T17:24:07.962314Z
1284,11276,4,12,10,12,SOFT,0.0,2026-07-26T17:24:07.962314Z
1284,11276,4,63,10,12,SOFT,0.0,2026-07-26T17:24:07.962314Z
1284,11276,5,12,13,15,SOFT,0.0,2026-07-26T17:24:07.962314Z
1284,11276,5,63,13,15,SOFT,0.0,2026-07-26T17:24:07.962314Z
1284,11276,5,81,15,17,SOFT,0.0,2026-07-26T17:24:07.962314Z
1284,11276,5,1,15,17,SOFT,0.0,2026-07-26T17:24:07.962314Z
1284,11276,5,16,16,18,SOFT,0.0,2026-07-26T17:24:07.962314Z
1284,11276,5,44,16,18,SOFT,0.0,2026-07-26T17:24:07.962314Z
1284,11276,5,10,15,17,SOFT,0.0,2026-07-26T17:24:07.962314Z
1284,11276,5,43,15,17,SOFT,0.0,2026-07-26T17:24:07.962314Z
1284,11276,5,6,16,18,SOFT,0.0,2026-07-26T17:24:07.962314Z
1284,11276,4,3,10,12,SOFT,0.0,2026-07-26T17:24:07.962314Z
1284,11276,6,12,16,17,SOFT,0.0,2026-07-26T17:24:07.962314Z
1284,11276,6,43,18,19,SOFT,0.0,2026-07-26T17:24:07.962314Z
1284,11276,6,63,16,18,SOFT,0.0,2026-07-26T17:24:07.962314Z
1284,11276,6,81,18,20,SOFT,0.0,2026-07-26T17:24:07.962314Z
1284,11276,6,1,18,20,SOFT,0.0,2026-07-26T17:24:07.962314Z
1284,11276,6,16,19,21,SOFT,0.0,2026-07-26T17:24:07.962314Z
1284,11276,6,44,19,21,SOFT,0.0,2026-07-26T17:24:07.962314Z
1284,11276,6,10,18,20,SOFT,0.0,2026-07-26T17:24:07.962314Z
1284,11276,6,6,19,21,SOFT,0.0,2026-07-26T17:24:07.962314Z
1284,11276,5,3,13,15,SOFT,0.0,2026-07-26T17:24:07.962314Z
1284,11280,1,16,1,21,MEDIUM,0.0,2026-07-26T17:24:13.498281Z
1284,11280,1,3,1,6,MEDIUM,0.0,2026-07-26T17:24:13.498281Z
1284,11280,1,55,1,28,MEDIUM,0.0,2026-07-26T17:24:13.498281Z
1284,11280,1,44,1,27,MEDIUM,0.0,2026-07-26T17:24:13.498281Z
1284,11280,1,30,1,6,MEDIUM,0.0,2026-07-26T17:24:13.498281Z
1284,11280,1,41,1,28,MEDIUM,0.0,2026-07-26T17:24:13.498281Z
1284,11280,1,63,1,20,MEDIUM,0.0,2026-07-26T17:24:13.498281Z
1284,11280,1,12,1,26,MEDIUM,0.0,2026-07-26T17:24:13.498281Z
1284,11280,1,23,1,27,MEDIUM,3.0,2026-07-26T17:24:13.498281Z
1284,11280,1,14,1,41,MEDIUM,0.0,2026-07-26T17:24:13.498281Z
1284,11280,1,5,1,32,MEDIUM,0.0,2026-07-26T17:24:13.498281Z
1284,11280,1,27,1,1,MEDIUM,0.0,2026-07-26T17:24:13.498281Z
1284,11280,1,87,1,26,MEDIUM,0.0,2026-07-26T17:24:13.498281Z
1284,11280,1,11,1,29,MEDIUM,0.0,2026-07-26T17:24:13.498281Z
1284,11280,1,18,1,21,MEDIUM,0.0,2026-07-26T17:24:13.498281Z
1284,11280,1,31,1,31,MEDIUM,0.0,2026-07-26T17:24:13.498281Z
1284,11280,1,43,1,31,MEDIUM,0.0,2026-07-26T17:24:13.498281Z
1284,11280,1,1,1,27,MEDIUM,0.0,2026-07-26T17:24:13.498281Z
1284,11280,1,6,1,4,HARD,0.0,2026-07-26T17:24:13.498281Z
1284,11280,1,77,1,6,MEDIUM,0.0,2026-07-26T17:24:13.498281Z
1284,11280,1,10,1,4,MEDIUM,0.0,2026-07-26T17:24:13.498281Z
1284,11280,1,81,1,28,MEDIUM,0.0,2026-07-26T17:24:13.498281Z
1284,11280,2,27,2,7,MEDIUM,0.0,2026-07-26T17:24:13.498281Z
1284,11280,2,3,7,57,HARD,0.0,2026-07-26T17:24:13.498281Z
1284,11280,2,77,7,21,SOFT,0.0,2026-07-26T17:24:13.498281Z
1284,11280,2,63,21,57,HARD,0.0,2026-07-26T17:24:13.498281Z
1284,11280,2,16,22,57,HARD,0.0,2026-07-26T17:24:13.498281Z
1284,11280,2,18,22,37,SOFT,3.0,2026-07-26T17:24:13.498281Z
1284,11280,3,77,22,30,MEDIUM,0.0,2026-07-26T17:24:13.498281Z
1284,11280,2,12,27,57,HARD,0.0,2026-07-26T17:24:13.498281Z
1284,11280,2,87,27,56,HARD,0.0,2026-07-26T17:24:13.498281Z
1284,11280,2,1,28,57,HARD,0.0,2026-07-26T17:24:13.498281Z
1284,11280,2,44,28,57,HARD,0.0,2026-07-26T17:24:13.498281Z
1284,11280,2,23,28,57,HARD,0.0,2026-07-26T17:24:13.498281Z
1284,11280,2,81,29,57,HARD,0.0,2026-07-26T17:24:13.498281Z
1284,11280,2,55,29,57,HARD,0.0,2026-07-26T17:24:13.498281Z
1284,11280,2,41,29,56,HARD,0.0,2026-07-26T17:24:13.498281Z
1284,11280,2,11,30,56,HARD,0.0,2026-07-26T17:24:13.498281Z
1284,11280,4,77,31,55,MEDIUM,9.0,2026-07-26T17:24:13.498281Z
1284,11280,2,43,32,57,HARD,0.0,2026-07-26T17:24:13.498281Z
1284,11280,2,31,32,56,HARD,0.0,2026-07-26T17:24:13.498281Z
1284,11280,2,5,33,56,HARD,0.0,2026-07-26T17:24:13.498281Z
1284,11280,3,18,38,56,SOFT,0.0,2026-07-26T17:24:13.498281Z
1284,11280,2,14,42,56,SOFT,0.0,2026-07-26T17:24:13.498281Z
1285,11287,1,41,1,4,SOFT,6.0,2026-07-26T17:25:05.284867Z
1285,11287,1,23,1,6,SOFT,0.0,2026-07-26T17:25:05.284867Z
1285,11287,1,1,1,4,SOFT,5.0,2026-07-26T17:25:05.284867Z
1285,11287,1,10,1,5,SOFT,0.0,2026-07-26T17:25:05.284867Z
1285,11287,1,43,1,4,SOFT,0.0,2026-07-26T17:25:05.284867Z
1285,11287,1,30,1,6,SOFT,0.0,2026-07-26T17:25:05.284867Z
1285,11287,1,87,1,6,SOFT,0.0,2026-07-26T17:25:05.284867Z
1285,11287,1,81,1,5,SOFT,5.0,2026-07-26T17:25:05.284867Z
1285,11287,1,31,1,6,SOFT,0.0,2026-07-26T17:25:05.284867Z
1285,11287,1,55,1,6,SOFT,0.0,2026-07-26T17:25:05.284867Z
1285,11287,1,14,1,5,SOFT,0.0,2026-07-26T17:25:05.284867Z
1285,11287,1,18,1,5,SOFT,0.0,2026-07-26T17:25:05.284867Z
1285,11287,1,27,1,5,SOFT,0.0,2026-07-26T17:25:05.284867Z
1285,11287,1,77,1,6,SOFT,0.0,2026-07-26T17:25:05.284867Z
1285,11287,1,5,1,6,SOFT,0.0,2026-07-26T17:25:05.284867Z
1285,11287,1,11,1,6,SOFT,0.0,2026-07-26T17:25:05.284867Z
1285,11287,2,77,7,10,SOFT,0.0,2026-07-26T17:25:05.284867Z
1285,11287,2,18,6,10,SOFT,0.0,2026-07-26T17:25:05.284867Z
1285,11287,2,11,7,11,SOFT,0.0,2026-07-26T17:25:05.284867Z
1285,11287,2,23,7,13,SOFT,0.0,2026-07-26T17:25:05.284867Z
1285,11287,2,31,7,12,SOFT,0.0,2026-07-26T17:25:05.284867Z
1285,11287,2,14,6,11,SOFT,0.0,2026-07-26T17:25:05.284867Z
1285,11287,2,10,6,10,SOFT,0.0,2026-07-26T17:25:05.284867Z
1285,11287,2,43,5,10,SOFT,0.0,2026-07-26T17:25:05.284867Z
1285,11287,2,81,6,11,SOFT,10.0,2026-07-26T17:25:05.284867Z
1285,11287,2,1,5,10,SOFT,0.0,2026-07-26T17:25:05.284867Z
1285,11287,2,30,7,12,SOFT,0.0,2026-07-26T17:25:05.284867Z
1285,11287,2,55,7,12,SOFT,0.0,2026-07-26T17:25:05.284867Z
1285,11287,2,87,7,12,SOFT,0.0,2026-07-26T17:25:05.284867Z
1285,11287,1,44,1,11,SOFT,5.0,2026-07-26T17:25:05.284867Z
1285,11287,1,16,1,11,SOFT,5.0,2026-07-26T17:25:05.284867Z
1285,11287,1,3,1,5,SOFT,4.0,2026-07-26T17:25:05.284867Z
1285,11287,1,6,1,5,SOFT,5.0,2026-07-26T17:25:05.284867Z
1285,11287,2,5,7,12,SOFT,0.0,2026-07-26T17:25:05.284867Z
1285,11287,1,63,1,6,SOFT,6.0,2026-07-26T17:25:05.284867Z
1285,11287,1,12,1,6,SOFT,5.0,2026-07-26T17:25:05.284867Z
1285,11287,2,27,6,11,SOFT,0.0,2026-07-26T17:25:05.284867Z
1285,11287,3,55,13,13,SOFT,6.0,2026-07-26T17:25:05.284867Z
1285,11287,2,41,5,12,SOFT,0.0,2026-07-26T17:25:05.284867Z
1285,11287,3,30,13,16,SOFT,0.0,2026-07-26T17:25:05.284867Z
1285,11287,3,27,12,15,SOFT,0.0,2026-07-26T17:25:05.284867Z
1285,11287,3,5,13,16,SOFT,0.0,2026-07-26T17:25:05.284867Z
1285,11287,3,43,11,14,SOFT,0.0,2026-07-26T17:25:05.284867Z
1285,11287,3,10,11,14,SOFT,0.0,2026-07-26T17:25:05.284867Z
1285,11287,2,63,7,10,SOFT,0.0,2026-07-26T17:25:05.284867Z
1285,11287,2,12,7,10,SOFT,0.0,2026-07-26T17:25:05.284867Z
1285,11287,3,87,13,17,SOFT,0.0,2026-07-26T17:25:05.284867Z
1285,11287,3,81,12,16,SOFT,0.0,2026-07-26T17:25:05.284867Z
1285,11287,2,44,12,16,SOFT,0.0,2026-07-26T17:25:05.284867Z
1285,11287,2,3,6,10,SOFT,0.0,2026-07-26T17:25:05.284867Z
1285,11287,2,6,6,10,SOFT,0.0,2026-07-26T17:25:05.284867Z
1285,11287,3,1,11,16,SOFT,0.0,2026-07-26T17:25:05.284867Z
1285,11287,4,55,14,17,SOFT,0.0,2026-07-26T17:25:05.284867Z
1285,11287,3,41,13,16,SOFT,0.0,2026-07-26T17:25:05.284867Z
1285,11287,2,16,12,17,SOFT,0.0,2026-07-26T17:25:05.284867Z
1285,11287,4,30,17,22,SOFT,0.0,2026-07-26T17:25:05.284867Z
1285,11287,4,27,16,21,SOFT,0.0,2026-07-26T17:25:05.284867Z
1285,11287,4,87,18,22,SOFT,0.0,2026-07-26T17:25:05.284867Z
1285,11287,5,55,18,21,SOFT,0.0,2026-07-26T17:25:05.284867Z
1285,11287,4,5,17,22,SOFT,0.0,2026-07-26T17:25:05.284867Z
1285,11287,4,10,15,20,SOFT,0.0,2026-07-26T17:25:05.284867Z
1285,11287,3,3,11,14,SOFT,0.0,2026-07-26T17:25:05.284867Z
1285,11287,3,6,11,14,SOFT,0.0,2026-07-26T17:25:05.284867Z
1285,11287,4,81,17,21,UNKNOWN,0.0,2026-07-26T17:25:05.284867Z
1285,11287,4,1,17,20,SOFT,0.0,2026-07-26T17:25:05.284867Z
1285,11287,3,44,17,20,SOFT,0.0,2026-07-26T17:25:05.284867Z
1285,11287,3,16,18,21,SOFT,0.0,2026-07-26T17:25:05.284867Z
1285,11287,4,41,17,20,SOFT,0.0,2026-07-26T17:25:05.284867Z
1285,11287,3,63,11,15,SOFT,0.0,2026-07-26T17:25:05.284867Z
1285,11287,3,12,11,16,SOFT,0.0,2026-07-26T17:25:05.284867Z
1285,11287,4,43,15,19,SOFT,0.0,2026-07-26T17:25:05.284867Z
1285,11287,4,63,16,18,SOFT,0.0,2026-07-26T17:25:05.284867Z
1285,11287,4,3,15,18,SOFT,0.0,2026-07-26T17:25:05.284867Z
1285,11287,5,41,21,24,SOFT,4.0,2026-07-26T17:25:05.284867Z
1285,11287,4,12,17,20,SOFT,0.0,2026-07-26T17:25:05.284867Z
1285,11287,4,16,22,25,SOFT,0.0,2026-07-26T17:25:05.284867Z
1285,11287,4,44,21,24,SOFT,0.0,2026-07-26T17:25:05.284867Z
1285,11287,5,1,21,24,SOFT,0.0,2026-07-26T17:25:05.284867Z
1285,11287,5,81,22,25,SOFT,0.0,2026-07-26T17:25:05.284867Z
1285,11287,4,6,15,18,SOFT,0.0,2026-07-26T17:25:05.284867Z
1285,11287,5,43,20,23,SOFT,0.0,2026-07-26T17:25:05.284867Z
1285,11287,5,44,25,27,SOFT,0.0,2026-07-26T17:25:05.284867Z
1285,11287,6,41,25,28,SOFT,0.0,2026-07-26T17:25:05.284867Z
1285,11287,5,12,21,24,SOFT,0.0,2026-07-26T17:25:05.284867Z
1285,11287,5,16,26,29,SOFT,0.0,2026-07-26T17:25:05.284867Z
1285,11287,6,1,25,28,SOFT,0.0,2026-07-26T17:25:05.284867Z
1285,11287,6,81,26,29,SOFT,0.0,2026-07-26T17:25:05.284867Z
1285,11287,5,6,19,22,SOFT,0.0,2026-07-26T17:25:05.284867Z
1285,11287,6,43,24,27,SOFT,0.0,2026-07-26T17:25:05.284867Z
1285,11287,5,63,19,24,SOFT,0.0,2026-07-26T17:25:05.284867Z
1285,11287,5,3,19,23,SOFT,0.0,2026-07-26T17:25:05.284867Z
1285,11291,1,41,1,1,MEDIUM,0.0,2026-07-26T17:25:10.166481Z
1285,11291,1,81,1,0,INTERMEDIATE,0.0,2026-07-26T17:25:10.166481Z
1285,11291,1,1,1,1,INTERMEDIATE,0.0,2026-07-26T17:25:10.166481Z
1285,11291,1,27,1,1,INTERMEDIATE,0.0,2026-07-26T17:25:10.166481Z
1285,11291,1,5,1,1,INTERMEDIATE,0.0,2026-07-26T17:25:10.166481Z
1285,11291,1,11,1,1,INTERMEDIATE,0.0,2026-07-26T17:25:10.166481Z
1285,11291,1,55,1,1,INTERMEDIATE,0.0,2026-07-26T17:25:10.166481Z
1285,11291,1,77,1,2,INTERMEDIATE,0.0,2026-07-26T17:25:10.166481Z
1285,11291,2,77,3,8,SOFT,0.0,2026-07-26T17:25:10.166481Z
1285,11291,1,23,1,11,SOFT,0.0,2026-07-26T17:25:10.166481Z
1285,11291,2,81,1,11,MEDIUM,0.0,2026-07-26T17:25:10.166481Z
1285,11291,1,18,1,13,SOFT,0.0,2026-07-26T17:25:10.166481Z
1285,11291,2,1,2,14,MEDIUM,0.0,2026-07-26T17:25:10.166481Z
1285,11291,2,11,2,14,SOFT,0.0,2026-07-26T17:25:10.166481Z
1285,11291,1,31,1,15,SOFT,0.0,2026-07-26T17:25:10.166481Z
1285,11291,2,5,2,17,SOFT,0.0,2026-07-26T17:25:10.166481Z
1285,11291,2,27,2,19,SOFT,4.0,2026-07-26T17:25:10.166481Z
1285,11291,1,14,1,19,SOFT,0.0,2026-07-26T17:25:10.166481Z
1285,11291,2,14,20,23,SOFT,0.0,2026-07-26T17:25:10.166481Z
1285,11291,1,63,1,29,SOFT,3.0,2026-07-26T17:25:10.166481Z
1285,11291,1,43,1,29,MEDIUM,0.0,2026-07-26T17:25:10.166481Z
1285,11291,1,30,1,29,MEDIUM,0.0,2026-07-26T17:25:10.166481Z
1285,11291,3,11,15,28,MEDIUM,0.0,2026-07-26T17:25:10.166481Z
1285,11291,1,10,1,29,MEDIUM,0.0,2026-07-26T17:25:10.166481Z
1285,11291,2,55,2,29,MEDIUM,8.0,2026-07-26T17:25:10.166481Z
1285,11291,1,12,1,30,SOFT,4.0,2026-07-26T17:25:10.166481Z
1285,11291,1,87,1,29,SOFT,5.0,2026-07-26T17:25:10.166481Z
1285,11291,1,3,1,30,SOFT,5.0,2026-07-26T17:25:10.166481Z
1285,11291,1,44,1,30,SOFT,3.0,2026-07-26T17:25:10.166481Z
1285,11291,1,6,1,30,SOFT,4.0,2026-07-26T17:25:10.166481Z
1285,11291,1,16,1,30,SOFT,4.0,2026-07-26T17:25:10.166481Z
1285,11291,3,77,9,28,MEDIUM,0.0,2026-07-26T17:25:10.166481Z
1285,11291,2,31,16,29,MEDIUM,0.0,2026-07-26T17:25:10.166481Z
1285,11291,3,1,15,38,MEDIUM,3.0,2026-07-26T17:25:10.166481Z
1285,11291,4,11,29,39,SOFT,0.0,2026-07-26T17:25:10.166481Z
1285,11291,2,18,14,48,SOFT,0.0,2026-07-26T17:25:10.166481Z
1285,11291,2,6,31,51,MEDIUM,0.0,2026-07-26T17:25:10.166481Z
1285,11291,4,77,29,48,SOFT,0.0,2026-07-26T17:25:10.166481Z
1285,11291,3,81,12,50,MEDIUM,0.0,2026-07-26T17:25:10.166481Z
1285,11291,3,6,52,61,SOFT,4.0,2026-07-26T17:25:10.166481Z
1285,11291,2,12,31,68,MEDIUM,0.0,2026-07-26T17:25:10.166481Z
1285,11291,4,6,62,67,SOFT,14.0,2026-07-26T17:25:10.166481Z
1285,11291,2,44,31,68,MEDIUM,0.0,2026-07-26T17:25:10.166481Z
1285,11291,2,3,31,68,MEDIUM,0.0,2026-07-26T17:25:10.166481Z
1285,11291,4,81,51,66,SOFT,4.0,2026-07-26T17:25:10.166481Z
1285,11291,3,27,20,66,MEDIUM,0.0,2026-07-26T17:25:10.166481Z
1285,11291,3,5,18,66,MEDIUM,0.0,2026-07-26T17:25:10.166481Z
1285,11291,3,18,49,64,MEDIUM,0.0,2026-07-26T17:25:10.166481Z
1285,11291,2,43,30,67,HARD,0.0,2026-07-26T17:25:10.166481Z
1285,11291,2,30,30,67,SOFT,0.0,2026-07-26T17:25:10.166481Z
1285,11291,2,10,30,67,HARD,0.0,2026-07-26T17:25:10.166481Z
1285,11291,2,16,31,68,MEDIUM,0.0,2026-07-26T17:25:10.166481Z
1285,11291,5,77,49,64,MEDIUM,0.0,2026-07-26T17:25:10.166481Z
1285,11291,3,55,30,67,MEDIUM,0.0,2026-07-26T17:25:10.166481Z
1285,11291,2,87,30,67,MEDIUM,0.0,2026-07-26T17:25:10.166481Z
1285,11291,3,31,30,66,SOFT,0.0,2026-07-26T17:25:10.166481Z
1286,11292,1,16,1,4,HARD,0.0,2026-07-26T17:25:14.464608Z
1286,11292,1,81,1,5,HARD,0.0,2026-07-26T17:25:14.464608Z
1286,11292,1,18,1,1,MEDIUM,0.0,2026-07-26T17:25:14.464608Z
1286,11292,1,14,1,4,HARD,0.0,2026-07-26T17:25:14.464608Z
1286,11292,1,5,1,7,HARD,0.0,2026-07-26T17:25:14.464608Z
1286,11292,1,11,1,6,MEDIUM,0.0,2026-07-26T17:25:14.464608Z
1286,11292,1,30,1,11,HARD,0.0,2026-07-26T17:25:14.464608Z
1286,11292,1,55,1,7,HARD,0.0,2026-07-26T17:25:14.464608Z
1286,11292,1,44,1,12,HARD,0.0,2026-07-26T17:25:14.464608Z
1286,11292,1,3,1,11,HARD,0.0,2026-07-26T17:25:14.464608Z
1286,11292,2,81,6,13,HARD,5.0,2026-07-26T17:25:14.464608Z
1286,11292,1,63,1,9,HARD,0.0,2026-07-26T17:25:14.464608Z
1286,11292,1,12,1,13,HARD,0.0,2026-07-26T17:25:14.464608Z
1286,11292,2,11,7,13,MEDIUM,0.0,2026-07-26T17:25:14.464608Z
1286,11292,1,1,1,11,HARD,0.0,2026-07-26T17:25:14.464608Z
1286,11292,1,41,1,18,HARD,0.0,2026-07-26T17:25:14.464608Z
1286,11292,3,81,14,14,HARD,13.0,2026-07-26T17:25:14.464608Z
1286,11292,1,6,1,11,HARD,0.0,2026-07-26T17:25:14.464608Z
1286,11292,2,30,12,18,HARD,0.0,2026-07-26T17:25:14.464608Z
1286,11292,1,87,1,18,HARD,0.0,2026-07-26T17:25:14.464608Z
1286,11292,2,6,12,14,HARD,11.0,2026-07-26T17:25:14.464608Z
1286,11292,1,27,1,14,HARD,0.0,2026-07-26T17:25:14.464608Z
1286,11292,1,77,1,15,MEDIUM,0.0,2026-07-26T17:25:14.464608Z
1286,11292,2,5,8,18,HARD,7.0,2026-07-26T17:25:14.464608Z
1286,11292,1,10,1,19,HARD,0.0,2026-07-26T17:25:14.464608Z
1286,11292,2,3,12,16,HARD,11.0,2026-07-26T17:25:14.464608Z
1286,11292,2,41,19,22,MEDIUM,0.0,2026-07-26T17:25:14.464608Z
1286,11292,2,14,5,12,HARD,4.0,2026-07-26T17:25:14.464608Z
1286,11292,2,55,8,19,HARD,7.0,2026-07-26T17:25:14.464608Z
1286,11292,2,16,5,19,HARD,4.0,2026-07-26T17:25:14.464608Z
1286,11292,2,87,19,19,MEDIUM,0.0,2026-07-26T17:25:14.464608Z
1286,11292,3,30,19,21,MEDIUM,0.0,2026-07-26T17:25:14.464608Z
1286,11292,1,23,1,21,HARD,0.0,2026-07-26T17:25:14.464608Z
1286,11292,2,44,13,17,HARD,0.0,2026-07-26T17:25:14.464608Z
1286,11292,2,63,10,18,MEDIUM,0.0,2026-07-26T17:25:14.464608Z
1286,11292,1,31,1,19,HARD,0.0,2026-07-26T17:25:14.464608Z
1286,11292,2,1,12,15,MEDIUM,0.0,2026-07-26T17:25:14.464608Z
1286,11292,4,81,15,18,MEDIUM,0.0,2026-07-26T17:25:14.464608Z
1286,11292,1,43,1,21,HARD,0.0,2026-07-26T17:25:14.464608Z
1286,11292,3,11,14,18,MEDIUM,13.0,2026-07-26T17:25:14.464608Z
1286,11292,2,12,14,21,MEDIUM,0.0,2026-07-26T17:25:14.464608Z
1286,11292,2,18,2,13,MEDIUM,1.0,2026-07-26T17:25:14.464608Z
1286,11292,3,14,13,21,MEDIUM,0.0,2026-07-26T17:25:14.464608Z
1286,11292,3,3,17,26,MEDIUM,0.0,2026-07-26T17:25:14.464608Z
1286,11292,3,18,14,16,MEDIUM,0.0,2026-07-26T17:25:14.464608Z
1286,11292,2,77,16,24,SOFT,0.0,2026-07-26T17:25:14.464608Z
1286,11292,3,41,23,31,MEDIUM,4.0,2026-07-26T17:25:14.464608Z
1286,11292,3,63,19,26,MEDIUM,9.0,2026-07-26T17:25:14.464608Z
1286,11292,2,27,15,24,MEDIUM,0.0,2026-07-26T17:25:14.464608Z
1286,11292,2,43,22,29,MEDIUM,0.0,2026-07-26T17:25:14.464608Z
1286,11292,3,55,20,28,MEDIUM,0.0,2026-07-26T17:25:14.464608Z
1286,11292,3,1,16,24,MEDIUM,0.0,2026-07-26T17:25:14.464608Z
1286,11292,2,10,20,29,MEDIUM,0.0,2026-07-26T17:25:14.464608Z
1286,11292,2,23,22,30,MEDIUM,0.0,2026-07-26T17:25:14.464608Z
1286,11292,3,5,19,28,MEDIUM,0.0,2026-07-26T17:25:14.464608Z
1286,11292,4,11,19,25,SOFT,0.0,2026-07-26T17:25:14.464608Z
1286,11292,3,16,20,28,MEDIUM,0.0,2026-07-26T17:25:14.464608Z
1286,11292,5,81,19,26,MEDIUM,0.0,2026-07-26T17:25:14.464608Z
1286,11292,3,12,22,28,MEDIUM,8.0,2026-07-26T17:25:14.464608Z
1286,11292,3,44,18,25,MEDIUM,0.0,2026-07-26T17:25:14.464608Z
1286,11292,3,87,20,28,MEDIUM,0.0,2026-07-26T17:25:14.464608Z
1286,11292,2,31,20,28,MEDIUM,0.0,2026-07-26T17:25:14.464608Z
1286,11292,4,30,22,28,MEDIUM,3.0,2026-07-26T17:25:14.464608Z
1286,11292,3,77,25,27,SOFT,8.0,2026-07-26T17:25:14.464608Z
1286,11292,4,41,32,34,MEDIUM,12.0,2026-07-26T17:25:14.464608Z
1286,11292,4,63,27,29,MEDIUM,16.0,2026-07-26T17:25:14.464608Z
1286,11292,3,27,25,27,MEDIUM,9.0,2026-07-26T17:25:14.464608Z
1286,11292,3,43,30,32,MEDIUM,0.0,2026-07-26T17:25:14.464608Z
1286,11292,4,55,29,31,MEDIUM,0.0,2026-07-26T17:25:14.464608Z
1286,11292,3,10,30,32,MEDIUM,9.0,2026-07-26T17:25:14.464608Z
1286,11292,4,1,25,27,HARD,0.0,2026-07-26T17:25:14.464608Z
1286,11292,3,23,31,33,MEDIUM,8.0,2026-07-26T17:25:14.464608Z
1286,11292,5,11,26,28,SOFT,6.0,2026-07-26T17:25:14.464608Z
1286,11292,4,5,29,31,MEDIUM,9.0,2026-07-26T17:25:14.464608Z
1286,11292,4,16,29,31,MEDIUM,8.0,2026-07-26T17:25:14.464608Z
1286,11292,6,81,27,29,HARD,0.0,2026-07-26T17:25:14.464608Z
1286,11292,4,12,29,31,HARD,13.0,2026-07-26T17:25:14.464608Z
1286,11292,4,44,26,28,MEDIUM,7.0,2026-07-26T17:25:14.464608Z
1286,11292,4,87,29,31,MEDIUM,8.0,2026-07-26T17:25:14.464608Z
1286,11292,3,31,29,31,MEDIUM,8.0,2026-07-26T17:25:14.464608Z
1286,11292,5,30,29,31,MEDIUM,9.0,2026-07-26T17:25:14.464608Z
1286,11299,1,3,1,1,MEDIUM,0.0,2026-07-26T17:26:13.351069Z
1286,11299,1,5,1,0,SOFT,0.0,2026-07-26T17:26:13.351069Z
1286,11299,1,77,1,0,SOFT,0.0,2026-07-26T17:26:13.351069Z
1286,11299,1,87,1,0,MEDIUM,0.0,2026-07-26T17:26:13.351069Z
1286,11299,1,14,1,2,MEDIUM,0.0,2026-07-26T17:26:13.351069Z
1286,11299,1,11,1,3,SOFT,0.0,2026-07-26T17:26:13.351069Z
1286,11299,1,18,1,3,MEDIUM,0.0,2026-07-26T17:26:13.351069Z
1286,11299,1,31,1,8,MEDIUM,0.0,2026-07-26T17:26:13.351069Z
1286,11299,2,11,4,8,MEDIUM,0.0,2026-07-26T17:26:13.351069Z
1286,11299,1,27,1,11,MEDIUM,0.0,2026-07-26T17:26:13.351069Z
1286,11299,2,77,1,15,MEDIUM,0.0,2026-07-26T17:26:13.351069Z
1286,11299,1,44,1,27,MEDIUM,0.0,2026-07-26T17:26:13.351069Z
1286,11299,2,87,1,27,HARD,0.0,2026-07-26T17:26:13.351069Z
1286,11299,1,63,1,30,MEDIUM,0.0,2026-07-26T17:26:13.351069Z
1286,11299,1,6,1,31,MEDIUM,0.0,2026-07-26T17:26:13.351069Z
1286,11299,1,16,1,34,MEDIUM,0.0,2026-07-26T17:26:13.351069Z
1286,11299,1,43,1,34,MEDIUM,0.0,2026-07-26T17:26:13.351069Z
1286,11299,1,12,1,36,MEDIUM,0.0,2026-07-26T17:26:13.351069Z
1286,11299,1,1,1,43,MEDIUM,0.0,2026-07-26T17:26:13.351069Z
1286,11299,1,23,1,42,MEDIUM,0.0,2026-07-26T17:26:13.351069Z
1286,11299,2,5,1,42,HARD,0.0,2026-07-26T17:26:13.351069Z
1286,11299,1,30,1,43,MEDIUM,0.0,2026-07-26T17:26:13.351069Z
1286,11299,1,10,1,44,MEDIUM,0.0,2026-07-26T17:26:13.351069Z
1286,11299,1,81,1,47,MEDIUM,0.0,2026-07-26T17:26:13.351069Z
1286,11299,1,55,1,51,MEDIUM,0.0,2026-07-26T17:26:13.351069Z
1286,11299,2,18,4,56,SOFT,0.0,2026-07-26T17:26:13.351069Z
1286,11299,2,27,12,57,HARD,0.0,2026-07-26T17:26:13.351069Z
1286,11299,2,44,28,59,HARD,0.0,2026-07-26T17:26:13.351069Z
1286,11299,2,81,48,58,HARD,0.0,2026-07-26T17:26:13.351069Z
1286,11299,2,14,3,57,SOFT,0.0,2026-07-26T17:26:13.351069Z
1286,11299,2,16,35,59,HARD,0.0,2026-07-26T17:26:13.351069Z
1286,11299,3,5,43,57,MEDIUM,0.0,2026-07-26T17:26:13.351069Z
1286,11299,2,12,37,60,HARD,0.0,2026-07-26T17:26:13.351069Z
1286,11299,2,6,32,59,HARD,0.0,2026-07-26T17:26:13.351069Z
1286,11299,1,41,1,58,MEDIUM,0.0,2026-07-26T17:26:13.351069Z
1286,11299,2,63,31,59,HARD,0.0,2026-07-26T17:26:13.351069Z
1286,11299,2,55,52,58,SOFT,0.0,2026-07-26T17:26:13.351069Z
1286,11299,2,23,43,58,SOFT,0.0,2026-07-26T17:26:13.351069Z
1286,11299,2,31,9,58,HARD,0.0,2026-07-26T17:26:13.351069Z
1286,11299,3,27,58,58,HARD,0.0,2026-07-26T17:26:13.351069Z
1286,11299,2,10,45,59,HARD,0.0,2026-07-26T17:26:13.351069Z
1286,11299,2,43,35,58,HARD,0.0,2026-07-26T17:26:13.351069Z
1286,11299,3,81,59,59,SOFT,4.0,2026-07-26T17:26:13.351069Z
1286,11299,3,44,60,60,SOFT,4.0,2026-07-26T17:26:13.351069Z
1286,11299,3,14,58,58,SOFT,0.0,2026-07-26T17:26:13.351069Z
1286,11299,3,16,60,60,SOFT,4.0,2026-07-26T17:26:13.351069Z
1286,11299,2,30,44,59,SOFT,4.0,2026-07-26T17:26:13.351069Z
1286,11299,3,11,9,58,MEDIUM,5.0,2026-07-26T17:26:13.351069Z
1286,11299,4,5,58,58,MEDIUM,0.0,2026-07-26T17:26:13.351069Z
1286,11299,4,16,61,64,SOFT,5.0,2026-07-26T17:26:13.351069Z
1286,11299,3,12,61,65,SOFT,4.0,2026-07-26T17:26:13.351069Z
1286,11299,4,44,61,65,SOFT,5.0,2026-07-26T17:26:13.351069Z
1286,11299,3,6,60,65,HARD,28.0,2026-07-26T17:26:13.351069Z
1286,11299,3,63,60,65,SOFT,4.0,2026-07-26T17:26:13.351069Z
1286,11299,2,41,59,64,MEDIUM,0.0,2026-07-26T17:26:13.351069Z
1286,11299,3,55,59,64,SOFT,7.0,2026-07-26T17:26:13.351069Z
1286,11299,4,27,59,64,HARD,0.0,2026-07-26T17:26:13.351069Z
1286,11299,3,23,59,64,SOFT,16.0,2026-07-26T17:26:13.351069Z
1286,11299,3,31,59,64,HARD,50.0,2026-07-26T17:26:13.351069Z
1286,11299,3,10,60,65,HARD,0.0,2026-07-26T17:26:13.351069Z
1286,11299,4,11,59,64,SOFT,0.0,2026-07-26T17:26:13.351069Z
1286,11299,4,81,60,65,SOFT,5.0,2026-07-26T17:26:13.351069Z
1286,11299,4,14,59,64,SOFT,0.0,2026-07-26T17:26:13.351069Z
1286,11299,3,43,59,64,HARD,24.0,2026-07-26T17:26:13.351069Z
1286,11299,5,5,59,64,SOFT,0.0,2026-07-26T17:26:13.351069Z
1286,11299,3,30,60,65,SOFT,0.0,2026-07-26T17:26:13.351069Z
1286,11299,3,41,65,66,MEDIUM,65.0,2026-07-26T17:26:13.351069Z
1286,11299,4,55,65,66,SOFT,13.0,2026-07-26T17:26:13.351069Z
1286,11299,4,23,65,66,SOFT,22.0,2026-07-26T17:26:13.351069Z
1286,11299,4,31,65,66,HARD,56.0,2026-07-26T17:26:13.351069Z
1286,11299,5,27,65,66,HARD,53.0,2026-07-26T17:26:13.351069Z
1286,11299,5,14,65,66,SOFT,7.0,2026-07-26T17:26:13.351069Z
1286,11299,4,43,65,66,HARD,0.0,2026-07-26T17:26:13.351069Z
1286,11299,5,11,65,66,SOFT,6.0,2026-07-26T17:26:13.351069Z
1286,11299,6,5,65,66,SOFT,0.0,2026-07-26T17:26:13.351069Z
1286,11299,4,12,66,67,SOFT,9.0,2026-07-26T17:26:13.351069Z
1286,11299,5,44,66,67,SOFT,10.0,2026-07-26T17:26:13.351069Z
1286,11299,4,6,66,67,HARD,34.0,2026-07-26T17:26:13.351069Z
1286,11299,4,63,66,67,SOFT,10.0,2026-07-26T17:26:13.351069Z
1286,11299,4,10,66,67,HARD,0.0,2026-07-26T17:26:13.351069Z
1286,11299,5,81,66,67,SOFT,11.0,2026-07-26T17:26:13.351069Z
1286,11299,4,30,66,67,SOFT,26.0,2026-07-26T17:26:13.351069Z
1286,11299,4,41,67,67,SOFT,0.0,2026-07-26T17:26:13.351069Z
1286,11299,5,55,67,67,SOFT,0.0,2026-07-26T17:26:13.351069Z
1286,11299,5,23,67,67,SOFT,6.0,2026-07-26T17:26:13.351069Z
1286,11299,5,31,67,67,SOFT,0.0,2026-07-26T17:26:13.351069Z
1286,11299,6,27,67,67,SOFT,0.0,2026-07-26T17:26:13.351069Z
1286,11299,6,14,67,67,SOFT,8.0,2026-07-26T17:26:13.351069Z
1286,11299,5,43,67,67,SOFT,0.0,2026-07-26T17:26:13.351069Z
1286,11299,6,11,67,67,SOFT,6.0,2026-07-26T17:26:13.351069Z
1286,11299,7,5,67,67,SOFT,0.0,2026-07-26T17:26:13.351069Z
1286,11299,6,55,68,70,SOFT,4.0,2026-07-26T17:26:13.351069Z
1286,11299,5,63,68,71,SOFT,4.0,2026-07-26T17:26:13.351069Z
1286,11299,5,12,68,78,SOFT,4.0,2026-07-26T17:26:13.351069Z
1286,11299,6,44,68,78,SOFT,4.0,2026-07-26T17:26:13.351069Z
1286,11299,5,10,68,78,SOFT,4.0,2026-07-26T17:26:13.351069Z
1286,11299,5,6,68,78,SOFT,4.0,2026-07-26T17:26:13.351069Z
1286,11299,6,81,68,78,SOFT,4.0,2026-07-26T17:26:13.351069Z
1286,11299,5,30,68,78,SOFT,6.0,2026-07-26T17:26:13.351069Z
1286,11299,5,41,68,78,SOFT,0.0,2026-07-26T17:26:13.351069Z
1286,11299,6,23,68,78,SOFT,6.0,2026-07-26T17:26:13.351069Z
1286,11299,7,27,68,78,SOFT,0.0,2026-07-26T17:26:13.351069Z
1286,11299,6,31,68,78,SOFT,0.0,2026-07-26T17:26:13.351069Z
1286,11299,7,11,68,78,SOFT,0.0,2026-07-26T17:26:13.351069Z
1286,11299,7,14,68,78,SOFT,8.0,2026-07-26T17:26:13.351069Z
1286,11299,8,5,68,78,SOFT,0.0,2026-07-26T17:26:13.351069Z
1286,11299,6,63,72,78,SOFT,8.0,2026-07-26T17:26:13.351069Z
1286,11299,6,43,68,78,SOFT,0.0,2026-07-26T17:26:13.351069Z
1287,11303,1,55,1,3,SOFT,0.0,2026-07-26T17:27:00.317912Z
1287,11303,1,23,1,3,SOFT,0.0,2026-07-26T17:27:00.317912Z
1287,11303,1,87,1,3,MEDIUM,0.0,2026-07-26T17:27:00.317912Z
1287,11303,1,31,1,3,MEDIUM,0.0,2026-07-26T17:27:00.317912Z
1287,11303,1,77,1,3,SOFT,0.0,2026-07-26T17:27:00.317912Z
1287,11303,1,18,1,3,SOFT,0.0,2026-07-26T17:27:00.317912Z
1287,11303,1,14,1,3,SOFT,0.0,2026-07-26T17:27:00.317912Z
1287,11303,1,43,1,3,SOFT,0.0,2026-07-26T17:27:00.317912Z
1287,11303,1,10,1,3,SOFT,0.0,2026-07-26T17:27:00.317912Z
1287,11303,2,18,4,5,SOFT,0.0,2026-07-26T17:27:00.317912Z
1287,11303,2,23,4,6,SOFT,0.0,2026-07-26T17:27:00.317912Z
1287,11303,1,27,1,3,SOFT,0.0,2026-07-26T17:27:00.317912Z
1287,11303,2,31,4,6,SOFT,0.0,2026-07-26T17:27:00.317912Z
1287,11303,2,87,4,6,SOFT,0.0,2026-07-26T17:27:00.317912Z
1287,11303,2,14,4,5,SOFT,0.0,2026-07-26T17:27:00.317912Z
1287,11303,2,55,4,6,SOFT,0.0,2026-07-26T17:27:00.317912Z
1287,11303,2,77,4,6,SOFT,0.0,2026-07-26T17:27:00.317912Z
1287,11303,1,11,1,3,SOFT,0.0,2026-07-26T17:27:00.317912Z
1287,11303,3,23,7,9,SOFT,0.0,2026-07-26T17:27:00.317912Z
1287,11303,3,18,6,8,SOFT,0.0,2026-07-26T17:27:00.317912Z
1287,11303,3,31,7,9,SOFT,0.0,2026-07-26T17:27:00.317912Z
1287,11303,3,14,6,8,SOFT,0.0,2026-07-26T17:27:00.317912Z
1287,11303,3,77,7,9,SOFT,0.0,2026-07-26T17:27:00.317912Z
1287,11303,2,11,4,6,SOFT,0.0,2026-07-26T17:27:00.317912Z
1287,11303,2,10,4,6,SOFT,0.0,2026-07-26T17:27:00.317912Z
1287,11303,2,43,4,6,SOFT,0.0,2026-07-26T17:27:00.317912Z
1287,11303,3,55,7,9,SOFT,0.0,2026-07-26T17:27:00.317912Z
1287,11303,2,27,4,6,SOFT,0.0,2026-07-26T17:27:00.317912Z
1287,11303,1,41,1,3,SOFT,0.0,2026-07-26T17:27:00.317912Z
1287,11303,1,3,1,3,SOFT,0.0,2026-07-26T17:27:00.317912Z
1287,11303,1,30,1,3,SOFT,0.0,2026-07-26T17:27:00.317912Z
1287,11303,1,6,1,3,SOFT,0.0,2026-07-26T17:27:00.317912Z
1287,11303,1,12,1,3,SOFT,0.0,2026-07-26T17:27:00.317912Z
1287,11303,1,16,1,3,SOFT,0.0,2026-07-26T17:27:00.317912Z
1287,11303,1,5,1,3,SOFT,0.0,2026-07-26T17:27:00.317912Z
1287,11303,1,63,1,3,SOFT,0.0,2026-07-26T17:27:00.317912Z
1287,11303,1,44,1,3,SOFT,0.0,2026-07-26T17:27:00.317912Z
1287,11303,1,81,1,3,SOFT,0.0,2026-07-26T17:27:00.317912Z
1287,11303,3,87,7,9,SOFT,0.0,2026-07-26T17:27:00.317912Z
1287,11303,1,1,1,3,SOFT,0.0,2026-07-26T17:27:00.317912Z
1287,11303,2,81,4,6,SOFT,3.0,2026-07-26T17:27:00.317912Z
1287,11303,2,1,4,6,SOFT,3.0,2026-07-26T17:27:00.317912Z
1287,11303,4,55,10,12,SOFT,3.0,2026-07-26T17:27:00.317912Z
1287,11303,2,30,4,6,SOFT,0.0,2026-07-26T17:27:00.317912Z
1287,11303,2,41,4,6,SOFT,0.0,2026-07-26T17:27:00.317912Z
1287,11303,3,27,7,9,SOFT,3.0,2026-07-26T17:27:00.317912Z
1287,11303,4,87,10,12,SOFT,3.0,2026-07-26T17:27:00.317912Z
1287,11303,2,5,4,6,SOFT,0.0,2026-07-26T17:27:00.317912Z
1287,11303,3,43,7,9,SOFT,3.0,2026-07-26T17:27:00.317912Z
1287,11303,3,10,7,9,SOFT,3.0,2026-07-26T17:27:00.317912Z
1287,11303,3,41,7,8,SOFT,0.0,2026-07-26T17:27:00.317912Z
1287,11303,5,55,13,15,SOFT,3.0,2026-07-26T17:27:00.317912Z
1287,11303,5,87,13,15,SOFT,0.0,2026-07-26T17:27:00.317912Z
1287,11303,3,5,7,9,SOFT,0.0,2026-07-26T17:27:00.317912Z
1287,11303,4,10,10,12,SOFT,0.0,2026-07-26T17:27:00.317912Z
1287,11303,4,43,10,12,SOFT,0.0,2026-07-26T17:27:00.317912Z
1287,11303,3,81,7,9,SOFT,0.0,2026-07-26T17:27:00.317912Z
1287,11303,2,3,4,6,SOFT,0.0,2026-07-26T17:27:00.317912Z
1287,11303,3,1,7,9,SOFT,0.0,2026-07-26T17:27:00.317912Z
1287,11303,3,30,7,9,SOFT,0.0,2026-07-26T17:27:00.317912Z
1287,11303,2,16,4,6,SOFT,0.0,2026-07-26T17:27:00.317912Z
1287,11303,2,6,4,6,SOFT,0.0,2026-07-26T17:27:00.317912Z
1287,11303,2,44,4,6,SOFT,0.0,2026-07-26T17:27:00.317912Z
1287,11303,4,27,10,12,SOFT,0.0,2026-07-26T17:27:00.317912Z
1287,11303,2,12,4,6,SOFT,0.0,2026-07-26T17:27:00.317912Z
1287,11303,2,63,4,6,SOFT,0.0,2026-07-26T17:27:00.317912Z
1287,11303,3,16,7,8,SOFT,0.0,2026-07-26T17:27:00.317912Z
1287,11303,3,12,7,8,SOFT,0.0,2026-07-26T17:27:00.317912Z
1287,11303,3,6,7,8,SOFT,0.0,2026-07-26T17:27:00.317912Z
1287,11303,3,63,7,7,SOFT,0.0,2026-07-26T17:27:00.317912Z
1287,11303,3,44,7,8,SOFT,0.0,2026-07-26T17:27:00.317912Z
1287,11303,4,12,9,11,SOFT,2.0,2026-07-26T17:27:00.317912Z
1287,11303,4,63,8,10,SOFT,1.0,2026-07-26T17:27:00.317912Z
1287,11303,4,1,10,11,SOFT,0.0,2026-07-26T17:27:00.317912Z
1287,11303,5,27,13,14,SOFT,3.0,2026-07-26T17:27:00.317912Z
1287,11303,4,30,10,11,SOFT,3.0,2026-07-26T17:27:00.317912Z
1287,11303,4,81,10,12,SOFT,0.0,2026-07-26T17:27:00.317912Z
1287,11303,3,3,7,9,SOFT,0.0,2026-07-26T17:27:00.317912Z
1287,11303,4,6,9,11,SOFT,2.0,2026-07-26T17:27:00.317912Z
1287,11303,4,44,9,11,SOFT,2.0,2026-07-26T17:27:00.317912Z
1287,11303,5,12,12,14,SOFT,0.0,2026-07-26T17:27:00.317912Z
1287,11303,5,63,11,13,SOFT,0.0,2026-07-26T17:27:00.317912Z
1287,11303,5,1,12,14,SOFT,0.0,2026-07-26T17:27:00.317912Z
1287,11303,6,27,15,17,SOFT,3.0,2026-07-26T17:27:00.317912Z
1287,11303,5,30,12,14,SOFT,3.0,2026-07-26T17:27:00.317912Z
1287,11303,5,81,13,15,SOFT,0.0,2026-07-26T17:27:00.317912Z
1287,11303,4,3,10,12,SOFT,0.0,2026-07-26T17:27:00.317912Z
1287,11303,5,6,12,14,SOFT,0.0,2026-07-26T17:27:00.317912Z
1287,11303,5,44,12,14,SOFT,0.0,2026-07-26T17:27:00.317912Z
1287,11307,1,63,1,12,MEDIUM,0.0,2026-07-26T17:27:05.143591Z
1287,11307,1,23,1,13,MEDIUM,0.0,2026-07-26T17:27:05.143591Z
1287,11307,1,41,1,22,MEDIUM,0.0,2026-07-26T17:27:05.143591Z
1287,11307,1,6,1,15,MEDIUM,0.0,2026-07-26T17:27:05.143591Z
1287,11307,1,30,1,11,MEDIUM,0.0,2026-07-26T17:27:05.143591Z
1287,11307,1,3,1,12,SOFT,3.0,2026-07-26T17:27:05.143591Z
1287,11307,1,12,1,14,MEDIUM,0.0,2026-07-26T17:27:05.143591Z
1287,11307,1,11,1,12,SOFT,0.0,2026-07-26T17:27:05.143591Z
1287,11307,1,31,1,13,SOFT,0.0,2026-07-26T17:27:05.143591Z
1287,11307,1,87,1,18,MEDIUM,0.0,2026-07-26T17:27:05.143591Z
1287,11307,1,18,1,5,HARD,0.0,2026-07-26T17:27:05.143591Z
1287,11307,1,44,1,11,SOFT,2.0,2026-07-26T17:27:05.143591Z
1287,11307,1,55,1,14,SOFT,0.0,2026-07-26T17:27:05.143591Z
1287,11307,1,77,1,14,MEDIUM,0.0,2026-07-26T17:27:05.143591Z
1287,11307,1,10,1,14,MEDIUM,0.0,2026-07-26T17:27:05.143591Z
1287,11307,1,16,1,16,MEDIUM,0.0,2026-07-26T17:27:05.143591Z
1287,11307,1,81,1,14,MEDIUM,0.0,2026-07-26T17:27:05.143591Z
1287,11307,1,1,1,13,MEDIUM,0.0,2026-07-26T17:27:05.143591Z
1287,11307,1,43,1,12,SOFT,0.0,2026-07-26T17:27:05.143591Z
1287,11307,1,14,1,21,HARD,0.0,2026-07-26T17:27:05.143591Z
1287,11307,1,5,1,15,MEDIUM,0.0,2026-07-26T17:27:05.143591Z
1287,11307,1,27,1,13,SOFT,0.0,2026-07-26T17:27:05.143591Z
1287,11307,2,44,12,27,HARD,0.0,2026-07-26T17:27:05.143591Z
1287,11307,2,30,12,35,HARD,0.0,2026-07-26T17:27:05.143591Z
1287,11307,2,63,13,36,HARD,0.0,2026-07-26T17:27:05.143591Z
1287,11307,2,3,13,29,MEDIUM,0.0,2026-07-26T17:27:05.143591Z
1287,11307,2,43,13,34,HARD,0.0,2026-07-26T17:27:05.143591Z
1287,11307,2,11,13,31,HARD,0.0,2026-07-26T17:27:05.143591Z
1287,11307,2,1,14,35,HARD,0.0,2026-07-26T17:27:05.143591Z
1287,11307,2,27,14,29,HARD,0.0,2026-07-26T17:27:05.143591Z
1287,11307,2,23,14,29,HARD,0.0,2026-07-26T17:27:05.143591Z
1287,11307,2,31,14,34,HARD,0.0,2026-07-26T17:27:05.143591Z
1287,11307,2,12,15,37,HARD,0.0,2026-07-26T17:27:05.143591Z
1287,11307,2,81,15,36,HARD,0.0,2026-07-26T17:27:05.143591Z
1287,11307,2,10,15,40,HARD,0.0,2026-07-26T17:27:05.143591Z
1287,11307,2,55,15,30,HARD,0.0,2026-07-26T17:27:05.143591Z
1287,11307,2,77,15,15,HARD,0.0,2026-07-26T17:27:05.143591Z
1287,11307,2,6,16,32,HARD,0.0,2026-07-26T17:27:05.143591Z
1287,11307,2,5,16,33,HARD,0.0,2026-07-26T17:27:05.143591Z
1287,11307,2,16,17,39,HARD,0.0,2026-07-26T17:27:05.143591Z
1287,11307,2,87,19,28,HARD,0.0,2026-07-26T17:27:05.143591Z
1287,11307,2,14,22,37,HARD,0.0,2026-07-26T17:27:05.143591Z
1287,11307,2,41,23,37,HARD,0.0,2026-07-26T17:27:05.143591Z
1287,11307,3,44,28,41,MEDIUM,0.0,2026-07-26T17:27:05.143591Z
1287,11307,3,3,30,40,HARD,0.0,2026-07-26T17:27:05.143591Z
1287,11307,3,87,29,60,SOFT,0.0,2026-07-26T17:27:05.143591Z
1287,11307,3,23,30,34,HARD,0.0,2026-07-26T17:27:05.143591Z
1287,11307,3,55,31,55,HARD,0.0,2026-07-26T17:27:05.143591Z
1287,11307,3,11,32,39,HARD,0.0,2026-07-26T17:27:05.143591Z
1287,11307,3,6,33,58,HARD,0.0,2026-07-26T17:27:05.143591Z
1287,11307,3,5,34,53,HARD,0.0,2026-07-26T17:27:05.143591Z
1287,11307,3,43,35,65,HARD,0.0,2026-07-26T17:27:05.143591Z
1287,11307,3,1,36,66,HARD,0.0,2026-07-26T17:27:05.143591Z
1287,11307,3,31,35,58,MEDIUM,0.0,2026-07-26T17:27:05.143591Z
1287,11307,3,30,36,65,HARD,0.0,2026-07-26T17:27:05.143591Z
1287,11307,3,63,37,66,HARD,0.0,2026-07-26T17:27:05.143591Z
1287,11307,3,81,37,66,HARD,0.0,2026-07-26T17:27:05.143591Z
1287,11307,3,12,38,61,HARD,0.0,2026-07-26T17:27:05.143591Z
1287,11307,3,41,38,65,HARD,0.0,2026-07-26T17:27:05.143591Z
1287,11307,3,16,40,62,HARD,0.0,2026-07-26T17:27:05.143591Z
1287,11307,4,3,41,66,MEDIUM,0.0,2026-07-26T17:27:05.143591Z
1287,11307,4,11,40,63,MEDIUM,0.0,2026-07-26T17:27:05.143591Z
1287,11307,4,44,42,66,HARD,0.0,2026-07-26T17:27:05.143591Z
1287,11307,3,10,41,65,HARD,0.0,2026-07-26T17:27:05.143591Z
1287,11307,4,23,35,50,SOFT,0.0,2026-07-26T17:27:05.143591Z
1287,11307,4,5,54,64,SOFT,0.0,2026-07-26T17:27:05.143591Z
1287,11307,4,55,56,64,MEDIUM,0.0,2026-07-26T17:27:05.143591Z
1287,11307,4,6,59,65,SOFT,3.0,2026-07-26T17:27:05.143591Z
1287,11307,4,31,59,64,SOFT,0.0,2026-07-26T17:27:05.143591Z
1287,11307,5,23,51,55,SOFT,3.0,2026-07-26T17:27:05.143591Z
1288,11308,1,81,1,1,MEDIUM,0.0,2026-07-26T17:27:09.143136Z
1288,11308,1,43,1,3,MEDIUM,0.0,2026-07-26T17:27:09.143136Z
1288,11308,1,46,1,1,HARD,0.0,2026-07-26T17:27:09.143136Z
1288,11308,1,63,1,3,MEDIUM,0.0,2026-07-26T17:27:09.143136Z
1288,11308,1,50,1,3,MEDIUM,0.0,2026-07-26T17:27:09.143136Z
1288,11308,1,34,1,3,HARD,0.0,2026-07-26T17:27:09.143136Z
1288,11308,1,23,1,5,HARD,0.0,2026-07-26T17:27:09.143136Z
1288,11308,1,12,1,5,MEDIUM,0.0,2026-07-26T17:27:09.143136Z
1288,11308,1,90,1,3,HARD,0.0,2026-07-26T17:27:09.143136Z
1288,11308,1,27,1,7,MEDIUM,0.0,2026-07-26T17:27:09.143136Z
1288,11308,1,87,1,5,MEDIUM,0.0,2026-07-26T17:27:09.143136Z
1288,11308,1,10,1,3,HARD,0.0,2026-07-26T17:27:09.143136Z
1288,11308,1,38,1,3,MEDIUM,0.0,2026-07-26T17:27:09.143136Z
1288,11308,2,43,4,9,MEDIUM,3.0,2026-07-26T17:27:09.143136Z
1288,11308,1,97,1,2,MEDIUM,0.0,2026-07-26T17:27:09.143136Z
1288,11308,2,12,6,9,MEDIUM,5.0,2026-07-26T17:27:09.143136Z
1288,11308,2,81,2,2,MEDIUM,1.0,2026-07-26T17:27:09.143136Z
1288,11308,1,41,1,7,HARD,0.0,2026-07-26T17:27:09.143136Z
1288,11308,1,44,1,4,MEDIUM,0.0,2026-07-26T17:27:09.143136Z
1288,11308,2,87,6,8,MEDIUM,5.0,2026-07-26T17:27:09.143136Z
1288,11308,2,50,4,6,MEDIUM,3.0,2026-07-26T17:27:09.143136Z
1288,11308,2,90,4,5,HARD,3.0,2026-07-26T17:27:09.143136Z
1288,11308,2,46,2,3,HARD,1.0,2026-07-26T17:27:09.143136Z
1288,11308,1,11,1,6,HARD,0.0,2026-07-26T17:27:09.143136Z
1288,11308,1,77,1,7,HARD,0.0,2026-07-26T17:27:09.143136Z
1288,11308,1,3,1,3,SOFT,0.0,2026-07-26T17:27:09.143136Z
1288,11308,2,10,4,10,HARD,3.0,2026-07-26T17:27:09.143136Z
1288,11308,1,14,1,8,HARD,0.0,2026-07-26T17:27:09.143136Z
1288,11308,3,81,3,7,MEDIUM,2.0,2026-07-26T17:27:09.143136Z
1288,11308,3,12,10,12,MEDIUM,9.0,2026-07-26T17:27:09.143136Z
1288,11308,2,63,4,12,MEDIUM,3.0,2026-07-26T17:27:09.143136Z
1288,11308,2,27,8,13,MEDIUM,7.0,2026-07-26T17:27:09.143136Z
1288,11308,2,34,4,10,HARD,3.0,2026-07-26T17:27:09.143136Z
1288,11308,3,50,7,11,MEDIUM,6.0,2026-07-26T17:27:09.143136Z
1288,11308,3,43,10,12,MEDIUM,9.0,2026-07-26T17:27:09.143136Z
1288,11308,2,23,6,16,HARD,5.0,2026-07-26T17:27:09.143136Z
1288,11308,2,41,8,13,HARD,7.0,2026-07-26T17:27:09.143136Z
1288,11308,3,10,11,13,HARD,0.0,2026-07-26T17:27:09.143136Z
1288,11308,3,27,14,16,SOFT,0.0,2026-07-26T17:27:09.143136Z
1288,11308,2,97,3,10,MEDIUM,2.0,2026-07-26T17:27:09.143136Z
1288,11308,4,43,13,15,SOFT,0.0,2026-07-26T17:27:09.143136Z
1288,11308,4,12,13,15,SOFT,0.0,2026-07-26T17:27:09.143136Z
1288,11308,3,46,4,14,HARD,3.0,2026-07-26T17:27:09.143136Z
1288,11308,1,6,1,3,SOFT,0.0,2026-07-26T17:27:09.143136Z
1288,11308,2,44,5,14,MEDIUM,4.0,2026-07-26T17:27:09.143136Z
1288,11308,2,11,7,10,HARD,6.0,2026-07-26T17:27:09.143136Z
1288,11308,3,87,9,15,MEDIUM,8.0,2026-07-26T17:27:09.143136Z
1288,11308,5,43,16,18,SOFT,0.0,2026-07-26T17:27:09.143136Z
1288,11308,2,38,4,14,MEDIUM,3.0,2026-07-26T17:27:09.143136Z
1288,11308,2,77,8,12,HARD,7.0,2026-07-26T17:27:09.143136Z
1288,11308,3,63,13,18,SOFT,0.0,2026-07-26T17:27:09.143136Z
1288,11308,4,81,8,13,MEDIUM,0.0,2026-07-26T17:27:09.143136Z
1288,11308,3,90,6,7,HARD,0.0,2026-07-26T17:27:09.143136Z
1288,11308,4,46,15,18,SOFT,0.0,2026-07-26T17:27:09.143136Z
1288,11308,4,27,17,19,SOFT,0.0,2026-07-26T17:27:09.143136Z
1288,11308,2,14,9,15,HARD,8.0,2026-07-26T17:27:09.143136Z
1288,11308,2,3,4,10,SOFT,3.0,2026-07-26T17:27:09.143136Z
1288,11308,4,10,14,18,SOFT,0.0,2026-07-26T17:27:09.143136Z
1288,11308,4,50,12,17,MEDIUM,11.0,2026-07-26T17:27:09.143136Z
1288,11308,5,46,19,20,SOFT,4.0,2026-07-26T17:27:09.143136Z
1288,11308,3,23,17,22,SOFT,0.0,2026-07-26T17:27:09.143136Z
1288,11308,6,43,19,19,SOFT,6.0,2026-07-26T17:27:09.143136Z
1288,11308,2,6,4,5,SOFT,3.0,2026-07-26T17:27:09.143136Z
1288,11308,4,87,16,18,SOFT,0.0,2026-07-26T17:27:09.143136Z
1288,11308,3,34,11,17,HARD,10.0,2026-07-26T17:27:09.143136Z
1288,11308,3,14,16,18,SOFT,0.0,2026-07-26T17:27:09.143136Z
1288,11308,5,81,14,19,SOFT,0.0,2026-07-26T17:27:09.143136Z
1288,11308,4,90,8,13,SOFT,0.0,2026-07-26T17:27:09.143136Z
1288,11308,3,77,13,15,SOFT,0.0,2026-07-26T17:27:09.143136Z
1288,11308,3,44,15,20,SOFT,0.0,2026-07-26T17:27:09.143136Z
1288,11308,3,97,11,16,MEDIUM,10.0,2026-07-26T17:27:09.143136Z
1288,11308,1,1,1,5,MEDIUM,0.0,2026-07-26T17:27:09.143136Z
1288,11308,5,50,18,20,SOFT,0.0,2026-07-26T17:27:09.143136Z
1288,11308,4,14,19,21,SOFT,3.0,2026-07-26T17:27:09.143136Z
1288,11308,5,12,16,29,MEDIUM,12.0,2026-07-26T17:27:09.143136Z
1288,11308,3,3,11,13,SOFT,0.0,2026-07-26T17:27:09.143136Z
1288,11308,3,41,14,16,SOFT,0.0,2026-07-26T17:27:09.143136Z
1288,11308,4,63,19,30,MEDIUM,12.0,2026-07-26T17:27:09.143136Z
1288,11308,3,11,11,12,SOFT,0.0,2026-07-26T17:27:09.143136Z
1288,11308,6,50,21,23,SOFT,3.0,2026-07-26T17:27:09.143136Z
1288,11308,5,34,22,22,SOFT,4.0,2026-07-26T17:27:09.143136Z
1288,11308,4,34,18,21,SOFT,0.0,2026-07-26T17:27:09.143136Z
1288,11308,4,41,17,18,SOFT,3.0,2026-07-26T17:27:09.143136Z
1288,11308,4,97,17,20,SOFT,0.0,2026-07-26T17:27:09.143136Z
1288,11308,5,27,20,30,MEDIUM,0.0,2026-07-26T17:27:09.143136Z
1288,11308,4,11,13,14,SOFT,2.0,2026-07-26T17:27:09.143136Z
1288,11308,5,90,14,19,HARD,7.0,2026-07-26T17:27:09.143136Z
1288,11308,3,6,6,11,SOFT,4.0,2026-07-26T17:27:09.143136Z
1288,11308,4,77,16,21,SOFT,3.0,2026-07-26T17:27:09.143136Z
1288,11308,7,43,20,27,MEDIUM,0.0,2026-07-26T17:27:09.143136Z
1288,11308,4,44,21,25,MEDIUM,14.0,2026-07-26T17:27:09.143136Z
1288,11308,4,3,14,17,SOFT,3.0,2026-07-26T17:27:09.143136Z
1288,11308,5,87,19,26,MEDIUM,15.0,2026-07-26T17:27:09.143136Z
1288,11308,2,1,6,9,SOFT,0.0,2026-07-26T17:27:09.143136Z
1288,11308,5,10,19,28,HARD,13.0,2026-07-26T17:27:09.143136Z
1288,11308,3,38,15,26,SOFT,0.0,2026-07-26T17:27:09.143136Z
1288,11308,6,46,21,29,HARD,14.0,2026-07-26T17:27:09.143136Z
1288,11308,6,81,20,26,MEDIUM,13.0,2026-07-26T17:27:09.143136Z
1288,11308,4,23,23,31,SOFT,6.0,2026-07-26T17:27:09.143136Z
1288,11309,1,23,1,1,MEDIUM,0.0,2026-07-26T17:27:12.537574Z
1288,11309,1,6,1,3,MEDIUM,0.0,2026-07-26T17:27:12.537574Z
1288,11309,1,11,1,2,MEDIUM,0.0,2026-07-26T17:27:12.537574Z
1288,11309,1,44,1,4,MEDIUM,0.0,2026-07-26T17:27:12.537574Z
1288,11309,1,12,1,3,MEDIUM,0.0,2026-07-26T17:27:12.537574Z
1288,11309,1,87,1,3,HARD,0.0,2026-07-26T17:27:12.537574Z
1288,11309,1,5,1,5,HARD,0.0,2026-07-26T17:27:12.537574Z
1288,11309,1,55,1,5,MEDIUM,0.0,2026-07-26T17:27:12.537574Z
1288,11309,1,10,1,6,MEDIUM,0.0,2026-07-26T17:27:12.537574Z
1288,11309,1,43,1,6,HARD,0.0,2026-07-26T17:27:12.537574Z
1288,11309,2,12,4,4,MEDIUM,3.0,2026-07-26T17:27:12.537574Z
1288,11309,1,1,1,6,MEDIUM,0.0,2026-07-26T17:27:12.537574Z
1288,11309,1,18,1,5,MEDIUM,0.0,2026-07-26T17:27:12.537574Z
1288,11309,1,27,1,7,HARD,0.0,2026-07-26T17:27:12.537574Z
1288,11309,1,30,1,6,MEDIUM,0.0,2026-07-26T17:27:12.537574Z
1288,11309,2,6,4,5,MEDIUM,3.0,2026-07-26T17:27:12.537574Z
1288,11309,2,1,7,7,MEDIUM,0.0,2026-07-26T17:27:12.537574Z
1288,11309,1,14,1,5,MEDIUM,0.0,2026-07-26T17:27:12.537574Z
1288,11309,1,3,1,5,MEDIUM,0.0,2026-07-26T17:27:12.537574Z
1288,11309,2,55,6,6,MEDIUM,5.0,2026-07-26T17:27:12.537574Z
1288,11309,2,23,2,5,MEDIUM,1.0,2026-07-26T17:27:12.537574Z
1288,11309,1,81,1,7,MEDIUM,0.0,2026-07-26T17:27:12.537574Z
1288,11309,1,16,1,10,MEDIUM,0.0,2026-07-26T17:27:12.537574Z
1288,11309,2,3,6,8,MEDIUM,5.0,2026-07-26T17:27:12.537574Z
1288,11309,3,12,5,10,MEDIUM,0.0,2026-07-26T17:27:12.537574Z
1288,11309,1,77,1,5,MEDIUM,0.0,2026-07-26T17:27:12.537574Z
1288,11309,2,27,8,10,HARD,0.0,2026-07-26T17:27:12.537574Z
1288,11309,2,18,6,12,MEDIUM,5.0,2026-07-26T17:27:12.537574Z
1288,11309,3,23,6,11,MEDIUM,0.0,2026-07-26T17:27:12.537574Z
1288,11309,2,87,4,11,HARD,3.0,2026-07-26T17:27:12.537574Z
1288,11309,2,10,7,11,MEDIUM,6.0,2026-07-26T17:27:12.537574Z
1288,11309,2,30,7,12,MEDIUM,6.0,2026-07-26T17:27:12.537574Z
1288,11309,2,81,8,10,MEDIUM,7.0,2026-07-26T17:27:12.537574Z
1288,11309,1,41,1,6,MEDIUM,0.0,2026-07-26T17:27:12.537574Z
1288,11309,2,44,5,13,MEDIUM,4.0,2026-07-26T17:27:12.537574Z
1288,11309,3,1,8,11,MEDIUM,7.0,2026-07-26T17:27:12.537574Z
1288,11309,4,23,12,14,SOFT,0.0,2026-07-26T17:27:12.537574Z
1288,11309,4,12,11,13,MEDIUM,0.0,2026-07-26T17:27:12.537574Z
1288,11309,1,31,1,13,HARD,0.0,2026-07-26T17:27:12.537574Z
1288,11309,1,63,1,7,MEDIUM,0.0,2026-07-26T17:27:12.537574Z
1288,11309,2,16,11,15,MEDIUM,10.0,2026-07-26T17:27:12.537574Z
1288,11309,3,27,11,13,SOFT,0.0,2026-07-26T17:27:12.537574Z
1288,11309,3,10,12,14,SOFT,0.0,2026-07-26T17:27:12.537574Z
1288,11309,2,43,7,10,HARD,0.0,2026-07-26T17:27:12.537574Z
1288,11309,3,81,11,13,SOFT,0.0,2026-07-26T17:27:12.537574Z
1288,11309,3,6,6,12,MEDIUM,5.0,2026-07-26T17:27:12.537574Z
1288,11309,3,55,7,11,MEDIUM,6.0,2026-07-26T17:27:12.537574Z
1288,11309,2,14,6,11,MEDIUM,5.0,2026-07-26T17:27:12.537574Z
1288,11309,3,87,12,14,SOFT,0.0,2026-07-26T17:27:12.537574Z
1288,11309,4,1,12,14,SOFT,11.0,2026-07-26T17:27:12.537574Z
1288,11309,3,18,13,15,MEDIUM,12.0,2026-07-26T17:27:12.537574Z
1288,11309,5,12,14,16,SOFT,0.0,2026-07-26T17:27:12.537574Z
1288,11309,3,16,16,18,SOFT,0.0,2026-07-26T17:27:12.537574Z
1288,11309,2,31,14,16,SOFT,0.0,2026-07-26T17:27:12.537574Z
1288,11309,2,77,6,6,MEDIUM,0.0,2026-07-26T17:27:12.537574Z
1288,11309,3,3,9,12,MEDIUM,8.0,2026-07-26T17:27:12.537574Z
1288,11309,3,43,11,13,SOFT,0.0,2026-07-26T17:27:12.537574Z
1288,11309,3,14,12,14,SOFT,0.0,2026-07-26T17:27:12.537574Z
1288,11309,2,5,6,15,HARD,0.0,2026-07-26T17:27:12.537574Z
1288,11309,4,55,12,15,SOFT,0.0,2026-07-26T17:27:12.537574Z
1288,11309,4,18,16,18,SOFT,0.0,2026-07-26T17:27:12.537574Z
1288,11309,2,41,7,12,SOFT,0.0,2026-07-26T17:27:12.537574Z
1288,11309,5,23,15,17,SOFT,3.0,2026-07-26T17:27:12.537574Z
1288,11309,4,10,15,16,SOFT,3.0,2026-07-26T17:27:12.537574Z
1288,11309,4,27,14,16,SOFT,0.0,2026-07-26T17:27:12.537574Z
1288,11309,4,87,15,17,SOFT,3.0,2026-07-26T17:27:12.537574Z
1288,11309,3,30,13,18,SOFT,0.0,2026-07-26T17:27:12.537574Z
1288,11309,4,81,14,16,SOFT,3.0,2026-07-26T17:27:12.537574Z
1288,11309,6,23,18,18,SOFT,6.0,2026-07-26T17:27:12.537574Z
1288,11309,3,44,14,19,SOFT,0.0,2026-07-26T17:27:12.537574Z
1288,11309,5,1,15,17,SOFT,3.0,2026-07-26T17:27:12.537574Z
1288,11309,3,31,17,19,SOFT,3.0,2026-07-26T17:27:12.537574Z
1288,11309,4,3,13,15,SOFT,0.0,2026-07-26T17:27:12.537574Z
1288,11309,6,12,17,19,SOFT,3.0,2026-07-26T17:27:12.537574Z
1288,11309,4,43,14,16,SOFT,3.0,2026-07-26T17:27:12.537574Z
1288,11309,4,16,19,22,SOFT,3.0,2026-07-26T17:27:12.537574Z
1288,11309,5,55,16,18,SOFT,4.0,2026-07-26T17:27:12.537574Z
1288,11309,3,5,16,18,SOFT,0.0,2026-07-26T17:27:12.537574Z
1288,11309,4,14,15,16,SOFT,3.0,2026-07-26T17:27:12.537574Z
1288,11309,2,63,8,14,SOFT,0.0,2026-07-26T17:27:12.537574Z
1288,11309,5,18,19,21,SOFT,3.0,2026-07-26T17:27:12.537574Z
1288,11309,4,6,13,18,SOFT,0.0,2026-07-26T17:27:12.537574Z
1288,11309,5,27,17,26,HARD,10.0,2026-07-26T17:27:12.537574Z
1288,11309,5,87,18,27,SOFT,6.0,2026-07-26T17:27:12.537574Z
1288,11309,4,44,20,28,MEDIUM,13.0,2026-07-26T17:27:12.537574Z
1288,11309,6,1,18,28,MEDIUM,11.0,2026-07-26T17:27:12.537574Z
1288,11309,7,12,20,28,MEDIUM,0.0,2026-07-26T17:27:12.537574Z
1288,11309,3,63,15,21,MEDIUM,7.0,2026-07-26T17:27:12.537574Z
1288,11309,5,81,17,28,MEDIUM,10.0,2026-07-26T17:27:12.537574Z
1288,11309,3,41,13,29,MEDIUM,6.0,2026-07-26T17:27:12.537574Z
1288,11309,6,87,28,33,HARD,11.0,2026-07-26T17:27:12.537574Z
1288,11309,4,5,19,30,HARD,15.0,2026-07-26T17:27:12.537574Z
1288,11309,6,27,27,32,SOFT,0.0,2026-07-26T17:27:12.537574Z
1288,11309,7,1,29,32,SOFT,6.0,2026-07-26T17:27:12.537574Z
1288,11309,6,55,19,30,MEDIUM,11.0,2026-07-26T17:27:12.537574Z
1288,11309,8,12,29,32,SOFT,6.0,2026-07-26T17:27:12.537574Z
1288,11309,5,14,17,27,SOFT,5.0,2026-07-26T17:27:12.537574Z
1288,11309,4,30,19,34,MEDIUM,12.0,2026-07-26T17:27:12.537574Z
1288,11309,5,10,17,33,MEDIUM,0.0,2026-07-26T17:27:12.537574Z
1288,11309,4,31,20,33,HARD,13.0,2026-07-26T17:27:12.537574Z
1288,11309,4,63,22,25,SOFT,7.0,2026-07-26T17:27:12.537574Z
1288,11309,6,18,22,32,SOFT,6.0,2026-07-26T17:27:12.537574Z
1288,11309,5,6,19,28,MEDIUM,12.0,2026-07-26T17:27:12.537574Z
1288,11309,5,44,29,33,SOFT,6.0,2026-07-26T17:27:12.537574Z
1288,11309,6,81,29,32,SOFT,6.0,2026-07-26T17:27:12.537574Z
1288,11309,7,23,19,34,MEDIUM,11.0,2026-07-26T17:27:12.537574Z
1288,11309,5,3,16,29,MEDIUM,12.0,2026-07-26T17:27:12.537574Z
1288,11309,5,16,23,35,MEDIUM,15.0,2026-07-26T17:27:12.537574Z
1288,11309,5,43,17,30,HARD,10.0,2026-07-26T17:27:12.537574Z
1289,11316,1,10,1,1,HARD,0.0,2026-07-26T17:28:06.921843Z
1289,11316,1,23,1,5,HARD,0.0,2026-07-26T17:28:06.921843Z
1289,11316,1,55,1,5,HARD,0.0,2026-07-26T17:28:06.921843Z
1289,11316,1,30,1,8,HARD,0.0,2026-07-26T17:28:06.921843Z
1289,11316,1,31,1,7,HARD,0.0,2026-07-26T17:28:06.921843Z
1289,11316,1,63,1,7,HARD,0.0,2026-07-26T17:28:06.921843Z
1289,11316,1,43,1,8,HARD,0.0,2026-07-26T17:28:06.921843Z
1289,11316,1,18,1,6,HARD,0.0,2026-07-26T17:28:06.921843Z
1289,11316,2,23,6,11,HARD,5.0,2026-07-26T17:28:06.921843Z
1289,11316,1,87,1,9,HARD,0.0,2026-07-26T17:28:06.921843Z
1289,11316,1,41,1,11,HARD,0.0,2026-07-26T17:28:06.921843Z
1289,11316,1,6,1,7,HARD,0.0,2026-07-26T17:28:06.921843Z
1289,11316,2,63,8,10,HARD,7.0,2026-07-26T17:28:06.921843Z
1289,11316,1,81,1,8,HARD,0.0,2026-07-26T17:28:06.921843Z
1289,11316,1,1,1,9,HARD,0.0,2026-07-26T17:28:06.921843Z
1289,11316,1,3,1,8,HARD,0.0,2026-07-26T17:28:06.921843Z
1289,11316,2,55,6,13,HARD,5.0,2026-07-26T17:28:06.921843Z
1289,11316,1,27,1,10,HARD,0.0,2026-07-26T17:28:06.921843Z
1289,11316,1,12,1,12,HARD,0.0,2026-07-26T17:28:06.921843Z
1289,11316,1,16,1,12,HARD,0.0,2026-07-26T17:28:06.921843Z
1289,11316,1,5,1,11,HARD,0.0,2026-07-26T17:28:06.921843Z
1289,11316,2,31,8,10,HARD,7.0,2026-07-26T17:28:06.921843Z
1289,11316,2,43,9,9,HARD,8.0,2026-07-26T17:28:06.921843Z
1289,11316,1,14,1,10,HARD,0.0,2026-07-26T17:28:06.921843Z
1289,11316,1,44,1,13,HARD,0.0,2026-07-26T17:28:06.921843Z
1289,11316,2,5,12,13,HARD,11.0,2026-07-26T17:28:06.921843Z
1289,11316,2,18,7,11,HARD,6.0,2026-07-26T17:28:06.921843Z
1289,11316,2,10,2,11,HARD,0.0,2026-07-26T17:28:06.921843Z
1289,11316,2,16,13,15,HARD,12.0,2026-07-26T17:28:06.921843Z
1289,11316,2,14,11,13,SOFT,0.0,2026-07-26T17:28:06.921843Z
1289,11316,2,44,14,16,HARD,13.0,2026-07-26T17:28:06.921843Z
1289,11316,3,10,12,13,HARD,11.0,2026-07-26T17:28:06.921843Z
1289,11316,1,11,1,15,HARD,0.0,2026-07-26T17:28:06.921843Z
1289,11316,2,30,9,16,HARD,0.0,2026-07-26T17:28:06.921843Z
1289,11316,2,41,12,19,HARD,11.0,2026-07-26T17:28:06.921843Z
1289,11316,1,77,1,14,HARD,0.0,2026-07-26T17:28:06.921843Z
1289,11316,2,27,11,19,HARD,10.0,2026-07-26T17:28:06.921843Z
1289,11316,2,81,9,14,HARD,8.0,2026-07-26T17:28:06.921843Z
1289,11316,3,63,11,21,HARD,10.0,2026-07-26T17:28:06.921843Z
1289,11316,3,55,14,23,HARD,13.0,2026-07-26T17:28:06.921843Z
1289,11316,2,12,13,22,HARD,12.0,2026-07-26T17:28:06.921843Z
1289,11316,3,16,16,21,HARD,15.0,2026-07-26T17:28:06.921843Z
1289,11316,3,43,10,18,HARD,9.0,2026-07-26T17:28:06.921843Z
1289,11316,3,31,11,18,HARD,10.0,2026-07-26T17:28:06.921843Z
1289,11316,2,6,8,18,HARD,7.0,2026-07-26T17:28:06.921843Z
1289,11316,3,23,12,21,HARD,11.0,2026-07-26T17:28:06.921843Z
1289,11316,2,87,10,18,HARD,9.0,2026-07-26T17:28:06.921843Z
1289,11316,2,1,10,18,HARD,9.0,2026-07-26T17:28:06.921843Z
1289,11316,3,14,14,16,SOFT,3.0,2026-07-26T17:28:06.921843Z
1289,11316,3,18,12,17,SOFT,0.0,2026-07-26T17:28:06.921843Z
1289,11316,3,44,17,23,HARD,16.0,2026-07-26T17:28:06.921843Z
1289,11316,3,27,20,20,HARD,0.0,2026-07-26T17:28:06.921843Z
1289,11316,3,5,14,20,HARD,0.0,2026-07-26T17:28:06.921843Z
1289,11316,2,3,9,19,HARD,8.0,2026-07-26T17:28:06.921843Z
1289,11316,4,10,14,17,HARD,13.0,2026-07-26T17:28:06.921843Z
1289,11316,4,55,24,26,SOFT,0.0,2026-07-26T17:28:06.921843Z
1289,11316,3,41,20,25,MEDIUM,0.0,2026-07-26T17:28:06.921843Z
1289,11316,4,23,22,24,SOFT,0.0,2026-07-26T17:28:06.921843Z
1289,11316,3,1,19,21,SOFT,0.0,2026-07-26T17:28:06.921843Z
1289,11316,3,30,17,22,MEDIUM,0.0,2026-07-26T17:28:06.921843Z
1289,11316,3,87,19,21,SOFT,0.0,2026-07-26T17:28:06.921843Z
1289,11316,2,11,16,18,SOFT,0.0,2026-07-26T17:28:06.921843Z
1289,11316,4,5,21,23,MEDIUM,0.0,2026-07-26T17:28:06.921843Z
1289,11316,2,77,15,17,SOFT,0.0,2026-07-26T17:28:06.921843Z
1289,11316,3,81,15,20,SOFT,0.0,2026-07-26T17:28:06.921843Z
1289,11316,4,63,22,27,SOFT,0.0,2026-07-26T17:28:06.921843Z
1289,11316,5,55,27,29,SOFT,0.0,2026-07-26T17:28:06.921843Z
1289,11316,4,43,19,24,MEDIUM,0.0,2026-07-26T17:28:06.921843Z
1289,11316,5,10,18,21,MEDIUM,0.0,2026-07-26T17:28:06.921843Z
1289,11316,3,12,23,25,SOFT,0.0,2026-07-26T17:28:06.921843Z
1289,11316,3,11,19,23,MEDIUM,0.0,2026-07-26T17:28:06.921843Z
1289,11316,5,23,25,30,SOFT,3.0,2026-07-26T17:28:06.921843Z
1289,11316,4,31,19,27,SOFT,0.0,2026-07-26T17:28:06.921843Z
1289,11316,4,1,22,27,SOFT,0.0,2026-07-26T17:28:06.921843Z
1289,11316,5,5,24,28,MEDIUM,3.0,2026-07-26T17:28:06.921843Z
1289,11316,4,16,22,31,SOFT,0.0,2026-07-26T17:28:06.921843Z
1289,11316,3,77,18,22,MEDIUM,0.0,2026-07-26T17:28:06.921843Z
1289,11316,5,63,28,31,HARD,21.0,2026-07-26T17:28:06.921843Z
1289,11316,4,14,17,25,MEDIUM,0.0,2026-07-26T17:28:06.921843Z
1289,11316,6,55,30,33,HARD,23.0,2026-07-26T17:28:06.921843Z
1289,11316,4,30,23,28,MEDIUM,6.0,2026-07-26T17:28:06.921843Z
1289,11316,5,43,25,28,HARD,0.0,2026-07-26T17:28:06.921843Z
1289,11316,4,87,22,27,SOFT,3.0,2026-07-26T17:28:06.921843Z
1289,11316,4,12,26,29,SOFT,3.0,2026-07-26T17:28:06.921843Z
1289,11316,4,81,21,25,SOFT,6.0,2026-07-26T17:28:06.921843Z
1289,11316,6,10,22,25,HARD,17.0,2026-07-26T17:28:06.921843Z
1289,11316,3,3,20,27,SOFT,0.0,2026-07-26T17:28:06.921843Z
1289,11316,4,18,18,26,MEDIUM,0.0,2026-07-26T17:28:06.921843Z
1289,11316,4,27,21,29,MEDIUM,0.0,2026-07-26T17:28:06.921843Z
1289,11316,4,44,24,32,SOFT,0.0,2026-07-26T17:28:06.921843Z
1289,11316,3,6,19,28,SOFT,0.0,2026-07-26T17:28:06.921843Z
1289,11316,4,41,26,32,MEDIUM,6.0,2026-07-26T17:28:06.921843Z
1289,11317,1,12,1,3,MEDIUM,0.0,2026-07-26T17:28:10.463781Z
1289,11317,1,63,1,3,MEDIUM,0.0,2026-07-26T17:28:10.463781Z
1289,11317,1,5,1,3,MEDIUM,0.0,2026-07-26T17:28:10.463781Z
1289,11317,1,27,1,3,MEDIUM,0.0,2026-07-26T17:28:10.463781Z
1289,11317,1,87,1,3,MEDIUM,0.0,2026-07-26T17:28:10.463781Z
1289,11317,1,31,1,3,MEDIUM,0.0,2026-07-26T17:28:10.463781Z
1289,11317,1,77,1,3,MEDIUM,0.0,2026-07-26T17:28:10.463781Z
1289,11317,1,11,1,3,MEDIUM,0.0,2026-07-26T17:28:10.463781Z
1289,11317,1,1,1,3,MEDIUM,0.0,2026-07-26T17:28:10.463781Z
1289,11317,2,31,4,6,MEDIUM,3.0,2026-07-26T17:28:10.463781Z
1289,11317,2,87,4,6,MEDIUM,3.0,2026-07-26T17:28:10.463781Z
1289,11317,1,14,1,5,MEDIUM,0.0,2026-07-26T17:28:10.463781Z
1289,11317,2,77,4,6,MEDIUM,3.0,2026-07-26T17:28:10.463781Z
1289,11317,2,11,4,6,MEDIUM,3.0,2026-07-26T17:28:10.463781Z
1289,11317,1,18,1,5,MEDIUM,0.0,2026-07-26T17:28:10.463781Z
1289,11317,2,27,4,6,MEDIUM,3.0,2026-07-26T17:28:10.463781Z
1289,11317,1,55,1,7,MEDIUM,0.0,2026-07-26T17:28:10.463781Z
1289,11317,1,3,1,6,MEDIUM,0.0,2026-07-26T17:28:10.463781Z
1289,11317,1,23,1,7,MEDIUM,0.0,2026-07-26T17:28:10.463781Z
1289,11317,1,6,1,5,MEDIUM,0.0,2026-07-26T17:28:10.463781Z
1289,11317,2,1,4,6,MEDIUM,3.0,2026-07-26T17:28:10.463781Z
1289,11317,2,5,4,6,MEDIUM,3.0,2026-07-26T17:28:10.463781Z
1289,11317,1,81,1,3,MEDIUM,0.0,2026-07-26T17:28:10.463781Z
1289,11317,1,16,1,5,MEDIUM,0.0,2026-07-26T17:28:10.463781Z
1289,11317,1,44,1,6,MEDIUM,0.0,2026-07-26T17:28:10.463781Z
1289,11317,2,12,4,6,MEDIUM,3.0,2026-07-26T17:28:10.463781Z
1289,11317,2,63,4,6,MEDIUM,3.0,2026-07-26T17:28:10.463781Z
1289,11317,1,30,1,6,MEDIUM,0.0,2026-07-26T17:28:10.463781Z
1289,11317,1,41,1,6,MEDIUM,0.0,2026-07-26T17:28:10.463781Z
1289,11317,1,10,1,6,MEDIUM,0.0,2026-07-26T17:28:10.463781Z
1289,11317,1,43,1,6,MEDIUM,0.0,2026-07-26T17:28:10.463781Z
1289,11317,3,1,7,9,MEDIUM,0.0,2026-07-26T17:28:10.463781Z
1289,11317,2,55,8,10,MEDIUM,0.0,2026-07-26T17:28:10.463781Z
1289,11317,3,27,7,9,MEDIUM,0.0,2026-07-26T17:28:10.463781Z
1289,11317,3,5,7,9,MEDIUM,0.0,2026-07-26T17:28:10.463781Z
1289,11317,3,12,7,9,MEDIUM,0.0,2026-07-26T17:28:10.463781Z
1289,11317,2,23,8,10,MEDIUM,0.0,2026-07-26T17:28:10.463781Z
1289,11317,3,55,11,12,MEDIUM,3.0,2026-07-26T17:28:10.463781Z
1289,11317,2,10,7,9,MEDIUM,0.0,2026-07-26T17:28:10.463781Z
1289,11317,2,43,7,9,MEDIUM,0.0,2026-07-26T17:28:10.463781Z
1289,11317,4,27,10,12,MEDIUM,3.0,2026-07-26T17:28:10.463781Z
1289,11317,4,5,10,12,MEDIUM,3.0,2026-07-26T17:28:10.463781Z
1289,11317,3,23,11,13,MEDIUM,3.0,2026-07-26T17:28:10.463781Z
1289,11317,2,81,4,9,MEDIUM,0.0,2026-07-26T17:28:10.463781Z
1289,11317,2,41,7,9,MEDIUM,0.0,2026-07-26T17:28:10.463781Z
1289,11317,4,1,10,12,MEDIUM,0.0,2026-07-26T17:28:10.463781Z
1289,11317,2,30,7,9,MEDIUM,0.0,2026-07-26T17:28:10.463781Z
1289,11317,4,12,10,12,MEDIUM,3.0,2026-07-26T17:28:10.463781Z
1289,11317,2,16,6,11,MEDIUM,0.0,2026-07-26T17:28:10.463781Z
1289,11317,2,44,7,11,MEDIUM,0.0,2026-07-26T17:28:10.463781Z
1289,11317,2,3,7,9,MEDIUM,0.0,2026-07-26T17:28:10.463781Z
1289,11317,2,6,6,11,MEDIUM,0.0,2026-07-26T17:28:10.463781Z
1289,11317,3,63,7,12,MEDIUM,0.0,2026-07-26T17:28:10.463781Z
1289,11317,3,81,10,12,SOFT,0.0,2026-07-26T17:28:10.463781Z
1289,11317,3,41,10,12,SOFT,0.0,2026-07-26T17:28:10.463781Z
1289,11317,5,1,13,15,SOFT,0.0,2026-07-26T17:28:10.463781Z
1289,11317,3,30,10,12,SOFT,0.0,2026-07-26T17:28:10.463781Z
1289,11317,5,12,13,15,SOFT,0.0,2026-07-26T17:28:10.463781Z
1289,11317,3,16,12,14,SOFT,0.0,2026-07-26T17:28:10.463781Z
1289,11317,3,44,12,14,SOFT,0.0,2026-07-26T17:28:10.463781Z
1289,11317,3,3,10,12,SOFT,0.0,2026-07-26T17:28:10.463781Z
1289,11317,3,6,12,14,SOFT,0.0,2026-07-26T17:28:10.463781Z
1289,11317,4,63,13,15,SOFT,0.0,2026-07-26T17:28:10.463781Z
1290,11327,1,55,1,1,MEDIUM,0.0,2026-07-26T17:29:10.435133Z
1290,11327,1,11,1,5,HARD,0.0,2026-07-26T17:29:10.435133Z
1290,11327,1,23,1,1,MEDIUM,0.0,2026-07-26T17:29:10.435133Z
1290,11327,1,63,1,8,MEDIUM,0.0,2026-07-26T17:29:10.435133Z
1290,11327,1,41,1,9,MEDIUM,0.0,2026-07-26T17:29:10.435133Z
1290,11327,1,31,1,5,MEDIUM,0.0,2026-07-26T17:29:10.435133Z
1290,11327,1,87,1,4,MEDIUM,0.0,2026-07-26T17:29:10.435133Z
1290,11327,1,43,1,5,HARD,0.0,2026-07-26T17:29:10.435133Z
1290,11327,1,44,1,9,MEDIUM,0.0,2026-07-26T17:29:10.435133Z
1290,11327,1,3,1,7,MEDIUM,0.0,2026-07-26T17:29:10.435133Z
1290,11327,1,16,1,9,MEDIUM,0.0,2026-07-26T17:29:10.435133Z
1290,11327,1,12,1,7,MEDIUM,0.0,2026-07-26T17:29:10.435133Z
1290,11327,1,6,1,7,SOFT,0.0,2026-07-26T17:29:10.435133Z
1290,11327,1,5,1,9,HARD,0.0,2026-07-26T17:29:10.435133Z
1290,11327,1,77,1,5,HARD,0.0,2026-07-26T17:29:10.435133Z
1290,11327,1,30,1,5,MEDIUM,0.0,2026-07-26T17:29:10.435133Z
1290,11327,1,81,1,7,MEDIUM,0.0,2026-07-26T17:29:10.435133Z
1290,11327,1,34,1,7,MEDIUM,0.0,2026-07-26T17:29:10.435133Z
1290,11327,1,10,1,7,HARD,0.0,2026-07-26T17:29:10.435133Z
1290,11327,1,27,1,8,HARD,0.0,2026-07-26T17:29:10.435133Z
1290,11327,1,18,1,7,MEDIUM,0.0,2026-07-26T17:29:10.435133Z
1290,11327,2,55,2,8,MEDIUM,0.0,2026-07-26T17:29:10.435133Z
1290,11327,2,23,2,10,MEDIUM,0.0,2026-07-26T17:29:10.435133Z
1290,11327,1,1,1,1,MEDIUM,0.0,2026-07-26T17:29:10.435133Z
1290,11327,2,87,5,8,MEDIUM,4.0,2026-07-26T17:29:10.435133Z
1290,11327,2,43,6,8,HARD,5.0,2026-07-26T17:29:10.435133Z
1290,11327,2,1,2,2,SOFT,0.0,2026-07-26T17:29:10.435133Z
1290,11327,2,77,6,10,HARD,5.0,2026-07-26T17:29:10.435133Z
1290,11327,2,11,6,10,HARD,5.0,2026-07-26T17:29:10.435133Z
1290,11327,2,30,6,10,MEDIUM,0.0,2026-07-26T17:29:10.435133Z
1290,11327,2,31,6,9,MEDIUM,5.0,2026-07-26T17:29:10.435133Z
1290,11327,2,10,8,10,HARD,7.0,2026-07-26T17:29:10.435133Z
1290,11327,3,55,9,11,MEDIUM,7.0,2026-07-26T17:29:10.435133Z
1290,11327,3,1,3,8,SOFT,0.0,2026-07-26T17:29:10.435133Z
1290,11327,2,12,8,10,SOFT,0.0,2026-07-26T17:29:10.435133Z
1290,11327,2,81,8,11,MEDIUM,7.0,2026-07-26T17:29:10.435133Z
1290,11327,2,6,8,12,SOFT,0.0,2026-07-26T17:29:10.435133Z
1290,11327,2,63,9,13,SOFT,0.0,2026-07-26T17:29:10.435133Z
1290,11327,3,43,9,13,HARD,8.0,2026-07-26T17:29:10.435133Z
1290,11327,2,3,8,10,SOFT,0.0,2026-07-26T17:29:10.435133Z
1290,11327,2,41,10,16,SOFT,0.0,2026-07-26T17:29:10.435133Z
1290,11327,2,34,8,12,MEDIUM,7.0,2026-07-26T17:29:10.435133Z
1290,11327,2,18,8,10,MEDIUM,7.0,2026-07-26T17:29:10.435133Z
1290,11327,3,87,9,14,MEDIUM,8.0,2026-07-26T17:29:10.435133Z
1290,11327,2,27,9,12,SOFT,0.0,2026-07-26T17:29:10.435133Z
1290,11327,2,44,10,14,SOFT,0.0,2026-07-26T17:29:10.435133Z
1290,11327,3,30,11,15,SOFT,0.0,2026-07-26T17:29:10.435133Z
1290,11327,2,5,10,13,SOFT,0.0,2026-07-26T17:29:10.435133Z
1290,11327,3,10,11,14,SOFT,0.0,2026-07-26T17:29:10.435133Z
1290,11327,4,55,12,16,SOFT,0.0,2026-07-26T17:29:10.435133Z
1290,11327,3,23,11,15,SOFT,0.0,2026-07-26T17:29:10.435133Z
1290,11327,2,16,10,14,SOFT,0.0,2026-07-26T17:29:10.435133Z
1290,11327,3,11,11,15,SOFT,0.0,2026-07-26T17:29:10.435133Z
1290,11327,3,31,10,14,MEDIUM,9.0,2026-07-26T17:29:10.435133Z
1290,11327,3,12,11,20,MEDIUM,7.0,2026-07-26T17:29:10.435133Z
1290,11327,3,3,11,21,MEDIUM,7.0,2026-07-26T17:29:10.435133Z
1290,11327,3,77,11,14,SOFT,0.0,2026-07-26T17:29:10.435133Z
1290,11327,3,81,12,14,SOFT,0.0,2026-07-26T17:29:10.435133Z
1290,11327,3,18,11,16,SOFT,0.0,2026-07-26T17:29:10.435133Z
1290,11327,3,5,14,18,SOFT,4.0,2026-07-26T17:29:10.435133Z
1290,11327,3,63,14,19,MEDIUM,0.0,2026-07-26T17:29:10.435133Z
1290,11327,4,43,14,23,SOFT,0.0,2026-07-26T17:29:10.435133Z
1290,11327,4,1,9,19,SOFT,0.0,2026-07-26T17:29:10.435133Z
1290,11327,3,6,13,23,SOFT,5.0,2026-07-26T17:29:10.435133Z
1290,11327,3,27,13,23,HARD,8.0,2026-07-26T17:29:10.435133Z
1290,11327,3,34,13,22,SOFT,0.0,2026-07-26T17:29:10.435133Z
1290,11327,4,10,15,23,HARD,10.0,2026-07-26T17:29:10.435133Z
1290,11327,4,81,15,21,MEDIUM,11.0,2026-07-26T17:29:10.435133Z
1290,11327,4,30,16,24,MEDIUM,10.0,2026-07-26T17:29:10.435133Z
1290,11327,5,55,17,25,MEDIUM,11.0,2026-07-26T17:29:10.435133Z
1290,11327,4,23,16,24,SOFT,5.0,2026-07-26T17:29:10.435133Z
1290,11327,3,41,17,24,MEDIUM,9.0,2026-07-26T17:29:10.435133Z
1290,11327,3,16,15,22,MEDIUM,9.0,2026-07-26T17:29:10.435133Z
1290,11327,4,87,15,17,SOFT,0.0,2026-07-26T17:29:10.435133Z
1290,11327,4,31,15,17,SOFT,0.0,2026-07-26T17:29:10.435133Z
1290,11327,3,44,15,22,SOFT,5.0,2026-07-26T17:29:10.435133Z
1290,11327,4,11,16,22,SOFT,5.0,2026-07-26T17:29:10.435133Z
1290,11327,4,77,15,21,HARD,10.0,2026-07-26T17:29:10.435133Z
1290,11327,5,31,18,21,SOFT,0.0,2026-07-26T17:29:10.435133Z
1290,11327,5,87,18,21,SOFT,3.0,2026-07-26T17:29:10.435133Z
1290,11327,4,63,20,22,SOFT,0.0,2026-07-26T17:29:10.435133Z
1290,11327,4,3,22,24,SOFT,3.0,2026-07-26T17:29:10.435133Z
1290,11327,4,18,17,19,SOFT,6.0,2026-07-26T17:29:10.435133Z
1290,11327,4,12,21,23,SOFT,3.0,2026-07-26T17:29:10.435133Z
1290,11334,1,63,1,1,MEDIUM,0.0,2026-07-26T17:30:05.836731Z
1290,11334,1,18,1,17,HARD,0.0,2026-07-26T17:30:05.836731Z
1290,11334,1,44,1,20,MEDIUM,0.0,2026-07-26T17:30:05.836731Z
1290,11334,1,14,1,19,HARD,0.0,2026-07-26T17:30:05.836731Z
1290,11334,1,55,1,14,SOFT,0.0,2026-07-26T17:30:05.836731Z
1290,11334,1,10,1,14,MEDIUM,0.0,2026-07-26T17:30:05.836731Z
1290,11334,1,81,1,20,MEDIUM,0.0,2026-07-26T17:30:05.836731Z
1290,11334,1,41,1,16,MEDIUM,0.0,2026-07-26T17:30:05.836731Z
1290,11334,1,30,1,15,MEDIUM,0.0,2026-07-26T17:30:05.836731Z
1290,11334,1,16,1,20,MEDIUM,0.0,2026-07-26T17:30:05.836731Z
1290,11334,1,87,1,1,MEDIUM,0.0,2026-07-26T17:30:05.836731Z
1290,11334,1,43,1,15,MEDIUM,0.0,2026-07-26T17:30:05.836731Z
1290,11334,1,5,1,20,MEDIUM,0.0,2026-07-26T17:30:05.836731Z
1290,11334,1,11,1,1,HARD,0.0,2026-07-26T17:30:05.836731Z
1290,11334,1,31,1,1,MEDIUM,0.0,2026-07-26T17:30:05.836731Z
1290,11334,1,6,1,1,HARD,0.0,2026-07-26T17:30:05.836731Z
1290,11334,1,77,1,1,SOFT,0.0,2026-07-26T17:30:05.836731Z
1290,11334,1,12,1,18,MEDIUM,0.0,2026-07-26T17:30:05.836731Z
1290,11334,1,1,1,30,HARD,0.0,2026-07-26T17:30:05.836731Z
1290,11334,1,27,1,20,MEDIUM,0.0,2026-07-26T17:30:05.836731Z
1290,11334,1,3,1,17,MEDIUM,0.0,2026-07-26T17:30:05.836731Z
1290,11334,1,23,1,18,MEDIUM,0.0,2026-07-26T17:30:05.836731Z
1290,11334,2,6,2,2,MEDIUM,0.0,2026-07-26T17:30:05.836731Z
1290,11334,2,87,2,20,HARD,0.0,2026-07-26T17:30:05.836731Z
1290,11334,2,11,2,12,SOFT,0.0,2026-07-26T17:30:05.836731Z
1290,11334,2,77,2,32,HARD,0.0,2026-07-26T17:30:05.836731Z
1290,11334,2,31,2,16,HARD,0.0,2026-07-26T17:30:05.836731Z
1290,11334,3,6,3,20,HARD,0.0,2026-07-26T17:30:05.836731Z
1290,11334,3,11,13,13,HARD,1.0,2026-07-26T17:30:05.836731Z
1290,11334,2,10,15,44,HARD,0.0,2026-07-26T17:30:05.836731Z
1290,11334,2,55,15,44,HARD,0.0,2026-07-26T17:30:05.836731Z
1290,11334,2,30,16,44,HARD,0.0,2026-07-26T17:30:05.836731Z
1290,11334,2,43,16,44,HARD,0.0,2026-07-26T17:30:05.836731Z
1290,11334,2,41,17,44,HARD,0.0,2026-07-26T17:30:05.836731Z
1290,11334,3,31,17,44,HARD,0.0,2026-07-26T17:30:05.836731Z
1290,11334,2,3,18,44,HARD,0.0,2026-07-26T17:30:05.836731Z
1290,11334,2,18,18,25,SOFT,0.0,2026-07-26T17:30:05.836731Z
1290,11334,2,12,19,44,HARD,0.0,2026-07-26T17:30:05.836731Z
1290,11334,2,23,19,44,HARD,0.0,2026-07-26T17:30:05.836731Z
1290,11334,2,14,20,31,SOFT,0.0,2026-07-26T17:30:05.836731Z
1290,11334,2,16,21,44,HARD,0.0,2026-07-26T17:30:05.836731Z
1290,11334,2,44,21,44,HARD,0.0,2026-07-26T17:30:05.836731Z
1290,11334,2,81,21,44,HARD,0.0,2026-07-26T17:30:05.836731Z
1290,11334,4,6,21,44,HARD,1.0,2026-07-26T17:30:05.836731Z
1290,11334,2,5,21,44,HARD,0.0,2026-07-26T17:30:05.836731Z
1290,11334,2,27,21,44,HARD,0.0,2026-07-26T17:30:05.836731Z
1290,11334,3,87,21,44,HARD,0.0,2026-07-26T17:30:05.836731Z
1290,11334,2,1,31,44,MEDIUM,0.0,2026-07-26T17:30:05.836731Z
1290,11334,3,14,32,42,HARD,0.0,2026-07-26T17:30:05.836731Z
1290,11334,3,77,33,43,SOFT,0.0,2026-07-26T17:30:05.836731Z
1290,11334,3,12,45,45,SOFT,3.0,2026-07-26T17:30:05.836731Z
1291,11335,1,27,1,1,MEDIUM,0.0,2026-07-26T17:30:09.723193Z
1291,11335,1,5,1,1,MEDIUM,0.0,2026-07-26T17:30:09.723193Z
1291,11335,1,61,1,3,MEDIUM,0.0,2026-07-26T17:30:09.723193Z
1291,11335,2,5,2,2,MEDIUM,0.0,2026-07-26T17:30:09.723193Z
1291,11335,1,55,1,3,MEDIUM,0.0,2026-07-26T17:30:09.723193Z
1291,11335,1,63,1,3,MEDIUM,0.0,2026-07-26T17:30:09.723193Z
1291,11335,1,30,1,5,MEDIUM,0.0,2026-07-26T17:30:09.723193Z
1291,11335,1,18,1,5,HARD,0.0,2026-07-26T17:30:09.723193Z
1291,11335,2,27,2,2,MEDIUM,0.0,2026-07-26T17:30:09.723193Z
1291,11335,1,50,1,3,MEDIUM,0.0,2026-07-26T17:30:09.723193Z
1291,11335,1,10,1,6,MEDIUM,0.0,2026-07-26T17:30:09.723193Z
1291,11335,1,31,1,3,MEDIUM,0.0,2026-07-26T17:30:09.723193Z
1291,11335,1,16,1,9,MEDIUM,0.0,2026-07-26T17:30:09.723193Z
1291,11335,3,5,3,8,MEDIUM,0.0,2026-07-26T17:30:09.723193Z
1291,11335,1,6,1,4,MEDIUM,0.0,2026-07-26T17:30:09.723193Z
1291,11335,3,27,3,7,MEDIUM,0.0,2026-07-26T17:30:09.723193Z
1291,11335,1,72,1,5,MEDIUM,0.0,2026-07-26T17:30:09.723193Z
1291,11335,1,23,1,7,MEDIUM,0.0,2026-07-26T17:30:09.723193Z
1291,11335,1,67,1,7,MEDIUM,0.0,2026-07-26T17:30:09.723193Z
1291,11335,4,5,9,11,MEDIUM,0.0,2026-07-26T17:30:09.723193Z
1291,11335,2,10,7,11,MEDIUM,6.0,2026-07-26T17:30:09.723193Z
1291,11335,2,50,4,8,MEDIUM,3.0,2026-07-26T17:30:09.723193Z
1291,11335,2,31,4,8,MEDIUM,3.0,2026-07-26T17:30:09.723193Z
1291,11335,2,63,4,9,MEDIUM,3.0,2026-07-26T17:30:09.723193Z
1291,11335,1,1,1,9,MEDIUM,0.0,2026-07-26T17:30:09.723193Z
1291,11335,1,3,1,8,MEDIUM,0.0,2026-07-26T17:30:09.723193Z
1291,11335,1,41,1,11,MEDIUM,0.0,2026-07-26T17:30:09.723193Z
1291,11335,2,30,6,11,MEDIUM,5.0,2026-07-26T17:30:09.723193Z
1291,11335,2,61,4,9,MEDIUM,0.0,2026-07-26T17:30:09.723193Z
1291,11335,1,14,1,8,HARD,0.0,2026-07-26T17:30:09.723193Z
1291,11335,4,27,8,10,MEDIUM,7.0,2026-07-26T17:30:09.723193Z
1291,11335,1,25,1,12,HARD,0.0,2026-07-26T17:30:09.723193Z
1291,11335,2,1,10,11,SOFT,0.0,2026-07-26T17:30:09.723193Z
1291,11335,3,61,10,11,SOFT,0.0,2026-07-26T17:30:09.723193Z
1291,11335,2,23,8,11,MEDIUM,7.0,2026-07-26T17:30:09.723193Z
1291,11335,2,16,10,12,MEDIUM,9.0,2026-07-26T17:30:09.723193Z
1291,11335,2,6,5,9,MEDIUM,0.0,2026-07-26T17:30:09.723193Z
1291,11335,2,67,8,14,MEDIUM,7.0,2026-07-26T17:30:09.723193Z
1291,11335,3,50,9,11,MEDIUM,0.0,2026-07-26T17:30:09.723193Z
1291,11335,1,11,1,9,HARD,0.0,2026-07-26T17:30:09.723193Z
1291,11335,1,44,1,10,MEDIUM,0.0,2026-07-26T17:30:09.723193Z
1291,11335,5,5,12,14,MEDIUM,0.0,2026-07-26T17:30:09.723193Z
1291,11335,3,67,15,15,MEDIUM,14.0,2026-07-26T17:30:09.723193Z
1291,11335,2,18,6,9,HARD,5.0,2026-07-26T17:30:09.723193Z
1291,11335,3,31,9,11,MEDIUM,0.0,2026-07-26T17:30:09.723193Z
1291,11335,3,10,12,15,MEDIUM,0.0,2026-07-26T17:30:09.723193Z
1291,11335,3,30,12,14,SOFT,0.0,2026-07-26T17:30:09.723193Z
1291,11335,2,41,12,14,SOFT,0.0,2026-07-26T17:30:09.723193Z
1291,11335,2,55,4,10,MEDIUM,0.0,2026-07-26T17:30:09.723193Z
1291,11335,3,18,10,11,HARD,9.0,2026-07-26T17:30:09.723193Z
1291,11335,3,16,13,15,SOFT,0.0,2026-07-26T17:30:09.723193Z
1291,11335,4,67,16,16,MEDIUM,0.0,2026-07-26T17:30:09.723193Z
1291,11335,4,31,12,13,SOFT,0.0,2026-07-26T17:30:09.723193Z
1291,11335,4,10,16,16,SOFT,0.0,2026-07-26T17:30:09.723193Z
1291,11335,2,25,13,17,SOFT,0.0,2026-07-26T17:30:09.723193Z
1291,11335,4,50,12,14,MEDIUM,0.0,2026-07-26T17:30:09.723193Z
1291,11335,3,55,11,11,SOFT,0.0,2026-07-26T17:30:09.723193Z
1291,11335,2,72,6,15,MEDIUM,5.0,2026-07-26T17:30:09.723193Z
1291,11335,2,3,9,11,SOFT,0.0,2026-07-26T17:30:09.723193Z
1291,11335,6,5,15,17,SOFT,0.0,2026-07-26T17:30:09.723193Z
1291,11335,2,14,9,12,HARD,8.0,2026-07-26T17:30:09.723193Z
1291,11335,5,67,17,17,MEDIUM,0.0,2026-07-26T17:30:09.723193Z
1291,11335,4,30,15,15,SOFT,3.0,2026-07-26T17:30:09.723193Z
1291,11335,3,41,15,15,SOFT,3.0,2026-07-26T17:30:09.723193Z
1291,11335,3,23,12,15,SOFT,0.0,2026-07-26T17:30:09.723193Z
1291,11335,5,27,11,16,SOFT,0.0,2026-07-26T17:30:09.723193Z
1291,11335,4,61,12,15,SOFT,1.0,2026-07-26T17:30:09.723193Z
1291,11335,3,6,10,13,SOFT,0.0,2026-07-26T17:30:09.723193Z
1291,11335,7,5,18,18,SOFT,3.0,2026-07-26T17:30:09.723193Z
1291,11335,3,1,12,14,SOFT,0.0,2026-07-26T17:30:09.723193Z
1291,11335,4,16,16,16,SOFT,0.0,2026-07-26T17:30:09.723193Z
1291,11335,4,23,16,17,SOFT,4.0,2026-07-26T17:30:09.723193Z
1291,11335,2,44,11,13,SOFT,0.0,2026-07-26T17:30:09.723193Z
1291,11335,2,11,10,12,SOFT,0.0,2026-07-26T17:30:09.723193Z
1291,11335,3,14,13,15,SOFT,0.0,2026-07-26T17:30:09.723193Z
1291,11335,3,72,16,18,SOFT,0.0,2026-07-26T17:30:09.723193Z
1291,11335,5,16,17,19,SOFT,4.0,2026-07-26T17:30:09.723193Z
1291,11335,6,67,18,21,SOFT,0.0,2026-07-26T17:30:09.723193Z
1291,11335,3,25,18,20,SOFT,5.0,2026-07-26T17:30:09.723193Z
1291,11335,4,55,12,15,SOFT,1.0,2026-07-26T17:30:09.723193Z
1291,11335,4,1,15,18,MEDIUM,9.0,2026-07-26T17:30:09.723193Z
1291,11335,3,63,10,14,SOFT,0.0,2026-07-26T17:30:09.723193Z
1291,11335,4,14,16,20,SOFT,3.0,2026-07-26T17:30:09.723193Z
1291,11335,5,31,14,20,SOFT,2.0,2026-07-26T17:30:09.723193Z
1291,11335,4,72,19,21,SOFT,3.0,2026-07-26T17:30:09.723193Z
1291,11335,6,27,17,26,MEDIUM,10.0,2026-07-26T17:30:09.723193Z
1291,11335,5,50,15,22,SOFT,0.0,2026-07-26T17:30:09.723193Z
1291,11335,4,41,16,28,MEDIUM,11.0,2026-07-26T17:30:09.723193Z
1291,11335,5,10,17,29,SOFT,1.0,2026-07-26T17:30:09.723193Z
1291,11335,5,30,16,28,MEDIUM,11.0,2026-07-26T17:30:09.723193Z
1291,11335,8,5,19,30,SOFT,0.0,2026-07-26T17:30:09.723193Z
1291,11335,6,31,21,24,MEDIUM,11.0,2026-07-26T17:30:09.723193Z
1291,11335,4,6,14,25,MEDIUM,9.0,2026-07-26T17:30:09.723193Z
1291,11335,7,67,22,29,MEDIUM,17.0,2026-07-26T17:30:09.723193Z
1291,11335,4,25,21,28,SOFT,8.0,2026-07-26T17:30:09.723193Z
1291,11335,5,23,18,28,SOFT,6.0,2026-07-26T17:30:09.723193Z
1291,11335,3,44,14,23,MEDIUM,10.0,2026-07-26T17:30:09.723193Z
1291,11335,5,55,16,23,MEDIUM,10.0,2026-07-26T17:30:09.723193Z
1291,11335,6,50,23,25,MEDIUM,14.0,2026-07-26T17:30:09.723193Z
1291,11335,4,63,15,21,MEDIUM,9.0,2026-07-26T17:30:09.723193Z
1291,11335,3,3,12,25,MEDIUM,8.0,2026-07-26T17:30:09.723193Z
1291,11335,5,1,19,26,SOFT,0.0,2026-07-26T17:30:09.723193Z
1291,11335,3,11,13,22,SOFT,3.0,2026-07-26T17:30:09.723193Z
1291,11335,5,72,22,24,MEDIUM,15.0,2026-07-26T17:30:09.723193Z
1291,11335,7,27,27,29,SOFT,6.0,2026-07-26T17:30:09.723193Z
1291,11335,5,61,16,28,SOFT,6.0,2026-07-26T17:30:09.723193Z
1291,11336,1,30,1,3,HARD,0.0,2026-07-26T17:30:13.148178Z
1291,11336,1,63,1,3,MEDIUM,0.0,2026-07-26T17:30:13.148178Z
1291,11336,1,87,1,3,MEDIUM,0.0,2026-07-26T17:30:13.148178Z
1291,11336,1,5,1,5,HARD,0.0,2026-07-26T17:30:13.148178Z
1291,11336,1,12,1,5,MEDIUM,0.0,2026-07-26T17:30:13.148178Z
1291,11336,1,81,1,7,MEDIUM,0.0,2026-07-26T17:30:13.148178Z
1291,11336,1,31,1,6,MEDIUM,0.0,2026-07-26T17:30:13.148178Z
1291,11336,2,5,6,8,HARD,0.0,2026-07-26T17:30:13.148178Z
1291,11336,2,12,6,8,MEDIUM,5.0,2026-07-26T17:30:13.148178Z
1291,11336,1,1,1,6,MEDIUM,0.0,2026-07-26T17:30:13.148178Z
1291,11336,1,27,1,9,HARD,0.0,2026-07-26T17:30:13.148178Z
1291,11336,1,3,1,5,MEDIUM,0.0,2026-07-26T17:30:13.148178Z
1291,11336,2,30,4,9,HARD,3.0,2026-07-26T17:30:13.148178Z
1291,11336,1,6,1,5,MEDIUM,0.0,2026-07-26T17:30:13.148178Z
1291,11336,1,41,1,9,HARD,0.0,2026-07-26T17:30:13.148178Z
1291,11336,1,11,1,8,MEDIUM,0.0,2026-07-26T17:30:13.148178Z
1291,11336,1,55,1,10,HARD,0.0,2026-07-26T17:30:13.148178Z
1291,11336,1,23,1,12,HARD,0.0,2026-07-26T17:30:13.148178Z
1291,11336,2,63,4,8,MEDIUM,3.0,2026-07-26T17:30:13.148178Z
1291,11336,1,43,1,9,MEDIUM,0.0,2026-07-26T17:30:13.148178Z
1291,11336,1,10,1,6,MEDIUM,0.0,2026-07-26T17:30:13.148178Z
1291,11336,2,81,8,10,MEDIUM,7.0,2026-07-26T17:30:13.148178Z
1291,11336,3,12,9,11,MEDIUM,8.0,2026-07-26T17:30:13.148178Z
1291,11336,1,44,1,9,MEDIUM,0.0,2026-07-26T17:30:13.148178Z
1291,11336,1,16,1,11,MEDIUM,0.0,2026-07-26T17:30:13.148178Z
1291,11336,1,14,1,8,MEDIUM,0.0,2026-07-26T17:30:13.148178Z
1291,11336,2,87,4,10,MEDIUM,0.0,2026-07-26T17:30:13.148178Z
1291,11336,2,27,10,12,SOFT,0.0,2026-07-26T17:30:13.148178Z
1291,11336,2,43,10,11,SOFT,0.0,2026-07-26T17:30:13.148178Z
1291,11336,3,5,9,10,HARD,8.0,2026-07-26T17:30:13.148178Z
1291,11336,1,77,1,13,MEDIUM,0.0,2026-07-26T17:30:13.148178Z
1291,11336,2,14,9,9,SOFT,0.0,2026-07-26T17:30:13.148178Z
1291,11336,4,12,12,13,SOFT,0.0,2026-07-26T17:30:13.148178Z
1291,11336,2,41,10,12,SOFT,0.0,2026-07-26T17:30:13.148178Z
1291,11336,3,30,10,12,SOFT,0.0,2026-07-26T17:30:13.148178Z
1291,11336,3,27,13,13,SOFT,3.0,2026-07-26T17:30:13.148178Z
1291,11336,2,10,7,8,MEDIUM,6.0,2026-07-26T17:30:13.148178Z
1291,11336,3,63,9,11,SOFT,0.0,2026-07-26T17:30:13.148178Z
1291,11336,3,81,11,12,SOFT,0.0,2026-07-26T17:30:13.148178Z
1291,11336,2,11,9,11,SOFT,0.0,2026-07-26T17:30:13.148178Z
1291,11336,2,16,12,13,SOFT,0.0,2026-07-26T17:30:13.148178Z
1291,11336,2,31,7,9,MEDIUM,6.0,2026-07-26T17:30:13.148178Z
1291,11336,2,1,7,10,SOFT,0.0,2026-07-26T17:30:13.148178Z
1291,11336,3,87,11,11,MEDIUM,0.0,2026-07-26T17:30:13.148178Z
1291,11336,2,44,10,10,SOFT,0.0,2026-07-26T17:30:13.148178Z
1291,11336,2,23,13,15,SOFT,0.0,2026-07-26T17:30:13.148178Z
1291,11336,2,55,11,13,SOFT,0.0,2026-07-26T17:30:13.148178Z
1291,11336,2,3,6,8,SOFT,0.0,2026-07-26T17:30:13.148178Z
1291,11336,2,77,14,16,SOFT,0.0,2026-07-26T17:30:13.148178Z
1291,11336,4,5,11,14,SOFT,0.0,2026-07-26T17:30:13.148178Z
1291,11336,5,12,14,15,SOFT,0.0,2026-07-26T17:30:13.148178Z
1291,11336,4,30,13,15,SOFT,3.0,2026-07-26T17:30:13.148178Z
1291,11336,3,31,10,12,SOFT,0.0,2026-07-26T17:30:13.148178Z
1291,11336,3,41,13,15,SOFT,3.0,2026-07-26T17:30:13.148178Z
1291,11336,4,27,14,16,SOFT,4.0,2026-07-26T17:30:13.148178Z
1291,11336,2,6,6,9,SOFT,0.0,2026-07-26T17:30:13.148178Z
1291,11336,3,11,12,14,SOFT,3.0,2026-07-26T17:30:13.148178Z
1291,11336,3,16,14,17,SOFT,2.0,2026-07-26T17:30:13.148178Z
1291,11336,4,81,13,16,SOFT,0.0,2026-07-26T17:30:13.148178Z
1291,11336,4,87,12,16,SOFT,0.0,2026-07-26T17:30:13.148178Z
1291,11336,6,12,16,18,MEDIUM,11.0,2026-07-26T17:30:13.148178Z
1291,11336,3,77,17,19,SOFT,3.0,2026-07-26T17:30:13.148178Z
1291,11336,3,10,9,14,SOFT,0.0,2026-07-26T17:30:13.148178Z
1291,11336,5,5,15,17,SOFT,4.0,2026-07-26T17:30:13.148178Z
1291,11336,3,44,11,16,SOFT,1.0,2026-07-26T17:30:13.148178Z
1291,11336,3,14,10,15,SOFT,1.0,2026-07-26T17:30:13.148178Z
1291,11336,3,3,9,17,MEDIUM,5.0,2026-07-26T17:30:13.148178Z
1291,11336,3,6,10,12,SOFT,0.0,2026-07-26T17:30:13.148178Z
1291,11336,3,1,11,23,MEDIUM,4.0,2026-07-26T17:30:13.148178Z
1291,11336,5,27,17,25,SOFT,0.0,2026-07-26T17:30:13.148178Z
1291,11336,3,55,14,27,HARD,10.0,2026-07-26T17:30:13.148178Z
1291,11336,3,23,16,29,HARD,12.0,2026-07-26T17:30:13.148178Z
1291,11336,4,63,12,26,MEDIUM,0.0,2026-07-26T17:30:13.148178Z
1291,11336,5,30,16,29,HARD,9.0,2026-07-26T17:30:13.148178Z
1291,11336,4,14,16,24,SOFT,0.0,2026-07-26T17:30:13.148178Z
1291,11336,4,55,28,31,SOFT,5.0,2026-07-26T17:30:13.148178Z
1291,11336,4,23,30,33,SOFT,3.0,2026-07-26T17:30:13.148178Z
1291,11336,4,31,13,26,MEDIUM,9.0,2026-07-26T17:30:13.148178Z
1291,11336,4,10,15,24,MEDIUM,8.0,2026-07-26T17:30:13.148178Z
1291,11336,4,1,24,30,SOFT,4.0,2026-07-26T17:30:13.148178Z
1291,11336,7,12,19,30,SOFT,4.0,2026-07-26T17:30:13.148178Z
1291,11336,6,27,26,30,HARD,0.0,2026-07-26T17:30:13.148178Z
1291,11336,5,81,17,28,MEDIUM,10.0,2026-07-26T17:30:13.148178Z
1291,11336,4,41,16,29,HARD,9.0,2026-07-26T17:30:13.148178Z
1291,11336,6,5,18,27,HARD,10.0,2026-07-26T17:30:13.148178Z
1291,11336,5,63,27,30,SOFT,3.0,2026-07-26T17:30:13.148178Z
1291,11336,5,87,17,28,MEDIUM,11.0,2026-07-26T17:30:13.148178Z
1291,11336,4,44,17,26,MEDIUM,9.0,2026-07-26T17:30:13.148178Z
1291,11336,4,3,18,27,SOFT,3.0,2026-07-26T17:30:13.148178Z
1291,11336,4,77,20,31,MEDIUM,13.0,2026-07-26T17:30:13.148178Z
1291,11336,4,11,15,28,MEDIUM,8.0,2026-07-26T17:30:13.148178Z
1291,11336,4,16,18,30,SOFT,6.0,2026-07-26T17:30:13.148178Z
1291,11336,4,6,13,20,MEDIUM,5.0,2026-07-26T17:30:13.148178Z
