meeting_key,session_key,date,driver_number,lap_number,category,flag,scope,sector,qualifying_phase,message,source_closure_retrieved_utc
1304,11465,2026-02-11T06:58:39+00:00,,,Other,,,,,PINK HEAD PADDING MATERIAL MUST BE USED,2026-08-15T13:01:57.789826Z
1304,11465,2026-02-11T07:00:01.848000+00:00,,,SessionStatus,,,,,SESSION STARTED,2026-08-15T13:01:57.789826Z
1304,11465,2026-02-11T07:00:02+00:00,,,Flag,GREEN,Track,,,GREEN LIGHT - PIT EXIT OPEN,2026-08-15T13:01:57.789826Z
1304,11465,2026-02-11T08:19:13+00:00,,,Flag,YELLOW,Sector,10.0,,YELLOW IN TRACK SECTOR 10,2026-08-15T13:01:57.789826Z
1304,11465,2026-02-11T08:19:19+00:00,,,Flag,CLEAR,Sector,10.0,,CLEAR IN TRACK SECTOR 10,2026-08-15T13:01:57.789826Z
1304,11465,2026-02-11T08:31:09+00:00,,,Flag,YELLOW,Sector,2.0,,YELLOW IN TRACK SECTOR 2,2026-08-15T13:01:57.789826Z
1304,11465,2026-02-11T08:31:12+00:00,,,Flag,DOUBLE YELLOW,Sector,2.0,,DOUBLE YELLOW IN TRACK SECTOR 2,2026-08-15T13:01:57.789826Z
1304,11465,2026-02-11T08:31:15+00:00,,,Flag,YELLOW,Sector,1.0,,YELLOW IN TRACK SECTOR 1,2026-08-15T13:01:57.789826Z
1304,11465,2026-02-11T08:31:16+00:00,,,Flag,CLEAR,Sector,2.0,,CLEAR IN TRACK SECTOR 2,2026-08-15T13:01:57.789826Z
1304,11465,2026-02-11T08:31:18+00:00,,,Flag,CLEAR,Sector,1.0,,CLEAR IN TRACK SECTOR 1,2026-08-15T13:01:57.789826Z
1304,11465,2026-02-11T08:35:46+00:00,,,Flag,DOUBLE YELLOW,Sector,7.0,,DOUBLE YELLOW IN TRACK SECTOR 7,2026-08-15T13:01:57.789826Z
1304,11465,2026-02-11T08:35:47+00:00,,,Flag,YELLOW,Sector,7.0,,YELLOW IN TRACK SECTOR 7,2026-08-15T13:01:57.789826Z
1304,11465,2026-02-11T08:35:52+00:00,,,Flag,YELLOW,Sector,6.0,,YELLOW IN TRACK SECTOR 6,2026-08-15T13:01:57.789826Z
1304,11465,2026-02-11T08:36:17+00:00,,,Flag,DOUBLE YELLOW,Sector,7.0,,DOUBLE YELLOW IN TRACK SECTOR 7,2026-08-15T13:01:57.789826Z
1304,11465,2026-02-11T08:36:33+00:00,,,Flag,YELLOW,Sector,7.0,,YELLOW IN TRACK SECTOR 7,2026-08-15T13:01:57.789826Z
1304,11465,2026-02-11T08:36:38+00:00,,,Flag,CLEAR,Sector,6.0,,CLEAR IN TRACK SECTOR 6,2026-08-15T13:01:57.789826Z
1304,11465,2026-02-11T08:37:17.625000+00:00,,,SessionStatus,,,,,SESSION ABORTED,2026-08-15T13:01:57.789826Z
1304,11465,2026-02-11T08:37:18+00:00,,,Flag,RED,Track,,,RED FLAG,2026-08-15T13:01:57.789826Z
1304,11465,2026-02-11T08:37:18+00:00,,,Flag,CLEAR,Sector,7.0,,CLEAR IN TRACK SECTOR 7,2026-08-15T13:01:57.789826Z
1304,11465,2026-02-11T08:38:41+00:00,,,Flag,CLEAR,Track,,,TRACK CLEAR,2026-08-15T13:01:57.789826Z
1304,11465,2026-02-11T08:38:43+00:00,,,Other,,,,,OVERTAKE ENABLED,2026-08-15T13:01:57.789826Z
1304,11465,2026-02-11T08:42:15+00:00,,,Other,,,,,SESSION WILL RESUME AT 11:43,2026-08-15T13:01:57.789826Z
1304,11465,2026-02-11T08:43:00.125000+00:00,,,SessionStatus,,,,,SESSION STARTED,2026-08-15T13:01:57.789826Z
1304,11465,2026-02-11T08:43:00+00:00,,,Flag,GREEN,Track,,,GREEN LIGHT - PIT EXIT OPEN,2026-08-15T13:01:57.789826Z
1304,11465,2026-02-11T08:57:08+00:00,,,Flag,YELLOW,Sector,2.0,,YELLOW IN TRACK SECTOR 2,2026-08-15T13:01:57.789826Z
1304,11465,2026-02-11T08:57:10+00:00,,,Flag,CLEAR,Sector,2.0,,CLEAR IN TRACK SECTOR 2,2026-08-15T13:01:57.789826Z
1304,11465,2026-02-11T09:03:10+00:00,,,Flag,YELLOW,Sector,10.0,,YELLOW IN TRACK SECTOR 10,2026-08-15T13:01:57.789826Z
1304,11465,2026-02-11T09:03:14+00:00,,,Flag,CLEAR,Sector,10.0,,CLEAR IN TRACK SECTOR 10,2026-08-15T13:01:57.789826Z
1304,11465,2026-02-11T09:14:28+00:00,,,Other,,,,,YELLOW IN PIT LANE,2026-08-15T13:01:57.789826Z
1304,11465,2026-02-11T09:18:41+00:00,,,Other,,,,,PIT LANE ENTRY OPEN,2026-08-15T13:01:57.789826Z
1304,11465,2026-02-11T11:00:00.102000+00:00,,,SessionStatus,,,,,SESSION FINISHED,2026-08-15T13:01:57.789826Z
1304,11465,2026-02-11T11:00:18+00:00,,,Other,,,,,FIRST CAR TO TAKE THE FLAG - CAR 63 (RUS),2026-08-15T13:01:57.789826Z
1304,11465,2026-02-11T11:03:21+00:00,,,Flag,DOUBLE YELLOW,Sector,1.0,,DOUBLE YELLOW IN TRACK SECTOR 1,2026-08-15T13:01:57.789826Z
1304,11465,2026-02-11T11:03:26+00:00,,,Flag,CLEAR,Sector,1.0,,CLEAR IN TRACK SECTOR 1,2026-08-15T13:01:57.789826Z
1304,11465,2026-02-11T12:00:00.072000+00:00,,,SessionStatus,,,,,SESSION STARTED,2026-08-15T13:01:57.789826Z
1304,11465,2026-02-11T12:00:00+00:00,,,Flag,GREEN,Track,,,GREEN LIGHT - PIT EXIT OPEN,2026-08-15T13:01:57.789826Z
1304,11465,2026-02-11T12:35:17+00:00,,,Flag,DOUBLE YELLOW,Sector,2.0,,DOUBLE YELLOW IN TRACK SECTOR 2,2026-08-15T13:01:57.789826Z
1304,11465,2026-02-11T12:35:18+00:00,,,Flag,CLEAR,Sector,2.0,,CLEAR IN TRACK SECTOR 2,2026-08-15T13:01:57.789826Z
1304,11465,2026-02-11T13:30:41+00:00,,,Flag,YELLOW,Sector,16.0,,YELLOW IN TRACK SECTOR 16,2026-08-15T13:01:57.789826Z
1304,11465,2026-02-11T13:31:43.460000+00:00,,,SessionStatus,,,,,SESSION ABORTED,2026-08-15T13:01:57.789826Z
1304,11465,2026-02-11T13:31:43+00:00,,,Flag,RED,Track,,,RED FLAG,2026-08-15T13:01:57.789826Z
1304,11465,2026-02-11T13:31:44+00:00,,,Flag,CLEAR,Sector,16.0,,CLEAR IN TRACK SECTOR 16,2026-08-15T13:01:57.789826Z
1304,11465,2026-02-11T13:34:21+00:00,,,Flag,CLEAR,Track,,,TRACK CLEAR,2026-08-15T13:01:57.789826Z
1304,11465,2026-02-11T13:34:24+00:00,,,Other,,,,,OVERTAKE ENABLED,2026-08-15T13:01:57.789826Z
1304,11465,2026-02-11T13:34:35+00:00,,,Other,,,,,SESSION WILL RESUME AT 16:35,2026-08-15T13:01:57.789826Z
1304,11465,2026-02-11T13:35:00.108000+00:00,,,SessionStatus,,,,,SESSION STARTED,2026-08-15T13:01:57.789826Z
1304,11465,2026-02-11T13:35:01+00:00,,,Flag,GREEN,Track,,,GREEN LIGHT - PIT EXIT OPEN,2026-08-15T13:01:57.789826Z
1304,11465,2026-02-11T16:00:00.119000+00:00,,,SessionStatus,,,,,SESSION FINISHED,2026-08-15T13:01:57.789826Z
1304,11465,2026-02-11T16:00:43+00:00,,,Other,,,,,FIRST CAR TO TAKE THE FLAG - CAR 31 (OCO),2026-08-15T13:01:57.789826Z
1304,11465,2026-02-11T16:04:58+00:00,,,SafetyCar,,,,,VSC DEPLOYED,2026-08-15T13:01:57.789826Z
1304,11465,2026-02-11T16:05:01+00:00,,,Flag,DOUBLE YELLOW,Sector,18.0,,DOUBLE YELLOW IN TRACK SECTOR 18,2026-08-15T13:01:57.789826Z
1304,11465,2026-02-11T16:06:01+00:00,,,Flag,CLEAR,Sector,18.0,,CLEAR IN TRACK SECTOR 18,2026-08-15T13:01:57.789826Z
1304,11465,2026-02-11T16:06:16+00:00,,,Flag,DOUBLE YELLOW,Sector,18.0,,DOUBLE YELLOW IN TRACK SECTOR 18,2026-08-15T13:01:57.789826Z
1304,11465,2026-02-11T16:07:16+00:00,,,Flag,CLEAR,Sector,18.0,,CLEAR IN TRACK SECTOR 18,2026-08-15T13:01:57.789826Z
1304,11465,2026-02-11T16:07:18+00:00,,,SafetyCar,,,,,VSC ENDING,2026-08-15T13:01:57.789826Z
1304,11465,2026-02-11T16:07:29+00:00,,,Flag,CLEAR,Track,,,TRACK CLEAR,2026-08-15T13:01:57.789826Z
1304,11466,2026-02-12T06:47:09+00:00,,,Other,,,,,PINK HEAD PADDING MATERIAL MUST BE USED,2026-08-15T13:02:04.592138Z
1304,11466,2026-02-12T06:47:29+00:00,,,Flag,CLEAR,Sector,13.0,,CLEAR IN TRACK SECTOR 13,2026-08-15T13:02:04.592138Z
1304,11466,2026-02-12T06:47:31+00:00,,,Flag,CLEAR,Sector,14.0,,CLEAR IN TRACK SECTOR 14,2026-08-15T13:02:04.592138Z
1304,11466,2026-02-12T07:00:00.099000+00:00,,,SessionStatus,,,,,SESSION STARTED,2026-08-15T13:02:04.592138Z
1304,11466,2026-02-12T07:00:00+00:00,,,Flag,GREEN,Track,,,GREEN LIGHT - PIT EXIT OPEN,2026-08-15T13:02:04.592138Z
1304,11466,2026-02-12T07:00:04+00:00,,,SafetyCar,,,,,VSC DEPLOYED,2026-08-15T13:02:04.592138Z
1304,11466,2026-02-12T07:00:07+00:00,,,Flag,DOUBLE YELLOW,Sector,1.0,,DOUBLE YELLOW IN TRACK SECTOR 1,2026-08-15T13:02:04.592138Z
1304,11466,2026-02-12T07:00:09+00:00,,,Flag,DOUBLE YELLOW,Sector,2.0,,DOUBLE YELLOW IN TRACK SECTOR 2,2026-08-15T13:02:04.592138Z
1304,11466,2026-02-12T07:00:48+00:00,,,Flag,CLEAR,Sector,1.0,,CLEAR IN TRACK SECTOR 1,2026-08-15T13:02:04.592138Z
1304,11466,2026-02-12T07:01:02+00:00,,,Flag,CLEAR,Sector,2.0,,CLEAR IN TRACK SECTOR 2,2026-08-15T13:02:04.592138Z
1304,11466,2026-02-12T07:01:47+00:00,,,SafetyCar,,,,,VSC ENDING,2026-08-15T13:02:04.592138Z
1304,11466,2026-02-12T07:02:00+00:00,,,Flag,CLEAR,Track,,,TRACK CLEAR,2026-08-15T13:02:04.592138Z
1304,11466,2026-02-12T07:02:01+00:00,,,Other,,,,,OVERTAKE ENABLED,2026-08-15T13:02:04.592138Z
1304,11466,2026-02-12T07:10:47.616000+00:00,,,SessionStatus,,,,,SESSION ABORTED,2026-08-15T13:02:04.592138Z
1304,11466,2026-02-12T07:10:48+00:00,,,Other,,,,,RED FLAG - RACE SUSPENDED,2026-08-15T13:02:04.592138Z
1304,11466,2026-02-12T07:12:48+00:00,,,Flag,CLEAR,Track,,,TRACK CLEAR,2026-08-15T13:02:04.592138Z
1304,11466,2026-02-12T07:13:37+00:00,,,Other,,,,,SESSION WILL RESUME AT 10:14,2026-08-15T13:02:04.592138Z
1304,11466,2026-02-12T07:14:00.096000+00:00,,,SessionStatus,,,,,SESSION STARTED,2026-08-15T13:02:04.592138Z
1304,11466,2026-02-12T07:14:01+00:00,,,Flag,GREEN,Track,,,GREEN LIGHT - PIT EXIT OPEN,2026-08-15T13:02:04.592138Z
1304,11466,2026-02-12T07:32:14+00:00,,,Other,,,,,YELLOW IN PIT LANE,2026-08-15T13:02:04.592138Z
1304,11466,2026-02-12T07:35:38+00:00,,,Other,,,,,PIT LANE ENTRY OPEN,2026-08-15T13:02:04.592138Z
1304,11466,2026-02-12T08:02:32+00:00,,,Other,,,,,OVERTAKE ENABLED,2026-08-15T13:02:04.592138Z
1304,11466,2026-02-12T10:51:04+00:00,,,SafetyCar,,,,,VSC DEPLOYED,2026-08-15T13:02:04.592138Z
1304,11466,2026-02-12T10:51:09+00:00,,,Flag,DOUBLE YELLOW,Sector,11.0,,DOUBLE YELLOW IN TRACK SECTOR 11,2026-08-15T13:02:04.592138Z
1304,11466,2026-02-12T10:51:47+00:00,,,SafetyCar,,,,,SAFETY CAR DEPLOYED,2026-08-15T13:02:04.592138Z
1304,11466,2026-02-12T10:52:09+00:00,,,Other,,,,,RED FLAG - RACE SUSPENDED,2026-08-15T13:02:04.592138Z
1304,11466,2026-02-12T10:54:57+00:00,,,Other,,,,,RESUMPTION TEST ABORTED,2026-08-15T13:02:04.592138Z
1304,11466,2026-02-12T10:55:13+00:00,,,Flag,CLEAR,Track,,,TRACK CLEAR,2026-08-15T13:02:04.592138Z
1304,11466,2026-02-12T10:58:41+00:00,,,Flag,GREEN,Track,,,GREEN LIGHT - PIT EXIT OPEN,2026-08-15T13:02:04.592138Z
1304,11466,2026-02-12T11:00:00.151000+00:00,,,SessionStatus,,,,,SESSION FINISHED,2026-08-15T13:02:04.592138Z
1304,11466,2026-02-12T12:00:00.351000+00:00,,,SessionStatus,,,,,SESSION STARTED,2026-08-15T13:02:04.592138Z
1304,11466,2026-02-12T12:00:00+00:00,,,Flag,GREEN,Track,,,GREEN LIGHT - PIT EXIT OPEN,2026-08-15T13:02:04.592138Z
1304,11466,2026-02-12T13:34:42.451000+00:00,,,SessionStatus,,,,,SESSION ABORTED,2026-08-15T13:02:04.592138Z
1304,11466,2026-02-12T13:34:43+00:00,,,Other,,,,,RED FLAG - RACE SUSPENDED,2026-08-15T13:02:04.592138Z
1304,11466,2026-02-12T13:37:31+00:00,,,Flag,CLEAR,Track,,,TRACK CLEAR,2026-08-15T13:02:04.592138Z
1304,11466,2026-02-12T13:37:40+00:00,,,Other,,,,,OVERTAKE ENABLED,2026-08-15T13:02:04.592138Z
1304,11466,2026-02-12T13:37:50+00:00,,,Flag,DOUBLE YELLOW,Sector,1.0,,DOUBLE YELLOW IN TRACK SECTOR 1,2026-08-15T13:02:04.592138Z
1304,11466,2026-02-12T13:44:16+00:00,,,Flag,CLEAR,Sector,1.0,,CLEAR IN TRACK SECTOR 1,2026-08-15T13:02:04.592138Z
1304,11466,2026-02-12T13:44:20+00:00,,,Other,,,,,SESSION WILL RESUME AT 16:45,2026-08-15T13:02:04.592138Z
1304,11466,2026-02-12T13:45:01.440000+00:00,,,SessionStatus,,,,,SESSION STARTED,2026-08-15T13:02:04.592138Z
1304,11466,2026-02-12T13:45:01+00:00,,,Flag,GREEN,Track,,,GREEN LIGHT - PIT EXIT OPEN,2026-08-15T13:02:04.592138Z
1304,11466,2026-02-12T13:52:17+00:00,,,Flag,YELLOW,Sector,2.0,,YELLOW IN TRACK SECTOR 2,2026-08-15T13:02:04.592138Z
1304,11466,2026-02-12T13:53:03.296000+00:00,,,SessionStatus,,,,,SESSION ABORTED,2026-08-15T13:02:04.592138Z
1304,11466,2026-02-12T13:53:03+00:00,,,Other,,,,,RED FLAG - RACE SUSPENDED,2026-08-15T13:02:04.592138Z
1304,11466,2026-02-12T13:55:54+00:00,,,Flag,CLEAR,Track,,,TRACK CLEAR,2026-08-15T13:02:04.592138Z
1304,11466,2026-02-12T13:55:57+00:00,,,Other,,,,,OVERTAKE ENABLED,2026-08-15T13:02:04.592138Z
1304,11466,2026-02-12T13:59:08+00:00,,,Other,,,,,SESSION WILL RESUME AT 17:00,2026-08-15T13:02:04.592138Z
1304,11466,2026-02-12T14:00:00.139000+00:00,,,SessionStatus,,,,,SESSION STARTED,2026-08-15T13:02:04.592138Z
1304,11466,2026-02-12T14:00:00+00:00,,,Flag,GREEN,Track,,,GREEN LIGHT - PIT EXIT OPEN,2026-08-15T13:02:04.592138Z
1304,11466,2026-02-12T14:11:56+00:00,,,Other,,,,,YELLOW IN PIT LANE,2026-08-15T13:02:04.592138Z
1304,11466,2026-02-12T14:16:39+00:00,,,Other,,,,,PIT LANE ENTRY OPEN,2026-08-15T13:02:04.592138Z
1304,11466,2026-02-12T15:50:10+00:00,,,Other,,,,,STRAIGHT MODE - DISABLED,2026-08-15T13:02:04.592138Z
1304,11466,2026-02-12T15:50:38+00:00,,,Other,,,,,STRAIGHT MODE - NORMAL GRIP,2026-08-15T13:02:04.592138Z
1304,11466,2026-02-12T15:51:03+00:00,,,SafetyCar,,,,,VSC DEPLOYED,2026-08-15T13:02:04.592138Z
1304,11466,2026-02-12T15:51:12+00:00,,,Flag,DOUBLE YELLOW,Sector,7.0,,DOUBLE YELLOW IN TRACK SECTOR 7,2026-08-15T13:02:04.592138Z
1304,11466,2026-02-12T15:51:16+00:00,,,Flag,DOUBLE YELLOW,Sector,1.0,,DOUBLE YELLOW IN TRACK SECTOR 1,2026-08-15T13:02:04.592138Z
1304,11466,2026-02-12T15:51:46.058000+00:00,,,SessionStatus,,,,,SESSION ABORTED,2026-08-15T13:02:04.592138Z
1304,11466,2026-02-12T15:51:46+00:00,,,Other,,,,,RED FLAG - RACE SUSPENDED,2026-08-15T13:02:04.592138Z
1304,11466,2026-02-12T15:53:45+00:00,,,Other,,,,,RACE WILL RESUME AT 19:54,2026-08-15T13:02:04.592138Z
1304,11466,2026-02-12T15:53:51+00:00,,,Flag,CLEAR,Track,,,TRACK CLEAR,2026-08-15T13:02:04.592138Z
1304,11466,2026-02-12T15:54:43+00:00,,,Other,,,,,ROLLING START,2026-08-15T13:02:04.592138Z
1304,11466,2026-02-12T15:56:44+00:00,,,Flag,DOUBLE YELLOW,Sector,18.0,,DOUBLE YELLOW IN TRACK SECTOR 18,2026-08-15T13:02:04.592138Z
1304,11466,2026-02-12T15:59:26+00:00,,,Other,,,,,ALL CARS THROUGH THE PIT LANE,2026-08-15T13:02:04.592138Z
1304,11466,2026-02-12T15:59:44+00:00,,,Flag,CLEAR,Sector,18.0,,CLEAR IN TRACK SECTOR 18,2026-08-15T13:02:04.592138Z
1304,11466,2026-02-12T16:00:08+00:00,,,Other,,,,,RED FLAG - RACE SUSPENDED,2026-08-15T13:02:04.592138Z
1304,11466,2026-02-12T16:02:07+00:00,,,Flag,CLEAR,Track,,,TRACK CLEAR,2026-08-15T13:02:04.592138Z
1304,11466,2026-02-12T16:02:13+00:00,,,Other,,,,,SAFETY CAR WILL USE START/FINISH STRAIGHT,2026-08-15T13:02:04.592138Z
1304,11467,2026-02-13T07:36:54.187000+00:00,,,SessionStatus,,,,,SESSION STARTED,2026-08-15T13:02:19.523099Z
1304,11467,2026-02-13T07:49:04+00:00,,,Flag,DOUBLE YELLOW,Sector,13.0,,DOUBLE YELLOW IN TRACK SECTOR 13,2026-08-15T13:02:19.523099Z
1304,11467,2026-02-13T07:49:10+00:00,,,Flag,CLEAR,Sector,13.0,,CLEAR IN TRACK SECTOR 13,2026-08-15T13:02:19.523099Z
1304,11467,2026-02-13T07:49:12+00:00,,,Flag,DOUBLE YELLOW,Sector,13.0,,DOUBLE YELLOW IN TRACK SECTOR 13,2026-08-15T13:02:19.523099Z
1304,11467,2026-02-13T07:49:14+00:00,,,Flag,CLEAR,Sector,13.0,,CLEAR IN TRACK SECTOR 13,2026-08-15T13:02:19.523099Z
1304,11467,2026-02-13T07:49:15+00:00,,,Other,,,,,TRACK SURFACE SLIPPERY IN TRACK SECTOR 13,2026-08-15T13:02:19.523099Z
1304,11467,2026-02-13T07:49:21+00:00,,,Flag,DOUBLE YELLOW,Sector,14.0,,DOUBLE YELLOW IN TRACK SECTOR 14,2026-08-15T13:02:19.523099Z
1304,11467,2026-02-13T07:49:22+00:00,,,Flag,CLEAR,Sector,14.0,,CLEAR IN TRACK SECTOR 14,2026-08-15T13:02:19.523099Z
1304,11467,2026-02-13T07:49:24+00:00,,,Flag,YELLOW,Sector,14.0,,YELLOW IN TRACK SECTOR 14,2026-08-15T13:02:19.523099Z
1304,11467,2026-02-13T07:49:26+00:00,,,Flag,CLEAR,Sector,14.0,,CLEAR IN TRACK SECTOR 14,2026-08-15T13:02:19.523099Z
1304,11467,2026-02-13T07:49:25.996000+00:00,,,SessionStatus,,,,,SESSION ABORTED,2026-08-15T13:02:19.523099Z
1304,11467,2026-02-13T07:49:26+00:00,,,Flag,RED,Track,,,RED FLAG,2026-08-15T13:02:19.523099Z
1304,11467,2026-02-13T07:49:26+00:00,,,Flag,CLEAR,Sector,13.0,,CLEAR IN TRACK SECTOR 13,2026-08-15T13:02:19.523099Z
1304,11467,2026-02-13T07:51:47+00:00,,,Flag,CLEAR,Track,,,TRACK CLEAR,2026-08-15T13:02:19.523099Z
1304,11467,2026-02-13T07:51:48+00:00,,,Other,,,,,OVERTAKE ENABLED,2026-08-15T13:02:19.523099Z
1304,11467,2026-02-13T07:51:56+00:00,,,Flag,DOUBLE YELLOW,Sector,13.0,,DOUBLE YELLOW IN TRACK SECTOR 13,2026-08-15T13:02:19.523099Z
1304,11467,2026-02-13T07:55:47+00:00,,,Flag,CLEAR,Sector,13.0,,CLEAR IN TRACK SECTOR 13,2026-08-15T13:02:19.523099Z
1304,11467,2026-02-13T07:55:52+00:00,,,Other,,,,,SESSION WILL RESUME AT 10:56,2026-08-15T13:02:19.523099Z
1304,11467,2026-02-13T07:56:12+00:00,,,Flag,GREEN,Track,,,GREEN LIGHT - PIT EXIT OPEN,2026-08-15T13:02:19.523099Z
1304,11467,2026-02-13T07:57:33.666000+00:00,,,SessionStatus,,,,,SESSION STARTED,2026-08-15T13:02:19.523099Z
1304,11467,2026-02-13T08:11:28+00:00,,,Other,,,,,YELLOW IN PIT LANE,2026-08-15T13:02:19.523099Z
1304,11467,2026-02-13T08:16:20+00:00,,,Other,,,,,PIT LANE ENTRY OPEN,2026-08-15T13:02:19.523099Z
1304,11467,2026-02-13T09:08:53+00:00,,,Flag,YELLOW,Sector,11.0,,YELLOW IN TRACK SECTOR 11,2026-08-15T13:02:19.523099Z
1304,11467,2026-02-13T09:09:05+00:00,,,Flag,CLEAR,Sector,11.0,,CLEAR IN TRACK SECTOR 11,2026-08-15T13:02:19.523099Z
1304,11467,2026-02-13T10:55:59+00:00,,,Other,,,,,STRAIGHT MODE - LOW GRIP,2026-08-15T13:02:19.523099Z
1304,11467,2026-02-13T10:59:11+00:00,,,Other,,,,,STRAIGHT MODE - NORMAL GRIP,2026-08-15T13:02:19.523099Z
1304,11467,2026-02-13T11:00:00.077000+00:00,,,SessionStatus,,,,,SESSION FINISHED,2026-08-15T13:02:19.523099Z
1304,11467,2026-02-13T11:00:10+00:00,,,Other,,,,,FIRST CAR TO TAKE THE FLAG - CAR 55 (SAI),2026-08-15T13:02:19.523099Z
1304,11467,2026-02-13T12:00:00.083000+00:00,,,SessionStatus,,,,,SESSION STARTED,2026-08-15T13:02:19.523099Z
1304,11467,2026-02-13T12:00:00+00:00,,,Flag,GREEN,Track,,,GREEN LIGHT - PIT EXIT OPEN,2026-08-15T13:02:19.523099Z
1304,11467,2026-02-13T16:28:20+00:00,,,Other,,,,,EXTRA FORMATION LAP,2026-08-15T13:02:19.523099Z
1304,11467,2026-02-13T16:31:59.342000+00:00,,,SessionStatus,,,,,SESSION STARTED,2026-08-15T13:02:19.523099Z
1304,11467,2026-02-13T16:31:59+00:00,,,Flag,GREEN,Track,,,GREEN LIGHT - PIT EXIT OPEN,2026-08-15T13:02:19.523099Z
1304,11467,2026-02-13T16:32:43.608000+00:00,,,SessionStatus,,,,,SESSION ABORTED,2026-08-15T13:02:19.523099Z
1304,11467,2026-02-13T16:32:44+00:00,,,Other,,,,,RED FLAG - RACE SUSPENDED,2026-08-15T13:02:19.523099Z
1304,11467,2026-02-13T16:32:54+00:00,,,Flag,DOUBLE YELLOW,Sector,11.0,,DOUBLE YELLOW IN TRACK SECTOR 11,2026-08-15T13:02:19.523099Z
1304,11467,2026-02-13T16:32:58+00:00,,,Flag,DOUBLE YELLOW,Sector,14.0,,DOUBLE YELLOW IN TRACK SECTOR 14,2026-08-15T13:02:19.523099Z
1304,11467,2026-02-13T16:33:35+00:00,,,Flag,CLEAR,Sector,11.0,,CLEAR IN TRACK SECTOR 11,2026-08-15T13:02:19.523099Z
1304,11467,2026-02-13T16:33:54+00:00,,,Flag,CLEAR,Sector,14.0,,CLEAR IN TRACK SECTOR 14,2026-08-15T13:02:19.523099Z
1304,11467,2026-02-13T16:34:42+00:00,,,Flag,CLEAR,Track,,,TRACK CLEAR,2026-08-15T13:02:19.523099Z
1304,11467,2026-02-13T16:34:48+00:00,,,Other,,,,,RACE WILL RESUME AT 19:37,2026-08-15T13:02:19.523099Z
1304,11467,2026-02-13T16:35:17+00:00,,,Other,,,,,SAFETY CAR LIGHTS ON,2026-08-15T13:02:19.523099Z
1304,11467,2026-02-13T16:37:00.122000+00:00,,,SessionStatus,,,,,SESSION STARTED,2026-08-15T13:02:19.523099Z
1304,11467,2026-02-13T16:38:08+00:00,,,Flag,CLEAR,Sector,8.0,,CLEAR IN TRACK SECTOR 8,2026-08-15T13:02:19.523099Z
1304,11467,2026-02-13T16:38:53+00:00,,,Other,,,,,ROLLING START,2026-08-15T13:02:19.523099Z
1304,11467,2026-02-13T16:40:30.538000+00:00,,,SessionStatus,,,,,SESSION ABORTED,2026-08-15T13:02:19.523099Z
1304,11467,2026-02-13T16:40:31+00:00,,,Other,,,,,RED FLAG - RACE SUSPENDED,2026-08-15T13:02:19.523099Z
1304,11467,2026-02-13T16:42:20+00:00,,,Flag,CLEAR,Track,,,TRACK CLEAR,2026-08-15T13:02:19.523099Z
1304,11467,2026-02-13T16:42:28+00:00,,,Other,,,,,RACE WILL RESUME AT 19:44,2026-08-15T13:02:19.523099Z
1304,11467,2026-02-13T16:42:50+00:00,,,Other,,,,,SAFETY CAR LIGHTS ON,2026-08-15T13:02:19.523099Z
1304,11467,2026-02-13T16:44:00.110000+00:00,,,SessionStatus,,,,,SESSION STARTED,2026-08-15T13:02:19.523099Z
1304,11467,2026-02-13T16:44:47+00:00,,,Other,,,,,STANDING START,2026-08-15T13:02:19.523099Z
1304,11467,2026-02-13T16:48:17+00:00,43.0,,Flag,BLUE,Driver,,,WAVED BLUE FLAG FOR CAR 43 (COL) TIMED AT 19:48:16,2026-08-15T13:02:19.523099Z
1304,11467,2026-02-13T16:48:44+00:00,,,SafetyCar,,,,,VSC DEPLOYED,2026-08-15T13:02:19.523099Z
1304,11467,2026-02-13T16:48:47+00:00,,,Flag,YELLOW,Sector,6.0,,YELLOW IN TRACK SECTOR 6,2026-08-15T13:02:19.523099Z
1304,11467,2026-02-13T16:48:52+00:00,,,Flag,DOUBLE YELLOW,Sector,11.0,,DOUBLE YELLOW IN TRACK SECTOR 11,2026-08-15T13:02:19.523099Z
1304,11467,2026-02-13T16:49:23+00:00,,,Flag,CLEAR,Sector,6.0,,CLEAR IN TRACK SECTOR 6,2026-08-15T13:02:19.523099Z
1304,11467,2026-02-13T16:49:31+00:00,,,Flag,DOUBLE YELLOW,Sector,14.0,,DOUBLE YELLOW IN TRACK SECTOR 14,2026-08-15T13:02:19.523099Z
1304,11467,2026-02-13T16:49:46+00:00,,,SafetyCar,,,,,SAFETY CAR DEPLOYED,2026-08-15T13:02:19.523099Z
1304,11467,2026-02-13T16:49:50+00:00,,,Flag,CLEAR,Sector,11.0,,CLEAR IN TRACK SECTOR 11,2026-08-15T13:02:19.523099Z
1304,11467,2026-02-13T16:50:10+00:00,,,Flag,CLEAR,Sector,14.0,,CLEAR IN TRACK SECTOR 14,2026-08-15T13:02:19.523099Z
1304,11467,2026-02-13T16:50:16+00:00,,,SafetyCar,,,,,SAFETY CAR IN THIS LAP,2026-08-15T13:02:19.523099Z
1304,11467,2026-02-13T16:50:26+00:00,,,Flag,CLEAR,Track,,,TRACK CLEAR,2026-08-15T13:02:19.523099Z
1304,11467,2026-02-13T16:50:43+00:00,,,Other,,,,,TRACK SURFACE SLIPPERY IN TRACK SECTOR 3,2026-08-15T13:02:19.523099Z
1304,11467,2026-02-13T16:50:47+00:00,,,Other,,,,,TRACK SURFACE SLIPPERY IN TRACK SECTOR 16,2026-08-15T13:02:19.523099Z
1304,11467,2026-02-13T16:50:48+00:00,,,Other,,,,,TRACK SURFACE SLIPPERY IN TRACK SECTOR 9,2026-08-15T13:02:19.523099Z
1304,11467,2026-02-13T16:51:01+00:00,,,Other,,,,,OVERTAKE ENABLED,2026-08-15T13:02:19.523099Z
1304,11467,2026-02-13T16:51:05+00:00,,,Other,,,,,LOW GRIP CONDITIONS,2026-08-15T13:02:19.523099Z
1304,11467,2026-02-13T16:51:11+00:00,,,Flag,CLEAR,Sector,3.0,,CLEAR IN TRACK SECTOR 3,2026-08-15T13:02:19.523099Z
1304,11467,2026-02-13T16:51:14+00:00,,,Other,,,,,STRAIGHT MODE - LOW GRIP,2026-08-15T13:02:19.523099Z
1304,11467,2026-02-13T16:51:19+00:00,,,Other,,,,,STRAIGHT MODE - NORMAL GRIP,2026-08-15T13:02:19.523099Z
1304,11467,2026-02-13T16:51:22+00:00,,,Other,,,,,STRAIGHT MODE - LOW GRIP,2026-08-15T13:02:19.523099Z
1304,11467,2026-02-13T16:51:28+00:00,,,Other,,,,,STRAIGHT MODE - DISABLED,2026-08-15T13:02:19.523099Z
1304,11467,2026-02-13T16:51:42+00:00,,,SafetyCar,,,,,VSC DEPLOYED,2026-08-15T13:02:19.523099Z
1304,11467,2026-02-13T16:51:50+00:00,,,Flag,DOUBLE YELLOW,Sector,12.0,,DOUBLE YELLOW IN TRACK SECTOR 12,2026-08-15T13:02:19.523099Z
1304,11467,2026-02-13T16:52:17+00:00,,,Other,,,,,ALL CARS THROUGH THE PIT LANE,2026-08-15T13:02:19.523099Z
1304,11467,2026-02-13T16:52:21+00:00,,,SafetyCar,,,,,VSC ENDING,2026-08-15T13:02:19.523099Z
1304,11467,2026-02-13T16:52:32+00:00,,,Flag,CLEAR,Track,,,TRACK CLEAR,2026-08-15T13:02:19.523099Z
1304,11467,2026-02-13T16:53:24+00:00,,,Other,,,,,OVERTAKE ENABLED,2026-08-15T13:02:19.523099Z
1304,11467,2026-02-13T16:54:23+00:00,,,Other,,,,,TURN 1 INCIDENT INVOLVING CAR 236 (FM1) NOTED - FAILING TO FOLLOW RACE DIRECTORS INSTRUCTIONS – PRACTICE START INFRINGEMENT,2026-08-15T13:02:19.523099Z
1304,11467,2026-02-13T16:54:40+00:00,,,Other,,,,,PIT LANE ENTRY OPEN,2026-08-15T13:02:19.523099Z
1304,11467,2026-02-13T16:55:28+00:00,,,Other,,,,,TURN 6 INCIDENT INVOLVING CARS 237 (FM2) AND 238 (FM3) NOTED - CAUSING A COLLISION,2026-08-15T13:02:19.523099Z
1304,11467,2026-02-13T16:55:32+00:00,,,Flag,YELLOW,Sector,4.0,,YELLOW IN TRACK SECTOR 4,2026-08-15T13:02:19.523099Z
1304,11467,2026-02-13T16:55:33+00:00,,,Flag,DOUBLE YELLOW,Sector,5.0,,DOUBLE YELLOW IN TRACK SECTOR 5,2026-08-15T13:02:19.523099Z
1304,11467,2026-02-13T16:55:55+00:00,,,Other,,,,,PIT LANE ENTRY CLOSED,2026-08-15T13:02:19.523099Z
1304,11467,2026-02-13T16:56:53+00:00,,,Flag,CLEAR,Sector,4.0,,CLEAR IN TRACK SECTOR 4,2026-08-15T13:02:19.523099Z
1304,11467,2026-02-13T16:56:55+00:00,,,Flag,CLEAR,Sector,5.0,,CLEAR IN TRACK SECTOR 5,2026-08-15T13:02:19.523099Z
1304,11467,2026-02-13T16:56:58+00:00,,,Flag,YELLOW,Sector,15.0,,YELLOW IN TRACK SECTOR 15,2026-08-15T13:02:19.523099Z
1304,11467,2026-02-13T16:57:00+00:00,,,Flag,DOUBLE YELLOW,Sector,16.0,,DOUBLE YELLOW IN TRACK SECTOR 16,2026-08-15T13:02:19.523099Z
1304,11467,2026-02-13T16:57:39+00:00,,,Flag,CLEAR,Sector,15.0,,CLEAR IN TRACK SECTOR 15,2026-08-15T13:02:19.523099Z
1304,11467,2026-02-13T16:57:42+00:00,,,Flag,CLEAR,Sector,16.0,,CLEAR IN TRACK SECTOR 16,2026-08-15T13:02:19.523099Z
1304,11467,2026-02-13T16:57:52+00:00,,,Other,,,,,PIT LANE ENTRY OPEN,2026-08-15T13:02:19.523099Z
1304,11467,2026-02-13T16:58:10+00:00,,,Other,,,,,BLACK AND WHITE FLAG FOR CAR 247 (MC2) - TRACK LIMITS,2026-08-15T13:02:19.523099Z
1304,11467,2026-02-13T16:58:23+00:00,,,Other,,,,,BLACK AND WHITE FLAG FOR CAR 241 (SC1),2026-08-15T13:02:19.523099Z
1304,11467,2026-02-13T16:58:34+00:00,,,Other,,,,,FIA STEWARDS: TURN 1 INCIDENT INVOLVING CAR 236 (FM1) UNDER INVESTIGATION - FAILING TO FOLLOW RACE DIRECTORS INSTRUCTIONS – PRACTICE START INFRINGEMENT,2026-08-15T13:02:19.523099Z
1304,11467,2026-02-13T16:58:47+00:00,,,Other,,,,,BLACK AND WHITE FLAG FOR CAR 236 (FM1) - FAILING TO FOLLOW RACE DIRECTORS INSTRUCTIONS – PRACTICE START INFRINGEMENT,2026-08-15T13:02:19.523099Z
1304,11467,2026-02-13T16:58:52+00:00,,,Other,,,,,FIA STEWARDS: TURN 6 INCIDENT INVOLVING CARS 237 (FM2) AND 238 (FM3) UNDER INVESTIGATION - CAUSING A COLLISION,2026-08-15T13:02:19.523099Z
1304,11467,2026-02-13T16:59:04+00:00,,,Other,,,,,FIA STEWARDS: 5 SECOND TIME PENALTY FOR CAR 237 (FM2) - CAUSING A COLLISION,2026-08-15T13:02:19.523099Z
1304,11467,2026-02-13T16:59:31+00:00,,,Other,,,,,INCIDENT INVOLVING CAR 247 (MC2) NOTED - TRACK LIMITS,2026-08-15T13:02:19.523099Z
1304,11467,2026-02-13T16:59:39+00:00,,,Other,,,,,FIA STEWARDS: INCIDENT INVOLVING CAR 247 (MC2) UNDER INVESTIGATION - TRACK LIMITS,2026-08-15T13:02:19.523099Z
1304,11467,2026-02-13T16:59:56+00:00,,,Other,,,,,FIA STEWARDS: PENALTY SERVED - 5 SECOND TIME PENALTY FOR CAR 237 (FM2) - CAUSING A COLLISION,2026-08-15T13:02:19.523099Z
1304,11467,2026-02-13T17:00:34+00:00,,,Other,,,,,FIA STEWARDS: 10 SECOND TIME PENALTY FOR CAR 247 (MC2) - TRACK LIMITS,2026-08-15T13:02:19.523099Z
1304,11467,2026-02-13T17:01:48+00:00,,,Other,,,,,BLACK AND ORANGE FLAG FOR CAR 239 (FM4),2026-08-15T13:02:19.523099Z
1304,11467,2026-02-13T17:02:02+00:00,,,Other,,,,,FIA STEWARDS: PENALTY SERVED - 10 SECOND TIME PENALTY FOR CAR 247 (MC2) - TRACK LIMITS,2026-08-15T13:02:19.523099Z
1304,11467,2026-02-13T17:04:06+00:00,41.0,,Flag,BLUE,Driver,,,WAVED BLUE FLAG FOR CAR 41 (LIN) TIMED AT 20:04:06,2026-08-15T13:02:19.523099Z
1304,11467,2026-02-13T17:05:10+00:00,41.0,,Flag,BLUE,Driver,,,WAVED BLUE FLAG FOR CAR 41 (LIN) TIMED AT 20:05:09,2026-08-15T13:02:19.523099Z
1304,11467,2026-02-13T17:08:35.256000+00:00,,,SessionStatus,,,,,SESSION ABORTED,2026-08-15T13:02:19.523099Z
1304,11467,2026-02-13T17:08:35+00:00,,,Other,,,,,RED FLAG - RACE SUSPENDED,2026-08-15T13:02:19.523099Z
1304,11467,2026-02-13T17:10:09+00:00,,,Other,,,,,TRACK TEST COMPLETED,2026-08-15T13:02:19.523099Z
1305,11470,2026-02-18T06:54:19+00:00,,,Other,,,,,PINK HEAD PADDING MATERIAL MUST BE USED,2026-08-15T13:02:27.500556Z
1305,11470,2026-02-18T07:00:00.138000+00:00,,,SessionStatus,,,,,SESSION STARTED,2026-08-15T13:02:27.500556Z
1305,11470,2026-02-18T07:00:00+00:00,,,Flag,GREEN,Track,,,GREEN LIGHT - PIT EXIT OPEN,2026-08-15T13:02:27.500556Z
1305,11470,2026-02-18T10:12:05+00:00,,,Other,,,,,THIS IS A TEST MESSAGE FROM RACE CONTROL,2026-08-15T13:02:27.500556Z
1305,11470,2026-02-18T10:15:35+00:00,41.0,,Flag,BLUE,Driver,,,WAVED BLUE FLAG FOR CAR 41 (LIN) TIMED AT 13:15:34,2026-08-15T13:02:27.500556Z
1305,11470,2026-02-18T10:17:15+00:00,27.0,,Flag,BLUE,Driver,,,WAVED BLUE FLAG FOR CAR 27 (HUL) TIMED AT 13:17:14,2026-08-15T13:02:27.500556Z
1305,11470,2026-02-18T10:50:05+00:00,,,Flag,DOUBLE YELLOW,Sector,11.0,,DOUBLE YELLOW IN TRACK SECTOR 11,2026-08-15T13:02:27.500556Z
1305,11470,2026-02-18T10:50:09+00:00,,,Flag,DOUBLE YELLOW,Sector,15.0,,DOUBLE YELLOW IN TRACK SECTOR 15,2026-08-15T13:02:27.500556Z
1305,11470,2026-02-18T10:50:35+00:00,,,SafetyCar,,,,,VSC DEPLOYED,2026-08-15T13:02:27.500556Z
1305,11470,2026-02-18T10:51:06.206000+00:00,,,SessionStatus,,,,,SESSION ABORTED,2026-08-15T13:02:27.500556Z
1305,11470,2026-02-18T10:51:06+00:00,,,Flag,RED,Track,,,RED FLAG,2026-08-15T13:02:27.500556Z
1305,11470,2026-02-18T10:51:06+00:00,,,Flag,CLEAR,Sector,11.0,,CLEAR IN TRACK SECTOR 11,2026-08-15T13:02:27.500556Z
1305,11470,2026-02-18T10:51:06+00:00,,,Flag,CLEAR,Sector,15.0,,CLEAR IN TRACK SECTOR 15,2026-08-15T13:02:27.500556Z
1305,11470,2026-02-18T10:53:29+00:00,,,Flag,CLEAR,Track,,,TRACK CLEAR,2026-08-15T13:02:27.500556Z
1305,11470,2026-02-18T10:53:52+00:00,,,Other,,,,,ROLLING START,2026-08-15T13:02:27.500556Z
1305,11470,2026-02-18T10:55:26+00:00,,,Flag,DOUBLE YELLOW,Sector,2.0,,DOUBLE YELLOW IN TRACK SECTOR 2,2026-08-15T13:02:27.500556Z
1305,11470,2026-02-18T10:55:47+00:00,,,Flag,CLEAR,Sector,2.0,,CLEAR IN TRACK SECTOR 2,2026-08-15T13:02:27.500556Z
1305,11470,2026-02-18T10:55:50+00:00,,,Flag,DOUBLE YELLOW,Sector,17.0,,DOUBLE YELLOW IN TRACK SECTOR 17,2026-08-15T13:02:27.500556Z
1305,11470,2026-02-18T10:55:55+00:00,,,Flag,DOUBLE YELLOW,Sector,18.0,,DOUBLE YELLOW IN TRACK SECTOR 18,2026-08-15T13:02:27.500556Z
1305,11470,2026-02-18T10:57:30+00:00,,,Flag,CLEAR,Sector,17.0,,CLEAR IN TRACK SECTOR 17,2026-08-15T13:02:27.500556Z
1305,11470,2026-02-18T10:57:47+00:00,,,Flag,CLEAR,Sector,18.0,,CLEAR IN TRACK SECTOR 18,2026-08-15T13:02:27.500556Z
1305,11470,2026-02-18T10:58:43+00:00,,,Other,,,,,ALL CARS THROUGH THE PIT LANE,2026-08-15T13:02:27.500556Z
1305,11470,2026-02-18T10:58:52+00:00,,,Flag,RED,Track,,,RED FLAG,2026-08-15T13:02:27.500556Z
1305,11470,2026-02-18T11:00:43+00:00,,,Other,,,,,PIT LANE ENTRY OPEN,2026-08-15T13:02:27.500556Z
1305,11470,2026-02-18T11:00:49+00:00,,,Flag,CLEAR,Track,,,TRACK CLEAR,2026-08-15T13:02:27.500556Z
1305,11470,2026-02-18T11:05:00.721000+00:00,,,SessionStatus,,,,,SESSION FINISHED,2026-08-15T13:02:27.500556Z
1305,11470,2026-02-18T11:54:33.209000+00:00,,,SessionStatus,,,,,SESSION FINISHED,2026-08-15T13:02:27.500556Z
1305,11470,2026-02-18T12:00:00.102000+00:00,,,SessionStatus,,,,,SESSION STARTED,2026-08-15T13:02:27.500556Z
1305,11470,2026-02-18T12:00:00+00:00,,,Flag,GREEN,Track,,,GREEN LIGHT - PIT EXIT OPEN,2026-08-15T13:02:27.500556Z
1305,11470,2026-02-18T12:57:59+00:00,,,Flag,YELLOW,Sector,12.0,,YELLOW IN TRACK SECTOR 12,2026-08-15T13:02:27.500556Z
1305,11470,2026-02-18T12:58:17.642000+00:00,,,SessionStatus,,,,,SESSION ABORTED,2026-08-15T13:02:27.500556Z
1305,11470,2026-02-18T12:58:18+00:00,,,Other,,,,,RED FLAG - RACE SUSPENDED,2026-08-15T13:02:27.500556Z
1305,11470,2026-02-18T13:00:03+00:00,,,Flag,CLEAR,Track,,,TRACK CLEAR,2026-08-15T13:02:27.500556Z
1305,11470,2026-02-18T13:00:32+00:00,,,Flag,DOUBLE YELLOW,Sector,12.0,,DOUBLE YELLOW IN TRACK SECTOR 12,2026-08-15T13:02:27.500556Z
1305,11470,2026-02-18T13:05:28+00:00,,,Flag,CLEAR,Sector,12.0,,CLEAR IN TRACK SECTOR 12,2026-08-15T13:02:27.500556Z
1305,11470,2026-02-18T13:05:36+00:00,,,Other,,,,,SESSION WILL RESUME AT 16:06,2026-08-15T13:02:27.500556Z
1305,11470,2026-02-18T13:06:00.100000+00:00,,,SessionStatus,,,,,SESSION STARTED,2026-08-15T13:02:27.500556Z
1305,11470,2026-02-18T13:06:00+00:00,,,Flag,GREEN,Track,,,GREEN LIGHT - PIT EXIT OPEN,2026-08-15T13:02:27.500556Z
1305,11470,2026-02-18T13:22:32+00:00,,,Other,,,,,OVERTAKE ENABLED,2026-08-15T13:02:27.500556Z
1305,11470,2026-02-18T13:28:33+00:00,,,Other,,,,,YELLOW IN PIT LANE,2026-08-15T13:02:27.500556Z
1305,11470,2026-02-18T13:31:06+00:00,,,Other,,,,,PIT LANE ENTRY OPEN,2026-08-15T13:02:27.500556Z
1305,11470,2026-02-18T14:53:54+00:00,,,Other,,,,,TEST: AIR TEMPERATURE 1 HOUR BEFORE P1 = 23 DEGREES,2026-08-15T13:02:27.500556Z
1305,11470,2026-02-18T15:50:02+00:00,,,SafetyCar,,,,,VSC DEPLOYED,2026-08-15T13:02:27.500556Z
1305,11470,2026-02-18T15:50:04+00:00,,,Flag,DOUBLE YELLOW,Sector,1.0,,DOUBLE YELLOW IN TRACK SECTOR 1,2026-08-15T13:02:27.500556Z
1305,11470,2026-02-18T15:50:07+00:00,,,Flag,DOUBLE YELLOW,Sector,7.0,,DOUBLE YELLOW IN TRACK SECTOR 7,2026-08-15T13:02:27.500556Z
1305,11470,2026-02-18T15:50:42+00:00,,,SafetyCar,,,,,SAFETY CAR DEPLOYED,2026-08-15T13:02:27.500556Z
1305,11470,2026-02-18T15:50:56.288000+00:00,,,SessionStatus,,,,,SESSION ABORTED,2026-08-15T13:02:27.500556Z
1305,11470,2026-02-18T15:50:56+00:00,,,Other,,,,,RED FLAG - RACE SUSPENDED,2026-08-15T13:02:27.500556Z
1305,11470,2026-02-18T15:53:23+00:00,,,Flag,CLEAR,Track,,,TRACK CLEAR,2026-08-15T13:02:27.500556Z
1305,11470,2026-02-18T15:53:24+00:00,,,Other,,,,,RACE WILL RESUME AT 18:54,2026-08-15T13:02:27.500556Z
1305,11470,2026-02-18T15:54:43+00:00,,,Other,,,,,STANDING START,2026-08-15T13:02:27.500556Z
1305,11470,2026-02-18T15:57:18+00:00,,,Other,,,,,EXTRA FORMATION LAP,2026-08-15T13:02:27.500556Z
1305,11470,2026-02-18T15:58:02+00:00,,,Other,,,,,STANDING START,2026-08-15T13:02:27.500556Z
1305,11470,2026-02-18T16:00:44+00:00,,,Flag,DOUBLE YELLOW,Sector,2.0,,DOUBLE YELLOW IN TRACK SECTOR 2,2026-08-15T13:02:27.500556Z
1305,11470,2026-02-18T16:01:13+00:00,,,Flag,CLEAR,Sector,2.0,,CLEAR IN TRACK SECTOR 2,2026-08-15T13:02:27.500556Z
1305,11470,2026-02-18T16:01:25+00:00,,,Other,,,,,RED FLAG - RACE SUSPENDED,2026-08-15T13:02:27.500556Z
1305,11470,2026-02-18T16:03:01+00:00,,,Flag,CLEAR,Track,,,TRACK CLEAR,2026-08-15T13:02:27.500556Z
1305,11469,2026-02-19T06:57:19+00:00,,,Other,,,,,PINK HEAD PADDING MATERIAL MUST BE USED,2026-08-15T13:02:32.687224Z
1305,11469,2026-02-19T07:00:00.109000+00:00,,,SessionStatus,,,,,SESSION STARTED,2026-08-15T13:02:32.687224Z
1305,11469,2026-02-19T07:00:00+00:00,,,Flag,GREEN,Track,,,GREEN LIGHT - PIT EXIT OPEN,2026-08-15T13:02:32.687224Z
1305,11469,2026-02-19T10:52:02.188000+00:00,,,SessionStatus,,,,,SESSION ABORTED,2026-08-15T13:02:32.687224Z
1305,11469,2026-02-19T10:52:02+00:00,,,Flag,RED,Track,,,RED FLAG,2026-08-15T13:02:32.687224Z
1305,11469,2026-02-19T10:54:20+00:00,,,Flag,CLEAR,Track,,,TRACK CLEAR,2026-08-15T13:02:32.687224Z
1305,11469,2026-02-19T10:54:25+00:00,,,Other,,,,,RACE WILL RESUME AT 13:55,2026-08-15T13:02:32.687224Z
1305,11469,2026-02-19T10:55:42+00:00,,,Other,,,,,STANDING START,2026-08-15T13:02:32.687224Z
1305,11469,2026-02-19T10:57:44+00:00,,,Other,,,,,EXTRA FORMATION LAP,2026-08-15T13:02:32.687224Z
1305,11469,2026-02-19T10:58:32+00:00,,,Other,,,,,STANDING START,2026-08-15T13:02:32.687224Z
1305,11469,2026-02-19T11:00:52+00:00,,,Flag,DOUBLE YELLOW,Sector,2.0,,DOUBLE YELLOW IN TRACK SECTOR 2,2026-08-15T13:02:32.687224Z
1305,11469,2026-02-19T11:01:25+00:00,,,Flag,CLEAR,Sector,2.0,,CLEAR IN TRACK SECTOR 2,2026-08-15T13:02:32.687224Z
1305,11469,2026-02-19T11:01:26+00:00,,,Other,,,,,OVERTAKE ENABLED,2026-08-15T13:02:32.687224Z
1305,11469,2026-02-19T11:01:39+00:00,,,Flag,RED,Track,,,RED FLAG,2026-08-15T13:02:32.687224Z
1305,11469,2026-02-19T11:03:53+00:00,,,Flag,CLEAR,Track,,,TRACK CLEAR,2026-08-15T13:02:32.687224Z
1305,11469,2026-02-19T11:04:17.201000+00:00,,,SessionStatus,,,,,SESSION FINISHED,2026-08-15T13:02:32.687224Z
1305,11469,2026-02-19T11:57:07+00:00,,,Other,,,,,OVERTAKE ENABLED,2026-08-15T13:02:32.687224Z
1305,11469,2026-02-19T12:00:00.130000+00:00,,,SessionStatus,,,,,SESSION STARTED,2026-08-15T13:02:32.687224Z
1305,11469,2026-02-19T12:00:00+00:00,,,Flag,GREEN,Track,,,GREEN LIGHT - PIT EXIT OPEN,2026-08-15T13:02:32.687224Z
1305,11469,2026-02-19T12:08:04+00:00,,,Flag,CLEAR,Sector,4.0,,CLEAR IN TRACK SECTOR 4,2026-08-15T13:02:32.687224Z
1305,11469,2026-02-19T12:52:12+00:00,,,Flag,YELLOW,Sector,4.0,,YELLOW IN TRACK SECTOR 4,2026-08-15T13:02:32.687224Z
1305,11469,2026-02-19T12:52:23+00:00,,,Flag,DOUBLE YELLOW,Sector,4.0,,DOUBLE YELLOW IN TRACK SECTOR 4,2026-08-15T13:02:32.687224Z
1305,11469,2026-02-19T12:52:24+00:00,,,Flag,YELLOW,Sector,3.0,,YELLOW IN TRACK SECTOR 3,2026-08-15T13:02:32.687224Z
1305,11469,2026-02-19T12:52:46.279000+00:00,,,SessionStatus,,,,,SESSION ABORTED,2026-08-15T13:02:32.687224Z
1305,11469,2026-02-19T12:52:46+00:00,,,Other,,,,,RED FLAG - RACE SUSPENDED,2026-08-15T13:02:32.687224Z
1305,11469,2026-02-19T12:52:46+00:00,,,Flag,CLEAR,Sector,3.0,,CLEAR IN TRACK SECTOR 3,2026-08-15T13:02:32.687224Z
1305,11469,2026-02-19T12:52:46+00:00,,,Flag,CLEAR,Sector,4.0,,CLEAR IN TRACK SECTOR 4,2026-08-15T13:02:32.687224Z
1305,11469,2026-02-19T12:54:56+00:00,,,Flag,CLEAR,Track,,,TRACK CLEAR,2026-08-15T13:02:32.687224Z
1305,11469,2026-02-19T12:55:02+00:00,,,Flag,DOUBLE YELLOW,Sector,4.0,,DOUBLE YELLOW IN TRACK SECTOR 4,2026-08-15T13:02:32.687224Z
1305,11469,2026-02-19T13:08:22+00:00,,,Flag,CLEAR,Sector,4.0,,CLEAR IN TRACK SECTOR 4,2026-08-15T13:02:32.687224Z
1305,11469,2026-02-19T13:08:24+00:00,,,Other,,,,,SESSION WILL RESUME AT 16:09,2026-08-15T13:02:32.687224Z
1305,11469,2026-02-19T13:09:00.093000+00:00,,,SessionStatus,,,,,SESSION STARTED,2026-08-15T13:02:32.687224Z
1305,11469,2026-02-19T13:09:00+00:00,,,Flag,GREEN,Track,,,GREEN LIGHT - PIT EXIT OPEN,2026-08-15T13:02:32.687224Z
1305,11469,2026-02-19T13:17:02+00:00,,,Other,,,,,OVERTAKE ENABLED,2026-08-15T13:02:32.687224Z
1305,11469,2026-02-19T13:24:37+00:00,,,Other,,,,,YELLOW IN PIT LANE,2026-08-15T13:02:32.687224Z
1305,11469,2026-02-19T13:27:26+00:00,,,Other,,,,,PIT LANE ENTRY OPEN,2026-08-15T13:02:32.687224Z
1305,11469,2026-02-19T15:52:02.316000+00:00,,,SessionStatus,,,,,SESSION ABORTED,2026-08-15T13:02:32.687224Z
1305,11469,2026-02-19T15:52:02+00:00,,,Other,,,,,RED FLAG - RACE SUSPENDED,2026-08-15T13:02:32.687224Z
1305,11469,2026-02-19T15:54:06+00:00,,,Other,,,,,RACE WILL RESUME AT 18:55,2026-08-15T13:02:32.687224Z
1305,11469,2026-02-19T15:54:08+00:00,,,Flag,CLEAR,Track,,,TRACK CLEAR,2026-08-15T13:02:32.687224Z
1305,11469,2026-02-19T15:55:42+00:00,,,Flag,YELLOW,Sector,2.0,,YELLOW IN TRACK SECTOR 2,2026-08-15T13:02:32.687224Z
1305,11469,2026-02-19T15:55:58+00:00,,,Other,,,,,STANDING START,2026-08-15T13:02:32.687224Z
1305,11469,2026-02-19T15:56:26+00:00,,,Flag,YELLOW,Sector,2.0,,YELLOW IN TRACK SECTOR 2,2026-08-15T13:02:32.687224Z
1305,11469,2026-02-19T15:57:01+00:00,,,Flag,CLEAR,Sector,2.0,,CLEAR IN TRACK SECTOR 2,2026-08-15T13:02:32.687224Z
1305,11469,2026-02-19T15:58:09+00:00,,,Other,,,,,EXTRA FORMATION LAP,2026-08-15T13:02:32.687224Z
1305,11469,2026-02-19T15:58:55+00:00,,,Other,,,,,STANDING START,2026-08-15T13:02:32.687224Z
1305,11469,2026-02-19T16:01:21+00:00,,,Flag,DOUBLE YELLOW,Sector,2.0,,DOUBLE YELLOW IN TRACK SECTOR 2,2026-08-15T13:02:32.687224Z
1305,11469,2026-02-19T16:01:54+00:00,,,Other,,,,,OVERTAKE ENABLED,2026-08-15T13:02:32.687224Z
1305,11469,2026-02-19T16:02:16+00:00,,,Other,,,,,RED FLAG - RACE SUSPENDED,2026-08-15T13:02:32.687224Z
1305,11469,2026-02-19T16:02:16+00:00,,,Flag,CLEAR,Sector,2.0,,CLEAR IN TRACK SECTOR 2,2026-08-15T13:02:32.687224Z
1305,11469,2026-02-19T16:03:54+00:00,,,Flag,CLEAR,Track,,,TRACK CLEAR,2026-08-15T13:02:32.687224Z
1279,11227,2026-03-06T01:15:21+00:00,,,Other,,,,,RISK OF RAIN FOR F1 FREE PRACTICE 1 IS 0%,2026-08-15T13:03:21.487958Z
1279,11227,2026-03-06T01:16:44+00:00,,,Other,,,,,PINK HEAD PADDING MATERIAL MUST BE USED,2026-08-15T13:03:21.487958Z
1279,11227,2026-03-06T01:18:58+00:00,,,Flag,YELLOW,Sector,8.0,,YELLOW IN TRACK SECTOR 8,2026-08-15T13:03:21.487958Z
1279,11227,2026-03-06T01:19:02+00:00,,,Flag,CLEAR,Sector,8.0,,CLEAR IN TRACK SECTOR 8,2026-08-15T13:03:21.487958Z
1279,11227,2026-03-06T01:19:27+00:00,,,Flag,YELLOW,Sector,9.0,,YELLOW IN TRACK SECTOR 9,2026-08-15T13:03:21.487958Z
1279,11227,2026-03-06T01:19:32+00:00,,,Flag,CLEAR,Sector,9.0,,CLEAR IN TRACK SECTOR 9,2026-08-15T13:03:21.487958Z
1279,11227,2026-03-06T01:19:37+00:00,,,Flag,DOUBLE YELLOW,Sector,9.0,,DOUBLE YELLOW IN TRACK SECTOR 9,2026-08-15T13:03:21.487958Z
1279,11227,2026-03-06T01:19:40+00:00,,,Flag,CLEAR,Sector,9.0,,CLEAR IN TRACK SECTOR 9,2026-08-15T13:03:21.487958Z
1279,11227,2026-03-06T01:30:00.182000+00:00,,,SessionStatus,,,,,SESSION STARTED,2026-08-15T13:03:21.487958Z
1279,11227,2026-03-06T01:30:00+00:00,,,Flag,GREEN,Track,,,GREEN LIGHT - PIT EXIT OPEN,2026-08-15T13:03:21.487958Z
1279,11227,2026-03-06T01:32:11+00:00,,,Flag,YELLOW,Sector,1.0,,YELLOW IN TRACK SECTOR 1,2026-08-15T13:03:21.487958Z
1279,11227,2026-03-06T01:33:27+00:00,,,SafetyCar,,,,,VSC DEPLOYED,2026-08-15T13:03:21.487958Z
1279,11227,2026-03-06T01:33:48+00:00,,,Flag,DOUBLE YELLOW,Sector,1.0,,DOUBLE YELLOW IN TRACK SECTOR 1,2026-08-15T13:03:21.487958Z
1279,11227,2026-03-06T01:34:36+00:00,,,Flag,YELLOW,Sector,1.0,,YELLOW IN TRACK SECTOR 1,2026-08-15T13:03:21.487958Z
1279,11227,2026-03-06T01:34:41+00:00,,,SafetyCar,,,,,VSC ENDING,2026-08-15T13:03:21.487958Z
1279,11227,2026-03-06T01:34:44+00:00,,,Flag,CLEAR,Sector,1.0,,CLEAR IN TRACK SECTOR 1,2026-08-15T13:03:21.487958Z
1279,11227,2026-03-06T01:34:53+00:00,,,Flag,CLEAR,Track,,,TRACK CLEAR,2026-08-15T13:03:21.487958Z
1279,11227,2026-03-06T01:34:57+00:00,,,Other,,,,,OVERTAKE ENABLED,2026-08-15T13:03:21.487958Z
1279,11227,2026-03-06T01:38:04+00:00,,,Other,,,,,CAR 5 (BOR) LAP DELETED - TRACK LIMITS AT TURN 10 LAP 2 12:33:11 (PIT),2026-08-15T13:03:21.487958Z
1279,11227,2026-03-06T01:40:12+00:00,,,Other,,,,,CAR 63 (RUS) TIME 1:58.425 DELETED - TRACK LIMITS AT TURN 9 LAP 5 12:38:18,2026-08-15T13:03:21.487958Z
1279,11227,2026-03-06T01:44:03+00:00,,,Other,,,,,CAR 3 (VER) TIME 2:30.978 DELETED - TRACK LIMITS AT TURN 4 LAP 6 12:38:29,2026-08-15T13:03:21.487958Z
1279,11227,2026-03-06T01:47:25+00:00,,,Other,,,,,CAR 12 (ANT) TIME 2:18.477 DELETED - TRACK LIMITS AT TURN 4 LAP 9 12:45:13,2026-08-15T13:03:21.487958Z
1279,11227,2026-03-06T01:54:02+00:00,,,Other,,,,,CAR 31 (OCO) TIME 1:53.563 DELETED - TRACK LIMITS AT TURN 10 LAP 13 12:51:46,2026-08-15T13:03:21.487958Z
1279,11227,2026-03-06T01:56:17+00:00,,,Other,,,,,CAR 55 (SAI) TIME 1:32.482 DELETED - TRACK LIMITS AT TURN 10 LAP 11 12:55:23,2026-08-15T13:03:21.487958Z
1279,11227,2026-03-06T01:57:21+00:00,,,Other,,,,,CAR 43 (COL) LAP DELETED - TRACK LIMITS AT TURN 3 LAP 12 12:55:31 (PIT),2026-08-15T13:03:21.487958Z
1279,11227,2026-03-06T02:02:23+00:00,,,Other,,,,,CAR 55 (SAI) TIME 1:23.141 DELETED - TRACK LIMITS AT TURN 12 LAP 15 13:01:56,2026-08-15T13:03:21.487958Z
1279,11227,2026-03-06T02:13:32+00:00,,,Other,,,,,CAR 6 (HAD) LAP DELETED - TRACK LIMITS AT TURN 2 LAP 18 13:11:21 (PIT),2026-08-15T13:03:21.487958Z
1279,11227,2026-03-06T02:16:18+00:00,,,Other,,,,,CAR 87 (BEA) LAP DELETED - TRACK LIMITS AT TURN 3 LAP 20 13:14:51 (PIT),2026-08-15T13:03:21.487958Z
1279,11227,2026-03-06T02:16:37+00:00,,,Other,,,,,CAR 44 (HAM) TIME 1:43.234 DELETED - TRACK LIMITS AT TURN 3 LAP 23 13:14:58,2026-08-15T13:03:21.487958Z
1279,11227,2026-03-06T02:17:51+00:00,,,Flag,YELLOW,Sector,15.0,,YELLOW IN TRACK SECTOR 15,2026-08-15T13:03:21.487958Z
1279,11227,2026-03-06T02:18:42+00:00,,,SafetyCar,,,,,VSC DEPLOYED,2026-08-15T13:03:21.487958Z
1279,11227,2026-03-06T02:19:02+00:00,,,Flag,DOUBLE YELLOW,Sector,15.0,,DOUBLE YELLOW IN TRACK SECTOR 15,2026-08-15T13:03:21.487958Z
1279,11227,2026-03-06T02:19:28+00:00,,,Other,,,,,MARSHALS ON TRACK AT TURN 10,2026-08-15T13:03:21.487958Z
1279,11227,2026-03-06T02:19:55+00:00,,,Flag,CLEAR,Sector,15.0,,CLEAR IN TRACK SECTOR 15,2026-08-15T13:03:21.487958Z
1279,11227,2026-03-06T02:21:24+00:00,,,Flag,CLEAR,Sector,15.0,,CLEAR IN TRACK SECTOR 15,2026-08-15T13:03:21.487958Z
1279,11227,2026-03-06T02:21:27+00:00,,,SafetyCar,,,,,VSC ENDING,2026-08-15T13:03:21.487958Z
1279,11227,2026-03-06T02:21:39+00:00,,,Flag,CLEAR,Track,,,TRACK CLEAR,2026-08-15T13:03:21.487958Z
1279,11227,2026-03-06T02:21:40+00:00,,,Other,,,,,OVERTAKE ENABLED,2026-08-15T13:03:21.487958Z
1279,11227,2026-03-06T02:25:15+00:00,,,Other,,,,,CAR 11 (PER) LAP DELETED - TRACK LIMITS AT TURN 4 LAP 15 13:23:35 (PIT),2026-08-15T13:03:21.487958Z
1279,11227,2026-03-06T02:28:31+00:00,,,Other,,,,,CAR 87 (BEA) TIME 2:27.404 DELETED - TRACK LIMITS AT TURN 9 LAP 23 13:27:24,2026-08-15T13:03:21.487958Z
1279,11227,2026-03-06T02:30:00.193000+00:00,,,SessionStatus,,,,,SESSION FINISHED,2026-08-15T13:03:21.487958Z
1279,11227,2026-03-06T02:30:00+00:00,,,Flag,CHEQUERED,Track,,,CHEQUERED FLAG,2026-08-15T13:03:21.487958Z
1279,11227,2026-03-06T02:30:11+00:00,,,Other,,,,,FIRST CAR TO TAKE THE FLAG - CAR 87 (BEA),2026-08-15T13:03:21.487958Z
1279,11227,2026-03-06T02:36:58+00:00,,,Flag,DOUBLE YELLOW,Sector,1.0,,DOUBLE YELLOW IN TRACK SECTOR 1,2026-08-15T13:03:21.487958Z
1279,11227,2026-03-06T02:45:30+00:00,,,Other,,,,,RISK OF RAIN FOR F3 QUALIFYING IS 0%,2026-08-15T13:03:21.487958Z
1279,11229,2026-03-07T01:27:54+00:00,,,Other,,,,,ESTIMATED TIME OF SESSION START - 12:45,2026-08-15T13:04:07.862939Z
1279,11229,2026-03-07T01:40:35+00:00,,,Other,,,,,ESTIMATED TIME OF SESSION START - 12:50,2026-08-15T13:04:07.862939Z
1279,11229,2026-03-07T01:46:58+00:00,,,Other,,,,,SESSION WILL START AT 12:50,2026-08-15T13:04:07.862939Z
1279,11229,2026-03-07T01:48:07+00:00,,,Other,,,,,TRACK SURFACE SLIPPERY IN TRACK SECTOR 7,2026-08-15T13:04:07.862939Z
1279,11229,2026-03-07T01:50:00.185000+00:00,,,SessionStatus,,,,,SESSION STARTED,2026-08-15T13:04:07.862939Z
1279,11229,2026-03-07T01:50:00+00:00,,,Flag,GREEN,Track,,,GREEN LIGHT - PIT EXIT OPEN,2026-08-15T13:04:07.862939Z
1279,11229,2026-03-07T01:54:10+00:00,,,Flag,CLEAR,Sector,7.0,,CLEAR IN TRACK SECTOR 7,2026-08-15T13:04:07.862939Z
1279,11229,2026-03-07T01:58:09+00:00,,,Flag,DOUBLE YELLOW,Sector,19.0,,DOUBLE YELLOW IN TRACK SECTOR 19,2026-08-15T13:04:07.862939Z
1279,11229,2026-03-07T01:58:10+00:00,,,Flag,YELLOW,Sector,20.0,,YELLOW IN TRACK SECTOR 20,2026-08-15T13:04:07.862939Z
1279,11229,2026-03-07T01:58:11+00:00,,,Flag,DOUBLE YELLOW,Sector,20.0,,DOUBLE YELLOW IN TRACK SECTOR 20,2026-08-15T13:04:07.862939Z
1279,11229,2026-03-07T01:58:34+00:00,,,Flag,CLEAR,Sector,19.0,,CLEAR IN TRACK SECTOR 19,2026-08-15T13:04:07.862939Z
1279,11229,2026-03-07T02:00:23+00:00,,,SafetyCar,,,,,VSC DEPLOYED,2026-08-15T13:04:07.862939Z
1279,11229,2026-03-07T02:00:25+00:00,,,Other,,,,,PIT LANE ENTRY CLOSED,2026-08-15T13:04:07.862939Z
1279,11229,2026-03-07T02:00:26+00:00,,,Flag,CLEAR,Sector,20.0,,CLEAR IN TRACK SECTOR 20,2026-08-15T13:04:07.862939Z
1279,11229,2026-03-07T02:01:32+00:00,,,Flag,DOUBLE YELLOW,Sector,20.0,,DOUBLE YELLOW IN TRACK SECTOR 20,2026-08-15T13:04:07.862939Z
1279,11229,2026-03-07T02:01:52+00:00,,,Other,,,,,MARSHALS ON TRACK AT PIT ENTRY,2026-08-15T13:04:07.862939Z
1279,11229,2026-03-07T02:03:42.299000+00:00,,,SessionStatus,,,,,SESSION ABORTED,2026-08-15T13:04:07.862939Z
1279,11229,2026-03-07T02:03:42+00:00,,,Flag,RED,Track,,,RED FLAG,2026-08-15T13:04:07.862939Z
1279,11229,2026-03-07T02:03:42+00:00,,,Flag,CLEAR,Sector,20.0,,CLEAR IN TRACK SECTOR 20,2026-08-15T13:04:07.862939Z
1279,11229,2026-03-07T02:03:50+00:00,,,Other,,,,,PIT LANE ENTRY OPEN,2026-08-15T13:04:07.862939Z
1279,11229,2026-03-07T02:06:13+00:00,,,Flag,CLEAR,Track,,,TRACK CLEAR,2026-08-15T13:04:07.862939Z
1279,11229,2026-03-07T02:06:16+00:00,,,Other,,,,,OVERTAKE ENABLED,2026-08-15T13:04:07.862939Z
1279,11229,2026-03-07T02:06:37+00:00,,,Flag,DOUBLE YELLOW,Sector,19.0,,DOUBLE YELLOW IN TRACK SECTOR 19,2026-08-15T13:04:07.862939Z
1279,11229,2026-03-07T02:06:43+00:00,,,Flag,CLEAR,Sector,19.0,,CLEAR IN TRACK SECTOR 19,2026-08-15T13:04:07.862939Z
1279,11229,2026-03-07T02:09:15+00:00,,,Other,,,,,ESTIMATED TIME OF SESSION START - 13:11,2026-08-15T13:04:07.862939Z
1279,11229,2026-03-07T02:10:02+00:00,,,Other,,,,,SESSION WILL RESUME AT 13:11,2026-08-15T13:04:07.862939Z
1279,11229,2026-03-07T02:11:00.193000+00:00,,,SessionStatus,,,,,SESSION STARTED,2026-08-15T13:04:07.862939Z
1279,11229,2026-03-07T02:11:00+00:00,,,Flag,GREEN,Track,,,GREEN LIGHT - PIT EXIT OPEN,2026-08-15T13:04:07.862939Z
1279,11229,2026-03-07T02:22:48+00:00,,,Flag,YELLOW,Sector,6.0,,YELLOW IN TRACK SECTOR 6,2026-08-15T13:04:07.862939Z
1279,11229,2026-03-07T02:23:14+00:00,,,Flag,CLEAR,Sector,6.0,,CLEAR IN TRACK SECTOR 6,2026-08-15T13:04:07.862939Z
1279,11229,2026-03-07T02:25:51+00:00,,,Other,,,,,CAR 43 (COL) TIME 1:22.908 DELETED - TRACK LIMITS AT TURN 6 LAP 15 13:22:10,2026-08-15T13:04:07.862939Z
1279,11229,2026-03-07T02:36:50+00:00,,,Flag,YELLOW,Sector,3.0,,YELLOW IN TRACK SECTOR 3,2026-08-15T13:04:07.862939Z
1279,11229,2026-03-07T02:36:53+00:00,,,Flag,YELLOW,Sector,2.0,,YELLOW IN TRACK SECTOR 2,2026-08-15T13:04:07.862939Z
1279,11229,2026-03-07T02:36:54+00:00,,,Flag,DOUBLE YELLOW,Sector,3.0,,DOUBLE YELLOW IN TRACK SECTOR 3,2026-08-15T13:04:07.862939Z
1279,11229,2026-03-07T02:37:12.986000+00:00,,,SessionStatus,,,,,SESSION ABORTED,2026-08-15T13:04:07.862939Z
1279,11229,2026-03-07T02:37:13+00:00,,,Flag,RED,Track,,,RED FLAG,2026-08-15T13:04:07.862939Z
1279,11229,2026-03-07T02:37:13+00:00,,,Flag,CLEAR,Sector,2.0,,CLEAR IN TRACK SECTOR 2,2026-08-15T13:04:07.862939Z
1279,11229,2026-03-07T02:37:13+00:00,,,Flag,CLEAR,Sector,3.0,,CLEAR IN TRACK SECTOR 3,2026-08-15T13:04:07.862939Z
1279,11229,2026-03-07T02:37:37+00:00,,,Other,,,,,MEDICAL CAR DEPLOYED,2026-08-15T13:04:07.862939Z
1279,11229,2026-03-07T02:40:39+00:00,,,Flag,CLEAR,Track,,,TRACK CLEAR,2026-08-15T13:04:07.862939Z
1279,11229,2026-03-07T02:40:42+00:00,,,Other,,,,,OVERTAKE ENABLED,2026-08-15T13:04:07.862939Z
1279,11229,2026-03-07T02:41:35+00:00,,,Flag,DOUBLE YELLOW,Sector,3.0,,DOUBLE YELLOW IN TRACK SECTOR 3,2026-08-15T13:04:07.862939Z
1279,11229,2026-03-07T02:44:31+00:00,,,Other,,,,,SESSION WILL RESUME AT 13:46,2026-08-15T13:04:07.862939Z
1279,11229,2026-03-07T02:45:20+00:00,,,Flag,CLEAR,Sector,3.0,,CLEAR IN TRACK SECTOR 3,2026-08-15T13:04:07.862939Z
1279,11229,2026-03-07T02:46:00.184000+00:00,,,SessionStatus,,,,,SESSION STARTED,2026-08-15T13:04:07.862939Z
1279,11229,2026-03-07T02:46:00+00:00,,,Flag,GREEN,Track,,,GREEN LIGHT - PIT EXIT OPEN,2026-08-15T13:04:07.862939Z
1279,11229,2026-03-07T02:46:02+00:00,,,Other,,,,,TRACK SURFACE SLIPPERY IN TRACK SECTOR 3,2026-08-15T13:04:07.862939Z
1279,11229,2026-03-07T02:50:00.271000+00:00,,,SessionStatus,,,,,SESSION FINISHED,2026-08-15T13:04:07.862939Z
1279,11229,2026-03-07T02:50:00+00:00,,,Flag,CHEQUERED,Track,,,CHEQUERED FLAG,2026-08-15T13:04:07.862939Z
1279,11229,2026-03-07T02:50:11+00:00,,,Other,,,,,FIRST CAR TO TAKE THE FLAG - CAR 81 (PIA),2026-08-15T13:04:07.862939Z
1279,11229,2026-03-07T02:50:22+00:00,,,Flag,CLEAR,Sector,3.0,,CLEAR IN TRACK SECTOR 3,2026-08-15T13:04:07.862939Z
1279,11229,2026-03-07T02:51:49+00:00,,,Other,,,,,CAR 11 (PER) TIME 1:42.572 DELETED - TRACK LIMITS AT TURN 3 LAP 20 13:50:20,2026-08-15T13:04:07.862939Z
1279,11229,2026-03-07T02:57:46+00:00,,,Flag,DOUBLE YELLOW,Sector,6.0,,DOUBLE YELLOW IN TRACK SECTOR 6,2026-08-15T13:04:07.862939Z
1279,11229,2026-03-07T02:58:01+00:00,,,Flag,DOUBLE YELLOW,Sector,3.0,,DOUBLE YELLOW IN TRACK SECTOR 3,2026-08-15T13:04:07.862939Z
1279,11229,2026-03-07T02:58:10+00:00,,,Flag,CLEAR,Sector,6.0,,CLEAR IN TRACK SECTOR 6,2026-08-15T13:04:07.862939Z
1279,11229,2026-03-07T02:58:28+00:00,,,Flag,DOUBLE YELLOW,Sector,15.0,,DOUBLE YELLOW IN TRACK SECTOR 15,2026-08-15T13:04:07.862939Z
1279,11229,2026-03-07T02:58:34+00:00,,,Flag,DOUBLE YELLOW,Sector,20.0,,DOUBLE YELLOW IN TRACK SECTOR 20,2026-08-15T13:04:07.862939Z
1279,11229,2026-03-07T02:58:52+00:00,,,Flag,CLEAR,Sector,20.0,,CLEAR IN TRACK SECTOR 20,2026-08-15T13:04:07.862939Z
1279,11229,2026-03-07T02:59:04+00:00,,,Flag,DOUBLE YELLOW,Sector,19.0,,DOUBLE YELLOW IN TRACK SECTOR 19,2026-08-15T13:04:07.862939Z
1279,11229,2026-03-07T02:59:37+00:00,,,Flag,YELLOW,Sector,12.0,,YELLOW IN TRACK SECTOR 12,2026-08-15T13:04:07.862939Z
1279,11229,2026-03-07T02:59:43+00:00,,,Flag,YELLOW,Sector,14.0,,YELLOW IN TRACK SECTOR 14,2026-08-15T13:04:07.862939Z
1279,11229,2026-03-07T02:59:46+00:00,,,Flag,CLEAR,Sector,14.0,,CLEAR IN TRACK SECTOR 14,2026-08-15T13:04:07.862939Z
1279,11229,2026-03-07T02:59:48+00:00,,,Flag,YELLOW,Sector,13.0,,YELLOW IN TRACK SECTOR 13,2026-08-15T13:04:07.862939Z
1279,11229,2026-03-07T02:59:49+00:00,,,Flag,CLEAR,Sector,12.0,,CLEAR IN TRACK SECTOR 12,2026-08-15T13:04:07.862939Z
1279,11229,2026-03-07T03:00:13+00:00,,,Other,,,,,RISK OF RAIN FOR THE F2 SPRINT RACE IS 0%,2026-08-15T13:04:07.862939Z
1279,11229,2026-03-07T03:10:00+00:00,,,Other,,,,,"SESSION TEMPERATURES: AIR = 20, TRACK = 38",2026-08-15T13:04:07.862939Z
1279,11230,2026-03-07T05:00:00.195000+00:00,,,SessionStatus,,,,,SESSION STARTED,2026-08-15T13:04:14.349283Z
1279,11230,2026-03-07T05:00:00+00:00,,,Flag,GREEN,Track,,,GREEN LIGHT - PIT EXIT OPEN,2026-08-15T13:04:14.349283Z
1279,11230,2026-03-07T05:04:02+00:00,,,Other,,,,,CAR 43 (COL) TIME 1:23.393 DELETED - TRACK LIMITS AT TURN 7 LAP 3 16:02:50,2026-08-15T13:04:14.349283Z
1279,11230,2026-03-07T05:09:26+00:00,,,Other,,,,,CAR 30 (LAW) LAP DELETED - TRACK LIMITS AT TURN 2 LAP 6 16:07:52 (PIT),2026-08-15T13:04:14.349283Z
1279,11230,2026-03-07T05:10:17+00:00,,,Flag,DOUBLE YELLOW,Sector,2.0,,DOUBLE YELLOW IN TRACK SECTOR 2,2026-08-15T13:04:14.349283Z
1279,11230,2026-03-07T05:10:31.433000+00:00,,,SessionStatus,,,,,SESSION ABORTED,2026-08-15T13:04:14.349283Z
1279,11230,2026-03-07T05:10:31+00:00,,,Flag,RED,Track,,,RED FLAG,2026-08-15T13:04:14.349283Z
1279,11230,2026-03-07T05:10:32+00:00,,,Flag,CLEAR,Sector,2.0,,CLEAR IN TRACK SECTOR 2,2026-08-15T13:04:14.349283Z
1279,11230,2026-03-07T05:12:14+00:00,,,Flag,CLEAR,Track,,,TRACK CLEAR,2026-08-15T13:04:14.349283Z
1279,11230,2026-03-07T05:12:14+00:00,,,Flag,DOUBLE YELLOW,Sector,2.0,,DOUBLE YELLOW IN TRACK SECTOR 2,2026-08-15T13:04:14.349283Z
1279,11230,2026-03-07T05:12:17+00:00,,,Other,,,,,OVERTAKE ENABLED,2026-08-15T13:04:14.349283Z
1279,11230,2026-03-07T05:12:17+00:00,,,Flag,DOUBLE YELLOW,Sector,8.0,,DOUBLE YELLOW IN TRACK SECTOR 8,2026-08-15T13:04:14.349283Z
1279,11230,2026-03-07T05:12:17+00:00,,,Flag,DOUBLE YELLOW,Sector,9.0,,DOUBLE YELLOW IN TRACK SECTOR 9,2026-08-15T13:04:14.349283Z
1279,11230,2026-03-07T05:14:10+00:00,,,Flag,CLEAR,Sector,8.0,,CLEAR IN TRACK SECTOR 8,2026-08-15T13:04:14.349283Z
1279,11230,2026-03-07T05:14:10+00:00,,,Flag,CLEAR,Sector,9.0,,CLEAR IN TRACK SECTOR 9,2026-08-15T13:04:14.349283Z
1279,11230,2026-03-07T05:15:06+00:00,,,Flag,CLEAR,Sector,2.0,,CLEAR IN TRACK SECTOR 2,2026-08-15T13:04:14.349283Z
1279,11230,2026-03-07T05:15:12+00:00,,,Other,,,,,Q1 WILL RESUME AT 16:19,2026-08-15T13:04:14.349283Z
1279,11230,2026-03-07T05:19:00.186000+00:00,,,SessionStatus,,,,,SESSION STARTED,2026-08-15T13:04:14.349283Z
1279,11230,2026-03-07T05:19:00+00:00,,,Flag,GREEN,Track,,,GREEN LIGHT - PIT EXIT OPEN,2026-08-15T13:04:14.349283Z
1279,11230,2026-03-07T05:22:07+00:00,,,Other,,,,,INCIDENT INVOLVING CAR 12 (ANT) NOTED - PIT LANE INFRINGEMENT,2026-08-15T13:04:14.349283Z
1279,11230,2026-03-07T05:26:29.197000+00:00,,,SessionStatus,,,,,SESSION FINISHED,2026-08-15T13:04:14.349283Z
1279,11230,2026-03-07T05:26:29+00:00,,,Flag,CHEQUERED,Track,,,CHEQUERED FLAG,2026-08-15T13:04:14.349283Z
1279,11230,2026-03-07T05:26:39+00:00,,,Other,,,,,FIRST CAR TO TAKE THE FLAG - CAR 12 (ANT),2026-08-15T13:04:14.349283Z
1279,11230,2026-03-07T05:29:48+00:00,,,Flag,DOUBLE YELLOW,Sector,2.0,,DOUBLE YELLOW IN TRACK SECTOR 2,2026-08-15T13:04:14.349283Z
1279,11230,2026-03-07T05:30:01+00:00,,,Flag,DOUBLE YELLOW,Sector,8.0,,DOUBLE YELLOW IN TRACK SECTOR 8,2026-08-15T13:04:14.349283Z
1279,11230,2026-03-07T05:30:01+00:00,,,Flag,DOUBLE YELLOW,Sector,9.0,,DOUBLE YELLOW IN TRACK SECTOR 9,2026-08-15T13:04:14.349283Z
1279,11230,2026-03-07T05:30:08+00:00,,,Other,,,,,"FIA STEWARDS: Q1 INCIDENT INVOLVING CARS 23 (ALB), 31 (OCO), 27 (HUL), 5 (BOR) AND 1 (NOR) NOTED - FAILING TO FOLLOW RACE DIRECTORS INSTRUCTIONS - MAXIMUM DELTA TIME",2026-08-15T13:04:14.349283Z
1279,11230,2026-03-07T05:30:11+00:00,,,Flag,DOUBLE YELLOW,Sector,7.0,,DOUBLE YELLOW IN TRACK SECTOR 7,2026-08-15T13:04:14.349283Z
1279,11230,2026-03-07T05:30:23+00:00,,,Other,,,,,"FIA STEWARDS: Q1 INCIDENT INVOLVING CARS 23 (ALB), 31 (OCO), 27 (HUL), 5 (BOR) AND 1 (NOR) WILL BE INVESTIGATED AFTER THE SESSION - FAILING TO FOLLOW RACE DIRECTORS INSTRUCTIONS - MAXIMUM DELTA TIME",2026-08-15T13:04:14.349283Z
1279,11230,2026-03-07T05:31:04+00:00,,,Other,,,,,FIA STEWARDS: INCIDENT INVOLVING CAR 12 (ANT) WILL BE INVESTIGATED AFTER THE SESSION - PIT LANE INFRINGEMENT,2026-08-15T13:04:14.349283Z
1279,11230,2026-03-07T05:31:05+00:00,,,Flag,DOUBLE YELLOW,Sector,1.0,,DOUBLE YELLOW IN TRACK SECTOR 1,2026-08-15T13:04:14.349283Z
1279,11230,2026-03-07T05:31:11+00:00,,,Flag,CLEAR,Sector,1.0,,CLEAR IN TRACK SECTOR 1,2026-08-15T13:04:14.349283Z
1279,11230,2026-03-07T05:31:17+00:00,,,Flag,CLEAR,Sector,8.0,,CLEAR IN TRACK SECTOR 8,2026-08-15T13:04:14.349283Z
1279,11230,2026-03-07T05:31:17+00:00,,,Flag,CLEAR,Sector,9.0,,CLEAR IN TRACK SECTOR 9,2026-08-15T13:04:14.349283Z
1279,11230,2026-03-07T05:31:42+00:00,,,Other,,,,,Q2 WILL START AT 16:34,2026-08-15T13:04:14.349283Z
1279,11230,2026-03-07T05:31:52+00:00,,,Flag,DOUBLE YELLOW,Sector,8.0,,DOUBLE YELLOW IN TRACK SECTOR 8,2026-08-15T13:04:14.349283Z
1279,11230,2026-03-07T05:32:03+00:00,,,Flag,CLEAR,Sector,7.0,,CLEAR IN TRACK SECTOR 7,2026-08-15T13:04:14.349283Z
1279,11230,2026-03-07T05:32:08+00:00,,,Flag,CLEAR,Sector,8.0,,CLEAR IN TRACK SECTOR 8,2026-08-15T13:04:14.349283Z
1279,11230,2026-03-07T05:32:25+00:00,,,Flag,CLEAR,Sector,2.0,,CLEAR IN TRACK SECTOR 2,2026-08-15T13:04:14.349283Z
1279,11230,2026-03-07T05:34:00.212000+00:00,,,SessionStatus,,,,2.0,SESSION STARTED,2026-08-15T13:04:14.349283Z
1279,11230,2026-03-07T05:34:00+00:00,,,Flag,GREEN,Track,,2.0,GREEN LIGHT - PIT EXIT OPEN,2026-08-15T13:04:14.349283Z
1279,11230,2026-03-07T05:37:30+00:00,,,Other,,,,,CAR 44 (HAM) TIME 1:36.101 DELETED - TRACK LIMITS AT TURN 9 LAP 12 16:36:37,2026-08-15T13:04:14.349283Z
1279,11230,2026-03-07T05:37:53+00:00,,,Other,,,,,CAR 63 (RUS) TIME 2:19.248 DELETED - TRACK LIMITS AT TURN 9 LAP 10 16:36:59,2026-08-15T13:04:14.349283Z
1279,11230,2026-03-07T05:39:26+00:00,,,Other,,,,,CAR 23 (ALB) LAP DELETED - TRACK LIMITS AT TURN 9 LAP 15 16:38:37 (PIT),2026-08-15T13:04:14.349283Z
1279,11230,2026-03-07T05:49:00.178000+00:00,,,SessionStatus,,,,2.0,SESSION FINISHED,2026-08-15T13:04:14.349283Z
1279,11230,2026-03-07T05:49:00+00:00,,,Flag,CHEQUERED,Track,,2.0,CHEQUERED FLAG,2026-08-15T13:04:14.349283Z
1279,11230,2026-03-07T05:49:08+00:00,,,Other,,,,,FIRST CAR TO TAKE THE FLAG - CAR 27 (HUL),2026-08-15T13:04:14.349283Z
1279,11230,2026-03-07T05:49:31+00:00,,,Other,,,,,CAR 44 (HAM) LAP DELETED - TRACK LIMITS AT TURN 2 LAP 18 16:48:00 (PIT),2026-08-15T13:04:14.349283Z
1279,11230,2026-03-07T05:49:36+00:00,,,Other,,,,,CAR 44 (HAM) LAP DELETED - TRACK LIMITS AT TURN 10 LAP 18 16:48:51 (PIT),2026-08-15T13:04:14.349283Z
1279,11230,2026-03-07T05:50:49+00:00,,,Flag,DOUBLE YELLOW,Sector,2.0,2.0,DOUBLE YELLOW IN TRACK SECTOR 2,2026-08-15T13:04:14.349283Z
1279,11230,2026-03-07T05:51:07+00:00,,,Other,,,,,CAR 23 (ALB) LAP DELETED - TRACK LIMITS AT TURN 2 LAP 20 16:47:18 (PIT),2026-08-15T13:04:14.349283Z
1279,11230,2026-03-07T05:51:12+00:00,,,Flag,DOUBLE YELLOW,Sector,15.0,2.0,DOUBLE YELLOW IN TRACK SECTOR 15,2026-08-15T13:04:14.349283Z
1279,11230,2026-03-07T05:51:28+00:00,,,Flag,DOUBLE YELLOW,Sector,7.0,2.0,DOUBLE YELLOW IN TRACK SECTOR 7,2026-08-15T13:04:14.349283Z
1279,11230,2026-03-07T05:51:37+00:00,,,Flag,DOUBLE YELLOW,Sector,17.0,2.0,DOUBLE YELLOW IN TRACK SECTOR 17,2026-08-15T13:04:14.349283Z
1279,11230,2026-03-07T05:52:26+00:00,,,Flag,DOUBLE YELLOW,Sector,18.0,2.0,DOUBLE YELLOW IN TRACK SECTOR 18,2026-08-15T13:04:14.349283Z
1279,11230,2026-03-07T05:52:45+00:00,,,Flag,CLEAR,Sector,18.0,2.0,CLEAR IN TRACK SECTOR 18,2026-08-15T13:04:14.349283Z
1279,11230,2026-03-07T05:52:58+00:00,,,Flag,DOUBLE YELLOW,Sector,8.0,2.0,DOUBLE YELLOW IN TRACK SECTOR 8,2026-08-15T13:04:14.349283Z
1279,11230,2026-03-07T05:53:03+00:00,,,Flag,CLEAR,Sector,17.0,2.0,CLEAR IN TRACK SECTOR 17,2026-08-15T13:04:14.349283Z
1279,11230,2026-03-07T05:53:12+00:00,,,Flag,CLEAR,Sector,7.0,2.0,CLEAR IN TRACK SECTOR 7,2026-08-15T13:04:14.349283Z
1279,11230,2026-03-07T05:53:16+00:00,,,Flag,CLEAR,Sector,8.0,2.0,CLEAR IN TRACK SECTOR 8,2026-08-15T13:04:14.349283Z
1279,11230,2026-03-07T05:53:19+00:00,,,Other,,,,,START OF Q3 WILL BE DELAYED,2026-08-15T13:04:14.349283Z
1279,11230,2026-03-07T05:53:31+00:00,,,Flag,CLEAR,Sector,2.0,2.0,CLEAR IN TRACK SECTOR 2,2026-08-15T13:04:14.349283Z
1279,11230,2026-03-07T05:53:54+00:00,,,Flag,CLEAR,Sector,15.0,2.0,CLEAR IN TRACK SECTOR 15,2026-08-15T13:04:14.349283Z
1279,11230,2026-03-07T05:55:39+00:00,,,Other,,,,,FIA STEWARDS: Q2 INCIDENT INVOLVING CARS 27 (HUL) AND 5 (BOR) NOTED - FAILING TO FOLLOW RACE DIRECTORS INSTRUCTIONS - MAXIMUM DELTA TIME,2026-08-15T13:04:14.349283Z
1279,11230,2026-03-07T05:55:45+00:00,,,Other,,,,,Q3 WILL START AT 17:59,2026-08-15T13:04:14.349283Z
1279,11230,2026-03-07T05:56:04+00:00,,,Other,,,,,Q3 WILL START AT 16:59,2026-08-15T13:04:14.349283Z
1279,11230,2026-03-07T05:56:22+00:00,,,Other,,,,,FIA STEWARDS: Q2 INCIDENT INVOLVING CARS 27 (HUL) AND 5 (BOR) WILL BE INVESTIGATED AFTER THE SESSION - FAILING TO FOLLOW RACE DIRECTORS INSTRUCTIONS - MAXIMUM DELTA TIME,2026-08-15T13:04:14.349283Z
1279,11230,2026-03-07T05:56:51+00:00,,,Other,,,,,INCIDENT INVOLVING CAR 10 (GAS) NOTED - UNSAFE CONDITION,2026-08-15T13:04:14.349283Z
1279,11230,2026-03-07T05:59:00.193000+00:00,,,SessionStatus,,,,3.0,SESSION STARTED,2026-08-15T13:04:14.349283Z
1279,11230,2026-03-07T05:59:00+00:00,,,Flag,GREEN,Track,,3.0,GREEN LIGHT - PIT EXIT OPEN,2026-08-15T13:04:14.349283Z
1279,11230,2026-03-07T06:00:38+00:00,,,Other,,,,,FIA STEWARDS: INCIDENT INVOLVING CAR 10 (GAS) WILL BE INVESTIGATED AFTER THE SESSION - UNSAFE CONDITION,2026-08-15T13:04:14.349283Z
1279,11230,2026-03-07T06:01:50+00:00,,,Other,,,,,TRACK SURFACE SLIPPERY IN TRACK SECTOR 3,2026-08-15T13:04:14.349283Z
1279,11230,2026-03-07T06:01:59+00:00,,,Other,,,,,INCIDENT INVOLVING CAR 12 (ANT) NOTED - UNSAFE CONDITION,2026-08-15T13:04:14.349283Z
1279,11230,2026-03-07T06:02:13+00:00,,,Flag,CLEAR,Sector,3.0,3.0,CLEAR IN TRACK SECTOR 3,2026-08-15T13:04:14.349283Z
1279,11230,2026-03-07T06:02:13.924000+00:00,,,SessionStatus,,,,3.0,SESSION ABORTED,2026-08-15T13:04:14.349283Z
1279,11230,2026-03-07T06:02:14+00:00,,,Flag,RED,Track,,3.0,RED FLAG,2026-08-15T13:04:14.349283Z
1279,11230,2026-03-07T06:04:14+00:00,,,Flag,CLEAR,Track,,3.0,TRACK CLEAR,2026-08-15T13:04:14.349283Z
1279,11230,2026-03-07T06:04:16+00:00,,,Other,,,,,OVERTAKE ENABLED,2026-08-15T13:04:14.349283Z
1279,11230,2026-03-07T06:04:34+00:00,,,Flag,DOUBLE YELLOW,Sector,4.0,3.0,DOUBLE YELLOW IN TRACK SECTOR 4,2026-08-15T13:04:14.349283Z
1279,11230,2026-03-07T06:04:37+00:00,,,Flag,DOUBLE YELLOW,Sector,3.0,3.0,DOUBLE YELLOW IN TRACK SECTOR 3,2026-08-15T13:04:14.349283Z
1279,11230,2026-03-07T06:04:38+00:00,,,Flag,DOUBLE YELLOW,Sector,8.0,3.0,DOUBLE YELLOW IN TRACK SECTOR 8,2026-08-15T13:04:14.349283Z
1279,11230,2026-03-07T06:04:38+00:00,,,Flag,DOUBLE YELLOW,Sector,9.0,3.0,DOUBLE YELLOW IN TRACK SECTOR 9,2026-08-15T13:04:14.349283Z
1279,11230,2026-03-07T06:04:45+00:00,,,Flag,CLEAR,Sector,4.0,3.0,CLEAR IN TRACK SECTOR 4,2026-08-15T13:04:14.349283Z
1279,11230,2026-03-07T06:04:55+00:00,,,Flag,CLEAR,Sector,8.0,3.0,CLEAR IN TRACK SECTOR 8,2026-08-15T13:04:14.349283Z
1279,11230,2026-03-07T06:04:56+00:00,,,Flag,CLEAR,Sector,9.0,3.0,CLEAR IN TRACK SECTOR 9,2026-08-15T13:04:14.349283Z
1279,11230,2026-03-07T06:05:19+00:00,,,Flag,DOUBLE YELLOW,Sector,4.0,3.0,DOUBLE YELLOW IN TRACK SECTOR 4,2026-08-15T13:04:14.349283Z
1279,11230,2026-03-07T06:05:43+00:00,,,Flag,CLEAR,Sector,3.0,3.0,CLEAR IN TRACK SECTOR 3,2026-08-15T13:04:14.349283Z
1279,11230,2026-03-07T06:06:21+00:00,,,Flag,DOUBLE YELLOW,Sector,3.0,3.0,DOUBLE YELLOW IN TRACK SECTOR 3,2026-08-15T13:04:14.349283Z
1279,11230,2026-03-07T06:06:21+00:00,,,Flag,CLEAR,Sector,4.0,3.0,CLEAR IN TRACK SECTOR 4,2026-08-15T13:04:14.349283Z
1279,11230,2026-03-07T06:06:34+00:00,,,Flag,CLEAR,Sector,3.0,3.0,CLEAR IN TRACK SECTOR 3,2026-08-15T13:04:14.349283Z
1279,11230,2026-03-07T06:06:44+00:00,,,Other,,,,,Q3 WILL RESUME AT 17:10,2026-08-15T13:04:14.349283Z
1279,11230,2026-03-07T06:07:16+00:00,,,Other,,,,,FIA STEWARDS: INCIDENT INVOLVING CAR 12 (ANT) WILL BE INVESTIGATED AFTER THE SESSION - UNSAFE CONDITION,2026-08-15T13:04:14.349283Z
1279,11230,2026-03-07T06:10:00.218000+00:00,,,SessionStatus,,,,3.0,SESSION STARTED,2026-08-15T13:04:14.349283Z
1279,11230,2026-03-07T06:10:00+00:00,,,Flag,GREEN,Track,,3.0,GREEN LIGHT - PIT EXIT OPEN,2026-08-15T13:04:14.349283Z
1279,11230,2026-03-07T06:13:37+00:00,,,Other,,,,,CAR 12 (ANT) LAP DELETED - TRACK LIMITS AT TURN 3 LAP 16 17:11:59 (PIT),2026-08-15T13:04:14.349283Z
1279,11230,2026-03-07T06:19:47.194000+00:00,,,SessionStatus,,,,3.0,SESSION FINISHED,2026-08-15T13:04:14.349283Z
1279,11230,2026-03-07T06:19:47+00:00,,,Flag,CHEQUERED,Track,,3.0,CHEQUERED FLAG,2026-08-15T13:04:14.349283Z
1279,11230,2026-03-07T06:19:55+00:00,,,Other,,,,,FIRST CAR TO TAKE THE FLAG - CAR 6 (HAD),2026-08-15T13:04:14.349283Z
1279,11230,2026-03-07T06:22:57+00:00,,,Other,,,,,"FIA STEWARDS: Q1 INCIDENT INVOLVING CARS 23 (ALB), 31 (OCO), 27 (HUL), 5 (BOR) AND 1 (NOR) REVIEWED NO FURTHER INVESTIGATION - FAILING TO FOLLOW RACE DIRECTORS INSTRUCTIONS - MAXIMUM DELTA TIME",2026-08-15T13:04:14.349283Z
1279,11230,2026-03-07T06:22:59+00:00,,,Flag,DOUBLE YELLOW,Sector,2.0,3.0,DOUBLE YELLOW IN TRACK SECTOR 2,2026-08-15T13:04:14.349283Z
1279,11230,2026-03-07T06:23:27+00:00,,,Other,,,,,"FIA STEWARDS: Q1 INCIDENT INVOLVING CARS 23 (ALB), 31 (OCO), 27 (HUL), 5 (BOR) AND 1 (NOR) NO FURTHER ACTION - FAILING TO FOLLOW RACE DIRECTORS INSTRUCTIONS - MAXIMUM DELTA TIME",2026-08-15T13:04:14.349283Z
1279,11230,2026-03-07T06:23:34+00:00,,,Other,,,,,FIA STEWARDS: Q2 INCIDENT INVOLVING CARS 27 (HUL) AND 5 (BOR) NO FURTHER ACTION - FAILING TO FOLLOW RACE DIRECTORS INSTRUCTIONS - MAXIMUM DELTA TIME,2026-08-15T13:04:14.349283Z
1279,11230,2026-03-07T06:23:37+00:00,,,Flag,DOUBLE YELLOW,Sector,6.0,3.0,DOUBLE YELLOW IN TRACK SECTOR 6,2026-08-15T13:04:14.349283Z
1279,11230,2026-03-07T06:23:40+00:00,,,Flag,DOUBLE YELLOW,Sector,1.0,3.0,DOUBLE YELLOW IN TRACK SECTOR 1,2026-08-15T13:04:14.349283Z
1279,11230,2026-03-07T06:23:41+00:00,,,Flag,DOUBLE YELLOW,Sector,7.0,3.0,DOUBLE YELLOW IN TRACK SECTOR 7,2026-08-15T13:04:14.349283Z
1279,11230,2026-03-07T06:23:50+00:00,,,Flag,DOUBLE YELLOW,Sector,15.0,3.0,DOUBLE YELLOW IN TRACK SECTOR 15,2026-08-15T13:04:14.349283Z
1279,11230,2026-03-07T06:24:05+00:00,,,Flag,CLEAR,Sector,1.0,3.0,CLEAR IN TRACK SECTOR 1,2026-08-15T13:04:14.349283Z
1279,11230,2026-03-07T06:24:15+00:00,,,Flag,DOUBLE YELLOW,Sector,14.0,3.0,DOUBLE YELLOW IN TRACK SECTOR 14,2026-08-15T13:04:14.349283Z
1279,11230,2026-03-07T06:24:25+00:00,,,Flag,DOUBLE YELLOW,Sector,19.0,3.0,DOUBLE YELLOW IN TRACK SECTOR 19,2026-08-15T13:04:14.349283Z
1279,11234,2026-03-08T03:08:08+00:00,,0,Other,,,,,PINK HEAD PADDING MATERIAL MUST BE USED,2026-08-15T13:04:19.772876Z
1279,11234,2026-03-08T03:20:00+00:00,,1,Flag,GREEN,Track,,,GREEN LIGHT - PIT EXIT OPEN,2026-08-15T13:04:19.772876Z
1279,11234,2026-03-08T03:21:22+00:00,,1,Flag,DOUBLE YELLOW,Sector,6.0,,DOUBLE YELLOW IN TRACK SECTOR 6,2026-08-15T13:04:19.772876Z
1279,11234,2026-03-08T03:21:25+00:00,,1,Flag,CLEAR,Sector,6.0,,CLEAR IN TRACK SECTOR 6,2026-08-15T13:04:19.772876Z
1279,11234,2026-03-08T03:21:26+00:00,,1,Flag,YELLOW,Sector,7.0,,YELLOW IN TRACK SECTOR 7,2026-08-15T13:04:19.772876Z
1279,11234,2026-03-08T03:21:50+00:00,,1,Flag,DOUBLE YELLOW,Sector,6.0,,DOUBLE YELLOW IN TRACK SECTOR 6,2026-08-15T13:04:19.772876Z
1279,11234,2026-03-08T03:21:51+00:00,,1,Flag,DOUBLE YELLOW,Sector,7.0,,DOUBLE YELLOW IN TRACK SECTOR 7,2026-08-15T13:04:19.772876Z
1279,11234,2026-03-08T03:21:59+00:00,,1,Other,,,,,MEDICAL CAR DEPLOYED,2026-08-15T13:04:19.772876Z
1279,11234,2026-03-08T03:29:59+00:00,,1,Flag,YELLOW,Sector,20.0,,YELLOW IN TRACK SECTOR 20,2026-08-15T13:04:19.772876Z
1279,11234,2026-03-08T03:30:00+00:00,,1,Other,,,,,PIT EXIT CLOSED,2026-08-15T13:04:19.772876Z
1279,11234,2026-03-08T03:30:15+00:00,,1,Flag,DOUBLE YELLOW,Sector,20.0,,DOUBLE YELLOW IN TRACK SECTOR 20,2026-08-15T13:04:19.772876Z
1279,11234,2026-03-08T03:30:25+00:00,,1,Flag,CLEAR,Sector,20.0,,CLEAR IN TRACK SECTOR 20,2026-08-15T13:04:19.772876Z
1279,11234,2026-03-08T03:32:26+00:00,,1,Flag,CLEAR,Sector,20.0,,CLEAR IN TRACK SECTOR 20,2026-08-15T13:04:19.772876Z
1279,11234,2026-03-08T03:33:13+00:00,,1,Other,,,,,INCIDENT INVOLVING CAR 27 (HUL) NOTED - STARTING PROCEDURE INFRINGEMENT,2026-08-15T13:04:19.772876Z
1279,11234,2026-03-08T03:37:53+00:00,,1,Flag,CLEAR,Sector,7.0,,CLEAR IN TRACK SECTOR 7,2026-08-15T13:04:19.772876Z
1279,11234,2026-03-08T03:37:54+00:00,,1,Flag,CLEAR,Sector,6.0,,CLEAR IN TRACK SECTOR 6,2026-08-15T13:04:19.772876Z
1279,11234,2026-03-08T03:38:40+00:00,,1,Other,,,,,FIA STEWARDS: INCIDENT INVOLVING CAR 27 (HUL) UNDER INVESTIGATION - STARTING PROCEDURE INFRINGEMENT,2026-08-15T13:04:19.772876Z
1279,11234,2026-03-08T03:40:23+00:00,,1,Flag,DOUBLE YELLOW,Sector,15.0,,DOUBLE YELLOW IN TRACK SECTOR 15,2026-08-15T13:04:19.772876Z
1279,11234,2026-03-08T03:40:40+00:00,,1,Flag,CLEAR,Sector,15.0,,CLEAR IN TRACK SECTOR 15,2026-08-15T13:04:19.772876Z
1279,11234,2026-03-08T03:45:10+00:00,,1,Other,,,,,RISK OF RAIN FOR THE F1 RACE IS 0%,2026-08-15T13:04:19.772876Z
1279,11234,2026-03-08T03:55:31+00:00,,1,Other,,,,,FIA STEWARDS: INCIDENT INVOLVING CAR 27 (HUL) NO FURTHER ACTION - STARTING PROCEDURE INFRINGEMENT,2026-08-15T13:04:19.772876Z
1279,11234,2026-03-08T03:57:02+00:00,,1,Other,,,,,OVERTAKE DISABLED,2026-08-15T13:04:19.772876Z
1279,11234,2026-03-08T04:01:21+00:00,,1,Other,,,,,INCIDENT INVOLVING CAR 43 (COL) NOTED - STARTING PROCEDURE INFRINGEMENT,2026-08-15T13:04:19.772876Z
1279,11234,2026-03-08T04:03:26.365000+00:00,,1,SessionStatus,,,,,SESSION STARTED,2026-08-15T13:04:19.772876Z
1279,11234,2026-03-08T04:03:26+00:00,,1,Flag,GREEN,Track,,,GREEN LIGHT - PIT EXIT OPEN,2026-08-15T13:04:19.772876Z
1279,11234,2026-03-08T04:03:53+00:00,,1,Other,,,,,FIA STEWARDS: INCIDENT INVOLVING CAR 43 (COL) UNDER INVESTIGATION - STARTING PROCEDURE INFRINGEMENT,2026-08-15T13:04:19.772876Z
1279,11234,2026-03-08T04:04:46+00:00,,1,Other,,,,,OVERTAKE ENABLED,2026-08-15T13:04:19.772876Z
1279,11234,2026-03-08T04:11:11+00:00,,6,Other,,,,,CAR 10 (GAS) TIME 1:27.040 DELETED - TRACK LIMITS AT TURN 10 LAP 5 15:10:17,2026-08-15T13:04:19.772876Z
1279,11234,2026-03-08T04:12:27+00:00,,7,Other,,,,,CAR 5 (BOR) TIME 1:27.463 DELETED - TRACK LIMITS AT TURN 3 LAP 6 15:11:11,2026-08-15T13:04:19.772876Z
1279,11234,2026-03-08T04:14:16+00:00,,8,Other,,,,,FIA STEWARDS: STOP-AND-GO PENALTY FOR CAR 43 (COL) - STARTING PROCEDURE INFRINGEMENT,2026-08-15T13:04:19.772876Z
1279,11234,2026-03-08T04:16:10+00:00,,9,Other,,,,,TURN 11 INCIDENT INVOLVING CAR 16 (LEC) NOTED,2026-08-15T13:04:19.772876Z
1279,11234,2026-03-08T04:17:20+00:00,,10,Other,,,,,FIA STEWARDS: TURN 11 INCIDENT INVOLVING CAR 16 (LEC) REVIEWED NO FURTHER INVESTIGATION,2026-08-15T13:04:19.772876Z
1279,11234,2026-03-08T04:19:08+00:00,,12,SafetyCar,,,,,VSC DEPLOYED,2026-08-15T13:04:19.772876Z
1279,11234,2026-03-08T04:19:16+00:00,,12,Flag,YELLOW,Sector,13.0,,YELLOW IN TRACK SECTOR 13,2026-08-15T13:04:19.772876Z
1279,11234,2026-03-08T04:19:19+00:00,,12,Flag,DOUBLE YELLOW,Sector,13.0,,DOUBLE YELLOW IN TRACK SECTOR 13,2026-08-15T13:04:19.772876Z
1279,11234,2026-03-08T04:20:09+00:00,,12,Other,,,,,MARSHALS ON TRACK AT TURN 9,2026-08-15T13:04:19.772876Z
1279,11234,2026-03-08T04:21:13+00:00,,13,Other,,,,,FIA STEWARDS: PENALTY SERVED - STOP-AND-GO PENALTY FOR CAR 43 (COL) - STARTING PROCEDURE INFRINGEMENT,2026-08-15T13:04:19.772876Z
1279,11234,2026-03-08T04:23:05+00:00,,14,Flag,CLEAR,Sector,13.0,,CLEAR IN TRACK SECTOR 13,2026-08-15T13:04:19.772876Z
1279,11234,2026-03-08T04:23:07+00:00,,14,SafetyCar,,,,,VSC ENDING,2026-08-15T13:04:19.772876Z
1279,11234,2026-03-08T04:23:19+00:00,,14,Flag,CLEAR,Track,,,TRACK CLEAR,2026-08-15T13:04:19.772876Z
1279,11234,2026-03-08T04:23:22+00:00,77.0,14,Flag,BLUE,Driver,,,WAVED BLUE FLAG FOR CAR 77 (BOT) TIMED AT 15:23:22,2026-08-15T13:04:19.772876Z
1279,11234,2026-03-08T04:23:30+00:00,77.0,14,Flag,BLUE,Driver,,,WAVED BLUE FLAG FOR CAR 77 (BOT) TIMED AT 15:23:30,2026-08-15T13:04:19.772876Z
1279,11234,2026-03-08T04:23:35+00:00,77.0,14,Flag,BLUE,Driver,,,WAVED BLUE FLAG FOR CAR 77 (BOT) TIMED AT 15:23:35,2026-08-15T13:04:19.772876Z
1279,11234,2026-03-08T04:24:21+00:00,77.0,14,Flag,BLUE,Driver,,,WAVED BLUE FLAG FOR CAR 77 (BOT) TIMED AT 15:24:20,2026-08-15T13:04:19.772876Z
1279,11234,2026-03-08T04:25:06+00:00,77.0,15,Flag,BLUE,Driver,,,WAVED BLUE FLAG FOR CAR 77 (BOT) TIMED AT 15:25:06,2026-08-15T13:04:19.772876Z
1279,11234,2026-03-08T04:25:27+00:00,77.0,15,Flag,BLUE,Driver,,,WAVED BLUE FLAG FOR CAR 77 (BOT) TIMED AT 15:25:26,2026-08-15T13:04:19.772876Z
1279,11234,2026-03-08T04:26:27+00:00,77.0,16,Flag,BLUE,Driver,,,WAVED BLUE FLAG FOR CAR 77 (BOT) TIMED AT 15:26:27,2026-08-15T13:04:19.772876Z
1279,11234,2026-03-08T04:26:42+00:00,77.0,16,Flag,BLUE,Driver,,,WAVED BLUE FLAG FOR CAR 77 (BOT) TIMED AT 15:26:41,2026-08-15T13:04:19.772876Z
1279,11234,2026-03-08T04:28:39+00:00,,18,Other,,,,,CAR 23 (ALB) TIME 1:28.434 DELETED - TRACK LIMITS AT TURN 3 LAP 16 15:26:48,2026-08-15T13:04:19.772876Z
1279,11234,2026-03-08T04:29:38+00:00,,18,Flag,YELLOW,Sector,20.0,,YELLOW IN TRACK SECTOR 20,2026-08-15T13:04:19.772876Z
1279,11234,2026-03-08T04:29:52+00:00,18.0,18,Flag,BLUE,Driver,,,WAVED BLUE FLAG FOR CAR 18 (STR) TIMED AT 15:29:51,2026-08-15T13:04:19.772876Z
1279,11234,2026-03-08T04:29:55+00:00,,18,SafetyCar,,,,,VSC DEPLOYED,2026-08-15T13:04:19.772876Z
1279,11234,2026-03-08T04:31:16+00:00,,19,Other,,,,,PIT LANE ENTRY CLOSED,2026-08-15T13:04:19.772876Z
1279,11234,2026-03-08T04:31:17+00:00,,19,Flag,CLEAR,Sector,20.0,,CLEAR IN TRACK SECTOR 20,2026-08-15T13:04:19.772876Z
1279,11234,2026-03-08T04:32:04+00:00,,20,Other,,,,,MARSHALS ON TRACK AT PIT ENTRY,2026-08-15T13:04:19.772876Z
1279,11234,2026-03-08T04:32:21+00:00,,20,Other,,,,,PIT LANE ENTRY OPEN,2026-08-15T13:04:19.772876Z
1279,11234,2026-03-08T04:32:26+00:00,,20,SafetyCar,,,,,VSC ENDING,2026-08-15T13:04:19.772876Z
1279,11234,2026-03-08T04:32:39+00:00,,20,Flag,CLEAR,Track,,,TRACK CLEAR,2026-08-15T13:04:19.772876Z
1279,11234,2026-03-08T04:32:43+00:00,18.0,20,Flag,BLUE,Driver,,,WAVED BLUE FLAG FOR CAR 18 (STR) TIMED AT 15:32:43,2026-08-15T13:04:19.772876Z
1279,11234,2026-03-08T04:32:56+00:00,18.0,20,Flag,BLUE,Driver,,,WAVED BLUE FLAG FOR CAR 18 (STR) TIMED AT 15:32:55,2026-08-15T13:04:19.772876Z
1279,11234,2026-03-08T04:34:21+00:00,,21,Other,,,,,TURN 11 INCIDENT INVOLVING CARS 11 (PER) AND 30 (LAW) NOTED - FORCING ANOTHER DRIVER OFF THE TRACK,2026-08-15T13:04:19.772876Z
1279,11234,2026-03-08T04:34:33+00:00,18.0,21,Flag,BLUE,Driver,,,WAVED BLUE FLAG FOR CAR 18 (STR) TIMED AT 15:34:33,2026-08-15T13:04:19.772876Z
1279,11234,2026-03-08T04:35:08+00:00,,22,Other,,,,,CAR 30 (LAW) TIME 1:29.919 DELETED - TRACK LIMITS AT TURN 3 LAP 16 15:26:58,2026-08-15T13:04:19.772876Z
1279,11234,2026-03-08T04:36:04+00:00,11.0,22,Flag,BLUE,Driver,,,WAVED BLUE FLAG FOR CAR 11 (PER) TIMED AT 15:36:03,2026-08-15T13:04:19.772876Z
1279,11234,2026-03-08T04:36:20+00:00,18.0,22,Flag,BLUE,Driver,,,WAVED BLUE FLAG FOR CAR 18 (STR) TIMED AT 15:36:20,2026-08-15T13:04:19.772876Z
1279,11234,2026-03-08T04:36:27+00:00,11.0,23,Flag,BLUE,Driver,,,WAVED BLUE FLAG FOR CAR 11 (PER) TIMED AT 15:36:26,2026-08-15T13:04:19.772876Z
1279,11234,2026-03-08T04:36:59+00:00,,23,Other,,,,,TURN 3 INCIDENT INVOLVING CARS 31 (OCO) AND 10 (GAS) NOTED,2026-08-15T13:04:19.772876Z
1279,11234,2026-03-08T04:37:32+00:00,,23,Other,,,,,FIA STEWARDS: TURN 11 INCIDENT INVOLVING CARS 11 (PER) AND 30 (LAW) UNDER INVESTIGATION - FORCING ANOTHER DRIVER OFF THE TRACK,2026-08-15T13:04:19.772876Z
1279,11234,2026-03-08T04:37:37+00:00,11.0,23,Flag,BLUE,Driver,,,WAVED BLUE FLAG FOR CAR 11 (PER) TIMED AT 15:37:36,2026-08-15T13:04:19.772876Z
1279,11234,2026-03-08T04:38:30+00:00,,24,Other,,,,,FIA STEWARDS: TURN 3 INCIDENT INVOLVING CARS 31 (OCO) AND 10 (GAS) UNDER INVESTIGATION,2026-08-15T13:04:19.772876Z
1279,11234,2026-03-08T04:39:47+00:00,11.0,25,Flag,BLUE,Driver,,,WAVED BLUE FLAG FOR CAR 11 (PER) TIMED AT 15:39:46,2026-08-15T13:04:19.772876Z
1279,11234,2026-03-08T04:39:56+00:00,,25,Other,,,,,INCIDENT INVOLVING CAR 31 (OCO) NOTED - DRIVING UNNECESSARILY SLOWLY,2026-08-15T13:04:19.772876Z
1279,11234,2026-03-08T04:40:49+00:00,,26,Other,,,,,FIA STEWARDS: TURN 11 INCIDENT INVOLVING CARS 11 (PER) AND 30 (LAW) NO FURTHER ACTION - FORCING ANOTHER DRIVER OFF THE TRACK,2026-08-15T13:04:19.772876Z
1279,11234,2026-03-08T04:41:47+00:00,18.0,26,Flag,BLUE,Driver,,,WAVED BLUE FLAG FOR CAR 18 (STR) TIMED AT 15:41:46,2026-08-15T13:04:19.772876Z
1279,11234,2026-03-08T04:42:24+00:00,11.0,27,Flag,BLUE,Driver,,,WAVED BLUE FLAG FOR CAR 11 (PER) TIMED AT 15:42:24,2026-08-15T13:04:19.772876Z
1279,11234,2026-03-08T04:42:47+00:00,18.0,27,Flag,BLUE,Driver,,,WAVED BLUE FLAG FOR CAR 18 (STR) TIMED AT 15:42:46,2026-08-15T13:04:19.772876Z
1279,11234,2026-03-08T04:43:19+00:00,,27,Other,,,,,INCIDENT INVOLVING CAR 11 (PER) NOTED - IGNORING BLUE FLAGS,2026-08-15T13:04:19.772876Z
1279,11234,2026-03-08T04:44:00+00:00,11.0,28,Flag,BLUE,Driver,,,WAVED BLUE FLAG FOR CAR 11 (PER) TIMED AT 15:43:59,2026-08-15T13:04:19.772876Z
1279,11234,2026-03-08T04:44:40+00:00,18.0,28,Flag,BLUE,Driver,,,WAVED BLUE FLAG FOR CAR 18 (STR) TIMED AT 15:44:39,2026-08-15T13:04:19.772876Z
1279,11234,2026-03-08T04:45:10+00:00,11.0,29,Flag,BLUE,Driver,,,WAVED BLUE FLAG FOR CAR 11 (PER) TIMED AT 15:45:10,2026-08-15T13:04:19.772876Z
1279,11234,2026-03-08T04:46:00+00:00,43.0,29,Flag,BLUE,Driver,,,WAVED BLUE FLAG FOR CAR 43 (COL) TIMED AT 15:45:59,2026-08-15T13:04:19.772876Z
1279,11234,2026-03-08T04:46:04+00:00,43.0,29,Flag,BLUE,Driver,,,WAVED BLUE FLAG FOR CAR 43 (COL) TIMED AT 15:46:03,2026-08-15T13:04:19.772876Z
1279,11234,2026-03-08T04:46:12+00:00,11.0,30,Flag,BLUE,Driver,,,WAVED BLUE FLAG FOR CAR 11 (PER) TIMED AT 15:46:11,2026-08-15T13:04:19.772876Z
1279,11234,2026-03-08T04:46:55+00:00,,30,Other,,,,,FIA STEWARDS: INCIDENT INVOLVING CAR 31 (OCO) WILL BE INVESTIGATED AFTER THE RACE - DRIVING UNNECESSARILY SLOWLY,2026-08-15T13:04:19.772876Z
1279,11234,2026-03-08T04:48:24+00:00,14.0,31,Flag,BLUE,Driver,,,WAVED BLUE FLAG FOR CAR 14 (ALO) TIMED AT 15:48:24,2026-08-15T13:04:19.772876Z
1279,11234,2026-03-08T04:48:52+00:00,43.0,31,Flag,BLUE,Driver,,,WAVED BLUE FLAG FOR CAR 43 (COL) TIMED AT 15:48:52,2026-08-15T13:04:19.772876Z
1279,11234,2026-03-08T04:49:32+00:00,18.0,32,Flag,BLUE,Driver,,,WAVED BLUE FLAG FOR CAR 18 (STR) TIMED AT 15:49:31,2026-08-15T13:04:19.772876Z
1279,11234,2026-03-08T04:50:30+00:00,14.0,33,Flag,BLUE,Driver,,,WAVED BLUE FLAG FOR CAR 14 (ALO) TIMED AT 15:50:29,2026-08-15T13:04:19.772876Z
1279,11234,2026-03-08T04:50:30+00:00,11.0,33,Flag,BLUE,Driver,,,WAVED BLUE FLAG FOR CAR 11 (PER) TIMED AT 15:50:29,2026-08-15T13:04:19.772876Z
1279,11234,2026-03-08T04:50:40+00:00,11.0,33,Flag,BLUE,Driver,,,WAVED BLUE FLAG FOR CAR 11 (PER) TIMED AT 15:50:39,2026-08-15T13:04:19.772876Z
1279,11234,2026-03-08T04:50:47+00:00,,33,Other,,,,,FIA STEWARDS: TURN 3 INCIDENT INVOLVING CARS 31 (OCO) AND 10 (GAS) NO FURTHER ACTION,2026-08-15T13:04:19.772876Z
1279,11234,2026-03-08T04:51:23+00:00,11.0,33,Flag,BLUE,Driver,,,WAVED BLUE FLAG FOR CAR 11 (PER) TIMED AT 15:51:22,2026-08-15T13:04:19.772876Z
1279,11234,2026-03-08T04:51:26+00:00,,33,Other,,,,,TRACK SURFACE SLIPPERY IN TRACK SECTOR 13,2026-08-15T13:04:19.772876Z
1279,11234,2026-03-08T04:51:34+00:00,11.0,33,Flag,BLUE,Driver,,,WAVED BLUE FLAG FOR CAR 11 (PER) TIMED AT 15:51:34,2026-08-15T13:04:19.772876Z
1279,11234,2026-03-08T04:51:48+00:00,18.0,34,Flag,BLUE,Driver,,,WAVED BLUE FLAG FOR CAR 18 (STR) TIMED AT 15:51:47,2026-08-15T13:04:19.772876Z
1279,11234,2026-03-08T04:52:20+00:00,,34,SafetyCar,,,,,VSC DEPLOYED,2026-08-15T13:04:19.772876Z
1279,11234,2026-03-08T04:52:20+00:00,,34,Flag,CLEAR,Sector,13.0,,CLEAR IN TRACK SECTOR 13,2026-08-15T13:04:19.772876Z
1279,11234,2026-03-08T04:52:23+00:00,,34,Flag,DOUBLE YELLOW,Sector,13.0,,DOUBLE YELLOW IN TRACK SECTOR 13,2026-08-15T13:04:19.772876Z
1279,11234,2026-03-08T04:52:28+00:00,,34,Other,,,,,MARSHALS ON TRACK AT TURN 8,2026-08-15T13:04:19.772876Z
1279,11234,2026-03-08T04:52:37+00:00,,34,Flag,DOUBLE YELLOW,Sector,12.0,,DOUBLE YELLOW IN TRACK SECTOR 12,2026-08-15T13:04:19.772876Z
1279,11234,2026-03-08T04:52:55+00:00,,34,Flag,CLEAR,Sector,13.0,,CLEAR IN TRACK SECTOR 13,2026-08-15T13:04:19.772876Z
1279,11234,2026-03-08T04:52:56+00:00,,34,Flag,CLEAR,Sector,12.0,,CLEAR IN TRACK SECTOR 12,2026-08-15T13:04:19.772876Z
1279,11234,2026-03-08T04:52:58+00:00,,34,SafetyCar,,,,,VSC ENDING,2026-08-15T13:04:19.772876Z
1279,11234,2026-03-08T04:53:11+00:00,,34,Flag,CLEAR,Track,,,TRACK CLEAR,2026-08-15T13:04:19.772876Z
1279,11234,2026-03-08T04:53:12+00:00,14.0,34,Flag,BLUE,Driver,,,WAVED BLUE FLAG FOR CAR 14 (ALO) TIMED AT 15:53:11,2026-08-15T13:04:19.772876Z
1279,11234,2026-03-08T04:53:24+00:00,43.0,35,Flag,BLUE,Driver,,,WAVED BLUE FLAG FOR CAR 43 (COL) TIMED AT 15:53:24,2026-08-15T13:04:19.772876Z
1279,11234,2026-03-08T04:53:27+00:00,,35,Other,,,,,FIA STEWARDS: INCIDENT INVOLVING CAR 11 (PER) REVIEWED NO FURTHER INVESTIGATION - IGNORING BLUE FLAGS,2026-08-15T13:04:19.772876Z
1279,11234,2026-03-08T04:53:36+00:00,23.0,35,Flag,BLUE,Driver,,,WAVED BLUE FLAG FOR CAR 23 (ALB) TIMED AT 15:53:36,2026-08-15T13:04:19.772876Z
1279,11234,2026-03-08T04:54:34+00:00,55.0,35,Flag,BLUE,Driver,,,WAVED BLUE FLAG FOR CAR 55 (SAI) TIMED AT 15:54:34,2026-08-15T13:04:19.772876Z
1279,11234,2026-03-08T04:55:18+00:00,18.0,36,Flag,BLUE,Driver,,,WAVED BLUE FLAG FOR CAR 18 (STR) TIMED AT 15:55:17,2026-08-15T13:04:19.772876Z
1279,11234,2026-03-08T04:55:33+00:00,30.0,36,Flag,BLUE,Driver,,,WAVED BLUE FLAG FOR CAR 30 (LAW) TIMED AT 15:55:32,2026-08-15T13:04:19.772876Z
1279,11234,2026-03-08T04:56:10+00:00,11.0,37,Flag,BLUE,Driver,,,WAVED BLUE FLAG FOR CAR 11 (PER) TIMED AT 15:56:10,2026-08-15T13:04:19.772876Z
1279,11234,2026-03-08T04:56:27+00:00,11.0,37,Flag,BLUE,Driver,,,WAVED BLUE FLAG FOR CAR 11 (PER) TIMED AT 15:56:26,2026-08-15T13:04:19.772876Z
1279,11234,2026-03-08T04:56:33+00:00,30.0,37,Flag,BLUE,Driver,,,WAVED BLUE FLAG FOR CAR 30 (LAW) TIMED AT 15:56:33,2026-08-15T13:04:19.772876Z
1279,11234,2026-03-08T04:57:09+00:00,43.0,37,Flag,BLUE,Driver,,,WAVED BLUE FLAG FOR CAR 43 (COL) TIMED AT 15:57:08,2026-08-15T13:04:19.772876Z
1279,11234,2026-03-08T04:57:39+00:00,11.0,38,Flag,BLUE,Driver,,,WAVED BLUE FLAG FOR CAR 11 (PER) TIMED AT 15:57:39,2026-08-15T13:04:19.772876Z
1279,11234,2026-03-08T05:00:05+00:00,23.0,39,Flag,BLUE,Driver,,,WAVED BLUE FLAG FOR CAR 23 (ALB) TIMED AT 16:00:04,2026-08-15T13:04:19.772876Z
1279,11234,2026-03-08T05:01:24+00:00,55.0,40,Flag,BLUE,Driver,,,WAVED BLUE FLAG FOR CAR 55 (SAI) TIMED AT 16:01:23,2026-08-15T13:04:19.772876Z
1279,11234,2026-03-08T05:01:43+00:00,55.0,41,Flag,BLUE,Driver,,,WAVED BLUE FLAG FOR CAR 55 (SAI) TIMED AT 16:01:42,2026-08-15T13:04:19.772876Z
1279,11234,2026-03-08T05:01:58+00:00,43.0,41,Flag,BLUE,Driver,,,WAVED BLUE FLAG FOR CAR 43 (COL) TIMED AT 16:01:57,2026-08-15T13:04:19.772876Z
1279,11234,2026-03-08T05:02:46+00:00,23.0,41,Flag,BLUE,Driver,,,WAVED BLUE FLAG FOR CAR 23 (ALB) TIMED AT 16:02:46,2026-08-15T13:04:19.772876Z
1279,11234,2026-03-08T05:03:10+00:00,11.0,42,Flag,BLUE,Driver,,,WAVED BLUE FLAG FOR CAR 11 (PER) TIMED AT 16:03:10,2026-08-15T13:04:19.772876Z
1279,11234,2026-03-08T05:04:40+00:00,11.0,43,Flag,BLUE,Driver,,,WAVED BLUE FLAG FOR CAR 11 (PER) TIMED AT 16:04:39,2026-08-15T13:04:19.772876Z
1279,11234,2026-03-08T05:07:13+00:00,11.0,45,Flag,BLUE,Driver,,,WAVED BLUE FLAG FOR CAR 11 (PER) TIMED AT 16:07:12,2026-08-15T13:04:19.772876Z
1279,11234,2026-03-08T05:07:53+00:00,31.0,45,Flag,BLUE,Driver,,,WAVED BLUE FLAG FOR CAR 31 (OCO) TIMED AT 16:07:53,2026-08-15T13:04:19.772876Z
1279,11234,2026-03-08T05:08:07+00:00,31.0,45,Flag,BLUE,Driver,,,WAVED BLUE FLAG FOR CAR 31 (OCO) TIMED AT 16:08:06,2026-08-15T13:04:19.772876Z
1279,11234,2026-03-08T05:08:22+00:00,11.0,45,Flag,BLUE,Driver,,,WAVED BLUE FLAG FOR CAR 11 (PER) TIMED AT 16:08:21,2026-08-15T13:04:19.772876Z
1279,11234,2026-03-08T05:08:38+00:00,10.0,46,Flag,BLUE,Driver,,,WAVED BLUE FLAG FOR CAR 10 (GAS) TIMED AT 16:08:37,2026-08-15T13:04:19.772876Z
1279,11234,2026-03-08T05:08:53+00:00,10.0,46,Flag,BLUE,Driver,,,WAVED BLUE FLAG FOR CAR 10 (GAS) TIMED AT 16:08:53,2026-08-15T13:04:19.772876Z
1279,11234,2026-03-08T05:10:34+00:00,55.0,47,Flag,BLUE,Driver,,,WAVED BLUE FLAG FOR CAR 55 (SAI) TIMED AT 16:10:34,2026-08-15T13:04:19.772876Z
1279,11234,2026-03-08T05:11:10+00:00,43.0,47,Flag,BLUE,Driver,,,WAVED BLUE FLAG FOR CAR 43 (COL) TIMED AT 16:11:10,2026-08-15T13:04:19.772876Z
1279,11234,2026-03-08T05:11:12+00:00,31.0,47,Flag,BLUE,Driver,,,WAVED BLUE FLAG FOR CAR 31 (OCO) TIMED AT 16:11:12,2026-08-15T13:04:19.772876Z
1279,11234,2026-03-08T05:11:24+00:00,55.0,48,Flag,BLUE,Driver,,,WAVED BLUE FLAG FOR CAR 55 (SAI) TIMED AT 16:11:24,2026-08-15T13:04:19.772876Z
1279,11234,2026-03-08T05:11:42+00:00,10.0,48,Flag,BLUE,Driver,,,WAVED BLUE FLAG FOR CAR 10 (GAS) TIMED AT 16:11:41,2026-08-15T13:04:19.772876Z
1279,11234,2026-03-08T05:12:39+00:00,43.0,48,Flag,BLUE,Driver,,,WAVED BLUE FLAG FOR CAR 43 (COL) TIMED AT 16:12:39,2026-08-15T13:04:19.772876Z
1279,11234,2026-03-08T05:13:10+00:00,11.0,49,Flag,BLUE,Driver,,,WAVED BLUE FLAG FOR CAR 11 (PER) TIMED AT 16:13:10,2026-08-15T13:04:19.772876Z
1279,11234,2026-03-08T05:14:14+00:00,55.0,50,Flag,BLUE,Driver,,,WAVED BLUE FLAG FOR CAR 55 (SAI) TIMED AT 16:14:14,2026-08-15T13:04:19.772876Z
1279,11234,2026-03-08T05:14:49+00:00,43.0,50,Flag,BLUE,Driver,,,WAVED BLUE FLAG FOR CAR 43 (COL) TIMED AT 16:14:48,2026-08-15T13:04:19.772876Z
1279,11234,2026-03-08T05:15:16+00:00,43.0,50,Flag,BLUE,Driver,,,WAVED BLUE FLAG FOR CAR 43 (COL) TIMED AT 16:15:16,2026-08-15T13:04:19.772876Z
1279,11234,2026-03-08T05:16:17+00:00,31.0,51,Flag,BLUE,Driver,,,WAVED BLUE FLAG FOR CAR 31 (OCO) TIMED AT 16:16:16,2026-08-15T13:04:19.772876Z
1279,11234,2026-03-08T05:16:31+00:00,31.0,51,Flag,BLUE,Driver,,,WAVED BLUE FLAG FOR CAR 31 (OCO) TIMED AT 16:16:31,2026-08-15T13:04:19.772876Z
1279,11234,2026-03-08T05:16:55+00:00,5.0,52,Flag,BLUE,Driver,,,WAVED BLUE FLAG FOR CAR 5 (BOR) TIMED AT 16:16:54,2026-08-15T13:04:19.772876Z
1279,11234,2026-03-08T05:17:14+00:00,31.0,52,Flag,BLUE,Driver,,,WAVED BLUE FLAG FOR CAR 31 (OCO) TIMED AT 16:17:14,2026-08-15T13:04:19.772876Z
1279,11234,2026-03-08T05:17:16+00:00,10.0,52,Flag,BLUE,Driver,,,WAVED BLUE FLAG FOR CAR 10 (GAS) TIMED AT 16:17:15,2026-08-15T13:04:19.772876Z
1279,11234,2026-03-08T05:18:20+00:00,10.0,53,Flag,BLUE,Driver,,,WAVED BLUE FLAG FOR CAR 10 (GAS) TIMED AT 16:18:19,2026-08-15T13:04:19.772876Z
1279,11234,2026-03-08T05:18:26+00:00,10.0,53,Flag,BLUE,Driver,,,WAVED BLUE FLAG FOR CAR 10 (GAS) TIMED AT 16:18:25,2026-08-15T13:04:19.772876Z
1279,11234,2026-03-08T05:19:24+00:00,43.0,53,Flag,BLUE,Driver,,,WAVED BLUE FLAG FOR CAR 43 (COL) TIMED AT 16:19:24,2026-08-15T13:04:19.772876Z
1279,11234,2026-03-08T05:19:30+00:00,43.0,53,Flag,BLUE,Driver,,,WAVED BLUE FLAG FOR CAR 43 (COL) TIMED AT 16:19:30,2026-08-15T13:04:19.772876Z
1279,11234,2026-03-08T05:19:58+00:00,41.0,54,Flag,BLUE,Driver,,,WAVED BLUE FLAG FOR CAR 41 (LIN) TIMED AT 16:19:57,2026-08-15T13:04:19.772876Z
1279,11234,2026-03-08T05:20:18+00:00,5.0,54,Flag,BLUE,Driver,,,WAVED BLUE FLAG FOR CAR 5 (BOR) TIMED AT 16:20:18,2026-08-15T13:04:19.772876Z
1279,11234,2026-03-08T05:21:07+00:00,43.0,55,Flag,BLUE,Driver,,,WAVED BLUE FLAG FOR CAR 43 (COL) TIMED AT 16:21:07,2026-08-15T13:04:19.772876Z
1279,11234,2026-03-08T05:21:17+00:00,43.0,55,Flag,BLUE,Driver,,,WAVED BLUE FLAG FOR CAR 43 (COL) TIMED AT 16:21:16,2026-08-15T13:04:19.772876Z
1279,11234,2026-03-08T05:21:21+00:00,41.0,55,Flag,BLUE,Driver,,,WAVED BLUE FLAG FOR CAR 41 (LIN) TIMED AT 16:21:21,2026-08-15T13:04:19.772876Z
1279,11234,2026-03-08T05:21:50+00:00,43.0,55,Flag,BLUE,Driver,,,WAVED BLUE FLAG FOR CAR 43 (COL) TIMED AT 16:21:49,2026-08-15T13:04:19.772876Z
1279,11234,2026-03-08T05:23:00+00:00,,56,Other,,,,,CAR 55 (SAI) TIME 1:27.961 DELETED - TRACK LIMITS AT TURN 3 LAP 53 16:21:48,2026-08-15T13:04:19.772876Z
1279,11234,2026-03-08T05:24:30+00:00,87.0,57,Flag,BLUE,Driver,,,WAVED BLUE FLAG FOR CAR 87 (BEA) TIMED AT 16:24:29,2026-08-15T13:04:19.772876Z
1279,11234,2026-03-08T05:24:48+00:00,30.0,57,Flag,BLUE,Driver,,,WAVED BLUE FLAG FOR CAR 30 (LAW) TIMED AT 16:24:47,2026-08-15T13:04:19.772876Z
1279,11234,2026-03-08T05:24:54+00:00,11.0,57,Flag,BLUE,Driver,,,WAVED BLUE FLAG FOR CAR 11 (PER) TIMED AT 16:24:53,2026-08-15T13:04:19.772876Z
1279,11234,2026-03-08T05:25:22+00:00,23.0,58,Flag,BLUE,Driver,,,WAVED BLUE FLAG FOR CAR 23 (ALB) TIMED AT 16:25:22,2026-08-15T13:04:19.772876Z
1279,11234,2026-03-08T05:25:23+00:00,11.0,58,Flag,BLUE,Driver,,,WAVED BLUE FLAG FOR CAR 11 (PER) TIMED AT 16:25:22,2026-08-15T13:04:19.772876Z
1279,11234,2026-03-08T05:25:51+00:00,30.0,58,Flag,BLUE,Driver,,,WAVED BLUE FLAG FOR CAR 30 (LAW) TIMED AT 16:25:50,2026-08-15T13:04:19.772876Z
1279,11234,2026-03-08T05:26:05+00:00,87.0,58,Flag,BLUE,Driver,,,WAVED BLUE FLAG FOR CAR 87 (BEA) TIMED AT 16:26:04,2026-08-15T13:04:19.772876Z
1279,11234,2026-03-08T05:26:07+00:00,23.0,58,Flag,BLUE,Driver,,,WAVED BLUE FLAG FOR CAR 23 (ALB) TIMED AT 16:26:06,2026-08-15T13:04:19.772876Z
1279,11234,2026-03-08T05:26:19+00:00,11.0,58,Flag,BLUE,Driver,,,WAVED BLUE FLAG FOR CAR 11 (PER) TIMED AT 16:26:18,2026-08-15T13:04:19.772876Z
1279,11234,2026-03-08T05:26:33+00:00,,58,Flag,CHEQUERED,Track,,,CHEQUERED FLAG,2026-08-15T13:04:19.772876Z
1279,11234,2026-03-08T05:26:33.400000+00:00,,58,SessionStatus,,,,,SESSION FINISHED,2026-08-15T13:04:19.772876Z
1279,11234,2026-03-08T05:29:56+00:00,,58,Other,,,,,ALL PASS HOLDERS MAY ACCESS THE PIT LANE,2026-08-15T13:04:19.772876Z
1279,11234,2026-03-08T05:32:13+00:00,,58,Flag,DOUBLE YELLOW,Sector,19.0,,DOUBLE YELLOW IN TRACK SECTOR 19,2026-08-15T13:04:19.772876Z
1279,11234,2026-03-08T05:33:37+00:00,,58,Flag,CLEAR,Sector,19.0,,CLEAR IN TRACK SECTOR 19,2026-08-15T13:04:19.772876Z
1280,11236,2026-03-13T07:30:00+00:00,,,Flag,GREEN,Track,,1.0,GREEN LIGHT - PIT EXIT OPEN,2026-08-15T13:05:10.548186Z
1280,11236,2026-03-13T07:30:00.232000+00:00,,,SessionStatus,,,,1.0,SESSION STARTED,2026-08-15T13:05:10.548186Z
1280,11236,2026-03-13T07:35:31+00:00,,,Other,,,,,CAR 18 (STR) TIME 1:38.378 DELETED - TRACK LIMITS AT TURN 9 LAP 3 15:33:33,2026-08-15T13:05:10.548186Z
1280,11236,2026-03-13T07:39:54+00:00,,,Other,,,,,CAR 5 (BOR) TIME 1:38.344 DELETED - TRACK LIMITS AT TURN 16 LAP 6 15:39:17,2026-08-15T13:05:10.548186Z
1280,11236,2026-03-13T07:41:56+00:00,,,Other,,,,,CAR 87 (BEA) TIME 1:35.160 DELETED - TRACK LIMITS AT TURN 16 LAP 7 15:41:31,2026-08-15T13:05:10.548186Z
1280,11236,2026-03-13T07:42:00+00:00,,,Flag,CHEQUERED,Track,,1.0,CHEQUERED FLAG,2026-08-15T13:05:10.548186Z
1280,11236,2026-03-13T07:42:00.270000+00:00,,,SessionStatus,,,,1.0,SESSION FINISHED,2026-08-15T13:05:10.548186Z
1280,11236,2026-03-13T07:42:10+00:00,,,Other,,,,,FIRST CAR TO TAKE THE FLAG - CAR 10 (GAS),2026-08-15T13:05:10.548186Z
1280,11236,2026-03-13T07:44:40+00:00,,,Flag,DOUBLE YELLOW,Sector,11.0,1.0,DOUBLE YELLOW IN TRACK SECTOR 11,2026-08-15T13:05:10.548186Z
1280,11236,2026-03-13T07:44:58+00:00,,,Flag,DOUBLE YELLOW,Sector,19.0,1.0,DOUBLE YELLOW IN TRACK SECTOR 19,2026-08-15T13:05:10.548186Z
1280,11236,2026-03-13T07:45:28+00:00,,,Other,,,,,"FIA STEWARDS: SQ1 INCIDENT INVOLVING CARS 18 (STR), 44 (HAM), 30 (LAW), 41 (LIN), 55 (SAI) AND 23 (ALB) NOTED - FAILING TO FOLLOW RACE DIRECTORS INSTRUCTIONS - MAXIMUM DELTA TIME",2026-08-15T13:05:10.548186Z
1280,11236,2026-03-13T07:45:35+00:00,,,Flag,CLEAR,Sector,11.0,1.0,CLEAR IN TRACK SECTOR 11,2026-08-15T13:05:10.548186Z
1280,11236,2026-03-13T07:45:41+00:00,,,Other,,,,,"FIA STEWARDS: SQ1 INCIDENT INVOLVING CARS 18 (STR), 44 (HAM), 30 (LAW), 41 (LIN), 55 (SAI) AND 23 (ALB) WILL BE INVESTIGATED AFTER THE SESSION - FAILING TO FOLLOW RACE DIRECTORS INSTRUCTIONS - MAXIMUM DELTA TIME",2026-08-15T13:05:10.548186Z
1280,11236,2026-03-13T07:46:13+00:00,,,Flag,CLEAR,Sector,19.0,1.0,CLEAR IN TRACK SECTOR 19,2026-08-15T13:05:10.548186Z
1280,11236,2026-03-13T07:49:00+00:00,,,Flag,GREEN,Track,,2.0,GREEN LIGHT - PIT EXIT OPEN,2026-08-15T13:05:10.548186Z
1280,11236,2026-03-13T07:49:00.238000+00:00,,,SessionStatus,,,,2.0,SESSION STARTED,2026-08-15T13:05:10.548186Z
1280,11236,2026-03-13T07:56:43+00:00,,,Other,,,,,TURN 1 INCIDENT INVOLVING CARS 12 (ANT) AND 1 (NOR) NOTED - IMPEDING,2026-08-15T13:05:10.548186Z
1280,11236,2026-03-13T07:58:05+00:00,,,Other,,,,,CAR 3 (VER) TIME 1:37.553 DELETED - TRACK LIMITS AT TURN 16 LAP 12 15:57:12,2026-08-15T13:05:10.548186Z
1280,11236,2026-03-13T07:58:53+00:00,,,Other,,,,,TURN 14 INCIDENT INVOLVING CARS 10 (GAS) AND 3 (VER) NOTED - IMPEDING,2026-08-15T13:05:10.548186Z
1280,11236,2026-03-13T07:59:00+00:00,,,Flag,CHEQUERED,Track,,2.0,CHEQUERED FLAG,2026-08-15T13:05:10.548186Z
1280,11236,2026-03-13T07:59:00.269000+00:00,,,SessionStatus,,,,2.0,SESSION FINISHED,2026-08-15T13:05:10.548186Z
1280,11236,2026-03-13T07:59:15+00:00,,,Other,,,,,FIA STEWARDS: TURN 1 INCIDENT INVOLVING CARS 12 (ANT) AND 1 (NOR) WILL BE INVESTIGATED AFTER THE SESSION - IMPEDING,2026-08-15T13:05:10.548186Z
1280,11236,2026-03-13T07:59:19+00:00,,,Other,,,,,FIRST CAR TO TAKE THE FLAG - CAR 43 (COL),2026-08-15T13:05:10.548186Z
1280,11236,2026-03-13T08:01:02+00:00,,,Flag,DOUBLE YELLOW,Sector,11.0,2.0,DOUBLE YELLOW IN TRACK SECTOR 11,2026-08-15T13:05:10.548186Z
1280,11236,2026-03-13T08:01:31+00:00,,,Flag,DOUBLE YELLOW,Sector,19.0,2.0,DOUBLE YELLOW IN TRACK SECTOR 19,2026-08-15T13:05:10.548186Z
1280,11236,2026-03-13T08:01:50+00:00,,,Other,,,,,"FIA STEWARDS: SQ2 INCIDENT INVOLVING CARS 12 (ANT), 5 (BOR) AND 63 (RUS) NOTED - FAILING TO FOLLOW RACE DIRECTORS INSTRUCTIONS - MAXIMUM DELTA TIME",2026-08-15T13:05:10.548186Z
1280,11236,2026-03-13T08:02:02+00:00,,,Other,,,,,"FIA STEWARDS: SQ2 INCIDENT INVOLVING CARS 12 (ANT), 5 (BOR) AND 63 (RUS) WILL BE INVESTIGATED AFTER THE SESSION - FAILING TO FOLLOW RACE DIRECTORS INSTRUCTIONS - MAXIMUM DELTA TIME",2026-08-15T13:05:10.548186Z
1280,11236,2026-03-13T08:02:39+00:00,,,Flag,CLEAR,Sector,11.0,2.0,CLEAR IN TRACK SECTOR 11,2026-08-15T13:05:10.548186Z
1280,11236,2026-03-13T08:03:51+00:00,,,Flag,CLEAR,Sector,19.0,2.0,CLEAR IN TRACK SECTOR 19,2026-08-15T13:05:10.548186Z
1280,11236,2026-03-13T08:04:15+00:00,,,Other,,,,,FIA STEWARDS: TURN 14 INCIDENT INVOLVING CARS 10 (GAS) AND 3 (VER) WILL BE INVESTIGATED AFTER THE SESSION - IMPEDING,2026-08-15T13:05:10.548186Z
1280,11236,2026-03-13T08:06:00+00:00,,,Flag,GREEN,Track,,3.0,GREEN LIGHT - PIT EXIT OPEN,2026-08-15T13:05:10.548186Z
1280,11236,2026-03-13T08:06:00.232000+00:00,,,SessionStatus,,,,3.0,SESSION STARTED,2026-08-15T13:05:10.548186Z
1280,11236,2026-03-13T08:14:00+00:00,,,Flag,CHEQUERED,Track,,3.0,CHEQUERED FLAG,2026-08-15T13:05:10.548186Z
1280,11236,2026-03-13T08:14:00.238000+00:00,,,SessionStatus,,,,3.0,SESSION FINISHED,2026-08-15T13:05:10.548186Z
1280,11236,2026-03-13T08:14:07+00:00,,,Other,,,,,FIRST CAR TO TAKE THE FLAG - CAR 44 (HAM),2026-08-15T13:05:10.548186Z
1280,11236,2026-03-13T08:17:14+00:00,,,Other,,,,,FIA STEWARDS: SQ3 INCIDENT INVOLVING CAR 44 (HAM) NOTED - FAILING TO FOLLOW RACE DIRECTORS INSTRUCTIONS - MAXIMUM DELTA TIME,2026-08-15T13:05:10.548186Z
1280,11236,2026-03-13T08:17:24+00:00,,,Other,,,,,FIA STEWARDS: SQ3 INCIDENT INVOLVING CAR 44 (HAM) WILL BE INVESTIGATED AFTER THE SESSION - FAILING TO FOLLOW RACE DIRECTORS INSTRUCTIONS - MAXIMUM DELTA TIME,2026-08-15T13:05:10.548186Z
1280,11236,2026-03-13T08:17:39+00:00,,,Other,,,,,"FIA STEWARDS: SQ1 INCIDENT INVOLVING CARS 18 (STR), 44 (HAM), 30 (LAW), 41 (LIN), 55 (SAI) AND 23 (ALB) NO FURTHER ACTION - FAILING TO FOLLOW RACE DIRECTORS INSTRUCTIONS - MAXIMUM DELTA TIME",2026-08-15T13:05:10.548186Z
1280,11236,2026-03-13T08:17:43+00:00,,,Other,,,,,"FIA STEWARDS: SQ2 INCIDENT INVOLVING CARS 12 (ANT), 5 (BOR) AND 63 (RUS) NO FURTHER ACTION - FAILING TO FOLLOW RACE DIRECTORS INSTRUCTIONS - MAXIMUM DELTA TIME",2026-08-15T13:05:10.548186Z
1280,11236,2026-03-13T08:17:46+00:00,,,Other,,,,,FIA STEWARDS: SQ3 INCIDENT INVOLVING CAR 44 (HAM) NO FURTHER ACTION - FAILING TO FOLLOW RACE DIRECTORS INSTRUCTIONS - MAXIMUM DELTA TIME,2026-08-15T13:05:10.548186Z
1280,11236,2026-03-13T08:18:35+00:00,,,Flag,DOUBLE YELLOW,Sector,11.0,3.0,DOUBLE YELLOW IN TRACK SECTOR 11,2026-08-15T13:05:10.548186Z
1280,11236,2026-03-13T08:18:35+00:00,,,Flag,DOUBLE YELLOW,Sector,19.0,3.0,DOUBLE YELLOW IN TRACK SECTOR 19,2026-08-15T13:05:10.548186Z
1280,11236,2026-03-13T08:19:53+00:00,,,Flag,CLEAR,Sector,19.0,3.0,CLEAR IN TRACK SECTOR 19,2026-08-15T13:05:10.548186Z
1280,11240,2026-03-14T02:30:00+00:00,,0,Flag,GREEN,Track,,,GREEN LIGHT - PIT EXIT OPEN,2026-08-15T13:05:19.053538Z
1280,11240,2026-03-14T02:33:55+00:00,,0,Other,,,,,INCIDENT INVOLVING CAR 6 (HAD) NOTED - FAILING TO FOLLOW RACE DIRECTORS INSTRUCTIONS – PRACTICE START INFRINGEMENT,2026-08-15T13:05:19.053538Z
1280,11240,2026-03-14T02:35:00+00:00,,0,Other,,,,,PIT EXIT CLOSED,2026-08-15T13:05:19.053538Z
1280,11240,2026-03-14T02:35:54+00:00,,0,Other,,,,,FIA STEWARDS: INCIDENT INVOLVING CAR 6 (HAD) WILL BE INVESTIGATED AFTER THE SPRINT - FAILING TO FOLLOW RACE DIRECTORS INSTRUCTIONS – PRACTICE START INFRINGEMENT,2026-08-15T13:05:19.053538Z
1280,11240,2026-03-14T02:36:38+00:00,,0,Flag,YELLOW,Sector,8.0,,YELLOW IN TRACK SECTOR 8,2026-08-15T13:05:19.053538Z
1280,11240,2026-03-14T02:36:46+00:00,,0,Flag,DOUBLE YELLOW,Sector,8.0,,DOUBLE YELLOW IN TRACK SECTOR 8,2026-08-15T13:05:19.053538Z
1280,11240,2026-03-14T02:36:59+00:00,,0,Flag,CLEAR,Sector,8.0,,CLEAR IN TRACK SECTOR 8,2026-08-15T13:05:19.053538Z
1280,11240,2026-03-14T02:37:40+00:00,,0,Flag,DOUBLE YELLOW,Sector,8.0,,DOUBLE YELLOW IN TRACK SECTOR 8,2026-08-15T13:05:19.053538Z
1280,11240,2026-03-14T02:37:42+00:00,,0,Flag,DOUBLE YELLOW,Sector,6.0,,DOUBLE YELLOW IN TRACK SECTOR 6,2026-08-15T13:05:19.053538Z
1280,11240,2026-03-14T02:37:46+00:00,,0,Flag,CLEAR,Sector,6.0,,CLEAR IN TRACK SECTOR 6,2026-08-15T13:05:19.053538Z
1280,11240,2026-03-14T02:37:49+00:00,,0,Flag,CLEAR,Sector,8.0,,CLEAR IN TRACK SECTOR 8,2026-08-15T13:05:19.053538Z
1280,11240,2026-03-14T02:38:18+00:00,,0,Other,,,,,INCIDENT INVOLVING CAR 10 (GAS) NOTED - UNSAFE CONDITION,2026-08-15T13:05:19.053538Z
1280,11240,2026-03-14T02:38:29+00:00,,0,Other,,,,,FIA STEWARDS: INCIDENT INVOLVING CAR 10 (GAS) WILL BE INVESTIGATED AFTER THE SPRINT - UNSAFE CONDITION,2026-08-15T13:05:19.053538Z
1280,11240,2026-03-14T02:45:52+00:00,,0,Other,,,,,RISK OF RAIN FOR THE F1 SPRINT IS 0%,2026-08-15T13:05:19.053538Z
1280,11240,2026-03-14T02:57:03+00:00,,0,Other,,,,,OVERTAKE DISABLED,2026-08-15T13:05:19.053538Z
1280,11240,2026-03-14T03:03:53.832000+00:00,,0,SessionStatus,,,,,SESSION STARTED,2026-08-15T13:05:19.053538Z
1280,11240,2026-03-14T03:03:54+00:00,,0,Flag,GREEN,Track,,,GREEN LIGHT - PIT EXIT OPEN,2026-08-15T13:05:19.053538Z
1280,11240,2026-03-14T03:05:06+00:00,,0,Flag,DOUBLE YELLOW,Sector,13.0,,DOUBLE YELLOW IN TRACK SECTOR 13,2026-08-15T13:05:19.053538Z
1280,11240,2026-03-14T03:05:14+00:00,,0,Flag,CLEAR,Sector,13.0,,CLEAR IN TRACK SECTOR 13,2026-08-15T13:05:19.053538Z
1280,11240,2026-03-14T03:05:26+00:00,,0,Other,,,,,OVERTAKE ENABLED,2026-08-15T13:05:19.053538Z
1280,11240,2026-03-14T03:06:07+00:00,,2,Other,,,,,TURN 6 INCIDENT INVOLVING CARS 6 (HAD) AND 12 (ANT) NOTED - CAUSING A COLLISION,2026-08-15T13:05:19.053538Z
1280,11240,2026-03-14T03:06:19+00:00,,2,Other,,,,,FIA STEWARDS: TURN 6 INCIDENT INVOLVING CARS 6 (HAD) AND 12 (ANT) UNDER INVESTIGATION - CAUSING A COLLISION,2026-08-15T13:05:19.053538Z
1280,11240,2026-03-14T03:11:36+00:00,,5,Other,,,,,TRACK SURFACE SLIPPERY IN TRACK SECTOR 12,2026-08-15T13:05:19.053538Z
1280,11240,2026-03-14T03:12:22+00:00,,6,Flag,CLEAR,Sector,12.0,,CLEAR IN TRACK SECTOR 12,2026-08-15T13:05:19.053538Z
1280,11240,2026-03-14T03:14:26+00:00,,7,Other,,,,,FIA STEWARDS: 10 SECOND TIME PENALTY FOR CAR 12 (ANT) - CAUSING A COLLISION,2026-08-15T13:05:19.053538Z
1280,11240,2026-03-14T03:24:20+00:00,,13,Flag,YELLOW,Sector,1.0,,YELLOW IN TRACK SECTOR 1,2026-08-15T13:05:19.053538Z
1280,11240,2026-03-14T03:24:51+00:00,,13,SafetyCar,,,,,SAFETY CAR DEPLOYED,2026-08-15T13:05:19.053538Z
1280,11240,2026-03-14T03:26:11+00:00,,14,Other,,,,,RECOVERY VEHICLE ON TRACK AT TURN 1,2026-08-15T13:05:19.053538Z
1280,11240,2026-03-14T03:26:26+00:00,,14,Flag,DOUBLE YELLOW,Sector,1.0,,DOUBLE YELLOW IN TRACK SECTOR 1,2026-08-15T13:05:19.053538Z
1280,11240,2026-03-14T03:28:17+00:00,,15,Other,,,,,CAR 3 (VER) LAP DELETED - TRACK LIMITS AT TURN 6 LAP 13 11:24:28 (PIT),2026-08-15T13:05:19.053538Z
1280,11240,2026-03-14T03:28:37+00:00,,15,Other,,,,,FIA STEWARDS: PENALTY SERVED - 10 SECOND TIME PENALTY FOR CAR 12 (ANT) - CAUSING A COLLISION,2026-08-15T13:05:19.053538Z
1280,11240,2026-03-14T03:30:33+00:00,,16,Other,,,,,INCIDENT INVOLVING CAR 11 (PER) NOTED - SAFETY CAR INFRINGEMENT,2026-08-15T13:05:19.053538Z
1280,11240,2026-03-14T03:31:05+00:00,,16,SafetyCar,,,,,SAFETY CAR IN THIS LAP,2026-08-15T13:05:19.053538Z
1280,11240,2026-03-14T03:31:25+00:00,,16,Flag,CLEAR,Sector,1.0,,CLEAR IN TRACK SECTOR 1,2026-08-15T13:05:19.053538Z
1280,11240,2026-03-14T03:32:30+00:00,,16,Flag,CLEAR,Track,,,TRACK CLEAR,2026-08-15T13:05:19.053538Z
1280,11240,2026-03-14T03:32:59+00:00,,17,Other,,,,,OVERTAKE ENABLED,2026-08-15T13:05:19.053538Z
1280,11240,2026-03-14T03:34:15+00:00,,17,Other,,,,,INCIDENT INVOLVING CARS 81 (PIA) AND 12 (ANT) NOTED - SAFETY CAR INFRINGEMENT,2026-08-15T13:05:19.053538Z
1280,11240,2026-03-14T03:34:35+00:00,,18,Other,,,,,FIA STEWARDS: 5 SECOND TIME PENALTY FOR CAR 11 (PER) - SAFETY CAR INFRINGEMENT,2026-08-15T13:05:19.053538Z
1280,11240,2026-03-14T03:36:44+00:00,,19,Other,,,,,FIA STEWARDS: INCIDENT INVOLVING CARS 81 (PIA) AND 12 (ANT) REVIEWED NO FURTHER INVESTIGATION - SAFETY CAR INFRINGEMENT,2026-08-15T13:05:19.053538Z
1280,11240,2026-03-14T03:37:33+00:00,,19,Flag,CHEQUERED,Track,,,CHEQUERED FLAG,2026-08-15T13:05:19.053538Z
1280,11240,2026-03-14T03:37:33.065000+00:00,,19,SessionStatus,,,,,SESSION FINISHED,2026-08-15T13:05:19.053538Z
1280,11240,2026-03-14T03:39:02+00:00,,19,Other,,,,,TRACK SURFACE SLIPPERY IN TRACK SECTOR 16,2026-08-15T13:05:19.053538Z
1280,11240,2026-03-14T03:40:55+00:00,,19,Flag,CLEAR,Sector,16.0,,CLEAR IN TRACK SECTOR 16,2026-08-15T13:05:19.053538Z
1280,11240,2026-03-14T03:42:44+00:00,,19,Flag,DOUBLE YELLOW,Sector,16.0,,DOUBLE YELLOW IN TRACK SECTOR 16,2026-08-15T13:05:19.053538Z
1280,11240,2026-03-14T03:42:44+00:00,,19,Flag,DOUBLE YELLOW,Sector,6.0,,DOUBLE YELLOW IN TRACK SECTOR 6,2026-08-15T13:05:19.053538Z
1280,11240,2026-03-14T03:43:19+00:00,,19,Flag,CLEAR,Sector,6.0,,CLEAR IN TRACK SECTOR 6,2026-08-15T13:05:19.053538Z
1280,11240,2026-03-14T03:43:30+00:00,,19,Flag,DOUBLE YELLOW,Sector,19.0,,DOUBLE YELLOW IN TRACK SECTOR 19,2026-08-15T13:05:19.053538Z
1280,11240,2026-03-14T03:44:26+00:00,,19,Flag,CLEAR,Sector,19.0,,CLEAR IN TRACK SECTOR 19,2026-08-15T13:05:19.053538Z
1280,11240,2026-03-14T03:44:29+00:00,,19,Flag,CLEAR,Sector,16.0,,CLEAR IN TRACK SECTOR 16,2026-08-15T13:05:19.053538Z
1280,11240,2026-03-14T03:49:08+00:00,,19,Flag,DOUBLE YELLOW,Sector,14.0,,DOUBLE YELLOW IN TRACK SECTOR 14,2026-08-15T13:05:19.053538Z
1280,11240,2026-03-14T03:49:31+00:00,,19,Flag,CLEAR,Sector,14.0,,CLEAR IN TRACK SECTOR 14,2026-08-15T13:05:19.053538Z
1281,11246,2026-03-27T02:16:09+00:00,,,Other,,,,,PINK HEAD PADDING MATERIAL MUST BE USED,2026-08-15T13:06:21.712388Z
1281,11246,2026-03-27T02:16:45+00:00,,,Other,,,,,RISK OF RAIN FOR F1 FREE PRACTICE 1 IS 0%,2026-08-15T13:06:21.712388Z
1281,11246,2026-03-27T02:27:58+00:00,,,SafetyCar,,,,,VSC DEPLOYED,2026-08-15T13:06:21.712388Z
1281,11246,2026-03-27T02:28:02+00:00,,,Flag,DOUBLE YELLOW,Sector,2.0,,DOUBLE YELLOW IN TRACK SECTOR 2,2026-08-15T13:06:21.712388Z
1281,11246,2026-03-27T02:28:04+00:00,,,Flag,DOUBLE YELLOW,Sector,3.0,,DOUBLE YELLOW IN TRACK SECTOR 3,2026-08-15T13:06:21.712388Z
1281,11246,2026-03-27T02:30:00.154000+00:00,,,SessionStatus,,,,,SESSION STARTED,2026-08-15T13:06:21.712388Z
1281,11246,2026-03-27T02:30:00+00:00,,,Flag,GREEN,Track,,,GREEN LIGHT - PIT EXIT OPEN,2026-08-15T13:06:21.712388Z
1281,11246,2026-03-27T02:30:22+00:00,,,Flag,CLEAR,Sector,2.0,,CLEAR IN TRACK SECTOR 2,2026-08-15T13:06:21.712388Z
1281,11246,2026-03-27T02:30:23+00:00,,,Flag,CLEAR,Sector,3.0,,CLEAR IN TRACK SECTOR 3,2026-08-15T13:06:21.712388Z
1281,11246,2026-03-27T02:30:41+00:00,,,SafetyCar,,,,,VSC ENDING,2026-08-15T13:06:21.712388Z
1281,11246,2026-03-27T02:30:54+00:00,,,Flag,CLEAR,Track,,,TRACK CLEAR,2026-08-15T13:06:21.712388Z
1281,11246,2026-03-27T02:41:26+00:00,,,Other,,,,,CAR 41 (LIN) TIME 1:36.978 DELETED - TRACK LIMITS AT TURN 13 LAP 5 11:37:35,2026-08-15T13:06:21.712388Z
1281,11246,2026-03-27T02:55:36+00:00,,,Other,,,,,CAR 1 (NOR) TIME 1:34.595 DELETED - TRACK LIMITS AT TURN 14 LAP 4 11:54:50,2026-08-15T13:06:21.712388Z
1281,11246,2026-03-27T02:59:46+00:00,,,Other,,,,,CAR 63 (RUS) TIME 1:32.084 DELETED - TRACK LIMITS AT TURN 14 LAP 13 11:59:05,2026-08-15T13:06:21.712388Z
1281,11246,2026-03-27T03:02:25+00:00,,,Other,,,,,CAR 41 (LIN) TIME 1:44.059 DELETED - TRACK LIMITS AT TURN 13 LAP 16 12:01:35,2026-08-15T13:06:21.712388Z
1281,11246,2026-03-27T03:03:25+00:00,,,Other,,,,,CAR 30 (LAW) TIME 1:42.669 DELETED - TRACK LIMITS AT TURN 14 LAP 14 12:01:19,2026-08-15T13:06:21.712388Z
1281,11246,2026-03-27T03:04:41+00:00,,,Other,,,,,CAR 23 (ALB) LAP DELETED - TRACK LIMITS AT TURN 9 LAP 14 12:03:22 (PIT),2026-08-15T13:06:21.712388Z
1281,11246,2026-03-27T03:08:16+00:00,,,Other,,,,,CAR 55 (SAI) TIME 2:13.265 DELETED - TRACK LIMITS AT TURN 9 LAP 13 12:06:35,2026-08-15T13:06:21.712388Z
1281,11246,2026-03-27T03:09:20+00:00,,,Other,,,,,CAR 16 (LEC) TIME 1:47.813 DELETED - TRACK LIMITS AT TURN 13 LAP 14 12:07:26,2026-08-15T13:06:21.712388Z
1281,11246,2026-03-27T03:24:12+00:00,,,Other,,,,,TRACK SURFACE SLIPPERY IN TRACK SECTOR 11,2026-08-15T13:06:21.712388Z
1281,11246,2026-03-27T03:24:15+00:00,,,Other,,,,,TRACK SURFACE SLIPPERY IN TRACK SECTOR 28,2026-08-15T13:06:21.712388Z
1281,11246,2026-03-27T03:24:17+00:00,,,Flag,CLEAR,Sector,11.0,,CLEAR IN TRACK SECTOR 11,2026-08-15T13:06:21.712388Z
1281,11246,2026-03-27T03:25:14+00:00,,,Other,,,,,TURN 16 INCIDENT INVOLVING CARS 23 (ALB) AND 11 (PER) NOTED - CAUSING A COLLISION,2026-08-15T13:06:21.712388Z
1281,11246,2026-03-27T03:25:34+00:00,,,Other,,,,,TURN 10 INCIDENT INVOLVING CARS 55 (SAI) AND 30 (LAW) NOTED,2026-08-15T13:06:21.712388Z
1281,11246,2026-03-27T03:26:37+00:00,,,Other,,,,,CAR 81 (PIA) TIME 7:14.192 DELETED - TRACK LIMITS AT TURN 17 LAP 18 12:24:18,2026-08-15T13:06:21.712388Z
1281,11246,2026-03-27T03:26:46+00:00,,,Other,,,,,FIA STEWARDS: TURN 10 INCIDENT INVOLVING CARS 55 (SAI) AND 30 (LAW) WILL BE INVESTIGATED AFTER THE SESSION,2026-08-15T13:06:21.712388Z
1281,11246,2026-03-27T03:26:53+00:00,,,Other,,,,,FIA STEWARDS: TURN 16 INCIDENT INVOLVING CARS 23 (ALB) AND 11 (PER) WILL BE INVESTIGATED AFTER THE SESSION - CAUSING A COLLISION,2026-08-15T13:06:21.712388Z
1281,11246,2026-03-27T03:27:12+00:00,,,Flag,CLEAR,Sector,28.0,,CLEAR IN TRACK SECTOR 28,2026-08-15T13:06:21.712388Z
1281,11246,2026-03-27T03:30:00.150000+00:00,,,SessionStatus,,,,,SESSION FINISHED,2026-08-15T13:06:21.712388Z
1281,11246,2026-03-27T03:30:00+00:00,,,Flag,CHEQUERED,Track,,,CHEQUERED FLAG,2026-08-15T13:06:21.712388Z
1281,11246,2026-03-27T03:30:19+00:00,,,Other,,,,,FIRST CAR TO TAKE THE FLAG - CAR 41 (LIN),2026-08-15T13:06:21.712388Z
1281,11246,2026-03-27T03:33:36+00:00,,,Other,,,,,TURN 15 INCIDENT INVOLVING CARS 44 (HAM) AND 3 (VER) NOTED,2026-08-15T13:06:21.712388Z
1281,11246,2026-03-27T03:34:16+00:00,,,Other,,,,,CAR 3 (VER) TIME 1:37.698 DELETED - TRACK LIMITS AT TURN 13 LAP 23 12:26:07,2026-08-15T13:06:21.712388Z
1281,11246,2026-03-27T03:34:24+00:00,,,Other,,,,,CAR 16 (LEC) TIME 1:50.679 DELETED - TRACK LIMITS AT TURN 9 LAP 13 12:05:13,2026-08-15T13:06:21.712388Z
1281,11246,2026-03-27T03:34:32+00:00,,,Other,,,,,CAR 23 (ALB) LAP DELETED - TRACK LIMITS AT TURN 17 LAP 20 12:23:05 (PIT),2026-08-15T13:06:21.712388Z
1281,11246,2026-03-27T03:34:38+00:00,,,Other,,,,,CAR 11 (PER) LAP DELETED - TRACK LIMITS AT TURN 17 LAP 19 12:22:58 (PIT),2026-08-15T13:06:21.712388Z
1281,11246,2026-03-27T03:37:50+00:00,,,Other,,,,,FIA STEWARDS: TURN 15 INCIDENT INVOLVING CARS 44 (HAM) AND 3 (VER) WILL BE INVESTIGATED AFTER THE SESSION,2026-08-15T13:06:21.712388Z
1281,11246,2026-03-27T03:37:55+00:00,,,Flag,DOUBLE YELLOW,Sector,6.0,,DOUBLE YELLOW IN TRACK SECTOR 6,2026-08-15T13:06:21.712388Z
1281,11246,2026-03-27T03:37:55+00:00,,,Flag,DOUBLE YELLOW,Sector,28.0,,DOUBLE YELLOW IN TRACK SECTOR 28,2026-08-15T13:06:21.712388Z
1281,11246,2026-03-27T03:37:56+00:00,,,Flag,DOUBLE YELLOW,Sector,4.0,,DOUBLE YELLOW IN TRACK SECTOR 4,2026-08-15T13:06:21.712388Z
1281,11246,2026-03-27T03:37:57+00:00,,,Flag,DOUBLE YELLOW,Sector,12.0,,DOUBLE YELLOW IN TRACK SECTOR 12,2026-08-15T13:06:21.712388Z
1281,11246,2026-03-27T03:37:58+00:00,,,Flag,DOUBLE YELLOW,Sector,5.0,,DOUBLE YELLOW IN TRACK SECTOR 5,2026-08-15T13:06:21.712388Z
1281,11246,2026-03-27T03:37:58+00:00,,,Flag,DOUBLE YELLOW,Sector,26.0,,DOUBLE YELLOW IN TRACK SECTOR 26,2026-08-15T13:06:21.712388Z
1281,11246,2026-03-27T03:38:00+00:00,,,Flag,DOUBLE YELLOW,Sector,11.0,,DOUBLE YELLOW IN TRACK SECTOR 11,2026-08-15T13:06:21.712388Z
1281,11246,2026-03-27T03:38:00+00:00,,,Flag,DOUBLE YELLOW,Sector,25.0,,DOUBLE YELLOW IN TRACK SECTOR 25,2026-08-15T13:06:21.712388Z
1281,11246,2026-03-27T03:38:02+00:00,,,Flag,DOUBLE YELLOW,Sector,3.0,,DOUBLE YELLOW IN TRACK SECTOR 3,2026-08-15T13:06:21.712388Z
1281,11246,2026-03-27T03:38:02+00:00,,,Flag,DOUBLE YELLOW,Sector,13.0,,DOUBLE YELLOW IN TRACK SECTOR 13,2026-08-15T13:06:21.712388Z
1281,11246,2026-03-27T03:38:02+00:00,,,Flag,DOUBLE YELLOW,Sector,14.0,,DOUBLE YELLOW IN TRACK SECTOR 14,2026-08-15T13:06:21.712388Z
1281,11246,2026-03-27T03:38:03+00:00,,,Flag,DOUBLE YELLOW,Sector,23.0,,DOUBLE YELLOW IN TRACK SECTOR 23,2026-08-15T13:06:21.712388Z
1281,11246,2026-03-27T03:38:03+00:00,,,Flag,DOUBLE YELLOW,Sector,20.0,,DOUBLE YELLOW IN TRACK SECTOR 20,2026-08-15T13:06:21.712388Z
1281,11246,2026-03-27T03:38:04+00:00,,,Flag,DOUBLE YELLOW,Sector,22.0,,DOUBLE YELLOW IN TRACK SECTOR 22,2026-08-15T13:06:21.712388Z
1281,11246,2026-03-27T03:38:07+00:00,,,Flag,DOUBLE YELLOW,Sector,8.0,,DOUBLE YELLOW IN TRACK SECTOR 8,2026-08-15T13:06:21.712388Z
1281,11246,2026-03-27T03:38:08+00:00,,,Flag,DOUBLE YELLOW,Sector,19.0,,DOUBLE YELLOW IN TRACK SECTOR 19,2026-08-15T13:06:21.712388Z
1281,11246,2026-03-27T03:38:08+00:00,,,Flag,DOUBLE YELLOW,Sector,21.0,,DOUBLE YELLOW IN TRACK SECTOR 21,2026-08-15T13:06:21.712388Z
1281,11246,2026-03-27T03:38:08+00:00,,,Flag,DOUBLE YELLOW,Sector,29.0,,DOUBLE YELLOW IN TRACK SECTOR 29,2026-08-15T13:06:21.712388Z
1281,11246,2026-03-27T03:38:09+00:00,,,Flag,DOUBLE YELLOW,Sector,9.0,,DOUBLE YELLOW IN TRACK SECTOR 9,2026-08-15T13:06:21.712388Z
1281,11246,2026-03-27T03:38:13+00:00,,,Flag,DOUBLE YELLOW,Sector,16.0,,DOUBLE YELLOW IN TRACK SECTOR 16,2026-08-15T13:06:21.712388Z
1281,11246,2026-03-27T03:38:14+00:00,,,Flag,DOUBLE YELLOW,Sector,24.0,,DOUBLE YELLOW IN TRACK SECTOR 24,2026-08-15T13:06:21.712388Z
1281,11246,2026-03-27T03:38:17+00:00,,,Flag,DOUBLE YELLOW,Sector,10.0,,DOUBLE YELLOW IN TRACK SECTOR 10,2026-08-15T13:06:21.712388Z
1281,11246,2026-03-27T03:38:20+00:00,,,Flag,DOUBLE YELLOW,Sector,7.0,,DOUBLE YELLOW IN TRACK SECTOR 7,2026-08-15T13:06:21.712388Z
1281,11246,2026-03-27T03:38:20+00:00,,,Flag,DOUBLE YELLOW,Sector,27.0,,DOUBLE YELLOW IN TRACK SECTOR 27,2026-08-15T13:06:21.712388Z
1281,11246,2026-03-27T03:38:24+00:00,,,Flag,DOUBLE YELLOW,Sector,17.0,,DOUBLE YELLOW IN TRACK SECTOR 17,2026-08-15T13:06:21.712388Z
1281,11246,2026-03-27T03:38:45+00:00,,,Flag,DOUBLE YELLOW,Sector,18.0,,DOUBLE YELLOW IN TRACK SECTOR 18,2026-08-15T13:06:21.712388Z
1281,11246,2026-03-27T03:38:49+00:00,,,Flag,DOUBLE YELLOW,Sector,15.0,,DOUBLE YELLOW IN TRACK SECTOR 15,2026-08-15T13:06:21.712388Z
1281,11246,2026-03-27T03:39:01+00:00,,,Flag,DOUBLE YELLOW,Sector,1.0,,DOUBLE YELLOW IN TRACK SECTOR 1,2026-08-15T13:06:21.712388Z
1281,11246,2026-03-27T03:39:02+00:00,,,Flag,CLEAR,Sector,4.0,,CLEAR IN TRACK SECTOR 4,2026-08-15T13:06:21.712388Z
1281,11246,2026-03-27T03:39:02+00:00,,,Flag,DOUBLE YELLOW,Sector,4.0,,DOUBLE YELLOW IN TRACK SECTOR 4,2026-08-15T13:06:21.712388Z
1281,11246,2026-03-27T03:39:08+00:00,,,Flag,DOUBLE YELLOW,Sector,2.0,,DOUBLE YELLOW IN TRACK SECTOR 2,2026-08-15T13:06:21.712388Z
1281,11247,2026-03-27T05:49:48+00:00,,,Other,,,,,RISK OF RAIN FOR F1 FREE PRACTICE 2 IS 0%,2026-08-15T13:06:27.311507Z
1281,11247,2026-03-27T05:54:12+00:00,,,Flag,CLEAR,Sector,1.0,,CLEAR IN TRACK SECTOR 1,2026-08-15T13:06:27.311507Z
1281,11247,2026-03-27T05:54:14+00:00,,,Flag,CLEAR,Sector,2.0,,CLEAR IN TRACK SECTOR 2,2026-08-15T13:06:27.311507Z
1281,11247,2026-03-27T05:59:03+00:00,,,SafetyCar,,,,,VSC DEPLOYED,2026-08-15T13:06:27.311507Z
1281,11247,2026-03-27T05:59:10+00:00,,,Flag,DOUBLE YELLOW,Sector,2.0,,DOUBLE YELLOW IN TRACK SECTOR 2,2026-08-15T13:06:27.311507Z
1281,11247,2026-03-27T05:59:12+00:00,,,Flag,DOUBLE YELLOW,Sector,3.0,,DOUBLE YELLOW IN TRACK SECTOR 3,2026-08-15T13:06:27.311507Z
1281,11247,2026-03-27T06:00:00.168000+00:00,,,SessionStatus,,,,,SESSION STARTED,2026-08-15T13:06:27.311507Z
1281,11247,2026-03-27T06:00:00+00:00,,,Flag,GREEN,Track,,,GREEN LIGHT - PIT EXIT OPEN,2026-08-15T13:06:27.311507Z
1281,11247,2026-03-27T06:00:21+00:00,,,Flag,CLEAR,Sector,2.0,,CLEAR IN TRACK SECTOR 2,2026-08-15T13:06:27.311507Z
1281,11247,2026-03-27T06:00:23+00:00,,,Flag,CLEAR,Sector,3.0,,CLEAR IN TRACK SECTOR 3,2026-08-15T13:06:27.311507Z
1281,11247,2026-03-27T06:00:39+00:00,,,SafetyCar,,,,,VSC ENDING,2026-08-15T13:06:27.311507Z
1281,11247,2026-03-27T06:00:51+00:00,,,Flag,CLEAR,Track,,,TRACK CLEAR,2026-08-15T13:06:27.311507Z
1281,11247,2026-03-27T06:05:24+00:00,,,Other,,,,,TRACK SURFACE SLIPPERY IN TRACK SECTOR 21,2026-08-15T13:06:27.311507Z
1281,11247,2026-03-27T06:05:26+00:00,,,Flag,CLEAR,Sector,21.0,,CLEAR IN TRACK SECTOR 21,2026-08-15T13:06:27.311507Z
1281,11247,2026-03-27T06:11:15+00:00,,,Flag,DOUBLE YELLOW,Sector,3.0,,DOUBLE YELLOW IN TRACK SECTOR 3,2026-08-15T13:06:27.311507Z
1281,11247,2026-03-27T06:11:36+00:00,,,Flag,YELLOW,Sector,2.0,,YELLOW IN TRACK SECTOR 2,2026-08-15T13:06:27.311507Z
1281,11247,2026-03-27T06:11:48+00:00,,,Flag,CLEAR,Sector,3.0,,CLEAR IN TRACK SECTOR 3,2026-08-15T13:06:27.311507Z
1281,11247,2026-03-27T06:11:51+00:00,,,Flag,CLEAR,Sector,2.0,,CLEAR IN TRACK SECTOR 2,2026-08-15T13:06:27.311507Z
1281,11247,2026-03-27T06:13:19+00:00,,,Other,,,,,TURN 15 INCIDENT INVOLVING CARS 43 (COL) AND 3 (VER) NOTED - DRIVING ERRATICALLY,2026-08-15T13:06:27.311507Z
1281,11247,2026-03-27T06:14:50+00:00,,,Other,,,,,CAR 31 (OCO) TIME 2:06.810 DELETED - DOUBLE YELLOW AT TURN 1,2026-08-15T13:06:27.311507Z
1281,11247,2026-03-27T06:14:51+00:00,,,Other,,,,,CAR 81 (PIA) LAP DELETED - DOUBLE YELLOW AT TURN 1,2026-08-15T13:06:27.311507Z
1281,11247,2026-03-27T06:14:59+00:00,,,Other,,,,,CAR 77 (BOT) LAP DELETED - DOUBLE YELLOW AT TURN 1,2026-08-15T13:06:27.311507Z
1281,11247,2026-03-27T06:15:10+00:00,,,Other,,,,,CAR 3 (VER) TIME 1:48.288 DELETED - DOUBLE YELLOW AT TURN 1,2026-08-15T13:06:27.311507Z
1281,11247,2026-03-27T06:15:37+00:00,,,Other,,,,,CAR 12 (ANT) TIME 2:16.958 DELETED - DOUBLE YELLOW AT TURN 1,2026-08-15T13:06:27.311507Z
1281,11247,2026-03-27T06:21:27+00:00,,,Other,,,,,FIA STEWARDS: TURN 15 INCIDENT INVOLVING CARS 43 (COL) AND 3 (VER) WILL BE INVESTIGATED AFTER THE SESSION - DRIVING ERRATICALLY,2026-08-15T13:06:27.311507Z
1281,11247,2026-03-27T06:39:00+00:00,,,Other,,,,,CAR 1 (NOR) TIME 1:47.127 DELETED - TRACK LIMITS AT TURN 13 LAP 7 15:37:52,2026-08-15T13:06:27.311507Z
1281,11247,2026-03-27T06:42:24+00:00,,,Other,,,,,CAR 1 (NOR) LAP DELETED - TRACK LIMITS AT TURN 17 LAP 9 15:42:00 (PIT),2026-08-15T13:06:27.311507Z
1281,11247,2026-03-27T07:00:00.166000+00:00,,,SessionStatus,,,,,SESSION FINISHED,2026-08-15T13:06:27.311507Z
1281,11247,2026-03-27T07:00:00+00:00,,,Flag,CHEQUERED,Track,,,CHEQUERED FLAG,2026-08-15T13:06:27.311507Z
1281,11247,2026-03-27T07:00:21+00:00,,,Other,,,,,FIRST CAR TO TAKE THE FLAG - CAR 14 (ALO),2026-08-15T13:06:27.311507Z
1281,11247,2026-03-27T07:02:25+00:00,,,Other,,,,,CAR 44 (HAM) TIME 1:35.751 DELETED - TRACK LIMITS AT TURN 13 LAP 22 15:55:29,2026-08-15T13:06:27.311507Z
1281,11247,2026-03-27T07:02:40+00:00,,,Other,,,,,CAR 1 (NOR) TIME 1:33.066 DELETED - TRACK LIMITS AT TURN 13 LAP 14 15:57:59,2026-08-15T13:06:27.311507Z
1281,11247,2026-03-27T07:07:21+00:00,,,Flag,DOUBLE YELLOW,Sector,16.0,,DOUBLE YELLOW IN TRACK SECTOR 16,2026-08-15T13:06:27.311507Z
1281,11247,2026-03-27T07:07:21+00:00,,,Flag,DOUBLE YELLOW,Sector,17.0,,DOUBLE YELLOW IN TRACK SECTOR 17,2026-08-15T13:06:27.311507Z
1281,11247,2026-03-27T07:07:41+00:00,,,Flag,YELLOW,Sector,15.0,,YELLOW IN TRACK SECTOR 15,2026-08-15T13:06:27.311507Z
1281,11247,2026-03-27T07:07:51+00:00,,,Flag,CLEAR,Sector,16.0,,CLEAR IN TRACK SECTOR 16,2026-08-15T13:06:27.311507Z
1281,11247,2026-03-27T07:07:51+00:00,,,Flag,CLEAR,Sector,17.0,,CLEAR IN TRACK SECTOR 17,2026-08-15T13:06:27.311507Z
1281,11247,2026-03-27T07:07:52+00:00,,,Flag,CLEAR,Sector,15.0,,CLEAR IN TRACK SECTOR 15,2026-08-15T13:06:27.311507Z
1281,11247,2026-03-27T07:11:06+00:00,,,Flag,DOUBLE YELLOW,Sector,28.0,,DOUBLE YELLOW IN TRACK SECTOR 28,2026-08-15T13:06:27.311507Z
1281,11247,2026-03-27T07:11:14+00:00,,,Flag,DOUBLE YELLOW,Sector,12.0,,DOUBLE YELLOW IN TRACK SECTOR 12,2026-08-15T13:06:27.311507Z
1281,11247,2026-03-27T07:11:15+00:00,,,Flag,DOUBLE YELLOW,Sector,15.0,,DOUBLE YELLOW IN TRACK SECTOR 15,2026-08-15T13:06:27.311507Z
1281,11247,2026-03-27T07:11:15+00:00,,,Flag,DOUBLE YELLOW,Sector,26.0,,DOUBLE YELLOW IN TRACK SECTOR 26,2026-08-15T13:06:27.311507Z
1281,11247,2026-03-27T07:11:15+00:00,,,Flag,DOUBLE YELLOW,Sector,27.0,,DOUBLE YELLOW IN TRACK SECTOR 27,2026-08-15T13:06:27.311507Z
1281,11247,2026-03-27T07:11:17+00:00,,,Flag,DOUBLE YELLOW,Sector,4.0,,DOUBLE YELLOW IN TRACK SECTOR 4,2026-08-15T13:06:27.311507Z
1281,11247,2026-03-27T07:11:17+00:00,,,Flag,DOUBLE YELLOW,Sector,11.0,,DOUBLE YELLOW IN TRACK SECTOR 11,2026-08-15T13:06:27.311507Z
1281,11247,2026-03-27T07:11:17+00:00,,,Flag,DOUBLE YELLOW,Sector,25.0,,DOUBLE YELLOW IN TRACK SECTOR 25,2026-08-15T13:06:27.311507Z
1281,11247,2026-03-27T07:11:19+00:00,,,Flag,DOUBLE YELLOW,Sector,23.0,,DOUBLE YELLOW IN TRACK SECTOR 23,2026-08-15T13:06:27.311507Z
1281,11247,2026-03-27T07:11:19+00:00,,,Flag,DOUBLE YELLOW,Sector,8.0,,DOUBLE YELLOW IN TRACK SECTOR 8,2026-08-15T13:06:27.311507Z
1281,11247,2026-03-27T07:11:20+00:00,,,Flag,DOUBLE YELLOW,Sector,24.0,,DOUBLE YELLOW IN TRACK SECTOR 24,2026-08-15T13:06:27.311507Z
1281,11247,2026-03-27T07:11:20+00:00,,,Flag,DOUBLE YELLOW,Sector,29.0,,DOUBLE YELLOW IN TRACK SECTOR 29,2026-08-15T13:06:27.311507Z
1281,11247,2026-03-27T07:11:20+00:00,,,Flag,DOUBLE YELLOW,Sector,3.0,,DOUBLE YELLOW IN TRACK SECTOR 3,2026-08-15T13:06:27.311507Z
1281,11247,2026-03-27T07:11:21+00:00,,,Flag,DOUBLE YELLOW,Sector,22.0,,DOUBLE YELLOW IN TRACK SECTOR 22,2026-08-15T13:06:27.311507Z
1281,11247,2026-03-27T07:11:26+00:00,,,Flag,DOUBLE YELLOW,Sector,16.0,,DOUBLE YELLOW IN TRACK SECTOR 16,2026-08-15T13:06:27.311507Z
1281,11247,2026-03-27T07:11:26+00:00,,,Flag,DOUBLE YELLOW,Sector,21.0,,DOUBLE YELLOW IN TRACK SECTOR 21,2026-08-15T13:06:27.311507Z
1281,11247,2026-03-27T07:11:27+00:00,,,Flag,DOUBLE YELLOW,Sector,13.0,,DOUBLE YELLOW IN TRACK SECTOR 13,2026-08-15T13:06:27.311507Z
1281,11247,2026-03-27T07:11:27+00:00,,,Flag,DOUBLE YELLOW,Sector,14.0,,DOUBLE YELLOW IN TRACK SECTOR 14,2026-08-15T13:06:27.311507Z
1281,11247,2026-03-27T07:11:27+00:00,,,Flag,DOUBLE YELLOW,Sector,20.0,,DOUBLE YELLOW IN TRACK SECTOR 20,2026-08-15T13:06:27.311507Z
1281,11247,2026-03-27T07:11:28+00:00,,,Flag,DOUBLE YELLOW,Sector,5.0,,DOUBLE YELLOW IN TRACK SECTOR 5,2026-08-15T13:06:27.311507Z
1281,11247,2026-03-27T07:11:31+00:00,,,Flag,DOUBLE YELLOW,Sector,9.0,,DOUBLE YELLOW IN TRACK SECTOR 9,2026-08-15T13:06:27.311507Z
1281,11247,2026-03-27T07:11:35+00:00,,,Flag,DOUBLE YELLOW,Sector,10.0,,DOUBLE YELLOW IN TRACK SECTOR 10,2026-08-15T13:06:27.311507Z
1281,11247,2026-03-27T07:11:39+00:00,,,Flag,DOUBLE YELLOW,Sector,7.0,,DOUBLE YELLOW IN TRACK SECTOR 7,2026-08-15T13:06:27.311507Z
1281,11247,2026-03-27T07:11:40+00:00,,,Flag,DOUBLE YELLOW,Sector,17.0,,DOUBLE YELLOW IN TRACK SECTOR 17,2026-08-15T13:06:27.311507Z
1281,11247,2026-03-27T07:11:43+00:00,,,Flag,DOUBLE YELLOW,Sector,6.0,,DOUBLE YELLOW IN TRACK SECTOR 6,2026-08-15T13:06:27.311507Z
1281,11247,2026-03-27T07:11:45+00:00,,,Flag,DOUBLE YELLOW,Sector,19.0,,DOUBLE YELLOW IN TRACK SECTOR 19,2026-08-15T13:06:27.311507Z
1281,11247,2026-03-27T07:12:14+00:00,,,Flag,DOUBLE YELLOW,Sector,18.0,,DOUBLE YELLOW IN TRACK SECTOR 18,2026-08-15T13:06:27.311507Z
1281,11247,2026-03-27T07:14:52+00:00,,,Flag,DOUBLE YELLOW,Sector,2.0,,DOUBLE YELLOW IN TRACK SECTOR 2,2026-08-15T13:06:27.311507Z
1281,11249,2026-03-28T05:49:45+00:00,,,Other,,,,,RISK OF RAIN FOR F1 QUALIFYING IS 0%,2026-08-15T13:07:17.273680Z
1281,11249,2026-03-28T06:00:00.155000+00:00,,,SessionStatus,,,,1.0,SESSION STARTED,2026-08-15T13:07:17.273680Z
1281,11249,2026-03-28T06:00:00+00:00,,,Flag,GREEN,Track,,1.0,GREEN LIGHT - PIT EXIT OPEN,2026-08-15T13:07:17.273680Z
1281,11249,2026-03-28T06:18:00.160000+00:00,,,SessionStatus,,,,1.0,SESSION FINISHED,2026-08-15T13:07:17.273680Z
1281,11249,2026-03-28T06:18:00+00:00,,,Flag,CHEQUERED,Track,,1.0,CHEQUERED FLAG,2026-08-15T13:07:17.273680Z
1281,11249,2026-03-28T06:18:12+00:00,,,Other,,,,,FIRST CAR TO TAKE THE FLAG - CAR 23 (ALB),2026-08-15T13:07:17.273680Z
1281,11249,2026-03-28T06:19:23+00:00,,,Other,,,,,TURN 14 INCIDENT INVOLVING CARS 55 (SAI) AND 6 (HAD) NOTED - IMPEDING,2026-08-15T13:07:17.273680Z
1281,11249,2026-03-28T06:20:53+00:00,,,Other,,,,,FIA STEWARDS: TURN 14 INCIDENT INVOLVING CARS 55 (SAI) AND 6 (HAD) REVIEWED NO FURTHER INVESTIGATION - IMPEDING,2026-08-15T13:07:17.273680Z
1281,11249,2026-03-28T06:21:37+00:00,,,Other,,,,,FIA STEWARDS: Q1 INCIDENT INVOLVING CARS 41 (LIN) AND 5 (BOR) NOTED - FAILING TO FOLLOW RACE DIRECTORS INSTRUCTIONS - MAXIMUM DELTA TIME,2026-08-15T13:07:17.273680Z
1281,11249,2026-03-28T06:21:57+00:00,,,Other,,,,,FIA STEWARDS: Q1 INCIDENT INVOLVING CARS 41 (LIN) AND 5 (BOR) WILL BE INVESTIGATED AFTER THE SESSION - FAILING TO FOLLOW RACE DIRECTORS INSTRUCTIONS - MAXIMUM DELTA TIME,2026-08-15T13:07:17.273680Z
1281,11249,2026-03-28T06:25:00.157000+00:00,,,SessionStatus,,,,2.0,SESSION STARTED,2026-08-15T13:07:17.273680Z
1281,11249,2026-03-28T06:25:00+00:00,,,Flag,GREEN,Track,,2.0,GREEN LIGHT - PIT EXIT OPEN,2026-08-15T13:07:17.273680Z
1281,11249,2026-03-28T06:40:00.148000+00:00,,,SessionStatus,,,,2.0,SESSION FINISHED,2026-08-15T13:07:17.273680Z
1281,11249,2026-03-28T06:40:00+00:00,,,Flag,CHEQUERED,Track,,2.0,CHEQUERED FLAG,2026-08-15T13:07:17.273680Z
1281,11249,2026-03-28T06:40:06+00:00,,,Other,,,,,FIRST CAR TO TAKE THE FLAG - CAR 55 (SAI),2026-08-15T13:07:17.273680Z
1281,11249,2026-03-28T06:42:51+00:00,,,Other,,,,,FIA STEWARDS: Q2 INCIDENT INVOLVING CAR 44 (HAM) NOTED - FAILING TO FOLLOW RACE DIRECTORS INSTRUCTIONS - MAXIMUM DELTA TIME,2026-08-15T13:07:17.273680Z
1281,11249,2026-03-28T06:42:59+00:00,,,Other,,,,,FIA STEWARDS: Q2 INCIDENT INVOLVING CAR 44 (HAM) WILL BE INVESTIGATED AFTER THE SESSION - FAILING TO FOLLOW RACE DIRECTORS INSTRUCTIONS - MAXIMUM DELTA TIME,2026-08-15T13:07:17.273680Z
1281,11249,2026-03-28T06:47:00.156000+00:00,,,SessionStatus,,,,3.0,SESSION STARTED,2026-08-15T13:07:17.273680Z
1281,11249,2026-03-28T06:47:00+00:00,,,Flag,GREEN,Track,,3.0,GREEN LIGHT - PIT EXIT OPEN,2026-08-15T13:07:17.273680Z
1281,11249,2026-03-28T06:51:12+00:00,,,Other,,,,,CAR 41 (LIN) TIME 1:31.537 DELETED - TRACK LIMITS AT TURN 13 LAP 18 15:50:40,2026-08-15T13:07:17.273680Z
1281,11249,2026-03-28T06:58:52+00:00,44.0,,Flag,BLACK AND WHITE,Driver,,3.0,BLACK AND WHITE FLAG FOR CAR 44 (HAM) - DRIVING UNNECESSARILY SLOWLY IN PIT EXIT ROAD,2026-08-15T13:07:17.273680Z
1281,11249,2026-03-28T07:00:00.159000+00:00,,,SessionStatus,,,,3.0,SESSION FINISHED,2026-08-15T13:07:17.273680Z
1281,11249,2026-03-28T07:00:00+00:00,,,Flag,CHEQUERED,Track,,3.0,CHEQUERED FLAG,2026-08-15T13:07:17.273680Z
1281,11249,2026-03-28T07:00:16+00:00,,,Other,,,,,FIRST CAR TO TAKE THE FLAG - CAR 44 (HAM),2026-08-15T13:07:17.273680Z
1281,11249,2026-03-28T07:03:23+00:00,,,Other,,,,,FIA STEWARDS: Q1 INCIDENT INVOLVING CARS 41 (LIN) AND 5 (BOR) NO FURTHER ACTION - FAILING TO FOLLOW RACE DIRECTORS INSTRUCTIONS - MAXIMUM DELTA TIME,2026-08-15T13:07:17.273680Z
1281,11249,2026-03-28T07:03:32+00:00,,,Other,,,,,FIA STEWARDS: Q2 INCIDENT INVOLVING CAR 44 (HAM) NO FURTHER ACTION - FAILING TO FOLLOW RACE DIRECTORS INSTRUCTIONS - MAXIMUM DELTA TIME,2026-08-15T13:07:17.273680Z
1281,11253,2026-03-29T04:18:28+00:00,,1,Other,,,,,FORMATION LAP WILL START AT 14:10,2026-08-15T13:07:22.487227Z
1281,11253,2026-03-29T04:24:02+00:00,,1,Flag,CLEAR,Sector,18.0,,CLEAR IN TRACK SECTOR 18,2026-08-15T13:07:22.487227Z
1281,11253,2026-03-29T04:24:04+00:00,,1,Flag,CLEAR,Sector,24.0,,CLEAR IN TRACK SECTOR 24,2026-08-15T13:07:22.487227Z
1281,11253,2026-03-29T04:24:06+00:00,,1,Flag,CLEAR,Sector,19.0,,CLEAR IN TRACK SECTOR 19,2026-08-15T13:07:22.487227Z
1281,11253,2026-03-29T04:30:01+00:00,,1,Flag,GREEN,Track,,,GREEN LIGHT - PIT EXIT OPEN,2026-08-15T13:07:22.487227Z
1281,11253,2026-03-29T04:40:01+00:00,,1,Other,,,,,PIT EXIT CLOSED,2026-08-15T13:07:22.487227Z
1281,11253,2026-03-29T04:51:40+00:00,,1,Other,,,,,RISK OF RAIN FOR THE F1 RACE IS 0%,2026-08-15T13:07:22.487227Z
1281,11253,2026-03-29T05:07:05+00:00,,1,Other,,,,,OVERTAKE DISABLED,2026-08-15T13:07:22.487227Z
1281,11253,2026-03-29T05:14:02.078000+00:00,,1,SessionStatus,,,,,SESSION STARTED,2026-08-15T13:07:22.487227Z
1281,11253,2026-03-29T05:14:02+00:00,,1,Flag,GREEN,Track,,,GREEN LIGHT - PIT EXIT OPEN,2026-08-15T13:07:22.487227Z
1281,11253,2026-03-29T05:15:26+00:00,,1,Other,,,,,OVERTAKE ENABLED,2026-08-15T13:07:22.487227Z
1281,11253,2026-03-29T05:20:02+00:00,,4,Other,,,,,CAR 18 (STR) LAP DELETED - TRACK LIMITS AT TURN 13 LAP 1 14:15:19,2026-08-15T13:07:22.487227Z
1281,11253,2026-03-29T05:32:11+00:00,,12,Other,,,,,CAR 87 (BEA) TIME 1:37.790 DELETED - TRACK LIMITS AT TURN 13 LAP 11 14:31:24,2026-08-15T13:07:22.487227Z
1281,11253,2026-03-29T05:37:09+00:00,41.0,15,Flag,BLACK AND WHITE,Driver,,,BLACK AND WHITE FLAG FOR CAR 41 (LIN) - MOVING UNDER BRAKING,2026-08-15T13:07:22.487227Z
1281,11253,2026-03-29T05:47:01+00:00,,21,Other,,,,,CAR 11 (PER) TIME 1:38.735 DELETED - TRACK LIMITS AT TURN 13 LAP 20 14:46:19,2026-08-15T13:07:22.487227Z
1281,11253,2026-03-29T05:47:54+00:00,,22,Flag,YELLOW,Sector,21.0,,YELLOW IN TRACK SECTOR 21,2026-08-15T13:07:22.487227Z
1281,11253,2026-03-29T05:47:59+00:00,,22,Flag,YELLOW,Sector,20.0,,YELLOW IN TRACK SECTOR 20,2026-08-15T13:07:22.487227Z
1281,11253,2026-03-29T05:48:11+00:00,,22,SafetyCar,,,,,SAFETY CAR DEPLOYED,2026-08-15T13:07:22.487227Z
1281,11253,2026-03-29T05:48:23+00:00,,22,Other,,,,,MEDICAL CAR DEPLOYED,2026-08-15T13:07:22.487227Z
1281,11253,2026-03-29T05:49:29+00:00,,23,Flag,DOUBLE YELLOW,Sector,21.0,,DOUBLE YELLOW IN TRACK SECTOR 21,2026-08-15T13:07:22.487227Z
1281,11253,2026-03-29T05:49:58+00:00,,23,Flag,DOUBLE YELLOW,Sector,20.0,,DOUBLE YELLOW IN TRACK SECTOR 20,2026-08-15T13:07:22.487227Z
1281,11253,2026-03-29T05:50:15+00:00,,23,Other,,,,,RECOVERY VEHICLE ON TRACK AT TURN 13,2026-08-15T13:07:22.487227Z
1281,11253,2026-03-29T05:57:32+00:00,,26,Other,,,,,LAPPED CARS MAY NOW OVERTAKE THE SAFETY CAR: 77,2026-08-15T13:07:22.487227Z
1281,11253,2026-03-29T05:57:48+00:00,,26,Flag,CLEAR,Sector,20.0,,CLEAR IN TRACK SECTOR 20,2026-08-15T13:07:22.487227Z
1281,11253,2026-03-29T05:57:50+00:00,,26,Flag,CLEAR,Sector,21.0,,CLEAR IN TRACK SECTOR 21,2026-08-15T13:07:22.487227Z
1281,11253,2026-03-29T06:00:06+00:00,,27,SafetyCar,,,,,SAFETY CAR IN THIS LAP,2026-08-15T13:07:22.487227Z
1281,11253,2026-03-29T06:01:24+00:00,,27,Flag,CLEAR,Track,,,TRACK CLEAR,2026-08-15T13:07:22.487227Z
1281,11253,2026-03-29T06:02:11+00:00,,28,Other,,,,,OVERTAKE ENABLED,2026-08-15T13:07:22.487227Z
1281,11253,2026-03-29T06:06:00+00:00,,30,Other,,,,,TURN 13 INCIDENT INVOLVING CARS 43 (COL) AND 87 (BEA) NOTED,2026-08-15T13:07:22.487227Z
1281,11253,2026-03-29T06:06:40+00:00,,31,Other,,,,,FIA STEWARDS: TURN 13 INCIDENT INVOLVING CARS 43 (COL) AND 87 (BEA) REVIEWED NO FURTHER INVESTIGATION,2026-08-15T13:07:22.487227Z
1281,11253,2026-03-29T06:07:47+00:00,,31,Other,,,,,CAR 41 (LIN) TIME 1:35.724 DELETED - TRACK LIMITS AT TURN 17 LAP 30 15:06:35,2026-08-15T13:07:22.487227Z
1281,11253,2026-03-29T06:08:20+00:00,,32,Other,,,,,CAR 43 (COL) TIME 1:43.165 DELETED - TRACK LIMITS AT TURN 13 LAP 21 14:47:52,2026-08-15T13:07:22.487227Z
1281,11253,2026-03-29T06:29:27+00:00,,45,Other,,,,,TURN 16 INCIDENT INVOLVING CAR 44 (HAM) NOTED - LEAVING THE TRACK AND GAINING AN ADVANTAGE,2026-08-15T13:07:22.487227Z
1281,11253,2026-03-29T06:29:35+00:00,77.0,45,Flag,BLUE,Driver,,,WAVED BLUE FLAG FOR CAR 77 (BOT) TIMED AT 15:29:34,2026-08-15T13:07:22.487227Z
1281,11253,2026-03-29T06:30:23+00:00,,46,Other,,,,,CAR 44 (HAM) TIME 1:33.636 DELETED - TRACK LIMITS AT TURN 17 LAP 44 15:28:16,2026-08-15T13:07:22.487227Z
1281,11253,2026-03-29T06:32:11+00:00,14.0,47,Flag,BLUE,Driver,,,WAVED BLUE FLAG FOR CAR 14 (ALO) TIMED AT 15:32:10,2026-08-15T13:07:22.487227Z
1281,11253,2026-03-29T06:32:59+00:00,,48,Other,,,,,FIA STEWARDS: TURN 16 INCIDENT INVOLVING CAR 44 (HAM) REVIEWED NO FURTHER INVESTIGATION - LEAVING THE TRACK AND GAINING AN ADVANTAGE,2026-08-15T13:07:22.487227Z
1281,11253,2026-03-29T06:33:41+00:00,77.0,48,Flag,BLUE,Driver,,,WAVED BLUE FLAG FOR CAR 77 (BOT) TIMED AT 15:33:41,2026-08-15T13:07:22.487227Z
1281,11253,2026-03-29T06:33:57+00:00,77.0,48,Flag,BLUE,Driver,,,WAVED BLUE FLAG FOR CAR 77 (BOT) TIMED AT 15:33:57,2026-08-15T13:07:22.487227Z
1281,11253,2026-03-29T06:34:13+00:00,77.0,48,Flag,BLUE,Driver,,,WAVED BLUE FLAG FOR CAR 77 (BOT) TIMED AT 15:34:13,2026-08-15T13:07:22.487227Z
1281,11253,2026-03-29T06:37:26+00:00,77.0,51,Flag,BLUE,Driver,,,WAVED BLUE FLAG FOR CAR 77 (BOT) TIMED AT 15:37:26,2026-08-15T13:07:22.487227Z
1281,11253,2026-03-29T06:37:52+00:00,14.0,51,Flag,BLUE,Driver,,,WAVED BLUE FLAG FOR CAR 14 (ALO) TIMED AT 15:37:52,2026-08-15T13:07:22.487227Z
1281,11253,2026-03-29T06:38:35+00:00,,51,Other,,,,,CAR 14 (ALO) TIME 1:37.112 DELETED - TRACK LIMITS AT TURN 17 LAP 49 15:37:30,2026-08-15T13:07:22.487227Z
1281,11253,2026-03-29T06:38:40+00:00,14.0,51,Flag,BLUE,Driver,,,WAVED BLUE FLAG FOR CAR 14 (ALO) TIMED AT 15:38:39,2026-08-15T13:07:22.487227Z
1281,11253,2026-03-29T06:41:22+00:00,14.0,53,Flag,BLUE,Driver,,,WAVED BLUE FLAG FOR CAR 14 (ALO) TIMED AT 15:41:21,2026-08-15T13:07:22.487227Z
1281,11253,2026-03-29T06:41:48+00:00,14.0,53,Flag,BLUE,Driver,,,WAVED BLUE FLAG FOR CAR 14 (ALO) TIMED AT 15:41:48,2026-08-15T13:07:22.487227Z
1281,11253,2026-03-29T06:42:05+00:00,,53,Flag,CHEQUERED,Track,,,CHEQUERED FLAG,2026-08-15T13:07:22.487227Z
1281,11253,2026-03-29T06:42:05.699000+00:00,,53,SessionStatus,,,,,SESSION FINISHED,2026-08-15T13:07:22.487227Z
1281,11253,2026-03-29T06:44:04+00:00,,53,Other,,,,,ALL PASS HOLDERS MAY ACCESS THE PIT LANE,2026-08-15T13:07:22.487227Z
1284,11271,2026-05-01T20:30:00.077000+00:00,,,SessionStatus,,,,,SESSION STARTED,2026-08-15T13:11:22.633955Z
1284,11271,2026-05-01T20:30:00+00:00,,,Flag,GREEN,Track,,,GREEN LIGHT - PIT EXIT OPEN,2026-08-15T13:11:22.633955Z
1284,11271,2026-05-01T20:34:52+00:00,,,Flag,YELLOW,Sector,19.0,,YELLOW IN TRACK SECTOR 19,2026-08-15T13:11:22.633955Z
1284,11271,2026-05-01T20:35:25+00:00,,,Flag,YELLOW,Sector,13.0,,YELLOW IN TRACK SECTOR 13,2026-08-15T13:11:22.633955Z
1284,11271,2026-05-01T20:35:25+00:00,,,Flag,YELLOW,Sector,18.0,,YELLOW IN TRACK SECTOR 18,2026-08-15T13:11:22.633955Z
1284,11271,2026-05-01T20:35:28+00:00,,,Flag,CLEAR,Sector,19.0,,CLEAR IN TRACK SECTOR 19,2026-08-15T13:11:22.633955Z
1284,11271,2026-05-01T20:35:30+00:00,,,Flag,CLEAR,Sector,18.0,,CLEAR IN TRACK SECTOR 18,2026-08-15T13:11:22.633955Z
1284,11271,2026-05-01T20:35:36+00:00,,,Flag,CLEAR,Sector,13.0,,CLEAR IN TRACK SECTOR 13,2026-08-15T13:11:22.633955Z
1284,11271,2026-05-01T20:35:49+00:00,,,Other,,,,,CAR 27 (HUL) LAP DELETED - TRACK LIMITS AT TURN 5 LAP 2 16:33:47,2026-08-15T13:11:22.633955Z
1284,11271,2026-05-01T20:36:04+00:00,,,Other,,,,,CAR 18 (STR) TIME 2:09.082 DELETED - TRACK LIMITS AT TURN 17 LAP 3 16:34:51,2026-08-15T13:11:22.633955Z
1284,11271,2026-05-01T20:37:25+00:00,,,Other,,,,,CAR 18 (STR) TIME 2:09.082 DELETED - TRACK LIMITS AT TURN 5 LAP 3 16:33:48,2026-08-15T13:11:22.633955Z
1284,11271,2026-05-01T20:37:50+00:00,,,Flag,DOUBLE YELLOW,Sector,1.0,,DOUBLE YELLOW IN TRACK SECTOR 1,2026-08-15T13:11:22.633955Z
1284,11271,2026-05-01T20:37:52+00:00,,,Flag,CLEAR,Sector,1.0,,CLEAR IN TRACK SECTOR 1,2026-08-15T13:11:22.633955Z
1284,11271,2026-05-01T20:40:20+00:00,,,Other,,,,,CAR 16 (LEC) TIME 2:03.388 DELETED - DOUBLE YELLOW AT TURN 19,2026-08-15T13:11:22.633955Z
1284,11271,2026-05-01T20:40:57+00:00,,,Other,,,,,CAR 14 (ALO) TIME 1:32.490 DELETED - TRACK LIMITS AT TURN 5 LAP 5 16:37:46,2026-08-15T13:11:22.633955Z
1284,11271,2026-05-01T20:41:27+00:00,,,Other,,,,,CAR 43 (COL) TIME 2:04.407 DELETED - DOUBLE YELLOW AT TURN 1,2026-08-15T13:11:22.633955Z
1284,11271,2026-05-01T20:41:44+00:00,,,Other,,,,,CAR 41 (LIN) LAP DELETED - TRACK LIMITS AT TURN 17 LAP 4 16:37:09 (PIT),2026-08-15T13:11:22.633955Z
1284,11271,2026-05-01T20:42:00.080000+00:00,,,SessionStatus,,,,,SESSION FINISHED,2026-08-15T13:11:22.633955Z
1284,11271,2026-05-01T20:42:00+00:00,,,Flag,CHEQUERED,Track,,,CHEQUERED FLAG,2026-08-15T13:11:22.633955Z
1284,11271,2026-05-01T20:42:13+00:00,,,Other,,,,,FIRST CAR TO TAKE THE FLAG - CAR 87 (BEA),2026-08-15T13:11:22.633955Z
1284,11271,2026-05-01T20:43:50+00:00,,,Other,,,,,CAR 55 (SAI) TIME 2:12.149 DELETED - TRACK LIMITS AT TURN 5 LAP 5 16:39:39,2026-08-15T13:11:22.633955Z
1284,11271,2026-05-01T20:45:23+00:00,,,Other,,,,,CAR 14 (ALO) LAP DELETED - TRACK LIMITS AT TURN 11 LAP 7 16:41:59,2026-08-15T13:11:22.633955Z
1284,11271,2026-05-01T20:45:49+00:00,,,Other,,,,,"FIA STEWARDS: SQ1 INCIDENT INVOLVING CARS 14 (ALO), 12 (ANT), 55 (SAI), 1 (NOR), 5 (BOR) AND 23 (ALB) NOTED - FAILING TO FOLLOW RACE DIRECTORS INSTRUCTIONS - MAXIMUM DELTA TIME",2026-08-15T13:11:22.633955Z
1284,11271,2026-05-01T20:46:04+00:00,,,Other,,,,,"FIA STEWARDS: SQ1 INCIDENT INVOLVING CARS 14 (ALO), 12 (ANT), 55 (SAI), 1 (NOR), 5 (BOR) AND 23 (ALB) WILL BE INVESTIGATED AFTER THE SESSION - FAILING TO FOLLOW RACE DIRECTORS INSTRUCTIONS - MAXIMUM DELTA TIME",2026-08-15T13:11:22.633955Z
1284,11271,2026-05-01T20:49:00.089000+00:00,,,SessionStatus,,,,2.0,SESSION STARTED,2026-08-15T13:11:22.633955Z
1284,11271,2026-05-01T20:49:00+00:00,,,Flag,GREEN,Track,,2.0,GREEN LIGHT - PIT EXIT OPEN,2026-08-15T13:11:22.633955Z
1284,11271,2026-05-01T20:56:11+00:00,,,Other,,,,,CAR 55 (SAI) TIME 2:05.016 DELETED - TRACK LIMITS AT TURN 5 LAP 10 16:54:25,2026-08-15T13:11:22.633955Z
1284,11271,2026-05-01T20:58:36+00:00,,,Other,,,,,CAR 6 (HAD) TIME 1:30.013 DELETED - TRACK LIMITS AT TURN 6 LAP 12 16:57:24,2026-08-15T13:11:22.633955Z
1284,11271,2026-05-01T20:59:00.082000+00:00,,,SessionStatus,,,,2.0,SESSION FINISHED,2026-08-15T13:11:22.633955Z
1284,11271,2026-05-01T20:59:00+00:00,,,Flag,CHEQUERED,Track,,2.0,CHEQUERED FLAG,2026-08-15T13:11:22.633955Z
1284,11271,2026-05-01T20:59:06+00:00,,,Other,,,,,FIRST CAR TO TAKE THE FLAG - CAR 16 (LEC),2026-08-15T13:11:22.633955Z
1284,11271,2026-05-01T21:02:41+00:00,,,Other,,,,,"FIA STEWARDS: SQ2 INCIDENT INVOLVING CARS 1 (NOR), 5 (BOR) AND 63 (RUS) NOTED - FAILING TO FOLLOW RACE DIRECTORS INSTRUCTIONS - MAXIMUM DELTA TIME",2026-08-15T13:11:22.633955Z
1284,11271,2026-05-01T21:05:20+00:00,,,Other,,,,,"FIA STEWARDS: SQ2 INCIDENT INVOLVING CARS 1 (NOR), 5 (BOR) AND 63 (RUS) WILL BE INVESTIGATED AFTER THE SESSION - FAILING TO FOLLOW RACE DIRECTORS INSTRUCTIONS - MAXIMUM DELTA TIME",2026-08-15T13:11:22.633955Z
1284,11271,2026-05-01T21:06:00.071000+00:00,,,SessionStatus,,,,3.0,SESSION STARTED,2026-08-15T13:11:22.633955Z
1284,11271,2026-05-01T21:06:00+00:00,,,Flag,GREEN,Track,,3.0,GREEN LIGHT - PIT EXIT OPEN,2026-08-15T13:11:22.633955Z
1284,11271,2026-05-01T21:12:56+00:00,,,Other,,,,,TURN 6 INCIDENT INVOLVING CAR 23 (ALB) NOTED - TRACK LIMITS (SQ1),2026-08-15T13:11:22.633955Z
1284,11271,2026-05-01T21:13:15+00:00,,,Other,,,,,FIA STEWARDS: TURN 6 INCIDENT INVOLVING CAR 23 (ALB) WILL BE INVESTIGATED AFTER THE SESSION - TRACK LIMITS (SQ1),2026-08-15T13:11:22.633955Z
1284,11271,2026-05-01T21:14:00.073000+00:00,,,SessionStatus,,,,3.0,SESSION FINISHED,2026-08-15T13:11:22.633955Z
1284,11271,2026-05-01T21:14:00+00:00,,,Flag,CHEQUERED,Track,,3.0,CHEQUERED FLAG,2026-08-15T13:11:22.633955Z
1284,11271,2026-05-01T21:14:10+00:00,,,Other,,,,,FIRST CAR TO TAKE THE FLAG - CAR 3 (VER),2026-08-15T13:11:22.633955Z
1284,11271,2026-05-01T21:17:02+00:00,,,Other,,,,,"FIA STEWARDS: SQ1 INCIDENT INVOLVING CARS 14 (ALO), 12 (ANT), 55 (SAI), 1 (NOR), 5 (BOR) AND 23 (ALB) NO FURTHER ACTION - FAILING TO FOLLOW RACE DIRECTORS INSTRUCTIONS - MAXIMUM DELTA TIME",2026-08-15T13:11:22.633955Z
1284,11271,2026-05-01T21:17:21+00:00,,,Other,,,,,FIA STEWARDS: SQ2 INCIDENT INVOLVING CARS 5 (BOR) AND 63 (RUS) NO FURTHER ACTION - FAILING TO FOLLOW RACE DIRECTORS INSTRUCTIONS - MAXIMUM DELTA TIME,2026-08-15T13:11:22.633955Z
1284,11271,2026-05-01T21:18:57+00:00,,,Flag,DOUBLE YELLOW,Sector,21.0,3.0,DOUBLE YELLOW IN TRACK SECTOR 21,2026-08-15T13:11:22.633955Z
1284,11271,2026-05-01T21:21:20+00:00,,,Flag,DOUBLE YELLOW,Sector,1.0,3.0,DOUBLE YELLOW IN TRACK SECTOR 1,2026-08-15T13:11:22.633955Z
1284,11271,2026-05-01T21:21:58+00:00,,,Flag,YELLOW,Sector,7.0,3.0,YELLOW IN TRACK SECTOR 7,2026-08-15T13:11:22.633955Z
1284,11271,2026-05-01T21:22:07+00:00,,,Flag,DOUBLE YELLOW,Sector,7.0,3.0,DOUBLE YELLOW IN TRACK SECTOR 7,2026-08-15T13:11:22.633955Z
1284,11271,2026-05-01T21:22:09+00:00,,,Flag,YELLOW,Sector,7.0,3.0,YELLOW IN TRACK SECTOR 7,2026-08-15T13:11:22.633955Z
1284,11271,2026-05-01T21:22:14+00:00,,,Flag,CLEAR,Sector,7.0,3.0,CLEAR IN TRACK SECTOR 7,2026-08-15T13:11:22.633955Z
1284,11271,2026-05-01T21:24:07+00:00,,,Flag,CLEAR,Sector,21.0,3.0,CLEAR IN TRACK SECTOR 21,2026-08-15T13:11:22.633955Z
1284,11276,2026-05-02T19:56:11+00:00,,,Flag,CLEAR,Sector,15.0,,CLEAR IN TRACK SECTOR 15,2026-08-15T13:12:18.924137Z
1284,11276,2026-05-02T19:56:11+00:00,,,Flag,CLEAR,Sector,16.0,,CLEAR IN TRACK SECTOR 16,2026-08-15T13:12:18.924137Z
1284,11276,2026-05-02T20:00:00.081000+00:00,,,SessionStatus,,,,,SESSION STARTED,2026-08-15T13:12:18.924137Z
1284,11276,2026-05-02T20:00:00+00:00,,,Flag,GREEN,Track,,,GREEN LIGHT - PIT EXIT OPEN,2026-08-15T13:12:18.924137Z
1284,11276,2026-05-02T20:05:02+00:00,,,Other,,,,,CAR 23 (ALB) TIME 1:42.439 DELETED - TRACK LIMITS AT TURN 11 LAP 3 16:03:41,2026-08-15T13:12:18.924137Z
1284,11276,2026-05-02T20:14:51+00:00,,,Other,,,,,CAR 43 (COL) TIME 2:10.089 DELETED - TRACK LIMITS AT TURN 15 LAP 6 16:13:16,2026-08-15T13:12:18.924137Z
1284,11276,2026-05-02T20:16:40+00:00,43.0,,Flag,BLACK AND WHITE,Driver,,,BLACK AND WHITE FLAG FOR CAR 43 (COL) - FAILING TO FOLLOW RACE DIRECTORS INSTRUCTIONS,2026-08-15T13:12:18.924137Z
1284,11276,2026-05-02T20:16:48+00:00,,,Other,,,,,CAR 43 (COL) TIME 2:16.950 DELETED - TRACK LIMITS AT TURN 15 LAP 7 16:15:31,2026-08-15T13:12:18.924137Z
1284,11276,2026-05-02T20:18:00.065000+00:00,,,SessionStatus,,,,,SESSION FINISHED,2026-08-15T13:12:18.924137Z
1284,11276,2026-05-02T20:18:00+00:00,,,Flag,CHEQUERED,Track,,,CHEQUERED FLAG,2026-08-15T13:12:18.924137Z
1284,11276,2026-05-02T20:18:07+00:00,,,Other,,,,,FIRST CAR TO TAKE THE FLAG - CAR 30 (LAW),2026-08-15T13:12:18.924137Z
1284,11276,2026-05-02T20:18:59+00:00,,,Other,,,,,CAR 14 (ALO) LAP DELETED - TRACK LIMITS AT TURN 15 LAP 9 16:18:13 (PIT),2026-08-15T13:12:18.924137Z
1284,11276,2026-05-02T20:19:22+00:00,,,Other,,,,,CAR 27 (HUL) LAP DELETED - TRACK LIMITS AT TURN 15 LAP 9 16:18:27 (PIT),2026-08-15T13:12:18.924137Z
1284,11276,2026-05-02T20:20:43+00:00,,,Flag,DOUBLE YELLOW,Sector,17.0,,DOUBLE YELLOW IN TRACK SECTOR 17,2026-08-15T13:12:18.924137Z
1284,11276,2026-05-02T20:21:23+00:00,,,Other,,,,,START OF Q2 WILL BE DELAYED,2026-08-15T13:12:18.924137Z
1284,11276,2026-05-02T20:21:34+00:00,,,Other,,,,,CAR 18 (STR) LAP DELETED - TRACK LIMITS AT TURN 15 LAP 10 16:20:01 (PIT),2026-08-15T13:12:18.924137Z
1284,11276,2026-05-02T20:21:55+00:00,,,Other,,,,,CAR 77 (BOT) LAP DELETED - DOUBLE YELLOW AT TURN 16,2026-08-15T13:12:18.924137Z
1284,11276,2026-05-02T20:22:30+00:00,,,Flag,CLEAR,Sector,17.0,,CLEAR IN TRACK SECTOR 17,2026-08-15T13:12:18.924137Z
1284,11276,2026-05-02T20:22:50+00:00,,,Other,,,,,"FIA STEWARDS: Q1 INCIDENT INVOLVING CARS 43 (COL), 23 (ALB), 55 (SAI), 5 (BOR), 44 (HAM), 14 (ALO), 18 (STR), 1 (NOR), 27 (HUL), 81 (PIA) AND 77 (BOT) NOTED - FAILING TO FOLLOW RACE DIRECTORS INSTRUCTIONS - MAXIMUM DELTA TIME",2026-08-15T13:12:18.924137Z
1284,11276,2026-05-02T20:23:05+00:00,,,Other,,,,,"FIA STEWARDS: Q1 INCIDENT INVOLVING CARS 43 (COL), 23 (ALB), 55 (SAI), 5 (BOR), 44 (HAM), 14 (ALO), 18 (STR), 1 (NOR), 27 (HUL), 81 (PIA) AND 77 (BOT) WILL BE INVESTIGATED AFTER THE SESSION - FAILING TO FOLLOW RACE DIRECTORS INSTRUCTIONS - MAXIMUM DELTA TIME",2026-08-15T13:12:18.924137Z
1284,11276,2026-05-02T20:23:29+00:00,,,Flag,DOUBLE YELLOW,Sector,17.0,,DOUBLE YELLOW IN TRACK SECTOR 17,2026-08-15T13:12:18.924137Z
1284,11276,2026-05-02T20:23:35+00:00,,,Flag,CLEAR,Sector,17.0,,CLEAR IN TRACK SECTOR 17,2026-08-15T13:12:18.924137Z
1284,11276,2026-05-02T20:23:45+00:00,,,Flag,DOUBLE YELLOW,Sector,17.0,,DOUBLE YELLOW IN TRACK SECTOR 17,2026-08-15T13:12:18.924137Z
1284,11276,2026-05-02T20:25:33+00:00,,,Other,,,,,TRACK SURFACE SLIPPERY IN TRACK SECTOR 17,2026-08-15T13:12:18.924137Z
1284,11276,2026-05-02T20:25:34+00:00,,,Flag,DOUBLE YELLOW,Sector,17.0,,DOUBLE YELLOW IN TRACK SECTOR 17,2026-08-15T13:12:18.924137Z
1284,11276,2026-05-02T20:25:48+00:00,,,Other,,,,,Q2 WILL START AT 16:29,2026-08-15T13:12:18.924137Z
1284,11276,2026-05-02T20:25:55+00:00,,,Other,,,,,TRACK SURFACE SLIPPERY IN TRACK SECTOR 17,2026-08-15T13:12:18.924137Z
1284,11276,2026-05-02T20:27:29+00:00,,,Flag,DOUBLE YELLOW,Sector,15.0,,DOUBLE YELLOW IN TRACK SECTOR 15,2026-08-15T13:12:18.924137Z
1284,11276,2026-05-02T20:27:29+00:00,,,Flag,DOUBLE YELLOW,Sector,16.0,,DOUBLE YELLOW IN TRACK SECTOR 16,2026-08-15T13:12:18.924137Z
1284,11276,2026-05-02T20:27:40+00:00,,,Flag,CLEAR,Sector,15.0,,CLEAR IN TRACK SECTOR 15,2026-08-15T13:12:18.924137Z
1284,11276,2026-05-02T20:27:40+00:00,,,Flag,CLEAR,Sector,16.0,,CLEAR IN TRACK SECTOR 16,2026-08-15T13:12:18.924137Z
1284,11276,2026-05-02T20:29:00.072000+00:00,,,SessionStatus,,,,2.0,SESSION STARTED,2026-08-15T13:12:18.924137Z
1284,11276,2026-05-02T20:29:00+00:00,,,Flag,GREEN,Track,,2.0,GREEN LIGHT - PIT EXIT OPEN,2026-08-15T13:12:18.924137Z
1284,11276,2026-05-02T20:33:01+00:00,,,Flag,CLEAR,Sector,17.0,2.0,CLEAR IN TRACK SECTOR 17,2026-08-15T13:12:18.924137Z
1284,11276,2026-05-02T20:34:15+00:00,,,Other,,,,,CAR 1 (NOR) LAP DELETED - TRACK LIMITS AT TURN 6 LAP 9 16:32:32 (PIT),2026-08-15T13:12:18.924137Z
1284,11276,2026-05-02T20:44:00.090000+00:00,,,SessionStatus,,,,2.0,SESSION FINISHED,2026-08-15T13:12:18.924137Z
1284,11276,2026-05-02T20:44:00+00:00,,,Flag,CHEQUERED,Track,,2.0,CHEQUERED FLAG,2026-08-15T13:12:18.924137Z
1284,11276,2026-05-02T20:44:07+00:00,,,Other,,,,,FIRST CAR TO TAKE THE FLAG - CAR 30 (LAW),2026-08-15T13:12:18.924137Z
1284,11276,2026-05-02T20:44:30+00:00,,,Other,,,,,CAR 12 (ANT) LAP DELETED - TRACK LIMITS AT TURN 5 LAP 13 16:43:03 (PIT),2026-08-15T13:12:18.924137Z
1284,11276,2026-05-02T20:46:37+00:00,,,Flag,DOUBLE YELLOW,Sector,6.0,2.0,DOUBLE YELLOW IN TRACK SECTOR 6,2026-08-15T13:12:18.924137Z
1284,11276,2026-05-02T20:46:59+00:00,,,Other,,,,,FIA STEWARDS: Q2 INCIDENT INVOLVING CARS 12 (ANT) AND 63 (RUS) NOTED - FAILING TO FOLLOW RACE DIRECTORS INSTRUCTIONS - MAXIMUM DELTA TIME,2026-08-15T13:12:18.924137Z
1284,11276,2026-05-02T20:47:04+00:00,,,Flag,DOUBLE YELLOW,Sector,15.0,2.0,DOUBLE YELLOW IN TRACK SECTOR 15,2026-08-15T13:12:18.924137Z
1284,11276,2026-05-02T20:47:04+00:00,,,Flag,DOUBLE YELLOW,Sector,16.0,2.0,DOUBLE YELLOW IN TRACK SECTOR 16,2026-08-15T13:12:18.924137Z
1284,11276,2026-05-02T20:47:10+00:00,,,Other,,,,,FIA STEWARDS: Q2 INCIDENT INVOLVING CARS 12 (ANT) AND 63 (RUS) WILL BE INVESTIGATED AFTER THE SESSION - FAILING TO FOLLOW RACE DIRECTORS INSTRUCTIONS - MAXIMUM DELTA TIME,2026-08-15T13:12:18.924137Z
1284,11276,2026-05-02T20:47:13+00:00,,,Flag,CLEAR,Sector,15.0,2.0,CLEAR IN TRACK SECTOR 15,2026-08-15T13:12:18.924137Z
1284,11276,2026-05-02T20:47:13+00:00,,,Flag,CLEAR,Sector,16.0,2.0,CLEAR IN TRACK SECTOR 16,2026-08-15T13:12:18.924137Z
1284,11276,2026-05-02T20:47:33+00:00,,,Flag,CLEAR,Sector,6.0,2.0,CLEAR IN TRACK SECTOR 6,2026-08-15T13:12:18.924137Z
1284,11276,2026-05-02T20:48:21+00:00,,,Other,,,,,Q3 WILL START AT 16:51,2026-08-15T13:12:18.924137Z
1284,11276,2026-05-02T20:51:00.080000+00:00,,,SessionStatus,,,,3.0,SESSION STARTED,2026-08-15T13:12:18.924137Z
1284,11276,2026-05-02T20:51:00+00:00,,,Flag,GREEN,Track,,3.0,GREEN LIGHT - PIT EXIT OPEN,2026-08-15T13:12:18.924137Z
1284,11276,2026-05-02T21:04:00.074000+00:00,,,SessionStatus,,,,3.0,SESSION FINISHED,2026-08-15T13:12:18.924137Z
1284,11276,2026-05-02T21:04:00+00:00,,,Flag,CHEQUERED,Track,,3.0,CHEQUERED FLAG,2026-08-15T13:12:18.924137Z
1284,11276,2026-05-02T21:04:05+00:00,,,Other,,,,,FIRST CAR TO TAKE THE FLAG - CAR 63 (RUS),2026-08-15T13:12:18.924137Z
1284,11276,2026-05-02T21:05:25+00:00,,,Other,,,,,CAR 43 (COL) LAP DELETED - TRACK LIMITS AT TURN 15 LAP 20 17:04:35 (PIT),2026-08-15T13:12:18.924137Z
1284,11276,2026-05-02T21:07:12+00:00,,,Flag,DOUBLE YELLOW,Sector,7.0,3.0,DOUBLE YELLOW IN TRACK SECTOR 7,2026-08-15T13:12:18.924137Z
1284,11276,2026-05-02T21:07:25+00:00,,,Flag,CLEAR,Sector,7.0,3.0,CLEAR IN TRACK SECTOR 7,2026-08-15T13:12:18.924137Z
1284,11276,2026-05-02T21:07:31+00:00,,,Other,,,,,"FIA STEWARDS: Q1 INCIDENT INVOLVING CARS 43 (COL), 23 (ALB), 55 (SAI), 5 (BOR), 44 (HAM), 14 (ALO), 18 (STR), 1 (NOR), 27 (HUL), 81 (PIA) AND 77 (BOT) NO FURTHER ACTION - FAILING TO FOLLOW RACE DIRECTORS INSTRUCTIONS - MAXIMUM DELTA TIME",2026-08-15T13:12:18.924137Z
1284,11276,2026-05-02T21:07:37+00:00,,,Other,,,,,FIA STEWARDS: Q2 INCIDENT INVOLVING CARS 12 (ANT) AND 63 (RUS) NO FURTHER ACTION - FAILING TO FOLLOW RACE DIRECTORS INSTRUCTIONS - MAXIMUM DELTA TIME,2026-08-15T13:12:18.924137Z
1284,11276,2026-05-02T21:09:18+00:00,,,Flag,DOUBLE YELLOW,Sector,17.0,3.0,DOUBLE YELLOW IN TRACK SECTOR 17,2026-08-15T13:12:18.924137Z
1284,11276,2026-05-02T21:10:25+00:00,,,Flag,DOUBLE YELLOW,Sector,21.0,3.0,DOUBLE YELLOW IN TRACK SECTOR 21,2026-08-15T13:12:18.924137Z
1284,11276,2026-05-02T21:10:40+00:00,,,Flag,CLEAR,Sector,17.0,3.0,CLEAR IN TRACK SECTOR 17,2026-08-15T13:12:18.924137Z
1284,11276,2026-05-02T21:14:35+00:00,,,Flag,DOUBLE YELLOW,Sector,15.0,3.0,DOUBLE YELLOW IN TRACK SECTOR 15,2026-08-15T13:12:18.924137Z
1284,11276,2026-05-02T21:14:35+00:00,,,Flag,DOUBLE YELLOW,Sector,16.0,3.0,DOUBLE YELLOW IN TRACK SECTOR 16,2026-08-15T13:12:18.924137Z
1284,11276,2026-05-02T21:15:14+00:00,,,Flag,CLEAR,Sector,15.0,3.0,CLEAR IN TRACK SECTOR 15,2026-08-15T13:12:18.924137Z
1284,11276,2026-05-02T21:15:14+00:00,,,Flag,CLEAR,Sector,16.0,3.0,CLEAR IN TRACK SECTOR 16,2026-08-15T13:12:18.924137Z
1284,11276,2026-05-02T21:16:12+00:00,,,Flag,CLEAR,Sector,21.0,3.0,CLEAR IN TRACK SECTOR 21,2026-08-15T13:12:18.924137Z
1285,11281,2026-05-22T16:29:39+00:00,,,Other,,,,,LOW GRIP DELTA ACTIVE,2026-08-15T13:13:13.670243Z
1285,11281,2026-05-22T16:29:42+00:00,,,Other,,,,,LOW GRIP CONDITIONS,2026-08-15T13:13:13.670243Z
1285,11281,2026-05-22T16:30:00.075000+00:00,,,SessionStatus,,,,,SESSION STARTED,2026-08-15T13:13:13.670243Z
1285,11281,2026-05-22T16:30:00+00:00,,,Flag,GREEN,Track,,,GREEN LIGHT - PIT EXIT OPEN,2026-08-15T13:13:13.670243Z
1285,11281,2026-05-22T16:31:08+00:00,,,Other,,,,,NORMAL GRIP CONDITIONS,2026-08-15T13:13:13.670243Z
1285,11281,2026-05-22T16:31:10+00:00,,,Other,,,,,NORMAL GRIP DELTA ACTIVE,2026-08-15T13:13:13.670243Z
1285,11281,2026-05-22T16:34:27+00:00,,,Other,,,,,YELLOW IN PIT LANE,2026-08-15T13:13:13.670243Z
1285,11281,2026-05-22T16:34:57+00:00,,,Other,,,,,PIT LANE CLEAR,2026-08-15T13:13:13.670243Z
1285,11281,2026-05-22T16:36:08+00:00,,,Other,,,,,CAR 1 (NOR) TIME 1:22.647 DELETED - TRACK LIMITS AT TURN 14 LAP 3 12:35:29,2026-08-15T13:13:13.670243Z
1285,11281,2026-05-22T16:38:02+00:00,,,Flag,DOUBLE YELLOW,Sector,4.0,,DOUBLE YELLOW IN TRACK SECTOR 4,2026-08-15T13:13:13.670243Z
1285,11281,2026-05-22T16:38:05+00:00,,,Flag,YELLOW,Sector,3.0,,YELLOW IN TRACK SECTOR 3,2026-08-15T13:13:13.670243Z
1285,11281,2026-05-22T16:38:25+00:00,,,SafetyCar,,,,,VSC DEPLOYED,2026-08-15T13:13:13.670243Z
1285,11281,2026-05-22T16:39:07+00:00,,,Other,,,,,MARSHALS ON TRACK AT TURN 4,2026-08-15T13:13:13.670243Z
1285,11281,2026-05-22T16:41:13.593000+00:00,,,SessionStatus,,,,,SESSION ABORTED,2026-08-15T13:13:13.670243Z
1285,11281,2026-05-22T16:41:14+00:00,,,Flag,RED,Track,,,RED FLAG,2026-08-15T13:13:13.670243Z
1285,11281,2026-05-22T16:41:14+00:00,,,Flag,CLEAR,Sector,3.0,,CLEAR IN TRACK SECTOR 3,2026-08-15T13:13:13.670243Z
1285,11281,2026-05-22T16:41:14+00:00,,,Flag,CLEAR,Sector,4.0,,CLEAR IN TRACK SECTOR 4,2026-08-15T13:13:13.670243Z
1285,11281,2026-05-22T16:42:02+00:00,,,Other,,,,,CAR 18 (STR) TIME 1:35.239 DELETED - TRACK LIMITS AT TURN 8 LAP 6 12:38:28,2026-08-15T13:13:13.670243Z
1285,11281,2026-05-22T16:42:58+00:00,,,Other,,,,,CAR 12 (ANT) TIME 1:41.379 DELETED - DOUBLE YELLOW AT TURN 4,2026-08-15T13:13:13.670243Z
1285,11281,2026-05-22T16:43:12+00:00,,,Flag,CLEAR,Track,,,TRACK CLEAR,2026-08-15T13:13:13.670243Z
1285,11281,2026-05-22T16:43:12+00:00,,,Flag,DOUBLE YELLOW,Sector,4.0,,DOUBLE YELLOW IN TRACK SECTOR 4,2026-08-15T13:13:13.670243Z
1285,11281,2026-05-22T16:43:14+00:00,,,Other,,,,,OVERTAKE ENABLED,2026-08-15T13:13:13.670243Z
1285,11281,2026-05-22T16:43:19+00:00,,,Other,,,,,CAR 18 (STR) TIME 1:35.239 DELETED - DOUBLE YELLOW AT TURN 4,2026-08-15T13:13:13.670243Z
1285,11281,2026-05-22T16:44:10+00:00,,,Flag,YELLOW,Sector,3.0,,YELLOW IN TRACK SECTOR 3,2026-08-15T13:13:13.670243Z
1285,11281,2026-05-22T16:44:21+00:00,,,Flag,CLEAR,Sector,3.0,,CLEAR IN TRACK SECTOR 3,2026-08-15T13:13:13.670243Z
1285,11281,2026-05-22T16:44:29+00:00,,,Other,,,,,SESSION WILL RESUME AT 12:46,2026-08-15T13:13:13.670243Z
1285,11281,2026-05-22T16:45:00+00:00,,,Flag,CLEAR,Sector,4.0,,CLEAR IN TRACK SECTOR 4,2026-08-15T13:13:13.670243Z
1285,11281,2026-05-22T16:46:00.071000+00:00,,,SessionStatus,,,,,SESSION STARTED,2026-08-15T13:13:13.670243Z
1285,11281,2026-05-22T16:46:00+00:00,,,Flag,GREEN,Track,,,GREEN LIGHT - PIT EXIT OPEN,2026-08-15T13:13:13.670243Z
1285,11281,2026-05-22T16:47:01+00:00,,,Other,,,,,FREE PRACTICE 1 WILL BE EXTENDED BY 4 MINUTES,2026-08-15T13:13:13.670243Z
1285,11281,2026-05-22T16:51:04+00:00,,,Other,,,,,CAR 81 (PIA) TIME 1:19.876 DELETED - TRACK LIMITS AT TURN 14 LAP 9 12:50:15,2026-08-15T13:13:13.670243Z
1285,11281,2026-05-22T16:54:15+00:00,,,Other,,,,,CAR 55 (SAI) TIME 1:29.887 DELETED - TRACK LIMITS AT TURN 8 LAP 13 12:53:05,2026-08-15T13:13:13.670243Z
1285,11281,2026-05-22T16:57:22+00:00,,,Other,,,,,TRACK SURFACE SLIPPERY IN TRACK SECTOR 7,2026-08-15T13:13:13.670243Z
1285,11281,2026-05-22T16:57:25+00:00,,,Flag,YELLOW,Sector,6.0,,YELLOW IN TRACK SECTOR 6,2026-08-15T13:13:13.670243Z
1285,11281,2026-05-22T16:57:27+00:00,,,Flag,DOUBLE YELLOW,Sector,7.0,,DOUBLE YELLOW IN TRACK SECTOR 7,2026-08-15T13:13:13.670243Z
1285,11281,2026-05-22T16:57:29.784000+00:00,,,SessionStatus,,,,,SESSION ABORTED,2026-08-15T13:13:13.670243Z
1285,11281,2026-05-22T16:57:30+00:00,,,Flag,RED,Track,,,RED FLAG,2026-08-15T13:13:13.670243Z
1285,11281,2026-05-22T16:57:30+00:00,,,Flag,CLEAR,Sector,6.0,,CLEAR IN TRACK SECTOR 6,2026-08-15T13:13:13.670243Z
1285,11281,2026-05-22T16:57:30+00:00,,,Flag,CLEAR,Sector,7.0,,CLEAR IN TRACK SECTOR 7,2026-08-15T13:13:13.670243Z
1285,11281,2026-05-22T16:57:42+00:00,,,Other,,,,,MEDICAL CAR DEPLOYED,2026-08-15T13:13:13.670243Z
1285,11281,2026-05-22T17:00:21+00:00,,,Other,,,,,CAR 14 (ALO) TIME 1:30.798 DELETED - TRACK LIMITS AT TURN 8 LAP 13 12:56:25,2026-08-15T13:13:13.670243Z
1285,11281,2026-05-22T17:00:41+00:00,,,Other,,,,,CAR 55 (SAI) LAP DELETED - DOUBLE YELLOW AT TURN 7,2026-08-15T13:13:13.670243Z
1285,11281,2026-05-22T17:00:49+00:00,,,Other,,,,,CAR 63 (RUS) LAP DELETED - DOUBLE YELLOW AT TURN 7,2026-08-15T13:13:13.670243Z
1285,11281,2026-05-22T17:00:54+00:00,,,Flag,CLEAR,Track,,,TRACK CLEAR,2026-08-15T13:13:13.670243Z
1285,11281,2026-05-22T17:00:56+00:00,,,Other,,,,,OVERTAKE ENABLED,2026-08-15T13:13:13.670243Z
1285,11281,2026-05-22T17:01:35+00:00,,,Other,,,,,CAR 55 (SAI) LAP DELETED - TRACK LIMITS AT TURN 1 LAP 16 12:56:56 (PIT),2026-08-15T13:13:13.670243Z
1285,11281,2026-05-22T17:02:13+00:00,,,Flag,DOUBLE YELLOW,Sector,7.0,,DOUBLE YELLOW IN TRACK SECTOR 7,2026-08-15T13:13:13.670243Z
1285,11281,2026-05-22T17:02:33+00:00,,,Flag,DOUBLE YELLOW,Sector,8.0,,DOUBLE YELLOW IN TRACK SECTOR 8,2026-08-15T13:13:13.670243Z
1285,11281,2026-05-22T17:02:46+00:00,,,Flag,YELLOW,Sector,8.0,,YELLOW IN TRACK SECTOR 8,2026-08-15T13:13:13.670243Z
1285,11281,2026-05-22T17:09:42+00:00,,,Flag,CLEAR,Sector,8.0,,CLEAR IN TRACK SECTOR 8,2026-08-15T13:13:13.670243Z
1285,11281,2026-05-22T17:11:19+00:00,,,Flag,CLEAR,Sector,7.0,,CLEAR IN TRACK SECTOR 7,2026-08-15T13:13:13.670243Z
1285,11281,2026-05-22T17:11:30+00:00,,,Other,,,,,SESSION WILL RESUME AT 13:13,2026-08-15T13:13:13.670243Z
1285,11281,2026-05-22T17:12:01+00:00,,,Other,,,,,FREE PRACTICE 1 WILL BE EXTENDED BY A FURTHER 15 MINUTES,2026-08-15T13:13:13.670243Z
1285,11281,2026-05-22T17:13:00.070000+00:00,,,SessionStatus,,,,,SESSION STARTED,2026-08-15T13:13:13.670243Z
1285,11281,2026-05-22T17:13:00+00:00,,,Flag,GREEN,Track,,,GREEN LIGHT - PIT EXIT OPEN,2026-08-15T13:13:13.670243Z
1285,11281,2026-05-22T17:18:34+00:00,,,Other,,,,,CAR 1 (NOR) TIME 1:22.073 DELETED - TRACK LIMITS AT TURN 4 LAP 16 13:16:27,2026-08-15T13:13:13.670243Z
1285,11281,2026-05-22T17:24:07+00:00,,,Other,,,,,CAR 1 (NOR) TIME 1:22.647 DELETED - TRACK LIMITS AT TURN 13 LAP 3 12:35:28,2026-08-15T13:13:13.670243Z
1285,11281,2026-05-22T17:25:41+00:00,,,Other,,,,,CAR 10 (GAS) TIME 1:22.745 DELETED - TRACK LIMITS AT TURN 8 LAP 14 13:21:04,2026-08-15T13:13:13.670243Z
1285,11281,2026-05-22T17:26:23+00:00,,,Flag,YELLOW,Sector,3.0,,YELLOW IN TRACK SECTOR 3,2026-08-15T13:13:13.670243Z
1285,11281,2026-05-22T17:26:26+00:00,,,Flag,CLEAR,Sector,3.0,,CLEAR IN TRACK SECTOR 3,2026-08-15T13:13:13.670243Z
1285,11281,2026-05-22T17:26:33+00:00,,,Other,,,,,CAR 12 (ANT) TIME 1:32.169 DELETED - TRACK LIMITS AT TURN 1 LAP 23 13:24:56,2026-08-15T13:13:13.670243Z
1285,11281,2026-05-22T17:27:38+00:00,,,Other,,,,,CAR 1 (NOR) TIME 1:27.775 DELETED - TRACK LIMITS AT TURN 4 LAP 23 13:26:20,2026-08-15T13:13:13.670243Z
1285,11281,2026-05-22T17:28:36+00:00,,,Other,,,,,CAR 3 (VER) TIME 1:21.338 DELETED - TRACK LIMITS AT TURN 8 LAP 18 13:24:18,2026-08-15T13:13:13.670243Z
1285,11281,2026-05-22T17:29:12+00:00,,,Other,,,,,CAR 44 (HAM) TIME 1:39.828 DELETED - TRACK LIMITS AT TURN 14 LAP 25 13:28:36,2026-08-15T13:13:13.670243Z
1285,11281,2026-05-22T17:36:57+00:00,,,Other,,,,,CAR 63 (RUS) TIME 1:32.242 DELETED - TRACK LIMITS AT TURN 1 LAP 28 13:35:23,2026-08-15T13:13:13.670243Z
1285,11281,2026-05-22T17:37:57+00:00,,,Other,,,,,CAR 81 (PIA) TIME 1:17.802 DELETED - TRACK LIMITS AT TURN 14 LAP 26 13:37:18,2026-08-15T13:13:13.670243Z
1285,11281,2026-05-22T17:39:36+00:00,,,Flag,YELLOW,Sector,11.0,,YELLOW IN TRACK SECTOR 11,2026-08-15T13:13:13.670243Z
1285,11281,2026-05-22T17:39:37+00:00,,,Flag,CLEAR,Sector,11.0,,CLEAR IN TRACK SECTOR 11,2026-08-15T13:13:13.670243Z
1285,11281,2026-05-22T17:40:58+00:00,,,Other,,,,,CAR 12 (ANT) LAP DELETED - TRACK LIMITS AT TURN 10 LAP 30 13:39:37,2026-08-15T13:13:13.670243Z
1285,11281,2026-05-22T17:41:18+00:00,,,Flag,DOUBLE YELLOW,Sector,1.0,,DOUBLE YELLOW IN TRACK SECTOR 1,2026-08-15T13:13:13.670243Z
1285,11281,2026-05-22T17:41:27+00:00,,,Flag,CLEAR,Sector,1.0,,CLEAR IN TRACK SECTOR 1,2026-08-15T13:13:13.670243Z
1285,11281,2026-05-22T17:43:01+00:00,,,Flag,DOUBLE YELLOW,Sector,4.0,,DOUBLE YELLOW IN TRACK SECTOR 4,2026-08-15T13:13:13.670243Z
1285,11281,2026-05-22T17:43:05+00:00,,,Flag,YELLOW,Sector,3.0,,YELLOW IN TRACK SECTOR 3,2026-08-15T13:13:13.670243Z
1285,11281,2026-05-22T17:43:12+00:00,,,Flag,CLEAR,Sector,3.0,,CLEAR IN TRACK SECTOR 3,2026-08-15T13:13:13.670243Z
1285,11281,2026-05-22T17:43:20.290000+00:00,,,SessionStatus,,,,,SESSION ABORTED,2026-08-15T13:13:13.670243Z
1285,11281,2026-05-22T17:43:20+00:00,,,Flag,RED,Track,,,RED FLAG,2026-08-15T13:13:13.670243Z
1285,11281,2026-05-22T17:43:20+00:00,,,Flag,CLEAR,Sector,4.0,,CLEAR IN TRACK SECTOR 4,2026-08-15T13:13:13.670243Z
1285,11281,2026-05-22T17:43:52+00:00,,,Flag,DOUBLE YELLOW,Sector,4.0,,DOUBLE YELLOW IN TRACK SECTOR 4,2026-08-15T13:13:13.670243Z
1285,11281,2026-05-22T17:44:33+00:00,,,Other,,,,,CAR 31 (OCO) TIME 1:27.343 DELETED - DOUBLE YELLOW AT TURN 1,2026-08-15T13:13:13.670243Z
1285,11281,2026-05-22T17:44:44+00:00,,,Other,,,,,CAR 44 (HAM) TIME 1:49.189 DELETED - DOUBLE YELLOW AT TURN 1,2026-08-15T13:13:13.670243Z
1285,11281,2026-05-22T17:44:52+00:00,,,Other,,,,,CAR 10 (GAS) TIME 1:40.561 DELETED - DOUBLE YELLOW AT TURN 1,2026-08-15T13:13:13.670243Z
1285,11281,2026-05-22T17:45:02+00:00,,,Other,,,,,CAR 16 (LEC) TIME 1:28.037 DELETED - DOUBLE YELLOW AT TURN 1,2026-08-15T13:13:13.670243Z
1285,11281,2026-05-22T17:45:22+00:00,,,Flag,CLEAR,Track,,,TRACK CLEAR,2026-08-15T13:13:13.670243Z
1285,11281,2026-05-22T17:45:24+00:00,,,Other,,,,,OVERTAKE ENABLED,2026-08-15T13:13:13.670243Z
1285,11281,2026-05-22T17:45:53+00:00,,,Other,,,,,CAR 31 (OCO) TIME 1:19.485 DELETED - TRACK LIMITS AT TURN 14 LAP 26 13:39:37,2026-08-15T13:13:13.670243Z
1285,11281,2026-05-22T17:45:56+00:00,,,Other,,,,,CAR 63 (RUS) LAP DELETED - TRACK LIMITS AT TURN 2 LAP 32 13:41:19 (PIT),2026-08-15T13:13:13.670243Z
1285,11281,2026-05-22T17:46:14+00:00,,,Flag,CLEAR,Sector,5.0,,CLEAR IN TRACK SECTOR 5,2026-08-15T13:13:13.670243Z
1285,11281,2026-05-22T17:46:32+00:00,,,Other,,,,,CAR 77 (BOT) LAP DELETED - DOUBLE YELLOW AT TURN 4,2026-08-15T13:13:13.670243Z
1285,11281,2026-05-22T17:46:40+00:00,,,Other,,,,,CAR 16 (LEC) LAP DELETED - DOUBLE YELLOW AT TURN 4,2026-08-15T13:13:13.670243Z
1285,11281,2026-05-22T17:46:54+00:00,,,Other,,,,,CAR 87 (BEA) LAP DELETED - DOUBLE YELLOW AT TURN 4,2026-08-15T13:13:13.670243Z
1285,11281,2026-05-22T17:47:11+00:00,,,Other,,,,,SESSION WILL RESUME AT 13:48,2026-08-15T13:13:13.670243Z
1285,11281,2026-05-22T17:47:23+00:00,,,Other,,,,,TRACK SURFACE SLIPPERY IN TRACK SECTOR 4,2026-08-15T13:13:13.670243Z
1285,11281,2026-05-22T17:47:45+00:00,,,Other,,,,,CAR 87 (BEA) TIME 1:29.883 DELETED - DOUBLE YELLOW AT TURN 1,2026-08-15T13:13:13.670243Z
1285,11281,2026-05-22T17:48:00.077000+00:00,,,SessionStatus,,,,,SESSION STARTED,2026-08-15T13:13:13.670243Z
1285,11281,2026-05-22T17:48:00+00:00,,,Flag,GREEN,Track,,,GREEN LIGHT - PIT EXIT OPEN,2026-08-15T13:13:13.670243Z
1285,11281,2026-05-22T17:49:00.088000+00:00,,,SessionStatus,,,,,SESSION FINISHED,2026-08-15T13:13:13.670243Z
1285,11281,2026-05-22T17:49:00+00:00,,,Flag,CHEQUERED,Track,,,CHEQUERED FLAG,2026-08-15T13:13:13.670243Z
1285,11281,2026-05-22T17:49:42+00:00,,,Other,,,,,FIRST CAR TO TAKE THE FLAG - CAR 81 (PIA),2026-08-15T13:13:13.670243Z
1285,11281,2026-05-22T17:51:29+00:00,,,Other,,,,,INCIDENT INVOLVING CAR 31 (OCO) NOTED - LEAVING PIT EXIT ON RED LIGHT,2026-08-15T13:13:13.670243Z
1285,11281,2026-05-22T17:51:53+00:00,,,Flag,CLEAR,Sector,4.0,,CLEAR IN TRACK SECTOR 4,2026-08-15T13:13:13.670243Z
1285,11281,2026-05-22T17:55:15+00:00,,,Other,,,,,LOW GRIP DELTA ACTIVE,2026-08-15T13:13:13.670243Z
1285,11281,2026-05-22T17:55:17+00:00,,,Other,,,,,LOW GRIP CONDITIONS,2026-08-15T13:13:13.670243Z
1285,11281,2026-05-22T17:57:47+00:00,,,Other,,,,,FIA STEWARDS: INCIDENT INVOLVING CAR 31 (OCO) WILL BE INVESTIGATED AFTER THE SESSION - LEAVING PIT EXIT ON RED LIGHT,2026-08-15T13:13:13.670243Z
1285,11281,2026-05-22T17:57:48+00:00,,,Flag,DOUBLE YELLOW,Sector,5.0,,DOUBLE YELLOW IN TRACK SECTOR 5,2026-08-15T13:13:13.670243Z
1285,11281,2026-05-22T17:58:02+00:00,,,Flag,CLEAR,Sector,5.0,,CLEAR IN TRACK SECTOR 5,2026-08-15T13:13:13.670243Z
1285,11281,2026-05-22T18:05:16+00:00,,,Other,,,,,START OF QUALIFYING WILL BE DELAYED,2026-08-15T13:13:13.670243Z
1285,11282,2026-05-22T20:30:00.066000+00:00,,,SessionStatus,,,,,SESSION STARTED,2026-08-15T13:13:18.573226Z
1285,11282,2026-05-22T20:30:00+00:00,,,Flag,GREEN,Track,,,GREEN LIGHT - PIT EXIT OPEN,2026-08-15T13:13:18.573226Z
1285,11282,2026-05-22T20:36:09+00:00,,,Other,,,,,CAR 44 (HAM) TIME 1:26.505 DELETED - TRACK LIMITS AT TURN 2 LAP 5 16:34:32,2026-08-15T13:13:18.573226Z
1285,11282,2026-05-22T20:37:12+00:00,,,Other,,,,,TURN 14 INCIDENT INVOLVING CAR 10 (GAS) NOTED - IMPEDING (16:34:57),2026-08-15T13:13:18.573226Z
1285,11282,2026-05-22T20:38:11+00:00,,,Other,,,,,CAR 16 (LEC) TIME 1:35.328 DELETED - TRACK LIMITS AT TURN 2 LAP 6 16:36:06,2026-08-15T13:13:18.573226Z
1285,11282,2026-05-22T20:38:39+00:00,,,Other,,,,,CAR 63 (RUS) TIME 1:18.246 DELETED - TRACK LIMITS AT TURN 14 LAP 5 16:37:23,2026-08-15T13:13:18.573226Z
1285,11282,2026-05-22T20:39:25+00:00,,,Other,,,,,CAR 63 (RUS) TIME 1:40.999 DELETED - TRACK LIMITS AT TURN 14 (NEXT LAP),2026-08-15T13:13:18.573226Z
1285,11282,2026-05-22T20:39:32+00:00,,,Other,,,,,CAR 16 (LEC) TIME 1:32.072 DELETED - TRACK LIMITS AT TURN 8 LAP 7 16:38:14,2026-08-15T13:13:18.573226Z
1285,11282,2026-05-22T20:40:03+00:00,,,Flag,YELLOW,Sector,3.0,,YELLOW IN TRACK SECTOR 3,2026-08-15T13:13:18.573226Z
1285,11282,2026-05-22T20:40:04+00:00,,,Flag,DOUBLE YELLOW,Sector,3.0,,DOUBLE YELLOW IN TRACK SECTOR 3,2026-08-15T13:13:18.573226Z
1285,11282,2026-05-22T20:40:14.322000+00:00,,,SessionStatus,,,,,SESSION ABORTED,2026-08-15T13:13:18.573226Z
1285,11282,2026-05-22T20:40:14+00:00,,,Flag,RED,Track,,,RED FLAG,2026-08-15T13:13:18.573226Z
1285,11282,2026-05-22T20:40:14+00:00,,,Flag,CLEAR,Sector,3.0,,CLEAR IN TRACK SECTOR 3,2026-08-15T13:13:18.573226Z
1285,11282,2026-05-22T20:40:15+00:00,,,Flag,YELLOW,Sector,2.0,,YELLOW IN TRACK SECTOR 2,2026-08-15T13:13:18.573226Z
1285,11282,2026-05-22T20:41:43+00:00,,,Other,,,,,CAR 6 (HAD) LAP DELETED - DOUBLE YELLOW AT TURN 3,2026-08-15T13:13:18.573226Z
1285,11282,2026-05-22T20:41:53+00:00,,,Other,,,,,CAR 6 (HAD) LAP DELETED - TRACK LIMITS AT TURN 2 LAP 7 16:39:57 (PIT),2026-08-15T13:13:18.573226Z
1285,11282,2026-05-22T20:41:58+00:00,,,Other,,,,,CAR 18 (STR) LAP DELETED - DOUBLE YELLOW AT TURN 3,2026-08-15T13:13:18.573226Z
1285,11282,2026-05-22T20:42:02+00:00,,,Other,,,,,CAR 44 (HAM) LAP DELETED - DOUBLE YELLOW AT TURN 3,2026-08-15T13:13:18.573226Z
1285,11282,2026-05-22T20:42:15+00:00,,,Flag,CLEAR,Track,,,TRACK CLEAR,2026-08-15T13:13:18.573226Z
1285,11282,2026-05-22T20:42:21+00:00,,,Other,,,,,OVERTAKE ENABLED,2026-08-15T13:13:18.573226Z
1285,11282,2026-05-22T20:42:42+00:00,,,Other,,,,,FIA STEWARDS: TURN 14 INCIDENT INVOLVING CAR 10 (GAS) REVIEWED NO FURTHER INVESTIGATION - IMPEDING (16:34:57),2026-08-15T13:13:18.573226Z
1285,11282,2026-05-22T20:43:04+00:00,,,Flag,DOUBLE YELLOW,Sector,3.0,,DOUBLE YELLOW IN TRACK SECTOR 3,2026-08-15T13:13:18.573226Z
1285,11282,2026-05-22T20:46:34+00:00,,,Flag,CLEAR,Sector,3.0,,CLEAR IN TRACK SECTOR 3,2026-08-15T13:13:18.573226Z
1285,11282,2026-05-22T20:54:38+00:00,,,Other,,,,,ESTIMATED TIME OF SQ1 RESUMPTION - 16:59,2026-08-15T13:13:18.573226Z
1285,11282,2026-05-22T20:55:42+00:00,,,Other,,,,,SQ1 WILL RESUME AT 16:59,2026-08-15T13:13:18.573226Z
1285,11282,2026-05-22T20:59:00.070000+00:00,,,SessionStatus,,,,,SESSION STARTED,2026-08-15T13:13:18.573226Z
1285,11282,2026-05-22T20:59:00+00:00,,,Flag,GREEN,Track,,,GREEN LIGHT - PIT EXIT OPEN,2026-08-15T13:13:18.573226Z
1285,11282,2026-05-22T21:00:46.079000+00:00,,,SessionStatus,,,,,SESSION FINISHED,2026-08-15T13:13:18.573226Z
1285,11282,2026-05-22T21:00:46+00:00,,,Flag,CHEQUERED,Track,,,CHEQUERED FLAG,2026-08-15T13:13:18.573226Z
1285,11282,2026-05-22T21:00:59+00:00,,,Other,,,,,FIRST CAR TO TAKE THE FLAG - CAR 87 (BEA),2026-08-15T13:13:18.573226Z
1285,11282,2026-05-22T21:02:49+00:00,,,Other,,,,,CAR 55 (SAI) TIME 1:17.365 DELETED - TRACK LIMITS AT TURN 14 LAP 10 17:01:49,2026-08-15T13:13:18.573226Z
1285,11282,2026-05-22T21:03:05+00:00,,,Other,,,,,CAR 44 (HAM) TIME 1:16.374 DELETED - TRACK LIMITS AT TURN 14 LAP 11 17:01:54,2026-08-15T13:13:18.573226Z
1285,11282,2026-05-22T21:03:39+00:00,,,Other,,,,,CAR 44 (HAM) LAP DELETED - TRACK LIMITS AT TURN 14 (NEXT LAP PIT),2026-08-15T13:13:18.573226Z
1285,11282,2026-05-22T21:04:35+00:00,,,Other,,,,,SQ2 WILL START AT 17:08,2026-08-15T13:13:18.573226Z
1285,11282,2026-05-22T21:06:07+00:00,,,Other,,,,,"FIA STEWARDS: SQ1 INCIDENT INVOLVING CARS 6 (HAD), 5 (BOR), 81 (PIA), 41 (LIN), 27 (HUL), 10 (GAS), 87 (BEA), 1 (NOR) AND 3 (VER) NOTED - FAILING TO FOLLOW RACE DIRECTORS INSTRUCTIONS - MAXIMUM DELTA TIME",2026-08-15T13:13:18.573226Z
1285,11282,2026-05-22T21:06:23+00:00,,,Other,,,,,"FIA STEWARDS: SQ1 INCIDENT INVOLVING CARS 6 (HAD), 5 (BOR), 81 (PIA), 41 (LIN), 27 (HUL), 10 (GAS), 87 (BEA), 1 (NOR) AND 3 (VER) WILL BE INVESTIGATED AFTER THE SESSION - FAILING TO FOLLOW RACE DIRECTORS INSTRUCTIONS - MAXIMUM DELTA TIME",2026-08-15T13:13:18.573226Z
1285,11282,2026-05-22T21:08:00.068000+00:00,,,SessionStatus,,,,2.0,SESSION STARTED,2026-08-15T13:13:18.573226Z
1285,11282,2026-05-22T21:08:00+00:00,,,Flag,GREEN,Track,,2.0,GREEN LIGHT - PIT EXIT OPEN,2026-08-15T13:13:18.573226Z
1285,11282,2026-05-22T21:14:51+00:00,,,Other,,,,,CAR 3 (VER) TIME 1:25.242 DELETED - TRACK LIMITS AT TURN 4 LAP 9 17:13:35,2026-08-15T13:13:18.573226Z
1285,11282,2026-05-22T21:15:39+00:00,,,Other,,,,,CAR 12 (ANT) LAP DELETED - TRACK LIMITS AT TURN 8 LAP 12 17:14:34,2026-08-15T13:13:18.573226Z
1285,11282,2026-05-22T21:17:25+00:00,,,Other,,,,,CAR 87 (BEA) TIME 1:30.951 DELETED - TRACK LIMITS AT TURN 8 LAP 16 17:16:23,2026-08-15T13:13:18.573226Z
1285,11282,2026-05-22T21:18:00.085000+00:00,,,SessionStatus,,,,2.0,SESSION FINISHED,2026-08-15T13:13:18.573226Z
1285,11282,2026-05-22T21:18:00+00:00,,,Flag,CHEQUERED,Track,,2.0,CHEQUERED FLAG,2026-08-15T13:13:18.573226Z
1285,11282,2026-05-22T21:18:14+00:00,,,Other,,,,,FIRST CAR TO TAKE THE FLAG - CAR 43 (COL),2026-08-15T13:13:18.573226Z
1285,11282,2026-05-22T21:18:39+00:00,,,Other,,,,,CAR 41 (LIN) TIME 1:17.019 DELETED - TRACK LIMITS AT TURN 10 LAP 14 17:16:50,2026-08-15T13:13:18.573226Z
1285,11282,2026-05-22T21:18:47+00:00,,,Other,,,,,CAR 87 (BEA) TIME 1:15.197 DELETED - TRACK LIMITS AT TURN 8 (NEXT LAP),2026-08-15T13:13:18.573226Z
1285,11282,2026-05-22T21:18:51+00:00,,,Other,,,,,CAR 41 (LIN) LAP DELETED - TRACK LIMITS AT TURN 10 (NEXT LAP PIT),2026-08-15T13:13:18.573226Z
1285,11282,2026-05-22T21:20:54+00:00,,,Other,,,,,"FIA STEWARDS: SQ2 INCIDENT INVOLVING CARS 55 (SAI), 12 (ANT), 5 (BOR) AND 41 (LIN) NOTED - FAILING TO FOLLOW RACE DIRECTORS INSTRUCTIONS - MAXIMUM DELTA TIME",2026-08-15T13:13:18.573226Z
1285,11282,2026-05-22T21:21:08+00:00,,,Other,,,,,"FIA STEWARDS: SQ2 INCIDENT INVOLVING CARS 55 (SAI), 12 (ANT), 5 (BOR) AND 41 (LIN) WILL BE INVESTIGATED AFTER THE SESSION - FAILING TO FOLLOW RACE DIRECTORS INSTRUCTIONS - MAXIMUM DELTA TIME",2026-08-15T13:13:18.573226Z
1285,11282,2026-05-22T21:21:45+00:00,,,Other,,,,,SQ3 WILL START AT 17:25,2026-08-15T13:13:18.573226Z
1285,11282,2026-05-22T21:25:00.078000+00:00,,,SessionStatus,,,,3.0,SESSION STARTED,2026-08-15T13:13:18.573226Z
1285,11282,2026-05-22T21:25:00+00:00,,,Flag,GREEN,Track,,3.0,GREEN LIGHT - PIT EXIT OPEN,2026-08-15T13:13:18.573226Z
1285,11282,2026-05-22T21:32:25+00:00,,,Other,,,,,CAR 55 (SAI) TIME 1:29.917 DELETED - TRACK LIMITS AT TURN 2 LAP 21 17:27:30,2026-08-15T13:13:18.573226Z
1285,11282,2026-05-22T21:33:00.063000+00:00,,,SessionStatus,,,,3.0,SESSION FINISHED,2026-08-15T13:13:18.573226Z
1285,11282,2026-05-22T21:33:00+00:00,,,Flag,CHEQUERED,Track,,3.0,CHEQUERED FLAG,2026-08-15T13:13:18.573226Z
1285,11282,2026-05-22T21:33:10+00:00,,,Other,,,,,FIRST CAR TO TAKE THE FLAG - CAR 55 (SAI),2026-08-15T13:13:18.573226Z
1285,11282,2026-05-22T21:35:51+00:00,,,Other,,,,,"FIA STEWARDS: SQ3 INCIDENT INVOLVING CARS 1 (NOR), 41 (LIN), 63 (RUS), 81 (PIA) AND 12 (ANT) NOTED - FAILING TO FOLLOW RACE DIRECTORS INSTRUCTIONS - MAXIMUM DELTA TIME",2026-08-15T13:13:18.573226Z
1285,11282,2026-05-22T21:36:00+00:00,,,Other,,,,,"FIA STEWARDS: SQ3 INCIDENT INVOLVING CARS 1 (NOR), 41 (LIN), 63 (RUS), 81 (PIA) AND 12 (ANT) WILL BE INVESTIGATED AFTER THE SESSION - FAILING TO FOLLOW RACE DIRECTORS INSTRUCTIONS - MAXIMUM DELTA TIME",2026-08-15T13:13:18.573226Z
1285,11282,2026-05-22T21:36:08+00:00,,,Other,,,,,"FIA STEWARDS: SQ1 INCIDENT INVOLVING CARS 6 (HAD), 5 (BOR), 81 (PIA), 41 (LIN), 27 (HUL), 10 (GAS), 87 (BEA), 1 (NOR) AND 3 (VER) NO FURTHER ACTION - FAILING TO FOLLOW RACE DIRECTORS INSTRUCTIONS - MAXIMUM DELTA TIME",2026-08-15T13:13:18.573226Z
1285,11282,2026-05-22T21:36:15+00:00,,,Other,,,,,"FIA STEWARDS: SQ2 INCIDENT INVOLVING CARS 55 (SAI), 12 (ANT), 5 (BOR) AND 41 (LIN) NO FURTHER ACTION - FAILING TO FOLLOW RACE DIRECTORS INSTRUCTIONS - MAXIMUM DELTA TIME",2026-08-15T13:13:18.573226Z
1285,11282,2026-05-22T21:36:32+00:00,,,Other,,,,,CAR 87 (BEA) TIME 1:15.197 WILL BE REINSTATED,2026-08-15T13:13:18.573226Z
1285,11282,2026-05-22T21:38:22+00:00,,,Flag,DOUBLE YELLOW,Sector,5.0,3.0,DOUBLE YELLOW IN TRACK SECTOR 5,2026-08-15T13:13:18.573226Z
1285,11282,2026-05-22T21:38:37+00:00,,,Other,,,,,"FIA STEWARDS: SQ3 INCIDENT INVOLVING CARS 1 (NOR), 41 (LIN), 63 (RUS), 81 (PIA) AND 12 (ANT) NO FURTHER ACTION - FAILING TO FOLLOW RACE DIRECTORS INSTRUCTIONS - MAXIMUM DELTA TIME",2026-08-15T13:13:18.573226Z
1285,11282,2026-05-22T21:38:54+00:00,,,Flag,CLEAR,Sector,5.0,3.0,CLEAR IN TRACK SECTOR 5,2026-08-15T13:13:18.573226Z
1285,11282,2026-05-22T21:55:08+00:00,,,Other,,,,,QUALIFYING WILL START AT 18:18,2026-08-15T13:13:18.573226Z
1285,11287,2026-05-23T20:00:00.077000+00:00,,,SessionStatus,,,,,SESSION STARTED,2026-08-15T13:14:04.451645Z
1285,11287,2026-05-23T20:00:00+00:00,,,Flag,GREEN,Track,,,GREEN LIGHT - PIT EXIT OPEN,2026-08-15T13:14:04.451645Z
1285,11287,2026-05-23T20:01:50+00:00,,,Other,,,,,INCIDENT INVOLVING CAR 14 (ALO) NOTED - UNSAFE RELEASE (15:59:18),2026-08-15T13:14:04.451645Z
1285,11287,2026-05-23T20:03:02+00:00,,,Other,,,,,INCIDENT INVOLVING CAR 18 (STR) NOTED - UNSAFE CONDITION,2026-08-15T13:14:04.451645Z
1285,11287,2026-05-23T20:03:33+00:00,,,Other,,,,,FIA STEWARDS: INCIDENT INVOLVING CAR 14 (ALO) WILL BE INVESTIGATED AFTER THE SESSION - UNSAFE RELEASE (15:59:18),2026-08-15T13:14:04.451645Z
1285,11287,2026-05-23T20:05:59+00:00,,,Other,,,,,TURN 13 INCIDENT INVOLVING CARS 11 (PER) AND 14 (ALO) NOTED (16:03:41),2026-08-15T13:14:04.451645Z
1285,11287,2026-05-23T20:06:55+00:00,,,Other,,,,,FIA STEWARDS: INCIDENT INVOLVING CAR 18 (STR) WILL BE INVESTIGATED AFTER THE SESSION - UNSAFE CONDITION,2026-08-15T13:14:04.451645Z
1285,11287,2026-05-23T20:07:24+00:00,,,Other,,,,,CAR 16 (LEC) TIME 1:16.346 DELETED - TRACK LIMITS AT TURN 14 LAP 4 16:06:29,2026-08-15T13:14:04.451645Z
1285,11287,2026-05-23T20:07:57+00:00,,,Other,,,,,TRACK SURFACE SLIPPERY IN TRACK SECTOR 13,2026-08-15T13:14:04.451645Z
1285,11287,2026-05-23T20:09:03+00:00,,,Other,,,,,CAR 27 (HUL) LAP DELETED - TRACK LIMITS AT TURN 1 LAP 6 16:07:37 (PIT),2026-08-15T13:14:04.451645Z
1285,11287,2026-05-23T20:09:40+00:00,,,Other,,,,,CAR 5 (BOR) TIME 1:19.122 DELETED - TRACK LIMITS AT TURN 4 LAP 6 16:08:01,2026-08-15T13:14:04.451645Z
1285,11287,2026-05-23T20:11:16+00:00,,,Other,,,,,UPDATE: TURN 13 INCIDENT INVOLVING CAR 11 (PER) NOTED - FAILING TO FOLLOW RACE DIRECTORS INSTRUCTIONS (16:03:41),2026-08-15T13:14:04.451645Z
1285,11287,2026-05-23T20:11:36+00:00,,,Other,,,,,FIA STEWARDS: TURN 13 INCIDENT INVOLVING CAR 11 (PER) WILL BE INVESTIGATED AFTER THE SESSION - FAILING TO FOLLOW RACE DIRECTORS INSTRUCTIONS (16:03:41),2026-08-15T13:14:04.451645Z
1285,11287,2026-05-23T20:13:09+00:00,,,Flag,CLEAR,Sector,13.0,,CLEAR IN TRACK SECTOR 13,2026-08-15T13:14:04.451645Z
1285,11287,2026-05-23T20:14:13+00:00,,,Other,,,,,TURN 8 INCIDENT INVOLVING CARS 44 (HAM) AND 10 (GAS) NOTED - IMPEDING (16:04:24),2026-08-15T13:14:04.451645Z
1285,11287,2026-05-23T20:15:26+00:00,,,Other,,,,,CAR 44 (HAM) TIME 1:30.923 DELETED - TRACK LIMITS AT TURN 1 LAP 10 16:13:55,2026-08-15T13:14:04.451645Z
1285,11287,2026-05-23T20:16:26+00:00,,,Other,,,,,CAR 77 (BOT) TIME 1:42.934 DELETED - TRACK LIMITS AT TURN 1 LAP 10 16:14:45,2026-08-15T13:14:04.451645Z
1285,11287,2026-05-23T20:17:30+00:00,,,Other,,,,,CAR 41 (LIN) TIME 1:14.785 DELETED - TRACK LIMITS AT TURN 14 LAP 12 16:16:36,2026-08-15T13:14:04.451645Z
1285,11287,2026-05-23T20:18:00.074000+00:00,,,SessionStatus,,,,,SESSION FINISHED,2026-08-15T13:14:04.451645Z
1285,11287,2026-05-23T20:18:00+00:00,,,Flag,CHEQUERED,Track,,,CHEQUERED FLAG,2026-08-15T13:14:04.451645Z
1285,11287,2026-05-23T20:18:13+00:00,,,Other,,,,,FIRST CAR TO TAKE THE FLAG - CAR 81 (PIA),2026-08-15T13:14:04.451645Z
1285,11287,2026-05-23T20:18:18+00:00,,,Other,,,,,CAR 41 (LIN) LAP DELETED - TRACK LIMITS AT TURN 14 (NEXT LAP PIT),2026-08-15T13:14:04.451645Z
1285,11287,2026-05-23T20:18:34+00:00,,,Other,,,,,CAR 81 (PIA) TIME 1:16.976 DELETED - TRACK LIMITS AT TURN 14 LAP 11 16:17:57,2026-08-15T13:14:04.451645Z
1285,11287,2026-05-23T20:19:08+00:00,,,Other,,,,,CAR 10 (GAS) LAP DELETED - TRACK LIMITS AT TURN 4 LAP 11 16:16:25,2026-08-15T13:14:04.451645Z
1285,11287,2026-05-23T20:19:36+00:00,,,Other,,,,,CAR 81 (PIA) LAP DELETED - TRACK LIMITS AT TURN 14 (NEXT LAP PIT),2026-08-15T13:14:04.451645Z
1285,11287,2026-05-23T20:19:59+00:00,,,Flag,DOUBLE YELLOW,Sector,3.0,,DOUBLE YELLOW IN TRACK SECTOR 3,2026-08-15T13:14:04.451645Z
1285,11287,2026-05-23T20:20:39+00:00,,,Other,,,,,TURN 5 INCIDENT INVOLVING CARS 18 (STR) AND 27 (HUL) NOTED - IMPEDING (16:17:48),2026-08-15T13:14:04.451645Z
1285,11287,2026-05-23T20:20:50+00:00,,,Other,,,,,CAR 18 (STR) LAP DELETED - TRACK LIMITS AT TURN 4 LAP 11 16:17:39 (PIT),2026-08-15T13:14:04.451645Z
1285,11287,2026-05-23T20:21:39+00:00,,,Other,,,,,"FIA STEWARDS: Q1 INCIDENT INVOLVING CARS 6 (HAD), 77 (BOT), 11 (PER), 5 (BOR), 44 (HAM), 10 (GAS) AND 43 (COL) NOTED - FAILING TO FOLLOW RACE DIRECTORS INSTRUCTIONS - MAXIMUM DELTA TIME",2026-08-15T13:14:04.451645Z
1285,11287,2026-05-23T20:22:19+00:00,,,Other,,,,,"FIA STEWARDS: Q1 INCIDENT INVOLVING CARS 6 (HAD), 77 (BOT), 11 (PER), 5 (BOR), 44 (HAM), 10 (GAS) AND 43 (COL) WILL BE INVESTIGATED AFTER THE SESSION - FAILING TO FOLLOW RACE DIRECTORS INSTRUCTIONS - MAXIMUM DELTA TIME",2026-08-15T13:14:04.451645Z
1285,11287,2026-05-23T20:22:59+00:00,,,Flag,CLEAR,Sector,3.0,,CLEAR IN TRACK SECTOR 3,2026-08-15T13:14:04.451645Z
1285,11287,2026-05-23T20:23:38+00:00,,,Other,,,,,FIA STEWARDS: TURN 8 INCIDENT INVOLVING CARS 44 (HAM) AND 10 (GAS) WILL BE INVESTIGATED AFTER THE SESSION - IMPEDING (16:04:24),2026-08-15T13:14:04.451645Z
1285,11287,2026-05-23T20:25:00.069000+00:00,,,SessionStatus,,,,2.0,SESSION STARTED,2026-08-15T13:14:04.451645Z
1285,11287,2026-05-23T20:25:00+00:00,,,Flag,GREEN,Track,,2.0,GREEN LIGHT - PIT EXIT OPEN,2026-08-15T13:14:04.451645Z
1285,11287,2026-05-23T20:28:48+00:00,,,Other,,,,,FIA STEWARDS: TURN 5 INCIDENT INVOLVING CARS 18 (STR) AND 27 (HUL) WILL BE INVESTIGATED AFTER THE SESSION - IMPEDING (16:17:48),2026-08-15T13:14:04.451645Z
1285,11287,2026-05-23T20:30:23+00:00,,,Other,,,,,CAR 30 (LAW) TIME 1:16.871 DELETED - TRACK LIMITS AT TURN 14 LAP 16 16:29:48,2026-08-15T13:14:04.451645Z
1285,11287,2026-05-23T20:30:39+00:00,,,Other,,,,,CAR 3 (VER) TIME 1:27.471 DELETED - TRACK LIMITS AT TURN 1 LAP 9 16:29:11,2026-08-15T13:14:04.451645Z
1285,11287,2026-05-23T20:33:04+00:00,,,Other,,,,,CAR 87 (BEA) LAP DELETED - TRACK LIMITS AT TURN 8 LAP 18 16:32:20 (PIT),2026-08-15T13:14:04.451645Z
1285,11287,2026-05-23T20:38:10+00:00,,,Other,,,,,CAR 63 (RUS) TIME 1:30.454 DELETED - TRACK LIMITS AT TURN 1 LAP 14 16:36:38,2026-08-15T13:14:04.451645Z
1285,11287,2026-05-23T20:38:39+00:00,,,Other,,,,,CAR 27 (HUL) TIME 1:16.884 DELETED - TRACK LIMITS AT TURN 14 LAP 19 16:36:52,2026-08-15T13:14:04.451645Z
1285,11287,2026-05-23T20:38:42+00:00,,,Other,,,,,CAR 87 (BEA) TIME 1:18.636 DELETED - TRACK LIMITS AT TURN 14 LAP 20 16:36:59,2026-08-15T13:14:04.451645Z
1285,11287,2026-05-23T20:38:44+00:00,,,Other,,,,,CAR 27 (HUL) TIME 1:34.852 DELETED - TRACK LIMITS AT TURN 14 (NEXT LAP),2026-08-15T13:14:04.451645Z
1285,11287,2026-05-23T20:40:00.071000+00:00,,,SessionStatus,,,,2.0,SESSION FINISHED,2026-08-15T13:14:04.451645Z
1285,11287,2026-05-23T20:40:00+00:00,,,Flag,CHEQUERED,Track,,2.0,CHEQUERED FLAG,2026-08-15T13:14:04.451645Z
1285,11287,2026-05-23T20:40:16+00:00,,,Other,,,,,FIRST CAR TO TAKE THE FLAG - CAR 87 (BEA),2026-08-15T13:14:04.451645Z
1285,11287,2026-05-23T20:42:45+00:00,,,Other,,,,,"FIA STEWARDS: Q2 INCIDENT INVOLVING CARS 6 (HAD), 5 (BOR), 41 (LIN), 43 (COL), 10 (GAS) AND 12 (ANT) NOTED - FAILING TO FOLLOW RACE DIRECTORS INSTRUCTIONS - MAXIMUM DELTA TIME",2026-08-15T13:14:04.451645Z
1285,11287,2026-05-23T20:43:53+00:00,,,Other,,,,,"FIA STEWARDS: Q2 INCIDENT INVOLVING CARS 6 (HAD), 5 (BOR), 41 (LIN), 43 (COL), 10 (GAS) AND 12 (ANT) WILL BE INVESTIGATED AFTER THE SESSION - FAILING TO FOLLOW RACE DIRECTORS INSTRUCTIONS - MAXIMUM DELTA TIME",2026-08-15T13:14:04.451645Z
1285,11287,2026-05-23T20:47:00.066000+00:00,,,SessionStatus,,,,3.0,SESSION STARTED,2026-08-15T13:14:04.451645Z
1285,11287,2026-05-23T20:47:00+00:00,,,Flag,GREEN,Track,,3.0,GREEN LIGHT - PIT EXIT OPEN,2026-08-15T13:14:04.451645Z
1285,11287,2026-05-23T21:00:00.087000+00:00,,,SessionStatus,,,,3.0,SESSION FINISHED,2026-08-15T13:14:04.451645Z
1285,11287,2026-05-23T21:00:00+00:00,,,Flag,CHEQUERED,Track,,3.0,CHEQUERED FLAG,2026-08-15T13:14:04.451645Z
1285,11287,2026-05-23T21:00:09+00:00,,,Other,,,,,FIRST CAR TO TAKE THE FLAG - CAR 81 (PIA),2026-08-15T13:14:04.451645Z
1285,11287,2026-05-23T21:02:16+00:00,,,Other,,,,,FIA STEWARDS: Q3 INCIDENT INVOLVING CAR 43 (COL) NOTED - FAILING TO FOLLOW RACE DIRECTORS INSTRUCTIONS - MAXIMUM DELTA TIME,2026-08-15T13:14:04.451645Z
1285,11287,2026-05-23T21:02:34+00:00,,,Other,,,,,"FIA STEWARDS: Q1 INCIDENT INVOLVING CARS 6 (HAD), 77 (BOT), 11 (PER), 5 (BOR), 44 (HAM), 10 (GAS) AND 43 (COL) NO FURTHER ACTION - FAILING TO FOLLOW RACE DIRECTORS INSTRUCTIONS - MAXIMUM DELTA TIME",2026-08-15T13:14:04.451645Z
1285,11287,2026-05-23T21:02:41+00:00,,,Other,,,,,"FIA STEWARDS: Q2 INCIDENT INVOLVING CARS 6 (HAD), 5 (BOR), 41 (LIN), 43 (COL), 10 (GAS) AND 12 (ANT) NO FURTHER ACTION - FAILING TO FOLLOW RACE DIRECTORS INSTRUCTIONS - MAXIMUM DELTA TIME",2026-08-15T13:14:04.451645Z
1285,11287,2026-05-23T21:03:19+00:00,,,Other,,,,,FIA STEWARDS: Q3 INCIDENT INVOLVING CAR 43 (COL) WILL BE INVESTIGATED AFTER THE SESSION - FAILING TO FOLLOW RACE DIRECTORS INSTRUCTIONS - MAXIMUM DELTA TIME,2026-08-15T13:14:04.451645Z
1285,11287,2026-05-23T21:03:37+00:00,,,Other,,,,,CAR LEC TIME 1:36.518 DELETED - TRACK LIMITS AT TURN 14 (NEXT LAP) (Q1),2026-08-15T13:14:04.451645Z
1285,11287,2026-05-23T21:04:20+00:00,,,Other,,,,,CAR LAW TIME DELETED - TRACK LIMITS AT TURN 14 (NEXT LAP PIT) (Q2),2026-08-15T13:14:04.451645Z
1285,11287,2026-05-23T21:06:01+00:00,,,Other,,,,,CAR BEA TIME 1:39.643 DELETED - TRACK LIMITS AT TURN 14 (NEXT LAP) (Q2),2026-08-15T13:14:04.451645Z
1285,11287,2026-05-23T21:06:07+00:00,,,Other,,,,,FIA STEWARDS: Q3 INCIDENT INVOLVING CAR 43 (COL) NO FURTHER ACTION - FAILING TO FOLLOW RACE DIRECTORS INSTRUCTIONS - MAXIMUM DELTA TIME,2026-08-15T13:14:04.451645Z
1285,11291,2026-05-24T19:08:32+00:00,,1,Other,,,,,LIGHT BLUE HEAD PADDING MATERIAL MUST BE USED,2026-08-15T13:14:12.293706Z
1285,11291,2026-05-24T19:08:38+00:00,,1,Other,,,,,AWNINGS MAY BE USED,2026-08-15T13:14:12.293706Z
1285,11291,2026-05-24T19:20:01+00:00,,1,Flag,GREEN,Track,,,GREEN LIGHT - PIT EXIT OPEN,2026-08-15T13:14:12.293706Z
1285,11291,2026-05-24T19:29:48+00:00,,1,Other,,,,,AWNINGS TO BE REMOVED,2026-08-15T13:14:12.293706Z
1285,11291,2026-05-24T19:30:01+00:00,,1,Other,,,,,PIT EXIT CLOSED,2026-08-15T13:14:12.293706Z
1285,11291,2026-05-24T19:32:11+00:00,,1,Other,,,,,"FIA STEWARDS: INCIDENT INVOLVING CARS 5 (BOR), 77 (BOT) AND 10 (GAS) NOTED - FAILING TO FOLLOW RACE DIRECTORS INSTRUCTIONS - MAXIMUM DELTA TIME",2026-08-15T13:14:12.293706Z
1285,11291,2026-05-24T19:32:16+00:00,,1,Other,,,,,"FIA STEWARDS: INCIDENT INVOLVING CARS 5 (BOR), 77 (BOT) AND 10 (GAS) WILL BE INVESTIGATED AFTER THE RACE - FAILING TO FOLLOW RACE DIRECTORS INSTRUCTIONS - MAXIMUM DELTA TIME",2026-08-15T13:14:12.293706Z
1285,11291,2026-05-24T19:45:07+00:00,,1,Other,,,,,RISK OF RAIN FOR THE F1 RACE IS 50%,2026-08-15T13:14:12.293706Z
1285,11291,2026-05-24T19:57:04+00:00,,1,Other,,,,,OVERTAKE DISABLED,2026-08-15T13:14:12.293706Z
1285,11291,2026-05-24T20:03:19+00:00,,1,Other,,,,,EXTRA FORMATION LAP,2026-08-15T13:14:12.293706Z
1285,11291,2026-05-24T20:04:39+00:00,,1,Flag,YELLOW,Sector,15.0,,YELLOW IN TRACK SECTOR 15,2026-08-15T13:14:12.293706Z
1285,11291,2026-05-24T20:05:50+00:00,,1,Flag,DOUBLE YELLOW,Sector,15.0,,DOUBLE YELLOW IN TRACK SECTOR 15,2026-08-15T13:14:12.293706Z
1285,11291,2026-05-24T20:06:36+00:00,,1,Other,,,,,EXTRA FORMATION LAP,2026-08-15T13:14:12.293706Z
1285,11291,2026-05-24T20:06:37+00:00,,1,Flag,CLEAR,Sector,15.0,,CLEAR IN TRACK SECTOR 15,2026-08-15T13:14:12.293706Z
1285,11291,2026-05-24T20:09:47.754000+00:00,,1,SessionStatus,,,,,SESSION STARTED,2026-08-15T13:14:12.293706Z
1285,11291,2026-05-24T20:09:48+00:00,,1,Flag,GREEN,Track,,,GREEN LIGHT - PIT EXIT OPEN,2026-08-15T13:14:12.293706Z
1285,11291,2026-05-24T20:11:04+00:00,,1,Other,,,,,OVERTAKE ENABLED,2026-08-15T13:14:12.293706Z
1285,11291,2026-05-24T20:12:54+00:00,,3,Other,,,,,INCIDENT INVOLVING CARS 77 (BOT) AND 18 (STR) NOTED - STARTING PROCEDURE INFRINGEMENT - OUT OF POSITION AT SAFETY CAR LINE,2026-08-15T13:14:12.293706Z
1285,11291,2026-05-24T20:13:25+00:00,,3,Other,,,,,INCIDENT INVOLVING CARS 30 (LAW) AND 27 (HUL) NOTED - STARTING PROCEDURE INFRINGEMENT - OUT OF POSITION AT SAFETY CAR LINE,2026-08-15T13:14:12.293706Z
1285,11291,2026-05-24T20:14:01+00:00,,4,Other,,,,,CAR 23 (ALB) TIME 1:25.514 DELETED - TRACK LIMITS AT TURN 14 LAP 2 16:12:46,2026-08-15T13:14:12.293706Z
1285,11291,2026-05-24T20:15:46+00:00,,5,Other,,,,,CAR 1 (NOR) TIME 1:21.170 DELETED - TRACK LIMITS AT TURN 4 LAP 4 16:14:33,2026-08-15T13:14:12.293706Z
1285,11291,2026-05-24T20:16:33+00:00,,6,Other,,,,,CAR 6 (HAD) TIME 1:18.960 DELETED - TRACK LIMITS AT TURN 14 LAP 4 16:15:12,2026-08-15T13:14:12.293706Z
1285,11291,2026-05-24T20:18:19+00:00,,7,Other,,,,,CAR 10 (GAS) TIME 1:20.937 DELETED - TRACK LIMITS AT TURN 14 LAP 4 16:15:23,2026-08-15T13:14:12.293706Z
1285,11291,2026-05-24T20:18:21+00:00,,7,Other,,,,,CAR 27 (HUL) TIME 1:21.051 DELETED - TRACK LIMITS AT TURN 14 LAP 4 16:15:43,2026-08-15T13:14:12.293706Z
1285,11291,2026-05-24T20:19:42+00:00,,8,Other,,,,,CAR 12 (ANT) TIME 1:17.710 DELETED - TRACK LIMITS AT TURN 14 LAP 6 16:17:41,2026-08-15T13:14:12.293706Z
1285,11291,2026-05-24T20:20:41+00:00,,9,Other,,,,,INCIDENT INVOLVING CAR 27 (HUL) NOTED - SPEEDING IN THE PIT LANE,2026-08-15T13:14:12.293706Z
1285,11291,2026-05-24T20:21:54+00:00,,10,Other,,,,,FIA STEWARDS: INCIDENT INVOLVING CARS 77 (BOT) AND 18 (STR) NO FURTHER ACTION - STARTING PROCEDURE INFRINGEMENT - OUT OF POSITION AT SAFETY CAR LINE,2026-08-15T13:14:12.293706Z
1285,11291,2026-05-24T20:22:16+00:00,77.0,10,Flag,BLUE,Driver,,,WAVED BLUE FLAG FOR CAR 77 (BOT) TIMED AT 16:22:15,2026-08-15T13:14:12.293706Z
1285,11291,2026-05-24T20:22:33+00:00,,10,Other,,,,,CAR 27 (HUL) TIME 1:21.876 DELETED - TRACK LIMITS AT TURN 10 LAP 6 16:18:05,2026-08-15T13:14:12.293706Z
1285,11291,2026-05-24T20:22:34+00:00,,10,Other,,,,,CAR 31 (OCO) TIME 1:23.526 DELETED - TRACK LIMITS AT TURN 8 LAP 7 16:18:58,2026-08-15T13:14:12.293706Z
1285,11291,2026-05-24T20:22:35+00:00,,10,Other,,,,,CAR 5 (BOR) TIME 1:18.545 DELETED - TRACK LIMITS AT TURN 14 LAP 7 16:19:50,2026-08-15T13:14:12.293706Z
1285,11291,2026-05-24T20:23:22+00:00,77.0,11,Flag,BLUE,Driver,,,WAVED BLUE FLAG FOR CAR 77 (BOT) TIMED AT 16:23:22,2026-08-15T13:14:12.293706Z
1285,11291,2026-05-24T20:23:36+00:00,77.0,11,Flag,BLUE,Driver,,,WAVED BLUE FLAG FOR CAR 77 (BOT) TIMED AT 16:23:35,2026-08-15T13:14:12.293706Z
1285,11291,2026-05-24T20:23:41+00:00,,11,Other,,,,,CAR 18 (STR) TIME 1:23.593 DELETED - TRACK LIMITS AT TURN 8 LAP 8 16:20:29,2026-08-15T13:14:12.293706Z
1285,11291,2026-05-24T20:23:52+00:00,,11,Other,,,,,TURN 13 INCIDENT INVOLVING CAR 5 (BOR) NOTED - LEAVING THE TRACK AND GAINING AN ADVANTAGE (16:19:44),2026-08-15T13:14:12.293706Z
1285,11291,2026-05-24T20:25:06+00:00,,12,Other,,,,,FIA STEWARDS: INCIDENT INVOLVING CAR 27 (HUL) UNDER INVESTIGATION - SPEEDING IN THE PIT LANE,2026-08-15T13:14:12.293706Z
1285,11291,2026-05-24T20:25:33+00:00,,13,Other,,,,,CAR 55 (SAI) TIME 1:17.454 DELETED - TRACK LIMITS AT TURN 14 LAP 11 16:24:53,2026-08-15T13:14:12.293706Z
1285,11291,2026-05-24T20:25:42+00:00,,13,Flag,YELLOW,Sector,11.0,,YELLOW IN TRACK SECTOR 11,2026-08-15T13:14:12.293706Z
1285,11291,2026-05-24T20:25:43+00:00,,13,Other,,,,,FIA STEWARDS: 5 SECOND TIME PENALTY FOR CAR 27 (HUL) - SPEEDING IN THE PIT LANE,2026-08-15T13:14:12.293706Z
1285,11291,2026-05-24T20:25:50+00:00,,13,Flag,YELLOW,Sector,12.0,,YELLOW IN TRACK SECTOR 12,2026-08-15T13:14:12.293706Z
1285,11291,2026-05-24T20:25:53+00:00,,13,Flag,DOUBLE YELLOW,Sector,11.0,,DOUBLE YELLOW IN TRACK SECTOR 11,2026-08-15T13:14:12.293706Z
1285,11291,2026-05-24T20:25:54+00:00,,13,Flag,YELLOW,Sector,11.0,,YELLOW IN TRACK SECTOR 11,2026-08-15T13:14:12.293706Z
1285,11291,2026-05-24T20:25:58+00:00,,13,Flag,CLEAR,Sector,12.0,,CLEAR IN TRACK SECTOR 12,2026-08-15T13:14:12.293706Z
1285,11291,2026-05-24T20:26:23+00:00,,13,Other,,,,,TRACK SURFACE SLIPPERY IN TRACK SECTOR 12,2026-08-15T13:14:12.293706Z
1285,11291,2026-05-24T20:26:27+00:00,77.0,13,Flag,BLUE,Driver,,,WAVED BLUE FLAG FOR CAR 77 (BOT) TIMED AT 16:26:26,2026-08-15T13:14:12.293706Z
1285,11291,2026-05-24T20:26:28+00:00,,13,Flag,CLEAR,Sector,12.0,,CLEAR IN TRACK SECTOR 12,2026-08-15T13:14:12.293706Z
1285,11291,2026-05-24T20:27:15+00:00,,14,Other,,,,,TRACK SURFACE SLIPPERY IN TRACK SECTOR 12,2026-08-15T13:14:12.293706Z
1285,11291,2026-05-24T20:27:24+00:00,81.0,14,Flag,BLUE,Driver,,,WAVED BLUE FLAG FOR CAR 81 (PIA) TIMED AT 16:27:23,2026-08-15T13:14:12.293706Z
1285,11291,2026-05-24T20:27:39+00:00,81.0,14,Flag,BLUE,Driver,,,WAVED BLUE FLAG FOR CAR 81 (PIA) TIMED AT 16:27:38,2026-08-15T13:14:12.293706Z
1285,11291,2026-05-24T20:27:44+00:00,77.0,14,Flag,BLUE,Driver,,,WAVED BLUE FLAG FOR CAR 77 (BOT) TIMED AT 16:27:43,2026-08-15T13:14:12.293706Z
1285,11291,2026-05-24T20:27:45+00:00,,14,Flag,CLEAR,Sector,11.0,,CLEAR IN TRACK SECTOR 11,2026-08-15T13:14:12.293706Z
1285,11291,2026-05-24T20:27:55+00:00,,14,Other,,,,,TRACK SURFACE SLIPPERY IN TRACK SECTOR 11,2026-08-15T13:14:12.293706Z
1285,11291,2026-05-24T20:27:59+00:00,77.0,15,Flag,BLUE,Driver,,,WAVED BLUE FLAG FOR CAR 77 (BOT) TIMED AT 16:27:59,2026-08-15T13:14:12.293706Z
1285,11291,2026-05-24T20:28:37+00:00,,15,Flag,CLEAR,Sector,11.0,,CLEAR IN TRACK SECTOR 11,2026-08-15T13:14:12.293706Z
1285,11291,2026-05-24T20:28:42+00:00,,15,Other,,,,,TRACK SURFACE SLIPPERY IN TRACK SECTOR 11,2026-08-15T13:14:12.293706Z
1285,11291,2026-05-24T20:28:49+00:00,,15,Flag,CLEAR,Sector,11.0,,CLEAR IN TRACK SECTOR 11,2026-08-15T13:14:12.293706Z
1285,11291,2026-05-24T20:29:05+00:00,,15,Other,,,,,CAR 63 (RUS) TIME 1:16.804 DELETED - TRACK LIMITS AT TURN 10 LAP 12 16:24:58,2026-08-15T13:14:12.293706Z
1285,11291,2026-05-24T20:29:40+00:00,,16,Flag,CLEAR,Sector,12.0,,CLEAR IN TRACK SECTOR 12,2026-08-15T13:14:12.293706Z
1285,11291,2026-05-24T20:29:48+00:00,81.0,16,Flag,BLUE,Driver,,,WAVED BLUE FLAG FOR CAR 81 (PIA) TIMED AT 16:29:48,2026-08-15T13:14:12.293706Z
1285,11291,2026-05-24T20:29:58+00:00,,16,Other,,,,,TURN 10 INCIDENT INVOLVING CARS 81 (PIA) AND 23 (ALB) NOTED - CAUSING A COLLISION (16:25:37),2026-08-15T13:14:12.293706Z
1285,11291,2026-05-24T20:29:58+00:00,81.0,16,Flag,BLUE,Driver,,,WAVED BLUE FLAG FOR CAR 81 (PIA) TIMED AT 16:29:58,2026-08-15T13:14:12.293706Z
1285,11291,2026-05-24T20:30:11+00:00,81.0,16,Flag,BLUE,Driver,,,WAVED BLUE FLAG FOR CAR 81 (PIA) TIMED AT 16:30:10,2026-08-15T13:14:12.293706Z
1285,11291,2026-05-24T20:30:43+00:00,,17,Other,,,,,CAR 16 (LEC) TIME 1:20.202 DELETED - TRACK LIMITS AT TURN 8 LAP 14 16:27:29,2026-08-15T13:14:12.293706Z
1285,11291,2026-05-24T20:30:46+00:00,,17,Other,,,,,CAR 87 (BEA) TIME 1:17.509 DELETED - TRACK LIMITS AT TURN 14 LAP 15 16:29:52,2026-08-15T13:14:12.293706Z
1285,11291,2026-05-24T20:32:38+00:00,31.0,18,Flag,BLUE,Driver,,,WAVED BLUE FLAG FOR CAR 31 (OCO) TIMED AT 16:32:38,2026-08-15T13:14:12.293706Z
1285,11291,2026-05-24T20:33:02+00:00,18.0,19,Flag,BLUE,Driver,,,WAVED BLUE FLAG FOR CAR 18 (STR) TIMED AT 16:33:02,2026-08-15T13:14:12.293706Z
1285,11291,2026-05-24T20:33:06+00:00,,19,Other,,,,,FIA STEWARDS: INCIDENT INVOLVING CARS 30 (LAW) AND 27 (HUL) UNDER INVESTIGATION - STARTING PROCEDURE INFRINGEMENT - OUT OF POSITION AT SAFETY CAR LINE,2026-08-15T13:14:12.293706Z
1285,11291,2026-05-24T20:33:36+00:00,,19,Flag,YELLOW,Sector,11.0,,YELLOW IN TRACK SECTOR 11,2026-08-15T13:14:12.293706Z
1285,11291,2026-05-24T20:33:39+00:00,,19,Flag,CLEAR,Sector,11.0,,CLEAR IN TRACK SECTOR 11,2026-08-15T13:14:12.293706Z
1285,11291,2026-05-24T20:34:05+00:00,,19,Other,,,,,CAR 1 (NOR) TIME 1:23.114 DELETED - TRACK LIMITS AT TURN 10 LAP 16 16:31:10,2026-08-15T13:14:12.293706Z
1285,11291,2026-05-24T20:34:07+00:00,77.0,19,Flag,BLUE,Driver,,,WAVED BLUE FLAG FOR CAR 77 (BOT) TIMED AT 16:34:07,2026-08-15T13:14:12.293706Z
1285,11291,2026-05-24T20:34:17+00:00,,20,Other,,,,,FIA STEWARDS: TURN 13 INCIDENT INVOLVING CAR 5 (BOR) REVIEWED NO FURTHER INVESTIGATION - LEAVING THE TRACK AND GAINING AN ADVANTAGE (16:19:44),2026-08-15T13:14:12.293706Z
1285,11291,2026-05-24T20:34:43+00:00,14.0,20,Flag,BLUE,Driver,,,WAVED BLUE FLAG FOR CAR 14 (ALO) TIMED AT 16:34:42,2026-08-15T13:14:12.293706Z
1285,11291,2026-05-24T20:35:00+00:00,,20,Other,,,,,INCIDENT INVOLVING CAR 87 (BEA) NOTED - YELLOW FLAG INFRINGEMENT (16:26:52),2026-08-15T13:14:12.293706Z
1285,11291,2026-05-24T20:35:32+00:00,,20,Other,,,,,INCIDENT INVOLVING CAR 14 (ALO) NOTED - YELLOW FLAG INFRINGEMENT (16:25:49),2026-08-15T13:14:12.293706Z
1285,11291,2026-05-24T20:35:52+00:00,18.0,21,Flag,BLUE,Driver,,,WAVED BLUE FLAG FOR CAR 18 (STR) TIMED AT 16:35:52,2026-08-15T13:14:12.293706Z
1285,11291,2026-05-24T20:36:00+00:00,18.0,21,Flag,BLUE,Driver,,,WAVED BLUE FLAG FOR CAR 18 (STR) TIMED AT 16:36:00,2026-08-15T13:14:12.293706Z
1285,11291,2026-05-24T20:36:19+00:00,14.0,21,Flag,BLUE,Driver,,,WAVED BLUE FLAG FOR CAR 14 (ALO) TIMED AT 16:36:19,2026-08-15T13:14:12.293706Z
1285,11291,2026-05-24T20:36:36+00:00,77.0,21,Flag,BLUE,Driver,,,WAVED BLUE FLAG FOR CAR 77 (BOT) TIMED AT 16:36:36,2026-08-15T13:14:12.293706Z
1285,11291,2026-05-24T20:37:03+00:00,11.0,22,Flag,BLUE,Driver,,,WAVED BLUE FLAG FOR CAR 11 (PER) TIMED AT 16:37:02,2026-08-15T13:14:12.293706Z
1285,11291,2026-05-24T20:37:04+00:00,77.0,22,Flag,BLUE,Driver,,,WAVED BLUE FLAG FOR CAR 77 (BOT) TIMED AT 16:37:03,2026-08-15T13:14:12.293706Z
1285,11291,2026-05-24T20:37:11+00:00,11.0,22,Flag,BLUE,Driver,,,WAVED BLUE FLAG FOR CAR 11 (PER) TIMED AT 16:37:10,2026-08-15T13:14:12.293706Z
1285,11291,2026-05-24T20:37:15+00:00,14.0,22,Flag,BLUE,Driver,,,WAVED BLUE FLAG FOR CAR 14 (ALO) TIMED AT 16:37:15,2026-08-15T13:14:12.293706Z
1285,11291,2026-05-24T20:37:31+00:00,77.0,22,Flag,BLUE,Driver,,,WAVED BLUE FLAG FOR CAR 77 (BOT) TIMED AT 16:37:30,2026-08-15T13:14:12.293706Z
1285,11291,2026-05-24T20:37:42+00:00,,22,Other,,,,,CAR 77 (BOT) TIME 1:21.843 DELETED - TRACK LIMITS AT TURN 10 LAP 17 16:33:34,2026-08-15T13:14:12.293706Z
1285,11291,2026-05-24T20:37:46+00:00,77.0,22,Flag,BLUE,Driver,,,WAVED BLUE FLAG FOR CAR 77 (BOT) TIMED AT 16:37:45,2026-08-15T13:14:12.293706Z
1285,11291,2026-05-24T20:37:51+00:00,,22,Other,,,,,FIA STEWARDS: TURN 10 INCIDENT INVOLVING CARS 81 (PIA) AND 23 (ALB) UNDER INVESTIGATION - CAUSING A COLLISION (16:25:37),2026-08-15T13:14:12.293706Z
1285,11291,2026-05-24T20:38:36+00:00,,23,Other,,,,,FIA STEWARDS: 10 SECOND TIME PENALTY FOR CAR 81 (PIA) - CAUSING A COLLISION (16:25:37),2026-08-15T13:14:12.293706Z
1285,11291,2026-05-24T20:38:48+00:00,,23,Other,,,,,CAR 1 (NOR) TIME 1:18.118 DELETED - TRACK LIMITS AT TURN 14 LAP 18 16:34:05,2026-08-15T13:14:12.293706Z
1285,11291,2026-05-24T20:38:51+00:00,,23,Other,,,,,CAR 3 (VER) TIME 1:16.180 DELETED - TRACK LIMITS AT TURN 14 LAP 20 16:35:33,2026-08-15T13:14:12.293706Z
1285,11291,2026-05-24T20:38:52+00:00,,23,Other,,,,,CAR 18 (STR) TIME 1:23.042 DELETED - TRACK LIMITS AT TURN 10 LAP 20 16:37:11,2026-08-15T13:14:12.293706Z
1285,11291,2026-05-24T20:38:53+00:00,18.0,23,Flag,BLUE,Driver,,,WAVED BLUE FLAG FOR CAR 18 (STR) TIMED AT 16:38:52,2026-08-15T13:14:12.293706Z
1285,11291,2026-05-24T20:38:59+00:00,18.0,23,Flag,BLUE,Driver,,,WAVED BLUE FLAG FOR CAR 18 (STR) TIMED AT 16:38:59,2026-08-15T13:14:12.293706Z
1285,11291,2026-05-24T20:39:04+00:00,1.0,23,Flag,BLUE,Driver,,,WAVED BLUE FLAG FOR CAR 1 (NOR) TIMED AT 16:39:03,2026-08-15T13:14:12.293706Z
1285,11291,2026-05-24T20:39:43+00:00,18.0,24,Flag,BLUE,Driver,,,WAVED BLUE FLAG FOR CAR 18 (STR) TIMED AT 16:39:42,2026-08-15T13:14:12.293706Z
1285,11291,2026-05-24T20:39:49+00:00,77.0,24,Flag,BLUE,Driver,,,WAVED BLUE FLAG FOR CAR 77 (BOT) TIMED AT 16:39:49,2026-08-15T13:14:12.293706Z
1285,11291,2026-05-24T20:40:10+00:00,,24,Other,,,,,CAR 44 (HAM) TIME 1:20.199 DELETED - TRACK LIMITS AT TURN 8 LAP 22 16:37:36,2026-08-15T13:14:12.293706Z
1285,11291,2026-05-24T20:40:23+00:00,,24,Other,,,,,FIA STEWARDS: PENALTY SERVED - 5 SECOND TIME PENALTY FOR CAR 27 (HUL) - SPEEDING IN THE PIT LANE,2026-08-15T13:14:12.293706Z
1285,11291,2026-05-24T20:40:28+00:00,81.0,24,Flag,BLUE,Driver,,,WAVED BLUE FLAG FOR CAR 81 (PIA) TIMED AT 16:40:28,2026-08-15T13:14:12.293706Z
1285,11291,2026-05-24T20:40:41+00:00,14.0,25,Flag,BLUE,Driver,,,WAVED BLUE FLAG FOR CAR 14 (ALO) TIMED AT 16:40:41,2026-08-15T13:14:12.293706Z
1285,11291,2026-05-24T20:41:19+00:00,77.0,25,Flag,BLUE,Driver,,,WAVED BLUE FLAG FOR CAR 77 (BOT) TIMED AT 16:41:19,2026-08-15T13:14:12.293706Z
1285,11291,2026-05-24T20:42:11+00:00,77.0,26,Flag,BLUE,Driver,,,WAVED BLUE FLAG FOR CAR 77 (BOT) TIMED AT 16:42:11,2026-08-15T13:14:12.293706Z
1285,11291,2026-05-24T20:42:13+00:00,,26,Other,,,,,FIA STEWARDS: INCIDENT INVOLVING CARS 30 (LAW) AND 27 (HUL) WILL BE INVESTIGATED AFTER THE RACE - STARTING PROCEDURE INFRINGEMENT - OUT OF POSITION AT SAFETY CAR LINE,2026-08-15T13:14:12.293706Z
1285,11291,2026-05-24T20:42:32+00:00,77.0,26,Flag,BLUE,Driver,,,WAVED BLUE FLAG FOR CAR 77 (BOT) TIMED AT 16:42:31,2026-08-15T13:14:12.293706Z
1285,11291,2026-05-24T20:43:00+00:00,,26,Other,,,,,TURN 13 INCIDENT INVOLVING CARS 12 (ANT) AND 63 (RUS) NOTED (16:40:28),2026-08-15T13:14:12.293706Z
1285,11291,2026-05-24T20:43:05+00:00,77.0,26,Flag,BLUE,Driver,,,WAVED BLUE FLAG FOR CAR 77 (BOT) TIMED AT 16:43:04,2026-08-15T13:14:12.293706Z
1285,11291,2026-05-24T20:43:33+00:00,,27,Other,,,,,CAR 12 (ANT) TIME 1:16.465 DELETED - TRACK LIMITS AT TURN 10 LAP 24 16:40:10,2026-08-15T13:14:12.293706Z
1285,11291,2026-05-24T20:44:44+00:00,,28,Other,,,,,CAR 81 (PIA) TIME 1:16.666 DELETED - TRACK LIMITS AT TURN 14 LAP 18 16:34:20,2026-08-15T13:14:12.293706Z
1285,11291,2026-05-24T20:45:07+00:00,18.0,28,Flag,BLUE,Driver,,,WAVED BLUE FLAG FOR CAR 18 (STR) TIMED AT 16:45:06,2026-08-15T13:14:12.293706Z
1285,11291,2026-05-24T20:46:58+00:00,18.0,29,Flag,BLUE,Driver,,,WAVED BLUE FLAG FOR CAR 18 (STR) TIMED AT 16:46:58,2026-08-15T13:14:12.293706Z
1285,11291,2026-05-24T20:47:02+00:00,,30,Other,,,,,FIA STEWARDS: TURN 13 INCIDENT INVOLVING CARS 12 (ANT) AND 63 (RUS) REVIEWED NO FURTHER INVESTIGATION (16:40:28),2026-08-15T13:14:12.293706Z
1285,11291,2026-05-24T20:47:11+00:00,18.0,30,Flag,BLUE,Driver,,,WAVED BLUE FLAG FOR CAR 18 (STR) TIMED AT 16:47:11,2026-08-15T13:14:12.293706Z
1285,11291,2026-05-24T20:47:20+00:00,18.0,30,Flag,BLUE,Driver,,,WAVED BLUE FLAG FOR CAR 18 (STR) TIMED AT 16:47:19,2026-08-15T13:14:12.293706Z
1285,11291,2026-05-24T20:47:47+00:00,31.0,30,Flag,BLUE,Driver,,,WAVED BLUE FLAG FOR CAR 31 (OCO) TIMED AT 16:47:46,2026-08-15T13:14:12.293706Z
1285,11291,2026-05-24T20:47:50+00:00,,30,Other,,,,,CAR 63 (RUS) TIME 1:16.828 DELETED - TRACK LIMITS AT TURN 14 LAP 24 16:40:29,2026-08-15T13:14:12.293706Z
1285,11291,2026-05-24T20:47:54+00:00,,30,Flag,DOUBLE YELLOW,Sector,10.0,,DOUBLE YELLOW IN TRACK SECTOR 10,2026-08-15T13:14:12.293706Z
1285,11291,2026-05-24T20:47:57+00:00,,30,Flag,YELLOW,Sector,9.0,,YELLOW IN TRACK SECTOR 9,2026-08-15T13:14:12.293706Z
1285,11291,2026-05-24T20:48:25+00:00,,31,SafetyCar,,,,,VSC DEPLOYED,2026-08-15T13:14:12.293706Z
1285,11291,2026-05-24T20:49:47+00:00,,31,Other,,,,,MARSHALS ON TRACK AT TURN 9,2026-08-15T13:14:12.293706Z
1285,11291,2026-05-24T20:51:33+00:00,,32,SafetyCar,,,,,VSC ENDING,2026-08-15T13:14:12.293706Z
1285,11291,2026-05-24T20:51:33+00:00,,32,Flag,CLEAR,Sector,10.0,,CLEAR IN TRACK SECTOR 10,2026-08-15T13:14:12.293706Z
1285,11291,2026-05-24T20:51:36+00:00,,32,Flag,CLEAR,Sector,9.0,,CLEAR IN TRACK SECTOR 9,2026-08-15T13:14:12.293706Z
1285,11291,2026-05-24T20:51:38+00:00,,32,Flag,CLEAR,Sector,10.0,,CLEAR IN TRACK SECTOR 10,2026-08-15T13:14:12.293706Z
1285,11291,2026-05-24T20:51:45+00:00,,32,Flag,CLEAR,Track,,,TRACK CLEAR,2026-08-15T13:14:12.293706Z
1285,11291,2026-05-24T20:51:45+00:00,11.0,32,Flag,BLUE,Driver,,,WAVED BLUE FLAG FOR CAR 11 (PER) TIMED AT 16:51:45,2026-08-15T13:14:12.293706Z
1285,11291,2026-05-24T20:51:45+00:00,81.0,32,Flag,BLUE,Driver,,,WAVED BLUE FLAG FOR CAR 81 (PIA) TIMED AT 16:51:45,2026-08-15T13:14:12.293706Z
1285,11291,2026-05-24T20:51:47+00:00,,32,Other,,,,,OVERTAKE ENABLED,2026-08-15T13:14:12.293706Z
1285,11291,2026-05-24T20:52:00+00:00,,33,Other,,,,,CAR 5 (BOR) TIME 1:44.804 DELETED - TRACK LIMITS AT TURN 14 LAP 30 16:50:47,2026-08-15T13:14:12.293706Z
1285,11291,2026-05-24T20:52:31+00:00,31.0,33,Flag,BLUE,Driver,,,WAVED BLUE FLAG FOR CAR 31 (OCO) TIMED AT 16:52:30,2026-08-15T13:14:12.293706Z
1285,11291,2026-05-24T20:52:55+00:00,87.0,33,Flag,BLUE,Driver,,,WAVED BLUE FLAG FOR CAR 87 (BEA) TIMED AT 16:52:55,2026-08-15T13:14:12.293706Z
1285,11291,2026-05-24T20:53:12+00:00,87.0,33,Flag,BLUE,Driver,,,WAVED BLUE FLAG FOR CAR 87 (BEA) TIMED AT 16:53:12,2026-08-15T13:14:12.293706Z
1285,11291,2026-05-24T20:53:14+00:00,,33,Other,,,,,INCIDENT INVOLVING CAR 63 (RUS) NOTED (16:47:47),2026-08-15T13:14:12.293706Z
1285,11291,2026-05-24T20:53:23+00:00,87.0,34,Flag,BLUE,Driver,,,WAVED BLUE FLAG FOR CAR 87 (BEA) TIMED AT 16:53:23,2026-08-15T13:14:12.293706Z
1285,11291,2026-05-24T20:53:27+00:00,,34,Other,,,,,FIA STEWARDS: INCIDENT INVOLVING CAR 63 (RUS) WILL BE INVESTIGATED AFTER THE RACE (16:47:47),2026-08-15T13:14:12.293706Z
1285,11291,2026-05-24T20:53:31+00:00,18.0,34,Flag,BLUE,Driver,,,WAVED BLUE FLAG FOR CAR 18 (STR) TIMED AT 16:53:30,2026-08-15T13:14:12.293706Z
1285,11291,2026-05-24T20:53:50+00:00,81.0,34,Flag,BLUE,Driver,,,WAVED BLUE FLAG FOR CAR 81 (PIA) TIMED AT 16:53:49,2026-08-15T13:14:12.293706Z
1285,11291,2026-05-24T20:54:08+00:00,81.0,34,Flag,BLUE,Driver,,,WAVED BLUE FLAG FOR CAR 81 (PIA) TIMED AT 16:54:07,2026-08-15T13:14:12.293706Z
1285,11291,2026-05-24T20:54:16+00:00,18.0,34,Flag,BLUE,Driver,,,WAVED BLUE FLAG FOR CAR 18 (STR) TIMED AT 16:54:15,2026-08-15T13:14:12.293706Z
1285,11291,2026-05-24T20:54:31+00:00,55.0,34,Flag,BLUE,Driver,,,WAVED BLUE FLAG FOR CAR 55 (SAI) TIMED AT 16:54:31,2026-08-15T13:14:12.293706Z
1285,11291,2026-05-24T20:54:44+00:00,11.0,35,Flag,BLUE,Driver,,,WAVED BLUE FLAG FOR CAR 11 (PER) TIMED AT 16:54:44,2026-08-15T13:14:12.293706Z
1285,11291,2026-05-24T20:55:02+00:00,,35,Other,,,,,FIA STEWARDS: INCIDENT INVOLVING CAR 14 (ALO) REVIEWED NO FURTHER INVESTIGATION - YELLOW FLAG INFRINGEMENT (16:25:49),2026-08-15T13:14:12.293706Z
1285,11291,2026-05-24T20:55:12+00:00,11.0,35,Flag,BLUE,Driver,,,WAVED BLUE FLAG FOR CAR 11 (PER) TIMED AT 16:55:11,2026-08-15T13:14:12.293706Z
1285,11291,2026-05-24T20:55:34+00:00,31.0,35,Flag,BLUE,Driver,,,WAVED BLUE FLAG FOR CAR 31 (OCO) TIMED AT 16:55:34,2026-08-15T13:14:12.293706Z
1285,11291,2026-05-24T20:55:49+00:00,18.0,36,Flag,BLUE,Driver,,,WAVED BLUE FLAG FOR CAR 18 (STR) TIMED AT 16:55:48,2026-08-15T13:14:12.293706Z
1285,11291,2026-05-24T20:56:07+00:00,18.0,36,Flag,BLUE,Driver,,,WAVED BLUE FLAG FOR CAR 18 (STR) TIMED AT 16:56:07,2026-08-15T13:14:12.293706Z
1285,11291,2026-05-24T20:56:12+00:00,31.0,36,Flag,BLUE,Driver,,,WAVED BLUE FLAG FOR CAR 31 (OCO) TIMED AT 16:56:11,2026-08-15T13:14:12.293706Z
1285,11291,2026-05-24T20:56:18+00:00,,36,Other,,,,,INCIDENT INVOLVING CAR 6 (HAD) NOTED - YELLOW FLAG INFRINGEMENT (16:47:57),2026-08-15T13:14:12.293706Z
1285,11291,2026-05-24T20:56:56+00:00,18.0,36,Flag,BLUE,Driver,,,WAVED BLUE FLAG FOR CAR 18 (STR) TIMED AT 16:56:56,2026-08-15T13:14:12.293706Z
1285,11291,2026-05-24T20:58:01+00:00,87.0,37,Flag,BLUE,Driver,,,WAVED BLUE FLAG FOR CAR 87 (BEA) TIMED AT 16:58:00,2026-08-15T13:14:12.293706Z
1285,11291,2026-05-24T20:58:19+00:00,87.0,38,Flag,BLUE,Driver,,,WAVED BLUE FLAG FOR CAR 87 (BEA) TIMED AT 16:58:19,2026-08-15T13:14:12.293706Z
1285,11291,2026-05-24T20:58:29+00:00,18.0,38,Flag,BLUE,Driver,,,WAVED BLUE FLAG FOR CAR 18 (STR) TIMED AT 16:58:29,2026-08-15T13:14:12.293706Z
1285,11291,2026-05-24T20:58:51+00:00,55.0,38,Flag,BLUE,Driver,,,WAVED BLUE FLAG FOR CAR 55 (SAI) TIMED AT 16:58:51,2026-08-15T13:14:12.293706Z
1285,11291,2026-05-24T20:59:05+00:00,55.0,38,Flag,BLUE,Driver,,,WAVED BLUE FLAG FOR CAR 55 (SAI) TIMED AT 16:59:04,2026-08-15T13:14:12.293706Z
1285,11291,2026-05-24T20:59:33+00:00,18.0,38,Flag,BLUE,Driver,,,WAVED BLUE FLAG FOR CAR 18 (STR) TIMED AT 16:59:33,2026-08-15T13:14:12.293706Z
1285,11291,2026-05-24T20:59:36+00:00,,39,Other,,,,,TURN 13 INCIDENT INVOLVING CAR 6 (HAD) NOTED - MORE THAN ONE CHANGE OF DIRECTION,2026-08-15T13:14:12.293706Z
1285,11291,2026-05-24T20:59:46+00:00,18.0,39,Flag,BLUE,Driver,,,WAVED BLUE FLAG FOR CAR 18 (STR) TIMED AT 16:59:45,2026-08-15T13:14:12.293706Z
1285,11291,2026-05-24T21:00:36+00:00,77.0,39,Flag,BLUE,Driver,,,WAVED BLUE FLAG FOR CAR 77 (BOT) TIMED AT 17:00:36,2026-08-15T13:14:12.293706Z
1285,11291,2026-05-24T21:00:44+00:00,77.0,39,Flag,BLUE,Driver,,,WAVED BLUE FLAG FOR CAR 77 (BOT) TIMED AT 17:00:43,2026-08-15T13:14:12.293706Z
1285,11291,2026-05-24T21:01:02+00:00,,40,Other,,,,,FIA STEWARDS: INCIDENT INVOLVING CAR 87 (BEA) REVIEWED NO FURTHER INVESTIGATION - YELLOW FLAG INFRINGEMENT (16:26:52),2026-08-15T13:14:12.293706Z
1285,11291,2026-05-24T21:01:37+00:00,,40,Flag,YELLOW,Sector,11.0,,YELLOW IN TRACK SECTOR 11,2026-08-15T13:14:12.293706Z
1285,11291,2026-05-24T21:01:42+00:00,,40,Flag,CLEAR,Sector,11.0,,CLEAR IN TRACK SECTOR 11,2026-08-15T13:14:12.293706Z
1285,11291,2026-05-24T21:02:13+00:00,31.0,41,Flag,BLUE,Driver,,,WAVED BLUE FLAG FOR CAR 31 (OCO) TIMED AT 17:02:13,2026-08-15T13:14:12.293706Z
1285,11291,2026-05-24T21:02:20+00:00,55.0,41,Flag,BLUE,Driver,,,WAVED BLUE FLAG FOR CAR 55 (SAI) TIMED AT 17:02:19,2026-08-15T13:14:12.293706Z
1285,11291,2026-05-24T21:02:20+00:00,11.0,41,Flag,BLUE,Driver,,,WAVED BLUE FLAG FOR CAR 11 (PER) TIMED AT 17:02:20,2026-08-15T13:14:12.293706Z
1285,11291,2026-05-24T21:03:15+00:00,87.0,41,Flag,BLUE,Driver,,,WAVED BLUE FLAG FOR CAR 87 (BEA) TIMED AT 17:03:15,2026-08-15T13:14:12.293706Z
1285,11291,2026-05-24T21:03:23+00:00,87.0,41,Flag,BLUE,Driver,,,WAVED BLUE FLAG FOR CAR 87 (BEA) TIMED AT 17:03:23,2026-08-15T13:14:12.293706Z
1285,11291,2026-05-24T21:03:51+00:00,18.0,42,Flag,BLUE,Driver,,,WAVED BLUE FLAG FOR CAR 18 (STR) TIMED AT 17:03:51,2026-08-15T13:14:12.293706Z
1285,11291,2026-05-24T21:03:56+00:00,18.0,42,Flag,BLUE,Driver,,,WAVED BLUE FLAG FOR CAR 18 (STR) TIMED AT 17:03:55,2026-08-15T13:14:12.293706Z
1285,11291,2026-05-24T21:04:20+00:00,11.0,42,Flag,BLUE,Driver,,,WAVED BLUE FLAG FOR CAR 11 (PER) TIMED AT 17:04:19,2026-08-15T13:14:12.293706Z
1285,11291,2026-05-24T21:04:32+00:00,11.0,42,Flag,BLUE,Driver,,,WAVED BLUE FLAG FOR CAR 11 (PER) TIMED AT 17:04:31,2026-08-15T13:14:12.293706Z
1285,11291,2026-05-24T21:05:05+00:00,31.0,43,Flag,BLUE,Driver,,,WAVED BLUE FLAG FOR CAR 31 (OCO) TIMED AT 17:05:04,2026-08-15T13:14:12.293706Z
1285,11291,2026-05-24T21:05:33+00:00,,43,Other,,,,,FIA STEWARDS: TURN 13 INCIDENT INVOLVING CAR 6 (HAD) UNDER INVESTIGATION - MORE THAN ONE CHANGE OF DIRECTION (16:54:33),2026-08-15T13:14:12.293706Z
1285,11291,2026-05-24T21:06:23+00:00,,44,Other,,,,,INCIDENT INVOLVING CAR 11 (PER) NOTED - IGNORING BLUE FLAGS (17:02:52),2026-08-15T13:14:12.293706Z
1285,11291,2026-05-24T21:06:37+00:00,31.0,44,Flag,BLUE,Driver,,,WAVED BLUE FLAG FOR CAR 31 (OCO) TIMED AT 17:06:37,2026-08-15T13:14:12.293706Z
1285,11291,2026-05-24T21:06:47+00:00,,44,Other,,,,,FIA STEWARDS: 10 SECOND TIME PENALTY FOR CAR 6 (HAD) - MORE THAN ONE CHANGE OF DIRECTION,2026-08-15T13:14:12.293706Z
1285,11291,2026-05-24T21:06:47+00:00,18.0,44,Flag,BLUE,Driver,,,WAVED BLUE FLAG FOR CAR 18 (STR) TIMED AT 17:06:47,2026-08-15T13:14:12.293706Z
1285,11291,2026-05-24T21:07:04+00:00,10.0,44,Flag,BLUE,Driver,,,WAVED BLUE FLAG FOR CAR 10 (GAS) TIMED AT 17:07:03,2026-08-15T13:14:12.293706Z
1285,11291,2026-05-24T21:07:12+00:00,10.0,45,Flag,BLUE,Driver,,,WAVED BLUE FLAG FOR CAR 10 (GAS) TIMED AT 17:07:11,2026-08-15T13:14:12.293706Z
1285,11291,2026-05-24T21:08:06+00:00,77.0,45,Flag,BLUE,Driver,,,WAVED BLUE FLAG FOR CAR 77 (BOT) TIMED AT 17:08:05,2026-08-15T13:14:12.293706Z
1285,11291,2026-05-24T21:08:17+00:00,55.0,45,Flag,BLUE,Driver,,,WAVED BLUE FLAG FOR CAR 55 (SAI) TIMED AT 17:08:17,2026-08-15T13:14:12.293706Z
1285,11291,2026-05-24T21:08:29+00:00,55.0,46,Flag,BLUE,Driver,,,WAVED BLUE FLAG FOR CAR 55 (SAI) TIMED AT 17:08:29,2026-08-15T13:14:12.293706Z
1285,11291,2026-05-24T21:08:38+00:00,55.0,46,Flag,BLUE,Driver,,,WAVED BLUE FLAG FOR CAR 55 (SAI) TIMED AT 17:08:38,2026-08-15T13:14:12.293706Z
1285,11291,2026-05-24T21:08:44+00:00,,46,Other,,,,,PIT LANE ENTRY CLOSED,2026-08-15T13:14:12.293706Z
1285,11291,2026-05-24T21:08:49+00:00,,46,SafetyCar,,,,,VSC DEPLOYED,2026-08-15T13:14:12.293706Z
1285,11291,2026-05-24T21:09:01+00:00,,46,Other,,,,,CAR 18 (STR) TIME 1:21.728 DELETED - TRACK LIMITS AT TURN 2 LAP 42 17:06:40,2026-08-15T13:14:12.293706Z
1285,11291,2026-05-24T21:09:25+00:00,,46,Other,,,,,MARSHALS ON TRACK AT TURN 13,2026-08-15T13:14:12.293706Z
1285,11291,2026-05-24T21:09:30+00:00,,46,Other,,,,,PIT LANE ENTRY OPEN,2026-08-15T13:14:12.293706Z
1285,11291,2026-05-24T21:09:32+00:00,,46,SafetyCar,,,,,VSC ENDING,2026-08-15T13:14:12.293706Z
1285,11291,2026-05-24T21:09:45+00:00,,46,Flag,CLEAR,Track,,,TRACK CLEAR,2026-08-15T13:14:12.293706Z
1285,11291,2026-05-24T21:09:52+00:00,30.0,46,Flag,BLUE,Driver,,,WAVED BLUE FLAG FOR CAR 30 (LAW) TIMED AT 17:09:52,2026-08-15T13:14:12.293706Z
1285,11291,2026-05-24T21:09:54+00:00,77.0,46,Flag,BLUE,Driver,,,WAVED BLUE FLAG FOR CAR 77 (BOT) TIMED AT 17:09:54,2026-08-15T13:14:12.293706Z
1285,11291,2026-05-24T21:09:56+00:00,,46,Other,,,,,INCIDENT INVOLVING CAR 77 (BOT) NOTED - SPEEDING IN THE PIT LANE,2026-08-15T13:14:12.293706Z
1285,11291,2026-05-24T21:09:57+00:00,,46,Other,,,,,OVERTAKE ENABLED,2026-08-15T13:14:12.293706Z
1285,11291,2026-05-24T21:10:27+00:00,,47,Other,,,,,FIA STEWARDS: INCIDENT INVOLVING CAR 77 (BOT) UNDER INVESTIGATION - SPEEDING IN THE PIT LANE,2026-08-15T13:14:12.293706Z
1285,11291,2026-05-24T21:10:31+00:00,77.0,47,Flag,BLUE,Driver,,,WAVED BLUE FLAG FOR CAR 77 (BOT) TIMED AT 17:10:30,2026-08-15T13:14:12.293706Z
1285,11291,2026-05-24T21:10:37+00:00,30.0,47,Flag,BLUE,Driver,,,WAVED BLUE FLAG FOR CAR 30 (LAW) TIMED AT 17:10:36,2026-08-15T13:14:12.293706Z
1285,11291,2026-05-24T21:10:54+00:00,30.0,47,Flag,BLUE,Driver,,,WAVED BLUE FLAG FOR CAR 30 (LAW) TIMED AT 17:10:54,2026-08-15T13:14:12.293706Z
1285,11291,2026-05-24T21:10:56+00:00,,47,Other,,,,,FIA STEWARDS: 5 SECOND TIME PENALTY FOR CAR 77 (BOT) - SPEEDING IN THE PIT LANE,2026-08-15T13:14:12.293706Z
1285,11291,2026-05-24T21:11:46+00:00,31.0,48,Flag,BLUE,Driver,,,WAVED BLUE FLAG FOR CAR 31 (OCO) TIMED AT 17:11:46,2026-08-15T13:14:12.293706Z
1285,11291,2026-05-24T21:11:47+00:00,10.0,48,Flag,BLUE,Driver,,,WAVED BLUE FLAG FOR CAR 10 (GAS) TIMED AT 17:11:46,2026-08-15T13:14:12.293706Z
1285,11291,2026-05-24T21:11:57+00:00,10.0,48,Flag,BLUE,Driver,,,WAVED BLUE FLAG FOR CAR 10 (GAS) TIMED AT 17:11:56,2026-08-15T13:14:12.293706Z
1285,11291,2026-05-24T21:12:42+00:00,31.0,49,Flag,BLUE,Driver,,,WAVED BLUE FLAG FOR CAR 31 (OCO) TIMED AT 17:12:41,2026-08-15T13:14:12.293706Z
1285,11291,2026-05-24T21:12:43+00:00,10.0,49,Flag,BLUE,Driver,,,WAVED BLUE FLAG FOR CAR 10 (GAS) TIMED AT 17:12:42,2026-08-15T13:14:12.293706Z
1285,11291,2026-05-24T21:12:47+00:00,77.0,49,Flag,BLUE,Driver,,,WAVED BLUE FLAG FOR CAR 77 (BOT) TIMED AT 17:12:46,2026-08-15T13:14:12.293706Z
1285,11291,2026-05-24T21:13:02+00:00,77.0,49,Flag,BLUE,Driver,,,WAVED BLUE FLAG FOR CAR 77 (BOT) TIMED AT 17:13:01,2026-08-15T13:14:12.293706Z
1285,11291,2026-05-24T21:13:24+00:00,30.0,49,Flag,BLUE,Driver,,,WAVED BLUE FLAG FOR CAR 30 (LAW) TIMED AT 17:13:24,2026-08-15T13:14:12.293706Z
1285,11291,2026-05-24T21:13:31+00:00,77.0,49,Flag,BLUE,Driver,,,WAVED BLUE FLAG FOR CAR 77 (BOT) TIMED AT 17:13:30,2026-08-15T13:14:12.293706Z
1285,11291,2026-05-24T21:13:32+00:00,18.0,49,Flag,BLUE,Driver,,,WAVED BLUE FLAG FOR CAR 18 (STR) TIMED AT 17:13:31,2026-08-15T13:14:12.293706Z
1285,11291,2026-05-24T21:13:37+00:00,30.0,49,Flag,BLUE,Driver,,,WAVED BLUE FLAG FOR CAR 30 (LAW) TIMED AT 17:13:36,2026-08-15T13:14:12.293706Z
1285,11291,2026-05-24T21:13:38+00:00,,49,Other,,,,,FIA STEWARDS: INCIDENT INVOLVING CAR 11 (PER) WILL BE INVESTIGATED AFTER THE RACE - IGNORING BLUE FLAGS (17:02:52),2026-08-15T13:14:12.293706Z
1285,11291,2026-05-24T21:13:58+00:00,30.0,50,Flag,BLUE,Driver,,,WAVED BLUE FLAG FOR CAR 30 (LAW) TIMED AT 17:13:57,2026-08-15T13:14:12.293706Z
1285,11291,2026-05-24T21:14:12+00:00,30.0,50,Flag,BLUE,Driver,,,WAVED BLUE FLAG FOR CAR 30 (LAW) TIMED AT 17:14:11,2026-08-15T13:14:12.293706Z
1285,11291,2026-05-24T21:14:12+00:00,77.0,50,Flag,BLUE,Driver,,,WAVED BLUE FLAG FOR CAR 77 (BOT) TIMED AT 17:14:12,2026-08-15T13:14:12.293706Z
1285,11291,2026-05-24T21:14:33+00:00,31.0,50,Flag,BLUE,Driver,,,WAVED BLUE FLAG FOR CAR 31 (OCO) TIMED AT 17:14:33,2026-08-15T13:14:12.293706Z
1285,11291,2026-05-24T21:16:01+00:00,18.0,51,Flag,BLUE,Driver,,,WAVED BLUE FLAG FOR CAR 18 (STR) TIMED AT 17:16:01,2026-08-15T13:14:12.293706Z
1285,11291,2026-05-24T21:16:32+00:00,,52,Other,,,,,FIA STEWARDS: INCIDENT INVOLVING CAR 6 (HAD) UNDER INVESTIGATION - YELLOW FLAG INFRINGEMENT (16:47:57),2026-08-15T13:14:12.293706Z
1285,11291,2026-05-24T21:16:56+00:00,77.0,52,Flag,BLUE,Driver,,,WAVED BLUE FLAG FOR CAR 77 (BOT) TIMED AT 17:16:55,2026-08-15T13:14:12.293706Z
1285,11291,2026-05-24T21:17:16+00:00,,52,Other,,,,,INCIDENT INVOLVING CAR 10 (GAS) NOTED - YELLOW FLAG INFRINGEMENT (17:01:36),2026-08-15T13:14:12.293706Z
1285,11291,2026-05-24T21:17:28+00:00,,53,SafetyCar,,,,,VSC DEPLOYED,2026-08-15T13:14:12.293706Z
1285,11291,2026-05-24T21:17:30+00:00,,53,Flag,DOUBLE YELLOW,Sector,12.0,,DOUBLE YELLOW IN TRACK SECTOR 12,2026-08-15T13:14:12.293706Z
1285,11291,2026-05-24T21:17:56+00:00,,53,Other,,,,,MARSHALS ON TRACK AT TURN 12,2026-08-15T13:14:12.293706Z
1285,11291,2026-05-24T21:19:24+00:00,,54,Flag,CLEAR,Sector,12.0,,CLEAR IN TRACK SECTOR 12,2026-08-15T13:14:12.293706Z
1285,11291,2026-05-24T21:19:26+00:00,,54,SafetyCar,,,,,VSC ENDING,2026-08-15T13:14:12.293706Z
1285,11291,2026-05-24T21:19:40+00:00,,54,Flag,CLEAR,Track,,,TRACK CLEAR,2026-08-15T13:14:12.293706Z
1285,11291,2026-05-24T21:19:40+00:00,77.0,54,Flag,BLUE,Driver,,,WAVED BLUE FLAG FOR CAR 77 (BOT) TIMED AT 17:19:40,2026-08-15T13:14:12.293706Z
1285,11291,2026-05-24T21:19:46+00:00,,54,Other,,,,,OVERTAKE ENABLED,2026-08-15T13:14:12.293706Z
1285,11291,2026-05-24T21:21:08+00:00,,55,Other,,,,,INCIDENT INVOLVING CAR 5 (BOR) NOTED - VSC INFRINGEMENT,2026-08-15T13:14:12.293706Z
1285,11291,2026-05-24T21:21:46+00:00,18.0,55,Flag,BLUE,Driver,,,WAVED BLUE FLAG FOR CAR 18 (STR) TIMED AT 17:21:46,2026-08-15T13:14:12.293706Z
1285,11291,2026-05-24T21:21:57+00:00,77.0,56,Flag,BLUE,Driver,,,WAVED BLUE FLAG FOR CAR 77 (BOT) TIMED AT 17:21:56,2026-08-15T13:14:12.293706Z
1285,11291,2026-05-24T21:22:18+00:00,77.0,56,Flag,BLUE,Driver,,,WAVED BLUE FLAG FOR CAR 77 (BOT) TIMED AT 17:22:18,2026-08-15T13:14:12.293706Z
1285,11291,2026-05-24T21:23:15+00:00,43.0,57,Flag,BLUE,Driver,,,WAVED BLUE FLAG FOR CAR 43 (COL) TIMED AT 17:23:14,2026-08-15T13:14:12.293706Z
1285,11291,2026-05-24T21:23:49+00:00,,57,Other,,,,,FIA STEWARDS: INCIDENT INVOLVING CAR 6 (HAD) WILL BE INVESTIGATED AFTER THE RACE - YELLOW FLAG INFRINGEMENT (16:47:57),2026-08-15T13:14:12.293706Z
1285,11291,2026-05-24T21:23:57+00:00,,57,Other,,,,,CAR 55 (SAI) TIME 1:16.764 DELETED - TRACK LIMITS AT TURN 14 LAP 54 17:22:18,2026-08-15T13:14:12.293706Z
1285,11291,2026-05-24T21:24:01+00:00,31.0,57,Flag,BLUE,Driver,,,WAVED BLUE FLAG FOR CAR 31 (OCO) TIMED AT 17:24:01,2026-08-15T13:14:12.293706Z
1285,11291,2026-05-24T21:24:07+00:00,77.0,57,Flag,BLUE,Driver,,,WAVED BLUE FLAG FOR CAR 77 (BOT) TIMED AT 17:24:06,2026-08-15T13:14:12.293706Z
1285,11291,2026-05-24T21:24:08+00:00,31.0,57,Flag,BLUE,Driver,,,WAVED BLUE FLAG FOR CAR 31 (OCO) TIMED AT 17:24:07,2026-08-15T13:14:12.293706Z
1285,11291,2026-05-24T21:24:50+00:00,18.0,58,Flag,BLUE,Driver,,,WAVED BLUE FLAG FOR CAR 18 (STR) TIMED AT 17:24:50,2026-08-15T13:14:12.293706Z
1285,11291,2026-05-24T21:24:52+00:00,,58,Other,,,,,FIA STEWARDS: PENALTY SERVED - 10 SECOND TIME PENALTY FOR CAR 6 (HAD) - MORE THAN ONE CHANGE OF DIRECTION,2026-08-15T13:14:12.293706Z
1285,11291,2026-05-24T21:25:10+00:00,,58,Other,,,,,FIA STEWARDS: PENALTY SERVED - 10 SECOND TIME PENALTY FOR CAR 81 (PIA) - CAUSING A COLLISION (16:25:37),2026-08-15T13:14:12.293706Z
1285,11291,2026-05-24T21:25:16+00:00,,58,Other,,,,,FIA STEWARDS: PENALTY SERVED - 5 SECOND TIME PENALTY FOR CAR 77 (BOT) - SPEEDING IN THE PIT LANE,2026-08-15T13:14:12.293706Z
1285,11291,2026-05-24T21:26:26+00:00,18.0,59,Flag,BLUE,Driver,,,WAVED BLUE FLAG FOR CAR 18 (STR) TIMED AT 17:26:25,2026-08-15T13:14:12.293706Z
1285,11291,2026-05-24T21:26:31+00:00,87.0,59,Flag,BLUE,Driver,,,WAVED BLUE FLAG FOR CAR 87 (BEA) TIMED AT 17:26:31,2026-08-15T13:14:12.293706Z
1285,11291,2026-05-24T21:26:38+00:00,87.0,59,Flag,BLUE,Driver,,,WAVED BLUE FLAG FOR CAR 87 (BEA) TIMED AT 17:26:37,2026-08-15T13:14:12.293706Z
1285,11291,2026-05-24T21:26:59+00:00,77.0,60,Flag,BLUE,Driver,,,WAVED BLUE FLAG FOR CAR 77 (BOT) TIMED AT 17:26:58,2026-08-15T13:14:12.293706Z
1285,11291,2026-05-24T21:27:33+00:00,18.0,60,Flag,BLUE,Driver,,,WAVED BLUE FLAG FOR CAR 18 (STR) TIMED AT 17:27:32,2026-08-15T13:14:12.293706Z
1285,11291,2026-05-24T21:28:31+00:00,,61,Other,,,,,CAR 81 (PIA) TIME 1:16.439 DELETED - TRACK LIMITS AT TURN 2 LAP 58 17:26:53,2026-08-15T13:14:12.293706Z
1285,11291,2026-05-24T21:28:45+00:00,81.0,61,Flag,BLUE,Driver,,,WAVED BLUE FLAG FOR CAR 81 (PIA) TIMED AT 17:28:44,2026-08-15T13:14:12.293706Z
1285,11291,2026-05-24T21:28:57+00:00,81.0,61,Flag,BLUE,Driver,,,WAVED BLUE FLAG FOR CAR 81 (PIA) TIMED AT 17:28:56,2026-08-15T13:14:12.293706Z
1285,11291,2026-05-24T21:29:12+00:00,,61,Flag,YELLOW,Sector,1.0,,YELLOW IN TRACK SECTOR 1,2026-08-15T13:14:12.293706Z
1285,11291,2026-05-24T21:29:20+00:00,,61,Flag,CLEAR,Sector,1.0,,CLEAR IN TRACK SECTOR 1,2026-08-15T13:14:12.293706Z
1285,11291,2026-05-24T21:29:33+00:00,43.0,62,Flag,BLUE,Driver,,,WAVED BLUE FLAG FOR CAR 43 (COL) TIMED AT 17:29:33,2026-08-15T13:14:12.293706Z
1285,11291,2026-05-24T21:29:42+00:00,43.0,62,Flag,BLUE,Driver,,,WAVED BLUE FLAG FOR CAR 43 (COL) TIMED AT 17:29:42,2026-08-15T13:14:12.293706Z
1285,11291,2026-05-24T21:30:03+00:00,,62,Other,,,,,FIA STEWARDS: STOP-AND-GO PENALTY FOR CAR 6 (HAD) - YELLOW FLAG INFRINGEMENT (16:47:57),2026-08-15T13:14:12.293706Z
1285,11291,2026-05-24T21:30:08+00:00,55.0,62,Flag,BLUE,Driver,,,WAVED BLUE FLAG FOR CAR 55 (SAI) TIMED AT 17:30:07,2026-08-15T13:14:12.293706Z
1285,11291,2026-05-24T21:30:32+00:00,77.0,62,Flag,BLUE,Driver,,,WAVED BLUE FLAG FOR CAR 77 (BOT) TIMED AT 17:30:31,2026-08-15T13:14:12.293706Z
1285,11291,2026-05-24T21:30:39+00:00,5.0,63,Flag,BLUE,Driver,,,WAVED BLUE FLAG FOR CAR 5 (BOR) TIMED AT 17:30:38,2026-08-15T13:14:12.293706Z
1285,11291,2026-05-24T21:30:42+00:00,,63,Other,,,,,CAR 27 (HUL) TIME 1:25.706 DELETED - TRACK LIMITS AT TURN 2 LAP 60 17:29:15,2026-08-15T13:14:12.293706Z
1285,11291,2026-05-24T21:31:54+00:00,27.0,64,Flag,BLUE,Driver,,,WAVED BLUE FLAG FOR CAR 27 (HUL) TIMED AT 17:31:53,2026-08-15T13:14:12.293706Z
1285,11291,2026-05-24T21:31:58+00:00,6.0,64,Flag,BLUE,Driver,,,WAVED BLUE FLAG FOR CAR 6 (HAD) TIMED AT 17:31:57,2026-08-15T13:14:12.293706Z
1285,11291,2026-05-24T21:32:02+00:00,27.0,64,Flag,BLUE,Driver,,,WAVED BLUE FLAG FOR CAR 27 (HUL) TIMED AT 17:32:01,2026-08-15T13:14:12.293706Z
1285,11291,2026-05-24T21:32:27+00:00,27.0,64,Flag,BLUE,Driver,,,WAVED BLUE FLAG FOR CAR 27 (HUL) TIMED AT 17:32:26,2026-08-15T13:14:12.293706Z
1285,11291,2026-05-24T21:32:50+00:00,,64,Other,,,,,FIA STEWARDS: INCIDENT INVOLVING CAR 10 (GAS) REVIEWED NO FURTHER INVESTIGATION - YELLOW FLAG INFRINGEMENT (17:01:36),2026-08-15T13:14:12.293706Z
1285,11291,2026-05-24T21:33:10+00:00,,65,Other,,,,,FIA STEWARDS: PENALTY SERVED - STOP-AND-GO PENALTY FOR CAR 6 (HAD) - YELLOW FLAG INFRINGEMENT (16:47:57),2026-08-15T13:14:12.293706Z
1285,11291,2026-05-24T21:34:59+00:00,18.0,66,Flag,BLUE,Driver,,,WAVED BLUE FLAG FOR CAR 18 (STR) TIMED AT 17:34:59,2026-08-15T13:14:12.293706Z
1285,11291,2026-05-24T21:35:12+00:00,5.0,66,Flag,BLUE,Driver,,,WAVED BLUE FLAG FOR CAR 5 (BOR) TIMED AT 17:35:11,2026-08-15T13:14:12.293706Z
1285,11291,2026-05-24T21:35:49+00:00,18.0,67,Flag,BLUE,Driver,,,WAVED BLUE FLAG FOR CAR 18 (STR) TIMED AT 17:35:49,2026-08-15T13:14:12.293706Z
1285,11291,2026-05-24T21:36:10+00:00,,67,Other,,,,,CAR 81 (PIA) TIME 1:16.439 DELETED - TRACK LIMITS AT TURN 1 LAP 58 17:26:52,2026-08-15T13:14:12.293706Z
1285,11291,2026-05-24T21:36:14+00:00,,67,Other,,,,,FIA STEWARDS: INCIDENT INVOLVING CAR 5 (BOR) UNDER INVESTIGATION - VSC INFRINGEMENT,2026-08-15T13:14:12.293706Z
1285,11291,2026-05-24T21:36:38+00:00,,67,Other,,,,,CAR 5 (BOR) TIME 1:20.499 DELETED - TRACK LIMITS AT TURN 8 LAP 64 17:35:06,2026-08-15T13:14:12.293706Z
1285,11291,2026-05-24T21:37:07+00:00,27.0,68,Flag,BLUE,Driver,,,WAVED BLUE FLAG FOR CAR 27 (HUL) TIMED AT 17:37:06,2026-08-15T13:14:12.293706Z
1285,11291,2026-05-24T21:37:12+00:00,27.0,68,Flag,BLUE,Driver,,,WAVED BLUE FLAG FOR CAR 27 (HUL) TIMED AT 17:37:11,2026-08-15T13:14:12.293706Z
1285,11291,2026-05-24T21:37:18+00:00,81.0,68,Flag,BLUE,Driver,,,WAVED BLUE FLAG FOR CAR 81 (PIA) TIMED AT 17:37:17,2026-08-15T13:14:12.293706Z
1285,11291,2026-05-24T21:37:25+00:00,81.0,68,Flag,BLUE,Driver,,,WAVED BLUE FLAG FOR CAR 81 (PIA) TIMED AT 17:37:25,2026-08-15T13:14:12.293706Z
1285,11291,2026-05-24T21:37:38+00:00,18.0,68,Flag,BLUE,Driver,,,WAVED BLUE FLAG FOR CAR 18 (STR) TIMED AT 17:37:37,2026-08-15T13:14:12.293706Z
1285,11291,2026-05-24T21:37:39+00:00,,68,Other,,,,,FIA STEWARDS: 5 SECOND TIME PENALTY FOR CAR 5 (BOR) - VSC INFRINGEMENT,2026-08-15T13:14:12.293706Z
1285,11291,2026-05-24T21:37:45+00:00,81.0,68,Flag,BLUE,Driver,,,WAVED BLUE FLAG FOR CAR 81 (PIA) TIMED AT 17:37:45,2026-08-15T13:14:12.293706Z
1285,11291,2026-05-24T21:37:54+00:00,18.0,68,Flag,BLUE,Driver,,,WAVED BLUE FLAG FOR CAR 18 (STR) TIMED AT 17:37:53,2026-08-15T13:14:12.293706Z
1285,11291,2026-05-24T21:38:03+00:00,,68,Flag,CHEQUERED,Track,,,CHEQUERED FLAG,2026-08-15T13:14:12.293706Z
1285,11291,2026-05-24T21:38:03.735000+00:00,,68,SessionStatus,,,,,SESSION FINISHED,2026-08-15T13:14:12.293706Z
1285,11291,2026-05-24T21:38:29+00:00,,68,Other,,,,,CAR 81 (PIA) TIME 1:16.575 DELETED - TRACK LIMITS AT TURN 14 LAP 65 17:36:50,2026-08-15T13:14:12.293706Z
1285,11291,2026-05-24T21:38:41+00:00,,68,Other,,,,,CAR 55 (SAI) TIME 1:19.410 DELETED - TRACK LIMITS AT TURN 8 LAP 66 17:37:05,2026-08-15T13:14:12.293706Z
1285,11291,2026-05-24T21:39:19+00:00,,68,Other,,,,,CAR 18 (STR) TIME 1:26.632 DELETED - TRACK LIMITS AT TURN 10 LAP 64 17:37:49,2026-08-15T13:14:12.293706Z
1285,11291,2026-05-24T21:41:00+00:00,,68,Other,,,,,TURN 13 INCIDENT INVOLVING CAR 30 (LAW) NOTED - FAILING TO FOLLOW RACE DIRECTORS INSTRUCTIONS (17:34:39),2026-08-15T13:14:12.293706Z
1285,11291,2026-05-24T21:41:08+00:00,,68,Other,,,,,ALL PASS HOLDERS MAY ACCESS THE PIT LANE,2026-08-15T13:14:12.293706Z
1285,11291,2026-05-24T21:41:20+00:00,,68,Other,,,,,CAR 30 (LAW) TIME 1:16.854 DELETED - TRACK LIMITS AT TURN 14 LAP 64 17:34:40,2026-08-15T13:14:12.293706Z
1285,11291,2026-05-24T21:41:35+00:00,,68,Other,,,,,CAR 10 (GAS) TIME 1:16.853 DELETED - TRACK LIMITS AT TURN 14 LAP 64 17:34:39,2026-08-15T13:14:12.293706Z
1285,11291,2026-05-24T21:47:14+00:00,,68,Other,,,,,FIA STEWARDS: TURN 13 INCIDENT INVOLVING CAR 30 (LAW) REVIEWED NO FURTHER INVESTIGATION - FAILING TO FOLLOW RACE DIRECTORS INSTRUCTIONS (17:34:39),2026-08-15T13:14:12.293706Z
1286,11292,2026-06-05T11:30:00.063000+00:00,,,SessionStatus,,,,,SESSION STARTED,2026-08-15T13:14:24.584099Z
1286,11292,2026-06-05T11:30:00+00:00,,,Flag,GREEN,Track,,,GREEN LIGHT - PIT EXIT OPEN,2026-08-15T13:14:24.584099Z
1286,11292,2026-06-05T11:31:18+00:00,,,Flag,YELLOW,Sector,7.0,,YELLOW IN TRACK SECTOR 7,2026-08-15T13:14:24.584099Z
1286,11292,2026-06-05T11:31:40+00:00,,,Flag,CLEAR,Sector,7.0,,CLEAR IN TRACK SECTOR 7,2026-08-15T13:14:24.584099Z
1286,11292,2026-06-05T11:34:23+00:00,,,Other,,,,,CAR 16 (LEC) TIME 2:14.473 DELETED - TRACK LIMITS AT TURN 5 LAP 2 13:31:16,2026-08-15T13:14:24.584099Z
1286,11292,2026-06-05T11:34:24+00:00,,,Other,,,,,CAR 43 (COL) TIME 1:26.305 DELETED - TRACK LIMITS AT TURN 10 LAP 3 13:32:58,2026-08-15T13:14:24.584099Z
1286,11292,2026-06-05T11:37:13+00:00,,,Other,,,,,CAR 16 (LEC) LAP DELETED - TRACK LIMITS AT TURN 10 LAP 5 13:36:30 (PIT),2026-08-15T13:14:24.584099Z
1286,11292,2026-06-05T11:39:01+00:00,,,Other,,,,,INCIDENT INVOLVING CARS 6 (HAD) AND 41 (LIN) NOTED (13:36:49),2026-08-15T13:14:24.584099Z
1286,11292,2026-06-05T11:39:13+00:00,,,Other,,,,,CAR 14 (ALO) LAP DELETED - TRACK LIMITS AT TURN 10 LAP 5 13:37:10 (PIT),2026-08-15T13:14:24.584099Z
1286,11292,2026-06-05T11:39:17+00:00,,,Other,,,,,CAR 55 (SAI) TIME 1:20.942 DELETED - TRACK LIMITS AT TURN 10 LAP 5 13:37:26,2026-08-15T13:14:24.584099Z
1286,11292,2026-06-05T11:39:21+00:00,,,Other,,,,,CAR 10 (GAS) TIME 1:18.683 DELETED - TRACK LIMITS AT TURN 10 LAP 6 13:38:28,2026-08-15T13:14:24.584099Z
1286,11292,2026-06-05T11:40:39+00:00,,,Other,,,,,CAR 41 (LIN) TIME 1:37.102 DELETED - TRACK LIMITS AT TURN 10 LAP 8 13:39:53,2026-08-15T13:14:24.584099Z
1286,11292,2026-06-05T11:41:01+00:00,,,Other,,,,,CAR 10 (GAS) TIME 1:39.572 DELETED - TRACK LIMITS AT TURN 11 LAP 7 13:39:55,2026-08-15T13:14:24.584099Z
1286,11292,2026-06-05T11:41:10+00:00,,,Other,,,,,TRACK SURFACE SLIPPERY IN TRACK SECTOR 8,2026-08-15T13:14:24.584099Z
1286,11292,2026-06-05T11:41:27+00:00,,,Flag,CLEAR,Sector,8.0,,CLEAR IN TRACK SECTOR 8,2026-08-15T13:14:24.584099Z
1286,11292,2026-06-05T11:43:32+00:00,,,Other,,,,,CAR 63 (RUS) TIME 1:37.923 DELETED - TRACK LIMITS AT TURN 10 LAP 8 13:41:27,2026-08-15T13:14:24.584099Z
1286,11292,2026-06-05T11:43:41+00:00,,,Other,,,,,CAR 55 (SAI) LAP DELETED - TRACK LIMITS AT TURN 10 LAP 8 13:41:36 (PIT),2026-08-15T13:14:24.584099Z
1286,11292,2026-06-05T11:44:01+00:00,,,Other,,,,,CAR 16 (LEC) TIME 1:21.839 DELETED - TRACK LIMITS AT TURN 10 LAP 8 13:41:42,2026-08-15T13:14:24.584099Z
1286,11292,2026-06-05T11:44:11+00:00,,,Other,,,,,CAR 30 (LAW) TIME 1:44.285 DELETED - TRACK LIMITS AT TURN 10 LAP 9 13:41:49,2026-08-15T13:14:24.584099Z
1286,11292,2026-06-05T11:44:21+00:00,,,Other,,,,,FIA STEWARDS: INCIDENT INVOLVING CARS 6 (HAD) AND 41 (LIN) REVIEWED NO FURTHER INVESTIGATION (13:36:49),2026-08-15T13:14:24.584099Z
1286,11292,2026-06-05T11:44:48+00:00,,,Other,,,,,CAR 87 (BEA) TIME 1:24.068 DELETED - TRACK LIMITS AT TURN 10 LAP 10 13:43:37,2026-08-15T13:14:24.584099Z
1286,11292,2026-06-05T11:46:03+00:00,,,Other,,,,,CAR 41 (LIN) TIME 1:26.099 DELETED - TRACK LIMITS AT TURN 10 LAP 11 13:44:36,2026-08-15T13:14:24.584099Z
1286,11292,2026-06-05T11:46:16+00:00,,,Other,,,,,CAR 44 (HAM) TIME 1:20.659 DELETED - TRACK LIMITS AT TURN 16 LAP 11 13:45:09,2026-08-15T13:14:24.584099Z
1286,11292,2026-06-05T11:46:31+00:00,,,Other,,,,,CAR 10 (GAS) TIME 1:22.623 DELETED - TRACK LIMITS AT TURN 10 LAP 11 13:45:42,2026-08-15T13:14:24.584099Z
1286,11292,2026-06-05T11:46:37+00:00,,,Other,,,,,CAR 16 (LEC) TIME 1:32.974 DELETED - TRACK LIMITS AT TURN 10 LAP 11 13:45:41,2026-08-15T13:14:24.584099Z
1286,11292,2026-06-05T11:47:20+00:00,,,Other,,,,,CAR 30 (LAW) LAP DELETED - TRACK LIMITS AT TURN 10 LAP 12 13:46:21 (PIT),2026-08-15T13:14:24.584099Z
1286,11292,2026-06-05T11:47:28+00:00,,,Other,,,,,CAR 87 (BEA) TIME 1:38.207 DELETED - TRACK LIMITS AT TURN 10 LAP 12 13:46:33,2026-08-15T13:14:24.584099Z
1286,11292,2026-06-05T11:47:36+00:00,,,Other,,,,,CAR 41 (LIN) TIME 1:26.099 DELETED - TRACK LIMITS AT TURN 16 LAP 11 13:44:54,2026-08-15T13:14:24.584099Z
1286,11292,2026-06-05T11:47:52+00:00,,,Other,,,,,CAR 44 (HAM) TIME 1:48.165 DELETED - TRACK LIMITS AT TURN 1 LAP 12 13:45:35,2026-08-15T13:14:24.584099Z
1286,11292,2026-06-05T11:48:02+00:00,,,Other,,,,,CAR 16 (LEC) TIME 1:23.128 DELETED - TRACK LIMITS AT TURN 10 LAP 12 13:47:16,2026-08-15T13:14:24.584099Z
1286,11292,2026-06-05T11:49:32+00:00,,,Other,,,,,CAR 12 (ANT) LAP DELETED - TRACK LIMITS AT TURN 16 LAP 14 13:49:09 (PIT),2026-08-15T13:14:24.584099Z
1286,11292,2026-06-05T11:52:18+00:00,,,Other,,,,,CAR 27 (HUL) LAP DELETED - TRACK LIMITS AT TURN 10 LAP 15 13:51:39 (PIT),2026-08-15T13:14:24.584099Z
1286,11292,2026-06-05T11:53:59+00:00,,,Other,,,,,CAR 41 (LIN) TIME 1:19.903 DELETED - TRACK LIMITS AT TURN 10 LAP 17 13:53:20,2026-08-15T13:14:24.584099Z
1286,11292,2026-06-05T11:54:51+00:00,,,Other,,,,,CAR 55 (SAI) TIME 1:25.408 DELETED - TRACK LIMITS AT TURN 10 LAP 12 13:54:08,2026-08-15T13:14:24.584099Z
1286,11292,2026-06-05T11:55:35+00:00,,,Flag,YELLOW,Sector,2.0,,YELLOW IN TRACK SECTOR 2,2026-08-15T13:14:24.584099Z
1286,11292,2026-06-05T11:55:38+00:00,,,Flag,CLEAR,Sector,2.0,,CLEAR IN TRACK SECTOR 2,2026-08-15T13:14:24.584099Z
1286,11292,2026-06-05T11:57:07+00:00,,,Other,,,,,CAR 44 (HAM) LAP DELETED - TRACK LIMITS AT TURN 1 LAP 18 13:55:34 (PIT),2026-08-15T13:14:24.584099Z
1286,11292,2026-06-05T11:57:20+00:00,,,Other,,,,,TRACK SURFACE SLIPPERY IN TRACK SECTOR 17,2026-08-15T13:14:24.584099Z
1286,11292,2026-06-05T11:58:11+00:00,,,Other,,,,,CAR 55 (SAI) TIME 1:25.163 DELETED - TRACK LIMITS AT TURN 10 LAP 14 13:57:00,2026-08-15T13:14:24.584099Z
1286,11292,2026-06-05T11:59:38+00:00,,,SafetyCar,,,,,VSC DEPLOYED,2026-08-15T13:14:24.584099Z
1286,11292,2026-06-05T11:59:38+00:00,,,Flag,CLEAR,Sector,17.0,,CLEAR IN TRACK SECTOR 17,2026-08-15T13:14:24.584099Z
1286,11292,2026-06-05T11:59:39+00:00,,,Flag,DOUBLE YELLOW,Sector,17.0,,DOUBLE YELLOW IN TRACK SECTOR 17,2026-08-15T13:14:24.584099Z
1286,11292,2026-06-05T11:59:40+00:00,,,Other,,,,,MARSHALS ON TRACK AT TURN 18,2026-08-15T13:14:24.584099Z
1286,11292,2026-06-05T11:59:42+00:00,,,Flag,CLEAR,Sector,17.0,,CLEAR IN TRACK SECTOR 17,2026-08-15T13:14:24.584099Z
1286,11292,2026-06-05T11:59:48+00:00,,,SafetyCar,,,,,VSC ENDING,2026-08-15T13:14:24.584099Z
1286,11292,2026-06-05T12:00:00+00:00,,,Flag,CLEAR,Track,,,TRACK CLEAR,2026-08-15T13:14:24.584099Z
1286,11292,2026-06-05T12:00:03+00:00,,,Other,,,,,OVERTAKE ENABLED,2026-08-15T13:14:24.584099Z
1286,11292,2026-06-05T12:00:27+00:00,,,Other,,,,,CAR 55 (SAI) TIME 1:27.064 DELETED - TRACK LIMITS AT TURN 10 LAP 16 13:59:40,2026-08-15T13:14:24.584099Z
1286,11292,2026-06-05T12:01:48+00:00,,,Other,,,,,CAR 41 (LIN) TIME 1:30.539 DELETED - TRACK LIMITS AT TURN 10 LAP 20 14:00:57,2026-08-15T13:14:24.584099Z
1286,11292,2026-06-05T12:04:49+00:00,,,Other,,,,,CAR 30 (LAW) TIME 1:19.380 DELETED - TRACK LIMITS AT TURN 10 LAP 21 14:04:00,2026-08-15T13:14:24.584099Z
1286,11292,2026-06-05T12:05:16+00:00,,,Flag,YELLOW,Sector,16.0,,YELLOW IN TRACK SECTOR 16,2026-08-15T13:14:24.584099Z
1286,11292,2026-06-05T12:05:17+00:00,,,Flag,DOUBLE YELLOW,Sector,16.0,,DOUBLE YELLOW IN TRACK SECTOR 16,2026-08-15T13:14:24.584099Z
1286,11292,2026-06-05T12:05:21+00:00,,,Flag,YELLOW,Sector,15.0,,YELLOW IN TRACK SECTOR 15,2026-08-15T13:14:24.584099Z
1286,11292,2026-06-05T12:05:21+00:00,,,Flag,YELLOW,Sector,14.0,,YELLOW IN TRACK SECTOR 14,2026-08-15T13:14:24.584099Z
1286,11292,2026-06-05T12:05:23.553000+00:00,,,SessionStatus,,,,,SESSION ABORTED,2026-08-15T13:14:24.584099Z
1286,11292,2026-06-05T12:05:24+00:00,,,Flag,RED,Track,,,RED FLAG,2026-08-15T13:14:24.584099Z
1286,11292,2026-06-05T12:05:24+00:00,,,Flag,CLEAR,Sector,14.0,,CLEAR IN TRACK SECTOR 14,2026-08-15T13:14:24.584099Z
1286,11292,2026-06-05T12:05:24+00:00,,,Flag,CLEAR,Sector,15.0,,CLEAR IN TRACK SECTOR 15,2026-08-15T13:14:24.584099Z
1286,11292,2026-06-05T12:05:24+00:00,,,Flag,CLEAR,Sector,16.0,,CLEAR IN TRACK SECTOR 16,2026-08-15T13:14:24.584099Z
1286,11292,2026-06-05T12:05:33+00:00,,,Flag,DOUBLE YELLOW,Sector,16.0,,DOUBLE YELLOW IN TRACK SECTOR 16,2026-08-15T13:14:24.584099Z
1286,11292,2026-06-05T12:05:47+00:00,,,Other,,,,,CAR 41 (LIN) LAP DELETED - TRACK LIMITS AT TURN 1 LAP 23 14:04:06 (PIT),2026-08-15T13:14:24.584099Z
1286,11292,2026-06-05T12:07:13+00:00,,,Flag,CLEAR,Track,,,TRACK CLEAR,2026-08-15T13:14:24.584099Z
1286,11292,2026-06-05T12:07:18+00:00,,,Other,,,,,OVERTAKE ENABLED,2026-08-15T13:14:24.584099Z
1286,11292,2026-06-05T12:07:45+00:00,,,Flag,DOUBLE YELLOW,Sector,16.0,,DOUBLE YELLOW IN TRACK SECTOR 16,2026-08-15T13:14:24.584099Z
1286,11292,2026-06-05T12:08:41+00:00,,,Other,,,,,CAR 55 (SAI) LAP DELETED - TRACK LIMITS AT TURN 10 LAP 20 14:05:26 (PIT),2026-08-15T13:14:24.584099Z
1286,11292,2026-06-05T12:11:43+00:00,,,Flag,CLEAR,Sector,16.0,,CLEAR IN TRACK SECTOR 16,2026-08-15T13:14:24.584099Z
1286,11292,2026-06-05T12:11:47+00:00,,,Other,,,,,SESSION WILL RESUME AT 14:13,2026-08-15T13:14:24.584099Z
1286,11292,2026-06-05T12:12:18+00:00,,,Other,,,,,TRACK SURFACE SLIPPERY IN TRACK SECTOR 16,2026-08-15T13:14:24.584099Z
1286,11292,2026-06-05T12:13:00.068000+00:00,,,SessionStatus,,,,,SESSION STARTED,2026-08-15T13:14:24.584099Z
1286,11292,2026-06-05T12:13:00+00:00,,,Flag,GREEN,Track,,,GREEN LIGHT - PIT EXIT OPEN,2026-08-15T13:14:24.584099Z
1286,11292,2026-06-05T12:16:27+00:00,,,Other,,,,,CAR 41 (LIN) TIME 1:20.117 DELETED - TRACK LIMITS AT TURN 10 LAP 25 14:15:51,2026-08-15T13:14:24.584099Z
1286,11292,2026-06-05T12:16:45+00:00,,,Flag,CLEAR,Sector,16.0,,CLEAR IN TRACK SECTOR 16,2026-08-15T13:14:24.584099Z
1286,11292,2026-06-05T12:17:58+00:00,,,Other,,,,,CAR 1 (NOR) TIME 1:21.391 DELETED - TRACK LIMITS AT TURN 10 LAP 18 14:17:15,2026-08-15T13:14:24.584099Z
1286,11292,2026-06-05T12:18:04+00:00,,,Other,,,,,CAR 55 (SAI) TIME 1:20.304 DELETED - TRACK LIMITS AT TURN 10 LAP 23 14:17:24,2026-08-15T13:14:24.584099Z
1286,11292,2026-06-05T12:19:09+00:00,,,Other,,,,,TURN 18 INCIDENT INVOLVING CARS 16 (LEC) AND 30 (LAW) NOTED - IMPEDING (14:18:00),2026-08-15T13:14:24.584099Z
1286,11292,2026-06-05T12:19:22+00:00,,,Other,,,,,CAR 10 (GAS) TIME 1:50.234 DELETED - TRACK LIMITS AT TURN 1 LAP 24 14:17:30,2026-08-15T13:14:24.584099Z
1286,11292,2026-06-05T12:19:43+00:00,,,Other,,,,,CAR 14 (ALO) TIME 1:37.047 DELETED - TRACK LIMITS AT TURN 10 LAP 17 14:18:40,2026-08-15T13:14:24.584099Z
1286,11292,2026-06-05T12:19:49+00:00,,,Other,,,,,CAR 41 (LIN) TIME 1:48.439 DELETED - TRACK LIMITS AT TURN 10 LAP 27 14:18:42,2026-08-15T13:14:24.584099Z
1286,11292,2026-06-05T12:19:50+00:00,,,Other,,,,,CAR 55 (SAI) TIME 1:22.786 DELETED - TRACK LIMITS AT TURN 16 LAP 24 14:18:58,2026-08-15T13:14:24.584099Z
1286,11292,2026-06-05T12:19:55+00:00,,,Other,,,,,CAR 11 (PER) TIME 1:34.014 DELETED - TRACK LIMITS AT TURN 10 LAP 21 14:18:52,2026-08-15T13:14:24.584099Z
1286,11292,2026-06-05T12:19:57+00:00,,,Other,,,,,CAR 16 (LEC) TIME 1:28.431 DELETED - TRACK LIMITS AT TURN 10 LAP 24 14:19:01,2026-08-15T13:14:24.584099Z
1286,11292,2026-06-05T12:20:10+00:00,,,Other,,,,,CAR 5 (BOR) TIME 1:16.439 DELETED - TRACK LIMITS AT TURN 10 LAP 24 14:19:36,2026-08-15T13:14:24.584099Z
1286,11292,2026-06-05T12:22:46+00:00,,,Other,,,,,CAR 30 (LAW) TIME 1:20.114 DELETED - TRACK LIMITS AT TURN 16 LAP 28 14:22:22,2026-08-15T13:14:24.584099Z
1286,11292,2026-06-05T12:22:53+00:00,,,Flag,YELLOW,Sector,10.0,,YELLOW IN TRACK SECTOR 10,2026-08-15T13:14:24.584099Z
1286,11292,2026-06-05T12:22:54+00:00,,,Flag,YELLOW,Sector,11.0,,YELLOW IN TRACK SECTOR 11,2026-08-15T13:14:24.584099Z
1286,11292,2026-06-05T12:22:55+00:00,,,Flag,CLEAR,Sector,10.0,,CLEAR IN TRACK SECTOR 10,2026-08-15T13:14:24.584099Z
1286,11292,2026-06-05T12:22:55+00:00,,,Flag,CLEAR,Sector,11.0,,CLEAR IN TRACK SECTOR 11,2026-08-15T13:14:24.584099Z
1286,11292,2026-06-05T12:23:10+00:00,,,Other,,,,,FIA STEWARDS: TURN 18 INCIDENT INVOLVING CARS 16 (LEC) AND 30 (LAW) WILL BE INVESTIGATED AFTER THE SESSION - IMPEDING (14:18:00),2026-08-15T13:14:24.584099Z
1286,11292,2026-06-05T12:23:13+00:00,,,Other,,,,,CAR 87 (BEA) TIME 1:44.556 DELETED - TRACK LIMITS AT TURN 10 LAP 26 14:22:03,2026-08-15T13:14:24.584099Z
1286,11292,2026-06-05T12:23:15+00:00,,,Other,,,,,CAR 23 (ALB) TIME 1:38.008 DELETED - TRACK LIMITS AT TURN 1 LAP 28 14:21:23,2026-08-15T13:14:24.584099Z
1286,11292,2026-06-05T12:23:51+00:00,,,Other,,,,,CAR 63 (RUS) TIME 1:51.115 DELETED - TRACK LIMITS AT TURN 10 LAP 25 14:23:01,2026-08-15T13:14:24.584099Z
1286,11292,2026-06-05T12:24:31+00:00,,,Other,,,,,CAR 23 (ALB) TIME 1:24.872 DELETED - TRACK LIMITS AT TURN 10 LAP 29 14:23:44,2026-08-15T13:14:24.584099Z
1286,11292,2026-06-05T12:25:50+00:00,,,Flag,YELLOW,Sector,13.0,,YELLOW IN TRACK SECTOR 13,2026-08-15T13:14:24.584099Z
1286,11292,2026-06-05T12:25:54+00:00,,,Flag,CLEAR,Sector,13.0,,CLEAR IN TRACK SECTOR 13,2026-08-15T13:14:24.584099Z
1286,11292,2026-06-05T12:25:56+00:00,,,Flag,YELLOW,Sector,13.0,,YELLOW IN TRACK SECTOR 13,2026-08-15T13:14:24.584099Z
1286,11292,2026-06-05T12:25:57+00:00,,,Flag,YELLOW,Sector,7.0,,YELLOW IN TRACK SECTOR 7,2026-08-15T13:14:24.584099Z
1286,11292,2026-06-05T12:26:05+00:00,,,Other,,,,,TURN 12 INCIDENT INVOLVING CARS 41 (LIN) AND 81 (PIA) NOTED - IMPEDING (14:23:27),2026-08-15T13:14:24.584099Z
1286,11292,2026-06-05T12:26:13+00:00,,,Flag,CLEAR,Sector,7.0,,CLEAR IN TRACK SECTOR 7,2026-08-15T13:14:24.584099Z
1286,11292,2026-06-05T12:26:14+00:00,,,Other,,,,,TRACK SURFACE SLIPPERY IN TRACK SECTOR 13,2026-08-15T13:14:24.584099Z
1286,11292,2026-06-05T12:26:15+00:00,,,Flag,YELLOW,Sector,13.0,,YELLOW IN TRACK SECTOR 13,2026-08-15T13:14:24.584099Z
1286,11292,2026-06-05T12:26:18+00:00,,,Other,,,,,TRACK SURFACE SLIPPERY IN TRACK SECTOR 13,2026-08-15T13:14:24.584099Z
1286,11292,2026-06-05T12:26:19+00:00,,,Flag,YELLOW,Sector,13.0,,YELLOW IN TRACK SECTOR 13,2026-08-15T13:14:24.584099Z
1286,11292,2026-06-05T12:26:25+00:00,,,Other,,,,,TRACK SURFACE SLIPPERY IN TRACK SECTOR 13,2026-08-15T13:14:24.584099Z
1286,11292,2026-06-05T12:26:26+00:00,,,Flag,YELLOW,Sector,13.0,,YELLOW IN TRACK SECTOR 13,2026-08-15T13:14:24.584099Z
1286,11292,2026-06-05T12:26:32.174000+00:00,,,SessionStatus,,,,,SESSION ABORTED,2026-08-15T13:14:24.584099Z
1286,11292,2026-06-05T12:26:32+00:00,,,Flag,RED,Track,,,RED FLAG,2026-08-15T13:14:24.584099Z
1286,11292,2026-06-05T12:26:32+00:00,,,Flag,CLEAR,Sector,13.0,,CLEAR IN TRACK SECTOR 13,2026-08-15T13:14:24.584099Z
1286,11292,2026-06-05T12:26:36+00:00,,,Other,,,,,CAR 10 (GAS) TIME 1:21.958 DELETED - TRACK LIMITS AT TURN 10 LAP 29 14:25:38,2026-08-15T13:14:24.584099Z
1286,11292,2026-06-05T12:28:21+00:00,,,Other,,,,,CAR 31 (OCO) TIME 1:36.052 DELETED - TRACK LIMITS AT TURN 1 LAP 28 14:24:38,2026-08-15T13:14:24.584099Z
1286,11292,2026-06-05T12:28:56+00:00,,,Other,,,,,SESSION WILL RESUME AT 14:29,2026-08-15T13:14:24.584099Z
1286,11292,2026-06-05T12:28:59+00:00,,,Flag,CLEAR,Track,,,TRACK CLEAR,2026-08-15T13:14:24.584099Z
1286,11292,2026-06-05T12:29:02+00:00,,,Other,,,,,OVERTAKE ENABLED,2026-08-15T13:14:24.584099Z
1286,11292,2026-06-05T12:29:19.525000+00:00,,,SessionStatus,,,,,SESSION STARTED,2026-08-15T13:14:24.584099Z
1286,11292,2026-06-05T12:29:20+00:00,,,Flag,GREEN,Track,,,GREEN LIGHT - PIT EXIT OPEN,2026-08-15T13:14:24.584099Z
1286,11292,2026-06-05T12:29:41+00:00,,,Other,,,,,CAR 14 (ALO) LAP DELETED - TRACK LIMITS AT TURN 16 LAP 22 14:26:08 (PIT),2026-08-15T13:14:24.584099Z
1286,11292,2026-06-05T12:30:00.070000+00:00,,,SessionStatus,,,,,SESSION FINISHED,2026-08-15T13:14:24.584099Z
1286,11292,2026-06-05T12:30:00+00:00,,,Flag,CHEQUERED,Track,,,CHEQUERED FLAG,2026-08-15T13:14:24.584099Z
1286,11292,2026-06-05T12:30:13+00:00,,,Other,,,,,CAR 14 (ALO) LAP DELETED - TRACK LIMITS AT TURN 10 LAP 22 14:25:50 (PIT),2026-08-15T13:14:24.584099Z
1286,11292,2026-06-05T12:30:48+00:00,,,Other,,,,,FIRST CAR TO TAKE THE FLAG - CAR 77 (BOT),2026-08-15T13:14:24.584099Z
1286,11292,2026-06-05T12:31:21+00:00,,,Other,,,,,FIA STEWARDS: TURN 12 INCIDENT INVOLVING CARS 41 (LIN) AND 81 (PIA) WILL BE INVESTIGATED AFTER THE SESSION - IMPEDING (14:23:27),2026-08-15T13:14:24.584099Z
1286,11292,2026-06-05T12:32:06+00:00,,,Other,,,,,INCIDENT INVOLVING CAR 30 (LAW) NOTED - LEAVING PIT EXIT ON RED LIGHT (14:30:01),2026-08-15T13:14:24.584099Z
1286,11292,2026-06-05T12:32:52+00:00,,,Other,,,,,CAR 77 (BOT) TIME 2:10.117 DELETED - TRACK LIMITS AT TURN 16 LAP 27 14:31:46,2026-08-15T13:14:24.584099Z
1286,11292,2026-06-05T12:33:49+00:00,,,Flag,YELLOW,Sector,19.0,,YELLOW IN TRACK SECTOR 19,2026-08-15T13:14:24.584099Z
1286,11292,2026-06-05T12:33:54+00:00,,,Flag,CLEAR,Sector,19.0,,CLEAR IN TRACK SECTOR 19,2026-08-15T13:14:24.584099Z
1286,11292,2026-06-05T12:36:05+00:00,44.0,,Flag,BLACK AND WHITE,Driver,,,BLACK AND WHITE FLAG FOR CAR 44 (HAM) - FAILING TO FOLLOW RACE DIRECTORS INSTRUCTIONS (14:29:49),2026-08-15T13:14:24.584099Z
1286,11292,2026-06-05T12:38:36+00:00,,,Flag,DOUBLE YELLOW,Sector,13.0,,DOUBLE YELLOW IN TRACK SECTOR 13,2026-08-15T13:14:24.584099Z
1286,11292,2026-06-05T12:39:11+00:00,,,Other,,,,,FIA STEWARDS: INCIDENT INVOLVING CAR 30 (LAW) WILL BE INVESTIGATED AFTER THE SESSION - LEAVING PIT EXIT ON RED LIGHT (14:30:01),2026-08-15T13:14:24.584099Z
1286,11292,2026-06-05T12:39:17+00:00,,,Flag,DOUBLE YELLOW,Sector,16.0,,DOUBLE YELLOW IN TRACK SECTOR 16,2026-08-15T13:14:24.584099Z
1286,11292,2026-06-05T12:40:45+00:00,,,Flag,CLEAR,Sector,13.0,,CLEAR IN TRACK SECTOR 13,2026-08-15T13:14:24.584099Z
1286,11292,2026-06-05T12:45:13+00:00,,,Flag,CLEAR,Sector,16.0,,CLEAR IN TRACK SECTOR 16,2026-08-15T13:14:24.584099Z
1286,11293,2026-06-05T14:50:16+00:00,,,Other,,,,,PINK HEAD PADDING MATERIAL MUST BE USED,2026-08-15T13:14:31.485952Z
1286,11293,2026-06-05T15:00:00.054000+00:00,,,SessionStatus,,,,,SESSION STARTED,2026-08-15T13:14:31.485952Z
1286,11293,2026-06-05T15:00:00+00:00,,,Flag,GREEN,Track,,,GREEN LIGHT - PIT EXIT OPEN,2026-08-15T13:14:31.485952Z
1286,11293,2026-06-05T15:03:45+00:00,,,Other,,,,,CAR 41 (LIN) TIME 1:29.778 DELETED - TRACK LIMITS AT TURN 10 LAP 3 17:02:54,2026-08-15T13:14:31.485952Z
1286,11293,2026-06-05T15:05:11+00:00,,,Other,,,,,CAR 81 (PIA) TIME 1:41.635 DELETED - TRACK LIMITS AT TURN 10 LAP 2 17:02:56,2026-08-15T13:14:31.485952Z
1286,11293,2026-06-05T15:05:16+00:00,,,Other,,,,,CAR 5 (BOR) TIME 1:17.865 DELETED - TRACK LIMITS AT TURN 10 LAP 4 17:04:14,2026-08-15T13:14:31.485952Z
1286,11293,2026-06-05T15:06:23+00:00,,,Other,,,,,CAR 23 (ALB) TIME 1:25.104 DELETED - TRACK LIMITS AT TURN 10 LAP 4 17:05:25,2026-08-15T13:14:31.485952Z
1286,11293,2026-06-05T15:06:28+00:00,,,Other,,,,,CAR 77 (BOT) TIME 1:17.674 DELETED - TRACK LIMITS AT TURN 10 LAP 4 17:05:21,2026-08-15T13:14:31.485952Z
1286,11293,2026-06-05T15:06:34+00:00,,,Other,,,,,CAR 5 (BOR) TIME 1:36.758 DELETED - TRACK LIMITS AT TURN 16 LAP 5 17:05:57,2026-08-15T13:14:31.485952Z
1286,11293,2026-06-05T15:07:26+00:00,,,Other,,,,,CAR 23 (ALB) TIME 1:18.165 DELETED - TRACK LIMITS AT TURN 10 LAP 5 17:06:50,2026-08-15T13:14:31.485952Z
1286,11293,2026-06-05T15:08:54+00:00,,,Other,,,,,CAR 27 (HUL) TIME 1:20.167 DELETED - TRACK LIMITS AT TURN 10 LAP 7 17:08:15,2026-08-15T13:14:31.485952Z
1286,11293,2026-06-05T15:09:11+00:00,,,Other,,,,,CAR 11 (PER) TIME 1:56.344 DELETED - TRACK LIMITS AT TURN 10 LAP 6 17:08:17,2026-08-15T13:14:31.485952Z
1286,11293,2026-06-05T15:09:13+00:00,,,Other,,,,,CAR 87 (BEA) TIME 2:04.386 DELETED - TRACK LIMITS AT TURN 1 LAP 6 17:07:00,2026-08-15T13:14:31.485952Z
1286,11293,2026-06-05T15:09:15+00:00,,,Other,,,,,CAR 87 (BEA) TIME 2:04.386 DELETED - TRACK LIMITS AT TURN 16 LAP 6 17:08:35,2026-08-15T13:14:31.485952Z
1286,11293,2026-06-05T15:09:45+00:00,,,Other,,,,,CAR 43 (COL) TIME 1:30.045 DELETED - TRACK LIMITS AT TURN 10 LAP 7 17:09:01,2026-08-15T13:14:31.485952Z
1286,11293,2026-06-05T15:10:21+00:00,,,Other,,,,,CAR 18 (STR) TIME 1:21.865 DELETED - TRACK LIMITS AT TURN 10 LAP 7 17:09:40,2026-08-15T13:14:31.485952Z
1286,11293,2026-06-05T15:11:50+00:00,,,Other,,,,,CAR 5 (BOR) TIME 1:15.967 DELETED - TRACK LIMITS AT TURN 10 LAP 8 17:10:03,2026-08-15T13:14:31.485952Z
1286,11293,2026-06-05T15:12:08+00:00,,,Other,,,,,CAR 87 (BEA) TIME 1:25.575 DELETED - TRACK LIMITS AT TURN 16 LAP 7 17:10:05,2026-08-15T13:14:31.485952Z
1286,11293,2026-06-05T15:12:14+00:00,,,Other,,,,,CAR 12 (ANT) TIME 1:55.035 DELETED - TRACK LIMITS AT TURN 16 LAP 7 17:10:04,2026-08-15T13:14:31.485952Z
1286,11293,2026-06-05T15:12:22+00:00,,,Other,,,,,CAR 27 (HUL) TIME 1:33.989 DELETED - TRACK LIMITS AT TURN 1 LAP 9 17:10:12,2026-08-15T13:14:31.485952Z
1286,11293,2026-06-05T15:12:32+00:00,,,Other,,,,,CAR 87 (BEA) TIME 1:26.293 DELETED - TRACK LIMITS AT TURN 10 LAP 8 17:11:10,2026-08-15T13:14:31.485952Z
1286,11293,2026-06-05T15:12:43+00:00,,,Other,,,,,CAR 41 (LIN) TIME 1:26.318 DELETED - TRACK LIMITS AT TURN 10 LAP 9 17:11:35,2026-08-15T13:14:31.485952Z
1286,11293,2026-06-05T15:12:53+00:00,,,Flag,YELLOW,Sector,13.0,,YELLOW IN TRACK SECTOR 13,2026-08-15T13:14:31.485952Z
1286,11293,2026-06-05T15:13:13+00:00,,,SafetyCar,,,,,VSC DEPLOYED,2026-08-15T13:14:31.485952Z
1286,11293,2026-06-05T15:13:14+00:00,,,Flag,DOUBLE YELLOW,Sector,13.0,,DOUBLE YELLOW IN TRACK SECTOR 13,2026-08-15T13:14:31.485952Z
1286,11293,2026-06-05T15:17:32+00:00,,,Flag,CLEAR,Sector,13.0,,CLEAR IN TRACK SECTOR 13,2026-08-15T13:14:31.485952Z
1286,11293,2026-06-05T15:17:52+00:00,,,SafetyCar,,,,,VSC ENDING,2026-08-15T13:14:31.485952Z
1286,11293,2026-06-05T15:18:02+00:00,,,Flag,CLEAR,Track,,,TRACK CLEAR,2026-08-15T13:14:31.485952Z
1286,11293,2026-06-05T15:18:15+00:00,,,Other,,,,,CAR 87 (BEA) TIME 2:33.226 DELETED - TRACK LIMITS AT TURN 1 LAP 10 17:13:10,2026-08-15T13:14:31.485952Z
1286,11293,2026-06-05T15:19:49+00:00,,,Other,,,,,CAR 55 (SAI) TIME 1:24.579 DELETED - TRACK LIMITS AT TURN 10 LAP 12 17:18:42,2026-08-15T13:14:31.485952Z
1286,11293,2026-06-05T15:20:31+00:00,,,Other,,,,,CAR 11 (PER) TIME 1:18.130 DELETED - TRACK LIMITS AT TURN 10 LAP 13 17:19:49,2026-08-15T13:14:31.485952Z
1286,11293,2026-06-05T15:23:29+00:00,,,Other,,,,,CAR 16 (LEC) TIME 1:17.937 DELETED - TRACK LIMITS AT TURN 10 LAP 14 17:19:59,2026-08-15T13:14:31.485952Z
1286,11293,2026-06-05T15:23:31+00:00,,,Other,,,,,CAR 87 (BEA) LAP DELETED - TRACK LIMITS AT TURN 16 LAP 15 17:22:22 (PIT),2026-08-15T13:14:31.485952Z
1286,11293,2026-06-05T15:23:35+00:00,,,Other,,,,,CAR 16 (LEC) TIME 1:29.038 DELETED - TRACK LIMITS AT TURN 10 LAP 16 17:22:34,2026-08-15T13:14:31.485952Z
1286,11293,2026-06-05T15:23:51+00:00,,,Other,,,,,CAR 27 (HUL) TIME 1:30.956 DELETED - TRACK LIMITS AT TURN 10 LAP 12 17:23:12,2026-08-15T13:14:31.485952Z
1286,11293,2026-06-05T15:26:39+00:00,,,Other,,,,,CAR 43 (COL) TIME 1:33.900 DELETED - TRACK LIMITS AT TURN 10 LAP 12 17:25:34,2026-08-15T13:14:31.485952Z
1286,11293,2026-06-05T15:29:31+00:00,,,Other,,,,,CAR 3 (VER) TIME 1:40.628 DELETED - TRACK LIMITS AT TURN 10 LAP 16 17:28:24,2026-08-15T13:14:31.485952Z
1286,11293,2026-06-05T15:30:06+00:00,,,Other,,,,,CAR 12 (ANT) TIME 1:31.494 DELETED - TRACK LIMITS AT TURN 10 LAP 16 17:29:14,2026-08-15T13:14:31.485952Z
1286,11293,2026-06-05T15:30:40+00:00,,,Other,,,,,CAR 41 (LIN) TIME 1:41.586 DELETED - TRACK LIMITS AT TURN 10 LAP 19 17:29:55,2026-08-15T13:14:31.485952Z
1286,11293,2026-06-05T15:30:48+00:00,,,Other,,,,,CAR 87 (BEA) TIME 1:23.324 DELETED - TRACK LIMITS AT TURN 10 LAP 18 17:30:06,2026-08-15T13:14:31.485952Z
1286,11293,2026-06-05T15:31:55+00:00,,,Other,,,,,CAR 63 (RUS) TIME 1:49.067 DELETED - TRACK LIMITS AT TURN 10 LAP 18 17:31:06,2026-08-15T13:14:31.485952Z
1286,11293,2026-06-05T15:33:46+00:00,,,Other,,,,,CAR 55 (SAI) TIME 1:17.610 DELETED - TRACK LIMITS AT TURN 10 LAP 18 17:33:07,2026-08-15T13:14:31.485952Z
1286,11293,2026-06-05T15:34:24+00:00,,,Other,,,,,TRACK SURFACE SLIPPERY IN TRACK SECTOR 19,2026-08-15T13:14:31.485952Z
1286,11293,2026-06-05T15:34:25+00:00,,,Other,,,,,TRACK SURFACE SLIPPERY IN TRACK SECTOR 1,2026-08-15T13:14:31.485952Z
1286,11293,2026-06-05T15:34:35+00:00,,,Other,,,,,CAR 87 (BEA) TIME 1:55.257 DELETED - TRACK LIMITS AT TURN 10 LAP 20 17:33:18,2026-08-15T13:14:31.485952Z
1286,11293,2026-06-05T15:34:36+00:00,,,Other,,,,,CAR 77 (BOT) TIME 1:39.812 DELETED - TRACK LIMITS AT TURN 10 LAP 17 17:33:52,2026-08-15T13:14:31.485952Z
1286,11293,2026-06-05T15:35:18+00:00,,,Flag,CLEAR,Sector,19.0,,CLEAR IN TRACK SECTOR 19,2026-08-15T13:14:31.485952Z
1286,11293,2026-06-05T15:35:51+00:00,,,Flag,CLEAR,Sector,1.0,,CLEAR IN TRACK SECTOR 1,2026-08-15T13:14:31.485952Z
1286,11293,2026-06-05T15:36:20+00:00,,,Other,,,,,CAR 41 (LIN) TIME 1:31.549 DELETED - TRACK LIMITS AT TURN 10 LAP 22 17:34:06,2026-08-15T13:14:31.485952Z
1286,11293,2026-06-05T15:36:33+00:00,,,Other,,,,,CAR 55 (SAI) TIME 1:37.845 DELETED - TRACK LIMITS AT TURN 10 LAP 20 17:35:52,2026-08-15T13:14:31.485952Z
1286,11293,2026-06-05T15:36:46+00:00,,,Other,,,,,CAR 16 (LEC) TIME 1:39.904 DELETED - TRACK LIMITS AT TURN 10 LAP 22 17:35:55,2026-08-15T13:14:31.485952Z
1286,11293,2026-06-05T15:37:43+00:00,,,Other,,,,,CAR 63 (RUS) TIME 1:46.096 DELETED - TRACK LIMITS AT TURN 1 LAP 22 17:35:45,2026-08-15T13:14:31.485952Z
1286,11293,2026-06-05T15:38:19+00:00,,,Other,,,,,CAR 5 (BOR) TIME 1:45.180 DELETED - TRACK LIMITS AT TURN 10 LAP 22 17:37:31,2026-08-15T13:14:31.485952Z
1286,11293,2026-06-05T15:39:09+00:00,,,Other,,,,,CAR 12 (ANT) TIME 1:20.538 DELETED - TRACK LIMITS AT TURN 16 LAP 22 17:38:11,2026-08-15T13:14:31.485952Z
1286,11293,2026-06-05T15:39:19+00:00,,,Other,,,,,CAR 23 (ALB) TIME 1:25.454 DELETED - TRACK LIMITS AT TURN 10 LAP 27 17:38:38,2026-08-15T13:14:31.485952Z
1286,11293,2026-06-05T15:39:28+00:00,,,Other,,,,,CAR 55 (SAI) TIME 1:24.086 DELETED - TRACK LIMITS AT TURN 10 LAP 22 17:38:45,2026-08-15T13:14:31.485952Z
1286,11293,2026-06-05T15:39:39+00:00,,,Other,,,,,CAR 43 (COL) LAP DELETED - TRACK LIMITS AT TURN 10 LAP 21 17:38:53 (PIT),2026-08-15T13:14:31.485952Z
1286,11293,2026-06-05T15:40:14+00:00,,,Other,,,,,CAR 10 (GAS) TIME 1:28.818 DELETED - TRACK LIMITS AT TURN 10 LAP 24 17:38:56,2026-08-15T13:14:31.485952Z
1286,11293,2026-06-05T15:40:16+00:00,,,Other,,,,,CAR 16 (LEC) TIME 1:55.635 DELETED - TRACK LIMITS AT TURN 1 LAP 24 17:38:07,2026-08-15T13:14:31.485952Z
1286,11293,2026-06-05T15:40:21+00:00,,,Other,,,,,CAR 31 (OCO) TIME 1:30.801 DELETED - TRACK LIMITS AT TURN 1 LAP 25 17:38:35,2026-08-15T13:14:31.485952Z
1286,11293,2026-06-05T15:40:24+00:00,,,Other,,,,,CAR 43 (COL) LAP DELETED - TRACK LIMITS AT TURN 16 LAP 21 17:39:13 (PIT),2026-08-15T13:14:31.485952Z
1286,11293,2026-06-05T15:40:29+00:00,,,Other,,,,,CAR 5 (BOR) TIME 1:28.753 DELETED - TRACK LIMITS AT TURN 16 LAP 23 17:39:18,2026-08-15T13:14:31.485952Z
1286,11293,2026-06-05T15:40:36+00:00,,,Other,,,,,CAR 12 (ANT) TIME 1:40.025 DELETED - TRACK LIMITS AT TURN 1 LAP 23 17:38:39,2026-08-15T13:14:31.485952Z
1286,11293,2026-06-05T15:40:44+00:00,,,Other,,,,,CAR 77 (BOT) LAP DELETED - TRACK LIMITS AT TURN 1 LAP 21 17:38:56 (PIT),2026-08-15T13:14:31.485952Z
1286,11293,2026-06-05T15:40:56+00:00,,,Other,,,,,CAR 55 (SAI) TIME 1:19.861 DELETED - TRACK LIMITS AT TURN 16 LAP 23 17:40:24,2026-08-15T13:14:31.485952Z
1286,11293,2026-06-05T15:41:38+00:00,,,Other,,,,,CAR 12 (ANT) TIME 1:21.124 DELETED - TRACK LIMITS AT TURN 16 LAP 24 17:41:11,2026-08-15T13:14:31.485952Z
1286,11293,2026-06-05T15:43:11+00:00,,,Other,,,,,CAR 44 (HAM) LAP DELETED - TRACK LIMITS AT TURN 10 LAP 27 17:42:28 (PIT),2026-08-15T13:14:31.485952Z
1286,11293,2026-06-05T15:43:13+00:00,,,Other,,,,,CAR 63 (RUS) LAP DELETED - TRACK LIMITS AT TURN 10 LAP 26 17:42:36 (PIT),2026-08-15T13:14:31.485952Z
1286,11293,2026-06-05T15:43:27+00:00,,,Other,,,,,CAR 55 (SAI) TIME 1:19.670 DELETED - TRACK LIMITS AT TURN 16 LAP 25 17:43:02,2026-08-15T13:14:31.485952Z
1286,11293,2026-06-05T15:45:59+00:00,,,Other,,,,,CAR 55 (SAI) TIME 1:27.438 DELETED - TRACK LIMITS AT TURN 10 LAP 26 17:44:18,2026-08-15T13:14:31.485952Z
1286,11293,2026-06-05T15:46:04+00:00,,,Other,,,,,CAR 5 (BOR) TIME 1:19.026 DELETED - TRACK LIMITS AT TURN 16 LAP 27 17:44:57,2026-08-15T13:14:31.485952Z
1286,11293,2026-06-05T15:46:46+00:00,,,Other,,,,,CAR 41 (LIN) LAP DELETED - TRACK LIMITS AT TURN 16 LAP 30 17:46:20 (PIT),2026-08-15T13:14:31.485952Z
1286,11293,2026-06-05T15:47:10+00:00,,,Other,,,,,CAR 16 (LEC) TIME 1:42.713 DELETED - TRACK LIMITS AT TURN 1 LAP 29 17:45:24,2026-08-15T13:14:31.485952Z
1286,11293,2026-06-05T15:47:51+00:00,,,Other,,,,,CAR 18 (STR) LAP DELETED - TRACK LIMITS AT TURN 10 LAP 28 17:47:18 (PIT),2026-08-15T13:14:31.485952Z
1286,11293,2026-06-05T15:50:23+00:00,,,Other,,,,,CAR 6 (HAD) LAP DELETED - TRACK LIMITS AT TURN 10 LAP 20 17:49:22 (PIT),2026-08-15T13:14:31.485952Z
1286,11293,2026-06-05T15:53:01+00:00,,,Other,,,,,CAR 12 (ANT) TIME 1:25.098 DELETED - TRACK LIMITS AT TURN 10 LAP 28 17:51:30,2026-08-15T13:14:31.485952Z
1286,11293,2026-06-05T15:53:24+00:00,,,Other,,,,,CAR 41 (LIN) TIME 1:30.682 DELETED - TRACK LIMITS AT TURN 10 LAP 31 17:52:37,2026-08-15T13:14:31.485952Z
1286,11293,2026-06-05T15:53:27+00:00,,,Other,,,,,CAR 41 (LIN) TIME 1:30.682 DELETED - TRACK LIMITS AT TURN 16 LAP 31 17:52:56,2026-08-15T13:14:31.485952Z
1286,11293,2026-06-05T15:53:39+00:00,,,Other,,,,,CAR 30 (LAW) TIME 1:26.268 DELETED - TRACK LIMITS AT TURN 10 LAP 30 17:53:01,2026-08-15T13:14:31.485952Z
1286,11293,2026-06-05T15:54:06+00:00,,,Other,,,,,CAR 5 (BOR) TIME 1:18.123 DELETED - TRACK LIMITS AT TURN 1 LAP 30 17:52:47,2026-08-15T13:14:31.485952Z
1286,11293,2026-06-05T15:54:38+00:00,,,Other,,,,,CAR 41 (LIN) TIME 1:19.701 DELETED - TRACK LIMITS AT TURN 10 LAP 32 17:54:03,2026-08-15T13:14:31.485952Z
1286,11293,2026-06-05T15:54:55+00:00,,,Flag,YELLOW,Sector,4.0,,YELLOW IN TRACK SECTOR 4,2026-08-15T13:14:31.485952Z
1286,11293,2026-06-05T15:54:55+00:00,,,Flag,YELLOW,Sector,5.0,,YELLOW IN TRACK SECTOR 5,2026-08-15T13:14:31.485952Z
1286,11293,2026-06-05T15:54:56+00:00,,,Flag,YELLOW,Sector,6.0,,YELLOW IN TRACK SECTOR 6,2026-08-15T13:14:31.485952Z
1286,11293,2026-06-05T15:55:02.325000+00:00,,,SessionStatus,,,,,SESSION ABORTED,2026-08-15T13:14:31.485952Z
1286,11293,2026-06-05T15:55:02+00:00,,,Flag,RED,Track,,,RED FLAG,2026-08-15T13:14:31.485952Z
1286,11293,2026-06-05T15:55:03+00:00,,,Flag,CLEAR,Sector,4.0,,CLEAR IN TRACK SECTOR 4,2026-08-15T13:14:31.485952Z
1286,11293,2026-06-05T15:55:03+00:00,,,Flag,CLEAR,Sector,5.0,,CLEAR IN TRACK SECTOR 5,2026-08-15T13:14:31.485952Z
1286,11293,2026-06-05T15:55:03+00:00,,,Flag,CLEAR,Sector,6.0,,CLEAR IN TRACK SECTOR 6,2026-08-15T13:14:31.485952Z
1286,11293,2026-06-05T15:57:00+00:00,,,Flag,CLEAR,Track,,,TRACK CLEAR,2026-08-15T13:14:31.485952Z
1286,11293,2026-06-05T15:57:04+00:00,,,Other,,,,,OVERTAKE ENABLED,2026-08-15T13:14:31.485952Z
1286,11293,2026-06-05T15:57:15+00:00,,,Other,,,,,SESSION WILL RESUME AT 17:58,2026-08-15T13:14:31.485952Z
1286,11293,2026-06-05T15:57:24+00:00,,,Other,,,,,CAR 11 (PER) LAP DELETED - TRACK LIMITS AT TURN 1 LAP 32 17:54:33 (PIT),2026-08-15T13:14:31.485952Z
1286,11293,2026-06-05T15:58:00.080000+00:00,,,SessionStatus,,,,,SESSION STARTED,2026-08-15T13:14:31.485952Z
1286,11293,2026-06-05T15:58:00+00:00,,,Flag,GREEN,Track,,,GREEN LIGHT - PIT EXIT OPEN,2026-08-15T13:14:31.485952Z
1286,11293,2026-06-05T16:00:00.059000+00:00,,,SessionStatus,,,,,SESSION FINISHED,2026-08-15T13:14:31.485952Z
1286,11293,2026-06-05T16:00:00+00:00,,,Flag,CHEQUERED,Track,,,CHEQUERED FLAG,2026-08-15T13:14:31.485952Z
1286,11293,2026-06-05T16:00:09+00:00,,,Other,,,,,FIRST CAR TO TAKE THE FLAG - CAR 27 (HUL),2026-08-15T13:14:31.485952Z
1286,11293,2026-06-05T16:01:06+00:00,,,Other,,,,,CAR 23 (ALB) TIME 1:17.889 DELETED - TRACK LIMITS AT TURN 10 LAP 37 18:00:34,2026-08-15T13:14:31.485952Z
1286,11293,2026-06-05T16:01:33+00:00,,,Other,,,,,CAR 41 (LIN) TIME 1:19.087 DELETED - TRACK LIMITS AT TURN 10 LAP 35 18:00:42,2026-08-15T13:14:31.485952Z
1286,11293,2026-06-05T16:01:35+00:00,,,Other,,,,,CAR 43 (COL) TIME 1:21.558 DELETED - TRACK LIMITS AT TURN 10 LAP 29 18:00:43,2026-08-15T13:14:31.485952Z
1286,11293,2026-06-05T16:09:06+00:00,,,Flag,DOUBLE YELLOW,Sector,14.0,,DOUBLE YELLOW IN TRACK SECTOR 14,2026-08-15T13:14:31.485952Z
1286,11293,2026-06-05T16:09:15+00:00,,,Flag,YELLOW,Sector,6.0,,YELLOW IN TRACK SECTOR 6,2026-08-15T13:14:31.485952Z
1286,11293,2026-06-05T16:09:19+00:00,,,Flag,CLEAR,Sector,6.0,,CLEAR IN TRACK SECTOR 6,2026-08-15T13:14:31.485952Z
1286,11293,2026-06-05T16:09:42+00:00,,,Flag,YELLOW,Sector,6.0,,YELLOW IN TRACK SECTOR 6,2026-08-15T13:14:31.485952Z
1286,11293,2026-06-05T16:10:13+00:00,,,Flag,DOUBLE YELLOW,Sector,4.0,,DOUBLE YELLOW IN TRACK SECTOR 4,2026-08-15T13:14:31.485952Z
1286,11293,2026-06-05T16:10:13+00:00,,,Flag,DOUBLE YELLOW,Sector,5.0,,DOUBLE YELLOW IN TRACK SECTOR 5,2026-08-15T13:14:31.485952Z
1286,11293,2026-06-05T16:10:24+00:00,,,Flag,DOUBLE YELLOW,Sector,6.0,,DOUBLE YELLOW IN TRACK SECTOR 6,2026-08-15T13:14:31.485952Z
1286,11293,2026-06-05T16:11:25+00:00,,,Flag,DOUBLE YELLOW,Sector,13.0,,DOUBLE YELLOW IN TRACK SECTOR 13,2026-08-15T13:14:31.485952Z
1286,11293,2026-06-05T16:12:31+00:00,,,Flag,CLEAR,Sector,14.0,,CLEAR IN TRACK SECTOR 14,2026-08-15T13:14:31.485952Z
1286,11295,2026-06-06T13:46:46+00:00,,,Other,,,,,RISK OF RAIN FOR F1 QUALIFYING IS 0%,2026-08-15T13:15:21.361369Z
1286,11295,2026-06-06T14:00:00.044000+00:00,,,SessionStatus,,,,1.0,SESSION STARTED,2026-08-15T13:15:21.361369Z
1286,11295,2026-06-06T14:00:00+00:00,,,Flag,GREEN,Track,,1.0,GREEN LIGHT - PIT EXIT OPEN,2026-08-15T13:15:21.361369Z
1286,11295,2026-06-06T14:03:43+00:00,,,Other,,,,,CAR 63 (RUS) TIME 1:35.179 DELETED - TRACK LIMITS AT TURN 10 LAP 2 16:02:59,2026-08-15T13:15:21.361369Z
1286,11295,2026-06-06T14:05:14+00:00,,,Other,,,,,CAR 63 (RUS) TIME 1:33.532 DELETED - TRACK LIMITS AT TURN 10 LAP 3 16:04:26,2026-08-15T13:15:21.361369Z
1286,11295,2026-06-06T14:05:52+00:00,,,Other,,,,,CAR 11 (PER) TIME 1:30.897 DELETED - TRACK LIMITS AT TURN 10 LAP 5 16:05:06,2026-08-15T13:15:21.361369Z
1286,11295,2026-06-06T14:08:46+00:00,,,Other,,,,,CAR 63 (RUS) TIME 1:39.599 DELETED - TRACK LIMITS AT TURN 10 LAP 5 16:07:16,2026-08-15T13:15:21.361369Z
1286,11295,2026-06-06T14:08:48+00:00,,,Other,,,,,CAR 11 (PER) LAP DELETED - TRACK LIMITS AT TURN 10 LAP 7 16:07:51 (PIT),2026-08-15T13:15:21.361369Z
1286,11295,2026-06-06T14:09:49+00:00,,,Other,,,,,CAR 63 (RUS) TIME 1:33.562 DELETED - TRACK LIMITS AT TURN 10 LAP 6 16:08:50,2026-08-15T13:15:21.361369Z
1286,11295,2026-06-06T14:09:50+00:00,,,Other,,,,,CAR 63 (RUS) TIME 1:33.562 DELETED - TRACK LIMITS AT TURN 16 LAP 6 16:09:12,2026-08-15T13:15:21.361369Z
1286,11295,2026-06-06T14:10:40+00:00,,,Other,,,,,CAR 23 (ALB) LAP DELETED - TRACK LIMITS AT TURN 1 LAP 8 16:09:23 (PIT),2026-08-15T13:15:21.361369Z
1286,11295,2026-06-06T14:10:53+00:00,,,Other,,,,,CAR 55 (SAI) LAP DELETED - TRACK LIMITS AT TURN 16 LAP 8 16:10:31 (PIT),2026-08-15T13:15:21.361369Z
1286,11295,2026-06-06T14:12:45+00:00,,,Other,,,,,CAR 12 (ANT) TIME 1:34.829 DELETED - TRACK LIMITS AT TURN 1 LAP 8 16:10:30,2026-08-15T13:15:21.361369Z
1286,11295,2026-06-06T14:14:20+00:00,,,Other,,,,,CAR 31 (OCO) TIME 1:21.099 DELETED - TRACK LIMITS AT TURN 16 LAP 10 16:13:15,2026-08-15T13:15:21.361369Z
1286,11295,2026-06-06T14:14:50+00:00,12.0,,Flag,BLACK AND WHITE,Driver,,1.0,BLACK AND WHITE FLAG FOR CAR 12 (ANT) - FAILING TO FOLLOW RACE DIRECTORS INSTRUCTIONS,2026-08-15T13:15:21.361369Z
1286,11295,2026-06-06T14:14:55+00:00,,,Other,,,,,CAR 44 (HAM) TIME 1:36.716 DELETED - TRACK LIMITS AT TURN 1 LAP 9 16:12:12,2026-08-15T13:15:21.361369Z
1286,11295,2026-06-06T14:14:58+00:00,,,Other,,,,,CAR 18 (STR) TIME 1:17.435 DELETED - TRACK LIMITS AT TURN 10 LAP 10 16:13:49,2026-08-15T13:15:21.361369Z
1286,11295,2026-06-06T14:14:59+00:00,,,Other,,,,,CAR 5 (BOR) TIME 1:35.069 DELETED - TRACK LIMITS AT TURN 10 LAP 10 16:13:47,2026-08-15T13:15:21.361369Z
1286,11295,2026-06-06T14:15:22+00:00,,,Flag,DOUBLE YELLOW,Sector,13.0,1.0,DOUBLE YELLOW IN TRACK SECTOR 13,2026-08-15T13:15:21.361369Z
1286,11295,2026-06-06T14:15:49.211000+00:00,,,SessionStatus,,,,1.0,SESSION ABORTED,2026-08-15T13:15:21.361369Z
1286,11295,2026-06-06T14:15:49+00:00,,,Flag,RED,Track,,1.0,RED FLAG,2026-08-15T13:15:21.361369Z
1286,11295,2026-06-06T14:15:49+00:00,,,Flag,CLEAR,Sector,13.0,1.0,CLEAR IN TRACK SECTOR 13,2026-08-15T13:15:21.361369Z
1286,11295,2026-06-06T14:16:43+00:00,,,Flag,DOUBLE YELLOW,Sector,13.0,1.0,DOUBLE YELLOW IN TRACK SECTOR 13,2026-08-15T13:15:21.361369Z
1286,11295,2026-06-06T14:17:03+00:00,,,Flag,CLEAR,Sector,13.0,1.0,CLEAR IN TRACK SECTOR 13,2026-08-15T13:15:21.361369Z
1286,11295,2026-06-06T14:17:29+00:00,,,Other,,,,,MARSHALS ON TRACK AT TURN 10,2026-08-15T13:15:21.361369Z
1286,11295,2026-06-06T14:17:32+00:00,,,Other,,,,,CAR 18 (STR) TIME 1:17.435 DELETED - TRACK LIMITS AT TURN 16 LAP 10 16:14:03,2026-08-15T13:15:21.361369Z
1286,11295,2026-06-06T14:17:33+00:00,,,Other,,,,,CAR 18 (STR) LAP DELETED - TRACK LIMITS AT TURN 10 LAP 11 16:15:17 (PIT),2026-08-15T13:15:21.361369Z
1286,11295,2026-06-06T14:17:48+00:00,,,Other,,,,,CAR 63 (RUS) LAP DELETED - TRACK LIMITS AT TURN 1 LAP 11 16:15:41 (PIT),2026-08-15T13:15:21.361369Z
1286,11295,2026-06-06T14:17:53+00:00,,,Flag,CLEAR,Track,,1.0,TRACK CLEAR,2026-08-15T13:15:21.361369Z
1286,11295,2026-06-06T14:17:56+00:00,,,Other,,,,,OVERTAKE ENABLED,2026-08-15T13:15:21.361369Z
1286,11295,2026-06-06T14:18:10+00:00,,,Flag,DOUBLE YELLOW,Sector,13.0,1.0,DOUBLE YELLOW IN TRACK SECTOR 13,2026-08-15T13:15:21.361369Z
1286,11295,2026-06-06T14:18:36+00:00,,,Other,,,,,Q1 WILL RESUME AT 16:22,2026-08-15T13:15:21.361369Z
1286,11295,2026-06-06T14:18:50+00:00,,,Flag,CLEAR,Sector,13.0,1.0,CLEAR IN TRACK SECTOR 13,2026-08-15T13:15:21.361369Z
1286,11295,2026-06-06T14:22:00.056000+00:00,,,SessionStatus,,,,1.0,SESSION STARTED,2026-08-15T13:15:21.361369Z
1286,11295,2026-06-06T14:22:00+00:00,,,Flag,GREEN,Track,,1.0,GREEN LIGHT - PIT EXIT OPEN,2026-08-15T13:15:21.361369Z
1286,11295,2026-06-06T14:24:11.037000+00:00,,,SessionStatus,,,,1.0,SESSION FINISHED,2026-08-15T13:15:21.361369Z
1286,11295,2026-06-06T14:24:11+00:00,,,Flag,CHEQUERED,Track,,1.0,CHEQUERED FLAG,2026-08-15T13:15:21.361369Z
1286,11295,2026-06-06T14:24:18+00:00,,,Other,,,,,FIRST CAR TO TAKE THE FLAG - CAR 43 (COL),2026-08-15T13:15:21.361369Z
1286,11295,2026-06-06T14:27:13+00:00,,,Other,,,,,Q2 WILL START AT 16:32,2026-08-15T13:15:21.361369Z
1286,11295,2026-06-06T14:31:47+00:00,,,Other,,,,,INCIDENT INVOLVING CAR 55 (SAI) NOTED - UNSAFE RELEASE (16:29:47),2026-08-15T13:15:21.361369Z
1286,11295,2026-06-06T14:32:00.043000+00:00,,,SessionStatus,,,,2.0,SESSION STARTED,2026-08-15T13:15:21.361369Z
1286,11295,2026-06-06T14:32:00+00:00,,,Flag,GREEN,Track,,2.0,GREEN LIGHT - PIT EXIT OPEN,2026-08-15T13:15:21.361369Z
1286,11295,2026-06-06T14:35:17+00:00,,,Other,,,,,FIA STEWARDS: INCIDENT INVOLVING CAR 55 (SAI) REVIEWED NO FURTHER INVESTIGATION - UNSAFE RELEASE (16:29:47),2026-08-15T13:15:21.361369Z
1286,11295,2026-06-06T14:35:45+00:00,,,Other,,,,,CAR 27 (HUL) TIME 1:34.493 DELETED - TRACK LIMITS AT TURN 10 LAP 13 16:33:50,2026-08-15T13:15:21.361369Z
1286,11295,2026-06-06T14:40:23+00:00,,,Other,,,,,TURN 9 INCIDENT INVOLVING CAR 27 (HUL) NOTED - FAILING TO FOLLOW RACE DIRECTORS INSTRUCTIONS (16:37:53),2026-08-15T13:15:21.361369Z
1286,11295,2026-06-06T14:41:05+00:00,,,Other,,,,,FIA STEWARDS: TURN 9 INCIDENT INVOLVING CAR 27 (HUL) WILL BE INVESTIGATED AFTER THE SESSION - FAILING TO FOLLOW RACE DIRECTORS INSTRUCTIONS (16:37:53),2026-08-15T13:15:21.361369Z
1286,11295,2026-06-06T14:42:38+00:00,,,Other,,,,,PIT LANE INCIDENT INVOLVING CARS 23 (ALB) AND 41 (LIN) NOTED (16:41:02),2026-08-15T13:15:21.361369Z
1286,11295,2026-06-06T14:45:19+00:00,,,Other,,,,,CAR 63 (RUS) TIME 1:21.611 DELETED - TRACK LIMITS AT TURN 10 LAP 19 16:44:31,2026-08-15T13:15:21.361369Z
1286,11295,2026-06-06T14:46:56+00:00,,,Other,,,,,CAR 30 (LAW) LAP DELETED - TRACK LIMITS AT TURN 10 LAP 22 16:46:12 (PIT),2026-08-15T13:15:21.361369Z
1286,11295,2026-06-06T14:47:00.061000+00:00,,,SessionStatus,,,,2.0,SESSION FINISHED,2026-08-15T13:15:21.361369Z
1286,11295,2026-06-06T14:47:00+00:00,,,Flag,CHEQUERED,Track,,2.0,CHEQUERED FLAG,2026-08-15T13:15:21.361369Z
1286,11295,2026-06-06T14:47:08+00:00,,,Other,,,,,FIRST CAR TO TAKE THE FLAG - CAR 6 (HAD),2026-08-15T13:15:21.361369Z
1286,11295,2026-06-06T14:47:50+00:00,,,Other,,,,,CAR 1 (NOR) LAP DELETED - TRACK LIMITS AT TURN 10 LAP 22 16:46:47 (PIT),2026-08-15T13:15:21.361369Z
1286,11295,2026-06-06T14:48:37+00:00,,,Other,,,,,FIA STEWARDS: PIT LANE INCIDENT INVOLVING CARS 23 (ALB) AND 41 (LIN) WILL BE INVESTIGATED AFTER THE SESSION (16:41:02),2026-08-15T13:15:21.361369Z
1286,11295,2026-06-06T14:48:51+00:00,,,Other,,,,,CAR 27 (HUL) LAP DELETED - TRACK LIMITS AT TURN 1 LAP 22 16:46:19 (PIT),2026-08-15T13:15:21.361369Z
1286,11295,2026-06-06T14:48:52+00:00,,,Other,,,,,CAR 43 (COL) LAP DELETED - TRACK LIMITS AT TURN 10 LAP 25 16:48:17 (PIT),2026-08-15T13:15:21.361369Z
1286,11295,2026-06-06T14:50:02+00:00,,,Other,,,,,Q3 WILL START AT 16:54,2026-08-15T13:15:21.361369Z
1286,11295,2026-06-06T14:51:40+00:00,,,Other,,,,,TURN 18 INCIDENT INVOLVING CAR 41 (LIN) NOTED - IMPEDING (16:46:05),2026-08-15T13:15:21.361369Z
1286,11295,2026-06-06T14:54:00.042000+00:00,,,SessionStatus,,,,3.0,SESSION STARTED,2026-08-15T13:15:21.361369Z
1286,11295,2026-06-06T14:54:00+00:00,,,Flag,GREEN,Track,,3.0,GREEN LIGHT - PIT EXIT OPEN,2026-08-15T13:15:21.361369Z
1286,11295,2026-06-06T14:59:04+00:00,44.0,,Flag,BLACK AND WHITE,Driver,,3.0,BLACK AND WHITE FLAG FOR CAR 44 (HAM) - FAILING TO FOLLOW RACE DIRECTORS INSTRUCTIONS,2026-08-15T13:15:21.361369Z
1286,11295,2026-06-06T14:59:51+00:00,,,Other,,,,,CAR 1 (NOR) LAP DELETED - TRACK LIMITS AT TURN 10 LAP 26 16:59:00 (PIT),2026-08-15T13:15:21.361369Z
1286,11295,2026-06-06T15:00:38+00:00,,,Other,,,,,FIA STEWARDS: TURN 18 INCIDENT INVOLVING CAR 41 (LIN) REVIEWED NO FURTHER INVESTIGATION - IMPEDING (16:46:05),2026-08-15T13:15:21.361369Z
1286,11295,2026-06-06T15:06:51+00:00,,,Other,,,,,CAR 1 (NOR) LAP DELETED - TRACK LIMITS AT TURN 10 LAP 29 17:06:17 (PIT),2026-08-15T13:15:21.361369Z
1286,11295,2026-06-06T15:06:52+00:00,,,Other,,,,,CAR 1 (NOR) LAP DELETED - TRACK LIMITS AT TURN 16 LAP 29 17:06:33 (PIT),2026-08-15T13:15:21.361369Z
1286,11295,2026-06-06T15:07:00.047000+00:00,,,SessionStatus,,,,3.0,SESSION FINISHED,2026-08-15T13:15:21.361369Z
1286,11295,2026-06-06T15:07:00+00:00,,,Flag,CHEQUERED,Track,,3.0,CHEQUERED FLAG,2026-08-15T13:15:21.361369Z
1286,11295,2026-06-06T15:07:06+00:00,,,Other,,,,,FIRST CAR TO TAKE THE FLAG - CAR 3 (VER),2026-08-15T13:15:21.361369Z
1286,11295,2026-06-06T15:07:37+00:00,,,Flag,YELLOW,Sector,14.0,3.0,YELLOW IN TRACK SECTOR 14,2026-08-15T13:15:21.361369Z
1286,11295,2026-06-06T15:07:41+00:00,,,Flag,CLEAR,Sector,14.0,3.0,CLEAR IN TRACK SECTOR 14,2026-08-15T13:15:21.361369Z
1286,11295,2026-06-06T15:12:44+00:00,,,Flag,DOUBLE YELLOW,Sector,17.0,3.0,DOUBLE YELLOW IN TRACK SECTOR 17,2026-08-15T13:15:21.361369Z
1286,11295,2026-06-06T15:14:06+00:00,,,Flag,DOUBLE YELLOW,Sector,13.0,3.0,DOUBLE YELLOW IN TRACK SECTOR 13,2026-08-15T13:15:21.361369Z
1286,11295,2026-06-06T15:20:20+00:00,,,Flag,CLEAR,Sector,13.0,3.0,CLEAR IN TRACK SECTOR 13,2026-08-15T13:15:21.361369Z
1287,11300,2026-06-12T11:17:16+00:00,,,Other,,,,,BLUE HEAD PADDING MATERIAL MUST BE USED,2026-08-15T13:16:08.853515Z
1287,11300,2026-06-12T11:30:00.071000+00:00,,,SessionStatus,,,,,SESSION STARTED,2026-08-15T13:16:08.853515Z
1287,11300,2026-06-12T11:30:00+00:00,,,Flag,GREEN,Track,,,GREEN LIGHT - PIT EXIT OPEN,2026-08-15T13:16:08.853515Z
1287,11300,2026-06-12T11:30:54+00:00,,,Other,,,,,YELLOW IN PIT LANE,2026-08-15T13:16:08.853515Z
1287,11300,2026-06-12T11:34:30+00:00,,,Other,,,,,PIT LANE CLEAR,2026-08-15T13:16:08.853515Z
1287,11300,2026-06-12T11:46:56+00:00,,,Other,,,,,CAR 72 (VES) LAP DELETED - TRACK LIMITS AT TURN 1 LAP 7 13:44:33 (PIT),2026-08-15T13:16:08.853515Z
1287,11300,2026-06-12T11:49:40+00:00,,,Other,,,,,TURN 10 INCIDENT INVOLVING CARS 55 (SAI) AND 30 (LAW) NOTED - IMPEDING (13:46:25),2026-08-15T13:16:08.853515Z
1287,11300,2026-06-12T11:52:28+00:00,,,Other,,,,,CAR 77 (BOT) TIME 1:21.196 DELETED - TRACK LIMITS AT TURN 9 LAP 4 13:44:59,2026-08-15T13:16:08.853515Z
1287,11300,2026-06-12T11:53:55+00:00,,,Other,,,,,FIA STEWARDS: TURN 10 INCIDENT INVOLVING CARS 55 (SAI) AND 30 (LAW) REVIEWED NO FURTHER INVESTIGATION - IMPEDING (13:46:25),2026-08-15T13:16:08.853515Z
1287,11300,2026-06-12T12:00:00+00:00,,,Flag,YELLOW,Sector,8.0,,YELLOW IN TRACK SECTOR 8,2026-08-15T13:16:08.853515Z
1287,11300,2026-06-12T12:00:02+00:00,,,Flag,YELLOW,Sector,9.0,,YELLOW IN TRACK SECTOR 9,2026-08-15T13:16:08.853515Z
1287,11300,2026-06-12T12:00:04+00:00,,,Flag,CLEAR,Sector,8.0,,CLEAR IN TRACK SECTOR 8,2026-08-15T13:16:08.853515Z
1287,11300,2026-06-12T12:00:05+00:00,,,Flag,CLEAR,Sector,9.0,,CLEAR IN TRACK SECTOR 9,2026-08-15T13:16:08.853515Z
1287,11300,2026-06-12T12:01:22+00:00,,,Other,,,,,CAR 5 (BOR) LAP DELETED - TRACK LIMITS AT TURN 8 LAP 14 13:59:55 (PIT),2026-08-15T13:16:08.853515Z
1287,11300,2026-06-12T12:15:39+00:00,,,Other,,,,,CAR 5 (BOR) LAP DELETED - TRACK LIMITS AT TURN 2 LAP 17 14:13:41 (PIT),2026-08-15T13:16:08.853515Z
1287,11300,2026-06-12T12:25:46+00:00,,,Other,,,,,CAR 5 (BOR) TIME 1:22.802 DELETED - TRACK LIMITS AT TURN 2 LAP 23 14:24:26,2026-08-15T13:16:08.853515Z
1287,11300,2026-06-12T12:30:00.045000+00:00,,,SessionStatus,,,,,SESSION FINISHED,2026-08-15T13:16:08.853515Z
1287,11300,2026-06-12T12:30:00+00:00,,,Flag,CHEQUERED,Track,,,CHEQUERED FLAG,2026-08-15T13:16:08.853515Z
1287,11300,2026-06-12T12:30:18+00:00,,,Other,,,,,FIRST CAR TO TAKE THE FLAG - CAR 67 (FOR),2026-08-15T13:16:08.853515Z
1287,11300,2026-06-12T12:38:47+00:00,,,Flag,YELLOW,Sector,5.0,,YELLOW IN TRACK SECTOR 5,2026-08-15T13:16:08.853515Z
1287,11300,2026-06-12T12:38:49+00:00,,,Flag,YELLOW,Sector,12.0,,YELLOW IN TRACK SECTOR 12,2026-08-15T13:16:08.853515Z
1287,11300,2026-06-12T12:39:02+00:00,,,Flag,YELLOW,Sector,16.0,,YELLOW IN TRACK SECTOR 16,2026-08-15T13:16:08.853515Z
1287,11300,2026-06-12T12:39:13+00:00,,,Flag,YELLOW,Sector,9.0,,YELLOW IN TRACK SECTOR 9,2026-08-15T13:16:08.853515Z
1287,11300,2026-06-12T12:39:40+00:00,,,Flag,YELLOW,Sector,13.0,,YELLOW IN TRACK SECTOR 13,2026-08-15T13:16:08.853515Z
1287,11300,2026-06-12T12:46:01+00:00,,,Other,,,,,RISK OF RAIN FOR F3 QUALIFYING IS 0%,2026-08-15T13:16:08.853515Z
1287,11301,2026-06-12T14:53:51+00:00,,,Other,,,,,BLUE HEAD PADDING MATERIAL MUST BE USED,2026-08-15T13:16:14.925495Z
1287,11301,2026-06-12T15:00:00.077000+00:00,,,SessionStatus,,,,,SESSION STARTED,2026-08-15T13:16:14.925495Z
1287,11301,2026-06-12T15:00:00+00:00,,,Flag,GREEN,Track,,,GREEN LIGHT - PIT EXIT OPEN,2026-08-15T13:16:14.925495Z
1287,11301,2026-06-12T15:11:22+00:00,,,Other,,,,,CAR 63 (RUS) TIME 2:02.240 DELETED - TRACK LIMITS AT TURN 3 LAP 3 17:09:26,2026-08-15T13:16:14.925495Z
1287,11301,2026-06-12T15:12:25+00:00,,,Other,,,,,CAR 12 (ANT) LAP DELETED - TRACK LIMITS AT TURN 10 LAP 6 17:11:35 (PIT),2026-08-15T13:16:14.925495Z
1287,11301,2026-06-12T15:15:39+00:00,,,Flag,YELLOW,Sector,2.0,,YELLOW IN TRACK SECTOR 2,2026-08-15T13:16:14.925495Z
1287,11301,2026-06-12T15:15:49+00:00,,,Flag,CLEAR,Sector,2.0,,CLEAR IN TRACK SECTOR 2,2026-08-15T13:16:14.925495Z
1287,11301,2026-06-12T15:15:57+00:00,,,Flag,YELLOW,Sector,1.0,,YELLOW IN TRACK SECTOR 1,2026-08-15T13:16:14.925495Z
1287,11301,2026-06-12T15:15:59+00:00,,,Flag,YELLOW,Sector,2.0,,YELLOW IN TRACK SECTOR 2,2026-08-15T13:16:14.925495Z
1287,11301,2026-06-12T15:16:09+00:00,,,SafetyCar,,,,,VSC DEPLOYED,2026-08-15T13:16:14.925495Z
1287,11301,2026-06-12T15:16:21+00:00,,,Flag,DOUBLE YELLOW,Sector,1.0,,DOUBLE YELLOW IN TRACK SECTOR 1,2026-08-15T13:16:14.925495Z
1287,11301,2026-06-12T15:16:29+00:00,,,Flag,DOUBLE YELLOW,Sector,2.0,,DOUBLE YELLOW IN TRACK SECTOR 2,2026-08-15T13:16:14.925495Z
1287,11301,2026-06-12T15:16:51+00:00,,,Other,,,,,MARSHALS ON TRACK AT TURN 1,2026-08-15T13:16:14.925495Z
1287,11301,2026-06-12T15:18:21+00:00,,,Flag,CLEAR,Sector,1.0,,CLEAR IN TRACK SECTOR 1,2026-08-15T13:16:14.925495Z
1287,11301,2026-06-12T15:18:22+00:00,,,Flag,CLEAR,Sector,2.0,,CLEAR IN TRACK SECTOR 2,2026-08-15T13:16:14.925495Z
1287,11301,2026-06-12T15:18:24+00:00,,,SafetyCar,,,,,VSC ENDING,2026-08-15T13:16:14.925495Z
1287,11301,2026-06-12T15:18:38+00:00,,,Flag,CLEAR,Track,,,TRACK CLEAR,2026-08-15T13:16:14.925495Z
1287,11301,2026-06-12T15:33:18+00:00,,,Other,,,,,INCIDENT INVOLVING CAR 14 (ALO) NOTED - CROSSING THE LINE AT PIT EXIT (17:30:22),2026-08-15T13:16:14.925495Z
1287,11301,2026-06-12T15:33:34+00:00,,,Other,,,,,CAR 18 (STR) LAP DELETED - TRACK LIMITS AT TURN 9 LAP 12 17:32:20,2026-08-15T13:16:14.925495Z
1287,11301,2026-06-12T15:33:37+00:00,,,Other,,,,,CAR 63 (RUS) LAP DELETED - TRACK LIMITS AT TURN 2 LAP 11 17:31:51 (PIT),2026-08-15T13:16:14.925495Z
1287,11301,2026-06-12T15:35:00+00:00,,,Other,,,,,FIA STEWARDS: INCIDENT INVOLVING CAR 14 (ALO) WILL BE INVESTIGATED AFTER THE SESSION - CROSSING THE LINE AT PIT EXIT (17:30:22),2026-08-15T13:16:14.925495Z
1287,11301,2026-06-12T15:36:01+00:00,,,Other,,,,,CAR 14 (ALO) LAP DELETED - TRACK LIMITS AT TURN 2 LAP 11 17:33:44 (PIT),2026-08-15T13:16:14.925495Z
1287,11301,2026-06-12T15:43:53+00:00,,,Other,,,,,YELLOW IN PIT LANE,2026-08-15T13:16:14.925495Z
1287,11301,2026-06-12T15:44:51+00:00,,,Other,,,,,PIT LANE CLEAR,2026-08-15T13:16:14.925495Z
1287,11301,2026-06-12T15:49:53+00:00,,,Other,,,,,CAR 6 (HAD) TIME 1:22.059 DELETED - TRACK LIMITS AT TURN 10 LAP 17 17:42:54,2026-08-15T13:16:14.925495Z
1287,11301,2026-06-12T15:52:36+00:00,,,Other,,,,,TURN 4 INCIDENT INVOLVING CARS 11 (PER) AND 6 (HAD) NOTED - FORCING ANOTHER DRIVER OFF THE TRACK (17:49:11),2026-08-15T13:16:14.925495Z
1287,11301,2026-06-12T15:54:04+00:00,,,Other,,,,,CAR 63 (RUS) LAP DELETED - TRACK LIMITS AT TURN 10 LAP 22 17:53:02 (PIT),2026-08-15T13:16:14.925495Z
1287,11301,2026-06-12T15:54:14+00:00,,,Other,,,,,CAR 10 (GAS) TIME 1:25.456 DELETED - TRACK LIMITS AT TURN 13 LAP 23 17:52:59,2026-08-15T13:16:14.925495Z
1287,11301,2026-06-12T15:55:23+00:00,,,Other,,,,,CAR 12 (ANT) LAP DELETED - TRACK LIMITS AT TURN 10 LAP 26 17:54:29 (PIT),2026-08-15T13:16:14.925495Z
1287,11301,2026-06-12T16:00:00.073000+00:00,,,SessionStatus,,,,,SESSION FINISHED,2026-08-15T13:16:14.925495Z
1287,11301,2026-06-12T16:00:00+00:00,,,Flag,CHEQUERED,Track,,,CHEQUERED FLAG,2026-08-15T13:16:14.925495Z
1287,11301,2026-06-12T16:00:11+00:00,,,Other,,,,,FIRST CAR TO TAKE THE FLAG - CAR 5 (BOR),2026-08-15T13:16:14.925495Z
1287,11301,2026-06-12T16:01:37+00:00,11.0,,Flag,BLACK AND WHITE,Driver,,,BLACK AND WHITE FLAG FOR CAR 11 (PER) - DRIVING ERRATICALLY (17:49:11),2026-08-15T13:16:14.925495Z
1287,11301,2026-06-12T16:07:32+00:00,,,Flag,YELLOW,Sector,4.0,,YELLOW IN TRACK SECTOR 4,2026-08-15T13:16:14.925495Z
1287,11301,2026-06-12T16:07:33+00:00,,,Flag,YELLOW,Sector,3.0,,YELLOW IN TRACK SECTOR 3,2026-08-15T13:16:14.925495Z
1287,11301,2026-06-12T16:07:38+00:00,,,Flag,YELLOW,Sector,5.0,,YELLOW IN TRACK SECTOR 5,2026-08-15T13:16:14.925495Z
1287,11301,2026-06-12T16:07:54+00:00,,,Flag,CLEAR,Sector,3.0,,CLEAR IN TRACK SECTOR 3,2026-08-15T13:16:14.925495Z
1287,11301,2026-06-12T16:08:19+00:00,,,Flag,CLEAR,Sector,4.0,,CLEAR IN TRACK SECTOR 4,2026-08-15T13:16:14.925495Z
1287,11301,2026-06-12T16:08:19+00:00,,,Flag,YELLOW,Sector,2.0,,YELLOW IN TRACK SECTOR 2,2026-08-15T13:16:14.925495Z
1287,11301,2026-06-12T16:08:23+00:00,,,Flag,CLEAR,Sector,2.0,,CLEAR IN TRACK SECTOR 2,2026-08-15T13:16:14.925495Z
1287,11301,2026-06-12T16:08:47+00:00,,,Flag,YELLOW,Sector,13.0,,YELLOW IN TRACK SECTOR 13,2026-08-15T13:16:14.925495Z
1287,11301,2026-06-12T16:09:08+00:00,,,Flag,YELLOW,Sector,16.0,,YELLOW IN TRACK SECTOR 16,2026-08-15T13:16:14.925495Z
1287,11301,2026-06-12T16:10:03+00:00,,,Flag,CLEAR,Sector,13.0,,CLEAR IN TRACK SECTOR 13,2026-08-15T13:16:14.925495Z
1287,11301,2026-06-12T16:10:04+00:00,,,Other,,,,,CAR 44 (HAM) TIME 1:23.191 DELETED - TRACK LIMITS AT TURN 8 LAP 25 17:58:52,2026-08-15T13:16:14.925495Z
1287,11301,2026-06-12T16:10:15+00:00,,,Flag,CLEAR,Sector,16.0,,CLEAR IN TRACK SECTOR 16,2026-08-15T13:16:14.925495Z
1287,11301,2026-06-12T16:11:25+00:00,,,Flag,CLEAR,Sector,5.0,,CLEAR IN TRACK SECTOR 5,2026-08-15T13:16:14.925495Z
1287,11301,2026-06-12T16:12:05+00:00,,,Flag,YELLOW,Sector,9.0,,YELLOW IN TRACK SECTOR 9,2026-08-15T13:16:14.925495Z
1287,11301,2026-06-12T16:12:44+00:00,,,Flag,CLEAR,Sector,9.0,,CLEAR IN TRACK SECTOR 9,2026-08-15T13:16:14.925495Z
1287,11301,2026-06-12T16:26:32+00:00,,,Flag,CLEAR,Sector,9.0,,CLEAR IN TRACK SECTOR 9,2026-08-15T13:16:14.925495Z
1287,11301,2026-06-12T16:27:07+00:00,,,Flag,CLEAR,Sector,10.0,,CLEAR IN TRACK SECTOR 10,2026-08-15T13:16:14.925495Z
1287,11301,2026-06-12T16:30:04+00:00,,,Other,,,,,START OF SESSION WILL BE DELAYED,2026-08-15T13:16:14.925495Z
1287,11301,2026-06-12T16:30:42+00:00,,,Other,,,,,SESSION WILL START AT 18:32,2026-08-15T13:16:14.925495Z
1287,11302,2026-06-13T10:16:41+00:00,,,Other,,,,,BLUE HEAD PADDING MATERIAL MUST BE USED,2026-08-15T13:16:19.809033Z
1287,11302,2026-06-13T10:30:00.034000+00:00,,,SessionStatus,,,,,SESSION STARTED,2026-08-15T13:16:19.809033Z
1287,11302,2026-06-13T10:30:00+00:00,,,Flag,GREEN,Track,,,GREEN LIGHT - PIT EXIT OPEN,2026-08-15T13:16:19.809033Z
1287,11302,2026-06-13T10:30:06+00:00,,,Flag,YELLOW,Sector,3.0,,YELLOW IN TRACK SECTOR 3,2026-08-15T13:16:19.809033Z
1287,11302,2026-06-13T10:30:09+00:00,,,Flag,CLEAR,Sector,3.0,,CLEAR IN TRACK SECTOR 3,2026-08-15T13:16:19.809033Z
1287,11302,2026-06-13T10:39:15+00:00,,,Other,,,,,CAR 11 (PER) TIME 1:28.210 DELETED - TRACK LIMITS AT TURN 9 LAP 6 12:38:16,2026-08-15T13:16:19.809033Z
1287,11302,2026-06-13T10:53:46+00:00,,,Other,,,,,CAR 23 (ALB) LAP DELETED - TRACK LIMITS AT TURN 2 LAP 4 12:51:41 (PIT),2026-08-15T13:16:19.809033Z
1287,11302,2026-06-13T10:57:15+00:00,,,Other,,,,,CAR 10 (GAS) TIME 1:17.998 DELETED - TRACK LIMITS AT TURN 13 LAP 3 12:56:37,2026-08-15T13:16:19.809033Z
1287,11302,2026-06-13T11:04:02+00:00,,,Flag,YELLOW,Sector,12.0,,YELLOW IN TRACK SECTOR 12,2026-08-15T13:16:19.809033Z
1287,11302,2026-06-13T11:04:13.173000+00:00,,,SessionStatus,,,,,SESSION ABORTED,2026-08-15T13:16:19.809033Z
1287,11302,2026-06-13T11:04:13+00:00,,,Flag,RED,Track,,,RED FLAG,2026-08-15T13:16:19.809033Z
1287,11302,2026-06-13T11:04:13+00:00,,,Flag,CLEAR,Sector,12.0,,CLEAR IN TRACK SECTOR 12,2026-08-15T13:16:19.809033Z
1287,11302,2026-06-13T11:05:18+00:00,,,Flag,DOUBLE YELLOW,Sector,12.0,,DOUBLE YELLOW IN TRACK SECTOR 12,2026-08-15T13:16:19.809033Z
1287,11302,2026-06-13T11:05:31+00:00,,,Other,,,,,MARSHALS ON TRACK AT TURN 10,2026-08-15T13:16:19.809033Z
1287,11302,2026-06-13T11:06:04+00:00,,,Flag,CLEAR,Sector,12.0,,CLEAR IN TRACK SECTOR 12,2026-08-15T13:16:19.809033Z
1287,11302,2026-06-13T11:06:25+00:00,,,Flag,CLEAR,Track,,,TRACK CLEAR,2026-08-15T13:16:19.809033Z
1287,11302,2026-06-13T11:06:28+00:00,,,Other,,,,,OVERTAKE ENABLED,2026-08-15T13:16:19.809033Z
1287,11302,2026-06-13T11:06:43+00:00,,,Flag,DOUBLE YELLOW,Sector,12.0,,DOUBLE YELLOW IN TRACK SECTOR 12,2026-08-15T13:16:19.809033Z
1287,11302,2026-06-13T11:07:49+00:00,,,Flag,CLEAR,Sector,12.0,,CLEAR IN TRACK SECTOR 12,2026-08-15T13:16:19.809033Z
1287,11302,2026-06-13T11:07:56+00:00,,,Other,,,,,SESSION WILL RESUME AT 13:09,2026-08-15T13:16:19.809033Z
1287,11302,2026-06-13T11:09:00.041000+00:00,,,SessionStatus,,,,,SESSION STARTED,2026-08-15T13:16:19.809033Z
1287,11302,2026-06-13T11:09:00+00:00,,,Flag,GREEN,Track,,,GREEN LIGHT - PIT EXIT OPEN,2026-08-15T13:16:19.809033Z
1287,11302,2026-06-13T11:13:07+00:00,,,Other,,,,,CAR 6 (HAD) TIME 12:24.973 DELETED - TRACK LIMITS AT TURN 10 LAP 5 13:11:43,2026-08-15T13:16:19.809033Z
1287,11302,2026-06-13T11:24:39+00:00,,,Other,,,,,TURN 2 INCIDENT INVOLVING CAR 12 (ANT) NOTED - DRIVING ERRATICALLY (13:19:50),2026-08-15T13:16:19.809033Z
1287,11302,2026-06-13T11:25:14+00:00,,,Other,,,,,FIA STEWARDS: TURN 2 INCIDENT INVOLVING CAR 12 (ANT) WILL BE INVESTIGATED AFTER THE SESSION - DRIVING ERRATICALLY (13:19:50),2026-08-15T13:16:19.809033Z
1287,11302,2026-06-13T11:27:58+00:00,,,Other,,,,,TURN 10 INCIDENT INVOLVING CARS 43 (COL) AND 5 (BOR) NOTED (13:22:09),2026-08-15T13:16:19.809033Z
1287,11302,2026-06-13T11:28:38+00:00,,,Other,,,,,FIA STEWARDS: TURN 10 INCIDENT INVOLVING CARS 43 (COL) AND 5 (BOR) REVIEWED NO FURTHER INVESTIGATION (13:22:09),2026-08-15T13:16:19.809033Z
1287,11302,2026-06-13T11:28:41+00:00,,,Other,,,,,CAR 5 (BOR) LAP DELETED - TRACK LIMITS AT TURN 2 LAP 11 13:27:02 (PIT),2026-08-15T13:16:19.809033Z
1287,11302,2026-06-13T11:30:00.137000+00:00,,,SessionStatus,,,,,SESSION FINISHED,2026-08-15T13:16:19.809033Z
1287,11302,2026-06-13T11:30:00+00:00,,,Flag,CHEQUERED,Track,,,CHEQUERED FLAG,2026-08-15T13:16:19.809033Z
1287,11302,2026-06-13T11:30:14+00:00,,,Other,,,,,FIRST CAR TO TAKE THE FLAG - CAR 14 (ALO),2026-08-15T13:16:19.809033Z
1287,11302,2026-06-13T11:30:50+00:00,,,Other,,,,,TURN 5 INCIDENT INVOLVING CARS 16 (LEC) AND 27 (HUL) NOTED - IMPEDING (13:25:48),2026-08-15T13:16:19.809033Z
1287,11302,2026-06-13T11:31:25+00:00,,,Other,,,,,CAR 18 (STR) TIME 1:20.294 DELETED - TRACK LIMITS AT TURN 13 LAP 16 13:30:15,2026-08-15T13:16:19.809033Z
1287,11302,2026-06-13T11:32:23+00:00,,,Other,,,,,FIA STEWARDS: TURN 5 INCIDENT INVOLVING CARS 16 (LEC) AND 27 (HUL) WILL BE INVESTIGATED AFTER THE SESSION - IMPEDING (13:25:48),2026-08-15T13:16:19.809033Z
1287,11302,2026-06-13T11:35:32+00:00,,,Flag,YELLOW,Sector,4.0,,YELLOW IN TRACK SECTOR 4,2026-08-15T13:16:19.809033Z
1287,11302,2026-06-13T11:35:52+00:00,,,Flag,YELLOW,Sector,5.0,,YELLOW IN TRACK SECTOR 5,2026-08-15T13:16:19.809033Z
1287,11302,2026-06-13T11:36:06+00:00,,,Flag,YELLOW,Sector,11.0,,YELLOW IN TRACK SECTOR 11,2026-08-15T13:16:19.809033Z
1287,11302,2026-06-13T11:36:23+00:00,,,Flag,YELLOW,Sector,3.0,,YELLOW IN TRACK SECTOR 3,2026-08-15T13:16:19.809033Z
1287,11302,2026-06-13T11:37:20+00:00,,,Flag,YELLOW,Sector,15.0,,YELLOW IN TRACK SECTOR 15,2026-08-15T13:16:19.809033Z
1287,11302,2026-06-13T11:37:28+00:00,,,Flag,YELLOW,Sector,16.0,,YELLOW IN TRACK SECTOR 16,2026-08-15T13:16:19.809033Z
1287,11302,2026-06-13T11:37:59+00:00,,,Flag,YELLOW,Sector,6.0,,YELLOW IN TRACK SECTOR 6,2026-08-15T13:16:19.809033Z
1287,11302,2026-06-13T11:38:28+00:00,,,Flag,CLEAR,Sector,15.0,,CLEAR IN TRACK SECTOR 15,2026-08-15T13:16:19.809033Z
1287,11302,2026-06-13T11:38:47+00:00,,,Flag,CLEAR,Sector,16.0,,CLEAR IN TRACK SECTOR 16,2026-08-15T13:16:19.809033Z
1287,11302,2026-06-13T11:39:16+00:00,,,Flag,YELLOW,Sector,2.0,,YELLOW IN TRACK SECTOR 2,2026-08-15T13:16:19.809033Z
1287,11307,2026-06-14T10:06:19+00:00,,1,Other,,,,,AIR TEMPERATURE 3 HOURS BEFORE THE F1 RACE = 30.9 DEGREES,2026-08-15T13:17:14.898616Z
1287,11307,2026-06-14T12:06:40+00:00,,1,Other,,,,,BLUE HEAD PADDING MATERIAL MUST BE USED,2026-08-15T13:17:14.898616Z
1287,11307,2026-06-14T12:20:00+00:00,,1,Flag,GREEN,Track,,,GREEN LIGHT - PIT EXIT OPEN,2026-08-15T13:17:14.898616Z
1287,11307,2026-06-14T12:30:00+00:00,,1,Other,,,,,PIT EXIT CLOSED,2026-08-15T13:17:14.898616Z
1287,11307,2026-06-14T12:32:58+00:00,,1,Flag,YELLOW,Sector,12.0,,YELLOW IN TRACK SECTOR 12,2026-08-15T13:17:14.898616Z
1287,11307,2026-06-14T12:33:48+00:00,,1,Flag,YELLOW,Sector,10.0,,YELLOW IN TRACK SECTOR 10,2026-08-15T13:17:14.898616Z
1287,11307,2026-06-14T12:34:13+00:00,,1,Flag,CLEAR,Sector,12.0,,CLEAR IN TRACK SECTOR 12,2026-08-15T13:17:14.898616Z
1287,11307,2026-06-14T12:34:51+00:00,,1,Flag,CLEAR,Sector,10.0,,CLEAR IN TRACK SECTOR 10,2026-08-15T13:17:14.898616Z
1287,11307,2026-06-14T12:36:10+00:00,,1,Flag,YELLOW,Sector,2.0,,YELLOW IN TRACK SECTOR 2,2026-08-15T13:17:14.898616Z
1287,11307,2026-06-14T12:36:25+00:00,,1,Flag,CLEAR,Sector,2.0,,CLEAR IN TRACK SECTOR 2,2026-08-15T13:17:14.898616Z
1287,11307,2026-06-14T12:43:51+00:00,,1,Flag,YELLOW,Sector,2.0,,YELLOW IN TRACK SECTOR 2,2026-08-15T13:17:14.898616Z
1287,11307,2026-06-14T12:44:23+00:00,,1,Flag,CLEAR,Sector,2.0,,CLEAR IN TRACK SECTOR 2,2026-08-15T13:17:14.898616Z
1287,11307,2026-06-14T12:45:00+00:00,,1,Other,,,,,RISK OF RAIN FOR THE F1 RACE IS 0%,2026-08-15T13:17:14.898616Z
1287,11307,2026-06-14T12:57:03+00:00,,1,Other,,,,,OVERTAKE DISABLED,2026-08-15T13:17:14.898616Z
1287,11307,2026-06-14T13:03:27.854000+00:00,,1,SessionStatus,,,,,SESSION STARTED,2026-08-15T13:17:14.898616Z
1287,11307,2026-06-14T13:03:28+00:00,,1,Flag,GREEN,Track,,,GREEN LIGHT - PIT EXIT OPEN,2026-08-15T13:17:14.898616Z
1287,11307,2026-06-14T13:04:42+00:00,,1,Other,,,,,OVERTAKE ENABLED,2026-08-15T13:17:14.898616Z
1287,11307,2026-06-14T13:06:50+00:00,,3,Other,,,,,TURN 1 INCIDENT INVOLVING CAR 27 (HUL) NOTED - LEAVING THE TRACK AND GAINING AN ADVANTAGE (15:03:43),2026-08-15T13:17:14.898616Z
1287,11307,2026-06-14T13:07:11+00:00,,3,Other,,,,,TURN 1 INCIDENT INVOLVING CAR 41 (LIN) NOTED - LEAVING THE TRACK AND GAINING AN ADVANTAGE (15:03:43),2026-08-15T13:17:14.898616Z
1287,11307,2026-06-14T13:09:00+00:00,,5,Other,,,,,FIA STEWARDS: TURN 1 INCIDENT INVOLVING CAR 41 (LIN) UNDER INVESTIGATION - LEAVING THE TRACK AND GAINING AN ADVANTAGE (15:03:43),2026-08-15T13:17:14.898616Z
1287,11307,2026-06-14T13:09:05+00:00,,5,Other,,,,,FIA STEWARDS: TURN 1 INCIDENT INVOLVING CAR 27 (HUL) UNDER INVESTIGATION - LEAVING THE TRACK AND GAINING AN ADVANTAGE (15:03:43),2026-08-15T13:17:14.898616Z
1287,11307,2026-06-14T13:13:56+00:00,,8,Other,,,,,TURN 12 INCIDENT INVOLVING CARS 87 (BEA) AND 6 (HAD) NOTED - FORCING ANOTHER DRIVER OFF THE TRACK (15:04:44),2026-08-15T13:17:14.898616Z
1287,11307,2026-06-14T13:15:02+00:00,,9,Other,,,,,TURN 12 INCIDENT INVOLVING CARS 31 (OCO) AND 5 (BOR) NOTED - FORCING ANOTHER DRIVER OFF THE TRACK (15:04:44),2026-08-15T13:17:14.898616Z
1287,11307,2026-06-14T13:16:59+00:00,,10,Other,,,,,INCIDENT INVOLVING CAR 23 (ALB) NOTED - STARTING PROCEDURE INFRINGEMENT (14:59:45),2026-08-15T13:17:14.898616Z
1287,11307,2026-06-14T13:18:32+00:00,,11,Other,,,,,FIA STEWARDS: TURN 1 INCIDENT INVOLVING CAR 27 (HUL) NO FURTHER ACTION - LEAVING THE TRACK AND GAINING AN ADVANTAGE (15:03:43),2026-08-15T13:17:14.898616Z
1287,11307,2026-06-14T13:18:46+00:00,,12,Other,,,,,FIA STEWARDS: TURN 1 INCIDENT INVOLVING CAR 41 (LIN) NO FURTHER ACTION - LEAVING THE TRACK AND GAINING AN ADVANTAGE (15:03:43),2026-08-15T13:17:14.898616Z
1287,11307,2026-06-14T13:18:59+00:00,,12,Other,,,,,TRACK SURFACE SLIPPERY IN TRACK SECTOR 12,2026-08-15T13:17:14.898616Z
1287,11307,2026-06-14T13:19:38+00:00,,12,Other,,,,,CAR 10 (GAS) TIME 1:26.055 DELETED - TRACK LIMITS AT TURN 13 LAP 10 15:17:40,2026-08-15T13:17:14.898616Z
1287,11307,2026-06-14T13:20:10+00:00,,13,Other,,,,,FIA STEWARDS: TURN 12 INCIDENT INVOLVING CARS 87 (BEA) AND 6 (HAD) REVIEWED NO FURTHER INVESTIGATION - FORCING ANOTHER DRIVER OFF THE TRACK (15:04:44),2026-08-15T13:17:14.898616Z
1287,11307,2026-06-14T13:20:32+00:00,,13,Other,,,,,FIA STEWARDS: TURN 12 INCIDENT INVOLVING CARS 31 (OCO) AND 5 (BOR) REVIEWED NO FURTHER INVESTIGATION - FORCING ANOTHER DRIVER OFF THE TRACK (15:04:44),2026-08-15T13:17:14.898616Z
1287,11307,2026-06-14T13:21:29+00:00,,13,Flag,CLEAR,Sector,12.0,,CLEAR IN TRACK SECTOR 12,2026-08-15T13:17:14.898616Z
1287,11307,2026-06-14T13:23:21+00:00,,15,Other,,,,,FIA STEWARDS: INCIDENT INVOLVING CAR 23 (ALB) WILL BE INVESTIGATED AFTER THE RACE - STARTING PROCEDURE INFRINGEMENT (14:59:45),2026-08-15T13:17:14.898616Z
1287,11307,2026-06-14T13:24:44+00:00,,16,Other,,,,,INCIDENT INVOLVING CAR 55 (SAI) NOTED - STARTING PROCEDURE INFRINGEMENT,2026-08-15T13:17:14.898616Z
1287,11307,2026-06-14T13:25:46+00:00,77.0,16,Flag,BLUE,Driver,,,WAVED BLUE FLAG FOR CAR 77 (BOT) TIMED AT 15:25:45,2026-08-15T13:17:14.898616Z
1287,11307,2026-06-14T13:33:18+00:00,14.0,22,Flag,BLUE,Driver,,,WAVED BLUE FLAG FOR CAR 14 (ALO) TIMED AT 15:33:17,2026-08-15T13:17:14.898616Z
1287,11307,2026-06-14T13:33:38+00:00,14.0,22,Flag,BLUE,Driver,,,WAVED BLUE FLAG FOR CAR 14 (ALO) TIMED AT 15:33:38,2026-08-15T13:17:14.898616Z
1287,11307,2026-06-14T13:34:19+00:00,,23,Other,,,,,FIA STEWARDS: INCIDENT INVOLVING CAR 55 (SAI) WILL BE INVESTIGATED AFTER THE RACE - STARTING PROCEDURE INFRINGEMENT (15:01:09),2026-08-15T13:17:14.898616Z
1287,11307,2026-06-14T13:34:41+00:00,11.0,23,Flag,BLUE,Driver,,,WAVED BLUE FLAG FOR CAR 11 (PER) TIMED AT 15:34:40,2026-08-15T13:17:14.898616Z
1287,11307,2026-06-14T13:34:42+00:00,,23,Other,,,,,CAR 12 (ANT) TIME 1:22.049 DELETED - TRACK LIMITS AT TURN 10 LAP 20 15:31:08,2026-08-15T13:17:14.898616Z
1287,11307,2026-06-14T13:35:20+00:00,11.0,23,Flag,BLUE,Driver,,,WAVED BLUE FLAG FOR CAR 11 (PER) TIMED AT 15:35:20,2026-08-15T13:17:14.898616Z
1287,11307,2026-06-14T13:36:15+00:00,11.0,24,Flag,BLUE,Driver,,,WAVED BLUE FLAG FOR CAR 11 (PER) TIMED AT 15:36:14,2026-08-15T13:17:14.898616Z
1287,11307,2026-06-14T13:36:48+00:00,11.0,24,Flag,BLUE,Driver,,,WAVED BLUE FLAG FOR CAR 11 (PER) TIMED AT 15:36:48,2026-08-15T13:17:14.898616Z
1287,11307,2026-06-14T13:37:07+00:00,23.0,25,Flag,BLUE,Driver,,,WAVED BLUE FLAG FOR CAR 23 (ALB) TIMED AT 15:37:06,2026-08-15T13:17:14.898616Z
1287,11307,2026-06-14T13:37:35+00:00,23.0,25,Flag,BLUE,Driver,,,WAVED BLUE FLAG FOR CAR 23 (ALB) TIMED AT 15:37:34,2026-08-15T13:17:14.898616Z
1287,11307,2026-06-14T13:38:20+00:00,23.0,26,Flag,BLUE,Driver,,,WAVED BLUE FLAG FOR CAR 23 (ALB) TIMED AT 15:38:20,2026-08-15T13:17:14.898616Z
1287,11307,2026-06-14T13:38:30+00:00,23.0,26,Flag,BLUE,Driver,,,WAVED BLUE FLAG FOR CAR 23 (ALB) TIMED AT 15:38:29,2026-08-15T13:17:14.898616Z
1287,11307,2026-06-14T13:38:31+00:00,,26,Other,,,,,CAR 12 (ANT) TIME 1:22.677 DELETED - TRACK LIMITS AT TURN 10 LAP 25 15:38:00,2026-08-15T13:17:14.898616Z
1287,11307,2026-06-14T13:38:43+00:00,23.0,26,Flag,BLUE,Driver,,,WAVED BLUE FLAG FOR CAR 23 (ALB) TIMED AT 15:38:43,2026-08-15T13:17:14.898616Z
1287,11307,2026-06-14T13:38:53+00:00,,26,Other,,,,,CAR 43 (COL) TIME 1:25.027 DELETED - TRACK LIMITS AT TURN 13 LAP 24 15:37:47,2026-08-15T13:17:14.898616Z
1287,11307,2026-06-14T13:39:05+00:00,87.0,26,Flag,BLUE,Driver,,,WAVED BLUE FLAG FOR CAR 87 (BEA) TIMED AT 15:39:04,2026-08-15T13:17:14.898616Z
1287,11307,2026-06-14T13:39:48+00:00,11.0,27,Flag,BLUE,Driver,,,WAVED BLUE FLAG FOR CAR 11 (PER) TIMED AT 15:39:48,2026-08-15T13:17:14.898616Z
1287,11307,2026-06-14T13:40:21+00:00,87.0,27,Flag,BLUE,Driver,,,WAVED BLUE FLAG FOR CAR 87 (BEA) TIMED AT 15:40:21,2026-08-15T13:17:14.898616Z
1287,11307,2026-06-14T13:40:23+00:00,11.0,27,Flag,BLUE,Driver,,,WAVED BLUE FLAG FOR CAR 11 (PER) TIMED AT 15:40:23,2026-08-15T13:17:14.898616Z
1287,11307,2026-06-14T13:40:49+00:00,87.0,27,Flag,BLUE,Driver,,,WAVED BLUE FLAG FOR CAR 87 (BEA) TIMED AT 15:40:49,2026-08-15T13:17:14.898616Z
1287,11307,2026-06-14T13:41:05+00:00,87.0,28,Flag,BLUE,Driver,,,WAVED BLUE FLAG FOR CAR 87 (BEA) TIMED AT 15:41:04,2026-08-15T13:17:14.898616Z
1287,11307,2026-06-14T13:41:17+00:00,87.0,28,Flag,BLUE,Driver,,,WAVED BLUE FLAG FOR CAR 87 (BEA) TIMED AT 15:41:16,2026-08-15T13:17:14.898616Z
1287,11307,2026-06-14T13:41:30+00:00,31.0,28,Flag,BLUE,Driver,,,WAVED BLUE FLAG FOR CAR 31 (OCO) TIMED AT 15:41:29,2026-08-15T13:17:14.898616Z
1287,11307,2026-06-14T13:42:36+00:00,11.0,29,Flag,BLUE,Driver,,,WAVED BLUE FLAG FOR CAR 11 (PER) TIMED AT 15:42:36,2026-08-15T13:17:14.898616Z
1287,11307,2026-06-14T13:42:45+00:00,31.0,29,Flag,BLUE,Driver,,,WAVED BLUE FLAG FOR CAR 31 (OCO) TIMED AT 15:42:45,2026-08-15T13:17:14.898616Z
1287,11307,2026-06-14T13:42:52+00:00,,29,Other,,,,,CAR 12 (ANT) TIME 1:22.055 DELETED - TRACK LIMITS AT TURN 10 LAP 28 15:42:07,2026-08-15T13:17:14.898616Z
1287,11307,2026-06-14T13:43:01+00:00,23.0,29,Flag,BLUE,Driver,,,WAVED BLUE FLAG FOR CAR 23 (ALB) TIMED AT 15:43:01,2026-08-15T13:17:14.898616Z
1287,11307,2026-06-14T13:43:09+00:00,14.0,29,Flag,BLUE,Driver,,,WAVED BLUE FLAG FOR CAR 14 (ALO) TIMED AT 15:43:08,2026-08-15T13:17:14.898616Z
1287,11307,2026-06-14T13:43:13+00:00,12.0,29,Flag,BLACK AND WHITE,Driver,,,BLACK AND WHITE FLAG FOR CAR 12 (ANT) - TRACK LIMITS,2026-08-15T13:17:14.898616Z
1287,11307,2026-06-14T13:43:16+00:00,23.0,29,Flag,BLUE,Driver,,,WAVED BLUE FLAG FOR CAR 23 (ALB) TIMED AT 15:43:15,2026-08-15T13:17:14.898616Z
1287,11307,2026-06-14T13:43:22+00:00,31.0,29,Flag,BLUE,Driver,,,WAVED BLUE FLAG FOR CAR 31 (OCO) TIMED AT 15:43:22,2026-08-15T13:17:14.898616Z
1287,11307,2026-06-14T13:44:43+00:00,23.0,30,Flag,BLUE,Driver,,,WAVED BLUE FLAG FOR CAR 23 (ALB) TIMED AT 15:44:42,2026-08-15T13:17:14.898616Z
1287,11307,2026-06-14T13:44:44+00:00,41.0,30,Flag,BLUE,Driver,,,WAVED BLUE FLAG FOR CAR 41 (LIN) TIMED AT 15:44:44,2026-08-15T13:17:14.898616Z
1287,11307,2026-06-14T13:45:05+00:00,41.0,30,Flag,BLUE,Driver,,,WAVED BLUE FLAG FOR CAR 41 (LIN) TIMED AT 15:45:04,2026-08-15T13:17:14.898616Z
1287,11307,2026-06-14T13:45:12+00:00,5.0,30,Flag,BLUE,Driver,,,WAVED BLUE FLAG FOR CAR 5 (BOR) TIMED AT 15:45:11,2026-08-15T13:17:14.898616Z
1287,11307,2026-06-14T13:45:16+00:00,5.0,31,Flag,BLUE,Driver,,,WAVED BLUE FLAG FOR CAR 5 (BOR) TIMED AT 15:45:15,2026-08-15T13:17:14.898616Z
1287,11307,2026-06-14T13:45:52+00:00,55.0,31,Flag,BLUE,Driver,,,WAVED BLUE FLAG FOR CAR 55 (SAI) TIMED AT 15:45:51,2026-08-15T13:17:14.898616Z
1287,11307,2026-06-14T13:46:06+00:00,23.0,31,Flag,BLUE,Driver,,,WAVED BLUE FLAG FOR CAR 23 (ALB) TIMED AT 15:46:06,2026-08-15T13:17:14.898616Z
1287,11307,2026-06-14T13:46:38+00:00,,32,Other,,,,,CAR 23 (ALB) TIME 1:25.213 DELETED - TRACK LIMITS AT TURN 4 LAP 26 15:40:13,2026-08-15T13:17:14.898616Z
1287,11307,2026-06-14T13:46:54+00:00,5.0,32,Flag,BLUE,Driver,,,WAVED BLUE FLAG FOR CAR 5 (BOR) TIMED AT 15:46:53,2026-08-15T13:17:14.898616Z
1287,11307,2026-06-14T13:46:59+00:00,55.0,32,Flag,BLUE,Driver,,,WAVED BLUE FLAG FOR CAR 55 (SAI) TIMED AT 15:46:59,2026-08-15T13:17:14.898616Z
1287,11307,2026-06-14T13:47:23+00:00,,32,Other,,,,,CAR 30 (LAW) TIME 1:25.033 DELETED - TRACK LIMITS AT TURN 13 LAP 30 15:46:12,2026-08-15T13:17:14.898616Z
1287,11307,2026-06-14T13:47:32+00:00,41.0,32,Flag,BLUE,Driver,,,WAVED BLUE FLAG FOR CAR 41 (LIN) TIMED AT 15:47:32,2026-08-15T13:17:14.898616Z
1287,11307,2026-06-14T13:47:35+00:00,11.0,32,Flag,BLUE,Driver,,,WAVED BLUE FLAG FOR CAR 11 (PER) TIMED AT 15:47:34,2026-08-15T13:17:14.898616Z
1287,11307,2026-06-14T13:47:38+00:00,31.0,32,Flag,BLUE,Driver,,,WAVED BLUE FLAG FOR CAR 31 (OCO) TIMED AT 15:47:38,2026-08-15T13:17:14.898616Z
1287,11307,2026-06-14T13:48:03+00:00,31.0,33,Flag,BLUE,Driver,,,WAVED BLUE FLAG FOR CAR 31 (OCO) TIMED AT 15:48:02,2026-08-15T13:17:14.898616Z
1287,11307,2026-06-14T13:48:09+00:00,31.0,33,Flag,BLUE,Driver,,,WAVED BLUE FLAG FOR CAR 31 (OCO) TIMED AT 15:48:09,2026-08-15T13:17:14.898616Z
1287,11307,2026-06-14T13:48:50+00:00,87.0,33,Flag,BLUE,Driver,,,WAVED BLUE FLAG FOR CAR 87 (BEA) TIMED AT 15:48:50,2026-08-15T13:17:14.898616Z
1287,11307,2026-06-14T13:49:42+00:00,5.0,34,Flag,BLUE,Driver,,,WAVED BLUE FLAG FOR CAR 5 (BOR) TIMED AT 15:49:41,2026-08-15T13:17:14.898616Z
1287,11307,2026-06-14T13:50:42+00:00,41.0,34,Flag,BLUE,Driver,,,WAVED BLUE FLAG FOR CAR 41 (LIN) TIMED AT 15:50:42,2026-08-15T13:17:14.898616Z
1287,11307,2026-06-14T13:50:50+00:00,,35,Other,,,,,CAR 43 (COL) TIME 1:25.632 DELETED - TRACK LIMITS AT TURN 2 LAP 33 15:49:24,2026-08-15T13:17:14.898616Z
1287,11307,2026-06-14T13:51:37+00:00,31.0,35,Flag,BLUE,Driver,,,WAVED BLUE FLAG FOR CAR 31 (OCO) TIMED AT 15:51:36,2026-08-15T13:17:14.898616Z
1287,11307,2026-06-14T13:52:12+00:00,87.0,36,Flag,BLUE,Driver,,,WAVED BLUE FLAG FOR CAR 87 (BEA) TIMED AT 15:52:12,2026-08-15T13:17:14.898616Z
1287,11307,2026-06-14T13:52:30+00:00,11.0,36,Flag,BLUE,Driver,,,WAVED BLUE FLAG FOR CAR 11 (PER) TIMED AT 15:52:30,2026-08-15T13:17:14.898616Z
1287,11307,2026-06-14T13:52:30+00:00,43.0,36,Flag,BLUE,Driver,,,WAVED BLUE FLAG FOR CAR 43 (COL) TIMED AT 15:52:30,2026-08-15T13:17:14.898616Z
1287,11307,2026-06-14T13:52:55+00:00,55.0,36,Flag,BLUE,Driver,,,WAVED BLUE FLAG FOR CAR 55 (SAI) TIMED AT 15:52:54,2026-08-15T13:17:14.898616Z
1287,11307,2026-06-14T13:54:05+00:00,14.0,37,Flag,BLUE,Driver,,,WAVED BLUE FLAG FOR CAR 14 (ALO) TIMED AT 15:54:04,2026-08-15T13:17:14.898616Z
1287,11307,2026-06-14T13:54:48+00:00,87.0,37,Flag,BLUE,Driver,,,WAVED BLUE FLAG FOR CAR 87 (BEA) TIMED AT 15:54:48,2026-08-15T13:17:14.898616Z
1287,11307,2026-06-14T13:55:22+00:00,87.0,38,Flag,BLUE,Driver,,,WAVED BLUE FLAG FOR CAR 87 (BEA) TIMED AT 15:55:22,2026-08-15T13:17:14.898616Z
1287,11307,2026-06-14T13:55:38+00:00,30.0,38,Flag,BLUE,Driver,,,WAVED BLUE FLAG FOR CAR 30 (LAW) TIMED AT 15:55:37,2026-08-15T13:17:14.898616Z
1287,11307,2026-06-14T13:56:04+00:00,30.0,38,Flag,BLUE,Driver,,,WAVED BLUE FLAG FOR CAR 30 (LAW) TIMED AT 15:56:04,2026-08-15T13:17:14.898616Z
1287,11307,2026-06-14T13:56:22+00:00,30.0,39,Flag,BLUE,Driver,,,WAVED BLUE FLAG FOR CAR 30 (LAW) TIMED AT 15:56:21,2026-08-15T13:17:14.898616Z
1287,11307,2026-06-14T13:56:33+00:00,43.0,39,Flag,BLUE,Driver,,,WAVED BLUE FLAG FOR CAR 43 (COL) TIMED AT 15:56:32,2026-08-15T13:17:14.898616Z
1287,11307,2026-06-14T13:56:54+00:00,43.0,39,Flag,BLUE,Driver,,,WAVED BLUE FLAG FOR CAR 43 (COL) TIMED AT 15:56:53,2026-08-15T13:17:14.898616Z
1287,11307,2026-06-14T13:57:01+00:00,87.0,39,Flag,BLUE,Driver,,,WAVED BLUE FLAG FOR CAR 87 (BEA) TIMED AT 15:57:00,2026-08-15T13:17:14.898616Z
1287,11307,2026-06-14T13:57:10+00:00,10.0,39,Flag,BLUE,Driver,,,WAVED BLUE FLAG FOR CAR 10 (GAS) TIMED AT 15:57:09,2026-08-15T13:17:14.898616Z
1287,11307,2026-06-14T13:58:30+00:00,5.0,40,Flag,BLUE,Driver,,,WAVED BLUE FLAG FOR CAR 5 (BOR) TIMED AT 15:58:29,2026-08-15T13:17:14.898616Z
1287,11307,2026-06-14T13:58:31+00:00,,40,Flag,YELLOW,Sector,10.0,,YELLOW IN TRACK SECTOR 10,2026-08-15T13:17:14.898616Z
1287,11307,2026-06-14T13:59:03+00:00,,41,SafetyCar,,,,,VSC DEPLOYED,2026-08-15T13:17:14.898616Z
1287,11307,2026-06-14T13:59:15+00:00,,41,Flag,DOUBLE YELLOW,Sector,10.0,,DOUBLE YELLOW IN TRACK SECTOR 10,2026-08-15T13:17:14.898616Z
1287,11307,2026-06-14T13:59:23+00:00,,41,Other,,,,,MARSHALS ON TRACK AT TURN 9,2026-08-15T13:17:14.898616Z
1287,11307,2026-06-14T13:59:27+00:00,,41,Other,,,,,CAR 81 (PIA) TIME 1:22.113 DELETED - TRACK LIMITS AT TURN 14 LAP 38 15:57:01,2026-08-15T13:17:14.898616Z
1287,11307,2026-06-14T14:01:18+00:00,,42,Flag,CLEAR,Sector,10.0,,CLEAR IN TRACK SECTOR 10,2026-08-15T13:17:14.898616Z
1287,11307,2026-06-14T14:01:20+00:00,,42,SafetyCar,,,,,VSC ENDING,2026-08-15T13:17:14.898616Z
1287,11307,2026-06-14T14:01:31+00:00,,42,Flag,CLEAR,Track,,,TRACK CLEAR,2026-08-15T13:17:14.898616Z
1287,11307,2026-06-14T14:01:31+00:00,87.0,42,Flag,BLUE,Driver,,,WAVED BLUE FLAG FOR CAR 87 (BEA) TIMED AT 16:01:31,2026-08-15T13:17:14.898616Z
1287,11307,2026-06-14T14:01:39+00:00,41.0,42,Flag,BLUE,Driver,,,WAVED BLUE FLAG FOR CAR 41 (LIN) TIMED AT 16:01:39,2026-08-15T13:17:14.898616Z
1287,11307,2026-06-14T14:01:43+00:00,41.0,42,Flag,BLUE,Driver,,,WAVED BLUE FLAG FOR CAR 41 (LIN) TIMED AT 16:01:43,2026-08-15T13:17:14.898616Z
1287,11307,2026-06-14T14:02:01+00:00,41.0,42,Flag,BLUE,Driver,,,WAVED BLUE FLAG FOR CAR 41 (LIN) TIMED AT 16:02:01,2026-08-15T13:17:14.898616Z
1287,11307,2026-06-14T14:02:26+00:00,11.0,42,Flag,BLUE,Driver,,,WAVED BLUE FLAG FOR CAR 11 (PER) TIMED AT 16:02:25,2026-08-15T13:17:14.898616Z
1287,11307,2026-06-14T14:03:03+00:00,55.0,43,Flag,BLUE,Driver,,,WAVED BLUE FLAG FOR CAR 55 (SAI) TIMED AT 16:03:03,2026-08-15T13:17:14.898616Z
1287,11307,2026-06-14T14:03:06+00:00,5.0,43,Flag,BLUE,Driver,,,WAVED BLUE FLAG FOR CAR 5 (BOR) TIMED AT 16:03:06,2026-08-15T13:17:14.898616Z
1287,11307,2026-06-14T14:03:28+00:00,55.0,43,Flag,BLUE,Driver,,,WAVED BLUE FLAG FOR CAR 55 (SAI) TIMED AT 16:03:28,2026-08-15T13:17:14.898616Z
1287,11307,2026-06-14T14:03:41+00:00,11.0,43,Flag,BLUE,Driver,,,WAVED BLUE FLAG FOR CAR 11 (PER) TIMED AT 16:03:40,2026-08-15T13:17:14.898616Z
1287,11307,2026-06-14T14:04:01+00:00,,44,Other,,,,,INCIDENT INVOLVING CAR 44 (HAM) NOTED - YELLOW FLAG INFRINGEMENT (15:38:31),2026-08-15T13:17:14.898616Z
1287,11307,2026-06-14T14:04:13+00:00,11.0,44,Flag,BLUE,Driver,,,WAVED BLUE FLAG FOR CAR 11 (PER) TIMED AT 16:04:12,2026-08-15T13:17:14.898616Z
1287,11307,2026-06-14T14:04:28+00:00,11.0,44,Flag,BLUE,Driver,,,WAVED BLUE FLAG FOR CAR 11 (PER) TIMED AT 16:04:27,2026-08-15T13:17:14.898616Z
1287,11307,2026-06-14T14:04:44+00:00,41.0,44,Flag,BLUE,Driver,,,WAVED BLUE FLAG FOR CAR 41 (LIN) TIMED AT 16:04:44,2026-08-15T13:17:14.898616Z
1287,11307,2026-06-14T14:05:19+00:00,,45,Other,,,,,CAR 10 (GAS) TIME 1:21.708 DELETED - TRACK LIMITS AT TURN 13 LAP 42 16:03:58,2026-08-15T13:17:14.898616Z
1287,11307,2026-06-14T14:05:46+00:00,55.0,45,Flag,BLUE,Driver,,,WAVED BLUE FLAG FOR CAR 55 (SAI) TIMED AT 16:05:45,2026-08-15T13:17:14.898616Z
1287,11307,2026-06-14T14:06:16+00:00,,45,Other,,,,,INCIDENT INVOLVING CAR 43 (COL) NOTED - YELLOW FLAG INFRINGEMENT (15:58:53),2026-08-15T13:17:14.898616Z
1287,11307,2026-06-14T14:07:11+00:00,,46,Other,,,,,UPDATE: INCIDENT INVOLVING CAR 44 (HAM) NOTED - YELLOW FLAG INFRINGEMENT (15:58:31),2026-08-15T13:17:14.898616Z
1287,11307,2026-06-14T14:07:39+00:00,11.0,46,Flag,BLUE,Driver,,,WAVED BLUE FLAG FOR CAR 11 (PER) TIMED AT 16:07:39,2026-08-15T13:17:14.898616Z
1287,11307,2026-06-14T14:09:27+00:00,31.0,48,Flag,BLUE,Driver,,,WAVED BLUE FLAG FOR CAR 31 (OCO) TIMED AT 16:09:27,2026-08-15T13:17:14.898616Z
1287,11307,2026-06-14T14:10:16+00:00,30.0,48,Flag,BLUE,Driver,,,WAVED BLUE FLAG FOR CAR 30 (LAW) TIMED AT 16:10:16,2026-08-15T13:17:14.898616Z
1287,11307,2026-06-14T14:10:20+00:00,,48,Other,,,,,FIA STEWARDS: INCIDENT INVOLVING CAR 44 (HAM) REVIEWED NO FURTHER INVESTIGATION - YELLOW FLAG INFRINGEMENT (15:58:31),2026-08-15T13:17:14.898616Z
1287,11307,2026-06-14T14:10:49+00:00,30.0,49,Flag,BLUE,Driver,,,WAVED BLUE FLAG FOR CAR 30 (LAW) TIMED AT 16:10:48,2026-08-15T13:17:14.898616Z
1287,11307,2026-06-14T14:12:14+00:00,43.0,50,Flag,BLUE,Driver,,,WAVED BLUE FLAG FOR CAR 43 (COL) TIMED AT 16:12:13,2026-08-15T13:17:14.898616Z
1287,11307,2026-06-14T14:12:33+00:00,43.0,50,Flag,BLUE,Driver,,,WAVED BLUE FLAG FOR CAR 43 (COL) TIMED AT 16:12:33,2026-08-15T13:17:14.898616Z
1287,11307,2026-06-14T14:13:04+00:00,11.0,50,Flag,BLUE,Driver,,,WAVED BLUE FLAG FOR CAR 11 (PER) TIMED AT 16:13:03,2026-08-15T13:17:14.898616Z
1287,11307,2026-06-14T14:13:37+00:00,11.0,51,Flag,BLUE,Driver,,,WAVED BLUE FLAG FOR CAR 11 (PER) TIMED AT 16:13:37,2026-08-15T13:17:14.898616Z
1287,11307,2026-06-14T14:14:15+00:00,11.0,51,Flag,BLUE,Driver,,,WAVED BLUE FLAG FOR CAR 11 (PER) TIMED AT 16:14:14,2026-08-15T13:17:14.898616Z
1287,11307,2026-06-14T14:14:25+00:00,11.0,51,Flag,BLUE,Driver,,,WAVED BLUE FLAG FOR CAR 11 (PER) TIMED AT 16:14:24,2026-08-15T13:17:14.898616Z
1287,11307,2026-06-14T14:15:14+00:00,11.0,52,Flag,BLUE,Driver,,,WAVED BLUE FLAG FOR CAR 11 (PER) TIMED AT 16:15:13,2026-08-15T13:17:14.898616Z
1287,11307,2026-06-14T14:15:58+00:00,11.0,52,Flag,BLUE,Driver,,,WAVED BLUE FLAG FOR CAR 11 (PER) TIMED AT 16:15:57,2026-08-15T13:17:14.898616Z
1287,11307,2026-06-14T14:16:10+00:00,30.0,53,Flag,BLUE,Driver,,,WAVED BLUE FLAG FOR CAR 30 (LAW) TIMED AT 16:16:10,2026-08-15T13:17:14.898616Z
1287,11307,2026-06-14T14:16:43+00:00,10.0,53,Flag,BLUE,Driver,,,WAVED BLUE FLAG FOR CAR 10 (GAS) TIMED AT 16:16:43,2026-08-15T13:17:14.898616Z
1287,11307,2026-06-14T14:17:30+00:00,23.0,54,Flag,BLUE,Driver,,,WAVED BLUE FLAG FOR CAR 23 (ALB) TIMED AT 16:17:29,2026-08-15T13:17:14.898616Z
1287,11307,2026-06-14T14:17:33+00:00,31.0,54,Flag,BLUE,Driver,,,WAVED BLUE FLAG FOR CAR 31 (OCO) TIMED AT 16:17:33,2026-08-15T13:17:14.898616Z
1287,11307,2026-06-14T14:18:17+00:00,43.0,54,Flag,BLUE,Driver,,,WAVED BLUE FLAG FOR CAR 43 (COL) TIMED AT 16:18:16,2026-08-15T13:17:14.898616Z
1287,11307,2026-06-14T14:18:28+00:00,10.0,54,Flag,BLUE,Driver,,,WAVED BLUE FLAG FOR CAR 10 (GAS) TIMED AT 16:18:27,2026-08-15T13:17:14.898616Z
1287,11307,2026-06-14T14:21:21+00:00,,56,Other,,,,,CAR 23 (ALB) TIME 1:28.019 DELETED - TRACK LIMITS AT TURN 4 LAP 25 15:38:43,2026-08-15T13:17:14.898616Z
1287,11307,2026-06-14T14:21:44+00:00,23.0,57,Flag,BLUE,Driver,,,WAVED BLUE FLAG FOR CAR 23 (ALB) TIMED AT 16:21:43,2026-08-15T13:17:14.898616Z
1287,11307,2026-06-14T14:21:49+00:00,31.0,57,Flag,BLUE,Driver,,,WAVED BLUE FLAG FOR CAR 31 (OCO) TIMED AT 16:21:48,2026-08-15T13:17:14.898616Z
1287,11307,2026-06-14T14:22:04+00:00,31.0,57,Flag,BLUE,Driver,,,WAVED BLUE FLAG FOR CAR 31 (OCO) TIMED AT 16:22:03,2026-08-15T13:17:14.898616Z
1287,11307,2026-06-14T14:22:10+00:00,87.0,57,Flag,BLUE,Driver,,,WAVED BLUE FLAG FOR CAR 87 (BEA) TIMED AT 16:22:10,2026-08-15T13:17:14.898616Z
1287,11307,2026-06-14T14:22:12+00:00,11.0,57,Flag,BLUE,Driver,,,WAVED BLUE FLAG FOR CAR 11 (PER) TIMED AT 16:22:12,2026-08-15T13:17:14.898616Z
1287,11307,2026-06-14T14:22:21+00:00,31.0,57,Flag,BLUE,Driver,,,WAVED BLUE FLAG FOR CAR 31 (OCO) TIMED AT 16:22:21,2026-08-15T13:17:14.898616Z
1287,11307,2026-06-14T14:22:24+00:00,87.0,57,Flag,BLUE,Driver,,,WAVED BLUE FLAG FOR CAR 87 (BEA) TIMED AT 16:22:24,2026-08-15T13:17:14.898616Z
1287,11307,2026-06-14T14:22:36+00:00,,57,Other,,,,,FIA STEWARDS: INCIDENT INVOLVING CAR 43 (COL) WILL BE INVESTIGATED AFTER THE RACE - YELLOW FLAG INFRINGEMENT (15:58:53),2026-08-15T13:17:14.898616Z
1287,11307,2026-06-14T14:22:41+00:00,87.0,57,Flag,BLUE,Driver,,,WAVED BLUE FLAG FOR CAR 87 (BEA) TIMED AT 16:22:41,2026-08-15T13:17:14.898616Z
1287,11307,2026-06-14T14:23:01+00:00,87.0,58,Flag,BLUE,Driver,,,WAVED BLUE FLAG FOR CAR 87 (BEA) TIMED AT 16:23:01,2026-08-15T13:17:14.898616Z
1287,11307,2026-06-14T14:23:23+00:00,6.0,58,Flag,BLUE,Driver,,,WAVED BLUE FLAG FOR CAR 6 (HAD) TIMED AT 16:23:22,2026-08-15T13:17:14.898616Z
1287,11307,2026-06-14T14:28:08+00:00,55.0,61,Flag,BLUE,Driver,,,WAVED BLUE FLAG FOR CAR 55 (SAI) TIMED AT 16:28:08,2026-08-15T13:17:14.898616Z
1287,11307,2026-06-14T14:28:18+00:00,55.0,62,Flag,BLUE,Driver,,,WAVED BLUE FLAG FOR CAR 55 (SAI) TIMED AT 16:28:18,2026-08-15T13:17:14.898616Z
1287,11307,2026-06-14T14:28:30+00:00,11.0,62,Flag,BLUE,Driver,,,WAVED BLUE FLAG FOR CAR 11 (PER) TIMED AT 16:28:30,2026-08-15T13:17:14.898616Z
1287,11307,2026-06-14T14:29:33+00:00,,63,Flag,YELLOW,Sector,7.0,,YELLOW IN TRACK SECTOR 7,2026-08-15T13:17:14.898616Z
1287,11307,2026-06-14T14:29:35+00:00,31.0,63,Flag,BLUE,Driver,,,WAVED BLUE FLAG FOR CAR 31 (OCO) TIMED AT 16:29:34,2026-08-15T13:17:14.898616Z
1287,11307,2026-06-14T14:29:45+00:00,87.0,63,Flag,BLUE,Driver,,,WAVED BLUE FLAG FOR CAR 87 (BEA) TIMED AT 16:29:44,2026-08-15T13:17:14.898616Z
1287,11307,2026-06-14T14:29:52+00:00,5.0,63,Flag,BLUE,Driver,,,WAVED BLUE FLAG FOR CAR 5 (BOR) TIMED AT 16:29:51,2026-08-15T13:17:14.898616Z
1287,11307,2026-06-14T14:29:52+00:00,,63,SafetyCar,,,,,VSC DEPLOYED,2026-08-15T13:17:14.898616Z
1287,11307,2026-06-14T14:30:08+00:00,,63,Other,,,,,MARSHALS ON TRACK AT TURN 5,2026-08-15T13:17:14.898616Z
1287,11307,2026-06-14T14:30:11+00:00,,63,Flag,DOUBLE YELLOW,Sector,7.0,,DOUBLE YELLOW IN TRACK SECTOR 7,2026-08-15T13:17:14.898616Z
1287,11307,2026-06-14T14:31:50+00:00,,64,Other,,,,,CAR 16 (LEC) LAP DELETED - TRACK LIMITS AT TURN 2 LAP 62 16:29:09 (PIT),2026-08-15T13:17:14.898616Z
1287,11307,2026-06-14T14:33:32+00:00,,65,Flag,CLEAR,Sector,7.0,,CLEAR IN TRACK SECTOR 7,2026-08-15T13:17:14.898616Z
1287,11307,2026-06-14T14:33:35+00:00,,65,SafetyCar,,,,,VSC ENDING,2026-08-15T13:17:14.898616Z
1287,11307,2026-06-14T14:33:45+00:00,,65,Flag,CLEAR,Track,,,TRACK CLEAR,2026-08-15T13:17:14.898616Z
1287,11307,2026-06-14T14:33:56+00:00,,65,Other,,,,,CAR 30 (LAW) TIME 1:23.625 DELETED - TRACK LIMITS AT TURN 13 LAP 60 16:29:09,2026-08-15T13:17:14.898616Z
1287,11307,2026-06-14T14:33:59+00:00,5.0,65,Flag,BLUE,Driver,,,WAVED BLUE FLAG FOR CAR 5 (BOR) TIMED AT 16:33:58,2026-08-15T13:17:14.898616Z
1287,11307,2026-06-14T14:35:25+00:00,,66,Other,,,,,CAR 12 (ANT) TIME 1:23.882 DELETED - TRACK LIMITS AT TURN 10 LAP 10 15:16:59,2026-08-15T13:17:14.898616Z
1287,11307,2026-06-14T14:35:31+00:00,,66,Other,,,,,INCIDENT INVOLVING CAR 12 (ANT) NOTED - TRACK LIMITS,2026-08-15T13:17:14.898616Z
1287,11307,2026-06-14T14:35:56+00:00,,66,Flag,CHEQUERED,Track,,,CHEQUERED FLAG,2026-08-15T13:17:14.898616Z
1287,11307,2026-06-14T14:35:56.172000+00:00,,66,SessionStatus,,,,,SESSION FINISHED,2026-08-15T13:17:14.898616Z
1287,11307,2026-06-14T14:36:14+00:00,,66,Other,,,,,FIA STEWARDS: INCIDENT INVOLVING CAR 12 (ANT) WILL BE INVESTIGATED AFTER THE RACE - TRACK LIMITS,2026-08-15T13:17:14.898616Z
1287,11307,2026-06-14T14:36:32+00:00,,66,Other,,,,,ALL PASS HOLDERS MAY ACCESS THE PIT LANE,2026-08-15T13:17:14.898616Z
1288,11310,2026-06-27T10:15:52+00:00,,,Other,,,,,RISK OF RAIN FOR F1 FREE PRACTICE 3 IS 0%,2026-08-15T13:18:25.334983Z
1288,11310,2026-06-27T10:30:00.025000+00:00,,,SessionStatus,,,,,SESSION STARTED,2026-08-15T13:18:25.334983Z
1288,11310,2026-06-27T10:30:00+00:00,,,Flag,GREEN,Track,,,GREEN LIGHT - PIT EXIT OPEN,2026-08-15T13:18:25.334983Z
1288,11310,2026-06-27T10:38:29+00:00,,,Other,,,,,CAR 11 (PER) TIME 1:30.141 DELETED - TRACK LIMITS AT TURN 1 LAP 6 12:36:47,2026-08-15T13:18:25.334983Z
1288,11310,2026-06-27T10:47:32+00:00,,,Other,,,,,CAR 77 (BOT) TIME 1:11.269 DELETED - TRACK LIMITS AT TURN 9 LAP 3 12:46:27,2026-08-15T13:18:25.334983Z
1288,11310,2026-06-27T10:55:12+00:00,,,Other,,,,,CAR 55 (SAI) TIME 1:14.696 DELETED - TRACK LIMITS AT TURN 9 LAP 6 12:53:28,2026-08-15T13:18:25.334983Z
1288,11310,2026-06-27T10:56:31+00:00,55.0,,Flag,BLACK AND WHITE,Driver,,,BLACK AND WHITE FLAG FOR CAR 55 (SAI) - DRIVING UNNECESSARILY SLOWLY (12:53:38),2026-08-15T13:18:25.334983Z
1288,11310,2026-06-27T10:59:42+00:00,,,Other,,,,,CAR 1 (NOR) TIME 1:22.399 DELETED - TRACK LIMITS AT TURN 3 LAP 6 12:58:35,2026-08-15T13:18:25.334983Z
1288,11310,2026-06-27T11:05:46+00:00,,,Other,,,,,CAR 5 (BOR) TIME 1:10.348 DELETED - TRACK LIMITS AT TURN 3 LAP 9 13:04:44,2026-08-15T13:18:25.334983Z
1288,11310,2026-06-27T11:11:40+00:00,,,Other,,,,,CAR 55 (SAI) TIME 1:16.142 DELETED - TRACK LIMITS AT TURN 1 LAP 16 13:10:09,2026-08-15T13:18:25.334983Z
1288,11310,2026-06-27T11:11:51+00:00,,,Other,,,,,CAR 55 (SAI) TIME 1:16.142 DELETED - TRACK LIMITS AT TURN 9 LAP 16 13:11:08,2026-08-15T13:18:25.334983Z
1288,11310,2026-06-27T11:17:20+00:00,,,Other,,,,,CAR 27 (HUL) TIME 1:08.490 DELETED - TRACK LIMITS AT TURN 9 LAP 16 13:16:37,2026-08-15T13:18:25.334983Z
1288,11310,2026-06-27T11:18:16+00:00,,,Other,,,,,CAR 16 (LEC) LAP DELETED - TRACK LIMITS AT TURN 3 LAP 15 13:16:57 (PIT),2026-08-15T13:18:25.334983Z
1288,11310,2026-06-27T11:20:13+00:00,,,Other,,,,,CAR 6 (HAD) LAP DELETED - TRACK LIMITS AT TURN 3 LAP 19 13:18:41 (PIT),2026-08-15T13:18:25.334983Z
1288,11310,2026-06-27T11:30:00.019000+00:00,,,SessionStatus,,,,,SESSION FINISHED,2026-08-15T13:18:25.334983Z
1288,11310,2026-06-27T11:30:00+00:00,,,Flag,CHEQUERED,Track,,,CHEQUERED FLAG,2026-08-15T13:18:25.334983Z
1288,11310,2026-06-27T11:30:15+00:00,,,Other,,,,,FIRST CAR TO TAKE THE FLAG - CAR 11 (PER),2026-08-15T13:18:25.334983Z
1288,11310,2026-06-27T11:31:14+00:00,,,Other,,,,,CAR 10 (GAS) TIME 1:40.221 DELETED - TRACK LIMITS AT TURN 1 LAP 15 13:29:05,2026-08-15T13:18:25.334983Z
1288,11310,2026-06-27T11:35:53+00:00,,,Flag,YELLOW,Sector,14.0,,YELLOW IN TRACK SECTOR 14,2026-08-15T13:18:25.334983Z
1288,11310,2026-06-27T11:35:58+00:00,,,Flag,YELLOW,Sector,15.0,,YELLOW IN TRACK SECTOR 15,2026-08-15T13:18:25.334983Z
1288,11310,2026-06-27T11:36:02+00:00,,,Flag,CLEAR,Sector,15.0,,CLEAR IN TRACK SECTOR 15,2026-08-15T13:18:25.334983Z
1289,11317,2026-07-03T15:30:00.109000+00:00,,,SessionStatus,,,,1.0,SESSION STARTED,2026-08-15T13:20:24.549295Z
1289,11317,2026-07-03T15:30:00+00:00,,,Flag,GREEN,Track,,1.0,GREEN LIGHT - PIT EXIT OPEN,2026-08-15T13:20:24.549295Z
1289,11317,2026-07-03T15:39:04+00:00,,,Other,,,,,CAR 18 (STR) TIME 1:33.438 DELETED - TRACK LIMITS AT TURN 3 LAP 3 16:37:24,2026-08-15T13:20:24.549295Z
1289,11317,2026-07-03T15:42:00.073000+00:00,,,SessionStatus,,,,1.0,SESSION FINISHED,2026-08-15T13:20:24.549295Z
1289,11317,2026-07-03T15:42:00+00:00,,,Flag,CHEQUERED,Track,,1.0,CHEQUERED FLAG,2026-08-15T13:20:24.549295Z
1289,11317,2026-07-03T15:42:08+00:00,,,Other,,,,,FIRST CAR TO TAKE THE FLAG - CAR 41 (LIN),2026-08-15T13:20:24.549295Z
1289,11317,2026-07-03T15:44:25+00:00,,,Flag,YELLOW,Sector,10.0,1.0,YELLOW IN TRACK SECTOR 10,2026-08-15T13:20:24.549295Z
1289,11317,2026-07-03T15:45:17+00:00,,,Flag,CLEAR,Sector,10.0,1.0,CLEAR IN TRACK SECTOR 10,2026-08-15T13:20:24.549295Z
1289,11317,2026-07-03T15:47:26+00:00,,,Other,,,,,"FIA STEWARDS: SQ1 INCIDENT INVOLVING CARS 63 (RUS), 41 (LIN), 10 (GAS), 43 (COL), 23 (ALB), 6 (HAD), 14 (ALO), 18 (STR), 1 (NOR) AND 55 (SAI) NOTED - FAILING TO FOLLOW RACE DIRECTORS INSTRUCTIONS - MAXIMUM DELTA TIME",2026-08-15T13:20:24.549295Z
1289,11317,2026-07-03T15:47:35+00:00,,,Other,,,,,"FIA STEWARDS: SQ1 INCIDENT INVOLVING CARS 63 (RUS), 41 (LIN), 10 (GAS), 43 (COL), 23 (ALB), 6 (HAD), 14 (ALO), 18 (STR), 1 (NOR) AND 55 (SAI) WILL BE INVESTIGATED AFTER THE SESSION - FAILING TO FOLLOW RACE DIRECTORS INSTRUCTIONS - MAXIMUM DELTA TIME",2026-08-15T13:20:24.549295Z
1289,11317,2026-07-03T15:49:00.074000+00:00,,,SessionStatus,,,,2.0,SESSION STARTED,2026-08-15T13:20:24.549295Z
1289,11317,2026-07-03T15:49:00+00:00,,,Flag,GREEN,Track,,2.0,GREEN LIGHT - PIT EXIT OPEN,2026-08-15T13:20:24.549295Z
1289,11317,2026-07-03T15:59:00.100000+00:00,,,SessionStatus,,,,2.0,SESSION FINISHED,2026-08-15T13:20:24.549295Z
1289,11317,2026-07-03T15:59:00+00:00,,,Flag,CHEQUERED,Track,,2.0,CHEQUERED FLAG,2026-08-15T13:20:24.549295Z
1289,11317,2026-07-03T15:59:12+00:00,,,Other,,,,,FIRST CAR TO TAKE THE FLAG - CAR 16 (LEC),2026-08-15T13:20:24.549295Z
1289,11317,2026-07-03T16:01:38+00:00,,,Flag,YELLOW,Sector,17.0,2.0,YELLOW IN TRACK SECTOR 17,2026-08-15T13:20:24.549295Z
1289,11317,2026-07-03T16:02:20+00:00,,,Other,,,,,"FIA STEWARDS: SQ2 INCIDENT INVOLVING CARS 12 (ANT), 27 (HUL) AND 41 (LIN) NOTED - FAILING TO FOLLOW RACE DIRECTORS INSTRUCTIONS - MAXIMUM DELTA TIME",2026-08-15T13:20:24.549295Z
1289,11317,2026-07-03T16:02:36+00:00,,,Other,,,,,"FIA STEWARDS: SQ2 INCIDENT INVOLVING CARS 12 (ANT), 27 (HUL) AND 41 (LIN) WILL BE INVESTIGATED AFTER THE SESSION - FAILING TO FOLLOW RACE DIRECTORS INSTRUCTIONS - MAXIMUM DELTA TIME",2026-08-15T13:20:24.549295Z
1289,11317,2026-07-03T16:03:39+00:00,,,Flag,CLEAR,Sector,17.0,2.0,CLEAR IN TRACK SECTOR 17,2026-08-15T13:20:24.549295Z
1289,11317,2026-07-03T16:06:00.061000+00:00,,,SessionStatus,,,,3.0,SESSION STARTED,2026-08-15T13:20:24.549295Z
1289,11317,2026-07-03T16:06:00+00:00,,,Flag,GREEN,Track,,3.0,GREEN LIGHT - PIT EXIT OPEN,2026-08-15T13:20:24.549295Z
1289,11317,2026-07-03T16:14:00.127000+00:00,,,SessionStatus,,,,3.0,SESSION FINISHED,2026-08-15T13:20:24.549295Z
1289,11317,2026-07-03T16:14:00+00:00,,,Flag,CHEQUERED,Track,,3.0,CHEQUERED FLAG,2026-08-15T13:20:24.549295Z
1289,11317,2026-07-03T16:14:07+00:00,,,Other,,,,,FIRST CAR TO TAKE THE FLAG - CAR 81 (PIA),2026-08-15T13:20:24.549295Z
1289,11317,2026-07-03T16:18:24+00:00,,,Other,,,,,"FIA STEWARDS: SQ1 INCIDENT INVOLVING CARS 63 (RUS), 10 (GAS), 43 (COL), 6 (HAD), 14 (ALO), 18 (STR), 1 (NOR) AND 55 (SAI) NO FURTHER ACTION - FAILING TO FOLLOW RACE DIRECTORS INSTRUCTIONS - MAXIMUM DELTA TIME",2026-08-15T13:20:24.549295Z
1289,11317,2026-07-03T16:18:31+00:00,,,Flag,YELLOW,Sector,15.0,3.0,YELLOW IN TRACK SECTOR 15,2026-08-15T13:20:24.549295Z
1289,11317,2026-07-03T16:18:35+00:00,,,Other,,,,,"FIA STEWARDS: SQ2 INCIDENT INVOLVING CARS 12 (ANT), 27 (HUL) AND 41 (LIN) NO FURTHER ACTION - FAILING TO FOLLOW RACE DIRECTORS INSTRUCTIONS - MAXIMUM DELTA TIME",2026-08-15T13:20:24.549295Z
1289,11317,2026-07-03T16:18:42+00:00,,,Flag,YELLOW,Sector,2.0,3.0,YELLOW IN TRACK SECTOR 2,2026-08-15T13:20:24.549295Z
1289,11317,2026-07-03T16:18:53+00:00,,,Flag,YELLOW,Sector,16.0,3.0,YELLOW IN TRACK SECTOR 16,2026-08-15T13:20:24.549295Z
1289,11317,2026-07-03T16:19:38+00:00,,,Flag,YELLOW,Sector,5.0,3.0,YELLOW IN TRACK SECTOR 5,2026-08-15T13:20:24.549295Z
1289,11317,2026-07-03T16:19:39+00:00,,,Flag,YELLOW,Sector,7.0,3.0,YELLOW IN TRACK SECTOR 7,2026-08-15T13:20:24.549295Z
1289,11317,2026-07-03T16:19:47+00:00,,,Flag,YELLOW,Sector,9.0,3.0,YELLOW IN TRACK SECTOR 9,2026-08-15T13:20:24.549295Z
1289,11317,2026-07-03T16:19:57+00:00,,,Other,,,,,TRACK SURFACE SLIPPERY IN TRACK SECTOR 4,2026-08-15T13:20:24.549295Z
1289,11317,2026-07-03T16:20:00+00:00,,,Flag,YELLOW,Sector,4.0,3.0,YELLOW IN TRACK SECTOR 4,2026-08-15T13:20:24.549295Z
1289,11317,2026-07-03T16:20:16+00:00,,,Flag,YELLOW,Sector,17.0,3.0,YELLOW IN TRACK SECTOR 17,2026-08-15T13:20:24.549295Z
1289,11317,2026-07-03T16:20:23+00:00,,,Flag,YELLOW,Sector,13.0,3.0,YELLOW IN TRACK SECTOR 13,2026-08-15T13:20:24.549295Z
1289,11317,2026-07-03T16:21:06+00:00,,,Flag,YELLOW,Sector,3.0,3.0,YELLOW IN TRACK SECTOR 3,2026-08-15T13:20:24.549295Z
1289,11317,2026-07-03T16:21:09+00:00,,,Flag,DOUBLE YELLOW,Sector,12.0,3.0,DOUBLE YELLOW IN TRACK SECTOR 12,2026-08-15T13:20:24.549295Z
1289,11317,2026-07-03T16:21:12+00:00,,,Flag,YELLOW,Sector,10.0,3.0,YELLOW IN TRACK SECTOR 10,2026-08-15T13:20:24.549295Z
1289,11317,2026-07-03T16:21:15+00:00,,,Flag,YELLOW,Sector,12.0,3.0,YELLOW IN TRACK SECTOR 12,2026-08-15T13:20:24.549295Z
1289,11317,2026-07-03T16:21:17+00:00,,,Flag,CLEAR,Sector,7.0,3.0,CLEAR IN TRACK SECTOR 7,2026-08-15T13:20:24.549295Z
1289,11317,2026-07-03T16:21:20+00:00,,,Flag,YELLOW,Sector,1.0,3.0,YELLOW IN TRACK SECTOR 1,2026-08-15T13:20:24.549295Z
1289,11317,2026-07-03T16:22:49+00:00,,,Flag,CLEAR,Sector,3.0,3.0,CLEAR IN TRACK SECTOR 3,2026-08-15T13:20:24.549295Z
1289,11317,2026-07-03T16:22:54+00:00,,,Flag,CLEAR,Sector,10.0,3.0,CLEAR IN TRACK SECTOR 10,2026-08-15T13:20:24.549295Z
1289,11317,2026-07-03T16:25:15+00:00,,,Flag,CLEAR,Sector,4.0,3.0,CLEAR IN TRACK SECTOR 4,2026-08-15T13:20:24.549295Z
1289,11317,2026-07-03T16:25:41+00:00,,,Flag,CLEAR,Sector,16.0,3.0,CLEAR IN TRACK SECTOR 16,2026-08-15T13:20:24.549295Z
1289,11317,2026-07-03T16:26:01+00:00,,,Flag,CLEAR,Sector,13.0,3.0,CLEAR IN TRACK SECTOR 13,2026-08-15T13:20:24.549295Z
1289,11317,2026-07-03T16:27:40+00:00,,,Flag,CLEAR,Sector,15.0,3.0,CLEAR IN TRACK SECTOR 15,2026-08-15T13:20:24.549295Z
1289,11317,2026-07-03T16:27:47+00:00,,,Flag,YELLOW,Sector,10.0,3.0,YELLOW IN TRACK SECTOR 10,2026-08-15T13:20:24.549295Z
1289,11317,2026-07-03T16:28:12+00:00,,,Flag,YELLOW,Sector,3.0,3.0,YELLOW IN TRACK SECTOR 3,2026-08-15T13:20:24.549295Z
1289,11317,2026-07-03T16:28:17+00:00,,,Flag,CLEAR,Sector,5.0,3.0,CLEAR IN TRACK SECTOR 5,2026-08-15T13:20:24.549295Z
1289,11317,2026-07-03T16:28:22+00:00,,,Flag,CLEAR,Sector,9.0,3.0,CLEAR IN TRACK SECTOR 9,2026-08-15T13:20:24.549295Z
1289,11317,2026-07-03T16:28:22+00:00,,,Flag,CLEAR,Sector,17.0,3.0,CLEAR IN TRACK SECTOR 17,2026-08-15T13:20:24.549295Z
1289,11317,2026-07-03T16:28:33+00:00,,,Flag,CLEAR,Sector,12.0,3.0,CLEAR IN TRACK SECTOR 12,2026-08-15T13:20:24.549295Z
1289,11317,2026-07-03T16:28:49+00:00,,,Flag,YELLOW,Sector,17.0,3.0,YELLOW IN TRACK SECTOR 17,2026-08-15T13:20:24.549295Z
1289,11317,2026-07-03T16:28:55+00:00,,,Flag,CLEAR,Sector,1.0,3.0,CLEAR IN TRACK SECTOR 1,2026-08-15T13:20:24.549295Z
1289,11317,2026-07-03T16:30:29+00:00,,,Flag,CLEAR,Sector,3.0,3.0,CLEAR IN TRACK SECTOR 3,2026-08-15T13:20:24.549295Z
1289,11317,2026-07-03T16:30:39+00:00,,,Flag,CLEAR,Sector,17.0,3.0,CLEAR IN TRACK SECTOR 17,2026-08-15T13:20:24.549295Z
1289,11317,2026-07-03T16:33:30+00:00,,,Flag,CHEQUERED,Track,,3.0,CHEQUERED FLAG,2026-08-15T13:20:24.549295Z
1289,11317,2026-07-03T16:33:35+00:00,,,Flag,YELLOW,Sector,11.0,3.0,YELLOW IN TRACK SECTOR 11,2026-08-15T13:20:24.549295Z
1289,11317,2026-07-03T16:33:35+00:00,,,Flag,CHEQUERED,Track,,3.0,CHEQUERED FLAG,2026-08-15T13:20:24.549295Z
1289,11317,2026-07-03T16:33:41+00:00,,,Flag,CHEQUERED,Track,,3.0,CHEQUERED FLAG,2026-08-15T13:20:24.549295Z
1289,11317,2026-07-03T16:33:58+00:00,,,Flag,CLEAR,Sector,10.0,3.0,CLEAR IN TRACK SECTOR 10,2026-08-15T13:20:24.549295Z
1289,11317,2026-07-03T16:34:05+00:00,,,Flag,YELLOW,Sector,6.0,3.0,YELLOW IN TRACK SECTOR 6,2026-08-15T13:20:24.549295Z
1290,11327,2026-07-17T11:29:36+00:00,,,Other,,,,,LOW GRIP DELTA ACTIVE,2026-08-15T13:22:03.147569Z
1290,11327,2026-07-17T11:29:50+00:00,,,Other,,,,,LOW GRIP CONDITIONS,2026-08-15T13:22:03.147569Z
1290,11327,2026-07-17T11:30:00+00:00,,,Flag,GREEN,Track,,,GREEN LIGHT - PIT EXIT OPEN,2026-08-15T13:22:03.147569Z
1290,11327,2026-07-17T11:30:00.052000+00:00,,,SessionStatus,,,,,SESSION STARTED,2026-08-15T13:22:03.147569Z
1290,11327,2026-07-17T11:31:54+00:00,,,Other,,,,,NORMAL GRIP CONDITIONS,2026-08-15T13:22:03.147569Z
1290,11327,2026-07-17T11:31:57+00:00,,,Other,,,,,NORMAL GRIP DELTA ACTIVE,2026-08-15T13:22:03.147569Z
1290,11327,2026-07-17T11:43:23+00:00,,,Other,,,,,CAR 23 (ALB) TIME 2:55.476 DELETED - TRACK LIMITS AT TURN 3 LAP 5 13:40:44,2026-08-15T13:22:03.147569Z
1290,11327,2026-07-17T11:43:26+00:00,,,Other,,,,,CAR 55 (SAI) TIME 1:52.364 DELETED - TRACK LIMITS AT TURN 11 LAP 6 13:42:09,2026-08-15T13:22:03.147569Z
1290,11327,2026-07-17T11:46:23+00:00,,,Other,,,,,CAR 12 (ANT) TIME 1:49.320 DELETED - TRACK LIMITS AT TURN 19 LAP 5 13:40:24,2026-08-15T13:22:03.147569Z
1290,11327,2026-07-17T11:46:25+00:00,,,Other,,,,,CAR 12 (ANT) TIME 3:16.941 DELETED - TRACK LIMITS AT TURN 19 (NEXT LAP),2026-08-15T13:22:03.147569Z
1290,11327,2026-07-17T11:47:02+00:00,,,Other,,,,,CAR 87 (BEA) TIME 1:51.262 DELETED - TRACK LIMITS AT TURN 4 LAP 7 13:44:56,2026-08-15T13:22:03.147569Z
1290,11327,2026-07-17T11:53:18+00:00,,,Other,,,,,CAR 30 (LAW) TIME 1:49.451 DELETED - TRACK LIMITS AT TURN 19 LAP 8 13:50:21,2026-08-15T13:22:03.147569Z
1290,11327,2026-07-17T11:53:27+00:00,,,Other,,,,,CAR 30 (LAW) TIME 2:54.760 DELETED - TRACK LIMITS AT TURN 19 (NEXT LAP),2026-08-15T13:22:03.147569Z
1290,11327,2026-07-17T11:53:34+00:00,,,Other,,,,,CAR 23 (ALB) TIME 2:35.449 DELETED - TRACK LIMITS AT TURN 19 LAP 9 13:52:15,2026-08-15T13:22:03.147569Z
1290,11327,2026-07-17T11:54:18+00:00,,,Other,,,,,CAR 23 (ALB) TIME 1:50.734 DELETED - TRACK LIMITS AT TURN 19 (NEXT LAP),2026-08-15T13:22:03.147569Z
1290,11327,2026-07-17T11:54:29+00:00,,,Other,,,,,CAR 23 (ALB) TIME 1:50.734 DELETED - TRACK LIMITS AT TURN 11 LAP 10 13:53:19,2026-08-15T13:22:03.147569Z
1290,11327,2026-07-17T11:56:57+00:00,,,Other,,,,,INCIDENT INVOLVING CAR 55 (SAI) NOTED - CROSSING THE LINE AT PIT ENTRY (13:54:11),2026-08-15T13:22:03.147569Z
1290,11327,2026-07-17T11:57:59+00:00,,,Other,,,,,CAR 30 (LAW) TIME 1:49.247 DELETED - TRACK LIMITS AT TURN 19 LAP 10 13:55:05,2026-08-15T13:22:03.147569Z
1290,11327,2026-07-17T11:58:02+00:00,,,Other,,,,,CAR 30 (LAW) LAP DELETED - TRACK LIMITS AT TURN 19 (NEXT LAP PIT),2026-08-15T13:22:03.147569Z
1290,11327,2026-07-17T11:58:07+00:00,,,Other,,,,,CAR 55 (SAI) TIME 1:55.075 DELETED - TRACK LIMITS AT TURN 19 LAP 11 13:54:13,2026-08-15T13:22:03.147569Z
1290,11327,2026-07-17T11:58:13+00:00,,,Other,,,,,CAR 55 (SAI) LAP DELETED - TRACK LIMITS AT TURN 19 (NEXT LAP PIT),2026-08-15T13:22:03.147569Z
1290,11327,2026-07-17T11:58:21+00:00,,,Other,,,,,FIA STEWARDS: INCIDENT INVOLVING CAR 55 (SAI) WILL BE INVESTIGATED AFTER THE SESSION - CROSSING THE LINE AT PIT ENTRY (13:54:11),2026-08-15T13:22:03.147569Z
1290,11327,2026-07-17T12:03:36+00:00,,,Other,,,,,CAR 63 (RUS) TIME 3:01.951 DELETED - TRACK LIMITS AT TURN 3 LAP 12 14:00:21,2026-08-15T13:22:03.147569Z
1290,11327,2026-07-17T12:07:56+00:00,,,Other,,,,,CAR 87 (BEA) TIME 3:19.983 DELETED - TRACK LIMITS AT TURN 4 LAP 12 14:03:24,2026-08-15T13:22:03.147569Z
1290,11327,2026-07-17T12:20:15+00:00,,,Other,,,,,CAR 55 (SAI) TIME 6:54.860 DELETED - TRACK LIMITS AT TURN 11 LAP 18 14:18:40,2026-08-15T13:22:03.147569Z
1290,11327,2026-07-17T12:21:36+00:00,,,Other,,,,,CAR 41 (LIN) TIME 8:16.463 DELETED - TRACK LIMITS AT TURN 4 LAP 18 14:19:06,2026-08-15T13:22:03.147569Z
1290,11327,2026-07-17T12:24:47+00:00,,,Other,,,,,CAR 18 (STR) LAP DELETED - TRACK LIMITS AT TURN 13 LAP 17 14:23:29 (PIT),2026-08-15T13:22:03.147569Z
1290,11327,2026-07-17T12:25:20+00:00,,,Other,,,,,CAR 3 (VER) TIME 1:52.830 DELETED - TRACK LIMITS AT TURN 19 LAP 19 14:22:20,2026-08-15T13:22:03.147569Z
1290,11327,2026-07-17T12:25:22+00:00,,,Other,,,,,CAR 3 (VER) TIME 1:53.183 DELETED - TRACK LIMITS AT TURN 19 (NEXT LAP),2026-08-15T13:22:03.147569Z
1290,11327,2026-07-17T12:26:18+00:00,,,Other,,,,,CAR 10 (GAS) TIME 1:54.168 DELETED - TRACK LIMITS AT TURN 4 LAP 20 14:24:32,2026-08-15T13:22:03.147569Z
1290,11327,2026-07-17T12:26:48+00:00,,,Other,,,,,CAR 16 (LEC) TIME 1:56.600 DELETED - TRACK LIMITS AT TURN 6 LAP 19 14:25:11,2026-08-15T13:22:03.147569Z
1290,11327,2026-07-17T12:27:44+00:00,,,Other,,,,,CAR 23 (ALB) TIME 1:54.971 DELETED - TRACK LIMITS AT TURN 4 LAP 21 14:25:54,2026-08-15T13:22:03.147569Z
1290,11327,2026-07-17T12:28:18+00:00,,,Flag,DOUBLE YELLOW,Sector,7.0,,DOUBLE YELLOW IN TRACK SECTOR 7,2026-08-15T13:22:03.147569Z
1290,11327,2026-07-17T12:28:22+00:00,,,Flag,YELLOW,Sector,6.0,,YELLOW IN TRACK SECTOR 6,2026-08-15T13:22:03.147569Z
1290,11327,2026-07-17T12:28:22+00:00,,,Flag,YELLOW,Sector,4.0,,YELLOW IN TRACK SECTOR 4,2026-08-15T13:22:03.147569Z
1290,11327,2026-07-17T12:28:23+00:00,,,Flag,YELLOW,Sector,5.0,,YELLOW IN TRACK SECTOR 5,2026-08-15T13:22:03.147569Z
1290,11327,2026-07-17T12:28:25+00:00,,,Flag,CLEAR,Sector,7.0,,CLEAR IN TRACK SECTOR 7,2026-08-15T13:22:03.147569Z
1290,11327,2026-07-17T12:28:27+00:00,,,Flag,CLEAR,Sector,6.0,,CLEAR IN TRACK SECTOR 6,2026-08-15T13:22:03.147569Z
1290,11327,2026-07-17T12:28:27+00:00,,,Flag,CLEAR,Sector,4.0,,CLEAR IN TRACK SECTOR 4,2026-08-15T13:22:03.147569Z
1290,11327,2026-07-17T12:28:27+00:00,,,Flag,CLEAR,Sector,5.0,,CLEAR IN TRACK SECTOR 5,2026-08-15T13:22:03.147569Z
1290,11327,2026-07-17T12:29:44+00:00,,,Other,,,,,CAR 27 (HUL) TIME 1:53.955 DELETED - DOUBLE YELLOW AT TURN 5,2026-08-15T13:22:03.147569Z
1290,11327,2026-07-17T12:30:00+00:00,,,Flag,CHEQUERED,Track,,,CHEQUERED FLAG,2026-08-15T13:22:03.147569Z
1290,11327,2026-07-17T12:30:00.058000+00:00,,,SessionStatus,,,,,SESSION FINISHED,2026-08-15T13:22:03.147569Z
1290,11327,2026-07-17T12:30:09+00:00,,,Other,,,,,FIRST CAR TO TAKE THE FLAG - CAR 87 (BEA),2026-08-15T13:22:03.147569Z
1290,11327,2026-07-17T12:30:13+00:00,,,Other,,,,,CAR 63 (RUS) TIME 6:30.653 DELETED - DOUBLE YELLOW AT TURN 5,2026-08-15T13:22:03.147569Z
1290,11327,2026-07-17T12:30:51+00:00,,,Other,,,,,CAR 81 (PIA) LAP DELETED - TRACK LIMITS AT TURN 6 LAP 22 14:28:32 (PIT),2026-08-15T13:22:03.147569Z
1290,11327,2026-07-17T12:31:27+00:00,,,Other,,,,,CAR 23 (ALB) TIME 1:55.235 DELETED - TRACK LIMITS AT TURN 11 LAP 23 14:30:27,2026-08-15T13:22:03.147569Z
1290,11327,2026-07-17T12:32:54+00:00,,,Other,,,,,CAR 87 (BEA) TIME 2:17.210 DELETED - TRACK LIMITS AT TURN 4 LAP 21 14:30:23,2026-08-15T13:22:03.147569Z
1290,11327,2026-07-17T12:35:45+00:00,,,Other,,,,,INCIDENT INVOLVING CAR 27 (HUL) NOTED - YELLOW FLAG INFRINGEMENT (14:28:17),2026-08-15T13:22:03.147569Z
1290,11327,2026-07-17T12:35:53+00:00,,,Flag,DOUBLE YELLOW,Sector,7.0,,DOUBLE YELLOW IN TRACK SECTOR 7,2026-08-15T13:22:03.147569Z
1290,11327,2026-07-17T12:36:09+00:00,,,Flag,YELLOW,Sector,2.0,,YELLOW IN TRACK SECTOR 2,2026-08-15T13:22:03.147569Z
1290,11327,2026-07-17T12:36:23+00:00,,,Flag,CLEAR,Sector,7.0,,CLEAR IN TRACK SECTOR 7,2026-08-15T13:22:03.147569Z
1290,11327,2026-07-17T12:36:44+00:00,,,Flag,YELLOW,Sector,3.0,,YELLOW IN TRACK SECTOR 3,2026-08-15T13:22:03.147569Z
1290,11327,2026-07-17T12:37:16+00:00,,,Flag,DOUBLE YELLOW,Sector,13.0,,DOUBLE YELLOW IN TRACK SECTOR 13,2026-08-15T13:22:03.147569Z
1290,11327,2026-07-17T12:37:53+00:00,,,Flag,DOUBLE YELLOW,Sector,14.0,,DOUBLE YELLOW IN TRACK SECTOR 14,2026-08-15T13:22:03.147569Z
1290,11327,2026-07-17T12:37:56+00:00,,,Flag,CLEAR,Sector,13.0,,CLEAR IN TRACK SECTOR 13,2026-08-15T13:22:03.147569Z
1290,11327,2026-07-17T12:37:57+00:00,,,Flag,CLEAR,Sector,3.0,,CLEAR IN TRACK SECTOR 3,2026-08-15T13:22:03.147569Z
1290,11327,2026-07-17T12:38:11+00:00,,,Flag,DOUBLE YELLOW,Sector,4.0,,DOUBLE YELLOW IN TRACK SECTOR 4,2026-08-15T13:22:03.147569Z
1290,11327,2026-07-17T12:38:11+00:00,,,Flag,DOUBLE YELLOW,Sector,5.0,,DOUBLE YELLOW IN TRACK SECTOR 5,2026-08-15T13:22:03.147569Z
1290,11327,2026-07-17T12:38:23+00:00,,,Flag,YELLOW,Sector,18.0,,YELLOW IN TRACK SECTOR 18,2026-08-15T13:22:03.147569Z
1290,11327,2026-07-17T12:38:25+00:00,,,Flag,DOUBLE YELLOW,Sector,10.0,,DOUBLE YELLOW IN TRACK SECTOR 10,2026-08-15T13:22:03.147569Z
1290,11327,2026-07-17T12:38:39+00:00,,,Flag,CLEAR,Sector,4.0,,CLEAR IN TRACK SECTOR 4,2026-08-15T13:22:03.147569Z
1290,11327,2026-07-17T12:38:39+00:00,,,Flag,CLEAR,Sector,5.0,,CLEAR IN TRACK SECTOR 5,2026-08-15T13:22:03.147569Z
1290,11327,2026-07-17T12:38:45+00:00,,,Flag,YELLOW,Sector,15.0,,YELLOW IN TRACK SECTOR 15,2026-08-15T13:22:03.147569Z
1290,11327,2026-07-17T12:38:46+00:00,,,Flag,CLEAR,Sector,14.0,,CLEAR IN TRACK SECTOR 14,2026-08-15T13:22:03.147569Z
1290,11327,2026-07-17T12:38:59+00:00,,,Flag,DOUBLE YELLOW,Sector,4.0,,DOUBLE YELLOW IN TRACK SECTOR 4,2026-08-15T13:22:03.147569Z
1290,11327,2026-07-17T12:38:59+00:00,,,Flag,DOUBLE YELLOW,Sector,5.0,,DOUBLE YELLOW IN TRACK SECTOR 5,2026-08-15T13:22:03.147569Z
1290,11327,2026-07-17T12:39:00+00:00,,,Flag,CLEAR,Sector,4.0,,CLEAR IN TRACK SECTOR 4,2026-08-15T13:22:03.147569Z
1290,11327,2026-07-17T12:39:00+00:00,,,Flag,CLEAR,Sector,5.0,,CLEAR IN TRACK SECTOR 5,2026-08-15T13:22:03.147569Z
1290,11327,2026-07-17T12:39:01+00:00,,,Flag,DOUBLE YELLOW,Sector,16.0,,DOUBLE YELLOW IN TRACK SECTOR 16,2026-08-15T13:22:03.147569Z
1290,11327,2026-07-17T12:39:05+00:00,,,Flag,DOUBLE YELLOW,Sector,15.0,,DOUBLE YELLOW IN TRACK SECTOR 15,2026-08-15T13:22:03.147569Z
1290,11327,2026-07-17T12:39:06+00:00,,,Flag,CLEAR,Sector,16.0,,CLEAR IN TRACK SECTOR 16,2026-08-15T13:22:03.147569Z
1290,11327,2026-07-17T12:39:29+00:00,,,Flag,DOUBLE YELLOW,Sector,18.0,,DOUBLE YELLOW IN TRACK SECTOR 18,2026-08-15T13:22:03.147569Z
1290,11327,2026-07-17T12:39:55+00:00,,,Flag,YELLOW,Sector,17.0,,YELLOW IN TRACK SECTOR 17,2026-08-15T13:22:03.147569Z
1290,11327,2026-07-17T12:40:22+00:00,,,Flag,DOUBLE YELLOW,Sector,16.0,,DOUBLE YELLOW IN TRACK SECTOR 16,2026-08-15T13:22:03.147569Z
1290,11327,2026-07-17T12:40:24+00:00,,,Flag,CLEAR,Sector,2.0,,CLEAR IN TRACK SECTOR 2,2026-08-15T13:22:03.147569Z
1290,11327,2026-07-17T12:40:38+00:00,,,Flag,CLEAR,Sector,16.0,,CLEAR IN TRACK SECTOR 16,2026-08-15T13:22:03.147569Z
1290,11327,2026-07-17T12:41:14+00:00,,,Flag,DOUBLE YELLOW,Sector,16.0,,DOUBLE YELLOW IN TRACK SECTOR 16,2026-08-15T13:22:03.147569Z
1290,11327,2026-07-17T12:41:17+00:00,,,Flag,CLEAR,Sector,15.0,,CLEAR IN TRACK SECTOR 15,2026-08-15T13:22:03.147569Z
1290,11327,2026-07-17T12:41:41+00:00,,,Flag,CLEAR,Sector,10.0,,CLEAR IN TRACK SECTOR 10,2026-08-15T13:22:03.147569Z
1290,11327,2026-07-17T12:41:47+00:00,,,Flag,CLEAR,Sector,18.0,,CLEAR IN TRACK SECTOR 18,2026-08-15T13:22:03.147569Z
1290,11327,2026-07-17T12:42:02+00:00,,,Flag,CLEAR,Sector,17.0,,CLEAR IN TRACK SECTOR 17,2026-08-15T13:22:03.147569Z
1290,11327,2026-07-17T12:42:11+00:00,,,Flag,CLEAR,Sector,16.0,,CLEAR IN TRACK SECTOR 16,2026-08-15T13:22:03.147569Z
1290,11327,2026-07-17T12:45:17+00:00,,,Other,,,,,FIA STEWARDS: INCIDENT INVOLVING CAR 27 (HUL) WILL BE INVESTIGATED AFTER THE SESSION - YELLOW FLAG INFRINGEMENT (14:28:17),2026-08-15T13:22:03.147569Z
1290,11327,2026-07-17T12:46:45+00:00,,,SafetyCar,,,,,VSC DEPLOYED,2026-08-15T13:22:03.147569Z
1290,11327,2026-07-17T12:46:48+00:00,,,Flag,DOUBLE YELLOW,Sector,13.0,,DOUBLE YELLOW IN TRACK SECTOR 13,2026-08-15T13:22:03.147569Z
1290,11327,2026-07-17T12:47:25+00:00,,,Other,,,,,RISK OF RAIN FOR F3 QUALIFYING IS 70%,2026-08-15T13:22:03.147569Z
1290,11328,2026-07-17T14:49:30+00:00,,,Other,,,,,PINK HEAD PADDING MATERIAL MUST BE USED,2026-08-15T13:22:13.515936Z
1290,11328,2026-07-17T15:00:00.028000+00:00,,,SessionStatus,,,,,SESSION STARTED,2026-08-15T13:22:13.515936Z
1290,11328,2026-07-17T15:00:00+00:00,,,Flag,GREEN,Track,,,GREEN LIGHT - PIT EXIT OPEN,2026-08-15T13:22:13.515936Z
1290,11328,2026-07-17T15:05:05+00:00,,,Flag,CLEAR,Sector,10.0,,CLEAR IN TRACK SECTOR 10,2026-08-15T13:22:13.515936Z
1290,11328,2026-07-17T15:11:04+00:00,,,Other,,,,,TRACK SURFACE SLIPPERY IN TRACK SECTOR 15,2026-08-15T13:22:13.515936Z
1290,11328,2026-07-17T15:11:06+00:00,,,Other,,,,,TRACK SURFACE SLIPPERY IN TRACK SECTOR 16,2026-08-15T13:22:13.515936Z
1290,11328,2026-07-17T15:11:30.567000+00:00,,,SessionStatus,,,,,SESSION ABORTED,2026-08-15T13:22:13.515936Z
1290,11328,2026-07-17T15:11:31+00:00,,,Flag,RED,Track,,,RED FLAG,2026-08-15T13:22:13.515936Z
1290,11328,2026-07-17T15:11:31+00:00,,,Flag,CLEAR,Sector,15.0,,CLEAR IN TRACK SECTOR 15,2026-08-15T13:22:13.515936Z
1290,11328,2026-07-17T15:11:31+00:00,,,Flag,CLEAR,Sector,16.0,,CLEAR IN TRACK SECTOR 16,2026-08-15T13:22:13.515936Z
1290,11328,2026-07-17T15:12:06+00:00,,,Flag,DOUBLE YELLOW,Sector,15.0,,DOUBLE YELLOW IN TRACK SECTOR 15,2026-08-15T13:22:13.515936Z
1290,11328,2026-07-17T15:12:08+00:00,,,Flag,DOUBLE YELLOW,Sector,16.0,,DOUBLE YELLOW IN TRACK SECTOR 16,2026-08-15T13:22:13.515936Z
1290,11328,2026-07-17T15:14:08+00:00,,,Flag,CLEAR,Sector,15.0,,CLEAR IN TRACK SECTOR 15,2026-08-15T13:22:13.515936Z
1290,11328,2026-07-17T15:14:10+00:00,,,Flag,CLEAR,Sector,16.0,,CLEAR IN TRACK SECTOR 16,2026-08-15T13:22:13.515936Z
1290,11328,2026-07-17T15:14:21+00:00,,,Flag,CLEAR,Track,,,TRACK CLEAR,2026-08-15T13:22:13.515936Z
1290,11328,2026-07-17T15:14:23+00:00,,,Other,,,,,OVERTAKE ENABLED,2026-08-15T13:22:13.515936Z
1290,11328,2026-07-17T15:14:31+00:00,,,Flag,DOUBLE YELLOW,Sector,15.0,,DOUBLE YELLOW IN TRACK SECTOR 15,2026-08-15T13:22:13.515936Z
1290,11328,2026-07-17T15:14:54+00:00,,,Flag,DOUBLE YELLOW,Sector,16.0,,DOUBLE YELLOW IN TRACK SECTOR 16,2026-08-15T13:22:13.515936Z
1290,11328,2026-07-17T15:15:51+00:00,,,Flag,CLEAR,Sector,15.0,,CLEAR IN TRACK SECTOR 15,2026-08-15T13:22:13.515936Z
1290,11328,2026-07-17T15:15:55+00:00,,,Other,,,,,SESSION WILL RESUME AT 17:17,2026-08-15T13:22:13.515936Z
1290,11328,2026-07-17T15:16:01+00:00,,,Flag,CLEAR,Sector,16.0,,CLEAR IN TRACK SECTOR 16,2026-08-15T13:22:13.515936Z
1290,11328,2026-07-17T15:17:00.051000+00:00,,,SessionStatus,,,,,SESSION STARTED,2026-08-15T13:22:13.515936Z
1290,11328,2026-07-17T15:17:00+00:00,,,Flag,GREEN,Track,,,GREEN LIGHT - PIT EXIT OPEN,2026-08-15T13:22:13.515936Z
1290,11328,2026-07-17T15:28:30+00:00,,,Other,,,,,CAR 55 (SAI) TIME 1:50.713 DELETED - TRACK LIMITS AT TURN 19 LAP 8 17:24:08,2026-08-15T13:22:13.515936Z
1290,11328,2026-07-17T15:28:32+00:00,,,Other,,,,,CAR 55 (SAI) LAP DELETED - TRACK LIMITS AT TURN 19 (NEXT LAP PIT),2026-08-15T13:22:13.515936Z
1290,11328,2026-07-17T15:30:02+00:00,,,Other,,,,,CAR 16 (LEC) TIME 1:47.035 DELETED - TRACK LIMITS AT TURN 4 LAP 8 17:23:43,2026-08-15T13:22:13.515936Z
1290,11328,2026-07-17T15:30:18+00:00,,,Other,,,,,CAR 44 (HAM) TIME 1:48.642 DELETED - TRACK LIMITS AT TURN 18 LAP 3 17:04:49,2026-08-15T13:22:13.515936Z
1290,11328,2026-07-17T15:30:39+00:00,,,Other,,,,,CAR 23 (ALB) TIME 2:59.778 DELETED - TRACK LIMITS AT TURN 3 LAP 9 17:22:38,2026-08-15T13:22:13.515936Z
1290,11328,2026-07-17T15:31:40+00:00,,,Other,,,,,CAR 23 (ALB) LAP DELETED - TRACK LIMITS AT TURN 10 LAP 10 17:26:08 (PIT),2026-08-15T13:22:13.515936Z
1290,11328,2026-07-17T15:34:07+00:00,,,Other,,,,,CAR 10 (GAS) TIME 1:47.360 DELETED - TRACK LIMITS AT TURN 4 LAP 13 17:32:18,2026-08-15T13:22:13.515936Z
1290,11328,2026-07-17T15:45:07+00:00,,,Flag,DOUBLE YELLOW,Sector,14.0,,DOUBLE YELLOW IN TRACK SECTOR 14,2026-08-15T13:22:13.515936Z
1290,11328,2026-07-17T15:45:16.368000+00:00,,,SessionStatus,,,,,SESSION ABORTED,2026-08-15T13:22:13.515936Z
1290,11328,2026-07-17T15:45:16+00:00,,,Flag,RED,Track,,,RED FLAG,2026-08-15T13:22:13.515936Z
1290,11328,2026-07-17T15:45:16+00:00,,,Flag,CLEAR,Sector,14.0,,CLEAR IN TRACK SECTOR 14,2026-08-15T13:22:13.515936Z
1290,11328,2026-07-17T15:45:55+00:00,,,Flag,DOUBLE YELLOW,Sector,15.0,,DOUBLE YELLOW IN TRACK SECTOR 15,2026-08-15T13:22:13.515936Z
1290,11328,2026-07-17T15:46:07+00:00,,,Other,,,,,MEDICAL CAR DEPLOYED,2026-08-15T13:22:13.515936Z
1290,11328,2026-07-17T15:46:40+00:00,,,Flag,DOUBLE YELLOW,Sector,16.0,,DOUBLE YELLOW IN TRACK SECTOR 16,2026-08-15T13:22:13.515936Z
1290,11328,2026-07-17T15:46:52+00:00,,,Flag,DOUBLE YELLOW,Sector,14.0,,DOUBLE YELLOW IN TRACK SECTOR 14,2026-08-15T13:22:13.515936Z
1290,11328,2026-07-17T15:47:24+00:00,,,Other,,,,,CAR 43 (COL) LAP DELETED - TRACK LIMITS AT TURN 11 LAP 16 17:45:04 (PIT),2026-08-15T13:22:13.515936Z
1290,11328,2026-07-17T15:48:04+00:00,,,Flag,CLEAR,Sector,14.0,,CLEAR IN TRACK SECTOR 14,2026-08-15T13:22:13.515936Z
1290,11328,2026-07-17T15:48:05+00:00,,,Flag,CLEAR,Sector,15.0,,CLEAR IN TRACK SECTOR 15,2026-08-15T13:22:13.515936Z
1290,11328,2026-07-17T15:48:07+00:00,,,Flag,CLEAR,Sector,16.0,,CLEAR IN TRACK SECTOR 16,2026-08-15T13:22:13.515936Z
1290,11328,2026-07-17T15:48:20+00:00,,,Flag,CLEAR,Track,,,TRACK CLEAR,2026-08-15T13:22:13.515936Z
1290,11328,2026-07-17T15:48:26+00:00,,,Other,,,,,CAR 23 (ALB) LAP DELETED - TRACK LIMITS AT TURN 4 LAP 16 17:43:49 (PIT),2026-08-15T13:22:13.515936Z
1290,11328,2026-07-17T15:48:28+00:00,,,Other,,,,,OVERTAKE ENABLED,2026-08-15T13:22:13.515936Z
1290,11328,2026-07-17T15:48:38+00:00,,,Flag,DOUBLE YELLOW,Sector,16.0,,DOUBLE YELLOW IN TRACK SECTOR 16,2026-08-15T13:22:13.515936Z
1290,11328,2026-07-17T15:48:48+00:00,,,Flag,DOUBLE YELLOW,Sector,10.0,,DOUBLE YELLOW IN TRACK SECTOR 10,2026-08-15T13:22:13.515936Z
1290,11328,2026-07-17T15:49:49+00:00,,,Flag,CLEAR,Sector,16.0,,CLEAR IN TRACK SECTOR 16,2026-08-15T13:22:13.515936Z
1290,11328,2026-07-17T15:50:30+00:00,,,Flag,CLEAR,Sector,10.0,,CLEAR IN TRACK SECTOR 10,2026-08-15T13:22:13.515936Z
1290,11328,2026-07-17T15:50:36+00:00,,,Flag,DOUBLE YELLOW,Sector,15.0,,DOUBLE YELLOW IN TRACK SECTOR 15,2026-08-15T13:22:13.515936Z
1290,11328,2026-07-17T15:51:27+00:00,,,Flag,DOUBLE YELLOW,Sector,16.0,,DOUBLE YELLOW IN TRACK SECTOR 16,2026-08-15T13:22:13.515936Z
1290,11328,2026-07-17T15:51:28+00:00,,,Flag,DOUBLE YELLOW,Sector,13.0,,DOUBLE YELLOW IN TRACK SECTOR 13,2026-08-15T13:22:13.515936Z
1290,11328,2026-07-17T15:51:41+00:00,,,Flag,CLEAR,Sector,16.0,,CLEAR IN TRACK SECTOR 16,2026-08-15T13:22:13.515936Z
1290,11328,2026-07-17T15:51:42+00:00,,,Flag,DOUBLE YELLOW,Sector,14.0,,DOUBLE YELLOW IN TRACK SECTOR 14,2026-08-15T13:22:13.515936Z
1290,11328,2026-07-17T15:51:54+00:00,,,Flag,CLEAR,Sector,13.0,,CLEAR IN TRACK SECTOR 13,2026-08-15T13:22:13.515936Z
1290,11328,2026-07-17T15:52:19+00:00,,,Flag,YELLOW,Sector,13.0,,YELLOW IN TRACK SECTOR 13,2026-08-15T13:22:13.515936Z
1290,11328,2026-07-17T15:55:56+00:00,,,Flag,DOUBLE YELLOW,Sector,16.0,,DOUBLE YELLOW IN TRACK SECTOR 16,2026-08-15T13:22:13.515936Z
1290,11328,2026-07-17T15:56:10+00:00,,,Flag,CLEAR,Sector,15.0,,CLEAR IN TRACK SECTOR 15,2026-08-15T13:22:13.515936Z
1290,11328,2026-07-17T15:56:27+00:00,,,Flag,CLEAR,Sector,16.0,,CLEAR IN TRACK SECTOR 16,2026-08-15T13:22:13.515936Z
1290,11328,2026-07-17T15:56:34+00:00,,,Other,,,,,SESSION WILL RESUME AT 17:58,2026-08-15T13:22:13.515936Z
1290,11328,2026-07-17T15:56:56+00:00,,,Flag,CLEAR,Sector,14.0,,CLEAR IN TRACK SECTOR 14,2026-08-15T13:22:13.515936Z
1290,11328,2026-07-17T15:56:59+00:00,,,Other,,,,,TRACK SURFACE SLIPPERY IN TRACK SECTOR 14,2026-08-15T13:22:13.515936Z
1290,11328,2026-07-17T15:57:00+00:00,,,Flag,CLEAR,Sector,13.0,,CLEAR IN TRACK SECTOR 13,2026-08-15T13:22:13.515936Z
1290,11328,2026-07-17T15:57:04+00:00,,,Other,,,,,TRACK SURFACE SLIPPERY IN TRACK SECTOR 15,2026-08-15T13:22:13.515936Z
1290,11328,2026-07-17T15:58:00.051000+00:00,,,SessionStatus,,,,,SESSION STARTED,2026-08-15T13:22:13.515936Z
1290,11328,2026-07-17T15:58:00+00:00,,,Flag,GREEN,Track,,,GREEN LIGHT - PIT EXIT OPEN,2026-08-15T13:22:13.515936Z
1290,11328,2026-07-17T16:00:00.049000+00:00,,,SessionStatus,,,,,SESSION FINISHED,2026-08-15T13:22:13.515936Z
1290,11328,2026-07-17T16:00:00+00:00,,,Flag,CHEQUERED,Track,,,CHEQUERED FLAG,2026-08-15T13:22:13.515936Z
1290,11328,2026-07-17T16:00:11+00:00,,,Other,,,,,FIRST CAR TO TAKE THE FLAG - CAR 5 (BOR),2026-08-15T13:22:13.515936Z
1290,11328,2026-07-17T16:00:59+00:00,,,Flag,CLEAR,Sector,14.0,,CLEAR IN TRACK SECTOR 14,2026-08-15T13:22:13.515936Z
1290,11328,2026-07-17T16:01:04+00:00,,,Flag,CLEAR,Sector,15.0,,CLEAR IN TRACK SECTOR 15,2026-08-15T13:22:13.515936Z
1290,11328,2026-07-17T16:02:27+00:00,,,Other,,,,,CAR 87 (BEA) TIME 2:03.028 DELETED - TRACK LIMITS AT TURN 11 LAP 15 18:01:19,2026-08-15T13:22:13.515936Z
1290,11328,2026-07-17T16:10:33+00:00,,,Flag,DOUBLE YELLOW,Sector,7.0,,DOUBLE YELLOW IN TRACK SECTOR 7,2026-08-15T13:22:13.515936Z
1290,11328,2026-07-17T16:10:54+00:00,,,Flag,DOUBLE YELLOW,Sector,13.0,,DOUBLE YELLOW IN TRACK SECTOR 13,2026-08-15T13:22:13.515936Z
1290,11328,2026-07-17T16:11:05+00:00,,,Flag,CLEAR,Sector,7.0,,CLEAR IN TRACK SECTOR 7,2026-08-15T13:22:13.515936Z
1290,11328,2026-07-17T16:11:29+00:00,,,Flag,CLEAR,Sector,13.0,,CLEAR IN TRACK SECTOR 13,2026-08-15T13:22:13.515936Z
1290,11328,2026-07-17T16:11:29+00:00,,,Flag,DOUBLE YELLOW,Sector,14.0,,DOUBLE YELLOW IN TRACK SECTOR 14,2026-08-15T13:22:13.515936Z
1290,11328,2026-07-17T16:11:37+00:00,,,Flag,DOUBLE YELLOW,Sector,15.0,,DOUBLE YELLOW IN TRACK SECTOR 15,2026-08-15T13:22:13.515936Z
1290,11328,2026-07-17T16:11:44+00:00,,,Flag,CLEAR,Sector,14.0,,CLEAR IN TRACK SECTOR 14,2026-08-15T13:22:13.515936Z
1290,11328,2026-07-17T16:12:50+00:00,,,Flag,DOUBLE YELLOW,Sector,12.0,,DOUBLE YELLOW IN TRACK SECTOR 12,2026-08-15T13:22:13.515936Z
1290,11328,2026-07-17T16:13:16+00:00,,,Flag,DOUBLE YELLOW,Sector,13.0,,DOUBLE YELLOW IN TRACK SECTOR 13,2026-08-15T13:22:13.515936Z
1290,11328,2026-07-17T16:13:21+00:00,,,Flag,CLEAR,Sector,12.0,,CLEAR IN TRACK SECTOR 12,2026-08-15T13:22:13.515936Z
1290,11328,2026-07-17T16:13:33+00:00,,,Flag,DOUBLE YELLOW,Sector,16.0,,DOUBLE YELLOW IN TRACK SECTOR 16,2026-08-15T13:22:13.515936Z
1290,11328,2026-07-17T16:13:38+00:00,,,Flag,CLEAR,Sector,15.0,,CLEAR IN TRACK SECTOR 15,2026-08-15T13:22:13.515936Z
1290,11328,2026-07-17T16:13:45+00:00,,,Flag,CLEAR,Sector,13.0,,CLEAR IN TRACK SECTOR 13,2026-08-15T13:22:13.515936Z
1290,11328,2026-07-17T16:13:47+00:00,,,Flag,YELLOW,Sector,13.0,,YELLOW IN TRACK SECTOR 13,2026-08-15T13:22:13.515936Z
1290,11328,2026-07-17T16:13:56+00:00,,,Flag,CLEAR,Sector,13.0,,CLEAR IN TRACK SECTOR 13,2026-08-15T13:22:13.515936Z
1290,11328,2026-07-17T16:14:03+00:00,,,Flag,DOUBLE YELLOW,Sector,15.0,,DOUBLE YELLOW IN TRACK SECTOR 15,2026-08-15T13:22:13.515936Z
1290,11328,2026-07-17T16:30:00+00:00,,,Flag,GREEN,Track,,,GREEN LIGHT - PIT EXIT OPEN,2026-08-15T13:22:13.515936Z
1290,11329,2026-07-18T10:30:00.046000+00:00,,,SessionStatus,,,,,SESSION STARTED,2026-08-15T13:22:21.754858Z
1290,11329,2026-07-18T10:30:00+00:00,,,Flag,GREEN,Track,,,GREEN LIGHT - PIT EXIT OPEN,2026-08-15T13:22:21.754858Z
1290,11329,2026-07-18T10:43:29+00:00,,,Other,,,,,CAR 43 (COL) TIME 1:49.204 DELETED - TRACK LIMITS AT TURN 19 LAP 5 12:42:21,2026-08-15T13:22:21.754858Z
1290,11329,2026-07-18T10:43:57+00:00,,,Other,,,,,CAR 18 (STR) LAP DELETED - TRACK LIMITS AT TURN 4 LAP 2 12:42:05,2026-08-15T13:22:21.754858Z
1290,11329,2026-07-18T10:44:48+00:00,,,Other,,,,,CAR 43 (COL) LAP DELETED - TRACK LIMITS AT TURN 19 (NEXT LAP PIT),2026-08-15T13:22:21.754858Z
1290,11329,2026-07-18T10:53:56+00:00,,,Other,,,,,YELLOW IN PIT LANE,2026-08-15T13:22:21.754858Z
1290,11329,2026-07-18T10:57:28+00:00,,,Other,,,,,PIT LANE CLEAR,2026-08-15T13:22:21.754858Z
1290,11329,2026-07-18T11:01:22+00:00,,,Other,,,,,CAR 1 (NOR) TIME 1:49.368 DELETED - TRACK LIMITS AT TURN 4 LAP 11 12:58:25,2026-08-15T13:22:21.754858Z
1290,11329,2026-07-18T11:01:46+00:00,,,Other,,,,,CAR 16 (LEC) LAP DELETED - TRACK LIMITS AT TURN 4 LAP 8 12:58:44 (PIT),2026-08-15T13:22:21.754858Z
1290,11329,2026-07-18T11:02:06+00:00,,,Other,,,,,CAR 18 (STR) TIME 8:10.442 DELETED - TRACK LIMITS AT TURN 4 LAP 7 12:58:55,2026-08-15T13:22:21.754858Z
1290,11329,2026-07-18T11:03:13+00:00,,,Other,,,,,CAR 5 (BOR) TIME 1:49.659 DELETED - TRACK LIMITS AT TURN 4 LAP 10 12:59:54,2026-08-15T13:22:21.754858Z
1290,11329,2026-07-18T11:08:02+00:00,,,Other,,,,,CAR 18 (STR) LAP DELETED - TRACK LIMITS AT TURN 6 LAP 10 13:06:21 (PIT),2026-08-15T13:22:21.754858Z
1290,11329,2026-07-18T11:21:03+00:00,,,Other,,,,,CAR 30 (LAW) TIME 1:47.294 DELETED - TRACK LIMITS AT TURN 19 LAP 18 13:19:48,2026-08-15T13:22:21.754858Z
1290,11329,2026-07-18T11:22:12+00:00,,,Other,,,,,CAR 30 (LAW) LAP DELETED - TRACK LIMITS AT TURN 19 (NEXT LAP PIT),2026-08-15T13:22:21.754858Z
1290,11329,2026-07-18T11:22:23+00:00,,,Other,,,,,CAR 1 (NOR) TIME 1:47.449 DELETED - TRACK LIMITS AT TURN 4 LAP 18 13:20:47,2026-08-15T13:22:21.754858Z
1290,11329,2026-07-18T11:23:08+00:00,,,Other,,,,,CAR 6 (HAD) TIME 1:51.837 DELETED - TRACK LIMITS AT TURN 4 LAP 15 13:21:27,2026-08-15T13:22:21.754858Z
1290,11329,2026-07-18T11:24:45+00:00,,,Other,,,,,CAR 12 (ANT) TIME 2:30.236 DELETED - TRACK LIMITS AT TURN 19 LAP 9 13:20:18,2026-08-15T13:22:21.754858Z
1290,11329,2026-07-18T11:24:49+00:00,,,Other,,,,,CAR 12 (ANT) TIME 1:46.255 DELETED - TRACK LIMITS AT TURN 19 (NEXT LAP),2026-08-15T13:22:21.754858Z
1290,11329,2026-07-18T11:25:59+00:00,,,Other,,,,,CAR 87 (BEA) TIME 3:05.329 DELETED - TRACK LIMITS AT TURN 9 LAP 19 13:23:53,2026-08-15T13:22:21.754858Z
1290,11329,2026-07-18T11:27:06+00:00,,,Other,,,,,CAR 63 (RUS) TIME 2:29.187 DELETED - TRACK LIMITS AT TURN 4 LAP 12 13:24:27,2026-08-15T13:22:21.754858Z
1290,11329,2026-07-18T11:29:57+00:00,,,Other,,,,,CAR 18 (STR) LAP DELETED - TRACK LIMITS AT TURN 4 LAP 16 13:27:54 (PIT),2026-08-15T13:22:21.754858Z
1290,11329,2026-07-18T11:30:00.034000+00:00,,,SessionStatus,,,,,SESSION FINISHED,2026-08-15T13:22:21.754858Z
1290,11329,2026-07-18T11:30:00+00:00,,,Flag,CHEQUERED,Track,,,CHEQUERED FLAG,2026-08-15T13:22:21.754858Z
1290,11329,2026-07-18T11:30:01+00:00,,,Other,,,,,CAR 3 (VER) TIME 1:48.452 DELETED - TRACK LIMITS AT TURN 6 LAP 12 13:28:22,2026-08-15T13:22:21.754858Z
1290,11329,2026-07-18T11:30:05+00:00,,,Flag,DOUBLE YELLOW,Sector,14.0,,DOUBLE YELLOW IN TRACK SECTOR 14,2026-08-15T13:22:21.754858Z
1290,11329,2026-07-18T11:30:07+00:00,,,Flag,YELLOW,Sector,14.0,,YELLOW IN TRACK SECTOR 14,2026-08-15T13:22:21.754858Z
1290,11329,2026-07-18T11:30:14+00:00,,,Other,,,,,FIRST CAR TO TAKE THE FLAG - CAR 10 (GAS),2026-08-15T13:22:21.754858Z
1290,11329,2026-07-18T11:30:17+00:00,,,Flag,YELLOW,Sector,15.0,,YELLOW IN TRACK SECTOR 15,2026-08-15T13:22:21.754858Z
1290,11329,2026-07-18T11:30:19+00:00,,,Flag,DOUBLE YELLOW,Sector,14.0,,DOUBLE YELLOW IN TRACK SECTOR 14,2026-08-15T13:22:21.754858Z
1290,11329,2026-07-18T11:30:23+00:00,,,Flag,YELLOW,Sector,13.0,,YELLOW IN TRACK SECTOR 13,2026-08-15T13:22:21.754858Z
1290,11329,2026-07-18T11:30:27+00:00,,,Flag,CLEAR,Sector,15.0,,CLEAR IN TRACK SECTOR 15,2026-08-15T13:22:21.754858Z
1290,11329,2026-07-18T11:30:27+00:00,,,Flag,YELLOW,Sector,16.0,,YELLOW IN TRACK SECTOR 16,2026-08-15T13:22:21.754858Z
1290,11329,2026-07-18T11:30:32+00:00,,,Flag,YELLOW,Sector,14.0,,YELLOW IN TRACK SECTOR 14,2026-08-15T13:22:21.754858Z
1290,11329,2026-07-18T11:30:36+00:00,,,Flag,DOUBLE YELLOW,Sector,14.0,,DOUBLE YELLOW IN TRACK SECTOR 14,2026-08-15T13:22:21.754858Z
1290,11329,2026-07-18T11:30:39+00:00,,,Flag,DOUBLE YELLOW,Sector,15.0,,DOUBLE YELLOW IN TRACK SECTOR 15,2026-08-15T13:22:21.754858Z
1290,11329,2026-07-18T11:30:42+00:00,,,Flag,DOUBLE YELLOW,Sector,16.0,,DOUBLE YELLOW IN TRACK SECTOR 16,2026-08-15T13:22:21.754858Z
1290,11329,2026-07-18T11:31:29+00:00,,,Flag,DOUBLE YELLOW,Sector,13.0,,DOUBLE YELLOW IN TRACK SECTOR 13,2026-08-15T13:22:21.754858Z
1290,11329,2026-07-18T11:32:08+00:00,,,Other,,,,,CAR 81 (PIA) TIME 7:42.429 DELETED - TRACK LIMITS AT TURN 4 LAP 19 13:29:18,2026-08-15T13:22:21.754858Z
1290,11329,2026-07-18T11:33:33+00:00,,,Other,,,,,CAR 23 (ALB) TIME 2:03.744 DELETED - DOUBLE YELLOW AT TURN 14,2026-08-15T13:22:21.754858Z
1290,11329,2026-07-18T11:33:35+00:00,,,Other,,,,,CAR 5 (BOR) TIME 2:14.697 DELETED - DOUBLE YELLOW AT TURN 13,2026-08-15T13:22:21.754858Z
1290,11329,2026-07-18T11:33:38+00:00,,,Other,,,,,CAR 81 (PIA) TIME 7:42.429 DELETED - DOUBLE YELLOW AT TURN 13,2026-08-15T13:22:21.754858Z
1290,11329,2026-07-18T11:33:41+00:00,,,Other,,,,,CAR 31 (OCO) TIME 2:44.971 DELETED - DOUBLE YELLOW AT TURN 13,2026-08-15T13:22:21.754858Z
1290,11329,2026-07-18T11:34:19+00:00,,,Other,,,,,CAR 41 (LIN) TIME 2:45.787 DELETED - DOUBLE YELLOW AT TURN 13,2026-08-15T13:22:21.754858Z
1290,11329,2026-07-18T11:34:22+00:00,,,Other,,,,,CAR 16 (LEC) TIME 2:41.805 DELETED - DOUBLE YELLOW AT TURN 13,2026-08-15T13:22:21.754858Z
1290,11329,2026-07-18T11:34:24+00:00,,,Other,,,,,CAR 1 (NOR) TIME 7:49.200 DELETED - DOUBLE YELLOW AT TURN 13,2026-08-15T13:22:21.754858Z
1290,11329,2026-07-18T11:34:45+00:00,,,Other,,,,,CAR 3 (VER) TIME 2:38.258 DELETED - DOUBLE YELLOW AT TURN 13,2026-08-15T13:22:21.754858Z
1290,11329,2026-07-18T11:34:48+00:00,,,Other,,,,,CAR 77 (BOT) TIME 2:29.263 DELETED - DOUBLE YELLOW AT TURN 13,2026-08-15T13:22:21.754858Z
1290,11329,2026-07-18T11:34:50+00:00,,,Other,,,,,CAR 14 (ALO) TIME 5:16.409 DELETED - DOUBLE YELLOW AT TURN 13,2026-08-15T13:22:21.754858Z
1290,11329,2026-07-18T11:34:53+00:00,,,Other,,,,,CAR 87 (BEA) TIME 2:35.810 DELETED - DOUBLE YELLOW AT TURN 13,2026-08-15T13:22:21.754858Z
1290,11329,2026-07-18T11:34:56+00:00,,,Other,,,,,CAR 55 (SAI) TIME 2:47.225 DELETED - DOUBLE YELLOW AT TURN 13,2026-08-15T13:22:21.754858Z
1290,11329,2026-07-18T11:34:59+00:00,,,Other,,,,,CAR 12 (ANT) TIME 7:42.592 DELETED - DOUBLE YELLOW AT TURN 13,2026-08-15T13:22:21.754858Z
1290,11329,2026-07-18T11:38:32+00:00,,,Other,,,,,INCIDENT INVOLVING CAR 55 (SAI) NOTED - YELLOW FLAG INFRINGEMENT (13:33:51),2026-08-15T13:22:21.754858Z
1290,11329,2026-07-18T11:38:44+00:00,,,Flag,CLEAR,Sector,13.0,,CLEAR IN TRACK SECTOR 13,2026-08-15T13:22:21.754858Z
1290,11329,2026-07-18T11:38:46+00:00,,,Flag,CLEAR,Sector,14.0,,CLEAR IN TRACK SECTOR 14,2026-08-15T13:22:21.754858Z
1290,11329,2026-07-18T11:38:48+00:00,,,Flag,CLEAR,Sector,15.0,,CLEAR IN TRACK SECTOR 15,2026-08-15T13:22:21.754858Z
1290,11329,2026-07-18T11:38:49+00:00,,,Flag,CLEAR,Sector,16.0,,CLEAR IN TRACK SECTOR 16,2026-08-15T13:22:21.754858Z
1290,11329,2026-07-18T11:38:58+00:00,,,Flag,DOUBLE YELLOW,Sector,13.0,,DOUBLE YELLOW IN TRACK SECTOR 13,2026-08-15T13:22:21.754858Z
1290,11329,2026-07-18T11:39:17+00:00,,,Flag,DOUBLE YELLOW,Sector,15.0,,DOUBLE YELLOW IN TRACK SECTOR 15,2026-08-15T13:22:21.754858Z
1290,11329,2026-07-18T11:39:19+00:00,,,Flag,DOUBLE YELLOW,Sector,14.0,,DOUBLE YELLOW IN TRACK SECTOR 14,2026-08-15T13:22:21.754858Z
1290,11329,2026-07-18T11:39:22+00:00,,,Flag,CLEAR,Sector,13.0,,CLEAR IN TRACK SECTOR 13,2026-08-15T13:22:21.754858Z
1290,11329,2026-07-18T11:40:08+00:00,,,Flag,DOUBLE YELLOW,Sector,7.0,,DOUBLE YELLOW IN TRACK SECTOR 7,2026-08-15T13:22:21.754858Z
1290,11329,2026-07-18T11:40:51+00:00,,,Flag,CLEAR,Sector,15.0,,CLEAR IN TRACK SECTOR 15,2026-08-15T13:22:21.754858Z
1290,11329,2026-07-18T11:41:15+00:00,,,Flag,DOUBLE YELLOW,Sector,15.0,,DOUBLE YELLOW IN TRACK SECTOR 15,2026-08-15T13:22:21.754858Z
1290,11329,2026-07-18T11:41:17+00:00,,,Flag,DOUBLE YELLOW,Sector,16.0,,DOUBLE YELLOW IN TRACK SECTOR 16,2026-08-15T13:22:21.754858Z
1290,11329,2026-07-18T11:41:23+00:00,,,Flag,DOUBLE YELLOW,Sector,10.0,,DOUBLE YELLOW IN TRACK SECTOR 10,2026-08-15T13:22:21.754858Z
1290,11329,2026-07-18T11:41:44+00:00,,,Flag,DOUBLE YELLOW,Sector,4.0,,DOUBLE YELLOW IN TRACK SECTOR 4,2026-08-15T13:22:21.754858Z
1290,11329,2026-07-18T11:41:44+00:00,,,Flag,DOUBLE YELLOW,Sector,5.0,,DOUBLE YELLOW IN TRACK SECTOR 5,2026-08-15T13:22:21.754858Z
1290,11329,2026-07-18T11:42:17+00:00,,,Other,,,,,FIA STEWARDS: INCIDENT INVOLVING CAR 55 (SAI) WILL BE INVESTIGATED AFTER THE SESSION - YELLOW FLAG INFRINGEMENT (13:33:51),2026-08-15T13:22:21.754858Z
1290,11329,2026-07-18T11:42:25+00:00,,,Flag,CLEAR,Sector,14.0,,CLEAR IN TRACK SECTOR 14,2026-08-15T13:22:21.754858Z
1290,11329,2026-07-18T11:42:28+00:00,,,Flag,YELLOW,Sector,14.0,,YELLOW IN TRACK SECTOR 14,2026-08-15T13:22:21.754858Z
1290,11329,2026-07-18T11:42:30+00:00,,,Flag,CLEAR,Sector,4.0,,CLEAR IN TRACK SECTOR 4,2026-08-15T13:22:21.754858Z
1290,11329,2026-07-18T11:42:30+00:00,,,Flag,CLEAR,Sector,5.0,,CLEAR IN TRACK SECTOR 5,2026-08-15T13:22:21.754858Z
1290,11329,2026-07-18T11:42:58+00:00,,,Flag,CLEAR,Sector,15.0,,CLEAR IN TRACK SECTOR 15,2026-08-15T13:22:21.754858Z
1290,11329,2026-07-18T11:43:22+00:00,,,Flag,CLEAR,Sector,10.0,,CLEAR IN TRACK SECTOR 10,2026-08-15T13:22:21.754858Z
1290,11329,2026-07-18T11:43:23+00:00,,,Flag,DOUBLE YELLOW,Sector,15.0,,DOUBLE YELLOW IN TRACK SECTOR 15,2026-08-15T13:22:21.754858Z
1290,11329,2026-07-18T11:43:35+00:00,,,Flag,DOUBLE YELLOW,Sector,11.0,,DOUBLE YELLOW IN TRACK SECTOR 11,2026-08-15T13:22:21.754858Z
1290,11329,2026-07-18T11:43:44+00:00,,,Flag,CLEAR,Sector,15.0,,CLEAR IN TRACK SECTOR 15,2026-08-15T13:22:21.754858Z
1290,11329,2026-07-18T11:43:56+00:00,,,Flag,DOUBLE YELLOW,Sector,12.0,,DOUBLE YELLOW IN TRACK SECTOR 12,2026-08-15T13:22:21.754858Z
1290,11329,2026-07-18T11:43:58+00:00,,,Flag,CLEAR,Sector,7.0,,CLEAR IN TRACK SECTOR 7,2026-08-15T13:22:21.754858Z
1290,11329,2026-07-18T11:44:01+00:00,,,Flag,CLEAR,Sector,11.0,,CLEAR IN TRACK SECTOR 11,2026-08-15T13:22:21.754858Z
1290,11329,2026-07-18T11:44:26+00:00,,,Flag,DOUBLE YELLOW,Sector,13.0,,DOUBLE YELLOW IN TRACK SECTOR 13,2026-08-15T13:22:21.754858Z
1290,11329,2026-07-18T11:44:28+00:00,,,Flag,CLEAR,Sector,12.0,,CLEAR IN TRACK SECTOR 12,2026-08-15T13:22:21.754858Z
1290,11330,2026-07-18T14:00:00.036000+00:00,,,SessionStatus,,,,1.0,SESSION STARTED,2026-08-15T13:22:28.874260Z
1290,11330,2026-07-18T14:00:00+00:00,,,Flag,GREEN,Track,,1.0,GREEN LIGHT - PIT EXIT OPEN,2026-08-15T13:22:28.874260Z
1290,11330,2026-07-18T14:18:00.032000+00:00,,,SessionStatus,,,,1.0,SESSION FINISHED,2026-08-15T13:22:28.874260Z
1290,11330,2026-07-18T14:18:00+00:00,,,Flag,CHEQUERED,Track,,1.0,CHEQUERED FLAG,2026-08-15T13:22:28.874260Z
1290,11330,2026-07-18T14:18:10+00:00,,,Other,,,,,FIRST CAR TO TAKE THE FLAG - CAR 44 (HAM),2026-08-15T13:22:28.874260Z
1290,11330,2026-07-18T14:25:00.071000+00:00,,,SessionStatus,,,,2.0,SESSION STARTED,2026-08-15T13:22:28.874260Z
1290,11330,2026-07-18T14:25:00+00:00,,,Flag,GREEN,Track,,2.0,GREEN LIGHT - PIT EXIT OPEN,2026-08-15T13:22:28.874260Z
1290,11330,2026-07-18T14:39:54+00:00,,,Other,,,,,TRACK SURFACE SLIPPERY IN TRACK SECTOR 15,2026-08-15T13:22:28.874260Z
1290,11330,2026-07-18T14:40:00.044000+00:00,,,SessionStatus,,,,2.0,SESSION FINISHED,2026-08-15T13:22:28.874260Z
1290,11330,2026-07-18T14:40:00+00:00,,,Flag,CHEQUERED,Track,,2.0,CHEQUERED FLAG,2026-08-15T13:22:28.874260Z
1290,11330,2026-07-18T14:40:05+00:00,,,Flag,CLEAR,Sector,15.0,2.0,CLEAR IN TRACK SECTOR 15,2026-08-15T13:22:28.874260Z
1290,11330,2026-07-18T14:40:09+00:00,,,Other,,,,,FIRST CAR TO TAKE THE FLAG - CAR 55 (SAI),2026-08-15T13:22:28.874260Z
1290,11330,2026-07-18T14:41:53+00:00,,,Flag,DOUBLE YELLOW,Sector,11.0,2.0,DOUBLE YELLOW IN TRACK SECTOR 11,2026-08-15T13:22:28.874260Z
1290,11330,2026-07-18T14:41:57+00:00,,,Flag,YELLOW,Sector,10.0,2.0,YELLOW IN TRACK SECTOR 10,2026-08-15T13:22:28.874260Z
1290,11330,2026-07-18T14:42:23+00:00,,,Other,,,,,START OF Q3 WILL BE DELAYED,2026-08-15T13:22:28.874260Z
1290,11330,2026-07-18T14:43:04+00:00,,,Flag,CLEAR,Sector,10.0,2.0,CLEAR IN TRACK SECTOR 10,2026-08-15T13:22:28.874260Z
1290,11330,2026-07-18T14:43:10+00:00,,,Flag,DOUBLE YELLOW,Sector,13.0,2.0,DOUBLE YELLOW IN TRACK SECTOR 13,2026-08-15T13:22:28.874260Z
1290,11330,2026-07-18T14:43:23+00:00,,,Flag,DOUBLE YELLOW,Sector,14.0,2.0,DOUBLE YELLOW IN TRACK SECTOR 14,2026-08-15T13:22:28.874260Z
1290,11330,2026-07-18T14:43:27+00:00,,,Flag,CLEAR,Sector,11.0,2.0,CLEAR IN TRACK SECTOR 11,2026-08-15T13:22:28.874260Z
1290,11330,2026-07-18T14:43:40+00:00,,,Flag,CLEAR,Sector,13.0,2.0,CLEAR IN TRACK SECTOR 13,2026-08-15T13:22:28.874260Z
1290,11330,2026-07-18T14:43:51+00:00,,,Flag,CLEAR,Sector,14.0,2.0,CLEAR IN TRACK SECTOR 14,2026-08-15T13:22:28.874260Z
1290,11330,2026-07-18T14:43:53+00:00,,,Flag,DOUBLE YELLOW,Sector,15.0,2.0,DOUBLE YELLOW IN TRACK SECTOR 15,2026-08-15T13:22:28.874260Z
1290,11330,2026-07-18T14:44:50+00:00,,,Flag,DOUBLE YELLOW,Sector,16.0,2.0,DOUBLE YELLOW IN TRACK SECTOR 16,2026-08-15T13:22:28.874260Z
1290,11330,2026-07-18T14:45:00+00:00,,,Flag,CLEAR,Sector,15.0,2.0,CLEAR IN TRACK SECTOR 15,2026-08-15T13:22:28.874260Z
1290,11330,2026-07-18T14:45:24+00:00,,,Flag,CLEAR,Sector,16.0,2.0,CLEAR IN TRACK SECTOR 16,2026-08-15T13:22:28.874260Z
1290,11330,2026-07-18T14:45:34+00:00,,,Other,,,,,Q3 WILL START AT 16:50,2026-08-15T13:22:28.874260Z
1290,11330,2026-07-18T14:50:00.032000+00:00,,,SessionStatus,,,,3.0,SESSION STARTED,2026-08-15T13:22:28.874260Z
1290,11330,2026-07-18T14:50:00+00:00,,,Flag,GREEN,Track,,3.0,GREEN LIGHT - PIT EXIT OPEN,2026-08-15T13:22:28.874260Z
1290,11330,2026-07-18T14:56:54.534000+00:00,,,SessionStatus,,,,3.0,SESSION ABORTED,2026-08-15T13:22:28.874260Z
1290,11330,2026-07-18T14:56:55+00:00,,,Flag,RED,Track,,3.0,RED FLAG,2026-08-15T13:22:28.874260Z
1290,11330,2026-07-18T14:57:26+00:00,,,Flag,CLEAR,Track,,3.0,TRACK CLEAR,2026-08-15T13:22:28.874260Z
1290,11330,2026-07-18T14:57:28+00:00,,,Other,,,,,OVERTAKE ENABLED,2026-08-15T13:22:28.874260Z
1290,11330,2026-07-18T14:57:39+00:00,,,Flag,DOUBLE YELLOW,Sector,13.0,3.0,DOUBLE YELLOW IN TRACK SECTOR 13,2026-08-15T13:22:28.874260Z
1290,11330,2026-07-18T14:58:00+00:00,,,Flag,DOUBLE YELLOW,Sector,14.0,3.0,DOUBLE YELLOW IN TRACK SECTOR 14,2026-08-15T13:22:28.874260Z
1290,11330,2026-07-18T14:58:00+00:00,,,Flag,DOUBLE YELLOW,Sector,15.0,3.0,DOUBLE YELLOW IN TRACK SECTOR 15,2026-08-15T13:22:28.874260Z
1290,11330,2026-07-18T14:58:02+00:00,,,Flag,CLEAR,Sector,13.0,3.0,CLEAR IN TRACK SECTOR 13,2026-08-15T13:22:28.874260Z
1290,11330,2026-07-18T14:58:17+00:00,,,Flag,CLEAR,Sector,14.0,3.0,CLEAR IN TRACK SECTOR 14,2026-08-15T13:22:28.874260Z
1290,11330,2026-07-18T14:58:19+00:00,,,Flag,DOUBLE YELLOW,Sector,16.0,3.0,DOUBLE YELLOW IN TRACK SECTOR 16,2026-08-15T13:22:28.874260Z
1290,11330,2026-07-18T14:58:22+00:00,,,Flag,CLEAR,Sector,16.0,3.0,CLEAR IN TRACK SECTOR 16,2026-08-15T13:22:28.874260Z
1290,11330,2026-07-18T14:58:24+00:00,,,Flag,DOUBLE YELLOW,Sector,16.0,3.0,DOUBLE YELLOW IN TRACK SECTOR 16,2026-08-15T13:22:28.874260Z
1290,11330,2026-07-18T14:59:47+00:00,,,Flag,CLEAR,Sector,15.0,3.0,CLEAR IN TRACK SECTOR 15,2026-08-15T13:22:28.874260Z
1290,11330,2026-07-18T14:59:59+00:00,,,Flag,CLEAR,Sector,16.0,3.0,CLEAR IN TRACK SECTOR 16,2026-08-15T13:22:28.874260Z
1290,11330,2026-07-18T15:00:16+00:00,,,Other,,,,,Q3 WILL RESUME AT 17:04,2026-08-15T13:22:28.874260Z
1290,11330,2026-07-18T15:04:00.054000+00:00,,,SessionStatus,,,,3.0,SESSION STARTED,2026-08-15T13:22:28.874260Z
1290,11330,2026-07-18T15:04:00+00:00,,,Flag,GREEN,Track,,3.0,GREEN LIGHT - PIT EXIT OPEN,2026-08-15T13:22:28.874260Z
1290,11330,2026-07-18T15:10:06.058000+00:00,,,SessionStatus,,,,3.0,SESSION FINISHED,2026-08-15T13:22:28.874260Z
1290,11330,2026-07-18T15:10:06+00:00,,,Flag,CHEQUERED,Track,,3.0,CHEQUERED FLAG,2026-08-15T13:22:28.874260Z
1290,11330,2026-07-18T15:10:15+00:00,,,Other,,,,,FIRST CAR TO TAKE THE FLAG - CAR 44 (HAM),2026-08-15T13:22:28.874260Z
1290,11330,2026-07-18T15:14:42+00:00,,,Flag,DOUBLE YELLOW,Sector,13.0,3.0,DOUBLE YELLOW IN TRACK SECTOR 13,2026-08-15T13:22:28.874260Z
1290,11330,2026-07-18T15:14:52+00:00,,,Flag,YELLOW,Sector,4.0,3.0,YELLOW IN TRACK SECTOR 4,2026-08-15T13:22:28.874260Z
1290,11330,2026-07-18T15:14:52+00:00,,,Flag,YELLOW,Sector,5.0,3.0,YELLOW IN TRACK SECTOR 5,2026-08-15T13:22:28.874260Z
1290,11330,2026-07-18T15:15:06+00:00,,,Flag,CLEAR,Sector,13.0,3.0,CLEAR IN TRACK SECTOR 13,2026-08-15T13:22:28.874260Z
1290,11330,2026-07-18T15:15:35+00:00,,,Flag,DOUBLE YELLOW,Sector,10.0,3.0,DOUBLE YELLOW IN TRACK SECTOR 10,2026-08-15T13:22:28.874260Z
1290,11330,2026-07-18T15:16:17+00:00,,,Flag,DOUBLE YELLOW,Sector,16.0,3.0,DOUBLE YELLOW IN TRACK SECTOR 16,2026-08-15T13:22:28.874260Z
1290,11330,2026-07-18T15:16:24+00:00,,,Flag,DOUBLE YELLOW,Sector,15.0,3.0,DOUBLE YELLOW IN TRACK SECTOR 15,2026-08-15T13:22:28.874260Z
1290,11330,2026-07-18T15:17:14+00:00,,,Flag,CLEAR,Sector,4.0,3.0,CLEAR IN TRACK SECTOR 4,2026-08-15T13:22:28.874260Z
1290,11330,2026-07-18T15:17:14+00:00,,,Flag,CLEAR,Sector,5.0,3.0,CLEAR IN TRACK SECTOR 5,2026-08-15T13:22:28.874260Z
1290,11330,2026-07-18T15:17:15+00:00,,,Flag,CLEAR,Sector,10.0,3.0,CLEAR IN TRACK SECTOR 10,2026-08-15T13:22:28.874260Z
1290,11330,2026-07-18T15:17:36+00:00,,,Flag,YELLOW,Sector,16.0,3.0,YELLOW IN TRACK SECTOR 16,2026-08-15T13:22:28.874260Z
1290,11330,2026-07-18T15:17:41+00:00,,,Flag,DOUBLE YELLOW,Sector,11.0,3.0,DOUBLE YELLOW IN TRACK SECTOR 11,2026-08-15T13:22:28.874260Z
1290,11330,2026-07-18T15:17:42+00:00,,,Flag,CLEAR,Sector,16.0,3.0,CLEAR IN TRACK SECTOR 16,2026-08-15T13:22:28.874260Z
1290,11330,2026-07-18T15:17:48+00:00,,,Flag,CLEAR,Sector,15.0,3.0,CLEAR IN TRACK SECTOR 15,2026-08-15T13:22:28.874260Z
1290,11330,2026-07-18T15:17:50+00:00,,,Flag,CLEAR,Sector,11.0,3.0,CLEAR IN TRACK SECTOR 11,2026-08-15T13:22:28.874260Z
1290,11330,2026-07-18T15:18:21+00:00,,,Flag,DOUBLE YELLOW,Sector,13.0,3.0,DOUBLE YELLOW IN TRACK SECTOR 13,2026-08-15T13:22:28.874260Z
1290,11330,2026-07-18T15:18:47+00:00,,,Flag,CLEAR,Sector,13.0,3.0,CLEAR IN TRACK SECTOR 13,2026-08-15T13:22:28.874260Z
1291,11342,2026-07-26T12:20:00+00:00,,1,Flag,GREEN,Track,,,GREEN LIGHT - PIT EXIT OPEN,2026-08-15T13:25:22.254461Z
1291,11342,2026-07-26T12:24:07+00:00,,1,Flag,YELLOW,Sector,19.0,,YELLOW IN TRACK SECTOR 19,2026-08-15T13:25:22.254461Z
1291,11342,2026-07-26T12:30:00+00:00,,1,Other,,,,,PIT EXIT CLOSED,2026-08-15T13:25:22.254461Z
1291,11342,2026-07-26T12:30:47+00:00,,1,Flag,CLEAR,Sector,19.0,,CLEAR IN TRACK SECTOR 19,2026-08-15T13:25:22.254461Z
1291,11342,2026-07-26T12:45:29+00:00,,1,Other,,,,,RISK OF RAIN FOR THE F1 RACE IS 20%,2026-08-15T13:25:22.254461Z
1291,11342,2026-07-26T12:57:04+00:00,,1,Other,,,,,OVERTAKE DISABLED,2026-08-15T13:25:22.254461Z
1291,11342,2026-07-26T13:03:18.360000+00:00,,1,SessionStatus,,,,,SESSION STARTED,2026-08-15T13:25:22.254461Z
1291,11342,2026-07-26T13:03:18+00:00,,1,Flag,GREEN,Track,,,GREEN LIGHT - PIT EXIT OPEN,2026-08-15T13:25:22.254461Z
1291,11342,2026-07-26T13:04:39+00:00,,1,Other,,,,,OVERTAKE ENABLED,2026-08-15T13:25:22.254461Z
1291,11342,2026-07-26T13:05:05+00:00,,2,Other,,,,,CAR 43 (COL) LAP DELETED - TRACK LIMITS AT TURN 4 LAP 1 15:03:59,2026-08-15T13:25:22.254461Z
1291,11342,2026-07-26T13:07:39+00:00,,3,Other,,,,,TURN 3 INCIDENT INVOLVING CARS 14 (ALO) AND 87 (BEA) NOTED - FORCING ANOTHER DRIVER OFF THE TRACK (15:03:49),2026-08-15T13:25:22.254461Z
1291,11342,2026-07-26T13:07:56+00:00,,4,Other,,,,,CAR 31 (OCO) LAP DELETED - TRACK LIMITS AT TURN 1 LAP 1 15:03:36,2026-08-15T13:25:22.254461Z
1291,11342,2026-07-26T13:08:15+00:00,,4,Other,,,,,CAR 18 (STR) LAP DELETED - TRACK LIMITS AT TURN 14 LAP 1 15:04:56,2026-08-15T13:25:22.254461Z
1291,11342,2026-07-26T13:08:24+00:00,,4,Other,,,,,FIA STEWARDS: TURN 3 INCIDENT INVOLVING CARS 14 (ALO) AND 87 (BEA) REVIEWED NO FURTHER INVESTIGATION - FORCING ANOTHER DRIVER OFF THE TRACK (15:03:49),2026-08-15T13:25:22.254461Z
1291,11342,2026-07-26T13:12:40+00:00,,7,Other,,,,,INCIDENT INVOLVING CAR 11 (PER) NOTED - STARTING PROCEDURE INFRINGEMENT (15:02:39),2026-08-15T13:25:22.254461Z
1291,11342,2026-07-26T13:14:02+00:00,,8,Other,,,,,FIA STEWARDS: INCIDENT INVOLVING CAR 11 (PER) WILL BE INVESTIGATED AFTER THE RACE - STARTING PROCEDURE INFRINGEMENT (15:02:39),2026-08-15T13:25:22.254461Z
1291,11342,2026-07-26T13:15:08+00:00,87.0,9,Flag,BLUE,Driver,,,WAVED BLUE FLAG FOR CAR 87 (BEA) TIMED AT 15:15:07,2026-08-15T13:25:22.254461Z
1291,11342,2026-07-26T13:15:12+00:00,18.0,9,Flag,BLUE,Driver,,,WAVED BLUE FLAG FOR CAR 18 (STR) TIMED AT 15:15:11,2026-08-15T13:25:22.254461Z
1291,11342,2026-07-26T13:15:19+00:00,77.0,9,Flag,BLUE,Driver,,,WAVED BLUE FLAG FOR CAR 77 (BOT) TIMED AT 15:15:18,2026-08-15T13:25:22.254461Z
1291,11342,2026-07-26T13:18:07+00:00,14.0,11,Flag,BLUE,Driver,,,WAVED BLUE FLAG FOR CAR 14 (ALO) TIMED AT 15:18:07,2026-08-15T13:25:22.254461Z
1291,11342,2026-07-26T13:19:25+00:00,55.0,12,Flag,BLUE,Driver,,,WAVED BLUE FLAG FOR CAR 55 (SAI) TIMED AT 15:19:25,2026-08-15T13:25:22.254461Z
1291,11342,2026-07-26T13:19:27+00:00,63.0,12,Flag,BLUE,Driver,,,WAVED BLUE FLAG FOR CAR 63 (RUS) TIMED AT 15:19:27,2026-08-15T13:25:22.254461Z
1291,11342,2026-07-26T13:19:31+00:00,11.0,12,Flag,BLUE,Driver,,,WAVED BLUE FLAG FOR CAR 11 (PER) TIMED AT 15:19:30,2026-08-15T13:25:22.254461Z
1291,11342,2026-07-26T13:19:34+00:00,43.0,12,Flag,BLUE,Driver,,,WAVED BLUE FLAG FOR CAR 43 (COL) TIMED AT 15:19:33,2026-08-15T13:25:22.254461Z
1291,11342,2026-07-26T13:21:51+00:00,,13,Other,,,,,CAR 23 (ALB) TIME 1:31.197 DELETED - TRACK LIMITS AT TURN 4 LAP 12 15:20:18,2026-08-15T13:25:22.254461Z
1291,11342,2026-07-26T13:25:19+00:00,,16,Other,,,,,CAR 43 (COL) TIME 1:29.139 DELETED - TRACK LIMITS AT TURN 4 LAP 14 15:23:06,2026-08-15T13:25:22.254461Z
1291,11342,2026-07-26T13:25:23+00:00,,16,Other,,,,,YELLOW IN PIT LANE,2026-08-15T13:25:22.254461Z
1291,11342,2026-07-26T13:27:10+00:00,,17,Other,,,,,PIT LANE CLEAR,2026-08-15T13:25:22.254461Z
1291,11342,2026-07-26T13:30:57+00:00,,20,Other,,,,,CAR 23 (ALB) TIME 1:28.500 DELETED - TRACK LIMITS AT TURN 7 LAP 15 15:24:59,2026-08-15T13:25:22.254461Z
1291,11342,2026-07-26T13:33:18+00:00,,21,Other,,,,,CAR 23 (ALB) TIME 1:28.309 DELETED - TRACK LIMITS AT TURN 7 LAP 16 15:26:28,2026-08-15T13:25:22.254461Z
1291,11342,2026-07-26T13:34:12+00:00,,22,Other,,,,,CAR 41 (LIN) TIME 1:27.760 DELETED - TRACK LIMITS AT TURN 7 LAP 17 15:27:28,2026-08-15T13:25:22.254461Z
1291,11342,2026-07-26T13:35:33+00:00,30.0,23,Flag,BLUE,Driver,,,WAVED BLUE FLAG FOR CAR 30 (LAW) TIMED AT 15:35:33,2026-08-15T13:25:22.254461Z
1291,11342,2026-07-26T13:35:58+00:00,,23,Other,,,,,CAR 12 (ANT) TIME 1:25.632 DELETED - TRACK LIMITS AT TURN 7 LAP 19 15:29:56,2026-08-15T13:25:22.254461Z
1291,11342,2026-07-26T13:36:03+00:00,11.0,23,Flag,BLUE,Driver,,,WAVED BLUE FLAG FOR CAR 11 (PER) TIMED AT 15:36:02,2026-08-15T13:25:22.254461Z
1291,11342,2026-07-26T13:36:56+00:00,11.0,24,Flag,BLUE,Driver,,,WAVED BLUE FLAG FOR CAR 11 (PER) TIMED AT 15:36:56,2026-08-15T13:25:22.254461Z
1291,11342,2026-07-26T13:40:29+00:00,,26,Other,,,,,CAR 12 (ANT) TIME 1:24.119 DELETED - TRACK LIMITS AT TURN 7 LAP 24 15:37:25,2026-08-15T13:25:22.254461Z
1291,11342,2026-07-26T13:43:08+00:00,,28,Other,,,,,CAR 14 (ALO) TIME 1:29.776 DELETED - TRACK LIMITS AT TURN 13 LAP 26 15:41:25,2026-08-15T13:25:22.254461Z
1291,11342,2026-07-26T13:45:09+00:00,,30,Other,,,,,CAR 1 (NOR) TIME 1:26.546 DELETED - TRACK LIMITS AT TURN 4 LAP 29 15:44:06,2026-08-15T13:25:22.254461Z
1291,11342,2026-07-26T13:58:37+00:00,,39,Flag,YELLOW,Sector,5.0,,YELLOW IN TRACK SECTOR 5,2026-08-15T13:25:22.254461Z
1291,11342,2026-07-26T13:58:40+00:00,,39,Flag,CLEAR,Sector,5.0,,CLEAR IN TRACK SECTOR 5,2026-08-15T13:25:22.254461Z
1291,11342,2026-07-26T13:58:52+00:00,,39,Other,,,,,TURN 2 INCIDENT INVOLVING CARS 55 (SAI) AND 81 (PIA) NOTED - CAUSING A COLLISION (15:57:04),2026-08-15T13:25:22.254461Z
1291,11342,2026-07-26T14:00:02+00:00,,40,Other,,,,,CAR 87 (BEA) TIME 1:36.300 DELETED - TRACK LIMITS AT TURN 2 LAP 38 15:58:36,2026-08-15T13:25:22.254461Z
1291,11342,2026-07-26T14:00:09+00:00,,40,Other,,,,,FIA STEWARDS: TURN 2 INCIDENT INVOLVING CARS 55 (SAI) AND 81 (PIA) UNDER INVESTIGATION - CAUSING A COLLISION (15:57:04),2026-08-15T13:25:22.254461Z
1291,11342,2026-07-26T14:01:45+00:00,,41,Other,,,,,CAR 5 (BOR) TIME 1:25.890 DELETED - TRACK LIMITS AT TURN 7 LAP 38 15:58:22,2026-08-15T13:25:22.254461Z
1291,11342,2026-07-26T14:02:24+00:00,,42,Other,,,,,CAR 10 (GAS) TIME 1:29.252 DELETED - TRACK LIMITS AT TURN 7 LAP 38 15:58:23,2026-08-15T13:25:22.254461Z
1291,11342,2026-07-26T14:05:56+00:00,,44,Other,,,,,INCIDENT INVOLVING CAR 16 (LEC) NOTED - YELLOW FLAG INFRINGEMENT (15:58:37),2026-08-15T13:25:22.254461Z
1291,11342,2026-07-26T14:06:18+00:00,,44,Other,,,,,FIA STEWARDS: 5 SECOND TIME PENALTY FOR CAR 55 (SAI) - CAUSING A COLLISION (15:57:04),2026-08-15T13:25:22.254461Z
1291,11342,2026-07-26T14:08:29+00:00,,46,Other,,,,,CAR 55 (SAI) LAP DELETED - TRACK LIMITS AT TURN 4 LAP 43 16:06:05 (PIT),2026-08-15T13:25:22.254461Z
1291,11342,2026-07-26T14:08:31+00:00,,46,Other,,,,,CAR 55 (SAI) LAP DELETED - TRACK LIMITS AT TURN 7 LAP 43 16:06:18 (PIT),2026-08-15T13:25:22.254461Z
1291,11342,2026-07-26T14:09:19+00:00,,47,Other,,,,,INCIDENT INVOLVING CAR 87 (BEA) NOTED - IGNORING BLUE FLAGS (16:01:22),2026-08-15T13:25:22.254461Z
1291,11342,2026-07-26T14:13:06+00:00,,49,Other,,,,,FIA STEWARDS: INCIDENT INVOLVING CAR 16 (LEC) UNDER INVESTIGATION - YELLOW FLAG INFRINGEMENT (15:58:37),2026-08-15T13:25:22.254461Z
1291,11342,2026-07-26T14:13:56+00:00,,50,Other,,,,,INCIDENT INVOLVING CAR 18 (STR) NOTED - YELLOW FLAG INFRINGEMENT (15:58:36),2026-08-15T13:25:22.254461Z
1291,11342,2026-07-26T14:14:08+00:00,,50,Other,,,,,FIA STEWARDS: PENALTY SERVED - 5 SECOND TIME PENALTY FOR CAR 55 (SAI) - CAUSING A COLLISION (15:57:04),2026-08-15T13:25:22.254461Z
1291,11342,2026-07-26T14:14:15+00:00,,50,Other,,,,,FIA STEWARDS: INCIDENT INVOLVING CAR 16 (LEC) NO FURTHER ACTION - YELLOW FLAG INFRINGEMENT (15:58:37),2026-08-15T13:25:22.254461Z
1291,11342,2026-07-26T14:14:39+00:00,,50,Flag,YELLOW,Sector,8.0,,YELLOW IN TRACK SECTOR 8,2026-08-15T13:25:22.254461Z
1291,11342,2026-07-26T14:14:39+00:00,,50,Flag,YELLOW,Sector,9.0,,YELLOW IN TRACK SECTOR 9,2026-08-15T13:25:22.254461Z
1291,11342,2026-07-26T14:14:41+00:00,,50,Flag,CLEAR,Sector,8.0,,CLEAR IN TRACK SECTOR 8,2026-08-15T13:25:22.254461Z
1291,11342,2026-07-26T14:14:41+00:00,,50,Flag,CLEAR,Sector,9.0,,CLEAR IN TRACK SECTOR 9,2026-08-15T13:25:22.254461Z
1291,11342,2026-07-26T14:16:24+00:00,,52,Other,,,,,CAR 11 (PER) LAP DELETED - TRACK LIMITS AT TURN 5 LAP 48 16:14:37 (PIT),2026-08-15T13:25:22.254461Z
1291,11342,2026-07-26T14:16:45+00:00,,52,Other,,,,,CAR 11 (PER) LAP DELETED - TRACK LIMITS AT TURN 13 LAP 48 16:15:52 (PIT),2026-08-15T13:25:22.254461Z
1291,11342,2026-07-26T14:22:29+00:00,,56,Other,,,,,FIA STEWARDS: INCIDENT INVOLVING CAR 18 (STR) REVIEWED NO FURTHER INVESTIGATION - YELLOW FLAG INFRINGEMENT (15:58:36),2026-08-15T13:25:22.254461Z
1291,11342,2026-07-26T14:22:41+00:00,,56,Flag,YELLOW,Sector,6.0,,YELLOW IN TRACK SECTOR 6,2026-08-15T13:25:22.254461Z
1291,11342,2026-07-26T14:22:55+00:00,,56,SafetyCar,,,,,VSC DEPLOYED,2026-08-15T13:25:22.254461Z
1291,11342,2026-07-26T14:23:03+00:00,,56,Flag,DOUBLE YELLOW,Sector,6.0,,DOUBLE YELLOW IN TRACK SECTOR 6,2026-08-15T13:25:22.254461Z
1291,11342,2026-07-26T14:23:12+00:00,,56,Other,,,,,MARSHALS ON TRACK AT TURN 3,2026-08-15T13:25:22.254461Z
1291,11342,2026-07-26T14:23:14+00:00,,56,Flag,DOUBLE YELLOW,Sector,6.0,,DOUBLE YELLOW IN TRACK SECTOR 6,2026-08-15T13:25:22.254461Z
1291,11342,2026-07-26T14:24:13+00:00,,57,SafetyCar,,,,,VSC ENDING,2026-08-15T13:25:22.254461Z
1291,11342,2026-07-26T14:24:15+00:00,,57,Flag,CLEAR,Sector,6.0,,CLEAR IN TRACK SECTOR 6,2026-08-15T13:25:22.254461Z
1291,11342,2026-07-26T14:24:24+00:00,,57,Flag,CLEAR,Track,,,TRACK CLEAR,2026-08-15T13:25:22.254461Z
1291,11342,2026-07-26T14:25:11+00:00,,57,Other,,,,,FIA STEWARDS: INCIDENT INVOLVING CAR 87 (BEA) UNDER INVESTIGATION - IGNORING BLUE FLAGS (16:01:22),2026-08-15T13:25:22.254461Z
1291,11342,2026-07-26T14:25:36+00:00,,58,Other,,,,,FIA STEWARDS: 5 SECOND TIME PENALTY FOR CAR 87 (BEA) - IGNORING BLUE FLAGS (16:01:22),2026-08-15T13:25:22.254461Z
1291,11342,2026-07-26T14:30:01+00:00,,61,Other,,,,,INCIDENT INVOLVING CAR 44 (HAM) NOTED - SPEEDING IN THE PIT LANE,2026-08-15T13:25:22.254461Z
1291,11342,2026-07-26T14:30:45+00:00,,61,Other,,,,,CAR 1 (NOR) TIME 1:23.616 DELETED - TRACK LIMITS AT TURN 9 LAP 60 16:28:54,2026-08-15T13:25:22.254461Z
1291,11342,2026-07-26T14:31:27+00:00,,62,Other,,,,,FIA STEWARDS: INCIDENT INVOLVING CAR 44 (HAM) UNDER INVESTIGATION - SPEEDING IN THE PIT LANE,2026-08-15T13:25:22.254461Z
1291,11342,2026-07-26T14:36:27+00:00,,66,Other,,,,,FIA STEWARDS: 5 SECOND TIME PENALTY FOR CAR 44 (HAM) - SPEEDING IN THE PIT LANE,2026-08-15T13:25:22.254461Z
1291,11342,2026-07-26T14:41:23+00:00,,69,Other,,,,,CAR 5 (BOR) TIME 1:27.685 DELETED - TRACK LIMITS AT TURN 3 LAP 67 16:40:08,2026-08-15T13:25:22.254461Z
1291,11342,2026-07-26T14:42:49+00:00,5.0,70,Flag,BLACK AND WHITE,Driver,,,BLACK AND WHITE FLAG FOR CAR 5 (BOR) - TRACK LIMITS,2026-08-15T13:25:22.254461Z
1291,11342,2026-07-26T14:43:14+00:00,,70,Flag,CHEQUERED,Track,,,CHEQUERED FLAG,2026-08-15T13:25:22.254461Z
1291,11342,2026-07-26T14:43:14.726000+00:00,,70,SessionStatus,,,,,SESSION FINISHED,2026-08-15T13:25:22.254461Z
1291,11342,2026-07-26T14:45:40+00:00,,70,Other,,,,,ALL PASS HOLDERS MAY ACCESS THE PIT LANE,2026-08-15T13:25:22.254461Z
