timestamp_utc,endpoint,strategy,params_json,rows,status,error,elapsed_seconds
2026-10-10T22:24:37.379208Z,sessions,sessions_by_year,"{""year"": 2026}",131,pass,,0.705
2026-10-10T22:24:38.107741Z,weather,weather_by_session_key,"{""session_key"": 11465}",540,pass,,0.567
2026-10-10T22:24:38.697056Z,race_control,race_control_by_session_key,"{""session_key"": 11465}",56,pass,,0.488
2026-10-10T22:24:39.317798Z,intervals,intervals_by_session_key,"{""session_key"": 11465}",0,http_404,"{""detail"":""No results found.""}",0.519
2026-10-10T22:24:39.917381Z,position,position_by_session_key,"{""session_key"": 11465}",415,pass,,0.498
2026-10-10T22:24:40.519937Z,stints,stints_by_session_key,"{""session_key"": 11465}",207,pass,,0.501
2026-10-10T22:24:40.621775Z,pit,skip_non_race_like_session,"{""session_key"": 11465}",0,skipped_not_applicable,pit endpoint is only treated as required for race/sprint-like sessions,0.0
2026-10-10T22:24:41.470406Z,starting_grid,starting_grid_by_session_key,"{""session_key"": 11465}",0,http_404,"{""detail"":""No results found.""}",0.849
2026-10-10T22:24:42.110512Z,drivers,drivers_by_session_key,"{""session_key"": 11465}",22,pass,,0.539
2026-10-10T22:24:42.754106Z,team_radio,team_radio_by_session_key_opportunistic,"{""session_key"": 11465}",0,http_404,"{""detail"":""No results found.""}",0.542
2026-10-10T22:24:43.591656Z,weather,weather_by_session_key,"{""session_key"": 11466}",484,pass,,0.736
2026-10-10T22:24:44.185756Z,race_control,race_control_by_session_key,"{""session_key"": 11466}",67,pass,,0.492
2026-10-10T22:24:45.051523Z,intervals,intervals_by_session_key,"{""session_key"": 11466}",0,http_404,"{""detail"":""No results found.""}",0.764
2026-10-10T22:24:45.650514Z,position,position_by_session_key,"{""session_key"": 11466}",280,pass,,0.498
2026-10-10T22:24:46.385697Z,stints,stints_by_session_key,"{""session_key"": 11466}",233,pass,,0.633
2026-10-10T22:24:46.487476Z,pit,skip_non_race_like_session,"{""session_key"": 11466}",0,skipped_not_applicable,pit endpoint is only treated as required for race/sprint-like sessions,0.0
2026-10-10T22:24:46.973012Z,starting_grid,starting_grid_by_session_key,"{""session_key"": 11466}",0,http_404,"{""detail"":""No results found.""}",0.485
2026-10-10T22:24:47.561604Z,drivers,drivers_by_session_key,"{""session_key"": 11466}",22,pass,,0.488
2026-10-10T22:24:48.179750Z,team_radio,team_radio_by_session_key_opportunistic,"{""session_key"": 11466}",0,http_404,"{""detail"":""No results found.""}",0.516
2026-10-10T22:24:48.807261Z,weather,weather_by_session_key,"{""session_key"": 11467}",528,pass,,0.526
2026-10-10T22:24:49.481281Z,race_control,race_control_by_session_key,"{""session_key"": 11467}",109,pass,,0.572
2026-10-10T22:24:50.067548Z,intervals,intervals_by_session_key,"{""session_key"": 11467}",0,http_404,"{""detail"":""No results found.""}",0.485
2026-10-10T22:24:50.667669Z,position,position_by_session_key,"{""session_key"": 11467}",216,pass,,0.499
2026-10-10T22:24:51.276142Z,stints,stints_by_session_key,"{""session_key"": 11467}",211,pass,,0.507
2026-10-10T22:24:51.378392Z,pit,skip_non_race_like_session,"{""session_key"": 11467}",0,skipped_not_applicable,pit endpoint is only treated as required for race/sprint-like sessions,0.0
2026-10-10T22:24:51.863646Z,starting_grid,starting_grid_by_session_key,"{""session_key"": 11467}",0,http_404,"{""detail"":""No results found.""}",0.485
2026-10-10T22:24:52.450559Z,drivers,drivers_by_session_key,"{""session_key"": 11467}",22,pass,,0.486
2026-10-10T22:24:53.037675Z,team_radio,team_radio_by_session_key_opportunistic,"{""session_key"": 11467}",1,pass,,0.486
2026-10-10T22:24:53.724057Z,weather,weather_by_session_key,"{""session_key"": 11470}",517,pass,,0.585
2026-10-10T22:24:54.309429Z,race_control,race_control_by_session_key,"{""session_key"": 11470}",57,pass,,0.484
2026-10-10T22:24:54.890949Z,intervals,intervals_by_session_key,"{""session_key"": 11470}",0,http_404,"{""detail"":""No results found.""}",0.48
2026-10-10T22:24:55.492496Z,position,position_by_session_key,"{""session_key"": 11470}",429,pass,,0.501
2026-10-10T22:24:56.072667Z,stints,stints_by_session_key,"{""session_key"": 11470}",0,http_429,"{""detail"":""Rate limit exceeded. Max 30 requests/minute."",""error"":""Too Many Requests""}",0.479
2026-10-10T22:24:56.173472Z,pit,skip_non_race_like_session,"{""session_key"": 11470}",0,skipped_not_applicable,pit endpoint is only treated as required for race/sprint-like sessions,0.0
2026-10-10T22:24:56.655405Z,starting_grid,starting_grid_by_session_key,"{""session_key"": 11470}",0,http_429,"{""detail"":""Rate limit exceeded. Max 30 requests/minute."",""error"":""Too Many Requests""}",0.482
2026-10-10T22:24:57.237934Z,drivers,drivers_by_session_key,"{""session_key"": 11470}",0,http_429,"{""detail"":""Rate limit exceeded. Max 30 requests/minute."",""error"":""Too Many Requests""}",0.482
2026-10-10T22:24:57.821951Z,drivers,drivers_by_observed_driver_number,"{""driver_number"": 1, ""session_key"": 11470}",0,http_429,"{""detail"":""Rate limit exceeded. Max 30 requests/minute."",""error"":""Too Many Requests""}",0.48
2026-10-10T22:24:58.474089Z,drivers,drivers_by_observed_driver_number,"{""driver_number"": 3, ""session_key"": 11470}",0,http_429,"{""detail"":""Rate limit exceeded. Max 30 requests/minute."",""error"":""Too Many Requests""}",0.551
2026-10-10T22:24:59.058369Z,drivers,drivers_by_observed_driver_number,"{""driver_number"": 5, ""session_key"": 11470}",0,http_429,"{""detail"":""Rate limit exceeded. Max 30 requests/minute."",""error"":""Too Many Requests""}",0.484
2026-10-10T22:24:59.648172Z,drivers,drivers_by_observed_driver_number,"{""driver_number"": 6, ""session_key"": 11470}",0,http_429,"{""detail"":""Rate limit exceeded. Max 30 requests/minute."",""error"":""Too Many Requests""}",0.489
2026-10-10T22:25:00.232673Z,drivers,drivers_by_observed_driver_number,"{""driver_number"": 10, ""session_key"": 11470}",1,pass,,0.483
2026-10-10T22:25:00.840162Z,drivers,drivers_by_observed_driver_number,"{""driver_number"": 11, ""session_key"": 11470}",1,pass,,0.506
2026-10-10T22:25:01.426802Z,drivers,drivers_by_observed_driver_number,"{""driver_number"": 12, ""session_key"": 11470}",1,pass,,0.486
2026-10-10T22:25:02.010350Z,drivers,drivers_by_observed_driver_number,"{""driver_number"": 14, ""session_key"": 11470}",1,pass,,0.482
2026-10-10T22:25:02.597401Z,drivers,drivers_by_observed_driver_number,"{""driver_number"": 16, ""session_key"": 11470}",1,pass,,0.486
2026-10-10T22:25:03.184008Z,drivers,drivers_by_observed_driver_number,"{""driver_number"": 18, ""session_key"": 11470}",1,pass,,0.486
2026-10-10T22:25:03.769200Z,drivers,drivers_by_observed_driver_number,"{""driver_number"": 23, ""session_key"": 11470}",1,pass,,0.484
2026-10-10T22:25:04.354599Z,drivers,drivers_by_observed_driver_number,"{""driver_number"": 27, ""session_key"": 11470}",1,pass,,0.484
2026-10-10T22:25:05.004504Z,drivers,drivers_by_observed_driver_number,"{""driver_number"": 30, ""session_key"": 11470}",1,pass,,0.549
2026-10-10T22:25:05.591169Z,drivers,drivers_by_observed_driver_number,"{""driver_number"": 31, ""session_key"": 11470}",1,pass,,0.486
2026-10-10T22:25:06.179890Z,drivers,drivers_by_observed_driver_number,"{""driver_number"": 41, ""session_key"": 11470}",1,pass,,0.488
2026-10-10T22:25:06.762149Z,drivers,drivers_by_observed_driver_number,"{""driver_number"": 43, ""session_key"": 11470}",1,pass,,0.482
2026-10-10T22:25:07.348457Z,drivers,drivers_by_observed_driver_number,"{""driver_number"": 44, ""session_key"": 11470}",1,pass,,0.485
2026-10-10T22:25:07.931305Z,drivers,drivers_by_observed_driver_number,"{""driver_number"": 55, ""session_key"": 11470}",1,pass,,0.482
2026-10-10T22:25:08.516066Z,drivers,drivers_by_observed_driver_number,"{""driver_number"": 63, ""session_key"": 11470}",1,pass,,0.484
2026-10-10T22:25:09.109120Z,drivers,drivers_by_observed_driver_number,"{""driver_number"": 77, ""session_key"": 11470}",1,pass,,0.492
2026-10-10T22:25:09.696665Z,drivers,drivers_by_observed_driver_number,"{""driver_number"": 81, ""session_key"": 11470}",1,pass,,0.486
2026-10-10T22:25:10.282002Z,drivers,drivers_by_observed_driver_number,"{""driver_number"": 87, ""session_key"": 11470}",1,pass,,0.484
2026-10-10T22:25:10.867414Z,drivers,drivers_by_observed_driver_number,"{""driver_number"": 241, ""session_key"": 11470}",0,http_404,"{""detail"":""No results found.""}",0.484
2026-10-10T22:25:11.455089Z,drivers,drivers_by_observed_driver_number,"{""driver_number"": 243, ""session_key"": 11470}",0,http_404,"{""detail"":""No results found.""}",0.487
2026-10-10T22:25:12.040447Z,drivers,drivers_by_observed_driver_number,"{""driver_number"": 247, ""session_key"": 11470}",0,http_404,"{""detail"":""No results found.""}",0.485
2026-10-10T22:25:12.682611Z,team_radio,team_radio_by_session_key_opportunistic,"{""session_key"": 11470}",0,http_404,"{""detail"":""No results found.""}",0.538
2026-10-10T22:25:13.318184Z,weather,weather_by_session_key,"{""session_key"": 11469}",558,pass,,0.534
2026-10-10T22:25:13.906479Z,race_control,race_control_by_session_key,"{""session_key"": 11469}",51,pass,,0.486
2026-10-10T22:25:14.489290Z,intervals,intervals_by_session_key,"{""session_key"": 11469}",0,http_404,"{""detail"":""No results found.""}",0.481
2026-10-10T22:25:15.086601Z,position,position_by_session_key,"{""session_key"": 11469}",364,pass,,0.496
2026-10-10T22:25:15.700703Z,stints,stints_by_session_key,"{""session_key"": 11469}",265,pass,,0.512
2026-10-10T22:25:15.802587Z,pit,skip_non_race_like_session,"{""session_key"": 11469}",0,skipped_not_applicable,pit endpoint is only treated as required for race/sprint-like sessions,0.0
2026-10-10T22:25:16.292517Z,starting_grid,starting_grid_by_session_key,"{""session_key"": 11469}",0,http_404,"{""detail"":""No results found.""}",0.49
2026-10-10T22:25:16.878001Z,drivers,drivers_by_session_key,"{""session_key"": 11469}",22,pass,,0.484
2026-10-10T22:25:17.463235Z,team_radio,team_radio_by_session_key_opportunistic,"{""session_key"": 11469}",0,http_404,"{""detail"":""No results found.""}",0.483
2026-10-10T22:25:18.049087Z,weather,weather_by_session_key,"{""session_key"": 11468}",0,http_429,"{""detail"":""Rate limit exceeded. Max 30 requests/minute."",""error"":""Too Many Requests""}",0.484
2026-10-10T22:25:18.636487Z,race_control,race_control_by_session_key,"{""session_key"": 11468}",0,http_429,"{""detail"":""Rate limit exceeded. Max 30 requests/minute."",""error"":""Too Many Requests""}",0.486
2026-10-10T22:25:19.217431Z,intervals,intervals_by_session_key,"{""session_key"": 11468}",0,http_429,"{""detail"":""Rate limit exceeded. Max 30 requests/minute."",""error"":""Too Many Requests""}",0.48
2026-10-10T22:25:19.799641Z,position,position_by_session_key,"{""session_key"": 11468}",0,http_429,"{""detail"":""Rate limit exceeded. Max 30 requests/minute."",""error"":""Too Many Requests""}",0.481
2026-10-10T22:25:20.381520Z,position,position_by_meeting_key_fallback,"{""meeting_key"": 1305}",0,http_429,"{""detail"":""Rate limit exceeded. Max 30 requests/minute."",""error"":""Too Many Requests""}",0.481
2026-10-10T22:25:20.963513Z,stints,stints_by_session_key,"{""session_key"": 11468}",0,http_429,"{""detail"":""Rate limit exceeded. Max 30 requests/minute."",""error"":""Too Many Requests""}",0.481
2026-10-10T22:25:21.064813Z,pit,skip_non_race_like_session,"{""session_key"": 11468}",0,skipped_not_applicable,pit endpoint is only treated as required for race/sprint-like sessions,0.0
2026-10-10T22:25:21.547360Z,starting_grid,starting_grid_by_session_key,"{""session_key"": 11468}",0,http_429,"{""detail"":""Rate limit exceeded. Max 30 requests/minute."",""error"":""Too Many Requests""}",0.482
2026-10-10T22:25:22.133070Z,drivers,drivers_by_session_key,"{""session_key"": 11468}",0,http_429,"{""detail"":""Rate limit exceeded. Max 30 requests/minute."",""error"":""Too Many Requests""}",0.485
2026-10-10T22:25:22.722159Z,drivers,drivers_by_observed_driver_number,"{""driver_number"": 1, ""session_key"": 11468}",0,http_429,"{""detail"":""Rate limit exceeded. Max 30 requests/minute."",""error"":""Too Many Requests""}",0.484
2026-10-10T22:25:23.306276Z,drivers,drivers_by_observed_driver_number,"{""driver_number"": 3, ""session_key"": 11468}",0,http_429,"{""detail"":""Rate limit exceeded. Max 30 requests/minute."",""error"":""Too Many Requests""}",0.483
2026-10-10T22:25:23.889727Z,drivers,drivers_by_observed_driver_number,"{""driver_number"": 5, ""session_key"": 11468}",0,http_429,"{""detail"":""Rate limit exceeded. Max 30 requests/minute."",""error"":""Too Many Requests""}",0.482
2026-10-10T22:25:24.490027Z,drivers,drivers_by_observed_driver_number,"{""driver_number"": 6, ""session_key"": 11468}",0,http_429,"{""detail"":""Rate limit exceeded. Max 30 requests/minute."",""error"":""Too Many Requests""}",0.499
2026-10-10T22:25:25.074162Z,drivers,drivers_by_observed_driver_number,"{""driver_number"": 10, ""session_key"": 11468}",0,http_429,"{""detail"":""Rate limit exceeded. Max 30 requests/minute."",""error"":""Too Many Requests""}",0.483
2026-10-10T22:25:25.660208Z,drivers,drivers_by_observed_driver_number,"{""driver_number"": 11, ""session_key"": 11468}",0,http_429,"{""detail"":""Rate limit exceeded. Max 30 requests/minute."",""error"":""Too Many Requests""}",0.485
2026-10-10T22:25:26.244917Z,drivers,drivers_by_observed_driver_number,"{""driver_number"": 12, ""session_key"": 11468}",0,http_429,"{""detail"":""Rate limit exceeded. Max 30 requests/minute."",""error"":""Too Many Requests""}",0.483
2026-10-10T22:25:26.828630Z,drivers,drivers_by_observed_driver_number,"{""driver_number"": 14, ""session_key"": 11468}",0,http_429,"{""detail"":""Rate limit exceeded. Max 30 requests/minute."",""error"":""Too Many Requests""}",0.482
2026-10-10T22:25:27.415423Z,drivers,drivers_by_observed_driver_number,"{""driver_number"": 16, ""session_key"": 11468}",0,http_429,"{""detail"":""Rate limit exceeded. Max 30 requests/minute."",""error"":""Too Many Requests""}",0.486
2026-10-10T22:25:27.998696Z,drivers,drivers_by_observed_driver_number,"{""driver_number"": 18, ""session_key"": 11468}",0,http_429,"{""detail"":""Rate limit exceeded. Max 30 requests/minute."",""error"":""Too Many Requests""}",0.482
2026-10-10T22:25:28.582576Z,drivers,drivers_by_observed_driver_number,"{""driver_number"": 23, ""session_key"": 11468}",0,http_429,"{""detail"":""Rate limit exceeded. Max 30 requests/minute."",""error"":""Too Many Requests""}",0.483
2026-10-10T22:25:29.168088Z,drivers,drivers_by_observed_driver_number,"{""driver_number"": 27, ""session_key"": 11468}",0,http_429,"{""detail"":""Rate limit exceeded. Max 30 requests/minute."",""error"":""Too Many Requests""}",0.484
2026-10-10T22:25:29.753235Z,drivers,drivers_by_observed_driver_number,"{""driver_number"": 30, ""session_key"": 11468}",0,http_429,"{""detail"":""Rate limit exceeded. Max 30 requests/minute."",""error"":""Too Many Requests""}",0.484
2026-10-10T22:25:30.335299Z,drivers,drivers_by_observed_driver_number,"{""driver_number"": 31, ""session_key"": 11468}",0,http_429,"{""detail"":""Rate limit exceeded. Max 30 requests/minute."",""error"":""Too Many Requests""}",0.481
2026-10-10T22:25:30.919103Z,drivers,drivers_by_observed_driver_number,"{""driver_number"": 41, ""session_key"": 11468}",0,http_429,"{""detail"":""Rate limit exceeded. Max 30 requests/minute."",""error"":""Too Many Requests""}",0.483
2026-10-10T22:25:31.504220Z,drivers,drivers_by_observed_driver_number,"{""driver_number"": 43, ""session_key"": 11468}",0,http_429,"{""detail"":""Rate limit exceeded. Max 30 requests/minute."",""error"":""Too Many Requests""}",0.484
2026-10-10T22:25:32.084019Z,drivers,drivers_by_observed_driver_number,"{""driver_number"": 44, ""session_key"": 11468}",0,http_429,"{""detail"":""Rate limit exceeded. Max 30 requests/minute."",""error"":""Too Many Requests""}",0.479
2026-10-10T22:25:32.669678Z,drivers,drivers_by_observed_driver_number,"{""driver_number"": 55, ""session_key"": 11468}",0,http_429,"{""detail"":""Rate limit exceeded. Max 30 requests/minute."",""error"":""Too Many Requests""}",0.485
2026-10-10T22:25:33.251868Z,drivers,drivers_by_observed_driver_number,"{""driver_number"": 63, ""session_key"": 11468}",0,http_429,"{""detail"":""Rate limit exceeded. Max 30 requests/minute."",""error"":""Too Many Requests""}",0.481
2026-10-10T22:25:33.840108Z,drivers,drivers_by_observed_driver_number,"{""driver_number"": 77, ""session_key"": 11468}",0,http_429,"{""detail"":""Rate limit exceeded. Max 30 requests/minute."",""error"":""Too Many Requests""}",0.487
2026-10-10T22:25:34.424863Z,drivers,drivers_by_observed_driver_number,"{""driver_number"": 81, ""session_key"": 11468}",0,http_429,"{""detail"":""Rate limit exceeded. Max 30 requests/minute."",""error"":""Too Many Requests""}",0.484
2026-10-10T22:25:35.010726Z,drivers,drivers_by_observed_driver_number,"{""driver_number"": 87, ""session_key"": 11468}",0,http_429,"{""detail"":""Rate limit exceeded. Max 30 requests/minute."",""error"":""Too Many Requests""}",0.485
2026-10-10T22:25:35.596542Z,drivers,drivers_by_observed_driver_number,"{""driver_number"": 241, ""session_key"": 11468}",0,http_429,"{""detail"":""Rate limit exceeded. Max 30 requests/minute."",""error"":""Too Many Requests""}",0.485
2026-10-10T22:25:36.182279Z,drivers,drivers_by_observed_driver_number,"{""driver_number"": 243, ""session_key"": 11468}",0,http_429,"{""detail"":""Rate limit exceeded. Max 30 requests/minute."",""error"":""Too Many Requests""}",0.485
2026-10-10T22:25:36.765052Z,drivers,drivers_by_observed_driver_number,"{""driver_number"": 247, ""session_key"": 11468}",0,http_429,"{""detail"":""Rate limit exceeded. Max 30 requests/minute."",""error"":""Too Many Requests""}",0.482
2026-10-10T22:25:37.350661Z,team_radio,team_radio_by_session_key_opportunistic,"{""session_key"": 11468}",0,http_429,"{""detail"":""Rate limit exceeded. Max 30 requests/minute."",""error"":""Too Many Requests""}",0.484
2026-10-10T22:25:37.936925Z,weather,weather_by_session_key,"{""session_key"": 11227}",0,http_429,"{""detail"":""Rate limit exceeded. Max 30 requests/minute."",""error"":""Too Many Requests""}",0.485
2026-10-10T22:25:38.517956Z,race_control,race_control_by_session_key,"{""session_key"": 11227}",0,http_429,"{""detail"":""Rate limit exceeded. Max 30 requests/minute."",""error"":""Too Many Requests""}",0.48
2026-10-10T22:25:39.118471Z,intervals,intervals_by_session_key,"{""session_key"": 11227}",0,http_429,"{""detail"":""Rate limit exceeded. Max 30 requests/minute."",""error"":""Too Many Requests""}",0.499
2026-10-10T22:25:39.700817Z,position,position_by_session_key,"{""session_key"": 11227}",0,http_429,"{""detail"":""Rate limit exceeded. Max 30 requests/minute."",""error"":""Too Many Requests""}",0.481
2026-10-10T22:25:40.286929Z,position,position_by_meeting_key_fallback,"{""meeting_key"": 1279}",0,http_429,"{""detail"":""Rate limit exceeded. Max 30 requests/minute."",""error"":""Too Many Requests""}",0.485
2026-10-10T22:25:40.870266Z,stints,stints_by_session_key,"{""session_key"": 11227}",0,http_429,"{""detail"":""Rate limit exceeded. Max 30 requests/minute."",""error"":""Too Many Requests""}",0.482
2026-10-10T22:25:40.971483Z,pit,skip_non_race_like_session,"{""session_key"": 11227}",0,skipped_not_applicable,pit endpoint is only treated as required for race/sprint-like sessions,0.0
2026-10-10T22:25:41.454534Z,starting_grid,starting_grid_by_session_key,"{""session_key"": 11227}",0,http_429,"{""detail"":""Rate limit exceeded. Max 30 requests/minute."",""error"":""Too Many Requests""}",0.483
2026-10-10T22:25:42.039866Z,drivers,drivers_by_session_key,"{""session_key"": 11227}",0,http_429,"{""detail"":""Rate limit exceeded. Max 30 requests/minute."",""error"":""Too Many Requests""}",0.484
2026-10-10T22:25:42.629884Z,drivers,drivers_by_observed_driver_number,"{""driver_number"": 1, ""session_key"": 11227}",0,http_429,"{""detail"":""Rate limit exceeded. Max 30 requests/minute."",""error"":""Too Many Requests""}",0.485
2026-10-10T22:25:43.214704Z,drivers,drivers_by_observed_driver_number,"{""driver_number"": 3, ""session_key"": 11227}",0,http_429,"{""detail"":""Rate limit exceeded. Max 30 requests/minute."",""error"":""Too Many Requests""}",0.484
2026-10-10T22:25:43.798938Z,drivers,drivers_by_observed_driver_number,"{""driver_number"": 5, ""session_key"": 11227}",0,http_429,"{""detail"":""Rate limit exceeded. Max 30 requests/minute."",""error"":""Too Many Requests""}",0.483
2026-10-10T22:25:44.383973Z,drivers,drivers_by_observed_driver_number,"{""driver_number"": 6, ""session_key"": 11227}",0,http_429,"{""detail"":""Rate limit exceeded. Max 30 requests/minute."",""error"":""Too Many Requests""}",0.484
2026-10-10T22:25:44.963684Z,drivers,drivers_by_observed_driver_number,"{""driver_number"": 10, ""session_key"": 11227}",0,http_429,"{""detail"":""Rate limit exceeded. Max 30 requests/minute."",""error"":""Too Many Requests""}",0.479
2026-10-10T22:25:45.546141Z,drivers,drivers_by_observed_driver_number,"{""driver_number"": 11, ""session_key"": 11227}",0,http_429,"{""detail"":""Rate limit exceeded. Max 30 requests/minute."",""error"":""Too Many Requests""}",0.481
2026-10-10T22:25:46.128288Z,drivers,drivers_by_observed_driver_number,"{""driver_number"": 12, ""session_key"": 11227}",0,http_429,"{""detail"":""Rate limit exceeded. Max 30 requests/minute."",""error"":""Too Many Requests""}",0.481
2026-10-10T22:25:46.713769Z,drivers,drivers_by_observed_driver_number,"{""driver_number"": 14, ""session_key"": 11227}",0,http_429,"{""detail"":""Rate limit exceeded. Max 30 requests/minute."",""error"":""Too Many Requests""}",0.484
2026-10-10T22:25:47.296500Z,drivers,drivers_by_observed_driver_number,"{""driver_number"": 16, ""session_key"": 11227}",0,http_429,"{""detail"":""Rate limit exceeded. Max 30 requests/minute."",""error"":""Too Many Requests""}",0.482
2026-10-10T22:25:47.879630Z,drivers,drivers_by_observed_driver_number,"{""driver_number"": 18, ""session_key"": 11227}",0,http_429,"{""detail"":""Rate limit exceeded. Max 30 requests/minute."",""error"":""Too Many Requests""}",0.482
2026-10-10T22:25:48.465754Z,drivers,drivers_by_observed_driver_number,"{""driver_number"": 23, ""session_key"": 11227}",0,http_429,"{""detail"":""Rate limit exceeded. Max 30 requests/minute."",""error"":""Too Many Requests""}",0.485
2026-10-10T22:25:49.050299Z,drivers,drivers_by_observed_driver_number,"{""driver_number"": 27, ""session_key"": 11227}",0,http_429,"{""detail"":""Rate limit exceeded. Max 30 requests/minute."",""error"":""Too Many Requests""}",0.483
2026-10-10T22:25:49.633656Z,drivers,drivers_by_observed_driver_number,"{""driver_number"": 30, ""session_key"": 11227}",0,http_429,"{""detail"":""Rate limit exceeded. Max 30 requests/minute."",""error"":""Too Many Requests""}",0.482
2026-10-10T22:25:50.218025Z,drivers,drivers_by_observed_driver_number,"{""driver_number"": 31, ""session_key"": 11227}",0,http_429,"{""detail"":""Rate limit exceeded. Max 30 requests/minute."",""error"":""Too Many Requests""}",0.483
2026-10-10T22:25:50.804143Z,drivers,drivers_by_observed_driver_number,"{""driver_number"": 41, ""session_key"": 11227}",0,http_429,"{""detail"":""Rate limit exceeded. Max 30 requests/minute."",""error"":""Too Many Requests""}",0.485
2026-10-10T22:25:51.385894Z,drivers,drivers_by_observed_driver_number,"{""driver_number"": 43, ""session_key"": 11227}",0,http_429,"{""detail"":""Rate limit exceeded. Max 30 requests/minute."",""error"":""Too Many Requests""}",0.481
2026-10-10T22:25:51.971511Z,drivers,drivers_by_observed_driver_number,"{""driver_number"": 44, ""session_key"": 11227}",0,http_429,"{""detail"":""Rate limit exceeded. Max 30 requests/minute."",""error"":""Too Many Requests""}",0.484
2026-10-10T22:25:52.555201Z,drivers,drivers_by_observed_driver_number,"{""driver_number"": 55, ""session_key"": 11227}",0,http_429,"{""detail"":""Rate limit exceeded. Max 30 requests/minute."",""error"":""Too Many Requests""}",0.483
2026-10-10T22:25:53.139786Z,drivers,drivers_by_observed_driver_number,"{""driver_number"": 63, ""session_key"": 11227}",0,http_429,"{""detail"":""Rate limit exceeded. Max 30 requests/minute."",""error"":""Too Many Requests""}",0.483
2026-10-10T22:25:53.721691Z,drivers,drivers_by_observed_driver_number,"{""driver_number"": 77, ""session_key"": 11227}",0,http_429,"{""detail"":""Rate limit exceeded. Max 30 requests/minute."",""error"":""Too Many Requests""}",0.481
2026-10-10T22:25:54.303594Z,drivers,drivers_by_observed_driver_number,"{""driver_number"": 81, ""session_key"": 11227}",0,http_429,"{""detail"":""Rate limit exceeded. Max 30 requests/minute."",""error"":""Too Many Requests""}",0.481
2026-10-10T22:25:54.890729Z,drivers,drivers_by_observed_driver_number,"{""driver_number"": 87, ""session_key"": 11227}",0,http_429,"{""detail"":""Rate limit exceeded. Max 30 requests/minute."",""error"":""Too Many Requests""}",0.486
2026-10-10T22:25:55.478073Z,drivers,drivers_by_observed_driver_number,"{""driver_number"": 241, ""session_key"": 11227}",0,http_429,"{""detail"":""Rate limit exceeded. Max 30 requests/minute."",""error"":""Too Many Requests""}",0.486
2026-10-10T22:25:56.060636Z,drivers,drivers_by_observed_driver_number,"{""driver_number"": 243, ""session_key"": 11227}",0,http_429,"{""detail"":""Rate limit exceeded. Max 30 requests/minute."",""error"":""Too Many Requests""}",0.481
2026-10-10T22:25:56.649707Z,drivers,drivers_by_observed_driver_number,"{""driver_number"": 247, ""session_key"": 11227}",0,http_429,"{""detail"":""Rate limit exceeded. Max 30 requests/minute."",""error"":""Too Many Requests""}",0.488
2026-10-10T22:25:57.239879Z,team_radio,team_radio_by_session_key_opportunistic,"{""session_key"": 11227}",0,http_429,"{""detail"":""Rate limit exceeded. Max 30 requests/minute."",""error"":""Too Many Requests""}",0.489
2026-10-10T22:25:57.822223Z,weather,weather_by_session_key,"{""session_key"": 11228}",0,http_429,"{""detail"":""Rate limit exceeded. Max 30 requests/minute."",""error"":""Too Many Requests""}",0.481
2026-10-10T22:25:58.406380Z,race_control,race_control_by_session_key,"{""session_key"": 11228}",0,http_429,"{""detail"":""Rate limit exceeded. Max 30 requests/minute."",""error"":""Too Many Requests""}",0.483
2026-10-10T22:25:59.002727Z,intervals,intervals_by_session_key,"{""session_key"": 11228}",0,http_429,"{""detail"":""Rate limit exceeded. Max 30 requests/minute."",""error"":""Too Many Requests""}",0.495
2026-10-10T22:25:59.590908Z,position,position_by_session_key,"{""session_key"": 11228}",0,http_429,"{""detail"":""Rate limit exceeded. Max 30 requests/minute."",""error"":""Too Many Requests""}",0.487
2026-10-10T22:26:00.453984Z,position,position_by_meeting_key_fallback,"{""meeting_key"": 1279}",3341,pass,,0.762
2026-10-10T22:26:01.048010Z,stints,stints_by_session_key,"{""session_key"": 11228}",86,pass,,0.49
2026-10-10T22:26:01.149927Z,pit,skip_non_race_like_session,"{""session_key"": 11228}",0,skipped_not_applicable,pit endpoint is only treated as required for race/sprint-like sessions,0.0
2026-10-10T22:26:01.636553Z,starting_grid,starting_grid_by_session_key,"{""session_key"": 11228}",0,http_404,"{""detail"":""No results found.""}",0.487
2026-10-10T22:26:02.225812Z,drivers,drivers_by_session_key,"{""session_key"": 11228}",22,pass,,0.488
2026-10-10T22:26:02.813472Z,team_radio,team_radio_by_session_key_opportunistic,"{""session_key"": 11228}",1,pass,,0.486
2026-10-10T22:26:03.406630Z,weather,weather_by_session_key,"{""session_key"": 11229}",90,pass,,0.491
2026-10-10T22:26:04.000713Z,race_control,race_control_by_session_key,"{""session_key"": 11229}",66,pass,,0.492
2026-10-10T22:26:04.586248Z,intervals,intervals_by_session_key,"{""session_key"": 11229}",0,http_404,"{""detail"":""No results found.""}",0.484
2026-10-10T22:26:05.189359Z,position,position_by_session_key,"{""session_key"": 11229}",473,pass,,0.502
2026-10-10T22:26:05.781047Z,stints,stints_by_session_key,"{""session_key"": 11229}",78,pass,,0.49
2026-10-10T22:26:05.883058Z,pit,skip_non_race_like_session,"{""session_key"": 11229}",0,skipped_not_applicable,pit endpoint is only treated as required for race/sprint-like sessions,0.0
2026-10-10T22:26:06.369899Z,starting_grid,starting_grid_by_session_key,"{""session_key"": 11229}",0,http_404,"{""detail"":""No results found.""}",0.487
2026-10-10T22:26:06.956616Z,drivers,drivers_by_session_key,"{""session_key"": 11229}",22,pass,,0.486
2026-10-10T22:26:07.545036Z,team_radio,team_radio_by_session_key_opportunistic,"{""session_key"": 11229}",1,pass,,0.486
2026-10-10T22:26:08.141538Z,weather,weather_by_session_key,"{""session_key"": 11230}",95,pass,,0.495
2026-10-10T22:26:08.737115Z,race_control,race_control_by_session_key,"{""session_key"": 11230}",109,pass,,0.494
2026-10-10T22:26:09.322351Z,intervals,intervals_by_session_key,"{""session_key"": 11230}",0,http_404,"{""detail"":""No results found.""}",0.483
2026-10-10T22:26:10.090158Z,position,position_by_session_key,"{""session_key"": 11230}",1070,pass,,0.667
2026-10-10T22:26:10.693973Z,stints,stints_by_session_key,"{""session_key"": 11230}",99,pass,,0.502
2026-10-10T22:26:10.795868Z,pit,skip_non_race_like_session,"{""session_key"": 11230}",0,skipped_not_applicable,pit endpoint is only treated as required for race/sprint-like sessions,0.0
2026-10-10T22:26:11.280383Z,starting_grid,starting_grid_by_session_key,"{""session_key"": 11230}",22,pass,,0.484
2026-10-10T22:26:11.866861Z,drivers,drivers_by_session_key,"{""session_key"": 11230}",22,pass,,0.485
2026-10-10T22:26:12.451282Z,team_radio,team_radio_by_session_key_opportunistic,"{""session_key"": 11230}",0,http_404,"{""detail"":""No results found.""}",0.482
2026-10-10T22:26:13.050660Z,weather,weather_by_session_key,"{""session_key"": 11234}",148,pass,,0.498
2026-10-10T22:26:13.674522Z,race_control,race_control_by_session_key,"{""session_key"": 11234}",169,pass,,0.522
2026-10-10T22:26:15.774180Z,intervals,intervals_by_session_key,"{""session_key"": 11234}",22276,pass,,1.998
2026-10-10T22:26:16.766313Z,position,position_by_session_key,"{""session_key"": 11234}",531,pass,,0.888
2026-10-10T22:26:17.361408Z,stints,stints_by_session_key,"{""session_key"": 11234}",53,pass,,0.493
2026-10-10T22:26:17.950064Z,pit,pit_by_session_key,"{""session_key"": 11234}",36,pass,,0.487
2026-10-10T22:26:18.541430Z,starting_grid,starting_grid_by_session_key,"{""session_key"": 11234}",0,http_404,"{""detail"":""No results found.""}",0.49
2026-10-10T22:26:19.127605Z,drivers,drivers_by_session_key,"{""session_key"": 11234}",22,pass,,0.485
2026-10-10T22:26:19.714336Z,team_radio,team_radio_by_session_key_opportunistic,"{""session_key"": 11234}",0,http_404,"{""detail"":""No results found.""}",0.485
2026-10-10T22:26:20.295976Z,weather,weather_by_session_key,"{""session_key"": 11235}",0,http_429,"{""detail"":""Rate limit exceeded. Max 30 requests/minute."",""error"":""Too Many Requests""}",0.48
2026-10-10T22:26:20.881637Z,race_control,race_control_by_session_key,"{""session_key"": 11235}",0,http_429,"{""detail"":""Rate limit exceeded. Max 30 requests/minute."",""error"":""Too Many Requests""}",0.484
2026-10-10T22:26:21.468955Z,intervals,intervals_by_session_key,"{""session_key"": 11235}",0,http_429,"{""detail"":""Rate limit exceeded. Max 30 requests/minute."",""error"":""Too Many Requests""}",0.486
2026-10-10T22:26:22.051440Z,position,position_by_session_key,"{""session_key"": 11235}",0,http_429,"{""detail"":""Rate limit exceeded. Max 30 requests/minute."",""error"":""Too Many Requests""}",0.481
2026-10-10T22:26:22.633513Z,position,position_by_meeting_key_fallback,"{""meeting_key"": 1280}",0,http_429,"{""detail"":""Rate limit exceeded. Max 30 requests/minute."",""error"":""Too Many Requests""}",0.481
2026-10-10T22:26:23.218440Z,stints,stints_by_session_key,"{""session_key"": 11235}",0,http_429,"{""detail"":""Rate limit exceeded. Max 30 requests/minute."",""error"":""Too Many Requests""}",0.484
2026-10-10T22:26:23.319687Z,pit,skip_non_race_like_session,"{""session_key"": 11235}",0,skipped_not_applicable,pit endpoint is only treated as required for race/sprint-like sessions,0.0
2026-10-10T22:26:23.803694Z,starting_grid,starting_grid_by_session_key,"{""session_key"": 11235}",0,http_429,"{""detail"":""Rate limit exceeded. Max 30 requests/minute."",""error"":""Too Many Requests""}",0.484
2026-10-10T22:26:24.388233Z,drivers,drivers_by_session_key,"{""session_key"": 11235}",0,http_429,"{""detail"":""Rate limit exceeded. Max 30 requests/minute."",""error"":""Too Many Requests""}",0.483
2026-10-10T22:26:24.978595Z,drivers,drivers_by_observed_driver_number,"{""driver_number"": 1, ""session_key"": 11235}",0,http_429,"{""detail"":""Rate limit exceeded. Max 30 requests/minute."",""error"":""Too Many Requests""}",0.482
2026-10-10T22:26:25.559724Z,drivers,drivers_by_observed_driver_number,"{""driver_number"": 3, ""session_key"": 11235}",0,http_429,"{""detail"":""Rate limit exceeded. Max 30 requests/minute."",""error"":""Too Many Requests""}",0.48
2026-10-10T22:26:26.142928Z,drivers,drivers_by_observed_driver_number,"{""driver_number"": 5, ""session_key"": 11235}",0,http_429,"{""detail"":""Rate limit exceeded. Max 30 requests/minute."",""error"":""Too Many Requests""}",0.482
2026-10-10T22:26:26.725456Z,drivers,drivers_by_observed_driver_number,"{""driver_number"": 6, ""session_key"": 11235}",0,http_429,"{""detail"":""Rate limit exceeded. Max 30 requests/minute."",""error"":""Too Many Requests""}",0.481
2026-10-10T22:26:27.311778Z,drivers,drivers_by_observed_driver_number,"{""driver_number"": 10, ""session_key"": 11235}",0,http_429,"{""detail"":""Rate limit exceeded. Max 30 requests/minute."",""error"":""Too Many Requests""}",0.485
2026-10-10T22:26:27.896696Z,drivers,drivers_by_observed_driver_number,"{""driver_number"": 11, ""session_key"": 11235}",0,http_429,"{""detail"":""Rate limit exceeded. Max 30 requests/minute."",""error"":""Too Many Requests""}",0.484
2026-10-10T22:26:28.478590Z,drivers,drivers_by_observed_driver_number,"{""driver_number"": 12, ""session_key"": 11235}",0,http_429,"{""detail"":""Rate limit exceeded. Max 30 requests/minute."",""error"":""Too Many Requests""}",0.481
2026-10-10T22:26:29.061115Z,drivers,drivers_by_observed_driver_number,"{""driver_number"": 14, ""session_key"": 11235}",0,http_429,"{""detail"":""Rate limit exceeded. Max 30 requests/minute."",""error"":""Too Many Requests""}",0.481
2026-10-10T22:26:29.649288Z,drivers,drivers_by_observed_driver_number,"{""driver_number"": 16, ""session_key"": 11235}",0,http_429,"{""detail"":""Rate limit exceeded. Max 30 requests/minute."",""error"":""Too Many Requests""}",0.487
2026-10-10T22:26:30.252201Z,drivers,drivers_by_observed_driver_number,"{""driver_number"": 18, ""session_key"": 11235}",0,http_429,"{""detail"":""Rate limit exceeded. Max 30 requests/minute."",""error"":""Too Many Requests""}",0.502
2026-10-10T22:26:30.838410Z,drivers,drivers_by_observed_driver_number,"{""driver_number"": 23, ""session_key"": 11235}",0,http_429,"{""detail"":""Rate limit exceeded. Max 30 requests/minute."",""error"":""Too Many Requests""}",0.485
2026-10-10T22:26:31.421296Z,drivers,drivers_by_observed_driver_number,"{""driver_number"": 27, ""session_key"": 11235}",0,http_429,"{""detail"":""Rate limit exceeded. Max 30 requests/minute."",""error"":""Too Many Requests""}",0.482
2026-10-10T22:26:32.005974Z,drivers,drivers_by_observed_driver_number,"{""driver_number"": 30, ""session_key"": 11235}",0,http_429,"{""detail"":""Rate limit exceeded. Max 30 requests/minute."",""error"":""Too Many Requests""}",0.484
2026-10-10T22:26:32.588779Z,drivers,drivers_by_observed_driver_number,"{""driver_number"": 31, ""session_key"": 11235}",0,http_429,"{""detail"":""Rate limit exceeded. Max 30 requests/minute."",""error"":""Too Many Requests""}",0.482
2026-10-10T22:26:33.171978Z,drivers,drivers_by_observed_driver_number,"{""driver_number"": 41, ""session_key"": 11235}",0,http_429,"{""detail"":""Rate limit exceeded. Max 30 requests/minute."",""error"":""Too Many Requests""}",0.482
2026-10-10T22:26:33.757734Z,drivers,drivers_by_observed_driver_number,"{""driver_number"": 43, ""session_key"": 11235}",0,http_429,"{""detail"":""Rate limit exceeded. Max 30 requests/minute."",""error"":""Too Many Requests""}",0.485
2026-10-10T22:26:34.342498Z,drivers,drivers_by_observed_driver_number,"{""driver_number"": 44, ""session_key"": 11235}",0,http_429,"{""detail"":""Rate limit exceeded. Max 30 requests/minute."",""error"":""Too Many Requests""}",0.484
2026-10-10T22:26:34.925039Z,drivers,drivers_by_observed_driver_number,"{""driver_number"": 55, ""session_key"": 11235}",0,http_429,"{""detail"":""Rate limit exceeded. Max 30 requests/minute."",""error"":""Too Many Requests""}",0.481
2026-10-10T22:26:35.510655Z,drivers,drivers_by_observed_driver_number,"{""driver_number"": 63, ""session_key"": 11235}",0,http_429,"{""detail"":""Rate limit exceeded. Max 30 requests/minute."",""error"":""Too Many Requests""}",0.484
2026-10-10T22:26:36.097872Z,drivers,drivers_by_observed_driver_number,"{""driver_number"": 77, ""session_key"": 11235}",0,http_429,"{""detail"":""Rate limit exceeded. Max 30 requests/minute."",""error"":""Too Many Requests""}",0.486
2026-10-10T22:26:36.680549Z,drivers,drivers_by_observed_driver_number,"{""driver_number"": 81, ""session_key"": 11235}",0,http_429,"{""detail"":""Rate limit exceeded. Max 30 requests/minute."",""error"":""Too Many Requests""}",0.481
2026-10-10T22:26:37.266897Z,drivers,drivers_by_observed_driver_number,"{""driver_number"": 87, ""session_key"": 11235}",0,http_429,"{""detail"":""Rate limit exceeded. Max 30 requests/minute."",""error"":""Too Many Requests""}",0.485
2026-10-10T22:26:37.849320Z,drivers,drivers_by_observed_driver_number,"{""driver_number"": 241, ""session_key"": 11235}",0,http_429,"{""detail"":""Rate limit exceeded. Max 30 requests/minute."",""error"":""Too Many Requests""}",0.481
2026-10-10T22:26:38.432212Z,drivers,drivers_by_observed_driver_number,"{""driver_number"": 243, ""session_key"": 11235}",0,http_429,"{""detail"":""Rate limit exceeded. Max 30 requests/minute."",""error"":""Too Many Requests""}",0.482
2026-10-10T22:26:39.015565Z,drivers,drivers_by_observed_driver_number,"{""driver_number"": 247, ""session_key"": 11235}",0,http_429,"{""detail"":""Rate limit exceeded. Max 30 requests/minute."",""error"":""Too Many Requests""}",0.482
2026-10-10T22:26:39.605105Z,team_radio,team_radio_by_session_key_opportunistic,"{""session_key"": 11235}",0,http_429,"{""detail"":""Rate limit exceeded. Max 30 requests/minute."",""error"":""Too Many Requests""}",0.488
2026-10-10T22:26:40.189411Z,weather,weather_by_session_key,"{""session_key"": 11236}",0,http_429,"{""detail"":""Rate limit exceeded. Max 30 requests/minute."",""error"":""Too Many Requests""}",0.483
2026-10-10T22:26:40.774739Z,race_control,race_control_by_session_key,"{""session_key"": 11236}",0,http_429,"{""detail"":""Rate limit exceeded. Max 30 requests/minute."",""error"":""Too Many Requests""}",0.484
2026-10-10T22:26:41.359716Z,intervals,intervals_by_session_key,"{""session_key"": 11236}",0,http_429,"{""detail"":""Rate limit exceeded. Max 30 requests/minute."",""error"":""Too Many Requests""}",0.484
2026-10-10T22:26:41.941622Z,position,position_by_session_key,"{""session_key"": 11236}",0,http_429,"{""detail"":""Rate limit exceeded. Max 30 requests/minute."",""error"":""Too Many Requests""}",0.481
2026-10-10T22:26:42.529026Z,position,position_by_meeting_key_fallback,"{""meeting_key"": 1280}",0,http_429,"{""detail"":""Rate limit exceeded. Max 30 requests/minute."",""error"":""Too Many Requests""}",0.486
2026-10-10T22:26:43.111980Z,stints,stints_by_session_key,"{""session_key"": 11236}",0,http_429,"{""detail"":""Rate limit exceeded. Max 30 requests/minute."",""error"":""Too Many Requests""}",0.482
2026-10-10T22:26:43.697464Z,pit,pit_by_session_key,"{""session_key"": 11236}",0,http_429,"{""detail"":""Rate limit exceeded. Max 30 requests/minute."",""error"":""Too Many Requests""}",0.484
2026-10-10T22:26:44.280532Z,starting_grid,starting_grid_by_session_key,"{""session_key"": 11236}",0,http_429,"{""detail"":""Rate limit exceeded. Max 30 requests/minute."",""error"":""Too Many Requests""}",0.482
2026-10-10T22:26:44.862150Z,drivers,drivers_by_session_key,"{""session_key"": 11236}",0,http_429,"{""detail"":""Rate limit exceeded. Max 30 requests/minute."",""error"":""Too Many Requests""}",0.48
2026-10-10T22:26:45.451492Z,drivers,drivers_by_observed_driver_number,"{""driver_number"": 1, ""session_key"": 11236}",0,http_429,"{""detail"":""Rate limit exceeded. Max 30 requests/minute."",""error"":""Too Many Requests""}",0.482
2026-10-10T22:26:46.033023Z,drivers,drivers_by_observed_driver_number,"{""driver_number"": 3, ""session_key"": 11236}",0,http_429,"{""detail"":""Rate limit exceeded. Max 30 requests/minute."",""error"":""Too Many Requests""}",0.48
2026-10-10T22:26:46.618548Z,drivers,drivers_by_observed_driver_number,"{""driver_number"": 5, ""session_key"": 11236}",0,http_429,"{""detail"":""Rate limit exceeded. Max 30 requests/minute."",""error"":""Too Many Requests""}",0.484
2026-10-10T22:26:47.202117Z,drivers,drivers_by_observed_driver_number,"{""driver_number"": 6, ""session_key"": 11236}",0,http_429,"{""detail"":""Rate limit exceeded. Max 30 requests/minute."",""error"":""Too Many Requests""}",0.482
2026-10-10T22:26:47.785810Z,drivers,drivers_by_observed_driver_number,"{""driver_number"": 10, ""session_key"": 11236}",0,http_429,"{""detail"":""Rate limit exceeded. Max 30 requests/minute."",""error"":""Too Many Requests""}",0.483
2026-10-10T22:26:48.368342Z,drivers,drivers_by_observed_driver_number,"{""driver_number"": 11, ""session_key"": 11236}",0,http_429,"{""detail"":""Rate limit exceeded. Max 30 requests/minute."",""error"":""Too Many Requests""}",0.481
2026-10-10T22:26:48.953799Z,drivers,drivers_by_observed_driver_number,"{""driver_number"": 12, ""session_key"": 11236}",0,http_429,"{""detail"":""Rate limit exceeded. Max 30 requests/minute."",""error"":""Too Many Requests""}",0.484
2026-10-10T22:26:49.535723Z,drivers,drivers_by_observed_driver_number,"{""driver_number"": 14, ""session_key"": 11236}",0,http_429,"{""detail"":""Rate limit exceeded. Max 30 requests/minute."",""error"":""Too Many Requests""}",0.481
2026-10-10T22:26:50.121768Z,drivers,drivers_by_observed_driver_number,"{""driver_number"": 16, ""session_key"": 11236}",0,http_429,"{""detail"":""Rate limit exceeded. Max 30 requests/minute."",""error"":""Too Many Requests""}",0.485
2026-10-10T22:26:50.705708Z,drivers,drivers_by_observed_driver_number,"{""driver_number"": 18, ""session_key"": 11236}",0,http_429,"{""detail"":""Rate limit exceeded. Max 30 requests/minute."",""error"":""Too Many Requests""}",0.483
2026-10-10T22:26:51.289029Z,drivers,drivers_by_observed_driver_number,"{""driver_number"": 23, ""session_key"": 11236}",0,http_429,"{""detail"":""Rate limit exceeded. Max 30 requests/minute."",""error"":""Too Many Requests""}",0.482
2026-10-10T22:26:51.872528Z,drivers,drivers_by_observed_driver_number,"{""driver_number"": 27, ""session_key"": 11236}",0,http_429,"{""detail"":""Rate limit exceeded. Max 30 requests/minute."",""error"":""Too Many Requests""}",0.482
2026-10-10T22:26:52.456281Z,drivers,drivers_by_observed_driver_number,"{""driver_number"": 30, ""session_key"": 11236}",0,http_429,"{""detail"":""Rate limit exceeded. Max 30 requests/minute."",""error"":""Too Many Requests""}",0.483
2026-10-10T22:26:53.041037Z,drivers,drivers_by_observed_driver_number,"{""driver_number"": 31, ""session_key"": 11236}",0,http_429,"{""detail"":""Rate limit exceeded. Max 30 requests/minute."",""error"":""Too Many Requests""}",0.484
2026-10-10T22:26:53.624606Z,drivers,drivers_by_observed_driver_number,"{""driver_number"": 41, ""session_key"": 11236}",0,http_429,"{""detail"":""Rate limit exceeded. Max 30 requests/minute."",""error"":""Too Many Requests""}",0.482
2026-10-10T22:26:54.208562Z,drivers,drivers_by_observed_driver_number,"{""driver_number"": 43, ""session_key"": 11236}",0,http_429,"{""detail"":""Rate limit exceeded. Max 30 requests/minute."",""error"":""Too Many Requests""}",0.483
2026-10-10T22:26:54.791991Z,drivers,drivers_by_observed_driver_number,"{""driver_number"": 44, ""session_key"": 11236}",0,http_429,"{""detail"":""Rate limit exceeded. Max 30 requests/minute."",""error"":""Too Many Requests""}",0.482
2026-10-10T22:26:55.378540Z,drivers,drivers_by_observed_driver_number,"{""driver_number"": 55, ""session_key"": 11236}",0,http_429,"{""detail"":""Rate limit exceeded. Max 30 requests/minute."",""error"":""Too Many Requests""}",0.485
2026-10-10T22:26:55.961941Z,drivers,drivers_by_observed_driver_number,"{""driver_number"": 63, ""session_key"": 11236}",0,http_429,"{""detail"":""Rate limit exceeded. Max 30 requests/minute."",""error"":""Too Many Requests""}",0.482
2026-10-10T22:26:56.548638Z,drivers,drivers_by_observed_driver_number,"{""driver_number"": 77, ""session_key"": 11236}",0,http_429,"{""detail"":""Rate limit exceeded. Max 30 requests/minute."",""error"":""Too Many Requests""}",0.486
2026-10-10T22:26:57.130738Z,drivers,drivers_by_observed_driver_number,"{""driver_number"": 81, ""session_key"": 11236}",0,http_429,"{""detail"":""Rate limit exceeded. Max 30 requests/minute."",""error"":""Too Many Requests""}",0.481
2026-10-10T22:26:57.714033Z,drivers,drivers_by_observed_driver_number,"{""driver_number"": 87, ""session_key"": 11236}",0,http_429,"{""detail"":""Rate limit exceeded. Max 30 requests/minute."",""error"":""Too Many Requests""}",0.482
2026-10-10T22:26:58.296725Z,drivers,drivers_by_observed_driver_number,"{""driver_number"": 241, ""session_key"": 11236}",0,http_429,"{""detail"":""Rate limit exceeded. Max 30 requests/minute."",""error"":""Too Many Requests""}",0.482
2026-10-10T22:26:58.878912Z,drivers,drivers_by_observed_driver_number,"{""driver_number"": 243, ""session_key"": 11236}",0,http_429,"{""detail"":""Rate limit exceeded. Max 30 requests/minute."",""error"":""Too Many Requests""}",0.481
2026-10-10T22:26:59.476993Z,drivers,drivers_by_observed_driver_number,"{""driver_number"": 247, ""session_key"": 11236}",0,http_429,"{""detail"":""Rate limit exceeded. Max 30 requests/minute."",""error"":""Too Many Requests""}",0.497
2026-10-10T22:27:00.062212Z,team_radio,team_radio_by_session_key_opportunistic,"{""session_key"": 11236}",0,http_429,"{""detail"":""Rate limit exceeded. Max 30 requests/minute."",""error"":""Too Many Requests""}",0.484
2026-10-10T22:27:00.651571Z,weather,weather_by_session_key,"{""session_key"": 11240}",83,pass,,0.488
2026-10-10T22:27:01.247112Z,race_control,race_control_by_session_key,"{""session_key"": 11240}",51,pass,,0.494
2026-10-10T22:27:02.683770Z,intervals,intervals_by_session_key,"{""session_key"": 11240}",9019,pass,,1.335
2026-10-10T22:27:03.288899Z,position,position_by_session_key,"{""session_key"": 11240}",351,pass,,0.502
2026-10-10T22:27:03.926398Z,stints,stints_by_session_key,"{""session_key"": 11240}",22,pass,,0.536
2026-10-10T22:27:04.578535Z,pit,pit_by_session_key,"{""session_key"": 11240}",12,pass,,0.55
2026-10-10T22:27:05.232189Z,starting_grid,starting_grid_by_session_key,"{""session_key"": 11240}",0,http_404,"{""detail"":""No results found.""}",0.552
2026-10-10T22:27:05.889963Z,drivers,drivers_by_session_key,"{""session_key"": 11240}",22,pass,,0.557
2026-10-10T22:27:06.624142Z,team_radio,team_radio_by_session_key_opportunistic,"{""session_key"": 11240}",0,http_404,"{""detail"":""No results found.""}",0.632
2026-10-10T22:27:07.281177Z,weather,weather_by_session_key,"{""session_key"": 11241}",79,pass,,0.556
2026-10-10T22:27:07.895112Z,race_control,race_control_by_session_key,"{""session_key"": 11241}",47,pass,,0.512
2026-10-10T22:27:08.559507Z,intervals,intervals_by_session_key,"{""session_key"": 11241}",0,http_404,"{""detail"":""No results found.""}",0.562
2026-10-10T22:27:09.261061Z,position,position_by_session_key,"{""session_key"": 11241}",922,pass,,0.6
2026-10-10T22:27:09.858860Z,stints,stints_by_session_key,"{""session_key"": 11241}",42,pass,,0.496
2026-10-10T22:27:09.960710Z,pit,skip_non_race_like_session,"{""session_key"": 11241}",0,skipped_not_applicable,pit endpoint is only treated as required for race/sprint-like sessions,0.0
2026-10-10T22:27:10.602803Z,starting_grid,starting_grid_by_session_key,"{""session_key"": 11241}",22,pass,,0.642
2026-10-10T22:27:11.192488Z,drivers,drivers_by_session_key,"{""session_key"": 11241}",22,pass,,0.488
2026-10-10T22:27:12.089555Z,team_radio,team_radio_by_session_key_opportunistic,"{""session_key"": 11241}",0,http_404,"{""detail"":""No results found.""}",0.795
2026-10-10T22:27:12.712638Z,weather,weather_by_session_key,"{""session_key"": 11245}",152,pass,,0.522
2026-10-10T22:27:13.307807Z,race_control,race_control_by_session_key,"{""session_key"": 11245}",88,pass,,0.493
2026-10-10T22:27:15.251269Z,intervals,intervals_by_session_key,"{""session_key"": 11245}",20663,pass,,1.842
2026-10-10T22:27:16.077643Z,position,position_by_session_key,"{""session_key"": 11245}",524,pass,,0.722
2026-10-10T22:27:16.668988Z,stints,stints_by_session_key,"{""session_key"": 11245}",41,pass,,0.489
2026-10-10T22:27:17.255529Z,pit,pit_by_session_key,"{""session_key"": 11245}",19,pass,,0.485
2026-10-10T22:27:17.899929Z,starting_grid,starting_grid_by_session_key,"{""session_key"": 11245}",0,http_404,"{""detail"":""No results found.""}",0.542
2026-10-10T22:27:18.491547Z,drivers,drivers_by_session_key,"{""session_key"": 11245}",22,pass,,0.49
2026-10-10T22:27:19.078455Z,team_radio,team_radio_by_session_key_opportunistic,"{""session_key"": 11245}",0,http_404,"{""detail"":""No results found.""}",0.485
2026-10-10T22:27:19.674956Z,weather,weather_by_session_key,"{""session_key"": 11246}",83,pass,,0.495
2026-10-10T22:27:20.276716Z,race_control,race_control_by_session_key,"{""session_key"": 11246}",68,pass,,0.5
2026-10-10T22:27:20.861484Z,intervals,intervals_by_session_key,"{""session_key"": 11246}",0,http_404,"{""detail"":""No results found.""}",0.483
2026-10-10T22:27:21.475371Z,position,position_by_session_key,"{""session_key"": 11246}",709,pass,,0.513
2026-10-10T22:27:22.058870Z,stints,stints_by_session_key,"{""session_key"": 11246}",0,http_429,"{""detail"":""Rate limit exceeded. Max 30 requests/minute."",""error"":""Too Many Requests""}",0.481
2026-10-10T22:27:22.160484Z,pit,skip_non_race_like_session,"{""session_key"": 11246}",0,skipped_not_applicable,pit endpoint is only treated as required for race/sprint-like sessions,0.0
2026-10-10T22:27:22.641259Z,starting_grid,starting_grid_by_session_key,"{""session_key"": 11246}",0,http_429,"{""detail"":""Rate limit exceeded. Max 30 requests/minute."",""error"":""Too Many Requests""}",0.481
2026-10-10T22:27:23.226463Z,drivers,drivers_by_session_key,"{""session_key"": 11246}",0,http_429,"{""detail"":""Rate limit exceeded. Max 30 requests/minute."",""error"":""Too Many Requests""}",0.484
2026-10-10T22:27:23.820708Z,drivers,drivers_by_observed_driver_number,"{""driver_number"": 1, ""session_key"": 11246}",0,http_429,"{""detail"":""Rate limit exceeded. Max 30 requests/minute."",""error"":""Too Many Requests""}",0.483
2026-10-10T22:27:24.404064Z,drivers,drivers_by_observed_driver_number,"{""driver_number"": 3, ""session_key"": 11246}",0,http_429,"{""detail"":""Rate limit exceeded. Max 30 requests/minute."",""error"":""Too Many Requests""}",0.482
2026-10-10T22:27:24.984592Z,drivers,drivers_by_observed_driver_number,"{""driver_number"": 5, ""session_key"": 11246}",0,http_429,"{""detail"":""Rate limit exceeded. Max 30 requests/minute."",""error"":""Too Many Requests""}",0.479
2026-10-10T22:27:25.567723Z,drivers,drivers_by_observed_driver_number,"{""driver_number"": 6, ""session_key"": 11246}",0,http_429,"{""detail"":""Rate limit exceeded. Max 30 requests/minute."",""error"":""Too Many Requests""}",0.482
2026-10-10T22:27:26.151939Z,drivers,drivers_by_observed_driver_number,"{""driver_number"": 10, ""session_key"": 11246}",0,http_429,"{""detail"":""Rate limit exceeded. Max 30 requests/minute."",""error"":""Too Many Requests""}",0.483
2026-10-10T22:27:26.769404Z,drivers,drivers_by_observed_driver_number,"{""driver_number"": 11, ""session_key"": 11246}",0,http_429,"{""detail"":""Rate limit exceeded. Max 30 requests/minute."",""error"":""Too Many Requests""}",0.516
2026-10-10T22:27:27.357988Z,drivers,drivers_by_observed_driver_number,"{""driver_number"": 12, ""session_key"": 11246}",0,http_429,"{""detail"":""Rate limit exceeded. Max 30 requests/minute."",""error"":""Too Many Requests""}",0.487
2026-10-10T22:27:27.938517Z,drivers,drivers_by_observed_driver_number,"{""driver_number"": 14, ""session_key"": 11246}",0,http_429,"{""detail"":""Rate limit exceeded. Max 30 requests/minute."",""error"":""Too Many Requests""}",0.479
2026-10-10T22:27:28.521803Z,drivers,drivers_by_observed_driver_number,"{""driver_number"": 16, ""session_key"": 11246}",0,http_429,"{""detail"":""Rate limit exceeded. Max 30 requests/minute."",""error"":""Too Many Requests""}",0.482
2026-10-10T22:27:29.103239Z,drivers,drivers_by_observed_driver_number,"{""driver_number"": 18, ""session_key"": 11246}",0,http_429,"{""detail"":""Rate limit exceeded. Max 30 requests/minute."",""error"":""Too Many Requests""}",0.48
2026-10-10T22:27:29.689339Z,drivers,drivers_by_observed_driver_number,"{""driver_number"": 23, ""session_key"": 11246}",0,http_429,"{""detail"":""Rate limit exceeded. Max 30 requests/minute."",""error"":""Too Many Requests""}",0.485
2026-10-10T22:27:30.271451Z,drivers,drivers_by_observed_driver_number,"{""driver_number"": 27, ""session_key"": 11246}",0,http_429,"{""detail"":""Rate limit exceeded. Max 30 requests/minute."",""error"":""Too Many Requests""}",0.481
2026-10-10T22:27:30.852501Z,drivers,drivers_by_observed_driver_number,"{""driver_number"": 30, ""session_key"": 11246}",0,http_429,"{""detail"":""Rate limit exceeded. Max 30 requests/minute."",""error"":""Too Many Requests""}",0.48
2026-10-10T22:27:31.505563Z,drivers,drivers_by_observed_driver_number,"{""driver_number"": 31, ""session_key"": 11246}",0,http_429,"{""detail"":""Rate limit exceeded. Max 30 requests/minute."",""error"":""Too Many Requests""}",0.552
2026-10-10T22:27:32.088584Z,drivers,drivers_by_observed_driver_number,"{""driver_number"": 34, ""session_key"": 11246}",0,http_429,"{""detail"":""Rate limit exceeded. Max 30 requests/minute."",""error"":""Too Many Requests""}",0.482
2026-10-10T22:27:32.674409Z,drivers,drivers_by_observed_driver_number,"{""driver_number"": 41, ""session_key"": 11246}",0,http_429,"{""detail"":""Rate limit exceeded. Max 30 requests/minute."",""error"":""Too Many Requests""}",0.485
2026-10-10T22:27:33.258282Z,drivers,drivers_by_observed_driver_number,"{""driver_number"": 43, ""session_key"": 11246}",0,http_429,"{""detail"":""Rate limit exceeded. Max 30 requests/minute."",""error"":""Too Many Requests""}",0.483
2026-10-10T22:27:33.839868Z,drivers,drivers_by_observed_driver_number,"{""driver_number"": 44, ""session_key"": 11246}",0,http_429,"{""detail"":""Rate limit exceeded. Max 30 requests/minute."",""error"":""Too Many Requests""}",0.48
2026-10-10T22:27:34.490449Z,drivers,drivers_by_observed_driver_number,"{""driver_number"": 55, ""session_key"": 11246}",0,http_429,"{""detail"":""Rate limit exceeded. Max 30 requests/minute."",""error"":""Too Many Requests""}",0.549
2026-10-10T22:27:35.072414Z,drivers,drivers_by_observed_driver_number,"{""driver_number"": 63, ""session_key"": 11246}",0,http_429,"{""detail"":""Rate limit exceeded. Max 30 requests/minute."",""error"":""Too Many Requests""}",0.481
2026-10-10T22:27:35.654973Z,drivers,drivers_by_observed_driver_number,"{""driver_number"": 77, ""session_key"": 11246}",0,http_429,"{""detail"":""Rate limit exceeded. Max 30 requests/minute."",""error"":""Too Many Requests""}",0.481
2026-10-10T22:27:36.250516Z,drivers,drivers_by_observed_driver_number,"{""driver_number"": 81, ""session_key"": 11246}",0,http_429,"{""detail"":""Rate limit exceeded. Max 30 requests/minute."",""error"":""Too Many Requests""}",0.494
2026-10-10T22:27:36.833319Z,drivers,drivers_by_observed_driver_number,"{""driver_number"": 87, ""session_key"": 11246}",0,http_429,"{""detail"":""Rate limit exceeded. Max 30 requests/minute."",""error"":""Too Many Requests""}",0.482
2026-10-10T22:27:37.415792Z,drivers,drivers_by_observed_driver_number,"{""driver_number"": 241, ""session_key"": 11246}",0,http_429,"{""detail"":""Rate limit exceeded. Max 30 requests/minute."",""error"":""Too Many Requests""}",0.481
2026-10-10T22:27:37.999572Z,drivers,drivers_by_observed_driver_number,"{""driver_number"": 243, ""session_key"": 11246}",0,http_429,"{""detail"":""Rate limit exceeded. Max 30 requests/minute."",""error"":""Too Many Requests""}",0.483
2026-10-10T22:27:38.581519Z,drivers,drivers_by_observed_driver_number,"{""driver_number"": 247, ""session_key"": 11246}",0,http_429,"{""detail"":""Rate limit exceeded. Max 30 requests/minute."",""error"":""Too Many Requests""}",0.481
2026-10-10T22:27:39.165970Z,team_radio,team_radio_by_session_key_opportunistic,"{""session_key"": 11246}",0,http_429,"{""detail"":""Rate limit exceeded. Max 30 requests/minute."",""error"":""Too Many Requests""}",0.483
2026-10-10T22:27:39.747320Z,weather,weather_by_session_key,"{""session_key"": 11247}",0,http_429,"{""detail"":""Rate limit exceeded. Max 30 requests/minute."",""error"":""Too Many Requests""}",0.48
2026-10-10T22:27:40.330445Z,race_control,race_control_by_session_key,"{""session_key"": 11247}",0,http_429,"{""detail"":""Rate limit exceeded. Max 30 requests/minute."",""error"":""Too Many Requests""}",0.482
2026-10-10T22:27:40.910184Z,intervals,intervals_by_session_key,"{""session_key"": 11247}",0,http_429,"{""detail"":""Rate limit exceeded. Max 30 requests/minute."",""error"":""Too Many Requests""}",0.479
2026-10-10T22:27:41.491292Z,position,position_by_session_key,"{""session_key"": 11247}",0,http_429,"{""detail"":""Rate limit exceeded. Max 30 requests/minute."",""error"":""Too Many Requests""}",0.48
2026-10-10T22:27:42.072779Z,position,position_by_meeting_key_fallback,"{""meeting_key"": 1281}",0,http_429,"{""detail"":""Rate limit exceeded. Max 30 requests/minute."",""error"":""Too Many Requests""}",0.48
2026-10-10T22:27:42.659893Z,stints,stints_by_session_key,"{""session_key"": 11247}",0,http_429,"{""detail"":""Rate limit exceeded. Max 30 requests/minute."",""error"":""Too Many Requests""}",0.486
2026-10-10T22:27:42.761181Z,pit,skip_non_race_like_session,"{""session_key"": 11247}",0,skipped_not_applicable,pit endpoint is only treated as required for race/sprint-like sessions,0.0
2026-10-10T22:27:43.244342Z,starting_grid,starting_grid_by_session_key,"{""session_key"": 11247}",0,http_429,"{""detail"":""Rate limit exceeded. Max 30 requests/minute."",""error"":""Too Many Requests""}",0.483
2026-10-10T22:27:43.827095Z,drivers,drivers_by_session_key,"{""session_key"": 11247}",0,http_429,"{""detail"":""Rate limit exceeded. Max 30 requests/minute."",""error"":""Too Many Requests""}",0.481
2026-10-10T22:27:44.422628Z,drivers,drivers_by_observed_driver_number,"{""driver_number"": 1, ""session_key"": 11247}",0,http_429,"{""detail"":""Rate limit exceeded. Max 30 requests/minute."",""error"":""Too Many Requests""}",0.485
2026-10-10T22:27:45.006117Z,drivers,drivers_by_observed_driver_number,"{""driver_number"": 3, ""session_key"": 11247}",0,http_429,"{""detail"":""Rate limit exceeded. Max 30 requests/minute."",""error"":""Too Many Requests""}",0.482
2026-10-10T22:27:45.590564Z,drivers,drivers_by_observed_driver_number,"{""driver_number"": 5, ""session_key"": 11247}",0,http_429,"{""detail"":""Rate limit exceeded. Max 30 requests/minute."",""error"":""Too Many Requests""}",0.483
2026-10-10T22:27:46.172600Z,drivers,drivers_by_observed_driver_number,"{""driver_number"": 6, ""session_key"": 11247}",0,http_429,"{""detail"":""Rate limit exceeded. Max 30 requests/minute."",""error"":""Too Many Requests""}",0.481
2026-10-10T22:27:46.755051Z,drivers,drivers_by_observed_driver_number,"{""driver_number"": 10, ""session_key"": 11247}",0,http_429,"{""detail"":""Rate limit exceeded. Max 30 requests/minute."",""error"":""Too Many Requests""}",0.481
2026-10-10T22:27:47.335035Z,drivers,drivers_by_observed_driver_number,"{""driver_number"": 11, ""session_key"": 11247}",0,http_429,"{""detail"":""Rate limit exceeded. Max 30 requests/minute."",""error"":""Too Many Requests""}",0.479
2026-10-10T22:27:47.918224Z,drivers,drivers_by_observed_driver_number,"{""driver_number"": 12, ""session_key"": 11247}",0,http_429,"{""detail"":""Rate limit exceeded. Max 30 requests/minute."",""error"":""Too Many Requests""}",0.482
2026-10-10T22:27:48.503750Z,drivers,drivers_by_observed_driver_number,"{""driver_number"": 14, ""session_key"": 11247}",0,http_429,"{""detail"":""Rate limit exceeded. Max 30 requests/minute."",""error"":""Too Many Requests""}",0.484
2026-10-10T22:27:49.090017Z,drivers,drivers_by_observed_driver_number,"{""driver_number"": 16, ""session_key"": 11247}",0,http_429,"{""detail"":""Rate limit exceeded. Max 30 requests/minute."",""error"":""Too Many Requests""}",0.485
2026-10-10T22:27:49.672504Z,drivers,drivers_by_observed_driver_number,"{""driver_number"": 18, ""session_key"": 11247}",0,http_429,"{""detail"":""Rate limit exceeded. Max 30 requests/minute."",""error"":""Too Many Requests""}",0.481
2026-10-10T22:27:50.254608Z,drivers,drivers_by_observed_driver_number,"{""driver_number"": 23, ""session_key"": 11247}",0,http_429,"{""detail"":""Rate limit exceeded. Max 30 requests/minute."",""error"":""Too Many Requests""}",0.481
2026-10-10T22:27:50.838290Z,drivers,drivers_by_observed_driver_number,"{""driver_number"": 27, ""session_key"": 11247}",0,http_429,"{""detail"":""Rate limit exceeded. Max 30 requests/minute."",""error"":""Too Many Requests""}",0.482
2026-10-10T22:27:51.421522Z,drivers,drivers_by_observed_driver_number,"{""driver_number"": 30, ""session_key"": 11247}",0,http_429,"{""detail"":""Rate limit exceeded. Max 30 requests/minute."",""error"":""Too Many Requests""}",0.482
2026-10-10T22:27:52.010493Z,drivers,drivers_by_observed_driver_number,"{""driver_number"": 31, ""session_key"": 11247}",0,http_429,"{""detail"":""Rate limit exceeded. Max 30 requests/minute."",""error"":""Too Many Requests""}",0.488
2026-10-10T22:27:52.590813Z,drivers,drivers_by_observed_driver_number,"{""driver_number"": 34, ""session_key"": 11247}",0,http_429,"{""detail"":""Rate limit exceeded. Max 30 requests/minute."",""error"":""Too Many Requests""}",0.479
2026-10-10T22:27:53.173898Z,drivers,drivers_by_observed_driver_number,"{""driver_number"": 41, ""session_key"": 11247}",0,http_429,"{""detail"":""Rate limit exceeded. Max 30 requests/minute."",""error"":""Too Many Requests""}",0.482
2026-10-10T22:27:53.754916Z,drivers,drivers_by_observed_driver_number,"{""driver_number"": 43, ""session_key"": 11247}",0,http_429,"{""detail"":""Rate limit exceeded. Max 30 requests/minute."",""error"":""Too Many Requests""}",0.48
2026-10-10T22:27:54.338666Z,drivers,drivers_by_observed_driver_number,"{""driver_number"": 44, ""session_key"": 11247}",0,http_429,"{""detail"":""Rate limit exceeded. Max 30 requests/minute."",""error"":""Too Many Requests""}",0.483
2026-10-10T22:27:54.923080Z,drivers,drivers_by_observed_driver_number,"{""driver_number"": 55, ""session_key"": 11247}",0,http_429,"{""detail"":""Rate limit exceeded. Max 30 requests/minute."",""error"":""Too Many Requests""}",0.483
2026-10-10T22:27:55.509234Z,drivers,drivers_by_observed_driver_number,"{""driver_number"": 63, ""session_key"": 11247}",0,http_429,"{""detail"":""Rate limit exceeded. Max 30 requests/minute."",""error"":""Too Many Requests""}",0.485
2026-10-10T22:27:56.091945Z,drivers,drivers_by_observed_driver_number,"{""driver_number"": 77, ""session_key"": 11247}",0,http_429,"{""detail"":""Rate limit exceeded. Max 30 requests/minute."",""error"":""Too Many Requests""}",0.482
2026-10-10T22:27:56.677597Z,drivers,drivers_by_observed_driver_number,"{""driver_number"": 81, ""session_key"": 11247}",0,http_429,"{""detail"":""Rate limit exceeded. Max 30 requests/minute."",""error"":""Too Many Requests""}",0.484
2026-10-10T22:27:57.260235Z,drivers,drivers_by_observed_driver_number,"{""driver_number"": 87, ""session_key"": 11247}",0,http_429,"{""detail"":""Rate limit exceeded. Max 30 requests/minute."",""error"":""Too Many Requests""}",0.481
2026-10-10T22:27:57.856404Z,drivers,drivers_by_observed_driver_number,"{""driver_number"": 241, ""session_key"": 11247}",0,http_429,"{""detail"":""Rate limit exceeded. Max 30 requests/minute."",""error"":""Too Many Requests""}",0.495
2026-10-10T22:27:58.437075Z,drivers,drivers_by_observed_driver_number,"{""driver_number"": 243, ""session_key"": 11247}",0,http_429,"{""detail"":""Rate limit exceeded. Max 30 requests/minute."",""error"":""Too Many Requests""}",0.479
2026-10-10T22:27:59.019760Z,drivers,drivers_by_observed_driver_number,"{""driver_number"": 247, ""session_key"": 11247}",0,http_429,"{""detail"":""Rate limit exceeded. Max 30 requests/minute."",""error"":""Too Many Requests""}",0.481
2026-10-10T22:27:59.610797Z,team_radio,team_radio_by_session_key_opportunistic,"{""session_key"": 11247}",0,http_429,"{""detail"":""Rate limit exceeded. Max 30 requests/minute."",""error"":""Too Many Requests""}",0.49
2026-10-10T22:28:00.201665Z,weather,weather_by_session_key,"{""session_key"": 11248}",80,pass,,0.489
2026-10-10T22:28:00.791228Z,race_control,race_control_by_session_key,"{""session_key"": 11248}",48,pass,,0.488
2026-10-10T22:28:01.375348Z,intervals,intervals_by_session_key,"{""session_key"": 11248}",0,http_404,"{""detail"":""No results found.""}",0.482
2026-10-10T22:28:01.992182Z,position,position_by_session_key,"{""session_key"": 11248}",516,pass,,0.516
2026-10-10T22:28:02.584514Z,stints,stints_by_session_key,"{""session_key"": 11248}",92,pass,,0.49
2026-10-10T22:28:02.686520Z,pit,skip_non_race_like_session,"{""session_key"": 11248}",0,skipped_not_applicable,pit endpoint is only treated as required for race/sprint-like sessions,0.0
2026-10-10T22:28:03.170603Z,starting_grid,starting_grid_by_session_key,"{""session_key"": 11248}",0,http_404,"{""detail"":""No results found.""}",0.484
2026-10-10T22:28:03.758573Z,drivers,drivers_by_session_key,"{""session_key"": 11248}",22,pass,,0.487
2026-10-10T22:28:04.343688Z,team_radio,team_radio_by_session_key_opportunistic,"{""session_key"": 11248}",0,http_404,"{""detail"":""No results found.""}",0.483
2026-10-10T22:28:04.934853Z,weather,weather_by_session_key,"{""session_key"": 11249}",75,pass,,0.49
2026-10-10T22:28:05.521069Z,race_control,race_control_by_session_key,"{""session_key"": 11249}",26,pass,,0.484
2026-10-10T22:28:06.110896Z,intervals,intervals_by_session_key,"{""session_key"": 11249}",0,http_404,"{""detail"":""No results found.""}",0.488
2026-10-10T22:28:06.720516Z,position,position_by_session_key,"{""session_key"": 11249}",950,pass,,0.508
2026-10-10T22:28:07.311899Z,stints,stints_by_session_key,"{""session_key"": 11249}",98,pass,,0.489
2026-10-10T22:28:07.414014Z,pit,skip_non_race_like_session,"{""session_key"": 11249}",0,skipped_not_applicable,pit endpoint is only treated as required for race/sprint-like sessions,0.0
2026-10-10T22:28:07.898100Z,starting_grid,starting_grid_by_session_key,"{""session_key"": 11249}",22,pass,,0.484
2026-10-10T22:28:08.619943Z,drivers,drivers_by_session_key,"{""session_key"": 11249}",22,pass,,0.62
2026-10-10T22:28:09.206376Z,team_radio,team_radio_by_session_key_opportunistic,"{""session_key"": 11249}",0,http_404,"{""detail"":""No results found.""}",0.485
2026-10-10T22:28:09.806405Z,weather,weather_by_session_key,"{""session_key"": 11253}",156,pass,,0.499
2026-10-10T22:28:10.398596Z,race_control,race_control_by_session_key,"{""session_key"": 11253}",49,pass,,0.49
2026-10-10T22:28:12.846337Z,intervals,intervals_by_session_key,"{""session_key"": 11253}",28324,pass,,2.346
2026-10-10T22:28:13.474293Z,position,position_by_session_key,"{""session_key"": 11253}",445,pass,,0.522
2026-10-10T22:28:14.066465Z,stints,stints_by_session_key,"{""session_key"": 11253}",51,pass,,0.49
2026-10-10T22:28:14.653491Z,pit,pit_by_session_key,"{""session_key"": 11253}",29,pass,,0.485
2026-10-10T22:28:15.241217Z,starting_grid,starting_grid_by_session_key,"{""session_key"": 11253}",0,http_404,"{""detail"":""No results found.""}",0.486
2026-10-10T22:28:15.831321Z,drivers,drivers_by_session_key,"{""session_key"": 11253}",22,pass,,0.489
2026-10-10T22:28:16.417801Z,team_radio,team_radio_by_session_key_opportunistic,"{""session_key"": 11253}",0,http_404,"{""detail"":""No results found.""}",0.484
2026-10-10T22:28:17.001540Z,weather,weather_by_session_key,"{""session_key"": 11254}",0,http_404,"{""detail"":""No results found.""}",0.482
2026-10-10T22:28:17.582602Z,race_control,race_control_by_session_key,"{""session_key"": 11254}",0,http_404,"{""detail"":""No results found.""}",0.48
2026-10-10T22:28:18.167147Z,intervals,intervals_by_session_key,"{""session_key"": 11254}",0,http_404,"{""detail"":""No results found.""}",0.483
2026-10-10T22:28:18.756174Z,position,position_by_session_key,"{""session_key"": 11254}",0,http_404,"{""detail"":""No results found.""}",0.488
2026-10-10T22:28:19.343215Z,position,position_by_meeting_key_fallback,"{""meeting_key"": 1282}",0,http_404,"{""detail"":""No results found.""}",0.486
2026-10-10T22:28:19.924525Z,stints,stints_by_session_key,"{""session_key"": 11254}",0,http_429,"{""detail"":""Rate limit exceeded. Max 30 requests/minute."",""error"":""Too Many Requests""}",0.48
2026-10-10T22:28:20.025886Z,pit,skip_non_race_like_session,"{""session_key"": 11254}",0,skipped_not_applicable,pit endpoint is only treated as required for race/sprint-like sessions,0.0
2026-10-10T22:28:20.508661Z,starting_grid,starting_grid_by_session_key,"{""session_key"": 11254}",0,http_429,"{""detail"":""Rate limit exceeded. Max 30 requests/minute."",""error"":""Too Many Requests""}",0.483
2026-10-10T22:28:21.092242Z,drivers,drivers_by_session_key,"{""session_key"": 11254}",0,http_429,"{""detail"":""Rate limit exceeded. Max 30 requests/minute."",""error"":""Too Many Requests""}",0.482
2026-10-10T22:28:21.689955Z,drivers,drivers_by_observed_driver_number,"{""driver_number"": 1, ""session_key"": 11254}",0,http_429,"{""detail"":""Rate limit exceeded. Max 30 requests/minute."",""error"":""Too Many Requests""}",0.484
2026-10-10T22:28:22.272746Z,drivers,drivers_by_observed_driver_number,"{""driver_number"": 3, ""session_key"": 11254}",0,http_429,"{""detail"":""Rate limit exceeded. Max 30 requests/minute."",""error"":""Too Many Requests""}",0.482
2026-10-10T22:28:22.855322Z,drivers,drivers_by_observed_driver_number,"{""driver_number"": 5, ""session_key"": 11254}",0,http_429,"{""detail"":""Rate limit exceeded. Max 30 requests/minute."",""error"":""Too Many Requests""}",0.481
2026-10-10T22:28:23.437173Z,drivers,drivers_by_observed_driver_number,"{""driver_number"": 6, ""session_key"": 11254}",0,http_429,"{""detail"":""Rate limit exceeded. Max 30 requests/minute."",""error"":""Too Many Requests""}",0.481
2026-10-10T22:28:24.016990Z,drivers,drivers_by_observed_driver_number,"{""driver_number"": 10, ""session_key"": 11254}",0,http_429,"{""detail"":""Rate limit exceeded. Max 30 requests/minute."",""error"":""Too Many Requests""}",0.479
2026-10-10T22:28:24.597043Z,drivers,drivers_by_observed_driver_number,"{""driver_number"": 11, ""session_key"": 11254}",0,http_429,"{""detail"":""Rate limit exceeded. Max 30 requests/minute."",""error"":""Too Many Requests""}",0.479
2026-10-10T22:28:25.184128Z,drivers,drivers_by_observed_driver_number,"{""driver_number"": 12, ""session_key"": 11254}",0,http_429,"{""detail"":""Rate limit exceeded. Max 30 requests/minute."",""error"":""Too Many Requests""}",0.486
2026-10-10T22:28:25.767565Z,drivers,drivers_by_observed_driver_number,"{""driver_number"": 14, ""session_key"": 11254}",0,http_429,"{""detail"":""Rate limit exceeded. Max 30 requests/minute."",""error"":""Too Many Requests""}",0.482
2026-10-10T22:28:26.349792Z,drivers,drivers_by_observed_driver_number,"{""driver_number"": 16, ""session_key"": 11254}",0,http_429,"{""detail"":""Rate limit exceeded. Max 30 requests/minute."",""error"":""Too Many Requests""}",0.481
2026-10-10T22:28:26.933322Z,drivers,drivers_by_observed_driver_number,"{""driver_number"": 18, ""session_key"": 11254}",0,http_429,"{""detail"":""Rate limit exceeded. Max 30 requests/minute."",""error"":""Too Many Requests""}",0.482
2026-10-10T22:28:27.516069Z,drivers,drivers_by_observed_driver_number,"{""driver_number"": 23, ""session_key"": 11254}",0,http_429,"{""detail"":""Rate limit exceeded. Max 30 requests/minute."",""error"":""Too Many Requests""}",0.482
2026-10-10T22:28:28.101029Z,drivers,drivers_by_observed_driver_number,"{""driver_number"": 27, ""session_key"": 11254}",0,http_429,"{""detail"":""Rate limit exceeded. Max 30 requests/minute."",""error"":""Too Many Requests""}",0.484
2026-10-10T22:28:28.683011Z,drivers,drivers_by_observed_driver_number,"{""driver_number"": 30, ""session_key"": 11254}",0,http_429,"{""detail"":""Rate limit exceeded. Max 30 requests/minute."",""error"":""Too Many Requests""}",0.481
2026-10-10T22:28:29.264472Z,drivers,drivers_by_observed_driver_number,"{""driver_number"": 31, ""session_key"": 11254}",0,http_429,"{""detail"":""Rate limit exceeded. Max 30 requests/minute."",""error"":""Too Many Requests""}",0.48
2026-10-10T22:28:29.850231Z,drivers,drivers_by_observed_driver_number,"{""driver_number"": 34, ""session_key"": 11254}",0,http_429,"{""detail"":""Rate limit exceeded. Max 30 requests/minute."",""error"":""Too Many Requests""}",0.485
2026-10-10T22:28:30.431544Z,drivers,drivers_by_observed_driver_number,"{""driver_number"": 41, ""session_key"": 11254}",0,http_429,"{""detail"":""Rate limit exceeded. Max 30 requests/minute."",""error"":""Too Many Requests""}",0.48
2026-10-10T22:28:31.013113Z,drivers,drivers_by_observed_driver_number,"{""driver_number"": 43, ""session_key"": 11254}",0,http_429,"{""detail"":""Rate limit exceeded. Max 30 requests/minute."",""error"":""Too Many Requests""}",0.48
2026-10-10T22:28:31.598479Z,drivers,drivers_by_observed_driver_number,"{""driver_number"": 44, ""session_key"": 11254}",0,http_429,"{""detail"":""Rate limit exceeded. Max 30 requests/minute."",""error"":""Too Many Requests""}",0.484
2026-10-10T22:28:32.181032Z,drivers,drivers_by_observed_driver_number,"{""driver_number"": 55, ""session_key"": 11254}",0,http_429,"{""detail"":""Rate limit exceeded. Max 30 requests/minute."",""error"":""Too Many Requests""}",0.481
2026-10-10T22:28:32.763405Z,drivers,drivers_by_observed_driver_number,"{""driver_number"": 63, ""session_key"": 11254}",0,http_429,"{""detail"":""Rate limit exceeded. Max 30 requests/minute."",""error"":""Too Many Requests""}",0.481
2026-10-10T22:28:33.345942Z,drivers,drivers_by_observed_driver_number,"{""driver_number"": 77, ""session_key"": 11254}",0,http_429,"{""detail"":""Rate limit exceeded. Max 30 requests/minute."",""error"":""Too Many Requests""}",0.481
2026-10-10T22:28:33.929758Z,drivers,drivers_by_observed_driver_number,"{""driver_number"": 81, ""session_key"": 11254}",0,http_429,"{""detail"":""Rate limit exceeded. Max 30 requests/minute."",""error"":""Too Many Requests""}",0.483
2026-10-10T22:28:34.517124Z,drivers,drivers_by_observed_driver_number,"{""driver_number"": 87, ""session_key"": 11254}",0,http_429,"{""detail"":""Rate limit exceeded. Max 30 requests/minute."",""error"":""Too Many Requests""}",0.486
2026-10-10T22:28:35.104126Z,drivers,drivers_by_observed_driver_number,"{""driver_number"": 241, ""session_key"": 11254}",0,http_429,"{""detail"":""Rate limit exceeded. Max 30 requests/minute."",""error"":""Too Many Requests""}",0.486
2026-10-10T22:28:35.685962Z,drivers,drivers_by_observed_driver_number,"{""driver_number"": 243, ""session_key"": 11254}",0,http_429,"{""detail"":""Rate limit exceeded. Max 30 requests/minute."",""error"":""Too Many Requests""}",0.481
2026-10-10T22:28:36.272727Z,drivers,drivers_by_observed_driver_number,"{""driver_number"": 247, ""session_key"": 11254}",0,http_429,"{""detail"":""Rate limit exceeded. Max 30 requests/minute."",""error"":""Too Many Requests""}",0.486
2026-10-10T22:28:36.855608Z,team_radio,team_radio_by_session_key_opportunistic,"{""session_key"": 11254}",0,http_429,"{""detail"":""Rate limit exceeded. Max 30 requests/minute."",""error"":""Too Many Requests""}",0.481
2026-10-10T22:28:37.435726Z,weather,weather_by_session_key,"{""session_key"": 11255}",0,http_429,"{""detail"":""Rate limit exceeded. Max 30 requests/minute."",""error"":""Too Many Requests""}",0.479
2026-10-10T22:28:38.023587Z,race_control,race_control_by_session_key,"{""session_key"": 11255}",0,http_429,"{""detail"":""Rate limit exceeded. Max 30 requests/minute."",""error"":""Too Many Requests""}",0.487
2026-10-10T22:28:38.606247Z,intervals,intervals_by_session_key,"{""session_key"": 11255}",0,http_429,"{""detail"":""Rate limit exceeded. Max 30 requests/minute."",""error"":""Too Many Requests""}",0.481
2026-10-10T22:28:39.188376Z,position,position_by_session_key,"{""session_key"": 11255}",0,http_429,"{""detail"":""Rate limit exceeded. Max 30 requests/minute."",""error"":""Too Many Requests""}",0.481
2026-10-10T22:28:39.769664Z,position,position_by_meeting_key_fallback,"{""meeting_key"": 1282}",0,http_429,"{""detail"":""Rate limit exceeded. Max 30 requests/minute."",""error"":""Too Many Requests""}",0.48
2026-10-10T22:28:40.351866Z,stints,stints_by_session_key,"{""session_key"": 11255}",0,http_429,"{""detail"":""Rate limit exceeded. Max 30 requests/minute."",""error"":""Too Many Requests""}",0.481
2026-10-10T22:28:40.453203Z,pit,skip_non_race_like_session,"{""session_key"": 11255}",0,skipped_not_applicable,pit endpoint is only treated as required for race/sprint-like sessions,0.0
2026-10-10T22:28:40.937731Z,starting_grid,starting_grid_by_session_key,"{""session_key"": 11255}",0,http_429,"{""detail"":""Rate limit exceeded. Max 30 requests/minute."",""error"":""Too Many Requests""}",0.484
2026-10-10T22:28:41.520550Z,drivers,drivers_by_session_key,"{""session_key"": 11255}",0,http_429,"{""detail"":""Rate limit exceeded. Max 30 requests/minute."",""error"":""Too Many Requests""}",0.482
2026-10-10T22:28:42.114022Z,drivers,drivers_by_observed_driver_number,"{""driver_number"": 1, ""session_key"": 11255}",0,http_429,"{""detail"":""Rate limit exceeded. Max 30 requests/minute."",""error"":""Too Many Requests""}",0.48
2026-10-10T22:28:42.700024Z,drivers,drivers_by_observed_driver_number,"{""driver_number"": 3, ""session_key"": 11255}",0,http_429,"{""detail"":""Rate limit exceeded. Max 30 requests/minute."",""error"":""Too Many Requests""}",0.485
2026-10-10T22:28:43.279502Z,drivers,drivers_by_observed_driver_number,"{""driver_number"": 5, ""session_key"": 11255}",0,http_429,"{""detail"":""Rate limit exceeded. Max 30 requests/minute."",""error"":""Too Many Requests""}",0.478
2026-10-10T22:28:43.859301Z,drivers,drivers_by_observed_driver_number,"{""driver_number"": 6, ""session_key"": 11255}",0,http_429,"{""detail"":""Rate limit exceeded. Max 30 requests/minute."",""error"":""Too Many Requests""}",0.479
2026-10-10T22:28:44.444308Z,drivers,drivers_by_observed_driver_number,"{""driver_number"": 10, ""session_key"": 11255}",0,http_429,"{""detail"":""Rate limit exceeded. Max 30 requests/minute."",""error"":""Too Many Requests""}",0.484
2026-10-10T22:28:45.027201Z,drivers,drivers_by_observed_driver_number,"{""driver_number"": 11, ""session_key"": 11255}",0,http_429,"{""detail"":""Rate limit exceeded. Max 30 requests/minute."",""error"":""Too Many Requests""}",0.482
2026-10-10T22:28:45.625395Z,drivers,drivers_by_observed_driver_number,"{""driver_number"": 12, ""session_key"": 11255}",0,http_429,"{""detail"":""Rate limit exceeded. Max 30 requests/minute."",""error"":""Too Many Requests""}",0.497
2026-10-10T22:28:46.207375Z,drivers,drivers_by_observed_driver_number,"{""driver_number"": 14, ""session_key"": 11255}",0,http_429,"{""detail"":""Rate limit exceeded. Max 30 requests/minute."",""error"":""Too Many Requests""}",0.481
2026-10-10T22:28:46.790207Z,drivers,drivers_by_observed_driver_number,"{""driver_number"": 16, ""session_key"": 11255}",0,http_429,"{""detail"":""Rate limit exceeded. Max 30 requests/minute."",""error"":""Too Many Requests""}",0.482
2026-10-10T22:28:47.376280Z,drivers,drivers_by_observed_driver_number,"{""driver_number"": 18, ""session_key"": 11255}",0,http_429,"{""detail"":""Rate limit exceeded. Max 30 requests/minute."",""error"":""Too Many Requests""}",0.485
2026-10-10T22:28:47.958995Z,drivers,drivers_by_observed_driver_number,"{""driver_number"": 23, ""session_key"": 11255}",0,http_429,"{""detail"":""Rate limit exceeded. Max 30 requests/minute."",""error"":""Too Many Requests""}",0.482
2026-10-10T22:28:48.544775Z,drivers,drivers_by_observed_driver_number,"{""driver_number"": 27, ""session_key"": 11255}",0,http_429,"{""detail"":""Rate limit exceeded. Max 30 requests/minute."",""error"":""Too Many Requests""}",0.485
2026-10-10T22:28:49.124650Z,drivers,drivers_by_observed_driver_number,"{""driver_number"": 30, ""session_key"": 11255}",0,http_429,"{""detail"":""Rate limit exceeded. Max 30 requests/minute."",""error"":""Too Many Requests""}",0.479
2026-10-10T22:28:49.704532Z,drivers,drivers_by_observed_driver_number,"{""driver_number"": 31, ""session_key"": 11255}",0,http_429,"{""detail"":""Rate limit exceeded. Max 30 requests/minute."",""error"":""Too Many Requests""}",0.479
2026-10-10T22:28:50.287378Z,drivers,drivers_by_observed_driver_number,"{""driver_number"": 34, ""session_key"": 11255}",0,http_429,"{""detail"":""Rate limit exceeded. Max 30 requests/minute."",""error"":""Too Many Requests""}",0.482
2026-10-10T22:28:50.873062Z,drivers,drivers_by_observed_driver_number,"{""driver_number"": 41, ""session_key"": 11255}",0,http_429,"{""detail"":""Rate limit exceeded. Max 30 requests/minute."",""error"":""Too Many Requests""}",0.484
2026-10-10T22:28:51.454974Z,drivers,drivers_by_observed_driver_number,"{""driver_number"": 43, ""session_key"": 11255}",0,http_429,"{""detail"":""Rate limit exceeded. Max 30 requests/minute."",""error"":""Too Many Requests""}",0.481
2026-10-10T22:28:52.037551Z,drivers,drivers_by_observed_driver_number,"{""driver_number"": 44, ""session_key"": 11255}",0,http_429,"{""detail"":""Rate limit exceeded. Max 30 requests/minute."",""error"":""Too Many Requests""}",0.481
2026-10-10T22:28:52.621346Z,drivers,drivers_by_observed_driver_number,"{""driver_number"": 55, ""session_key"": 11255}",0,http_429,"{""detail"":""Rate limit exceeded. Max 30 requests/minute."",""error"":""Too Many Requests""}",0.483
2026-10-10T22:28:53.204763Z,drivers,drivers_by_observed_driver_number,"{""driver_number"": 63, ""session_key"": 11255}",0,http_429,"{""detail"":""Rate limit exceeded. Max 30 requests/minute."",""error"":""Too Many Requests""}",0.482
2026-10-10T22:28:53.790357Z,drivers,drivers_by_observed_driver_number,"{""driver_number"": 77, ""session_key"": 11255}",0,http_429,"{""detail"":""Rate limit exceeded. Max 30 requests/minute."",""error"":""Too Many Requests""}",0.484
2026-10-10T22:28:54.374688Z,drivers,drivers_by_observed_driver_number,"{""driver_number"": 81, ""session_key"": 11255}",0,http_429,"{""detail"":""Rate limit exceeded. Max 30 requests/minute."",""error"":""Too Many Requests""}",0.483
2026-10-10T22:28:54.958530Z,drivers,drivers_by_observed_driver_number,"{""driver_number"": 87, ""session_key"": 11255}",0,http_429,"{""detail"":""Rate limit exceeded. Max 30 requests/minute."",""error"":""Too Many Requests""}",0.483
2026-10-10T22:28:55.548175Z,drivers,drivers_by_observed_driver_number,"{""driver_number"": 241, ""session_key"": 11255}",0,http_429,"{""detail"":""Rate limit exceeded. Max 30 requests/minute."",""error"":""Too Many Requests""}",0.489
2026-10-10T22:28:56.130050Z,drivers,drivers_by_observed_driver_number,"{""driver_number"": 243, ""session_key"": 11255}",0,http_429,"{""detail"":""Rate limit exceeded. Max 30 requests/minute."",""error"":""Too Many Requests""}",0.481
2026-10-10T22:28:56.725609Z,drivers,drivers_by_observed_driver_number,"{""driver_number"": 247, ""session_key"": 11255}",0,http_429,"{""detail"":""Rate limit exceeded. Max 30 requests/minute."",""error"":""Too Many Requests""}",0.494
2026-10-10T22:28:57.320126Z,team_radio,team_radio_by_session_key_opportunistic,"{""session_key"": 11255}",0,http_429,"{""detail"":""Rate limit exceeded. Max 30 requests/minute."",""error"":""Too Many Requests""}",0.493
2026-10-10T22:28:57.904523Z,weather,weather_by_session_key,"{""session_key"": 11256}",0,http_429,"{""detail"":""Rate limit exceeded. Max 30 requests/minute."",""error"":""Too Many Requests""}",0.483
2026-10-10T22:28:58.488665Z,race_control,race_control_by_session_key,"{""session_key"": 11256}",0,http_429,"{""detail"":""Rate limit exceeded. Max 30 requests/minute."",""error"":""Too Many Requests""}",0.483
2026-10-10T22:28:59.073376Z,intervals,intervals_by_session_key,"{""session_key"": 11256}",0,http_429,"{""detail"":""Rate limit exceeded. Max 30 requests/minute."",""error"":""Too Many Requests""}",0.484
2026-10-10T22:28:59.664542Z,position,position_by_session_key,"{""session_key"": 11256}",0,http_429,"{""detail"":""Rate limit exceeded. Max 30 requests/minute."",""error"":""Too Many Requests""}",0.49
2026-10-10T22:29:00.254213Z,position,position_by_meeting_key_fallback,"{""meeting_key"": 1282}",0,http_404,"{""detail"":""No results found.""}",0.488
2026-10-10T22:29:00.838279Z,stints,stints_by_session_key,"{""session_key"": 11256}",0,http_404,"{""detail"":""No results found.""}",0.483
2026-10-10T22:29:00.939648Z,pit,skip_non_race_like_session,"{""session_key"": 11256}",0,skipped_not_applicable,pit endpoint is only treated as required for race/sprint-like sessions,0.0
2026-10-10T22:29:01.423110Z,starting_grid,starting_grid_by_session_key,"{""session_key"": 11256}",0,http_404,"{""detail"":""No results found.""}",0.483
2026-10-10T22:29:02.006075Z,drivers,drivers_by_session_key,"{""session_key"": 11256}",22,pass,,0.482
2026-10-10T22:29:02.588118Z,team_radio,team_radio_by_session_key_opportunistic,"{""session_key"": 11256}",0,http_404,"{""detail"":""No results found.""}",0.48
2026-10-10T22:29:03.172463Z,weather,weather_by_session_key,"{""session_key"": 11257}",0,http_404,"{""detail"":""No results found.""}",0.483
2026-10-10T22:29:03.766481Z,race_control,race_control_by_session_key,"{""session_key"": 11257}",0,http_404,"{""detail"":""No results found.""}",0.493
2026-10-10T22:29:04.350880Z,intervals,intervals_by_session_key,"{""session_key"": 11257}",0,http_404,"{""detail"":""No results found.""}",0.483
2026-10-10T22:29:04.938738Z,position,position_by_session_key,"{""session_key"": 11257}",0,http_404,"{""detail"":""No results found.""}",0.487
2026-10-10T22:29:05.521593Z,position,position_by_meeting_key_fallback,"{""meeting_key"": 1282}",0,http_404,"{""detail"":""No results found.""}",0.482
2026-10-10T22:29:06.106047Z,stints,stints_by_session_key,"{""session_key"": 11257}",0,http_404,"{""detail"":""No results found.""}",0.483
2026-10-10T22:29:06.207417Z,pit,skip_non_race_like_session,"{""session_key"": 11257}",0,skipped_not_applicable,pit endpoint is only treated as required for race/sprint-like sessions,0.0
2026-10-10T22:29:06.700956Z,starting_grid,starting_grid_by_session_key,"{""session_key"": 11257}",0,http_404,"{""detail"":""No results found.""}",0.493
2026-10-10T22:29:07.297219Z,drivers,drivers_by_session_key,"{""session_key"": 11257}",22,pass,,0.495
2026-10-10T22:29:07.880743Z,team_radio,team_radio_by_session_key_opportunistic,"{""session_key"": 11257}",0,http_404,"{""detail"":""No results found.""}",0.482
2026-10-10T22:29:08.463325Z,weather,weather_by_session_key,"{""session_key"": 11261}",0,http_404,"{""detail"":""No results found.""}",0.481
2026-10-10T22:29:09.046943Z,race_control,race_control_by_session_key,"{""session_key"": 11261}",0,http_404,"{""detail"":""No results found.""}",0.482
2026-10-10T22:29:09.628585Z,intervals,intervals_by_session_key,"{""session_key"": 11261}",0,http_404,"{""detail"":""No results found.""}",0.48
2026-10-10T22:29:10.222714Z,position,position_by_session_key,"{""session_key"": 11261}",0,http_404,"{""detail"":""No results found.""}",0.493
2026-10-10T22:29:10.809122Z,position,position_by_meeting_key_fallback,"{""meeting_key"": 1282}",0,http_404,"{""detail"":""No results found.""}",0.485
2026-10-10T22:29:11.393037Z,stints,stints_by_session_key,"{""session_key"": 11261}",0,http_404,"{""detail"":""No results found.""}",0.483
2026-10-10T22:29:11.976327Z,pit,pit_by_session_key,"{""session_key"": 11261}",0,http_404,"{""detail"":""No results found.""}",0.482
2026-10-10T22:29:12.559923Z,starting_grid,starting_grid_by_session_key,"{""session_key"": 11261}",0,http_404,"{""detail"":""No results found.""}",0.482
2026-10-10T22:29:13.201608Z,drivers,drivers_by_session_key,"{""session_key"": 11261}",22,pass,,0.54
2026-10-10T22:29:13.786138Z,team_radio,team_radio_by_session_key_opportunistic,"{""session_key"": 11261}",0,http_404,"{""detail"":""No results found.""}",0.483
2026-10-10T22:29:14.370102Z,weather,weather_by_session_key,"{""session_key"": 11262}",0,http_404,"{""detail"":""No results found.""}",0.483
2026-10-10T22:29:14.952482Z,race_control,race_control_by_session_key,"{""session_key"": 11262}",0,http_404,"{""detail"":""No results found.""}",0.481
2026-10-10T22:29:15.534098Z,intervals,intervals_by_session_key,"{""session_key"": 11262}",0,http_404,"{""detail"":""No results found.""}",0.48
2026-10-10T22:29:16.116743Z,position,position_by_session_key,"{""session_key"": 11262}",0,http_404,"{""detail"":""No results found.""}",0.481
2026-10-10T22:29:16.710739Z,position,position_by_meeting_key_fallback,"{""meeting_key"": 1283}",0,http_404,"{""detail"":""No results found.""}",0.493
2026-10-10T22:29:17.295548Z,stints,stints_by_session_key,"{""session_key"": 11262}",0,http_404,"{""detail"":""No results found.""}",0.484
2026-10-10T22:29:17.396910Z,pit,skip_non_race_like_session,"{""session_key"": 11262}",0,skipped_not_applicable,pit endpoint is only treated as required for race/sprint-like sessions,0.0
2026-10-10T22:29:17.878198Z,starting_grid,starting_grid_by_session_key,"{""session_key"": 11262}",0,http_429,"{""detail"":""Rate limit exceeded. Max 30 requests/minute."",""error"":""Too Many Requests""}",0.481
2026-10-10T22:29:18.459603Z,drivers,drivers_by_session_key,"{""session_key"": 11262}",0,http_429,"{""detail"":""Rate limit exceeded. Max 30 requests/minute."",""error"":""Too Many Requests""}",0.48
2026-10-10T22:29:19.054964Z,drivers,drivers_by_observed_driver_number,"{""driver_number"": 1, ""session_key"": 11262}",0,http_429,"{""detail"":""Rate limit exceeded. Max 30 requests/minute."",""error"":""Too Many Requests""}",0.482
2026-10-10T22:29:19.639930Z,drivers,drivers_by_observed_driver_number,"{""driver_number"": 3, ""session_key"": 11262}",0,http_429,"{""detail"":""Rate limit exceeded. Max 30 requests/minute."",""error"":""Too Many Requests""}",0.484
2026-10-10T22:29:20.224461Z,drivers,drivers_by_observed_driver_number,"{""driver_number"": 5, ""session_key"": 11262}",0,http_429,"{""detail"":""Rate limit exceeded. Max 30 requests/minute."",""error"":""Too Many Requests""}",0.483
2026-10-10T22:29:20.807098Z,drivers,drivers_by_observed_driver_number,"{""driver_number"": 6, ""session_key"": 11262}",0,http_429,"{""detail"":""Rate limit exceeded. Max 30 requests/minute."",""error"":""Too Many Requests""}",0.481
2026-10-10T22:29:21.387595Z,drivers,drivers_by_observed_driver_number,"{""driver_number"": 10, ""session_key"": 11262}",0,http_429,"{""detail"":""Rate limit exceeded. Max 30 requests/minute."",""error"":""Too Many Requests""}",0.479
2026-10-10T22:29:21.966308Z,drivers,drivers_by_observed_driver_number,"{""driver_number"": 11, ""session_key"": 11262}",0,http_429,"{""detail"":""Rate limit exceeded. Max 30 requests/minute."",""error"":""Too Many Requests""}",0.478
2026-10-10T22:29:22.547341Z,drivers,drivers_by_observed_driver_number,"{""driver_number"": 12, ""session_key"": 11262}",0,http_429,"{""detail"":""Rate limit exceeded. Max 30 requests/minute."",""error"":""Too Many Requests""}",0.48
2026-10-10T22:29:23.138520Z,drivers,drivers_by_observed_driver_number,"{""driver_number"": 14, ""session_key"": 11262}",0,http_429,"{""detail"":""Rate limit exceeded. Max 30 requests/minute."",""error"":""Too Many Requests""}",0.49
2026-10-10T22:29:23.722593Z,drivers,drivers_by_observed_driver_number,"{""driver_number"": 16, ""session_key"": 11262}",0,http_429,"{""detail"":""Rate limit exceeded. Max 30 requests/minute."",""error"":""Too Many Requests""}",0.483
2026-10-10T22:29:24.306217Z,drivers,drivers_by_observed_driver_number,"{""driver_number"": 18, ""session_key"": 11262}",0,http_429,"{""detail"":""Rate limit exceeded. Max 30 requests/minute."",""error"":""Too Many Requests""}",0.482
2026-10-10T22:29:24.909895Z,drivers,drivers_by_observed_driver_number,"{""driver_number"": 23, ""session_key"": 11262}",0,http_429,"{""detail"":""Rate limit exceeded. Max 30 requests/minute."",""error"":""Too Many Requests""}",0.502
2026-10-10T22:29:25.491392Z,drivers,drivers_by_observed_driver_number,"{""driver_number"": 27, ""session_key"": 11262}",0,http_429,"{""detail"":""Rate limit exceeded. Max 30 requests/minute."",""error"":""Too Many Requests""}",0.48
2026-10-10T22:29:26.080464Z,drivers,drivers_by_observed_driver_number,"{""driver_number"": 30, ""session_key"": 11262}",0,http_429,"{""detail"":""Rate limit exceeded. Max 30 requests/minute."",""error"":""Too Many Requests""}",0.488
2026-10-10T22:29:26.663655Z,drivers,drivers_by_observed_driver_number,"{""driver_number"": 31, ""session_key"": 11262}",0,http_429,"{""detail"":""Rate limit exceeded. Max 30 requests/minute."",""error"":""Too Many Requests""}",0.482
2026-10-10T22:29:27.247213Z,drivers,drivers_by_observed_driver_number,"{""driver_number"": 34, ""session_key"": 11262}",0,http_429,"{""detail"":""Rate limit exceeded. Max 30 requests/minute."",""error"":""Too Many Requests""}",0.482
2026-10-10T22:29:27.836673Z,drivers,drivers_by_observed_driver_number,"{""driver_number"": 41, ""session_key"": 11262}",0,http_429,"{""detail"":""Rate limit exceeded. Max 30 requests/minute."",""error"":""Too Many Requests""}",0.488
2026-10-10T22:29:28.429138Z,drivers,drivers_by_observed_driver_number,"{""driver_number"": 43, ""session_key"": 11262}",0,http_429,"{""detail"":""Rate limit exceeded. Max 30 requests/minute."",""error"":""Too Many Requests""}",0.491
2026-10-10T22:29:29.010102Z,drivers,drivers_by_observed_driver_number,"{""driver_number"": 44, ""session_key"": 11262}",0,http_429,"{""detail"":""Rate limit exceeded. Max 30 requests/minute."",""error"":""Too Many Requests""}",0.48
2026-10-10T22:29:29.604231Z,drivers,drivers_by_observed_driver_number,"{""driver_number"": 55, ""session_key"": 11262}",0,http_429,"{""detail"":""Rate limit exceeded. Max 30 requests/minute."",""error"":""Too Many Requests""}",0.493
2026-10-10T22:29:30.186760Z,drivers,drivers_by_observed_driver_number,"{""driver_number"": 63, ""session_key"": 11262}",0,http_429,"{""detail"":""Rate limit exceeded. Max 30 requests/minute."",""error"":""Too Many Requests""}",0.481
2026-10-10T22:29:30.769586Z,drivers,drivers_by_observed_driver_number,"{""driver_number"": 77, ""session_key"": 11262}",0,http_429,"{""detail"":""Rate limit exceeded. Max 30 requests/minute."",""error"":""Too Many Requests""}",0.482
2026-10-10T22:29:31.351923Z,drivers,drivers_by_observed_driver_number,"{""driver_number"": 81, ""session_key"": 11262}",0,http_429,"{""detail"":""Rate limit exceeded. Max 30 requests/minute."",""error"":""Too Many Requests""}",0.481
2026-10-10T22:29:31.934451Z,drivers,drivers_by_observed_driver_number,"{""driver_number"": 87, ""session_key"": 11262}",0,http_429,"{""detail"":""Rate limit exceeded. Max 30 requests/minute."",""error"":""Too Many Requests""}",0.481
2026-10-10T22:29:32.520359Z,drivers,drivers_by_observed_driver_number,"{""driver_number"": 241, ""session_key"": 11262}",0,http_429,"{""detail"":""Rate limit exceeded. Max 30 requests/minute."",""error"":""Too Many Requests""}",0.485
2026-10-10T22:29:33.106542Z,drivers,drivers_by_observed_driver_number,"{""driver_number"": 243, ""session_key"": 11262}",0,http_429,"{""detail"":""Rate limit exceeded. Max 30 requests/minute."",""error"":""Too Many Requests""}",0.485
2026-10-10T22:29:33.689386Z,drivers,drivers_by_observed_driver_number,"{""driver_number"": 247, ""session_key"": 11262}",0,http_429,"{""detail"":""Rate limit exceeded. Max 30 requests/minute."",""error"":""Too Many Requests""}",0.482
2026-10-10T22:29:34.269397Z,team_radio,team_radio_by_session_key_opportunistic,"{""session_key"": 11262}",0,http_429,"{""detail"":""Rate limit exceeded. Max 30 requests/minute."",""error"":""Too Many Requests""}",0.478
2026-10-10T22:29:34.859557Z,weather,weather_by_session_key,"{""session_key"": 11263}",0,http_429,"{""detail"":""Rate limit exceeded. Max 30 requests/minute."",""error"":""Too Many Requests""}",0.484
2026-10-10T22:29:35.441071Z,race_control,race_control_by_session_key,"{""session_key"": 11263}",0,http_429,"{""detail"":""Rate limit exceeded. Max 30 requests/minute."",""error"":""Too Many Requests""}",0.48
2026-10-10T22:29:36.033474Z,intervals,intervals_by_session_key,"{""session_key"": 11263}",0,http_429,"{""detail"":""Rate limit exceeded. Max 30 requests/minute."",""error"":""Too Many Requests""}",0.491
2026-10-10T22:29:36.694621Z,position,position_by_session_key,"{""session_key"": 11263}",0,http_429,"{""detail"":""Rate limit exceeded. Max 30 requests/minute."",""error"":""Too Many Requests""}",0.56
2026-10-10T22:29:37.277065Z,position,position_by_meeting_key_fallback,"{""meeting_key"": 1283}",0,http_429,"{""detail"":""Rate limit exceeded. Max 30 requests/minute."",""error"":""Too Many Requests""}",0.481
2026-10-10T22:29:37.861292Z,stints,stints_by_session_key,"{""session_key"": 11263}",0,http_429,"{""detail"":""Rate limit exceeded. Max 30 requests/minute."",""error"":""Too Many Requests""}",0.483
2026-10-10T22:29:37.962636Z,pit,skip_non_race_like_session,"{""session_key"": 11263}",0,skipped_not_applicable,pit endpoint is only treated as required for race/sprint-like sessions,0.0
2026-10-10T22:29:38.446080Z,starting_grid,starting_grid_by_session_key,"{""session_key"": 11263}",0,http_429,"{""detail"":""Rate limit exceeded. Max 30 requests/minute."",""error"":""Too Many Requests""}",0.483
2026-10-10T22:29:39.032110Z,drivers,drivers_by_session_key,"{""session_key"": 11263}",0,http_429,"{""detail"":""Rate limit exceeded. Max 30 requests/minute."",""error"":""Too Many Requests""}",0.485
2026-10-10T22:29:39.626330Z,drivers,drivers_by_observed_driver_number,"{""driver_number"": 1, ""session_key"": 11263}",0,http_429,"{""detail"":""Rate limit exceeded. Max 30 requests/minute."",""error"":""Too Many Requests""}",0.481
2026-10-10T22:29:40.208317Z,drivers,drivers_by_observed_driver_number,"{""driver_number"": 3, ""session_key"": 11263}",0,http_429,"{""detail"":""Rate limit exceeded. Max 30 requests/minute."",""error"":""Too Many Requests""}",0.481
2026-10-10T22:29:40.790053Z,drivers,drivers_by_observed_driver_number,"{""driver_number"": 5, ""session_key"": 11263}",0,http_429,"{""detail"":""Rate limit exceeded. Max 30 requests/minute."",""error"":""Too Many Requests""}",0.48
2026-10-10T22:29:41.369292Z,drivers,drivers_by_observed_driver_number,"{""driver_number"": 6, ""session_key"": 11263}",0,http_429,"{""detail"":""Rate limit exceeded. Max 30 requests/minute."",""error"":""Too Many Requests""}",0.478
2026-10-10T22:29:41.949925Z,drivers,drivers_by_observed_driver_number,"{""driver_number"": 10, ""session_key"": 11263}",0,http_429,"{""detail"":""Rate limit exceeded. Max 30 requests/minute."",""error"":""Too Many Requests""}",0.479
2026-10-10T22:29:42.543548Z,drivers,drivers_by_observed_driver_number,"{""driver_number"": 11, ""session_key"": 11263}",0,http_429,"{""detail"":""Rate limit exceeded. Max 30 requests/minute."",""error"":""Too Many Requests""}",0.492
2026-10-10T22:29:43.129223Z,drivers,drivers_by_observed_driver_number,"{""driver_number"": 12, ""session_key"": 11263}",0,http_429,"{""detail"":""Rate limit exceeded. Max 30 requests/minute."",""error"":""Too Many Requests""}",0.484
2026-10-10T22:29:43.713355Z,drivers,drivers_by_observed_driver_number,"{""driver_number"": 14, ""session_key"": 11263}",0,http_429,"{""detail"":""Rate limit exceeded. Max 30 requests/minute."",""error"":""Too Many Requests""}",0.483
2026-10-10T22:29:44.295404Z,drivers,drivers_by_observed_driver_number,"{""driver_number"": 16, ""session_key"": 11263}",0,http_429,"{""detail"":""Rate limit exceeded. Max 30 requests/minute."",""error"":""Too Many Requests""}",0.481
2026-10-10T22:29:44.881636Z,drivers,drivers_by_observed_driver_number,"{""driver_number"": 18, ""session_key"": 11263}",0,http_429,"{""detail"":""Rate limit exceeded. Max 30 requests/minute."",""error"":""Too Many Requests""}",0.485
2026-10-10T22:29:45.472700Z,drivers,drivers_by_observed_driver_number,"{""driver_number"": 23, ""session_key"": 11263}",0,http_429,"{""detail"":""Rate limit exceeded. Max 30 requests/minute."",""error"":""Too Many Requests""}",0.49
2026-10-10T22:29:46.055640Z,drivers,drivers_by_observed_driver_number,"{""driver_number"": 27, ""session_key"": 11263}",0,http_429,"{""detail"":""Rate limit exceeded. Max 30 requests/minute."",""error"":""Too Many Requests""}",0.482
2026-10-10T22:29:46.640613Z,drivers,drivers_by_observed_driver_number,"{""driver_number"": 30, ""session_key"": 11263}",0,http_429,"{""detail"":""Rate limit exceeded. Max 30 requests/minute."",""error"":""Too Many Requests""}",0.484
2026-10-10T22:29:47.222688Z,drivers,drivers_by_observed_driver_number,"{""driver_number"": 31, ""session_key"": 11263}",0,http_429,"{""detail"":""Rate limit exceeded. Max 30 requests/minute."",""error"":""Too Many Requests""}",0.481
2026-10-10T22:29:47.808098Z,drivers,drivers_by_observed_driver_number,"{""driver_number"": 34, ""session_key"": 11263}",0,http_429,"{""detail"":""Rate limit exceeded. Max 30 requests/minute."",""error"":""Too Many Requests""}",0.484
2026-10-10T22:29:48.389578Z,drivers,drivers_by_observed_driver_number,"{""driver_number"": 41, ""session_key"": 11263}",0,http_429,"{""detail"":""Rate limit exceeded. Max 30 requests/minute."",""error"":""Too Many Requests""}",0.48
2026-10-10T22:29:48.971580Z,drivers,drivers_by_observed_driver_number,"{""driver_number"": 43, ""session_key"": 11263}",0,http_429,"{""detail"":""Rate limit exceeded. Max 30 requests/minute."",""error"":""Too Many Requests""}",0.481
2026-10-10T22:29:49.558081Z,drivers,drivers_by_observed_driver_number,"{""driver_number"": 44, ""session_key"": 11263}",0,http_429,"{""detail"":""Rate limit exceeded. Max 30 requests/minute."",""error"":""Too Many Requests""}",0.485
2026-10-10T22:29:50.139864Z,drivers,drivers_by_observed_driver_number,"{""driver_number"": 55, ""session_key"": 11263}",0,http_429,"{""detail"":""Rate limit exceeded. Max 30 requests/minute."",""error"":""Too Many Requests""}",0.481
2026-10-10T22:29:50.723537Z,drivers,drivers_by_observed_driver_number,"{""driver_number"": 63, ""session_key"": 11263}",0,http_429,"{""detail"":""Rate limit exceeded. Max 30 requests/minute."",""error"":""Too Many Requests""}",0.482
2026-10-10T22:29:51.313533Z,drivers,drivers_by_observed_driver_number,"{""driver_number"": 77, ""session_key"": 11263}",0,http_429,"{""detail"":""Rate limit exceeded. Max 30 requests/minute."",""error"":""Too Many Requests""}",0.489
2026-10-10T22:29:51.893895Z,drivers,drivers_by_observed_driver_number,"{""driver_number"": 81, ""session_key"": 11263}",0,http_429,"{""detail"":""Rate limit exceeded. Max 30 requests/minute."",""error"":""Too Many Requests""}",0.479
2026-10-10T22:29:52.477454Z,drivers,drivers_by_observed_driver_number,"{""driver_number"": 87, ""session_key"": 11263}",0,http_429,"{""detail"":""Rate limit exceeded. Max 30 requests/minute."",""error"":""Too Many Requests""}",0.482
2026-10-10T22:29:53.060780Z,drivers,drivers_by_observed_driver_number,"{""driver_number"": 241, ""session_key"": 11263}",0,http_429,"{""detail"":""Rate limit exceeded. Max 30 requests/minute."",""error"":""Too Many Requests""}",0.482
2026-10-10T22:29:53.644466Z,drivers,drivers_by_observed_driver_number,"{""driver_number"": 243, ""session_key"": 11263}",0,http_429,"{""detail"":""Rate limit exceeded. Max 30 requests/minute."",""error"":""Too Many Requests""}",0.482
2026-10-10T22:29:54.226165Z,drivers,drivers_by_observed_driver_number,"{""driver_number"": 247, ""session_key"": 11263}",0,http_429,"{""detail"":""Rate limit exceeded. Max 30 requests/minute."",""error"":""Too Many Requests""}",0.48
2026-10-10T22:29:54.813013Z,team_radio,team_radio_by_session_key_opportunistic,"{""session_key"": 11263}",0,http_429,"{""detail"":""Rate limit exceeded. Max 30 requests/minute."",""error"":""Too Many Requests""}",0.485
2026-10-10T22:29:55.394328Z,weather,weather_by_session_key,"{""session_key"": 11264}",0,http_429,"{""detail"":""Rate limit exceeded. Max 30 requests/minute."",""error"":""Too Many Requests""}",0.48
2026-10-10T22:29:55.981783Z,race_control,race_control_by_session_key,"{""session_key"": 11264}",0,http_429,"{""detail"":""Rate limit exceeded. Max 30 requests/minute."",""error"":""Too Many Requests""}",0.486
2026-10-10T22:29:56.563976Z,intervals,intervals_by_session_key,"{""session_key"": 11264}",0,http_429,"{""detail"":""Rate limit exceeded. Max 30 requests/minute."",""error"":""Too Many Requests""}",0.481
2026-10-10T22:29:57.148537Z,position,position_by_session_key,"{""session_key"": 11264}",0,http_429,"{""detail"":""Rate limit exceeded. Max 30 requests/minute."",""error"":""Too Many Requests""}",0.483
2026-10-10T22:29:57.733497Z,position,position_by_meeting_key_fallback,"{""meeting_key"": 1283}",0,http_429,"{""detail"":""Rate limit exceeded. Max 30 requests/minute."",""error"":""Too Many Requests""}",0.484
2026-10-10T22:29:58.315785Z,stints,stints_by_session_key,"{""session_key"": 11264}",0,http_429,"{""detail"":""Rate limit exceeded. Max 30 requests/minute."",""error"":""Too Many Requests""}",0.481
2026-10-10T22:29:58.417062Z,pit,skip_non_race_like_session,"{""session_key"": 11264}",0,skipped_not_applicable,pit endpoint is only treated as required for race/sprint-like sessions,0.0
2026-10-10T22:29:58.901932Z,starting_grid,starting_grid_by_session_key,"{""session_key"": 11264}",0,http_429,"{""detail"":""Rate limit exceeded. Max 30 requests/minute."",""error"":""Too Many Requests""}",0.485
2026-10-10T22:29:59.487364Z,drivers,drivers_by_session_key,"{""session_key"": 11264}",0,http_429,"{""detail"":""Rate limit exceeded. Max 30 requests/minute."",""error"":""Too Many Requests""}",0.484
2026-10-10T22:30:00.087165Z,drivers,drivers_by_observed_driver_number,"{""driver_number"": 1, ""session_key"": 11264}",1,pass,,0.487
2026-10-10T22:30:00.673711Z,drivers,drivers_by_observed_driver_number,"{""driver_number"": 3, ""session_key"": 11264}",1,pass,,0.485
2026-10-10T22:30:01.262007Z,drivers,drivers_by_observed_driver_number,"{""driver_number"": 5, ""session_key"": 11264}",1,pass,,0.487
2026-10-10T22:30:01.845496Z,drivers,drivers_by_observed_driver_number,"{""driver_number"": 6, ""session_key"": 11264}",1,pass,,0.482
2026-10-10T22:30:02.432798Z,drivers,drivers_by_observed_driver_number,"{""driver_number"": 10, ""session_key"": 11264}",1,pass,,0.486
2026-10-10T22:30:03.143183Z,drivers,drivers_by_observed_driver_number,"{""driver_number"": 11, ""session_key"": 11264}",1,pass,,0.609
2026-10-10T22:30:03.727702Z,drivers,drivers_by_observed_driver_number,"{""driver_number"": 12, ""session_key"": 11264}",1,pass,,0.483
2026-10-10T22:30:04.314855Z,drivers,drivers_by_observed_driver_number,"{""driver_number"": 14, ""session_key"": 11264}",1,pass,,0.486
2026-10-10T22:30:04.898437Z,drivers,drivers_by_observed_driver_number,"{""driver_number"": 16, ""session_key"": 11264}",1,pass,,0.482
2026-10-10T22:30:05.483578Z,drivers,drivers_by_observed_driver_number,"{""driver_number"": 18, ""session_key"": 11264}",1,pass,,0.484
2026-10-10T22:30:06.070520Z,drivers,drivers_by_observed_driver_number,"{""driver_number"": 23, ""session_key"": 11264}",1,pass,,0.486
2026-10-10T22:30:06.658113Z,drivers,drivers_by_observed_driver_number,"{""driver_number"": 27, ""session_key"": 11264}",1,pass,,0.486
2026-10-10T22:30:07.243324Z,drivers,drivers_by_observed_driver_number,"{""driver_number"": 30, ""session_key"": 11264}",1,pass,,0.484
2026-10-10T22:30:07.831108Z,drivers,drivers_by_observed_driver_number,"{""driver_number"": 31, ""session_key"": 11264}",1,pass,,0.487
2026-10-10T22:30:08.416743Z,drivers,drivers_by_observed_driver_number,"{""driver_number"": 34, ""session_key"": 11264}",0,http_404,"{""detail"":""No results found.""}",0.484
2026-10-10T22:30:09.006217Z,drivers,drivers_by_observed_driver_number,"{""driver_number"": 41, ""session_key"": 11264}",1,pass,,0.488
2026-10-10T22:30:09.591134Z,drivers,drivers_by_observed_driver_number,"{""driver_number"": 43, ""session_key"": 11264}",1,pass,,0.484
2026-10-10T22:30:10.175319Z,drivers,drivers_by_observed_driver_number,"{""driver_number"": 44, ""session_key"": 11264}",1,pass,,0.483
2026-10-10T22:30:10.762954Z,drivers,drivers_by_observed_driver_number,"{""driver_number"": 55, ""session_key"": 11264}",1,pass,,0.486
2026-10-10T22:30:11.346101Z,drivers,drivers_by_observed_driver_number,"{""driver_number"": 63, ""session_key"": 11264}",1,pass,,0.482
2026-10-10T22:30:11.936966Z,drivers,drivers_by_observed_driver_number,"{""driver_number"": 77, ""session_key"": 11264}",1,pass,,0.49
2026-10-10T22:30:12.526056Z,drivers,drivers_by_observed_driver_number,"{""driver_number"": 81, ""session_key"": 11264}",1,pass,,0.488
2026-10-10T22:30:13.111938Z,drivers,drivers_by_observed_driver_number,"{""driver_number"": 87, ""session_key"": 11264}",1,pass,,0.485
2026-10-10T22:30:13.697338Z,drivers,drivers_by_observed_driver_number,"{""driver_number"": 241, ""session_key"": 11264}",0,http_404,"{""detail"":""No results found.""}",0.484
2026-10-10T22:30:14.283981Z,drivers,drivers_by_observed_driver_number,"{""driver_number"": 243, ""session_key"": 11264}",0,http_404,"{""detail"":""No results found.""}",0.485
2026-10-10T22:30:14.870747Z,drivers,drivers_by_observed_driver_number,"{""driver_number"": 247, ""session_key"": 11264}",0,http_404,"{""detail"":""No results found.""}",0.486
2026-10-10T22:30:15.463053Z,team_radio,team_radio_by_session_key_opportunistic,"{""session_key"": 11264}",0,http_404,"{""detail"":""No results found.""}",0.488
2026-10-10T22:30:16.047488Z,weather,weather_by_session_key,"{""session_key"": 11265}",0,http_404,"{""detail"":""No results found.""}",0.483
2026-10-10T22:30:16.631103Z,race_control,race_control_by_session_key,"{""session_key"": 11265}",0,http_404,"{""detail"":""No results found.""}",0.482
2026-10-10T22:30:17.216633Z,intervals,intervals_by_session_key,"{""session_key"": 11265}",0,http_404,"{""detail"":""No results found.""}",0.484
2026-10-10T22:30:17.795637Z,position,position_by_session_key,"{""session_key"": 11265}",0,http_429,"{""detail"":""Rate limit exceeded. Max 30 requests/minute."",""error"":""Too Many Requests""}",0.478
2026-10-10T22:30:18.377581Z,position,position_by_meeting_key_fallback,"{""meeting_key"": 1283}",0,http_429,"{""detail"":""Rate limit exceeded. Max 30 requests/minute."",""error"":""Too Many Requests""}",0.481
2026-10-10T22:30:18.960630Z,stints,stints_by_session_key,"{""session_key"": 11265}",0,http_429,"{""detail"":""Rate limit exceeded. Max 30 requests/minute."",""error"":""Too Many Requests""}",0.482
2026-10-10T22:30:19.061994Z,pit,skip_non_race_like_session,"{""session_key"": 11265}",0,skipped_not_applicable,pit endpoint is only treated as required for race/sprint-like sessions,0.0
2026-10-10T22:30:19.543571Z,starting_grid,starting_grid_by_session_key,"{""session_key"": 11265}",0,http_429,"{""detail"":""Rate limit exceeded. Max 30 requests/minute."",""error"":""Too Many Requests""}",0.481
2026-10-10T22:30:20.126244Z,drivers,drivers_by_session_key,"{""session_key"": 11265}",0,http_429,"{""detail"":""Rate limit exceeded. Max 30 requests/minute."",""error"":""Too Many Requests""}",0.481
2026-10-10T22:30:20.726201Z,drivers,drivers_by_observed_driver_number,"{""driver_number"": 1, ""session_key"": 11265}",0,http_429,"{""detail"":""Rate limit exceeded. Max 30 requests/minute."",""error"":""Too Many Requests""}",0.487
2026-10-10T22:30:21.308691Z,drivers,drivers_by_observed_driver_number,"{""driver_number"": 3, ""session_key"": 11265}",0,http_429,"{""detail"":""Rate limit exceeded. Max 30 requests/minute."",""error"":""Too Many Requests""}",0.481
2026-10-10T22:30:21.894533Z,drivers,drivers_by_observed_driver_number,"{""driver_number"": 5, ""session_key"": 11265}",0,http_429,"{""detail"":""Rate limit exceeded. Max 30 requests/minute."",""error"":""Too Many Requests""}",0.485
2026-10-10T22:30:22.476458Z,drivers,drivers_by_observed_driver_number,"{""driver_number"": 6, ""session_key"": 11265}",0,http_429,"{""detail"":""Rate limit exceeded. Max 30 requests/minute."",""error"":""Too Many Requests""}",0.481
2026-10-10T22:30:23.059873Z,drivers,drivers_by_observed_driver_number,"{""driver_number"": 10, ""session_key"": 11265}",0,http_429,"{""detail"":""Rate limit exceeded. Max 30 requests/minute."",""error"":""Too Many Requests""}",0.482
2026-10-10T22:30:23.649286Z,drivers,drivers_by_observed_driver_number,"{""driver_number"": 11, ""session_key"": 11265}",0,http_429,"{""detail"":""Rate limit exceeded. Max 30 requests/minute."",""error"":""Too Many Requests""}",0.488
2026-10-10T22:30:24.229997Z,drivers,drivers_by_observed_driver_number,"{""driver_number"": 12, ""session_key"": 11265}",0,http_429,"{""detail"":""Rate limit exceeded. Max 30 requests/minute."",""error"":""Too Many Requests""}",0.479
2026-10-10T22:30:24.814340Z,drivers,drivers_by_observed_driver_number,"{""driver_number"": 14, ""session_key"": 11265}",0,http_429,"{""detail"":""Rate limit exceeded. Max 30 requests/minute."",""error"":""Too Many Requests""}",0.483
2026-10-10T22:30:25.398064Z,drivers,drivers_by_observed_driver_number,"{""driver_number"": 16, ""session_key"": 11265}",0,http_429,"{""detail"":""Rate limit exceeded. Max 30 requests/minute."",""error"":""Too Many Requests""}",0.482
2026-10-10T22:30:25.981110Z,drivers,drivers_by_observed_driver_number,"{""driver_number"": 18, ""session_key"": 11265}",0,http_429,"{""detail"":""Rate limit exceeded. Max 30 requests/minute."",""error"":""Too Many Requests""}",0.482
2026-10-10T22:30:26.571224Z,drivers,drivers_by_observed_driver_number,"{""driver_number"": 23, ""session_key"": 11265}",0,http_429,"{""detail"":""Rate limit exceeded. Max 30 requests/minute."",""error"":""Too Many Requests""}",0.489
2026-10-10T22:30:27.152410Z,drivers,drivers_by_observed_driver_number,"{""driver_number"": 27, ""session_key"": 11265}",0,http_429,"{""detail"":""Rate limit exceeded. Max 30 requests/minute."",""error"":""Too Many Requests""}",0.48
2026-10-10T22:30:27.735459Z,drivers,drivers_by_observed_driver_number,"{""driver_number"": 30, ""session_key"": 11265}",0,http_429,"{""detail"":""Rate limit exceeded. Max 30 requests/minute."",""error"":""Too Many Requests""}",0.482
2026-10-10T22:30:28.317097Z,drivers,drivers_by_observed_driver_number,"{""driver_number"": 31, ""session_key"": 11265}",0,http_429,"{""detail"":""Rate limit exceeded. Max 30 requests/minute."",""error"":""Too Many Requests""}",0.48
2026-10-10T22:30:28.900196Z,drivers,drivers_by_observed_driver_number,"{""driver_number"": 34, ""session_key"": 11265}",0,http_429,"{""detail"":""Rate limit exceeded. Max 30 requests/minute."",""error"":""Too Many Requests""}",0.482
2026-10-10T22:30:29.482100Z,drivers,drivers_by_observed_driver_number,"{""driver_number"": 41, ""session_key"": 11265}",0,http_429,"{""detail"":""Rate limit exceeded. Max 30 requests/minute."",""error"":""Too Many Requests""}",0.481
2026-10-10T22:30:30.067601Z,drivers,drivers_by_observed_driver_number,"{""driver_number"": 43, ""session_key"": 11265}",0,http_429,"{""detail"":""Rate limit exceeded. Max 30 requests/minute."",""error"":""Too Many Requests""}",0.484
2026-10-10T22:30:30.648200Z,drivers,drivers_by_observed_driver_number,"{""driver_number"": 44, ""session_key"": 11265}",0,http_429,"{""detail"":""Rate limit exceeded. Max 30 requests/minute."",""error"":""Too Many Requests""}",0.479
2026-10-10T22:30:31.234457Z,drivers,drivers_by_observed_driver_number,"{""driver_number"": 55, ""session_key"": 11265}",0,http_429,"{""detail"":""Rate limit exceeded. Max 30 requests/minute."",""error"":""Too Many Requests""}",0.485
2026-10-10T22:30:31.821928Z,drivers,drivers_by_observed_driver_number,"{""driver_number"": 63, ""session_key"": 11265}",0,http_429,"{""detail"":""Rate limit exceeded. Max 30 requests/minute."",""error"":""Too Many Requests""}",0.486
2026-10-10T22:30:32.405701Z,drivers,drivers_by_observed_driver_number,"{""driver_number"": 77, ""session_key"": 11265}",0,http_429,"{""detail"":""Rate limit exceeded. Max 30 requests/minute."",""error"":""Too Many Requests""}",0.483
2026-10-10T22:30:32.994203Z,drivers,drivers_by_observed_driver_number,"{""driver_number"": 81, ""session_key"": 11265}",0,http_429,"{""detail"":""Rate limit exceeded. Max 30 requests/minute."",""error"":""Too Many Requests""}",0.487
2026-10-10T22:30:33.573807Z,drivers,drivers_by_observed_driver_number,"{""driver_number"": 87, ""session_key"": 11265}",0,http_429,"{""detail"":""Rate limit exceeded. Max 30 requests/minute."",""error"":""Too Many Requests""}",0.478
2026-10-10T22:30:34.157496Z,drivers,drivers_by_observed_driver_number,"{""driver_number"": 241, ""session_key"": 11265}",0,http_429,"{""detail"":""Rate limit exceeded. Max 30 requests/minute."",""error"":""Too Many Requests""}",0.482
2026-10-10T22:30:34.743347Z,drivers,drivers_by_observed_driver_number,"{""driver_number"": 243, ""session_key"": 11265}",0,http_429,"{""detail"":""Rate limit exceeded. Max 30 requests/minute."",""error"":""Too Many Requests""}",0.485
2026-10-10T22:30:35.475175Z,drivers,drivers_by_observed_driver_number,"{""driver_number"": 247, ""session_key"": 11265}",0,http_429,"{""detail"":""Rate limit exceeded. Max 30 requests/minute."",""error"":""Too Many Requests""}",0.631
2026-10-10T22:30:36.062648Z,team_radio,team_radio_by_session_key_opportunistic,"{""session_key"": 11265}",0,http_429,"{""detail"":""Rate limit exceeded. Max 30 requests/minute."",""error"":""Too Many Requests""}",0.486
2026-10-10T22:30:36.642792Z,weather,weather_by_session_key,"{""session_key"": 11269}",0,http_429,"{""detail"":""Rate limit exceeded. Max 30 requests/minute."",""error"":""Too Many Requests""}",0.479
2026-10-10T22:30:37.224664Z,race_control,race_control_by_session_key,"{""session_key"": 11269}",0,http_429,"{""detail"":""Rate limit exceeded. Max 30 requests/minute."",""error"":""Too Many Requests""}",0.481
2026-10-10T22:30:37.805996Z,intervals,intervals_by_session_key,"{""session_key"": 11269}",0,http_429,"{""detail"":""Rate limit exceeded. Max 30 requests/minute."",""error"":""Too Many Requests""}",0.48
2026-10-10T22:30:38.395575Z,position,position_by_session_key,"{""session_key"": 11269}",0,http_429,"{""detail"":""Rate limit exceeded. Max 30 requests/minute."",""error"":""Too Many Requests""}",0.488
2026-10-10T22:30:38.976940Z,position,position_by_meeting_key_fallback,"{""meeting_key"": 1283}",0,http_429,"{""detail"":""Rate limit exceeded. Max 30 requests/minute."",""error"":""Too Many Requests""}",0.48
2026-10-10T22:30:39.560020Z,stints,stints_by_session_key,"{""session_key"": 11269}",0,http_429,"{""detail"":""Rate limit exceeded. Max 30 requests/minute."",""error"":""Too Many Requests""}",0.482
2026-10-10T22:30:40.148193Z,pit,pit_by_session_key,"{""session_key"": 11269}",0,http_429,"{""detail"":""Rate limit exceeded. Max 30 requests/minute."",""error"":""Too Many Requests""}",0.487
2026-10-10T22:30:40.731419Z,starting_grid,starting_grid_by_session_key,"{""session_key"": 11269}",0,http_429,"{""detail"":""Rate limit exceeded. Max 30 requests/minute."",""error"":""Too Many Requests""}",0.482
2026-10-10T22:30:41.312034Z,drivers,drivers_by_session_key,"{""session_key"": 11269}",0,http_429,"{""detail"":""Rate limit exceeded. Max 30 requests/minute."",""error"":""Too Many Requests""}",0.479
2026-10-10T22:30:41.905589Z,drivers,drivers_by_observed_driver_number,"{""driver_number"": 1, ""session_key"": 11269}",0,http_429,"{""detail"":""Rate limit exceeded. Max 30 requests/minute."",""error"":""Too Many Requests""}",0.48
2026-10-10T22:30:42.502078Z,drivers,drivers_by_observed_driver_number,"{""driver_number"": 3, ""session_key"": 11269}",0,http_429,"{""detail"":""Rate limit exceeded. Max 30 requests/minute."",""error"":""Too Many Requests""}",0.495
2026-10-10T22:30:43.088251Z,drivers,drivers_by_observed_driver_number,"{""driver_number"": 5, ""session_key"": 11269}",0,http_429,"{""detail"":""Rate limit exceeded. Max 30 requests/minute."",""error"":""Too Many Requests""}",0.485
2026-10-10T22:30:43.668529Z,drivers,drivers_by_observed_driver_number,"{""driver_number"": 6, ""session_key"": 11269}",0,http_429,"{""detail"":""Rate limit exceeded. Max 30 requests/minute."",""error"":""Too Many Requests""}",0.479
2026-10-10T22:30:44.251613Z,drivers,drivers_by_observed_driver_number,"{""driver_number"": 10, ""session_key"": 11269}",0,http_429,"{""detail"":""Rate limit exceeded. Max 30 requests/minute."",""error"":""Too Many Requests""}",0.482
2026-10-10T22:30:44.837115Z,drivers,drivers_by_observed_driver_number,"{""driver_number"": 11, ""session_key"": 11269}",0,http_429,"{""detail"":""Rate limit exceeded. Max 30 requests/minute."",""error"":""Too Many Requests""}",0.484
2026-10-10T22:30:45.420332Z,drivers,drivers_by_observed_driver_number,"{""driver_number"": 12, ""session_key"": 11269}",0,http_429,"{""detail"":""Rate limit exceeded. Max 30 requests/minute."",""error"":""Too Many Requests""}",0.482
2026-10-10T22:30:46.001978Z,drivers,drivers_by_observed_driver_number,"{""driver_number"": 14, ""session_key"": 11269}",0,http_429,"{""detail"":""Rate limit exceeded. Max 30 requests/minute."",""error"":""Too Many Requests""}",0.48
2026-10-10T22:30:46.582169Z,drivers,drivers_by_observed_driver_number,"{""driver_number"": 16, ""session_key"": 11269}",0,http_429,"{""detail"":""Rate limit exceeded. Max 30 requests/minute."",""error"":""Too Many Requests""}",0.479
2026-10-10T22:30:47.164537Z,drivers,drivers_by_observed_driver_number,"{""driver_number"": 18, ""session_key"": 11269}",0,http_429,"{""detail"":""Rate limit exceeded. Max 30 requests/minute."",""error"":""Too Many Requests""}",0.481
2026-10-10T22:30:47.744794Z,drivers,drivers_by_observed_driver_number,"{""driver_number"": 23, ""session_key"": 11269}",0,http_429,"{""detail"":""Rate limit exceeded. Max 30 requests/minute."",""error"":""Too Many Requests""}",0.479
2026-10-10T22:30:48.327788Z,drivers,drivers_by_observed_driver_number,"{""driver_number"": 27, ""session_key"": 11269}",0,http_429,"{""detail"":""Rate limit exceeded. Max 30 requests/minute."",""error"":""Too Many Requests""}",0.482
2026-10-10T22:30:48.909894Z,drivers,drivers_by_observed_driver_number,"{""driver_number"": 30, ""session_key"": 11269}",0,http_429,"{""detail"":""Rate limit exceeded. Max 30 requests/minute."",""error"":""Too Many Requests""}",0.481
2026-10-10T22:30:49.494743Z,drivers,drivers_by_observed_driver_number,"{""driver_number"": 31, ""session_key"": 11269}",0,http_429,"{""detail"":""Rate limit exceeded. Max 30 requests/minute."",""error"":""Too Many Requests""}",0.484
2026-10-10T22:30:50.074634Z,drivers,drivers_by_observed_driver_number,"{""driver_number"": 34, ""session_key"": 11269}",0,http_429,"{""detail"":""Rate limit exceeded. Max 30 requests/minute."",""error"":""Too Many Requests""}",0.479
2026-10-10T22:30:50.659523Z,drivers,drivers_by_observed_driver_number,"{""driver_number"": 41, ""session_key"": 11269}",0,http_429,"{""detail"":""Rate limit exceeded. Max 30 requests/minute."",""error"":""Too Many Requests""}",0.484
2026-10-10T22:30:51.248884Z,drivers,drivers_by_observed_driver_number,"{""driver_number"": 43, ""session_key"": 11269}",0,http_429,"{""detail"":""Rate limit exceeded. Max 30 requests/minute."",""error"":""Too Many Requests""}",0.488
2026-10-10T22:30:51.830987Z,drivers,drivers_by_observed_driver_number,"{""driver_number"": 44, ""session_key"": 11269}",0,http_429,"{""detail"":""Rate limit exceeded. Max 30 requests/minute."",""error"":""Too Many Requests""}",0.481
2026-10-10T22:30:52.417666Z,drivers,drivers_by_observed_driver_number,"{""driver_number"": 55, ""session_key"": 11269}",0,http_429,"{""detail"":""Rate limit exceeded. Max 30 requests/minute."",""error"":""Too Many Requests""}",0.486
2026-10-10T22:30:52.997480Z,drivers,drivers_by_observed_driver_number,"{""driver_number"": 63, ""session_key"": 11269}",0,http_429,"{""detail"":""Rate limit exceeded. Max 30 requests/minute."",""error"":""Too Many Requests""}",0.479
2026-10-10T22:30:53.583884Z,drivers,drivers_by_observed_driver_number,"{""driver_number"": 77, ""session_key"": 11269}",0,http_429,"{""detail"":""Rate limit exceeded. Max 30 requests/minute."",""error"":""Too Many Requests""}",0.485
2026-10-10T22:30:54.164932Z,drivers,drivers_by_observed_driver_number,"{""driver_number"": 81, ""session_key"": 11269}",0,http_429,"{""detail"":""Rate limit exceeded. Max 30 requests/minute."",""error"":""Too Many Requests""}",0.48
2026-10-10T22:30:54.746801Z,drivers,drivers_by_observed_driver_number,"{""driver_number"": 87, ""session_key"": 11269}",0,http_429,"{""detail"":""Rate limit exceeded. Max 30 requests/minute."",""error"":""Too Many Requests""}",0.481
2026-10-10T22:30:55.331224Z,drivers,drivers_by_observed_driver_number,"{""driver_number"": 241, ""session_key"": 11269}",0,http_429,"{""detail"":""Rate limit exceeded. Max 30 requests/minute."",""error"":""Too Many Requests""}",0.483
2026-10-10T22:30:55.917444Z,drivers,drivers_by_observed_driver_number,"{""driver_number"": 243, ""session_key"": 11269}",0,http_429,"{""detail"":""Rate limit exceeded. Max 30 requests/minute."",""error"":""Too Many Requests""}",0.485
2026-10-10T22:30:56.499269Z,drivers,drivers_by_observed_driver_number,"{""driver_number"": 247, ""session_key"": 11269}",0,http_429,"{""detail"":""Rate limit exceeded. Max 30 requests/minute."",""error"":""Too Many Requests""}",0.481
2026-10-10T22:30:57.082346Z,team_radio,team_radio_by_session_key_opportunistic,"{""session_key"": 11269}",0,http_429,"{""detail"":""Rate limit exceeded. Max 30 requests/minute."",""error"":""Too Many Requests""}",0.482
2026-10-10T22:30:57.668053Z,weather,weather_by_session_key,"{""session_key"": 11270}",0,http_429,"{""detail"":""Rate limit exceeded. Max 30 requests/minute."",""error"":""Too Many Requests""}",0.484
2026-10-10T22:30:58.258010Z,race_control,race_control_by_session_key,"{""session_key"": 11270}",0,http_429,"{""detail"":""Rate limit exceeded. Max 30 requests/minute."",""error"":""Too Many Requests""}",0.489
2026-10-10T22:30:58.840870Z,intervals,intervals_by_session_key,"{""session_key"": 11270}",0,http_429,"{""detail"":""Rate limit exceeded. Max 30 requests/minute."",""error"":""Too Many Requests""}",0.482
2026-10-10T22:30:59.422263Z,position,position_by_session_key,"{""session_key"": 11270}",0,http_429,"{""detail"":""Rate limit exceeded. Max 30 requests/minute."",""error"":""Too Many Requests""}",0.48
2026-10-10T22:31:00.005784Z,position,position_by_meeting_key_fallback,"{""meeting_key"": 1284}",0,http_429,"{""detail"":""Rate limit exceeded. Max 30 requests/minute."",""error"":""Too Many Requests""}",0.482
2026-10-10T22:31:00.610370Z,stints,stints_by_session_key,"{""session_key"": 11270}",110,pass,,0.503
2026-10-10T22:31:00.712395Z,pit,skip_non_race_like_session,"{""session_key"": 11270}",0,skipped_not_applicable,pit endpoint is only treated as required for race/sprint-like sessions,0.0
2026-10-10T22:31:01.193594Z,starting_grid,starting_grid_by_session_key,"{""session_key"": 11270}",0,http_404,"{""detail"":""No results found.""}",0.481
2026-10-10T22:31:01.781355Z,drivers,drivers_by_session_key,"{""session_key"": 11270}",22,pass,,0.486
2026-10-10T22:31:02.368459Z,team_radio,team_radio_by_session_key_opportunistic,"{""session_key"": 11270}",0,http_404,"{""detail"":""No results found.""}",0.485
2026-10-10T22:31:02.952372Z,weather,weather_by_session_key,"{""session_key"": 11271}",59,pass,,0.483
2026-10-10T22:31:03.540658Z,race_control,race_control_by_session_key,"{""session_key"": 11271}",49,pass,,0.486
2026-10-10T22:31:04.204344Z,intervals,intervals_by_session_key,"{""session_key"": 11271}",0,http_404,"{""detail"":""No results found.""}",0.562
2026-10-10T22:31:04.840572Z,position,position_by_session_key,"{""session_key"": 11271}",941,pass,,0.535
2026-10-10T22:31:05.719768Z,stints,stints_by_session_key,"{""session_key"": 11271}",59,pass,,0.777
2026-10-10T22:31:06.482802Z,pit,pit_by_session_key,"{""session_key"": 11271}",59,pass,,0.661
2026-10-10T22:31:07.101735Z,starting_grid,starting_grid_by_session_key,"{""session_key"": 11271}",22,pass,,0.517
2026-10-10T22:31:07.687987Z,drivers,drivers_by_session_key,"{""session_key"": 11271}",22,pass,,0.484
2026-10-10T22:31:08.274700Z,team_radio,team_radio_by_session_key_opportunistic,"{""session_key"": 11271}",0,http_404,"{""detail"":""No results found.""}",0.485
2026-10-10T22:31:09.137585Z,weather,weather_by_session_key,"{""session_key"": 11275}",80,pass,,0.762
2026-10-10T22:31:09.725349Z,race_control,race_control_by_session_key,"{""session_key"": 11275}",84,pass,,0.486
2026-10-10T22:31:11.899671Z,intervals,intervals_by_session_key,"{""session_key"": 11275}",9347,pass,,2.072
2026-10-10T22:31:12.492292Z,position,position_by_session_key,"{""session_key"": 11275}",164,pass,,0.49
2026-10-10T22:31:13.116261Z,stints,stints_by_session_key,"{""session_key"": 11275}",23,pass,,0.522
2026-10-10T22:31:13.699462Z,pit,pit_by_session_key,"{""session_key"": 11275}",1,pass,,0.481
2026-10-10T22:31:14.321733Z,starting_grid,starting_grid_by_session_key,"{""session_key"": 11275}",0,http_404,"{""detail"":""No results found.""}",0.521
2026-10-10T22:31:14.913691Z,drivers,drivers_by_session_key,"{""session_key"": 11275}",22,pass,,0.491
2026-10-10T22:31:15.499810Z,team_radio,team_radio_by_session_key_opportunistic,"{""session_key"": 11275}",0,http_404,"{""detail"":""No results found.""}",0.484
2026-10-10T22:31:16.088422Z,weather,weather_by_session_key,"{""session_key"": 11276}",81,pass,,0.487
2026-10-10T22:31:16.711463Z,race_control,race_control_by_session_key,"{""session_key"": 11276}",66,pass,,0.521
2026-10-10T22:31:17.578888Z,intervals,intervals_by_session_key,"{""session_key"": 11276}",0,http_404,"{""detail"":""No results found.""}",0.766
2026-10-10T22:31:18.213476Z,position,position_by_session_key,"{""session_key"": 11276}",981,pass,,0.533
2026-10-10T22:31:18.805485Z,stints,stints_by_session_key,"{""session_key"": 11276}",104,pass,,0.49
2026-10-10T22:31:18.907415Z,pit,skip_non_race_like_session,"{""session_key"": 11276}",0,skipped_not_applicable,pit endpoint is only treated as required for race/sprint-like sessions,0.0
2026-10-10T22:31:19.392666Z,starting_grid,starting_grid_by_session_key,"{""session_key"": 11276}",22,pass,,0.485
2026-10-10T22:31:19.981250Z,drivers,drivers_by_session_key,"{""session_key"": 11276}",22,pass,,0.487
2026-10-10T22:31:20.561650Z,team_radio,team_radio_by_session_key_opportunistic,"{""session_key"": 11276}",0,http_404,"{""detail"":""No results found.""}",0.478
2026-10-10T22:31:21.159095Z,weather,weather_by_session_key,"{""session_key"": 11280}",0,http_429,"{""detail"":""Rate limit exceeded. Max 30 requests/minute."",""error"":""Too Many Requests""}",0.496
2026-10-10T22:31:21.742964Z,race_control,race_control_by_session_key,"{""session_key"": 11280}",0,http_429,"{""detail"":""Rate limit exceeded. Max 30 requests/minute."",""error"":""Too Many Requests""}",0.483
2026-10-10T22:31:22.328388Z,intervals,intervals_by_session_key,"{""session_key"": 11280}",0,http_429,"{""detail"":""Rate limit exceeded. Max 30 requests/minute."",""error"":""Too Many Requests""}",0.484
2026-10-10T22:31:22.909171Z,position,position_by_session_key,"{""session_key"": 11280}",0,http_429,"{""detail"":""Rate limit exceeded. Max 30 requests/minute."",""error"":""Too Many Requests""}",0.479
2026-10-10T22:31:23.489433Z,position,position_by_meeting_key_fallback,"{""meeting_key"": 1284}",0,http_429,"{""detail"":""Rate limit exceeded. Max 30 requests/minute."",""error"":""Too Many Requests""}",0.479
2026-10-10T22:31:24.070652Z,stints,stints_by_session_key,"{""session_key"": 11280}",0,http_429,"{""detail"":""Rate limit exceeded. Max 30 requests/minute."",""error"":""Too Many Requests""}",0.48
2026-10-10T22:31:24.659389Z,pit,pit_by_session_key,"{""session_key"": 11280}",0,http_429,"{""detail"":""Rate limit exceeded. Max 30 requests/minute."",""error"":""Too Many Requests""}",0.487
2026-10-10T22:31:25.242591Z,starting_grid,starting_grid_by_session_key,"{""session_key"": 11280}",0,http_429,"{""detail"":""Rate limit exceeded. Max 30 requests/minute."",""error"":""Too Many Requests""}",0.482
2026-10-10T22:31:25.903152Z,drivers,drivers_by_session_key,"{""session_key"": 11280}",0,http_429,"{""detail"":""Rate limit exceeded. Max 30 requests/minute."",""error"":""Too Many Requests""}",0.559
2026-10-10T22:31:26.502022Z,drivers,drivers_by_observed_driver_number,"{""driver_number"": 1, ""session_key"": 11280}",0,http_429,"{""detail"":""Rate limit exceeded. Max 30 requests/minute."",""error"":""Too Many Requests""}",0.483
2026-10-10T22:31:27.081264Z,drivers,drivers_by_observed_driver_number,"{""driver_number"": 3, ""session_key"": 11280}",0,http_429,"{""detail"":""Rate limit exceeded. Max 30 requests/minute."",""error"":""Too Many Requests""}",0.478
2026-10-10T22:31:27.666432Z,drivers,drivers_by_observed_driver_number,"{""driver_number"": 5, ""session_key"": 11280}",0,http_429,"{""detail"":""Rate limit exceeded. Max 30 requests/minute."",""error"":""Too Many Requests""}",0.484
2026-10-10T22:31:28.252664Z,drivers,drivers_by_observed_driver_number,"{""driver_number"": 6, ""session_key"": 11280}",0,http_429,"{""detail"":""Rate limit exceeded. Max 30 requests/minute."",""error"":""Too Many Requests""}",0.485
2026-10-10T22:31:28.835176Z,drivers,drivers_by_observed_driver_number,"{""driver_number"": 10, ""session_key"": 11280}",0,http_429,"{""detail"":""Rate limit exceeded. Max 30 requests/minute."",""error"":""Too Many Requests""}",0.481
2026-10-10T22:31:29.418015Z,drivers,drivers_by_observed_driver_number,"{""driver_number"": 11, ""session_key"": 11280}",0,http_429,"{""detail"":""Rate limit exceeded. Max 30 requests/minute."",""error"":""Too Many Requests""}",0.482
2026-10-10T22:31:29.997506Z,drivers,drivers_by_observed_driver_number,"{""driver_number"": 12, ""session_key"": 11280}",0,http_429,"{""detail"":""Rate limit exceeded. Max 30 requests/minute."",""error"":""Too Many Requests""}",0.478
2026-10-10T22:31:30.578180Z,drivers,drivers_by_observed_driver_number,"{""driver_number"": 14, ""session_key"": 11280}",0,http_429,"{""detail"":""Rate limit exceeded. Max 30 requests/minute."",""error"":""Too Many Requests""}",0.48
2026-10-10T22:31:31.165259Z,drivers,drivers_by_observed_driver_number,"{""driver_number"": 16, ""session_key"": 11280}",0,http_429,"{""detail"":""Rate limit exceeded. Max 30 requests/minute."",""error"":""Too Many Requests""}",0.486
2026-10-10T22:31:31.782469Z,drivers,drivers_by_observed_driver_number,"{""driver_number"": 18, ""session_key"": 11280}",0,http_429,"{""detail"":""Rate limit exceeded. Max 30 requests/minute."",""error"":""Too Many Requests""}",0.516
2026-10-10T22:31:32.365952Z,drivers,drivers_by_observed_driver_number,"{""driver_number"": 23, ""session_key"": 11280}",0,http_429,"{""detail"":""Rate limit exceeded. Max 30 requests/minute."",""error"":""Too Many Requests""}",0.482
2026-10-10T22:31:32.949650Z,drivers,drivers_by_observed_driver_number,"{""driver_number"": 27, ""session_key"": 11280}",0,http_429,"{""detail"":""Rate limit exceeded. Max 30 requests/minute."",""error"":""Too Many Requests""}",0.482
2026-10-10T22:31:33.530076Z,drivers,drivers_by_observed_driver_number,"{""driver_number"": 30, ""session_key"": 11280}",0,http_429,"{""detail"":""Rate limit exceeded. Max 30 requests/minute."",""error"":""Too Many Requests""}",0.479
2026-10-10T22:31:34.113808Z,drivers,drivers_by_observed_driver_number,"{""driver_number"": 31, ""session_key"": 11280}",0,http_429,"{""detail"":""Rate limit exceeded. Max 30 requests/minute."",""error"":""Too Many Requests""}",0.483
2026-10-10T22:31:34.700029Z,drivers,drivers_by_observed_driver_number,"{""driver_number"": 34, ""session_key"": 11280}",0,http_429,"{""detail"":""Rate limit exceeded. Max 30 requests/minute."",""error"":""Too Many Requests""}",0.485
2026-10-10T22:31:35.284696Z,drivers,drivers_by_observed_driver_number,"{""driver_number"": 41, ""session_key"": 11280}",0,http_429,"{""detail"":""Rate limit exceeded. Max 30 requests/minute."",""error"":""Too Many Requests""}",0.483
2026-10-10T22:31:35.923946Z,drivers,drivers_by_observed_driver_number,"{""driver_number"": 43, ""session_key"": 11280}",0,http_429,"{""detail"":""Rate limit exceeded. Max 30 requests/minute."",""error"":""Too Many Requests""}",0.538
2026-10-10T22:31:36.504422Z,drivers,drivers_by_observed_driver_number,"{""driver_number"": 44, ""session_key"": 11280}",0,http_429,"{""detail"":""Rate limit exceeded. Max 30 requests/minute."",""error"":""Too Many Requests""}",0.479
2026-10-10T22:31:37.086251Z,drivers,drivers_by_observed_driver_number,"{""driver_number"": 55, ""session_key"": 11280}",0,http_429,"{""detail"":""Rate limit exceeded. Max 30 requests/minute."",""error"":""Too Many Requests""}",0.481
2026-10-10T22:31:37.673368Z,drivers,drivers_by_observed_driver_number,"{""driver_number"": 63, ""session_key"": 11280}",0,http_429,"{""detail"":""Rate limit exceeded. Max 30 requests/minute."",""error"":""Too Many Requests""}",0.486
2026-10-10T22:31:38.255805Z,drivers,drivers_by_observed_driver_number,"{""driver_number"": 77, ""session_key"": 11280}",0,http_429,"{""detail"":""Rate limit exceeded. Max 30 requests/minute."",""error"":""Too Many Requests""}",0.481
2026-10-10T22:31:39.056059Z,drivers,drivers_by_observed_driver_number,"{""driver_number"": 81, ""session_key"": 11280}",0,http_429,"{""detail"":""Rate limit exceeded. Max 30 requests/minute."",""error"":""Too Many Requests""}",0.699
2026-10-10T22:31:39.639246Z,drivers,drivers_by_observed_driver_number,"{""driver_number"": 87, ""session_key"": 11280}",0,http_429,"{""detail"":""Rate limit exceeded. Max 30 requests/minute."",""error"":""Too Many Requests""}",0.482
2026-10-10T22:31:40.220993Z,drivers,drivers_by_observed_driver_number,"{""driver_number"": 241, ""session_key"": 11280}",0,http_429,"{""detail"":""Rate limit exceeded. Max 30 requests/minute."",""error"":""Too Many Requests""}",0.481
2026-10-10T22:31:40.804797Z,drivers,drivers_by_observed_driver_number,"{""driver_number"": 243, ""session_key"": 11280}",0,http_429,"{""detail"":""Rate limit exceeded. Max 30 requests/minute."",""error"":""Too Many Requests""}",0.483
2026-10-10T22:31:41.389995Z,drivers,drivers_by_observed_driver_number,"{""driver_number"": 247, ""session_key"": 11280}",0,http_429,"{""detail"":""Rate limit exceeded. Max 30 requests/minute."",""error"":""Too Many Requests""}",0.484
2026-10-10T22:31:41.973016Z,team_radio,team_radio_by_session_key_opportunistic,"{""session_key"": 11280}",0,http_429,"{""detail"":""Rate limit exceeded. Max 30 requests/minute."",""error"":""Too Many Requests""}",0.482
2026-10-10T22:31:42.555928Z,weather,weather_by_session_key,"{""session_key"": 11281}",0,http_429,"{""detail"":""Rate limit exceeded. Max 30 requests/minute."",""error"":""Too Many Requests""}",0.481
2026-10-10T22:31:43.136752Z,race_control,race_control_by_session_key,"{""session_key"": 11281}",0,http_429,"{""detail"":""Rate limit exceeded. Max 30 requests/minute."",""error"":""Too Many Requests""}",0.48
2026-10-10T22:31:43.721872Z,intervals,intervals_by_session_key,"{""session_key"": 11281}",0,http_429,"{""detail"":""Rate limit exceeded. Max 30 requests/minute."",""error"":""Too Many Requests""}",0.484
2026-10-10T22:31:44.310634Z,position,position_by_session_key,"{""session_key"": 11281}",0,http_429,"{""detail"":""Rate limit exceeded. Max 30 requests/minute."",""error"":""Too Many Requests""}",0.487
2026-10-10T22:31:44.894372Z,position,position_by_meeting_key_fallback,"{""meeting_key"": 1285}",0,http_429,"{""detail"":""Rate limit exceeded. Max 30 requests/minute."",""error"":""Too Many Requests""}",0.483
2026-10-10T22:31:45.475893Z,stints,stints_by_session_key,"{""session_key"": 11281}",0,http_429,"{""detail"":""Rate limit exceeded. Max 30 requests/minute."",""error"":""Too Many Requests""}",0.48
2026-10-10T22:31:45.577169Z,pit,skip_non_race_like_session,"{""session_key"": 11281}",0,skipped_not_applicable,pit endpoint is only treated as required for race/sprint-like sessions,0.0
2026-10-10T22:31:46.116092Z,starting_grid,starting_grid_by_session_key,"{""session_key"": 11281}",0,http_429,"{""detail"":""Rate limit exceeded. Max 30 requests/minute."",""error"":""Too Many Requests""}",0.539
2026-10-10T22:31:46.701388Z,drivers,drivers_by_session_key,"{""session_key"": 11281}",0,http_429,"{""detail"":""Rate limit exceeded. Max 30 requests/minute."",""error"":""Too Many Requests""}",0.484
2026-10-10T22:31:47.296508Z,drivers,drivers_by_observed_driver_number,"{""driver_number"": 1, ""session_key"": 11281}",0,http_429,"{""detail"":""Rate limit exceeded. Max 30 requests/minute."",""error"":""Too Many Requests""}",0.48
2026-10-10T22:31:47.881017Z,drivers,drivers_by_observed_driver_number,"{""driver_number"": 3, ""session_key"": 11281}",0,http_429,"{""detail"":""Rate limit exceeded. Max 30 requests/minute."",""error"":""Too Many Requests""}",0.483
2026-10-10T22:31:48.463558Z,drivers,drivers_by_observed_driver_number,"{""driver_number"": 5, ""session_key"": 11281}",0,http_429,"{""detail"":""Rate limit exceeded. Max 30 requests/minute."",""error"":""Too Many Requests""}",0.481
2026-10-10T22:31:49.045480Z,drivers,drivers_by_observed_driver_number,"{""driver_number"": 6, ""session_key"": 11281}",0,http_429,"{""detail"":""Rate limit exceeded. Max 30 requests/minute."",""error"":""Too Many Requests""}",0.481
2026-10-10T22:31:49.626041Z,drivers,drivers_by_observed_driver_number,"{""driver_number"": 10, ""session_key"": 11281}",0,http_429,"{""detail"":""Rate limit exceeded. Max 30 requests/minute."",""error"":""Too Many Requests""}",0.479
2026-10-10T22:31:50.205565Z,drivers,drivers_by_observed_driver_number,"{""driver_number"": 11, ""session_key"": 11281}",0,http_429,"{""detail"":""Rate limit exceeded. Max 30 requests/minute."",""error"":""Too Many Requests""}",0.478
2026-10-10T22:31:50.791472Z,drivers,drivers_by_observed_driver_number,"{""driver_number"": 12, ""session_key"": 11281}",0,http_429,"{""detail"":""Rate limit exceeded. Max 30 requests/minute."",""error"":""Too Many Requests""}",0.485
2026-10-10T22:31:51.374111Z,drivers,drivers_by_observed_driver_number,"{""driver_number"": 14, ""session_key"": 11281}",0,http_429,"{""detail"":""Rate limit exceeded. Max 30 requests/minute."",""error"":""Too Many Requests""}",0.481
2026-10-10T22:31:51.957984Z,drivers,drivers_by_observed_driver_number,"{""driver_number"": 16, ""session_key"": 11281}",0,http_429,"{""detail"":""Rate limit exceeded. Max 30 requests/minute."",""error"":""Too Many Requests""}",0.483
2026-10-10T22:31:52.542041Z,drivers,drivers_by_observed_driver_number,"{""driver_number"": 18, ""session_key"": 11281}",0,http_429,"{""detail"":""Rate limit exceeded. Max 30 requests/minute."",""error"":""Too Many Requests""}",0.483
2026-10-10T22:31:53.130649Z,drivers,drivers_by_observed_driver_number,"{""driver_number"": 23, ""session_key"": 11281}",0,http_429,"{""detail"":""Rate limit exceeded. Max 30 requests/minute."",""error"":""Too Many Requests""}",0.487
2026-10-10T22:31:53.717289Z,drivers,drivers_by_observed_driver_number,"{""driver_number"": 27, ""session_key"": 11281}",0,http_429,"{""detail"":""Rate limit exceeded. Max 30 requests/minute."",""error"":""Too Many Requests""}",0.485
2026-10-10T22:31:54.302753Z,drivers,drivers_by_observed_driver_number,"{""driver_number"": 30, ""session_key"": 11281}",0,http_429,"{""detail"":""Rate limit exceeded. Max 30 requests/minute."",""error"":""Too Many Requests""}",0.484
2026-10-10T22:31:54.899563Z,drivers,drivers_by_observed_driver_number,"{""driver_number"": 31, ""session_key"": 11281}",0,http_429,"{""detail"":""Rate limit exceeded. Max 30 requests/minute."",""error"":""Too Many Requests""}",0.496
2026-10-10T22:31:55.480504Z,drivers,drivers_by_observed_driver_number,"{""driver_number"": 34, ""session_key"": 11281}",0,http_429,"{""detail"":""Rate limit exceeded. Max 30 requests/minute."",""error"":""Too Many Requests""}",0.48
2026-10-10T22:31:56.061888Z,drivers,drivers_by_observed_driver_number,"{""driver_number"": 41, ""session_key"": 11281}",0,http_429,"{""detail"":""Rate limit exceeded. Max 30 requests/minute."",""error"":""Too Many Requests""}",0.48
2026-10-10T22:31:56.643226Z,drivers,drivers_by_observed_driver_number,"{""driver_number"": 43, ""session_key"": 11281}",0,http_429,"{""detail"":""Rate limit exceeded. Max 30 requests/minute."",""error"":""Too Many Requests""}",0.48
2026-10-10T22:31:57.229541Z,drivers,drivers_by_observed_driver_number,"{""driver_number"": 44, ""session_key"": 11281}",0,http_429,"{""detail"":""Rate limit exceeded. Max 30 requests/minute."",""error"":""Too Many Requests""}",0.485
2026-10-10T22:31:57.813317Z,drivers,drivers_by_observed_driver_number,"{""driver_number"": 55, ""session_key"": 11281}",0,http_429,"{""detail"":""Rate limit exceeded. Max 30 requests/minute."",""error"":""Too Many Requests""}",0.482
2026-10-10T22:31:58.397167Z,drivers,drivers_by_observed_driver_number,"{""driver_number"": 63, ""session_key"": 11281}",0,http_429,"{""detail"":""Rate limit exceeded. Max 30 requests/minute."",""error"":""Too Many Requests""}",0.483
2026-10-10T22:31:58.981005Z,drivers,drivers_by_observed_driver_number,"{""driver_number"": 77, ""session_key"": 11281}",0,http_429,"{""detail"":""Rate limit exceeded. Max 30 requests/minute."",""error"":""Too Many Requests""}",0.483
2026-10-10T22:31:59.564758Z,drivers,drivers_by_observed_driver_number,"{""driver_number"": 81, ""session_key"": 11281}",0,http_429,"{""detail"":""Rate limit exceeded. Max 30 requests/minute."",""error"":""Too Many Requests""}",0.482
2026-10-10T22:32:00.162014Z,drivers,drivers_by_observed_driver_number,"{""driver_number"": 87, ""session_key"": 11281}",1,pass,,0.496
2026-10-10T22:32:00.750429Z,drivers,drivers_by_observed_driver_number,"{""driver_number"": 241, ""session_key"": 11281}",0,http_404,"{""detail"":""No results found.""}",0.487
2026-10-10T22:32:01.335967Z,drivers,drivers_by_observed_driver_number,"{""driver_number"": 243, ""session_key"": 11281}",0,http_404,"{""detail"":""No results found.""}",0.484
2026-10-10T22:32:01.919380Z,drivers,drivers_by_observed_driver_number,"{""driver_number"": 247, ""session_key"": 11281}",0,http_404,"{""detail"":""No results found.""}",0.482
2026-10-10T22:32:02.502789Z,team_radio,team_radio_by_session_key_opportunistic,"{""session_key"": 11281}",0,http_404,"{""detail"":""No results found.""}",0.48
2026-10-10T22:32:03.093104Z,weather,weather_by_session_key,"{""session_key"": 11282}",77,pass,,0.489
2026-10-10T22:32:03.689128Z,race_control,race_control_by_session_key,"{""session_key"": 11282}",65,pass,,0.494
2026-10-10T22:32:04.276152Z,intervals,intervals_by_session_key,"{""session_key"": 11282}",0,http_404,"{""detail"":""No results found.""}",0.485
2026-10-10T22:32:04.917245Z,position,position_by_session_key,"{""session_key"": 11282}",1035,pass,,0.54
2026-10-10T22:32:05.507703Z,stints,stints_by_session_key,"{""session_key"": 11282}",56,pass,,0.488
2026-10-10T22:32:06.094666Z,pit,pit_by_session_key,"{""session_key"": 11282}",56,pass,,0.485
2026-10-10T22:32:06.691305Z,starting_grid,starting_grid_by_session_key,"{""session_key"": 11282}",22,pass,,0.495
2026-10-10T22:32:07.282858Z,drivers,drivers_by_session_key,"{""session_key"": 11282}",22,pass,,0.489
2026-10-10T22:32:07.869020Z,team_radio,team_radio_by_session_key_opportunistic,"{""session_key"": 11282}",0,http_404,"{""detail"":""No results found.""}",0.484
2026-10-10T22:32:08.587352Z,weather,weather_by_session_key,"{""session_key"": 11286}",76,pass,,0.617
2026-10-10T22:32:09.179326Z,race_control,race_control_by_session_key,"{""session_key"": 11286}",71,pass,,0.49
2026-10-10T22:32:10.595965Z,intervals,intervals_by_session_key,"{""session_key"": 11286}",9131,pass,,1.315
2026-10-10T22:32:11.198327Z,position,position_by_session_key,"{""session_key"": 11286}",200,pass,,0.499
2026-10-10T22:32:11.789516Z,stints,stints_by_session_key,"{""session_key"": 11286}",28,pass,,0.489
2026-10-10T22:32:12.375504Z,pit,pit_by_session_key,"{""session_key"": 11286}",6,pass,,0.484
2026-10-10T22:32:12.962305Z,starting_grid,starting_grid_by_session_key,"{""session_key"": 11286}",0,http_404,"{""detail"":""No results found.""}",0.485
2026-10-10T22:32:13.559655Z,drivers,drivers_by_session_key,"{""session_key"": 11286}",22,pass,,0.496
2026-10-10T22:32:14.148759Z,team_radio,team_radio_by_session_key_opportunistic,"{""session_key"": 11286}",13,pass,,0.487
2026-10-10T22:32:14.739629Z,weather,weather_by_session_key,"{""session_key"": 11287}",76,pass,,0.489
2026-10-10T22:32:15.329341Z,race_control,race_control_by_session_key,"{""session_key"": 11287}",60,pass,,0.488
2026-10-10T22:32:15.912934Z,intervals,intervals_by_session_key,"{""session_key"": 11287}",0,http_404,"{""detail"":""No results found.""}",0.481
2026-10-10T22:32:16.630661Z,position,position_by_session_key,"{""session_key"": 11287}",1449,pass,,0.616
2026-10-10T22:32:17.223227Z,stints,stints_by_session_key,"{""session_key"": 11287}",91,pass,,0.49
2026-10-10T22:32:17.325375Z,pit,skip_non_race_like_session,"{""session_key"": 11287}",0,skipped_not_applicable,pit endpoint is only treated as required for race/sprint-like sessions,0.0
2026-10-10T22:32:17.837731Z,starting_grid,starting_grid_by_session_key,"{""session_key"": 11287}",22,pass,,0.512
2026-10-10T22:32:18.426125Z,drivers,drivers_by_session_key,"{""session_key"": 11287}",22,pass,,0.486
2026-10-10T22:32:19.010608Z,team_radio,team_radio_by_session_key_opportunistic,"{""session_key"": 11287}",0,http_429,"{""detail"":""Rate limit exceeded. Max 30 requests/minute."",""error"":""Too Many Requests""}",0.482
2026-10-10T22:32:19.593737Z,weather,weather_by_session_key,"{""session_key"": 11291}",0,http_429,"{""detail"":""Rate limit exceeded. Max 30 requests/minute."",""error"":""Too Many Requests""}",0.482
2026-10-10T22:32:20.185653Z,race_control,race_control_by_session_key,"{""session_key"": 11291}",0,http_429,"{""detail"":""Rate limit exceeded. Max 30 requests/minute."",""error"":""Too Many Requests""}",0.491
2026-10-10T22:32:20.768066Z,intervals,intervals_by_session_key,"{""session_key"": 11291}",0,http_429,"{""detail"":""Rate limit exceeded. Max 30 requests/minute."",""error"":""Too Many Requests""}",0.481
2026-10-10T22:32:21.352506Z,position,position_by_session_key,"{""session_key"": 11291}",0,http_429,"{""detail"":""Rate limit exceeded. Max 30 requests/minute."",""error"":""Too Many Requests""}",0.483
2026-10-10T22:32:21.934144Z,position,position_by_meeting_key_fallback,"{""meeting_key"": 1285}",0,http_429,"{""detail"":""Rate limit exceeded. Max 30 requests/minute."",""error"":""Too Many Requests""}",0.48
2026-10-10T22:32:22.514511Z,stints,stints_by_session_key,"{""session_key"": 11291}",0,http_429,"{""detail"":""Rate limit exceeded. Max 30 requests/minute."",""error"":""Too Many Requests""}",0.479
2026-10-10T22:32:23.100021Z,pit,pit_by_session_key,"{""session_key"": 11291}",0,http_429,"{""detail"":""Rate limit exceeded. Max 30 requests/minute."",""error"":""Too Many Requests""}",0.484
2026-10-10T22:32:23.681284Z,starting_grid,starting_grid_by_session_key,"{""session_key"": 11291}",0,http_429,"{""detail"":""Rate limit exceeded. Max 30 requests/minute."",""error"":""Too Many Requests""}",0.48
2026-10-10T22:32:24.267998Z,drivers,drivers_by_session_key,"{""session_key"": 11291}",0,http_429,"{""detail"":""Rate limit exceeded. Max 30 requests/minute."",""error"":""Too Many Requests""}",0.485
2026-10-10T22:32:24.868518Z,drivers,drivers_by_observed_driver_number,"{""driver_number"": 1, ""session_key"": 11291}",0,http_429,"{""detail"":""Rate limit exceeded. Max 30 requests/minute."",""error"":""Too Many Requests""}",0.482
2026-10-10T22:32:25.451022Z,drivers,drivers_by_observed_driver_number,"{""driver_number"": 3, ""session_key"": 11291}",0,http_429,"{""detail"":""Rate limit exceeded. Max 30 requests/minute."",""error"":""Too Many Requests""}",0.481
2026-10-10T22:32:26.033109Z,drivers,drivers_by_observed_driver_number,"{""driver_number"": 5, ""session_key"": 11291}",0,http_429,"{""detail"":""Rate limit exceeded. Max 30 requests/minute."",""error"":""Too Many Requests""}",0.481
2026-10-10T22:32:26.621265Z,drivers,drivers_by_observed_driver_number,"{""driver_number"": 6, ""session_key"": 11291}",0,http_429,"{""detail"":""Rate limit exceeded. Max 30 requests/minute."",""error"":""Too Many Requests""}",0.487
2026-10-10T22:32:27.204274Z,drivers,drivers_by_observed_driver_number,"{""driver_number"": 10, ""session_key"": 11291}",0,http_429,"{""detail"":""Rate limit exceeded. Max 30 requests/minute."",""error"":""Too Many Requests""}",0.482
2026-10-10T22:32:27.797697Z,drivers,drivers_by_observed_driver_number,"{""driver_number"": 11, ""session_key"": 11291}",0,http_429,"{""detail"":""Rate limit exceeded. Max 30 requests/minute."",""error"":""Too Many Requests""}",0.492
2026-10-10T22:32:28.378948Z,drivers,drivers_by_observed_driver_number,"{""driver_number"": 12, ""session_key"": 11291}",0,http_429,"{""detail"":""Rate limit exceeded. Max 30 requests/minute."",""error"":""Too Many Requests""}",0.48
2026-10-10T22:32:28.958705Z,drivers,drivers_by_observed_driver_number,"{""driver_number"": 14, ""session_key"": 11291}",0,http_429,"{""detail"":""Rate limit exceeded. Max 30 requests/minute."",""error"":""Too Many Requests""}",0.479
2026-10-10T22:32:29.541591Z,drivers,drivers_by_observed_driver_number,"{""driver_number"": 16, ""session_key"": 11291}",0,http_429,"{""detail"":""Rate limit exceeded. Max 30 requests/minute."",""error"":""Too Many Requests""}",0.482
2026-10-10T22:32:30.131167Z,drivers,drivers_by_observed_driver_number,"{""driver_number"": 18, ""session_key"": 11291}",0,http_429,"{""detail"":""Rate limit exceeded. Max 30 requests/minute."",""error"":""Too Many Requests""}",0.488
2026-10-10T22:32:30.711055Z,drivers,drivers_by_observed_driver_number,"{""driver_number"": 23, ""session_key"": 11291}",0,http_429,"{""detail"":""Rate limit exceeded. Max 30 requests/minute."",""error"":""Too Many Requests""}",0.479
2026-10-10T22:32:31.297682Z,drivers,drivers_by_observed_driver_number,"{""driver_number"": 27, ""session_key"": 11291}",0,http_429,"{""detail"":""Rate limit exceeded. Max 30 requests/minute."",""error"":""Too Many Requests""}",0.485
2026-10-10T22:32:31.879724Z,drivers,drivers_by_observed_driver_number,"{""driver_number"": 30, ""session_key"": 11291}",0,http_429,"{""detail"":""Rate limit exceeded. Max 30 requests/minute."",""error"":""Too Many Requests""}",0.481
2026-10-10T22:32:32.463486Z,drivers,drivers_by_observed_driver_number,"{""driver_number"": 31, ""session_key"": 11291}",0,http_429,"{""detail"":""Rate limit exceeded. Max 30 requests/minute."",""error"":""Too Many Requests""}",0.483
2026-10-10T22:32:33.046796Z,drivers,drivers_by_observed_driver_number,"{""driver_number"": 34, ""session_key"": 11291}",0,http_429,"{""detail"":""Rate limit exceeded. Max 30 requests/minute."",""error"":""Too Many Requests""}",0.482
2026-10-10T22:32:33.631162Z,drivers,drivers_by_observed_driver_number,"{""driver_number"": 41, ""session_key"": 11291}",0,http_429,"{""detail"":""Rate limit exceeded. Max 30 requests/minute."",""error"":""Too Many Requests""}",0.483
2026-10-10T22:32:34.224274Z,drivers,drivers_by_observed_driver_number,"{""driver_number"": 43, ""session_key"": 11291}",0,http_429,"{""detail"":""Rate limit exceeded. Max 30 requests/minute."",""error"":""Too Many Requests""}",0.492
2026-10-10T22:32:34.805737Z,drivers,drivers_by_observed_driver_number,"{""driver_number"": 44, ""session_key"": 11291}",0,http_429,"{""detail"":""Rate limit exceeded. Max 30 requests/minute."",""error"":""Too Many Requests""}",0.48
2026-10-10T22:32:35.390213Z,drivers,drivers_by_observed_driver_number,"{""driver_number"": 55, ""session_key"": 11291}",0,http_429,"{""detail"":""Rate limit exceeded. Max 30 requests/minute."",""error"":""Too Many Requests""}",0.483
2026-10-10T22:32:35.971737Z,drivers,drivers_by_observed_driver_number,"{""driver_number"": 63, ""session_key"": 11291}",0,http_429,"{""detail"":""Rate limit exceeded. Max 30 requests/minute."",""error"":""Too Many Requests""}",0.48
2026-10-10T22:32:36.557231Z,drivers,drivers_by_observed_driver_number,"{""driver_number"": 77, ""session_key"": 11291}",0,http_429,"{""detail"":""Rate limit exceeded. Max 30 requests/minute."",""error"":""Too Many Requests""}",0.484
2026-10-10T22:32:37.138097Z,drivers,drivers_by_observed_driver_number,"{""driver_number"": 81, ""session_key"": 11291}",0,http_429,"{""detail"":""Rate limit exceeded. Max 30 requests/minute."",""error"":""Too Many Requests""}",0.48
2026-10-10T22:32:37.725186Z,drivers,drivers_by_observed_driver_number,"{""driver_number"": 87, ""session_key"": 11291}",0,http_429,"{""detail"":""Rate limit exceeded. Max 30 requests/minute."",""error"":""Too Many Requests""}",0.486
2026-10-10T22:32:38.309214Z,drivers,drivers_by_observed_driver_number,"{""driver_number"": 241, ""session_key"": 11291}",0,http_429,"{""detail"":""Rate limit exceeded. Max 30 requests/minute."",""error"":""Too Many Requests""}",0.483
2026-10-10T22:32:38.893457Z,drivers,drivers_by_observed_driver_number,"{""driver_number"": 243, ""session_key"": 11291}",0,http_429,"{""detail"":""Rate limit exceeded. Max 30 requests/minute."",""error"":""Too Many Requests""}",0.483
2026-10-10T22:32:39.475565Z,drivers,drivers_by_observed_driver_number,"{""driver_number"": 247, ""session_key"": 11291}",0,http_429,"{""detail"":""Rate limit exceeded. Max 30 requests/minute."",""error"":""Too Many Requests""}",0.481
2026-10-10T22:32:40.060558Z,team_radio,team_radio_by_session_key_opportunistic,"{""session_key"": 11291}",0,http_429,"{""detail"":""Rate limit exceeded. Max 30 requests/minute."",""error"":""Too Many Requests""}",0.484
2026-10-10T22:32:40.654132Z,weather,weather_by_session_key,"{""session_key"": 11292}",0,http_429,"{""detail"":""Rate limit exceeded. Max 30 requests/minute."",""error"":""Too Many Requests""}",0.492
2026-10-10T22:32:41.234644Z,race_control,race_control_by_session_key,"{""session_key"": 11292}",0,http_429,"{""detail"":""Rate limit exceeded. Max 30 requests/minute."",""error"":""Too Many Requests""}",0.479
2026-10-10T22:32:41.816346Z,intervals,intervals_by_session_key,"{""session_key"": 11292}",0,http_429,"{""detail"":""Rate limit exceeded. Max 30 requests/minute."",""error"":""Too Many Requests""}",0.48
2026-10-10T22:32:42.396527Z,position,position_by_session_key,"{""session_key"": 11292}",0,http_429,"{""detail"":""Rate limit exceeded. Max 30 requests/minute."",""error"":""Too Many Requests""}",0.479
2026-10-10T22:32:42.981440Z,position,position_by_meeting_key_fallback,"{""meeting_key"": 1286}",0,http_429,"{""detail"":""Rate limit exceeded. Max 30 requests/minute."",""error"":""Too Many Requests""}",0.484
2026-10-10T22:32:43.562705Z,stints,stints_by_session_key,"{""session_key"": 11292}",0,http_429,"{""detail"":""Rate limit exceeded. Max 30 requests/minute."",""error"":""Too Many Requests""}",0.48
2026-10-10T22:32:43.664066Z,pit,skip_non_race_like_session,"{""session_key"": 11292}",0,skipped_not_applicable,pit endpoint is only treated as required for race/sprint-like sessions,0.0
2026-10-10T22:32:44.148220Z,starting_grid,starting_grid_by_session_key,"{""session_key"": 11292}",0,http_429,"{""detail"":""Rate limit exceeded. Max 30 requests/minute."",""error"":""Too Many Requests""}",0.484
2026-10-10T22:32:44.730988Z,drivers,drivers_by_session_key,"{""session_key"": 11292}",0,http_429,"{""detail"":""Rate limit exceeded. Max 30 requests/minute."",""error"":""Too Many Requests""}",0.481
2026-10-10T22:32:45.333908Z,drivers,drivers_by_observed_driver_number,"{""driver_number"": 1, ""session_key"": 11292}",0,http_429,"{""detail"":""Rate limit exceeded. Max 30 requests/minute."",""error"":""Too Many Requests""}",0.484
2026-10-10T22:32:45.916583Z,drivers,drivers_by_observed_driver_number,"{""driver_number"": 3, ""session_key"": 11292}",0,http_429,"{""detail"":""Rate limit exceeded. Max 30 requests/minute."",""error"":""Too Many Requests""}",0.481
2026-10-10T22:32:46.499903Z,drivers,drivers_by_observed_driver_number,"{""driver_number"": 5, ""session_key"": 11292}",0,http_429,"{""detail"":""Rate limit exceeded. Max 30 requests/minute."",""error"":""Too Many Requests""}",0.482
2026-10-10T22:32:47.087025Z,drivers,drivers_by_observed_driver_number,"{""driver_number"": 6, ""session_key"": 11292}",0,http_429,"{""detail"":""Rate limit exceeded. Max 30 requests/minute."",""error"":""Too Many Requests""}",0.486
2026-10-10T22:32:47.667097Z,drivers,drivers_by_observed_driver_number,"{""driver_number"": 10, ""session_key"": 11292}",0,http_429,"{""detail"":""Rate limit exceeded. Max 30 requests/minute."",""error"":""Too Many Requests""}",0.479
2026-10-10T22:32:48.248570Z,drivers,drivers_by_observed_driver_number,"{""driver_number"": 11, ""session_key"": 11292}",0,http_429,"{""detail"":""Rate limit exceeded. Max 30 requests/minute."",""error"":""Too Many Requests""}",0.48
2026-10-10T22:32:48.834533Z,drivers,drivers_by_observed_driver_number,"{""driver_number"": 12, ""session_key"": 11292}",0,http_429,"{""detail"":""Rate limit exceeded. Max 30 requests/minute."",""error"":""Too Many Requests""}",0.485
2026-10-10T22:32:49.419053Z,drivers,drivers_by_observed_driver_number,"{""driver_number"": 14, ""session_key"": 11292}",0,http_429,"{""detail"":""Rate limit exceeded. Max 30 requests/minute."",""error"":""Too Many Requests""}",0.483
2026-10-10T22:32:50.001201Z,drivers,drivers_by_observed_driver_number,"{""driver_number"": 16, ""session_key"": 11292}",0,http_429,"{""detail"":""Rate limit exceeded. Max 30 requests/minute."",""error"":""Too Many Requests""}",0.481
2026-10-10T22:32:50.588059Z,drivers,drivers_by_observed_driver_number,"{""driver_number"": 18, ""session_key"": 11292}",0,http_429,"{""detail"":""Rate limit exceeded. Max 30 requests/minute."",""error"":""Too Many Requests""}",0.486
2026-10-10T22:32:51.171410Z,drivers,drivers_by_observed_driver_number,"{""driver_number"": 23, ""session_key"": 11292}",0,http_429,"{""detail"":""Rate limit exceeded. Max 30 requests/minute."",""error"":""Too Many Requests""}",0.482
2026-10-10T22:32:51.764239Z,drivers,drivers_by_observed_driver_number,"{""driver_number"": 27, ""session_key"": 11292}",0,http_429,"{""detail"":""Rate limit exceeded. Max 30 requests/minute."",""error"":""Too Many Requests""}",0.492
2026-10-10T22:32:52.348097Z,drivers,drivers_by_observed_driver_number,"{""driver_number"": 30, ""session_key"": 11292}",0,http_429,"{""detail"":""Rate limit exceeded. Max 30 requests/minute."",""error"":""Too Many Requests""}",0.483
2026-10-10T22:32:52.930660Z,drivers,drivers_by_observed_driver_number,"{""driver_number"": 31, ""session_key"": 11292}",0,http_429,"{""detail"":""Rate limit exceeded. Max 30 requests/minute."",""error"":""Too Many Requests""}",0.481
2026-10-10T22:32:53.510216Z,drivers,drivers_by_observed_driver_number,"{""driver_number"": 34, ""session_key"": 11292}",0,http_429,"{""detail"":""Rate limit exceeded. Max 30 requests/minute."",""error"":""Too Many Requests""}",0.478
2026-10-10T22:32:54.090736Z,drivers,drivers_by_observed_driver_number,"{""driver_number"": 41, ""session_key"": 11292}",0,http_429,"{""detail"":""Rate limit exceeded. Max 30 requests/minute."",""error"":""Too Many Requests""}",0.479
2026-10-10T22:32:54.672342Z,drivers,drivers_by_observed_driver_number,"{""driver_number"": 43, ""session_key"": 11292}",0,http_429,"{""detail"":""Rate limit exceeded. Max 30 requests/minute."",""error"":""Too Many Requests""}",0.48
2026-10-10T22:32:55.257053Z,drivers,drivers_by_observed_driver_number,"{""driver_number"": 44, ""session_key"": 11292}",0,http_429,"{""detail"":""Rate limit exceeded. Max 30 requests/minute."",""error"":""Too Many Requests""}",0.483
2026-10-10T22:32:55.842393Z,drivers,drivers_by_observed_driver_number,"{""driver_number"": 55, ""session_key"": 11292}",0,http_429,"{""detail"":""Rate limit exceeded. Max 30 requests/minute."",""error"":""Too Many Requests""}",0.484
2026-10-10T22:32:56.431982Z,drivers,drivers_by_observed_driver_number,"{""driver_number"": 63, ""session_key"": 11292}",0,http_429,"{""detail"":""Rate limit exceeded. Max 30 requests/minute."",""error"":""Too Many Requests""}",0.488
2026-10-10T22:32:57.017497Z,drivers,drivers_by_observed_driver_number,"{""driver_number"": 77, ""session_key"": 11292}",0,http_429,"{""detail"":""Rate limit exceeded. Max 30 requests/minute."",""error"":""Too Many Requests""}",0.484
2026-10-10T22:32:57.605513Z,drivers,drivers_by_observed_driver_number,"{""driver_number"": 81, ""session_key"": 11292}",0,http_429,"{""detail"":""Rate limit exceeded. Max 30 requests/minute."",""error"":""Too Many Requests""}",0.487
2026-10-10T22:32:58.189526Z,drivers,drivers_by_observed_driver_number,"{""driver_number"": 87, ""session_key"": 11292}",0,http_429,"{""detail"":""Rate limit exceeded. Max 30 requests/minute."",""error"":""Too Many Requests""}",0.483
2026-10-10T22:32:58.771914Z,drivers,drivers_by_observed_driver_number,"{""driver_number"": 241, ""session_key"": 11292}",0,http_429,"{""detail"":""Rate limit exceeded. Max 30 requests/minute."",""error"":""Too Many Requests""}",0.481
2026-10-10T22:32:59.356729Z,drivers,drivers_by_observed_driver_number,"{""driver_number"": 243, ""session_key"": 11292}",0,http_429,"{""detail"":""Rate limit exceeded. Max 30 requests/minute."",""error"":""Too Many Requests""}",0.483
2026-10-10T22:32:59.936668Z,drivers,drivers_by_observed_driver_number,"{""driver_number"": 247, ""session_key"": 11292}",0,http_429,"{""detail"":""Rate limit exceeded. Max 30 requests/minute."",""error"":""Too Many Requests""}",0.479
2026-10-10T22:33:00.521668Z,team_radio,team_radio_by_session_key_opportunistic,"{""session_key"": 11292}",0,http_404,"{""detail"":""No results found.""}",0.483
2026-10-10T22:33:01.107225Z,weather,weather_by_session_key,"{""session_key"": 11293}",80,pass,,0.484
2026-10-10T22:33:01.703780Z,race_control,race_control_by_session_key,"{""session_key"": 11293}",110,pass,,0.494
2026-10-10T22:33:02.288803Z,intervals,intervals_by_session_key,"{""session_key"": 11293}",0,http_404,"{""detail"":""No results found.""}",0.483
2026-10-10T22:33:02.916791Z,position,position_by_session_key,"{""session_key"": 11293}",816,pass,,0.527
2026-10-10T22:33:03.511990Z,stints,stints_by_session_key,"{""session_key"": 11293}",91,pass,,0.493
2026-10-10T22:33:03.613997Z,pit,skip_non_race_like_session,"{""session_key"": 11293}",0,skipped_not_applicable,pit endpoint is only treated as required for race/sprint-like sessions,0.0
2026-10-10T22:33:04.101813Z,starting_grid,starting_grid_by_session_key,"{""session_key"": 11293}",0,http_404,"{""detail"":""No results found.""}",0.488
2026-10-10T22:33:04.687590Z,drivers,drivers_by_session_key,"{""session_key"": 11293}",22,pass,,0.484
2026-10-10T22:33:05.277092Z,team_radio,team_radio_by_session_key_opportunistic,"{""session_key"": 11293}",0,http_404,"{""detail"":""No results found.""}",0.487
2026-10-10T22:33:05.872188Z,weather,weather_by_session_key,"{""session_key"": 11294}",79,pass,,0.493
2026-10-10T22:33:06.457560Z,race_control,race_control_by_session_key,"{""session_key"": 11294}",73,pass,,0.483
2026-10-10T22:33:07.041422Z,intervals,intervals_by_session_key,"{""session_key"": 11294}",0,http_404,"{""detail"":""No results found.""}",0.482
2026-10-10T22:33:07.652016Z,position,position_by_session_key,"{""session_key"": 11294}",592,pass,,0.509
2026-10-10T22:33:08.244953Z,stints,stints_by_session_key,"{""session_key"": 11294}",82,pass,,0.491
2026-10-10T22:33:08.347020Z,pit,skip_non_race_like_session,"{""session_key"": 11294}",0,skipped_not_applicable,pit endpoint is only treated as required for race/sprint-like sessions,0.0
2026-10-10T22:33:08.830726Z,starting_grid,starting_grid_by_session_key,"{""session_key"": 11294}",0,http_404,"{""detail"":""No results found.""}",0.484
2026-10-10T22:33:09.417572Z,drivers,drivers_by_session_key,"{""session_key"": 11294}",22,pass,,0.486
2026-10-10T22:33:10.004364Z,team_radio,team_radio_by_session_key_opportunistic,"{""session_key"": 11294}",22,pass,,0.485
2026-10-10T22:33:10.601968Z,weather,weather_by_session_key,"{""session_key"": 11295}",84,pass,,0.495
2026-10-10T22:33:11.192656Z,race_control,race_control_by_session_key,"{""session_key"": 11295}",73,pass,,0.489
2026-10-10T22:33:11.777818Z,intervals,intervals_by_session_key,"{""session_key"": 11295}",0,http_404,"{""detail"":""No results found.""}",0.483
2026-10-10T22:33:12.422799Z,position,position_by_session_key,"{""session_key"": 11295}",1616,pass,,0.544
2026-10-10T22:33:13.014712Z,stints,stints_by_session_key,"{""session_key"": 11295}",100,pass,,0.49
2026-10-10T22:33:13.116857Z,pit,skip_non_race_like_session,"{""session_key"": 11295}",0,skipped_not_applicable,pit endpoint is only treated as required for race/sprint-like sessions,0.0
2026-10-10T22:33:13.603344Z,starting_grid,starting_grid_by_session_key,"{""session_key"": 11295}",22,pass,,0.486
2026-10-10T22:33:14.188144Z,drivers,drivers_by_session_key,"{""session_key"": 11295}",22,pass,,0.483
2026-10-10T22:33:14.780811Z,team_radio,team_radio_by_session_key_opportunistic,"{""session_key"": 11295}",18,pass,,0.491
2026-10-10T22:33:15.384107Z,weather,weather_by_session_key,"{""session_key"": 11299}",208,pass,,0.501
2026-10-10T22:33:15.997531Z,race_control,race_control_by_session_key,"{""session_key"": 11299}",269,pass,,0.511
2026-10-10T22:33:18.493018Z,intervals,intervals_by_session_key,"{""session_key"": 11299}",29916,pass,,2.393
2026-10-10T22:33:19.108030Z,position,position_by_session_key,"{""session_key"": 11299}",291,pass,,0.509
2026-10-10T22:33:19.708396Z,stints,stints_by_session_key,"{""session_key"": 11299}",108,pass,,0.498
2026-10-10T22:33:20.294366Z,pit,pit_by_session_key,"{""session_key"": 11299}",0,http_429,"{""detail"":""Rate limit exceeded. Max 30 requests/minute."",""error"":""Too Many Requests""}",0.484
2026-10-10T22:33:20.875709Z,starting_grid,starting_grid_by_session_key,"{""session_key"": 11299}",0,http_429,"{""detail"":""Rate limit exceeded. Max 30 requests/minute."",""error"":""Too Many Requests""}",0.48
2026-10-10T22:33:21.463026Z,drivers,drivers_by_session_key,"{""session_key"": 11299}",0,http_429,"{""detail"":""Rate limit exceeded. Max 30 requests/minute."",""error"":""Too Many Requests""}",0.486
2026-10-10T22:33:22.064208Z,drivers,drivers_by_observed_driver_number,"{""driver_number"": 1, ""session_key"": 11299}",0,http_429,"{""detail"":""Rate limit exceeded. Max 30 requests/minute."",""error"":""Too Many Requests""}",0.479
2026-10-10T22:33:22.644443Z,drivers,drivers_by_observed_driver_number,"{""driver_number"": 3, ""session_key"": 11299}",0,http_429,"{""detail"":""Rate limit exceeded. Max 30 requests/minute."",""error"":""Too Many Requests""}",0.479
2026-10-10T22:33:23.228980Z,drivers,drivers_by_observed_driver_number,"{""driver_number"": 5, ""session_key"": 11299}",0,http_429,"{""detail"":""Rate limit exceeded. Max 30 requests/minute."",""error"":""Too Many Requests""}",0.483
2026-10-10T22:33:23.808408Z,drivers,drivers_by_observed_driver_number,"{""driver_number"": 6, ""session_key"": 11299}",0,http_429,"{""detail"":""Rate limit exceeded. Max 30 requests/minute."",""error"":""Too Many Requests""}",0.478
2026-10-10T22:33:24.393936Z,drivers,drivers_by_observed_driver_number,"{""driver_number"": 10, ""session_key"": 11299}",0,http_429,"{""detail"":""Rate limit exceeded. Max 30 requests/minute."",""error"":""Too Many Requests""}",0.484
2026-10-10T22:33:24.976871Z,drivers,drivers_by_observed_driver_number,"{""driver_number"": 11, ""session_key"": 11299}",0,http_429,"{""detail"":""Rate limit exceeded. Max 30 requests/minute."",""error"":""Too Many Requests""}",0.482
2026-10-10T22:33:25.561176Z,drivers,drivers_by_observed_driver_number,"{""driver_number"": 12, ""session_key"": 11299}",0,http_429,"{""detail"":""Rate limit exceeded. Max 30 requests/minute."",""error"":""Too Many Requests""}",0.483
2026-10-10T22:33:26.147606Z,drivers,drivers_by_observed_driver_number,"{""driver_number"": 14, ""session_key"": 11299}",0,http_429,"{""detail"":""Rate limit exceeded. Max 30 requests/minute."",""error"":""Too Many Requests""}",0.485
2026-10-10T22:33:26.728057Z,drivers,drivers_by_observed_driver_number,"{""driver_number"": 16, ""session_key"": 11299}",0,http_429,"{""detail"":""Rate limit exceeded. Max 30 requests/minute."",""error"":""Too Many Requests""}",0.479
2026-10-10T22:33:27.314011Z,drivers,drivers_by_observed_driver_number,"{""driver_number"": 18, ""session_key"": 11299}",0,http_429,"{""detail"":""Rate limit exceeded. Max 30 requests/minute."",""error"":""Too Many Requests""}",0.485
2026-10-10T22:33:27.894223Z,drivers,drivers_by_observed_driver_number,"{""driver_number"": 23, ""session_key"": 11299}",0,http_429,"{""detail"":""Rate limit exceeded. Max 30 requests/minute."",""error"":""Too Many Requests""}",0.479
2026-10-10T22:33:28.476507Z,drivers,drivers_by_observed_driver_number,"{""driver_number"": 27, ""session_key"": 11299}",0,http_429,"{""detail"":""Rate limit exceeded. Max 30 requests/minute."",""error"":""Too Many Requests""}",0.481
2026-10-10T22:33:29.057307Z,drivers,drivers_by_observed_driver_number,"{""driver_number"": 30, ""session_key"": 11299}",0,http_429,"{""detail"":""Rate limit exceeded. Max 30 requests/minute."",""error"":""Too Many Requests""}",0.48
2026-10-10T22:33:29.639980Z,drivers,drivers_by_observed_driver_number,"{""driver_number"": 31, ""session_key"": 11299}",0,http_429,"{""detail"":""Rate limit exceeded. Max 30 requests/minute."",""error"":""Too Many Requests""}",0.481
2026-10-10T22:33:30.220134Z,drivers,drivers_by_observed_driver_number,"{""driver_number"": 34, ""session_key"": 11299}",0,http_429,"{""detail"":""Rate limit exceeded. Max 30 requests/minute."",""error"":""Too Many Requests""}",0.479
2026-10-10T22:33:30.806890Z,drivers,drivers_by_observed_driver_number,"{""driver_number"": 41, ""session_key"": 11299}",0,http_429,"{""detail"":""Rate limit exceeded. Max 30 requests/minute."",""error"":""Too Many Requests""}",0.485
2026-10-10T22:33:31.391708Z,drivers,drivers_by_observed_driver_number,"{""driver_number"": 43, ""session_key"": 11299}",0,http_429,"{""detail"":""Rate limit exceeded. Max 30 requests/minute."",""error"":""Too Many Requests""}",0.484
2026-10-10T22:33:31.976359Z,drivers,drivers_by_observed_driver_number,"{""driver_number"": 44, ""session_key"": 11299}",0,http_429,"{""detail"":""Rate limit exceeded. Max 30 requests/minute."",""error"":""Too Many Requests""}",0.483
2026-10-10T22:33:32.563877Z,drivers,drivers_by_observed_driver_number,"{""driver_number"": 55, ""session_key"": 11299}",0,http_429,"{""detail"":""Rate limit exceeded. Max 30 requests/minute."",""error"":""Too Many Requests""}",0.486
2026-10-10T22:33:33.150929Z,drivers,drivers_by_observed_driver_number,"{""driver_number"": 63, ""session_key"": 11299}",0,http_429,"{""detail"":""Rate limit exceeded. Max 30 requests/minute."",""error"":""Too Many Requests""}",0.486
2026-10-10T22:33:33.731275Z,drivers,drivers_by_observed_driver_number,"{""driver_number"": 77, ""session_key"": 11299}",0,http_429,"{""detail"":""Rate limit exceeded. Max 30 requests/minute."",""error"":""Too Many Requests""}",0.479
2026-10-10T22:33:34.311537Z,drivers,drivers_by_observed_driver_number,"{""driver_number"": 81, ""session_key"": 11299}",0,http_429,"{""detail"":""Rate limit exceeded. Max 30 requests/minute."",""error"":""Too Many Requests""}",0.479
2026-10-10T22:33:34.895802Z,drivers,drivers_by_observed_driver_number,"{""driver_number"": 87, ""session_key"": 11299}",0,http_429,"{""detail"":""Rate limit exceeded. Max 30 requests/minute."",""error"":""Too Many Requests""}",0.483
2026-10-10T22:33:35.475705Z,drivers,drivers_by_observed_driver_number,"{""driver_number"": 241, ""session_key"": 11299}",0,http_429,"{""detail"":""Rate limit exceeded. Max 30 requests/minute."",""error"":""Too Many Requests""}",0.479
2026-10-10T22:33:36.058103Z,drivers,drivers_by_observed_driver_number,"{""driver_number"": 243, ""session_key"": 11299}",0,http_429,"{""detail"":""Rate limit exceeded. Max 30 requests/minute."",""error"":""Too Many Requests""}",0.481
2026-10-10T22:33:36.638046Z,drivers,drivers_by_observed_driver_number,"{""driver_number"": 247, ""session_key"": 11299}",0,http_429,"{""detail"":""Rate limit exceeded. Max 30 requests/minute."",""error"":""Too Many Requests""}",0.479
2026-10-10T22:33:37.221403Z,team_radio,team_radio_by_session_key_opportunistic,"{""session_key"": 11299}",0,http_429,"{""detail"":""Rate limit exceeded. Max 30 requests/minute."",""error"":""Too Many Requests""}",0.482
2026-10-10T22:33:37.807422Z,weather,weather_by_session_key,"{""session_key"": 11300}",0,http_429,"{""detail"":""Rate limit exceeded. Max 30 requests/minute."",""error"":""Too Many Requests""}",0.484
2026-10-10T22:33:38.389185Z,race_control,race_control_by_session_key,"{""session_key"": 11300}",0,http_429,"{""detail"":""Rate limit exceeded. Max 30 requests/minute."",""error"":""Too Many Requests""}",0.481
2026-10-10T22:33:38.975801Z,intervals,intervals_by_session_key,"{""session_key"": 11300}",0,http_429,"{""detail"":""Rate limit exceeded. Max 30 requests/minute."",""error"":""Too Many Requests""}",0.485
2026-10-10T22:33:39.562404Z,position,position_by_session_key,"{""session_key"": 11300}",0,http_429,"{""detail"":""Rate limit exceeded. Max 30 requests/minute."",""error"":""Too Many Requests""}",0.485
2026-10-10T22:33:40.145465Z,position,position_by_meeting_key_fallback,"{""meeting_key"": 1287}",0,http_429,"{""detail"":""Rate limit exceeded. Max 30 requests/minute."",""error"":""Too Many Requests""}",0.482
2026-10-10T22:33:40.724613Z,stints,stints_by_session_key,"{""session_key"": 11300}",0,http_429,"{""detail"":""Rate limit exceeded. Max 30 requests/minute."",""error"":""Too Many Requests""}",0.478
2026-10-10T22:33:40.826013Z,pit,skip_non_race_like_session,"{""session_key"": 11300}",0,skipped_not_applicable,pit endpoint is only treated as required for race/sprint-like sessions,0.0
2026-10-10T22:33:41.308734Z,starting_grid,starting_grid_by_session_key,"{""session_key"": 11300}",0,http_429,"{""detail"":""Rate limit exceeded. Max 30 requests/minute."",""error"":""Too Many Requests""}",0.483
2026-10-10T22:33:41.890368Z,drivers,drivers_by_session_key,"{""session_key"": 11300}",0,http_429,"{""detail"":""Rate limit exceeded. Max 30 requests/minute."",""error"":""Too Many Requests""}",0.48
2026-10-10T22:33:42.492966Z,drivers,drivers_by_observed_driver_number,"{""driver_number"": 1, ""session_key"": 11300}",0,http_429,"{""detail"":""Rate limit exceeded. Max 30 requests/minute."",""error"":""Too Many Requests""}",0.481
2026-10-10T22:33:43.080593Z,drivers,drivers_by_observed_driver_number,"{""driver_number"": 3, ""session_key"": 11300}",0,http_429,"{""detail"":""Rate limit exceeded. Max 30 requests/minute."",""error"":""Too Many Requests""}",0.486
2026-10-10T22:33:43.663036Z,drivers,drivers_by_observed_driver_number,"{""driver_number"": 5, ""session_key"": 11300}",0,http_429,"{""detail"":""Rate limit exceeded. Max 30 requests/minute."",""error"":""Too Many Requests""}",0.481
2026-10-10T22:33:44.248279Z,drivers,drivers_by_observed_driver_number,"{""driver_number"": 6, ""session_key"": 11300}",0,http_429,"{""detail"":""Rate limit exceeded. Max 30 requests/minute."",""error"":""Too Many Requests""}",0.484
2026-10-10T22:33:44.831267Z,drivers,drivers_by_observed_driver_number,"{""driver_number"": 10, ""session_key"": 11300}",0,http_429,"{""detail"":""Rate limit exceeded. Max 30 requests/minute."",""error"":""Too Many Requests""}",0.482
2026-10-10T22:33:45.417648Z,drivers,drivers_by_observed_driver_number,"{""driver_number"": 11, ""session_key"": 11300}",0,http_429,"{""detail"":""Rate limit exceeded. Max 30 requests/minute."",""error"":""Too Many Requests""}",0.485
2026-10-10T22:33:46.004087Z,drivers,drivers_by_observed_driver_number,"{""driver_number"": 12, ""session_key"": 11300}",0,http_429,"{""detail"":""Rate limit exceeded. Max 30 requests/minute."",""error"":""Too Many Requests""}",0.485
2026-10-10T22:33:46.583729Z,drivers,drivers_by_observed_driver_number,"{""driver_number"": 14, ""session_key"": 11300}",0,http_429,"{""detail"":""Rate limit exceeded. Max 30 requests/minute."",""error"":""Too Many Requests""}",0.478
2026-10-10T22:33:47.166076Z,drivers,drivers_by_observed_driver_number,"{""driver_number"": 16, ""session_key"": 11300}",0,http_429,"{""detail"":""Rate limit exceeded. Max 30 requests/minute."",""error"":""Too Many Requests""}",0.481
2026-10-10T22:33:47.745410Z,drivers,drivers_by_observed_driver_number,"{""driver_number"": 18, ""session_key"": 11300}",0,http_429,"{""detail"":""Rate limit exceeded. Max 30 requests/minute."",""error"":""Too Many Requests""}",0.478
2026-10-10T22:33:48.327381Z,drivers,drivers_by_observed_driver_number,"{""driver_number"": 23, ""session_key"": 11300}",0,http_429,"{""detail"":""Rate limit exceeded. Max 30 requests/minute."",""error"":""Too Many Requests""}",0.481
2026-10-10T22:33:48.909809Z,drivers,drivers_by_observed_driver_number,"{""driver_number"": 27, ""session_key"": 11300}",0,http_429,"{""detail"":""Rate limit exceeded. Max 30 requests/minute."",""error"":""Too Many Requests""}",0.481
2026-10-10T22:33:49.511322Z,drivers,drivers_by_observed_driver_number,"{""driver_number"": 30, ""session_key"": 11300}",0,http_429,"{""detail"":""Rate limit exceeded. Max 30 requests/minute."",""error"":""Too Many Requests""}",0.5
2026-10-10T22:33:50.093893Z,drivers,drivers_by_observed_driver_number,"{""driver_number"": 31, ""session_key"": 11300}",0,http_429,"{""detail"":""Rate limit exceeded. Max 30 requests/minute."",""error"":""Too Many Requests""}",0.481
2026-10-10T22:33:50.678825Z,drivers,drivers_by_observed_driver_number,"{""driver_number"": 34, ""session_key"": 11300}",0,http_429,"{""detail"":""Rate limit exceeded. Max 30 requests/minute."",""error"":""Too Many Requests""}",0.484
2026-10-10T22:33:51.262750Z,drivers,drivers_by_observed_driver_number,"{""driver_number"": 41, ""session_key"": 11300}",0,http_429,"{""detail"":""Rate limit exceeded. Max 30 requests/minute."",""error"":""Too Many Requests""}",0.483
2026-10-10T22:33:51.848569Z,drivers,drivers_by_observed_driver_number,"{""driver_number"": 43, ""session_key"": 11300}",0,http_429,"{""detail"":""Rate limit exceeded. Max 30 requests/minute."",""error"":""Too Many Requests""}",0.485
2026-10-10T22:33:52.434577Z,drivers,drivers_by_observed_driver_number,"{""driver_number"": 44, ""session_key"": 11300}",0,http_429,"{""detail"":""Rate limit exceeded. Max 30 requests/minute."",""error"":""Too Many Requests""}",0.485
2026-10-10T22:33:53.013748Z,drivers,drivers_by_observed_driver_number,"{""driver_number"": 55, ""session_key"": 11300}",0,http_429,"{""detail"":""Rate limit exceeded. Max 30 requests/minute."",""error"":""Too Many Requests""}",0.478
2026-10-10T22:33:53.595485Z,drivers,drivers_by_observed_driver_number,"{""driver_number"": 63, ""session_key"": 11300}",0,http_429,"{""detail"":""Rate limit exceeded. Max 30 requests/minute."",""error"":""Too Many Requests""}",0.48
2026-10-10T22:33:54.175602Z,drivers,drivers_by_observed_driver_number,"{""driver_number"": 77, ""session_key"": 11300}",0,http_429,"{""detail"":""Rate limit exceeded. Max 30 requests/minute."",""error"":""Too Many Requests""}",0.479
2026-10-10T22:33:54.756285Z,drivers,drivers_by_observed_driver_number,"{""driver_number"": 81, ""session_key"": 11300}",0,http_429,"{""detail"":""Rate limit exceeded. Max 30 requests/minute."",""error"":""Too Many Requests""}",0.479
2026-10-10T22:33:55.339324Z,drivers,drivers_by_observed_driver_number,"{""driver_number"": 87, ""session_key"": 11300}",0,http_429,"{""detail"":""Rate limit exceeded. Max 30 requests/minute."",""error"":""Too Many Requests""}",0.482
2026-10-10T22:33:55.919162Z,drivers,drivers_by_observed_driver_number,"{""driver_number"": 241, ""session_key"": 11300}",0,http_429,"{""detail"":""Rate limit exceeded. Max 30 requests/minute."",""error"":""Too Many Requests""}",0.478
2026-10-10T22:33:56.503976Z,drivers,drivers_by_observed_driver_number,"{""driver_number"": 243, ""session_key"": 11300}",0,http_429,"{""detail"":""Rate limit exceeded. Max 30 requests/minute."",""error"":""Too Many Requests""}",0.484
2026-10-10T22:33:57.090135Z,drivers,drivers_by_observed_driver_number,"{""driver_number"": 247, ""session_key"": 11300}",0,http_429,"{""detail"":""Rate limit exceeded. Max 30 requests/minute."",""error"":""Too Many Requests""}",0.485
2026-10-10T22:33:57.672671Z,team_radio,team_radio_by_session_key_opportunistic,"{""session_key"": 11300}",0,http_429,"{""detail"":""Rate limit exceeded. Max 30 requests/minute."",""error"":""Too Many Requests""}",0.481
2026-10-10T22:33:58.257320Z,weather,weather_by_session_key,"{""session_key"": 11301}",0,http_429,"{""detail"":""Rate limit exceeded. Max 30 requests/minute."",""error"":""Too Many Requests""}",0.483
2026-10-10T22:33:58.844468Z,race_control,race_control_by_session_key,"{""session_key"": 11301}",0,http_429,"{""detail"":""Rate limit exceeded. Max 30 requests/minute."",""error"":""Too Many Requests""}",0.486
2026-10-10T22:33:59.425492Z,intervals,intervals_by_session_key,"{""session_key"": 11301}",0,http_429,"{""detail"":""Rate limit exceeded. Max 30 requests/minute."",""error"":""Too Many Requests""}",0.48
2026-10-10T22:34:00.008335Z,position,position_by_session_key,"{""session_key"": 11301}",0,http_429,"{""detail"":""Rate limit exceeded. Max 30 requests/minute."",""error"":""Too Many Requests""}",0.481
2026-10-10T22:34:00.981522Z,position,position_by_meeting_key_fallback,"{""meeting_key"": 1287}",3230,pass,,0.872
2026-10-10T22:34:01.582920Z,stints,stints_by_session_key,"{""session_key"": 11301}",118,pass,,0.498
2026-10-10T22:34:01.684958Z,pit,skip_non_race_like_session,"{""session_key"": 11301}",0,skipped_not_applicable,pit endpoint is only treated as required for race/sprint-like sessions,0.0
2026-10-10T22:34:02.168643Z,starting_grid,starting_grid_by_session_key,"{""session_key"": 11301}",0,http_404,"{""detail"":""No results found.""}",0.484
2026-10-10T22:34:02.753615Z,drivers,drivers_by_session_key,"{""session_key"": 11301}",22,pass,,0.484
2026-10-10T22:34:03.341948Z,team_radio,team_radio_by_session_key_opportunistic,"{""session_key"": 11301}",6,pass,,0.486
2026-10-10T22:34:03.935168Z,weather,weather_by_session_key,"{""session_key"": 11302}",81,pass,,0.491
2026-10-10T22:34:04.524796Z,race_control,race_control_by_session_key,"{""session_key"": 11302}",44,pass,,0.488
2026-10-10T22:34:05.113414Z,intervals,intervals_by_session_key,"{""session_key"": 11302}",0,http_404,"{""detail"":""No results found.""}",0.487
2026-10-10T22:34:05.719646Z,position,position_by_session_key,"{""session_key"": 11302}",465,pass,,0.505
2026-10-10T22:34:06.308812Z,stints,stints_by_session_key,"{""session_key"": 11302}",105,pass,,0.487
2026-10-10T22:34:06.410701Z,pit,skip_non_race_like_session,"{""session_key"": 11302}",0,skipped_not_applicable,pit endpoint is only treated as required for race/sprint-like sessions,0.0
2026-10-10T22:34:06.892725Z,starting_grid,starting_grid_by_session_key,"{""session_key"": 11302}",0,http_404,"{""detail"":""No results found.""}",0.482
2026-10-10T22:34:07.477813Z,drivers,drivers_by_session_key,"{""session_key"": 11302}",22,pass,,0.484
2026-10-10T22:34:08.065228Z,team_radio,team_radio_by_session_key_opportunistic,"{""session_key"": 11302}",8,pass,,0.485
2026-10-10T22:34:08.654024Z,weather,weather_by_session_key,"{""session_key"": 11303}",88,pass,,0.487
2026-10-10T22:34:09.243293Z,race_control,race_control_by_session_key,"{""session_key"": 11303}",50,pass,,0.487
2026-10-10T22:34:09.828240Z,intervals,intervals_by_session_key,"{""session_key"": 11303}",0,http_404,"{""detail"":""No results found.""}",0.483
2026-10-10T22:34:10.473570Z,position,position_by_session_key,"{""session_key"": 11303}",1116,pass,,0.544
2026-10-10T22:34:11.062199Z,stints,stints_by_session_key,"{""session_key"": 11303}",89,pass,,0.486
2026-10-10T22:34:11.164136Z,pit,skip_non_race_like_session,"{""session_key"": 11303}",0,skipped_not_applicable,pit endpoint is only treated as required for race/sprint-like sessions,0.0
2026-10-10T22:34:11.652284Z,starting_grid,starting_grid_by_session_key,"{""session_key"": 11303}",22,pass,,0.488
2026-10-10T22:34:12.239566Z,drivers,drivers_by_session_key,"{""session_key"": 11303}",22,pass,,0.485
2026-10-10T22:34:12.821420Z,team_radio,team_radio_by_session_key_opportunistic,"{""session_key"": 11303}",8,pass,,0.48
2026-10-10T22:34:13.415453Z,weather,weather_by_session_key,"{""session_key"": 11307}",150,pass,,0.492
2026-10-10T22:34:14.010473Z,race_control,race_control_by_session_key,"{""session_key"": 11307}",179,pass,,0.493
2026-10-10T22:34:16.187686Z,intervals,intervals_by_session_key,"{""session_key"": 11307}",25022,pass,,2.075
2026-10-10T22:34:16.798127Z,position,position_by_session_key,"{""session_key"": 11307}",613,pass,,0.505
2026-10-10T22:34:17.388176Z,stints,stints_by_session_key,"{""session_key"": 11307}",70,pass,,0.488
2026-10-10T22:34:17.978367Z,pit,pit_by_session_key,"{""session_key"": 11307}",48,pass,,0.488
2026-10-10T22:34:18.559949Z,starting_grid,starting_grid_by_session_key,"{""session_key"": 11307}",0,http_404,"{""detail"":""No results found.""}",0.48
2026-10-10T22:34:19.151614Z,drivers,drivers_by_session_key,"{""session_key"": 11307}",22,pass,,0.49
2026-10-10T22:34:19.735229Z,team_radio,team_radio_by_session_key_opportunistic,"{""session_key"": 11307}",40,pass,,0.482
2026-10-10T22:34:20.316201Z,weather,weather_by_session_key,"{""session_key"": 11308}",0,http_429,"{""detail"":""Rate limit exceeded. Max 30 requests/minute."",""error"":""Too Many Requests""}",0.479
2026-10-10T22:34:20.895519Z,race_control,race_control_by_session_key,"{""session_key"": 11308}",0,http_429,"{""detail"":""Rate limit exceeded. Max 30 requests/minute."",""error"":""Too Many Requests""}",0.478
2026-10-10T22:34:21.479023Z,intervals,intervals_by_session_key,"{""session_key"": 11308}",0,http_429,"{""detail"":""Rate limit exceeded. Max 30 requests/minute."",""error"":""Too Many Requests""}",0.482
2026-10-10T22:34:22.061025Z,position,position_by_session_key,"{""session_key"": 11308}",0,http_429,"{""detail"":""Rate limit exceeded. Max 30 requests/minute."",""error"":""Too Many Requests""}",0.481
2026-10-10T22:34:22.645013Z,position,position_by_meeting_key_fallback,"{""meeting_key"": 1288}",0,http_429,"{""detail"":""Rate limit exceeded. Max 30 requests/minute."",""error"":""Too Many Requests""}",0.483
2026-10-10T22:34:23.227604Z,stints,stints_by_session_key,"{""session_key"": 11308}",0,http_429,"{""detail"":""Rate limit exceeded. Max 30 requests/minute."",""error"":""Too Many Requests""}",0.481
2026-10-10T22:34:23.328994Z,pit,skip_non_race_like_session,"{""session_key"": 11308}",0,skipped_not_applicable,pit endpoint is only treated as required for race/sprint-like sessions,0.0
2026-10-10T22:34:23.811969Z,starting_grid,starting_grid_by_session_key,"{""session_key"": 11308}",0,http_429,"{""detail"":""Rate limit exceeded. Max 30 requests/minute."",""error"":""Too Many Requests""}",0.483
2026-10-10T22:34:24.398837Z,drivers,drivers_by_session_key,"{""session_key"": 11308}",0,http_429,"{""detail"":""Rate limit exceeded. Max 30 requests/minute."",""error"":""Too Many Requests""}",0.486
2026-10-10T22:34:25.002748Z,drivers,drivers_by_observed_driver_number,"{""driver_number"": 1, ""session_key"": 11308}",0,http_429,"{""detail"":""Rate limit exceeded. Max 30 requests/minute."",""error"":""Too Many Requests""}",0.479
2026-10-10T22:34:25.586066Z,drivers,drivers_by_observed_driver_number,"{""driver_number"": 3, ""session_key"": 11308}",0,http_429,"{""detail"":""Rate limit exceeded. Max 30 requests/minute."",""error"":""Too Many Requests""}",0.482
2026-10-10T22:34:26.166395Z,drivers,drivers_by_observed_driver_number,"{""driver_number"": 5, ""session_key"": 11308}",0,http_429,"{""detail"":""Rate limit exceeded. Max 30 requests/minute."",""error"":""Too Many Requests""}",0.479
2026-10-10T22:34:26.747546Z,drivers,drivers_by_observed_driver_number,"{""driver_number"": 6, ""session_key"": 11308}",0,http_429,"{""detail"":""Rate limit exceeded. Max 30 requests/minute."",""error"":""Too Many Requests""}",0.48
2026-10-10T22:34:27.329126Z,drivers,drivers_by_observed_driver_number,"{""driver_number"": 10, ""session_key"": 11308}",0,http_429,"{""detail"":""Rate limit exceeded. Max 30 requests/minute."",""error"":""Too Many Requests""}",0.48
2026-10-10T22:34:27.911720Z,drivers,drivers_by_observed_driver_number,"{""driver_number"": 11, ""session_key"": 11308}",0,http_429,"{""detail"":""Rate limit exceeded. Max 30 requests/minute."",""error"":""Too Many Requests""}",0.481
2026-10-10T22:34:28.495036Z,drivers,drivers_by_observed_driver_number,"{""driver_number"": 12, ""session_key"": 11308}",0,http_429,"{""detail"":""Rate limit exceeded. Max 30 requests/minute."",""error"":""Too Many Requests""}",0.482
2026-10-10T22:34:29.077083Z,drivers,drivers_by_observed_driver_number,"{""driver_number"": 14, ""session_key"": 11308}",0,http_429,"{""detail"":""Rate limit exceeded. Max 30 requests/minute."",""error"":""Too Many Requests""}",0.481
2026-10-10T22:34:29.660286Z,drivers,drivers_by_observed_driver_number,"{""driver_number"": 16, ""session_key"": 11308}",0,http_429,"{""detail"":""Rate limit exceeded. Max 30 requests/minute."",""error"":""Too Many Requests""}",0.482
2026-10-10T22:34:30.243263Z,drivers,drivers_by_observed_driver_number,"{""driver_number"": 18, ""session_key"": 11308}",0,http_429,"{""detail"":""Rate limit exceeded. Max 30 requests/minute."",""error"":""Too Many Requests""}",0.482
2026-10-10T22:34:30.824081Z,drivers,drivers_by_observed_driver_number,"{""driver_number"": 23, ""session_key"": 11308}",0,http_429,"{""detail"":""Rate limit exceeded. Max 30 requests/minute."",""error"":""Too Many Requests""}",0.48
2026-10-10T22:34:31.403440Z,drivers,drivers_by_observed_driver_number,"{""driver_number"": 27, ""session_key"": 11308}",0,http_429,"{""detail"":""Rate limit exceeded. Max 30 requests/minute."",""error"":""Too Many Requests""}",0.478
2026-10-10T22:34:31.987268Z,drivers,drivers_by_observed_driver_number,"{""driver_number"": 30, ""session_key"": 11308}",0,http_429,"{""detail"":""Rate limit exceeded. Max 30 requests/minute."",""error"":""Too Many Requests""}",0.483
2026-10-10T22:34:32.569299Z,drivers,drivers_by_observed_driver_number,"{""driver_number"": 31, ""session_key"": 11308}",0,http_429,"{""detail"":""Rate limit exceeded. Max 30 requests/minute."",""error"":""Too Many Requests""}",0.481
2026-10-10T22:34:33.151869Z,drivers,drivers_by_observed_driver_number,"{""driver_number"": 34, ""session_key"": 11308}",0,http_429,"{""detail"":""Rate limit exceeded. Max 30 requests/minute."",""error"":""Too Many Requests""}",0.481
2026-10-10T22:34:33.733515Z,drivers,drivers_by_observed_driver_number,"{""driver_number"": 41, ""session_key"": 11308}",0,http_429,"{""detail"":""Rate limit exceeded. Max 30 requests/minute."",""error"":""Too Many Requests""}",0.48
2026-10-10T22:34:34.318029Z,drivers,drivers_by_observed_driver_number,"{""driver_number"": 43, ""session_key"": 11308}",0,http_429,"{""detail"":""Rate limit exceeded. Max 30 requests/minute."",""error"":""Too Many Requests""}",0.483
2026-10-10T22:34:34.901191Z,drivers,drivers_by_observed_driver_number,"{""driver_number"": 44, ""session_key"": 11308}",0,http_429,"{""detail"":""Rate limit exceeded. Max 30 requests/minute."",""error"":""Too Many Requests""}",0.482
2026-10-10T22:34:35.485300Z,drivers,drivers_by_observed_driver_number,"{""driver_number"": 55, ""session_key"": 11308}",0,http_429,"{""detail"":""Rate limit exceeded. Max 30 requests/minute."",""error"":""Too Many Requests""}",0.483
2026-10-10T22:34:36.067282Z,drivers,drivers_by_observed_driver_number,"{""driver_number"": 63, ""session_key"": 11308}",0,http_429,"{""detail"":""Rate limit exceeded. Max 30 requests/minute."",""error"":""Too Many Requests""}",0.481
2026-10-10T22:34:36.649797Z,drivers,drivers_by_observed_driver_number,"{""driver_number"": 77, ""session_key"": 11308}",0,http_429,"{""detail"":""Rate limit exceeded. Max 30 requests/minute."",""error"":""Too Many Requests""}",0.481
2026-10-10T22:34:37.277973Z,drivers,drivers_by_observed_driver_number,"{""driver_number"": 81, ""session_key"": 11308}",0,http_429,"{""detail"":""Rate limit exceeded. Max 30 requests/minute."",""error"":""Too Many Requests""}",0.527
2026-10-10T22:34:37.859221Z,drivers,drivers_by_observed_driver_number,"{""driver_number"": 87, ""session_key"": 11308}",0,http_429,"{""detail"":""Rate limit exceeded. Max 30 requests/minute."",""error"":""Too Many Requests""}",0.48
2026-10-10T22:34:38.441492Z,drivers,drivers_by_observed_driver_number,"{""driver_number"": 241, ""session_key"": 11308}",0,http_429,"{""detail"":""Rate limit exceeded. Max 30 requests/minute."",""error"":""Too Many Requests""}",0.481
2026-10-10T22:34:39.029092Z,drivers,drivers_by_observed_driver_number,"{""driver_number"": 243, ""session_key"": 11308}",0,http_429,"{""detail"":""Rate limit exceeded. Max 30 requests/minute."",""error"":""Too Many Requests""}",0.486
2026-10-10T22:34:39.609866Z,drivers,drivers_by_observed_driver_number,"{""driver_number"": 247, ""session_key"": 11308}",0,http_429,"{""detail"":""Rate limit exceeded. Max 30 requests/minute."",""error"":""Too Many Requests""}",0.48
2026-10-10T22:34:40.189909Z,team_radio,team_radio_by_session_key_opportunistic,"{""session_key"": 11308}",0,http_429,"{""detail"":""Rate limit exceeded. Max 30 requests/minute."",""error"":""Too Many Requests""}",0.479
2026-10-10T22:34:40.773600Z,weather,weather_by_session_key,"{""session_key"": 11309}",0,http_429,"{""detail"":""Rate limit exceeded. Max 30 requests/minute."",""error"":""Too Many Requests""}",0.482
2026-10-10T22:34:41.357721Z,race_control,race_control_by_session_key,"{""session_key"": 11309}",0,http_429,"{""detail"":""Rate limit exceeded. Max 30 requests/minute."",""error"":""Too Many Requests""}",0.483
2026-10-10T22:34:41.939331Z,intervals,intervals_by_session_key,"{""session_key"": 11309}",0,http_429,"{""detail"":""Rate limit exceeded. Max 30 requests/minute."",""error"":""Too Many Requests""}",0.48
2026-10-10T22:34:42.522709Z,position,position_by_session_key,"{""session_key"": 11309}",0,http_429,"{""detail"":""Rate limit exceeded. Max 30 requests/minute."",""error"":""Too Many Requests""}",0.482
2026-10-10T22:34:43.112437Z,position,position_by_meeting_key_fallback,"{""meeting_key"": 1288}",0,http_429,"{""detail"":""Rate limit exceeded. Max 30 requests/minute."",""error"":""Too Many Requests""}",0.489
2026-10-10T22:34:43.693073Z,stints,stints_by_session_key,"{""session_key"": 11309}",0,http_429,"{""detail"":""Rate limit exceeded. Max 30 requests/minute."",""error"":""Too Many Requests""}",0.48
2026-10-10T22:34:43.794394Z,pit,skip_non_race_like_session,"{""session_key"": 11309}",0,skipped_not_applicable,pit endpoint is only treated as required for race/sprint-like sessions,0.0
2026-10-10T22:34:44.279452Z,starting_grid,starting_grid_by_session_key,"{""session_key"": 11309}",0,http_429,"{""detail"":""Rate limit exceeded. Max 30 requests/minute."",""error"":""Too Many Requests""}",0.485
2026-10-10T22:34:44.859220Z,drivers,drivers_by_session_key,"{""session_key"": 11309}",0,http_429,"{""detail"":""Rate limit exceeded. Max 30 requests/minute."",""error"":""Too Many Requests""}",0.478
2026-10-10T22:34:45.466103Z,drivers,drivers_by_observed_driver_number,"{""driver_number"": 1, ""session_key"": 11309}",0,http_429,"{""detail"":""Rate limit exceeded. Max 30 requests/minute."",""error"":""Too Many Requests""}",0.482
2026-10-10T22:34:46.048053Z,drivers,drivers_by_observed_driver_number,"{""driver_number"": 3, ""session_key"": 11309}",0,http_429,"{""detail"":""Rate limit exceeded. Max 30 requests/minute."",""error"":""Too Many Requests""}",0.481
2026-10-10T22:34:46.628437Z,drivers,drivers_by_observed_driver_number,"{""driver_number"": 5, ""session_key"": 11309}",0,http_429,"{""detail"":""Rate limit exceeded. Max 30 requests/minute."",""error"":""Too Many Requests""}",0.479
2026-10-10T22:34:47.210809Z,drivers,drivers_by_observed_driver_number,"{""driver_number"": 6, ""session_key"": 11309}",0,http_429,"{""detail"":""Rate limit exceeded. Max 30 requests/minute."",""error"":""Too Many Requests""}",0.481
2026-10-10T22:34:47.792340Z,drivers,drivers_by_observed_driver_number,"{""driver_number"": 10, ""session_key"": 11309}",0,http_429,"{""detail"":""Rate limit exceeded. Max 30 requests/minute."",""error"":""Too Many Requests""}",0.48
2026-10-10T22:34:48.374921Z,drivers,drivers_by_observed_driver_number,"{""driver_number"": 11, ""session_key"": 11309}",0,http_429,"{""detail"":""Rate limit exceeded. Max 30 requests/minute."",""error"":""Too Many Requests""}",0.481
2026-10-10T22:34:48.958144Z,drivers,drivers_by_observed_driver_number,"{""driver_number"": 12, ""session_key"": 11309}",0,http_429,"{""detail"":""Rate limit exceeded. Max 30 requests/minute."",""error"":""Too Many Requests""}",0.482
2026-10-10T22:34:49.542477Z,drivers,drivers_by_observed_driver_number,"{""driver_number"": 14, ""session_key"": 11309}",0,http_429,"{""detail"":""Rate limit exceeded. Max 30 requests/minute."",""error"":""Too Many Requests""}",0.483
2026-10-10T22:34:50.127795Z,drivers,drivers_by_observed_driver_number,"{""driver_number"": 16, ""session_key"": 11309}",0,http_429,"{""detail"":""Rate limit exceeded. Max 30 requests/minute."",""error"":""Too Many Requests""}",0.484
2026-10-10T22:34:50.713661Z,drivers,drivers_by_observed_driver_number,"{""driver_number"": 18, ""session_key"": 11309}",0,http_429,"{""detail"":""Rate limit exceeded. Max 30 requests/minute."",""error"":""Too Many Requests""}",0.485
2026-10-10T22:34:51.300405Z,drivers,drivers_by_observed_driver_number,"{""driver_number"": 23, ""session_key"": 11309}",0,http_429,"{""detail"":""Rate limit exceeded. Max 30 requests/minute."",""error"":""Too Many Requests""}",0.485
2026-10-10T22:34:51.884356Z,drivers,drivers_by_observed_driver_number,"{""driver_number"": 27, ""session_key"": 11309}",0,http_429,"{""detail"":""Rate limit exceeded. Max 30 requests/minute."",""error"":""Too Many Requests""}",0.483
2026-10-10T22:34:52.465567Z,drivers,drivers_by_observed_driver_number,"{""driver_number"": 30, ""session_key"": 11309}",0,http_429,"{""detail"":""Rate limit exceeded. Max 30 requests/minute."",""error"":""Too Many Requests""}",0.48
2026-10-10T22:34:53.047117Z,drivers,drivers_by_observed_driver_number,"{""driver_number"": 31, ""session_key"": 11309}",0,http_429,"{""detail"":""Rate limit exceeded. Max 30 requests/minute."",""error"":""Too Many Requests""}",0.48
2026-10-10T22:34:53.630756Z,drivers,drivers_by_observed_driver_number,"{""driver_number"": 34, ""session_key"": 11309}",0,http_429,"{""detail"":""Rate limit exceeded. Max 30 requests/minute."",""error"":""Too Many Requests""}",0.482
2026-10-10T22:34:54.219579Z,drivers,drivers_by_observed_driver_number,"{""driver_number"": 41, ""session_key"": 11309}",0,http_429,"{""detail"":""Rate limit exceeded. Max 30 requests/minute."",""error"":""Too Many Requests""}",0.488
2026-10-10T22:34:54.801294Z,drivers,drivers_by_observed_driver_number,"{""driver_number"": 43, ""session_key"": 11309}",0,http_429,"{""detail"":""Rate limit exceeded. Max 30 requests/minute."",""error"":""Too Many Requests""}",0.48
2026-10-10T22:34:55.385756Z,drivers,drivers_by_observed_driver_number,"{""driver_number"": 44, ""session_key"": 11309}",0,http_429,"{""detail"":""Rate limit exceeded. Max 30 requests/minute."",""error"":""Too Many Requests""}",0.483
2026-10-10T22:34:55.967577Z,drivers,drivers_by_observed_driver_number,"{""driver_number"": 55, ""session_key"": 11309}",0,http_429,"{""detail"":""Rate limit exceeded. Max 30 requests/minute."",""error"":""Too Many Requests""}",0.481
2026-10-10T22:34:56.548582Z,drivers,drivers_by_observed_driver_number,"{""driver_number"": 63, ""session_key"": 11309}",0,http_429,"{""detail"":""Rate limit exceeded. Max 30 requests/minute."",""error"":""Too Many Requests""}",0.48
2026-10-10T22:34:57.135158Z,drivers,drivers_by_observed_driver_number,"{""driver_number"": 77, ""session_key"": 11309}",0,http_429,"{""detail"":""Rate limit exceeded. Max 30 requests/minute."",""error"":""Too Many Requests""}",0.485
2026-10-10T22:34:57.720032Z,drivers,drivers_by_observed_driver_number,"{""driver_number"": 81, ""session_key"": 11309}",0,http_429,"{""detail"":""Rate limit exceeded. Max 30 requests/minute."",""error"":""Too Many Requests""}",0.484
2026-10-10T22:34:58.304218Z,drivers,drivers_by_observed_driver_number,"{""driver_number"": 87, ""session_key"": 11309}",0,http_429,"{""detail"":""Rate limit exceeded. Max 30 requests/minute."",""error"":""Too Many Requests""}",0.483
2026-10-10T22:34:58.884555Z,drivers,drivers_by_observed_driver_number,"{""driver_number"": 241, ""session_key"": 11309}",0,http_429,"{""detail"":""Rate limit exceeded. Max 30 requests/minute."",""error"":""Too Many Requests""}",0.479
2026-10-10T22:34:59.464571Z,drivers,drivers_by_observed_driver_number,"{""driver_number"": 243, ""session_key"": 11309}",0,http_429,"{""detail"":""Rate limit exceeded. Max 30 requests/minute."",""error"":""Too Many Requests""}",0.479
2026-10-10T22:35:00.049311Z,drivers,drivers_by_observed_driver_number,"{""driver_number"": 247, ""session_key"": 11309}",0,http_429,"{""detail"":""Rate limit exceeded. Max 30 requests/minute."",""error"":""Too Many Requests""}",0.483
2026-10-10T22:35:00.637594Z,team_radio,team_radio_by_session_key_opportunistic,"{""session_key"": 11309}",0,http_404,"{""detail"":""No results found.""}",0.487
2026-10-10T22:35:01.228292Z,weather,weather_by_session_key,"{""session_key"": 11310}",81,pass,,0.489
2026-10-10T22:35:01.818174Z,race_control,race_control_by_session_key,"{""session_key"": 11310}",21,pass,,0.488
2026-10-10T22:35:02.404586Z,intervals,intervals_by_session_key,"{""session_key"": 11310}",0,http_404,"{""detail"":""No results found.""}",0.484
2026-10-10T22:35:03.002074Z,position,position_by_session_key,"{""session_key"": 11310}",475,pass,,0.496
2026-10-10T22:35:03.599125Z,stints,stints_by_session_key,"{""session_key"": 11310}",116,pass,,0.495
2026-10-10T22:35:03.701081Z,pit,skip_non_race_like_session,"{""session_key"": 11310}",0,skipped_not_applicable,pit endpoint is only treated as required for race/sprint-like sessions,0.0
2026-10-10T22:35:04.188085Z,starting_grid,starting_grid_by_session_key,"{""session_key"": 11310}",0,http_404,"{""detail"":""No results found.""}",0.487
2026-10-10T22:35:04.781091Z,drivers,drivers_by_session_key,"{""session_key"": 11310}",22,pass,,0.492
2026-10-10T22:35:05.369924Z,team_radio,team_radio_by_session_key_opportunistic,"{""session_key"": 11310}",12,pass,,0.487
2026-10-10T22:35:05.955691Z,weather,weather_by_session_key,"{""session_key"": 11311}",80,pass,,0.484
2026-10-10T22:35:06.748729Z,race_control,race_control_by_session_key,"{""session_key"": 11311}",55,pass,,0.691
2026-10-10T22:35:07.366020Z,intervals,intervals_by_session_key,"{""session_key"": 11311}",0,http_404,"{""detail"":""No results found.""}",0.515
2026-10-10T22:35:08.227252Z,position,position_by_session_key,"{""session_key"": 11311}",982,pass,,0.76
2026-10-10T22:35:09.323048Z,stints,stints_by_session_key,"{""session_key"": 11311}",99,pass,,0.994
2026-10-10T22:35:09.425162Z,pit,skip_non_race_like_session,"{""session_key"": 11311}",0,skipped_not_applicable,pit endpoint is only treated as required for race/sprint-like sessions,0.0
2026-10-10T22:35:09.990322Z,starting_grid,starting_grid_by_session_key,"{""session_key"": 11311}",22,pass,,0.565
2026-10-10T22:35:10.577204Z,drivers,drivers_by_session_key,"{""session_key"": 11311}",22,pass,,0.485
2026-10-10T22:35:11.166337Z,team_radio,team_radio_by_session_key_opportunistic,"{""session_key"": 11311}",12,pass,,0.487
2026-10-10T22:35:11.797236Z,weather,weather_by_session_key,"{""session_key"": 11315}",149,pass,,0.529
2026-10-10T22:35:12.687380Z,race_control,race_control_by_session_key,"{""session_key"": 11315}",213,pass,,0.788
2026-10-10T22:35:15.198376Z,intervals,intervals_by_session_key,"{""session_key"": 11315}",26312,pass,,2.409
2026-10-10T22:35:16.101356Z,position,position_by_session_key,"{""session_key"": 11315}",499,pass,,0.797
2026-10-10T22:35:16.697375Z,stints,stints_by_session_key,"{""session_key"": 11315}",63,pass,,0.494
2026-10-10T22:35:17.286885Z,pit,pit_by_session_key,"{""session_key"": 11315}",41,pass,,0.487
2026-10-10T22:35:17.950265Z,starting_grid,starting_grid_by_session_key,"{""session_key"": 11315}",0,http_404,"{""detail"":""No results found.""}",0.561
2026-10-10T22:35:18.536942Z,drivers,drivers_by_session_key,"{""session_key"": 11315}",22,pass,,0.485
2026-10-10T22:35:19.123819Z,team_radio,team_radio_by_session_key_opportunistic,"{""session_key"": 11315}",23,pass,,0.485
2026-10-10T22:35:19.710366Z,weather,weather_by_session_key,"{""session_key"": 11316}",84,pass,,0.485
2026-10-10T22:35:20.300176Z,race_control,race_control_by_session_key,"{""session_key"": 11316}",36,pass,,0.488
2026-10-10T22:35:20.918534Z,intervals,intervals_by_session_key,"{""session_key"": 11316}",0,http_404,"{""detail"":""No results found.""}",0.517
2026-10-10T22:35:21.530069Z,position,position_by_session_key,"{""session_key"": 11316}",788,pass,,0.51
2026-10-10T22:35:22.116617Z,stints,stints_by_session_key,"{""session_key"": 11316}",0,http_429,"{""detail"":""Rate limit exceeded. Max 30 requests/minute."",""error"":""Too Many Requests""}",0.485
2026-10-10T22:35:22.217903Z,pit,skip_non_race_like_session,"{""session_key"": 11316}",0,skipped_not_applicable,pit endpoint is only treated as required for race/sprint-like sessions,0.0
2026-10-10T22:35:22.701877Z,starting_grid,starting_grid_by_session_key,"{""session_key"": 11316}",0,http_429,"{""detail"":""Rate limit exceeded. Max 30 requests/minute."",""error"":""Too Many Requests""}",0.484
2026-10-10T22:35:23.315608Z,drivers,drivers_by_session_key,"{""session_key"": 11316}",0,http_429,"{""detail"":""Rate limit exceeded. Max 30 requests/minute."",""error"":""Too Many Requests""}",0.513
2026-10-10T22:35:23.922819Z,drivers,drivers_by_observed_driver_number,"{""driver_number"": 1, ""session_key"": 11316}",0,http_429,"{""detail"":""Rate limit exceeded. Max 30 requests/minute."",""error"":""Too Many Requests""}",0.479
2026-10-10T22:35:24.505234Z,drivers,drivers_by_observed_driver_number,"{""driver_number"": 3, ""session_key"": 11316}",0,http_429,"{""detail"":""Rate limit exceeded. Max 30 requests/minute."",""error"":""Too Many Requests""}",0.481
2026-10-10T22:35:25.085415Z,drivers,drivers_by_observed_driver_number,"{""driver_number"": 5, ""session_key"": 11316}",0,http_429,"{""detail"":""Rate limit exceeded. Max 30 requests/minute."",""error"":""Too Many Requests""}",0.479
2026-10-10T22:35:25.669046Z,drivers,drivers_by_observed_driver_number,"{""driver_number"": 6, ""session_key"": 11316}",0,http_429,"{""detail"":""Rate limit exceeded. Max 30 requests/minute."",""error"":""Too Many Requests""}",0.482
2026-10-10T22:35:26.248381Z,drivers,drivers_by_observed_driver_number,"{""driver_number"": 10, ""session_key"": 11316}",0,http_429,"{""detail"":""Rate limit exceeded. Max 30 requests/minute."",""error"":""Too Many Requests""}",0.478
2026-10-10T22:35:26.831622Z,drivers,drivers_by_observed_driver_number,"{""driver_number"": 11, ""session_key"": 11316}",0,http_429,"{""detail"":""Rate limit exceeded. Max 30 requests/minute."",""error"":""Too Many Requests""}",0.482
2026-10-10T22:35:27.414564Z,drivers,drivers_by_observed_driver_number,"{""driver_number"": 12, ""session_key"": 11316}",0,http_429,"{""detail"":""Rate limit exceeded. Max 30 requests/minute."",""error"":""Too Many Requests""}",0.482
2026-10-10T22:35:28.000995Z,drivers,drivers_by_observed_driver_number,"{""driver_number"": 14, ""session_key"": 11316}",0,http_429,"{""detail"":""Rate limit exceeded. Max 30 requests/minute."",""error"":""Too Many Requests""}",0.485
2026-10-10T22:35:28.585592Z,drivers,drivers_by_observed_driver_number,"{""driver_number"": 16, ""session_key"": 11316}",0,http_429,"{""detail"":""Rate limit exceeded. Max 30 requests/minute."",""error"":""Too Many Requests""}",0.483
2026-10-10T22:35:29.169406Z,drivers,drivers_by_observed_driver_number,"{""driver_number"": 18, ""session_key"": 11316}",0,http_429,"{""detail"":""Rate limit exceeded. Max 30 requests/minute."",""error"":""Too Many Requests""}",0.483
2026-10-10T22:35:29.752151Z,drivers,drivers_by_observed_driver_number,"{""driver_number"": 23, ""session_key"": 11316}",0,http_429,"{""detail"":""Rate limit exceeded. Max 30 requests/minute."",""error"":""Too Many Requests""}",0.482
2026-10-10T22:35:30.371018Z,drivers,drivers_by_observed_driver_number,"{""driver_number"": 27, ""session_key"": 11316}",0,http_429,"{""detail"":""Rate limit exceeded. Max 30 requests/minute."",""error"":""Too Many Requests""}",0.518
2026-10-10T22:35:30.953274Z,drivers,drivers_by_observed_driver_number,"{""driver_number"": 30, ""session_key"": 11316}",0,http_429,"{""detail"":""Rate limit exceeded. Max 30 requests/minute."",""error"":""Too Many Requests""}",0.481
2026-10-10T22:35:31.533453Z,drivers,drivers_by_observed_driver_number,"{""driver_number"": 31, ""session_key"": 11316}",0,http_429,"{""detail"":""Rate limit exceeded. Max 30 requests/minute."",""error"":""Too Many Requests""}",0.479
2026-10-10T22:35:32.115898Z,drivers,drivers_by_observed_driver_number,"{""driver_number"": 34, ""session_key"": 11316}",0,http_429,"{""detail"":""Rate limit exceeded. Max 30 requests/minute."",""error"":""Too Many Requests""}",0.481
2026-10-10T22:35:32.696544Z,drivers,drivers_by_observed_driver_number,"{""driver_number"": 41, ""session_key"": 11316}",0,http_429,"{""detail"":""Rate limit exceeded. Max 30 requests/minute."",""error"":""Too Many Requests""}",0.479
2026-10-10T22:35:33.280120Z,drivers,drivers_by_observed_driver_number,"{""driver_number"": 43, ""session_key"": 11316}",0,http_429,"{""detail"":""Rate limit exceeded. Max 30 requests/minute."",""error"":""Too Many Requests""}",0.482
2026-10-10T22:35:33.862787Z,drivers,drivers_by_observed_driver_number,"{""driver_number"": 44, ""session_key"": 11316}",0,http_429,"{""detail"":""Rate limit exceeded. Max 30 requests/minute."",""error"":""Too Many Requests""}",0.481
2026-10-10T22:35:34.444971Z,drivers,drivers_by_observed_driver_number,"{""driver_number"": 55, ""session_key"": 11316}",0,http_429,"{""detail"":""Rate limit exceeded. Max 30 requests/minute."",""error"":""Too Many Requests""}",0.481
2026-10-10T22:35:35.028337Z,drivers,drivers_by_observed_driver_number,"{""driver_number"": 63, ""session_key"": 11316}",0,http_429,"{""detail"":""Rate limit exceeded. Max 30 requests/minute."",""error"":""Too Many Requests""}",0.482
2026-10-10T22:35:35.614063Z,drivers,drivers_by_observed_driver_number,"{""driver_number"": 77, ""session_key"": 11316}",0,http_429,"{""detail"":""Rate limit exceeded. Max 30 requests/minute."",""error"":""Too Many Requests""}",0.484
2026-10-10T22:35:36.199007Z,drivers,drivers_by_observed_driver_number,"{""driver_number"": 81, ""session_key"": 11316}",0,http_429,"{""detail"":""Rate limit exceeded. Max 30 requests/minute."",""error"":""Too Many Requests""}",0.484
2026-10-10T22:35:37.095132Z,drivers,drivers_by_observed_driver_number,"{""driver_number"": 87, ""session_key"": 11316}",0,http_429,"{""detail"":""Rate limit exceeded. Max 30 requests/minute."",""error"":""Too Many Requests""}",0.795
2026-10-10T22:35:37.678528Z,drivers,drivers_by_observed_driver_number,"{""driver_number"": 241, ""session_key"": 11316}",0,http_429,"{""detail"":""Rate limit exceeded. Max 30 requests/minute."",""error"":""Too Many Requests""}",0.482
2026-10-10T22:35:38.257930Z,drivers,drivers_by_observed_driver_number,"{""driver_number"": 243, ""session_key"": 11316}",0,http_429,"{""detail"":""Rate limit exceeded. Max 30 requests/minute."",""error"":""Too Many Requests""}",0.478
2026-10-10T22:35:38.839543Z,drivers,drivers_by_observed_driver_number,"{""driver_number"": 247, ""session_key"": 11316}",0,http_429,"{""detail"":""Rate limit exceeded. Max 30 requests/minute."",""error"":""Too Many Requests""}",0.48
2026-10-10T22:35:39.427780Z,team_radio,team_radio_by_session_key_opportunistic,"{""session_key"": 11316}",0,http_429,"{""detail"":""Rate limit exceeded. Max 30 requests/minute."",""error"":""Too Many Requests""}",0.487
2026-10-10T22:35:40.008014Z,weather,weather_by_session_key,"{""session_key"": 11317}",0,http_429,"{""detail"":""Rate limit exceeded. Max 30 requests/minute."",""error"":""Too Many Requests""}",0.479
2026-10-10T22:35:40.855186Z,race_control,race_control_by_session_key,"{""session_key"": 11317}",0,http_429,"{""detail"":""Rate limit exceeded. Max 30 requests/minute."",""error"":""Too Many Requests""}",0.746
2026-10-10T22:35:41.437530Z,intervals,intervals_by_session_key,"{""session_key"": 11317}",0,http_429,"{""detail"":""Rate limit exceeded. Max 30 requests/minute."",""error"":""Too Many Requests""}",0.481
2026-10-10T22:35:42.022488Z,position,position_by_session_key,"{""session_key"": 11317}",0,http_429,"{""detail"":""Rate limit exceeded. Max 30 requests/minute."",""error"":""Too Many Requests""}",0.484
2026-10-10T22:35:42.605763Z,position,position_by_meeting_key_fallback,"{""meeting_key"": 1289}",0,http_429,"{""detail"":""Rate limit exceeded. Max 30 requests/minute."",""error"":""Too Many Requests""}",0.482
2026-10-10T22:35:43.185634Z,stints,stints_by_session_key,"{""session_key"": 11317}",0,http_429,"{""detail"":""Rate limit exceeded. Max 30 requests/minute."",""error"":""Too Many Requests""}",0.478
2026-10-10T22:35:43.768719Z,pit,pit_by_session_key,"{""session_key"": 11317}",0,http_429,"{""detail"":""Rate limit exceeded. Max 30 requests/minute."",""error"":""Too Many Requests""}",0.482
2026-10-10T22:35:44.360638Z,starting_grid,starting_grid_by_session_key,"{""session_key"": 11317}",0,http_429,"{""detail"":""Rate limit exceeded. Max 30 requests/minute."",""error"":""Too Many Requests""}",0.491
2026-10-10T22:35:44.941651Z,drivers,drivers_by_session_key,"{""session_key"": 11317}",0,http_429,"{""detail"":""Rate limit exceeded. Max 30 requests/minute."",""error"":""Too Many Requests""}",0.48
2026-10-10T22:35:45.551134Z,drivers,drivers_by_observed_driver_number,"{""driver_number"": 1, ""session_key"": 11317}",0,http_429,"{""detail"":""Rate limit exceeded. Max 30 requests/minute."",""error"":""Too Many Requests""}",0.482
2026-10-10T22:35:46.134720Z,drivers,drivers_by_observed_driver_number,"{""driver_number"": 3, ""session_key"": 11317}",0,http_429,"{""detail"":""Rate limit exceeded. Max 30 requests/minute."",""error"":""Too Many Requests""}",0.482
2026-10-10T22:35:46.717884Z,drivers,drivers_by_observed_driver_number,"{""driver_number"": 5, ""session_key"": 11317}",0,http_429,"{""detail"":""Rate limit exceeded. Max 30 requests/minute."",""error"":""Too Many Requests""}",0.482
2026-10-10T22:35:47.297608Z,drivers,drivers_by_observed_driver_number,"{""driver_number"": 6, ""session_key"": 11317}",0,http_429,"{""detail"":""Rate limit exceeded. Max 30 requests/minute."",""error"":""Too Many Requests""}",0.479
2026-10-10T22:35:47.880499Z,drivers,drivers_by_observed_driver_number,"{""driver_number"": 10, ""session_key"": 11317}",0,http_429,"{""detail"":""Rate limit exceeded. Max 30 requests/minute."",""error"":""Too Many Requests""}",0.482
2026-10-10T22:35:48.466319Z,drivers,drivers_by_observed_driver_number,"{""driver_number"": 11, ""session_key"": 11317}",0,http_429,"{""detail"":""Rate limit exceeded. Max 30 requests/minute."",""error"":""Too Many Requests""}",0.485
2026-10-10T22:35:49.051084Z,drivers,drivers_by_observed_driver_number,"{""driver_number"": 12, ""session_key"": 11317}",0,http_429,"{""detail"":""Rate limit exceeded. Max 30 requests/minute."",""error"":""Too Many Requests""}",0.484
2026-10-10T22:35:49.636217Z,drivers,drivers_by_observed_driver_number,"{""driver_number"": 14, ""session_key"": 11317}",0,http_429,"{""detail"":""Rate limit exceeded. Max 30 requests/minute."",""error"":""Too Many Requests""}",0.484
2026-10-10T22:35:50.218241Z,drivers,drivers_by_observed_driver_number,"{""driver_number"": 16, ""session_key"": 11317}",0,http_429,"{""detail"":""Rate limit exceeded. Max 30 requests/minute."",""error"":""Too Many Requests""}",0.481
2026-10-10T22:35:50.801409Z,drivers,drivers_by_observed_driver_number,"{""driver_number"": 18, ""session_key"": 11317}",0,http_429,"{""detail"":""Rate limit exceeded. Max 30 requests/minute."",""error"":""Too Many Requests""}",0.482
2026-10-10T22:35:51.382263Z,drivers,drivers_by_observed_driver_number,"{""driver_number"": 23, ""session_key"": 11317}",0,http_429,"{""detail"":""Rate limit exceeded. Max 30 requests/minute."",""error"":""Too Many Requests""}",0.48
2026-10-10T22:35:51.963208Z,drivers,drivers_by_observed_driver_number,"{""driver_number"": 27, ""session_key"": 11317}",0,http_429,"{""detail"":""Rate limit exceeded. Max 30 requests/minute."",""error"":""Too Many Requests""}",0.48
2026-10-10T22:35:52.547009Z,drivers,drivers_by_observed_driver_number,"{""driver_number"": 30, ""session_key"": 11317}",0,http_429,"{""detail"":""Rate limit exceeded. Max 30 requests/minute."",""error"":""Too Many Requests""}",0.483
2026-10-10T22:35:53.130516Z,drivers,drivers_by_observed_driver_number,"{""driver_number"": 31, ""session_key"": 11317}",0,http_429,"{""detail"":""Rate limit exceeded. Max 30 requests/minute."",""error"":""Too Many Requests""}",0.482
2026-10-10T22:35:53.711703Z,drivers,drivers_by_observed_driver_number,"{""driver_number"": 34, ""session_key"": 11317}",0,http_429,"{""detail"":""Rate limit exceeded. Max 30 requests/minute."",""error"":""Too Many Requests""}",0.48
2026-10-10T22:35:54.297519Z,drivers,drivers_by_observed_driver_number,"{""driver_number"": 41, ""session_key"": 11317}",0,http_429,"{""detail"":""Rate limit exceeded. Max 30 requests/minute."",""error"":""Too Many Requests""}",0.485
2026-10-10T22:35:54.883883Z,drivers,drivers_by_observed_driver_number,"{""driver_number"": 43, ""session_key"": 11317}",0,http_429,"{""detail"":""Rate limit exceeded. Max 30 requests/minute."",""error"":""Too Many Requests""}",0.485
2026-10-10T22:35:55.469516Z,drivers,drivers_by_observed_driver_number,"{""driver_number"": 44, ""session_key"": 11317}",0,http_429,"{""detail"":""Rate limit exceeded. Max 30 requests/minute."",""error"":""Too Many Requests""}",0.484
2026-10-10T22:35:56.056189Z,drivers,drivers_by_observed_driver_number,"{""driver_number"": 55, ""session_key"": 11317}",0,http_429,"{""detail"":""Rate limit exceeded. Max 30 requests/minute."",""error"":""Too Many Requests""}",0.485
2026-10-10T22:35:56.638332Z,drivers,drivers_by_observed_driver_number,"{""driver_number"": 63, ""session_key"": 11317}",0,http_429,"{""detail"":""Rate limit exceeded. Max 30 requests/minute."",""error"":""Too Many Requests""}",0.481
2026-10-10T22:35:57.222575Z,drivers,drivers_by_observed_driver_number,"{""driver_number"": 77, ""session_key"": 11317}",0,http_429,"{""detail"":""Rate limit exceeded. Max 30 requests/minute."",""error"":""Too Many Requests""}",0.483
2026-10-10T22:35:57.803186Z,drivers,drivers_by_observed_driver_number,"{""driver_number"": 81, ""session_key"": 11317}",0,http_429,"{""detail"":""Rate limit exceeded. Max 30 requests/minute."",""error"":""Too Many Requests""}",0.479
2026-10-10T22:35:58.386161Z,drivers,drivers_by_observed_driver_number,"{""driver_number"": 87, ""session_key"": 11317}",0,http_429,"{""detail"":""Rate limit exceeded. Max 30 requests/minute."",""error"":""Too Many Requests""}",0.481
2026-10-10T22:35:58.971216Z,drivers,drivers_by_observed_driver_number,"{""driver_number"": 241, ""session_key"": 11317}",0,http_429,"{""detail"":""Rate limit exceeded. Max 30 requests/minute."",""error"":""Too Many Requests""}",0.484
2026-10-10T22:35:59.554806Z,drivers,drivers_by_observed_driver_number,"{""driver_number"": 243, ""session_key"": 11317}",0,http_429,"{""detail"":""Rate limit exceeded. Max 30 requests/minute."",""error"":""Too Many Requests""}",0.482
2026-10-10T22:36:00.136750Z,drivers,drivers_by_observed_driver_number,"{""driver_number"": 247, ""session_key"": 11317}",0,http_404,"{""detail"":""No results found.""}",0.481
2026-10-10T22:36:00.723986Z,team_radio,team_radio_by_session_key_opportunistic,"{""session_key"": 11317}",7,pass,,0.485
2026-10-10T22:36:01.316118Z,weather,weather_by_session_key,"{""session_key"": 11321}",79,pass,,0.49
2026-10-10T22:36:01.912521Z,race_control,race_control_by_session_key,"{""session_key"": 11321}",95,pass,,0.495
2026-10-10T22:36:03.633377Z,intervals,intervals_by_session_key,"{""session_key"": 11321}",9414,pass,,1.619
2026-10-10T22:36:04.230387Z,position,position_by_session_key,"{""session_key"": 11321}",196,pass,,0.494
2026-10-10T22:36:04.816571Z,stints,stints_by_session_key,"{""session_key"": 11321}",22,pass,,0.484
2026-10-10T22:36:05.400165Z,pit,pit_by_session_key,"{""session_key"": 11321}",2,pass,,0.481
2026-10-10T22:36:05.985549Z,starting_grid,starting_grid_by_session_key,"{""session_key"": 11321}",0,http_404,"{""detail"":""No results found.""}",0.483
2026-10-10T22:36:06.570432Z,drivers,drivers_by_session_key,"{""session_key"": 11321}",22,pass,,0.483
2026-10-10T22:36:07.158729Z,team_radio,team_radio_by_session_key_opportunistic,"{""session_key"": 11321}",4,pass,,0.486
2026-10-10T22:36:07.746789Z,weather,weather_by_session_key,"{""session_key"": 11322}",84,pass,,0.486
2026-10-10T22:36:08.340762Z,race_control,race_control_by_session_key,"{""session_key"": 11322}",70,pass,,0.492
2026-10-10T22:36:08.926982Z,intervals,intervals_by_session_key,"{""session_key"": 11322}",0,http_404,"{""detail"":""No results found.""}",0.484
2026-10-10T22:36:09.559101Z,position,position_by_session_key,"{""session_key"": 11322}",968,pass,,0.531
2026-10-10T22:36:10.147673Z,stints,stints_by_session_key,"{""session_key"": 11322}",104,pass,,0.486
2026-10-10T22:36:10.249799Z,pit,skip_non_race_like_session,"{""session_key"": 11322}",0,skipped_not_applicable,pit endpoint is only treated as required for race/sprint-like sessions,0.0
2026-10-10T22:36:10.736411Z,starting_grid,starting_grid_by_session_key,"{""session_key"": 11322}",22,pass,,0.486
2026-10-10T22:36:11.328062Z,drivers,drivers_by_session_key,"{""session_key"": 11322}",22,pass,,0.49
2026-10-10T22:36:11.913168Z,team_radio,team_radio_by_session_key_opportunistic,"{""session_key"": 11322}",12,pass,,0.483
2026-10-10T22:36:12.510352Z,weather,weather_by_session_key,"{""session_key"": 11326}",156,pass,,0.495
2026-10-10T22:36:13.108318Z,race_control,race_control_by_session_key,"{""session_key"": 11326}",250,pass,,0.496
2026-10-10T22:36:15.991563Z,intervals,intervals_by_session_key,"{""session_key"": 11326}",28253,pass,,2.781
2026-10-10T22:36:16.595263Z,position,position_by_session_key,"{""session_key"": 11326}",467,pass,,0.497
2026-10-10T22:36:17.189449Z,stints,stints_by_session_key,"{""session_key"": 11326}",73,pass,,0.492
2026-10-10T22:36:17.782760Z,pit,pit_by_session_key,"{""session_key"": 11326}",51,pass,,0.491
2026-10-10T22:36:18.368221Z,starting_grid,starting_grid_by_session_key,"{""session_key"": 11326}",0,http_404,"{""detail"":""No results found.""}",0.483
2026-10-10T22:36:18.960154Z,drivers,drivers_by_session_key,"{""session_key"": 11326}",22,pass,,0.491
2026-10-10T22:36:19.545867Z,team_radio,team_radio_by_session_key_opportunistic,"{""session_key"": 11326}",20,pass,,0.484
2026-10-10T22:36:20.141241Z,weather,weather_by_session_key,"{""session_key"": 11327}",81,pass,,0.493
2026-10-10T22:36:20.732764Z,race_control,race_control_by_session_key,"{""session_key"": 11327}",87,pass,,0.49
2026-10-10T22:36:21.317065Z,intervals,intervals_by_session_key,"{""session_key"": 11327}",0,http_429,"{""detail"":""Rate limit exceeded. Max 30 requests/minute."",""error"":""Too Many Requests""}",0.482
2026-10-10T22:36:21.901445Z,position,position_by_session_key,"{""session_key"": 11327}",0,http_429,"{""detail"":""Rate limit exceeded. Max 30 requests/minute."",""error"":""Too Many Requests""}",0.483
2026-10-10T22:36:22.486282Z,position,position_by_meeting_key_fallback,"{""meeting_key"": 1290}",0,http_429,"{""detail"":""Rate limit exceeded. Max 30 requests/minute."",""error"":""Too Many Requests""}",0.484
2026-10-10T22:36:23.072708Z,stints,stints_by_session_key,"{""session_key"": 11327}",0,http_429,"{""detail"":""Rate limit exceeded. Max 30 requests/minute."",""error"":""Too Many Requests""}",0.485
2026-10-10T22:36:23.174016Z,pit,skip_non_race_like_session,"{""session_key"": 11327}",0,skipped_not_applicable,pit endpoint is only treated as required for race/sprint-like sessions,0.0
2026-10-10T22:36:23.656772Z,starting_grid,starting_grid_by_session_key,"{""session_key"": 11327}",0,http_429,"{""detail"":""Rate limit exceeded. Max 30 requests/minute."",""error"":""Too Many Requests""}",0.483
2026-10-10T22:36:24.243659Z,drivers,drivers_by_session_key,"{""session_key"": 11327}",0,http_429,"{""detail"":""Rate limit exceeded. Max 30 requests/minute."",""error"":""Too Many Requests""}",0.486
2026-10-10T22:36:24.869468Z,drivers,drivers_by_observed_driver_number,"{""driver_number"": 1, ""session_key"": 11327}",0,http_429,"{""detail"":""Rate limit exceeded. Max 30 requests/minute."",""error"":""Too Many Requests""}",0.495
2026-10-10T22:36:25.455570Z,drivers,drivers_by_observed_driver_number,"{""driver_number"": 3, ""session_key"": 11327}",0,http_429,"{""detail"":""Rate limit exceeded. Max 30 requests/minute."",""error"":""Too Many Requests""}",0.485
2026-10-10T22:36:26.034968Z,drivers,drivers_by_observed_driver_number,"{""driver_number"": 5, ""session_key"": 11327}",0,http_429,"{""detail"":""Rate limit exceeded. Max 30 requests/minute."",""error"":""Too Many Requests""}",0.478
2026-10-10T22:36:26.621429Z,drivers,drivers_by_observed_driver_number,"{""driver_number"": 6, ""session_key"": 11327}",0,http_429,"{""detail"":""Rate limit exceeded. Max 30 requests/minute."",""error"":""Too Many Requests""}",0.485
2026-10-10T22:36:27.208127Z,drivers,drivers_by_observed_driver_number,"{""driver_number"": 10, ""session_key"": 11327}",0,http_429,"{""detail"":""Rate limit exceeded. Max 30 requests/minute."",""error"":""Too Many Requests""}",0.486
2026-10-10T22:36:27.788299Z,drivers,drivers_by_observed_driver_number,"{""driver_number"": 11, ""session_key"": 11327}",0,http_429,"{""detail"":""Rate limit exceeded. Max 30 requests/minute."",""error"":""Too Many Requests""}",0.479
2026-10-10T22:36:28.374762Z,drivers,drivers_by_observed_driver_number,"{""driver_number"": 12, ""session_key"": 11327}",0,http_429,"{""detail"":""Rate limit exceeded. Max 30 requests/minute."",""error"":""Too Many Requests""}",0.485
2026-10-10T22:36:28.973737Z,drivers,drivers_by_observed_driver_number,"{""driver_number"": 14, ""session_key"": 11327}",0,http_429,"{""detail"":""Rate limit exceeded. Max 30 requests/minute."",""error"":""Too Many Requests""}",0.498
2026-10-10T22:36:29.558496Z,drivers,drivers_by_observed_driver_number,"{""driver_number"": 16, ""session_key"": 11327}",0,http_429,"{""detail"":""Rate limit exceeded. Max 30 requests/minute."",""error"":""Too Many Requests""}",0.484
2026-10-10T22:36:30.140575Z,drivers,drivers_by_observed_driver_number,"{""driver_number"": 18, ""session_key"": 11327}",0,http_429,"{""detail"":""Rate limit exceeded. Max 30 requests/minute."",""error"":""Too Many Requests""}",0.481
2026-10-10T22:36:30.722643Z,drivers,drivers_by_observed_driver_number,"{""driver_number"": 23, ""session_key"": 11327}",0,http_429,"{""detail"":""Rate limit exceeded. Max 30 requests/minute."",""error"":""Too Many Requests""}",0.481
2026-10-10T22:36:31.303407Z,drivers,drivers_by_observed_driver_number,"{""driver_number"": 27, ""session_key"": 11327}",0,http_429,"{""detail"":""Rate limit exceeded. Max 30 requests/minute."",""error"":""Too Many Requests""}",0.48
2026-10-10T22:36:31.891267Z,drivers,drivers_by_observed_driver_number,"{""driver_number"": 30, ""session_key"": 11327}",0,http_429,"{""detail"":""Rate limit exceeded. Max 30 requests/minute."",""error"":""Too Many Requests""}",0.487
2026-10-10T22:36:32.477552Z,drivers,drivers_by_observed_driver_number,"{""driver_number"": 31, ""session_key"": 11327}",0,http_429,"{""detail"":""Rate limit exceeded. Max 30 requests/minute."",""error"":""Too Many Requests""}",0.485
2026-10-10T22:36:33.063396Z,drivers,drivers_by_observed_driver_number,"{""driver_number"": 34, ""session_key"": 11327}",0,http_429,"{""detail"":""Rate limit exceeded. Max 30 requests/minute."",""error"":""Too Many Requests""}",0.485
2026-10-10T22:36:33.647298Z,drivers,drivers_by_observed_driver_number,"{""driver_number"": 41, ""session_key"": 11327}",0,http_429,"{""detail"":""Rate limit exceeded. Max 30 requests/minute."",""error"":""Too Many Requests""}",0.482
2026-10-10T22:36:34.231951Z,drivers,drivers_by_observed_driver_number,"{""driver_number"": 43, ""session_key"": 11327}",0,http_429,"{""detail"":""Rate limit exceeded. Max 30 requests/minute."",""error"":""Too Many Requests""}",0.483
2026-10-10T22:36:34.811946Z,drivers,drivers_by_observed_driver_number,"{""driver_number"": 44, ""session_key"": 11327}",0,http_429,"{""detail"":""Rate limit exceeded. Max 30 requests/minute."",""error"":""Too Many Requests""}",0.479
2026-10-10T22:36:35.395131Z,drivers,drivers_by_observed_driver_number,"{""driver_number"": 55, ""session_key"": 11327}",0,http_429,"{""detail"":""Rate limit exceeded. Max 30 requests/minute."",""error"":""Too Many Requests""}",0.482
2026-10-10T22:36:35.982260Z,drivers,drivers_by_observed_driver_number,"{""driver_number"": 63, ""session_key"": 11327}",0,http_429,"{""detail"":""Rate limit exceeded. Max 30 requests/minute."",""error"":""Too Many Requests""}",0.486
2026-10-10T22:36:36.569674Z,drivers,drivers_by_observed_driver_number,"{""driver_number"": 77, ""session_key"": 11327}",0,http_429,"{""detail"":""Rate limit exceeded. Max 30 requests/minute."",""error"":""Too Many Requests""}",0.486
2026-10-10T22:36:37.153297Z,drivers,drivers_by_observed_driver_number,"{""driver_number"": 81, ""session_key"": 11327}",0,http_429,"{""detail"":""Rate limit exceeded. Max 30 requests/minute."",""error"":""Too Many Requests""}",0.482
2026-10-10T22:36:37.736908Z,drivers,drivers_by_observed_driver_number,"{""driver_number"": 87, ""session_key"": 11327}",0,http_429,"{""detail"":""Rate limit exceeded. Max 30 requests/minute."",""error"":""Too Many Requests""}",0.482
2026-10-10T22:36:38.319949Z,drivers,drivers_by_observed_driver_number,"{""driver_number"": 241, ""session_key"": 11327}",0,http_429,"{""detail"":""Rate limit exceeded. Max 30 requests/minute."",""error"":""Too Many Requests""}",0.482
2026-10-10T22:36:38.907970Z,drivers,drivers_by_observed_driver_number,"{""driver_number"": 243, ""session_key"": 11327}",0,http_429,"{""detail"":""Rate limit exceeded. Max 30 requests/minute."",""error"":""Too Many Requests""}",0.487
2026-10-10T22:36:39.490020Z,drivers,drivers_by_observed_driver_number,"{""driver_number"": 247, ""session_key"": 11327}",0,http_429,"{""detail"":""Rate limit exceeded. Max 30 requests/minute."",""error"":""Too Many Requests""}",0.481
2026-10-10T22:36:40.075046Z,team_radio,team_radio_by_session_key_opportunistic,"{""session_key"": 11327}",0,http_429,"{""detail"":""Rate limit exceeded. Max 30 requests/minute."",""error"":""Too Many Requests""}",0.484
2026-10-10T22:36:40.662750Z,weather,weather_by_session_key,"{""session_key"": 11328}",0,http_429,"{""detail"":""Rate limit exceeded. Max 30 requests/minute."",""error"":""Too Many Requests""}",0.486
2026-10-10T22:36:41.243521Z,race_control,race_control_by_session_key,"{""session_key"": 11328}",0,http_429,"{""detail"":""Rate limit exceeded. Max 30 requests/minute."",""error"":""Too Many Requests""}",0.479
2026-10-10T22:36:41.826281Z,intervals,intervals_by_session_key,"{""session_key"": 11328}",0,http_429,"{""detail"":""Rate limit exceeded. Max 30 requests/minute."",""error"":""Too Many Requests""}",0.481
2026-10-10T22:36:42.413965Z,position,position_by_session_key,"{""session_key"": 11328}",0,http_429,"{""detail"":""Rate limit exceeded. Max 30 requests/minute."",""error"":""Too Many Requests""}",0.486
2026-10-10T22:36:42.997498Z,position,position_by_meeting_key_fallback,"{""meeting_key"": 1290}",0,http_429,"{""detail"":""Rate limit exceeded. Max 30 requests/minute."",""error"":""Too Many Requests""}",0.482
2026-10-10T22:36:43.582085Z,stints,stints_by_session_key,"{""session_key"": 11328}",0,http_429,"{""detail"":""Rate limit exceeded. Max 30 requests/minute."",""error"":""Too Many Requests""}",0.483
2026-10-10T22:36:43.683138Z,pit,skip_non_race_like_session,"{""session_key"": 11328}",0,skipped_not_applicable,pit endpoint is only treated as required for race/sprint-like sessions,0.0
2026-10-10T22:36:44.165417Z,starting_grid,starting_grid_by_session_key,"{""session_key"": 11328}",0,http_429,"{""detail"":""Rate limit exceeded. Max 30 requests/minute."",""error"":""Too Many Requests""}",0.482
2026-10-10T22:36:44.747971Z,drivers,drivers_by_session_key,"{""session_key"": 11328}",0,http_429,"{""detail"":""Rate limit exceeded. Max 30 requests/minute."",""error"":""Too Many Requests""}",0.481
2026-10-10T22:36:45.362647Z,drivers,drivers_by_observed_driver_number,"{""driver_number"": 1, ""session_key"": 11328}",0,http_429,"{""detail"":""Rate limit exceeded. Max 30 requests/minute."",""error"":""Too Many Requests""}",0.484
2026-10-10T22:36:45.943711Z,drivers,drivers_by_observed_driver_number,"{""driver_number"": 3, ""session_key"": 11328}",0,http_429,"{""detail"":""Rate limit exceeded. Max 30 requests/minute."",""error"":""Too Many Requests""}",0.48
2026-10-10T22:36:46.529257Z,drivers,drivers_by_observed_driver_number,"{""driver_number"": 5, ""session_key"": 11328}",0,http_429,"{""detail"":""Rate limit exceeded. Max 30 requests/minute."",""error"":""Too Many Requests""}",0.484
2026-10-10T22:36:47.112689Z,drivers,drivers_by_observed_driver_number,"{""driver_number"": 6, ""session_key"": 11328}",0,http_429,"{""detail"":""Rate limit exceeded. Max 30 requests/minute."",""error"":""Too Many Requests""}",0.482
2026-10-10T22:36:47.696116Z,drivers,drivers_by_observed_driver_number,"{""driver_number"": 10, ""session_key"": 11328}",0,http_429,"{""detail"":""Rate limit exceeded. Max 30 requests/minute."",""error"":""Too Many Requests""}",0.482
2026-10-10T22:36:48.280313Z,drivers,drivers_by_observed_driver_number,"{""driver_number"": 11, ""session_key"": 11328}",0,http_429,"{""detail"":""Rate limit exceeded. Max 30 requests/minute."",""error"":""Too Many Requests""}",0.483
2026-10-10T22:36:48.866555Z,drivers,drivers_by_observed_driver_number,"{""driver_number"": 12, ""session_key"": 11328}",0,http_429,"{""detail"":""Rate limit exceeded. Max 30 requests/minute."",""error"":""Too Many Requests""}",0.485
2026-10-10T22:36:49.450497Z,drivers,drivers_by_observed_driver_number,"{""driver_number"": 14, ""session_key"": 11328}",0,http_429,"{""detail"":""Rate limit exceeded. Max 30 requests/minute."",""error"":""Too Many Requests""}",0.483
2026-10-10T22:36:50.035100Z,drivers,drivers_by_observed_driver_number,"{""driver_number"": 16, ""session_key"": 11328}",0,http_429,"{""detail"":""Rate limit exceeded. Max 30 requests/minute."",""error"":""Too Many Requests""}",0.483
2026-10-10T22:36:50.622071Z,drivers,drivers_by_observed_driver_number,"{""driver_number"": 18, ""session_key"": 11328}",0,http_429,"{""detail"":""Rate limit exceeded. Max 30 requests/minute."",""error"":""Too Many Requests""}",0.486
2026-10-10T22:36:51.205591Z,drivers,drivers_by_observed_driver_number,"{""driver_number"": 23, ""session_key"": 11328}",0,http_429,"{""detail"":""Rate limit exceeded. Max 30 requests/minute."",""error"":""Too Many Requests""}",0.482
2026-10-10T22:36:51.791465Z,drivers,drivers_by_observed_driver_number,"{""driver_number"": 27, ""session_key"": 11328}",0,http_429,"{""detail"":""Rate limit exceeded. Max 30 requests/minute."",""error"":""Too Many Requests""}",0.485
2026-10-10T22:36:52.373480Z,drivers,drivers_by_observed_driver_number,"{""driver_number"": 30, ""session_key"": 11328}",0,http_429,"{""detail"":""Rate limit exceeded. Max 30 requests/minute."",""error"":""Too Many Requests""}",0.481
2026-10-10T22:36:52.957657Z,drivers,drivers_by_observed_driver_number,"{""driver_number"": 31, ""session_key"": 11328}",0,http_429,"{""detail"":""Rate limit exceeded. Max 30 requests/minute."",""error"":""Too Many Requests""}",0.483
2026-10-10T22:36:53.541255Z,drivers,drivers_by_observed_driver_number,"{""driver_number"": 34, ""session_key"": 11328}",0,http_429,"{""detail"":""Rate limit exceeded. Max 30 requests/minute."",""error"":""Too Many Requests""}",0.482
2026-10-10T22:36:54.125734Z,drivers,drivers_by_observed_driver_number,"{""driver_number"": 41, ""session_key"": 11328}",0,http_429,"{""detail"":""Rate limit exceeded. Max 30 requests/minute."",""error"":""Too Many Requests""}",0.483
2026-10-10T22:36:54.705388Z,drivers,drivers_by_observed_driver_number,"{""driver_number"": 43, ""session_key"": 11328}",0,http_429,"{""detail"":""Rate limit exceeded. Max 30 requests/minute."",""error"":""Too Many Requests""}",0.478
2026-10-10T22:36:55.290811Z,drivers,drivers_by_observed_driver_number,"{""driver_number"": 44, ""session_key"": 11328}",0,http_429,"{""detail"":""Rate limit exceeded. Max 30 requests/minute."",""error"":""Too Many Requests""}",0.484
2026-10-10T22:36:55.874372Z,drivers,drivers_by_observed_driver_number,"{""driver_number"": 55, ""session_key"": 11328}",0,http_429,"{""detail"":""Rate limit exceeded. Max 30 requests/minute."",""error"":""Too Many Requests""}",0.482
2026-10-10T22:36:56.458228Z,drivers,drivers_by_observed_driver_number,"{""driver_number"": 63, ""session_key"": 11328}",0,http_429,"{""detail"":""Rate limit exceeded. Max 30 requests/minute."",""error"":""Too Many Requests""}",0.483
2026-10-10T22:36:57.043462Z,drivers,drivers_by_observed_driver_number,"{""driver_number"": 77, ""session_key"": 11328}",0,http_429,"{""detail"":""Rate limit exceeded. Max 30 requests/minute."",""error"":""Too Many Requests""}",0.484
2026-10-10T22:36:57.628140Z,drivers,drivers_by_observed_driver_number,"{""driver_number"": 81, ""session_key"": 11328}",0,http_429,"{""detail"":""Rate limit exceeded. Max 30 requests/minute."",""error"":""Too Many Requests""}",0.483
2026-10-10T22:36:58.212645Z,drivers,drivers_by_observed_driver_number,"{""driver_number"": 87, ""session_key"": 11328}",0,http_429,"{""detail"":""Rate limit exceeded. Max 30 requests/minute."",""error"":""Too Many Requests""}",0.483
2026-10-10T22:36:58.794879Z,drivers,drivers_by_observed_driver_number,"{""driver_number"": 241, ""session_key"": 11328}",0,http_429,"{""detail"":""Rate limit exceeded. Max 30 requests/minute."",""error"":""Too Many Requests""}",0.481
2026-10-10T22:36:59.380549Z,drivers,drivers_by_observed_driver_number,"{""driver_number"": 243, ""session_key"": 11328}",0,http_429,"{""detail"":""Rate limit exceeded. Max 30 requests/minute."",""error"":""Too Many Requests""}",0.484
2026-10-10T22:36:59.963753Z,drivers,drivers_by_observed_driver_number,"{""driver_number"": 247, ""session_key"": 11328}",0,http_429,"{""detail"":""Rate limit exceeded. Max 30 requests/minute."",""error"":""Too Many Requests""}",0.482
2026-10-10T22:37:00.553050Z,team_radio,team_radio_by_session_key_opportunistic,"{""session_key"": 11328}",4,pass,,0.488
2026-10-10T22:37:01.144138Z,weather,weather_by_session_key,"{""session_key"": 11329}",85,pass,,0.489
2026-10-10T22:37:01.744633Z,race_control,race_control_by_session_key,"{""session_key"": 11329}",82,pass,,0.499
2026-10-10T22:37:02.330064Z,intervals,intervals_by_session_key,"{""session_key"": 11329}",0,http_404,"{""detail"":""No results found.""}",0.484
2026-10-10T22:37:02.940580Z,position,position_by_session_key,"{""session_key"": 11329}",485,pass,,0.509
2026-10-10T22:37:03.534336Z,stints,stints_by_session_key,"{""session_key"": 11329}",82,pass,,0.492
2026-10-10T22:37:03.636038Z,pit,skip_non_race_like_session,"{""session_key"": 11329}",0,skipped_not_applicable,pit endpoint is only treated as required for race/sprint-like sessions,0.0
2026-10-10T22:37:04.119933Z,starting_grid,starting_grid_by_session_key,"{""session_key"": 11329}",0,http_404,"{""detail"":""No results found.""}",0.484
2026-10-10T22:37:04.707289Z,drivers,drivers_by_session_key,"{""session_key"": 11329}",22,pass,,0.486
2026-10-10T22:37:05.291642Z,team_radio,team_radio_by_session_key_opportunistic,"{""session_key"": 11329}",10,pass,,0.483
2026-10-10T22:37:05.881701Z,weather,weather_by_session_key,"{""session_key"": 11330}",88,pass,,0.489
2026-10-10T22:37:06.472446Z,race_control,race_control_by_session_key,"{""session_key"": 11330}",65,pass,,0.489
2026-10-10T22:37:07.058408Z,intervals,intervals_by_session_key,"{""session_key"": 11330}",0,http_404,"{""detail"":""No results found.""}",0.484
2026-10-10T22:37:07.680980Z,position,position_by_session_key,"{""session_key"": 11330}",1064,pass,,0.521
2026-10-10T22:37:08.276208Z,stints,stints_by_session_key,"{""session_key"": 11330}",90,pass,,0.493
2026-10-10T22:37:08.378344Z,pit,skip_non_race_like_session,"{""session_key"": 11330}",0,skipped_not_applicable,pit endpoint is only treated as required for race/sprint-like sessions,0.0
2026-10-10T22:37:08.861076Z,starting_grid,starting_grid_by_session_key,"{""session_key"": 11330}",22,pass,,0.483
2026-10-10T22:37:09.449606Z,drivers,drivers_by_session_key,"{""session_key"": 11330}",22,pass,,0.487
2026-10-10T22:37:10.455744Z,team_radio,team_radio_by_session_key_opportunistic,"{""session_key"": 11330}",5,pass,,0.904
2026-10-10T22:37:11.056070Z,weather,weather_by_session_key,"{""session_key"": 11334}",146,pass,,0.498
2026-10-10T22:37:11.653403Z,race_control,race_control_by_session_key,"{""session_key"": 11334}",151,pass,,0.495
2026-10-10T22:37:13.916555Z,intervals,intervals_by_session_key,"{""session_key"": 11334}",23116,pass,,2.161
2026-10-10T22:37:14.522812Z,position,position_by_session_key,"{""session_key"": 11334}",443,pass,,0.501
2026-10-10T22:37:15.114069Z,stints,stints_by_session_key,"{""session_key"": 11334}",51,pass,,0.489
2026-10-10T22:37:15.700704Z,pit,pit_by_session_key,"{""session_key"": 11334}",28,pass,,0.484
2026-10-10T22:37:16.286471Z,starting_grid,starting_grid_by_session_key,"{""session_key"": 11334}",0,http_404,"{""detail"":""No results found.""}",0.484
2026-10-10T22:37:16.875334Z,drivers,drivers_by_session_key,"{""session_key"": 11334}",22,pass,,0.487
2026-10-10T22:37:17.461865Z,team_radio,team_radio_by_session_key_opportunistic,"{""session_key"": 11334}",29,pass,,0.484
2026-10-10T22:37:18.054359Z,weather,weather_by_session_key,"{""session_key"": 11335}",79,pass,,0.49
2026-10-10T22:37:18.643862Z,race_control,race_control_by_session_key,"{""session_key"": 11335}",57,pass,,0.487
2026-10-10T22:37:19.230156Z,intervals,intervals_by_session_key,"{""session_key"": 11335}",0,http_404,"{""detail"":""No results found.""}",0.484
2026-10-10T22:37:19.837731Z,position,position_by_session_key,"{""session_key"": 11335}",734,pass,,0.506
2026-10-10T22:37:20.418100Z,stints,stints_by_session_key,"{""session_key"": 11335}",0,http_429,"{""detail"":""Rate limit exceeded. Max 30 requests/minute."",""error"":""Too Many Requests""}",0.478
2026-10-10T22:37:20.519545Z,pit,skip_non_race_like_session,"{""session_key"": 11335}",0,skipped_not_applicable,pit endpoint is only treated as required for race/sprint-like sessions,0.0
2026-10-10T22:37:21.001563Z,starting_grid,starting_grid_by_session_key,"{""session_key"": 11335}",0,http_429,"{""detail"":""Rate limit exceeded. Max 30 requests/minute."",""error"":""Too Many Requests""}",0.482
2026-10-10T22:37:21.586678Z,drivers,drivers_by_session_key,"{""session_key"": 11335}",0,http_429,"{""detail"":""Rate limit exceeded. Max 30 requests/minute."",""error"":""Too Many Requests""}",0.484
2026-10-10T22:37:22.202269Z,drivers,drivers_by_observed_driver_number,"{""driver_number"": 1, ""session_key"": 11335}",0,http_429,"{""detail"":""Rate limit exceeded. Max 30 requests/minute."",""error"":""Too Many Requests""}",0.481
2026-10-10T22:37:22.785951Z,drivers,drivers_by_observed_driver_number,"{""driver_number"": 3, ""session_key"": 11335}",0,http_429,"{""detail"":""Rate limit exceeded. Max 30 requests/minute."",""error"":""Too Many Requests""}",0.482
2026-10-10T22:37:23.372949Z,drivers,drivers_by_observed_driver_number,"{""driver_number"": 5, ""session_key"": 11335}",0,http_429,"{""detail"":""Rate limit exceeded. Max 30 requests/minute."",""error"":""Too Many Requests""}",0.486
2026-10-10T22:37:23.954689Z,drivers,drivers_by_observed_driver_number,"{""driver_number"": 6, ""session_key"": 11335}",0,http_429,"{""detail"":""Rate limit exceeded. Max 30 requests/minute."",""error"":""Too Many Requests""}",0.48
2026-10-10T22:37:24.545613Z,drivers,drivers_by_observed_driver_number,"{""driver_number"": 10, ""session_key"": 11335}",0,http_429,"{""detail"":""Rate limit exceeded. Max 30 requests/minute."",""error"":""Too Many Requests""}",0.49
2026-10-10T22:37:25.130024Z,drivers,drivers_by_observed_driver_number,"{""driver_number"": 11, ""session_key"": 11335}",0,http_429,"{""detail"":""Rate limit exceeded. Max 30 requests/minute."",""error"":""Too Many Requests""}",0.483
2026-10-10T22:37:25.715962Z,drivers,drivers_by_observed_driver_number,"{""driver_number"": 12, ""session_key"": 11335}",0,http_429,"{""detail"":""Rate limit exceeded. Max 30 requests/minute."",""error"":""Too Many Requests""}",0.485
2026-10-10T22:37:26.299086Z,drivers,drivers_by_observed_driver_number,"{""driver_number"": 14, ""session_key"": 11335}",0,http_429,"{""detail"":""Rate limit exceeded. Max 30 requests/minute."",""error"":""Too Many Requests""}",0.482
2026-10-10T22:37:26.924950Z,drivers,drivers_by_observed_driver_number,"{""driver_number"": 16, ""session_key"": 11335}",0,http_429,"{""detail"":""Rate limit exceeded. Max 30 requests/minute."",""error"":""Too Many Requests""}",0.525
2026-10-10T22:37:27.508064Z,drivers,drivers_by_observed_driver_number,"{""driver_number"": 18, ""session_key"": 11335}",0,http_429,"{""detail"":""Rate limit exceeded. Max 30 requests/minute."",""error"":""Too Many Requests""}",0.482
2026-10-10T22:37:28.094466Z,drivers,drivers_by_observed_driver_number,"{""driver_number"": 23, ""session_key"": 11335}",0,http_429,"{""detail"":""Rate limit exceeded. Max 30 requests/minute."",""error"":""Too Many Requests""}",0.485
2026-10-10T22:37:28.677250Z,drivers,drivers_by_observed_driver_number,"{""driver_number"": 25, ""session_key"": 11335}",0,http_429,"{""detail"":""Rate limit exceeded. Max 30 requests/minute."",""error"":""Too Many Requests""}",0.481
2026-10-10T22:37:29.259102Z,drivers,drivers_by_observed_driver_number,"{""driver_number"": 27, ""session_key"": 11335}",0,http_429,"{""detail"":""Rate limit exceeded. Max 30 requests/minute."",""error"":""Too Many Requests""}",0.48
2026-10-10T22:37:29.846419Z,drivers,drivers_by_observed_driver_number,"{""driver_number"": 30, ""session_key"": 11335}",0,http_429,"{""detail"":""Rate limit exceeded. Max 30 requests/minute."",""error"":""Too Many Requests""}",0.486
2026-10-10T22:37:30.428413Z,drivers,drivers_by_observed_driver_number,"{""driver_number"": 31, ""session_key"": 11335}",0,http_429,"{""detail"":""Rate limit exceeded. Max 30 requests/minute."",""error"":""Too Many Requests""}",0.481
2026-10-10T22:37:31.012472Z,drivers,drivers_by_observed_driver_number,"{""driver_number"": 34, ""session_key"": 11335}",0,http_429,"{""detail"":""Rate limit exceeded. Max 30 requests/minute."",""error"":""Too Many Requests""}",0.483
2026-10-10T22:37:31.599510Z,drivers,drivers_by_observed_driver_number,"{""driver_number"": 41, ""session_key"": 11335}",0,http_429,"{""detail"":""Rate limit exceeded. Max 30 requests/minute."",""error"":""Too Many Requests""}",0.486
2026-10-10T22:37:32.180094Z,drivers,drivers_by_observed_driver_number,"{""driver_number"": 43, ""session_key"": 11335}",0,http_429,"{""detail"":""Rate limit exceeded. Max 30 requests/minute."",""error"":""Too Many Requests""}",0.48
2026-10-10T22:37:32.763304Z,drivers,drivers_by_observed_driver_number,"{""driver_number"": 44, ""session_key"": 11335}",0,http_429,"{""detail"":""Rate limit exceeded. Max 30 requests/minute."",""error"":""Too Many Requests""}",0.482
2026-10-10T22:37:33.345201Z,drivers,drivers_by_observed_driver_number,"{""driver_number"": 50, ""session_key"": 11335}",0,http_429,"{""detail"":""Rate limit exceeded. Max 30 requests/minute."",""error"":""Too Many Requests""}",0.481
2026-10-10T22:37:33.926973Z,drivers,drivers_by_observed_driver_number,"{""driver_number"": 55, ""session_key"": 11335}",0,http_429,"{""detail"":""Rate limit exceeded. Max 30 requests/minute."",""error"":""Too Many Requests""}",0.48
2026-10-10T22:37:34.512866Z,drivers,drivers_by_observed_driver_number,"{""driver_number"": 61, ""session_key"": 11335}",0,http_429,"{""detail"":""Rate limit exceeded. Max 30 requests/minute."",""error"":""Too Many Requests""}",0.485
2026-10-10T22:37:35.096538Z,drivers,drivers_by_observed_driver_number,"{""driver_number"": 63, ""session_key"": 11335}",0,http_429,"{""detail"":""Rate limit exceeded. Max 30 requests/minute."",""error"":""Too Many Requests""}",0.482
2026-10-10T22:37:35.680326Z,drivers,drivers_by_observed_driver_number,"{""driver_number"": 67, ""session_key"": 11335}",0,http_429,"{""detail"":""Rate limit exceeded. Max 30 requests/minute."",""error"":""Too Many Requests""}",0.483
2026-10-10T22:37:36.267174Z,drivers,drivers_by_observed_driver_number,"{""driver_number"": 72, ""session_key"": 11335}",0,http_429,"{""detail"":""Rate limit exceeded. Max 30 requests/minute."",""error"":""Too Many Requests""}",0.486
2026-10-10T22:37:36.850180Z,drivers,drivers_by_observed_driver_number,"{""driver_number"": 77, ""session_key"": 11335}",0,http_429,"{""detail"":""Rate limit exceeded. Max 30 requests/minute."",""error"":""Too Many Requests""}",0.482
2026-10-10T22:37:37.437702Z,drivers,drivers_by_observed_driver_number,"{""driver_number"": 81, ""session_key"": 11335}",0,http_429,"{""detail"":""Rate limit exceeded. Max 30 requests/minute."",""error"":""Too Many Requests""}",0.486
2026-10-10T22:37:38.021950Z,drivers,drivers_by_observed_driver_number,"{""driver_number"": 87, ""session_key"": 11335}",0,http_429,"{""detail"":""Rate limit exceeded. Max 30 requests/minute."",""error"":""Too Many Requests""}",0.483
2026-10-10T22:37:38.607814Z,drivers,drivers_by_observed_driver_number,"{""driver_number"": 241, ""session_key"": 11335}",0,http_429,"{""detail"":""Rate limit exceeded. Max 30 requests/minute."",""error"":""Too Many Requests""}",0.485
2026-10-10T22:37:39.192716Z,drivers,drivers_by_observed_driver_number,"{""driver_number"": 243, ""session_key"": 11335}",0,http_429,"{""detail"":""Rate limit exceeded. Max 30 requests/minute."",""error"":""Too Many Requests""}",0.484
2026-10-10T22:37:39.780420Z,drivers,drivers_by_observed_driver_number,"{""driver_number"": 247, ""session_key"": 11335}",0,http_429,"{""detail"":""Rate limit exceeded. Max 30 requests/minute."",""error"":""Too Many Requests""}",0.486
2026-10-10T22:37:40.364471Z,team_radio,team_radio_by_session_key_opportunistic,"{""session_key"": 11335}",0,http_429,"{""detail"":""Rate limit exceeded. Max 30 requests/minute."",""error"":""Too Many Requests""}",0.482
2026-10-10T22:37:40.951349Z,weather,weather_by_session_key,"{""session_key"": 11336}",0,http_429,"{""detail"":""Rate limit exceeded. Max 30 requests/minute."",""error"":""Too Many Requests""}",0.485
2026-10-10T22:37:41.533398Z,race_control,race_control_by_session_key,"{""session_key"": 11336}",0,http_429,"{""detail"":""Rate limit exceeded. Max 30 requests/minute."",""error"":""Too Many Requests""}",0.481
2026-10-10T22:37:42.115635Z,intervals,intervals_by_session_key,"{""session_key"": 11336}",0,http_429,"{""detail"":""Rate limit exceeded. Max 30 requests/minute."",""error"":""Too Many Requests""}",0.481
2026-10-10T22:37:42.701819Z,position,position_by_session_key,"{""session_key"": 11336}",0,http_429,"{""detail"":""Rate limit exceeded. Max 30 requests/minute."",""error"":""Too Many Requests""}",0.485
2026-10-10T22:37:43.284259Z,position,position_by_meeting_key_fallback,"{""meeting_key"": 1291}",0,http_429,"{""detail"":""Rate limit exceeded. Max 30 requests/minute."",""error"":""Too Many Requests""}",0.481
2026-10-10T22:37:43.870627Z,stints,stints_by_session_key,"{""session_key"": 11336}",0,http_429,"{""detail"":""Rate limit exceeded. Max 30 requests/minute."",""error"":""Too Many Requests""}",0.485
2026-10-10T22:37:43.971996Z,pit,skip_non_race_like_session,"{""session_key"": 11336}",0,skipped_not_applicable,pit endpoint is only treated as required for race/sprint-like sessions,0.0
2026-10-10T22:37:44.453584Z,starting_grid,starting_grid_by_session_key,"{""session_key"": 11336}",0,http_429,"{""detail"":""Rate limit exceeded. Max 30 requests/minute."",""error"":""Too Many Requests""}",0.481
2026-10-10T22:37:45.036309Z,drivers,drivers_by_session_key,"{""session_key"": 11336}",0,http_429,"{""detail"":""Rate limit exceeded. Max 30 requests/minute."",""error"":""Too Many Requests""}",0.481
2026-10-10T22:37:45.652036Z,drivers,drivers_by_observed_driver_number,"{""driver_number"": 1, ""session_key"": 11336}",0,http_429,"{""detail"":""Rate limit exceeded. Max 30 requests/minute."",""error"":""Too Many Requests""}",0.482
2026-10-10T22:37:46.233263Z,drivers,drivers_by_observed_driver_number,"{""driver_number"": 3, ""session_key"": 11336}",0,http_429,"{""detail"":""Rate limit exceeded. Max 30 requests/minute."",""error"":""Too Many Requests""}",0.48
2026-10-10T22:37:46.819076Z,drivers,drivers_by_observed_driver_number,"{""driver_number"": 5, ""session_key"": 11336}",0,http_429,"{""detail"":""Rate limit exceeded. Max 30 requests/minute."",""error"":""Too Many Requests""}",0.484
2026-10-10T22:37:47.405393Z,drivers,drivers_by_observed_driver_number,"{""driver_number"": 6, ""session_key"": 11336}",0,http_429,"{""detail"":""Rate limit exceeded. Max 30 requests/minute."",""error"":""Too Many Requests""}",0.485
2026-10-10T22:37:47.987112Z,drivers,drivers_by_observed_driver_number,"{""driver_number"": 10, ""session_key"": 11336}",0,http_429,"{""detail"":""Rate limit exceeded. Max 30 requests/minute."",""error"":""Too Many Requests""}",0.48
2026-10-10T22:37:48.571630Z,drivers,drivers_by_observed_driver_number,"{""driver_number"": 11, ""session_key"": 11336}",0,http_429,"{""detail"":""Rate limit exceeded. Max 30 requests/minute."",""error"":""Too Many Requests""}",0.483
2026-10-10T22:37:49.158093Z,drivers,drivers_by_observed_driver_number,"{""driver_number"": 12, ""session_key"": 11336}",0,http_429,"{""detail"":""Rate limit exceeded. Max 30 requests/minute."",""error"":""Too Many Requests""}",0.485
2026-10-10T22:37:49.742563Z,drivers,drivers_by_observed_driver_number,"{""driver_number"": 14, ""session_key"": 11336}",0,http_429,"{""detail"":""Rate limit exceeded. Max 30 requests/minute."",""error"":""Too Many Requests""}",0.483
2026-10-10T22:37:50.328259Z,drivers,drivers_by_observed_driver_number,"{""driver_number"": 16, ""session_key"": 11336}",0,http_429,"{""detail"":""Rate limit exceeded. Max 30 requests/minute."",""error"":""Too Many Requests""}",0.484
2026-10-10T22:37:50.911433Z,drivers,drivers_by_observed_driver_number,"{""driver_number"": 18, ""session_key"": 11336}",0,http_429,"{""detail"":""Rate limit exceeded. Max 30 requests/minute."",""error"":""Too Many Requests""}",0.482
2026-10-10T22:37:51.495307Z,drivers,drivers_by_observed_driver_number,"{""driver_number"": 23, ""session_key"": 11336}",0,http_429,"{""detail"":""Rate limit exceeded. Max 30 requests/minute."",""error"":""Too Many Requests""}",0.483
2026-10-10T22:37:52.075640Z,drivers,drivers_by_observed_driver_number,"{""driver_number"": 25, ""session_key"": 11336}",0,http_429,"{""detail"":""Rate limit exceeded. Max 30 requests/minute."",""error"":""Too Many Requests""}",0.479
2026-10-10T22:37:52.656527Z,drivers,drivers_by_observed_driver_number,"{""driver_number"": 27, ""session_key"": 11336}",0,http_429,"{""detail"":""Rate limit exceeded. Max 30 requests/minute."",""error"":""Too Many Requests""}",0.48
2026-10-10T22:37:53.241979Z,drivers,drivers_by_observed_driver_number,"{""driver_number"": 30, ""session_key"": 11336}",0,http_429,"{""detail"":""Rate limit exceeded. Max 30 requests/minute."",""error"":""Too Many Requests""}",0.484
2026-10-10T22:37:53.828368Z,drivers,drivers_by_observed_driver_number,"{""driver_number"": 31, ""session_key"": 11336}",0,http_429,"{""detail"":""Rate limit exceeded. Max 30 requests/minute."",""error"":""Too Many Requests""}",0.485
2026-10-10T22:37:54.412453Z,drivers,drivers_by_observed_driver_number,"{""driver_number"": 34, ""session_key"": 11336}",0,http_429,"{""detail"":""Rate limit exceeded. Max 30 requests/minute."",""error"":""Too Many Requests""}",0.483
2026-10-10T22:37:54.995099Z,drivers,drivers_by_observed_driver_number,"{""driver_number"": 41, ""session_key"": 11336}",0,http_429,"{""detail"":""Rate limit exceeded. Max 30 requests/minute."",""error"":""Too Many Requests""}",0.481
2026-10-10T22:37:55.578999Z,drivers,drivers_by_observed_driver_number,"{""driver_number"": 43, ""session_key"": 11336}",0,http_429,"{""detail"":""Rate limit exceeded. Max 30 requests/minute."",""error"":""Too Many Requests""}",0.483
2026-10-10T22:37:56.162523Z,drivers,drivers_by_observed_driver_number,"{""driver_number"": 44, ""session_key"": 11336}",0,http_429,"{""detail"":""Rate limit exceeded. Max 30 requests/minute."",""error"":""Too Many Requests""}",0.482
2026-10-10T22:37:56.749268Z,drivers,drivers_by_observed_driver_number,"{""driver_number"": 50, ""session_key"": 11336}",0,http_429,"{""detail"":""Rate limit exceeded. Max 30 requests/minute."",""error"":""Too Many Requests""}",0.485
2026-10-10T22:37:57.334168Z,drivers,drivers_by_observed_driver_number,"{""driver_number"": 55, ""session_key"": 11336}",0,http_429,"{""detail"":""Rate limit exceeded. Max 30 requests/minute."",""error"":""Too Many Requests""}",0.484
2026-10-10T22:37:57.917631Z,drivers,drivers_by_observed_driver_number,"{""driver_number"": 61, ""session_key"": 11336}",0,http_429,"{""detail"":""Rate limit exceeded. Max 30 requests/minute."",""error"":""Too Many Requests""}",0.482
2026-10-10T22:37:58.502082Z,drivers,drivers_by_observed_driver_number,"{""driver_number"": 63, ""session_key"": 11336}",0,http_429,"{""detail"":""Rate limit exceeded. Max 30 requests/minute."",""error"":""Too Many Requests""}",0.483
2026-10-10T22:37:59.083674Z,drivers,drivers_by_observed_driver_number,"{""driver_number"": 67, ""session_key"": 11336}",0,http_429,"{""detail"":""Rate limit exceeded. Max 30 requests/minute."",""error"":""Too Many Requests""}",0.48
2026-10-10T22:37:59.668243Z,drivers,drivers_by_observed_driver_number,"{""driver_number"": 72, ""session_key"": 11336}",0,http_429,"{""detail"":""Rate limit exceeded. Max 30 requests/minute."",""error"":""Too Many Requests""}",0.483
2026-10-10T22:38:00.258721Z,drivers,drivers_by_observed_driver_number,"{""driver_number"": 77, ""session_key"": 11336}",1,pass,,0.489
2026-10-10T22:38:00.843742Z,drivers,drivers_by_observed_driver_number,"{""driver_number"": 81, ""session_key"": 11336}",1,pass,,0.484
2026-10-10T22:38:01.432511Z,drivers,drivers_by_observed_driver_number,"{""driver_number"": 87, ""session_key"": 11336}",1,pass,,0.487
2026-10-10T22:38:02.021546Z,drivers,drivers_by_observed_driver_number,"{""driver_number"": 241, ""session_key"": 11336}",0,http_404,"{""detail"":""No results found.""}",0.488
2026-10-10T22:38:02.608493Z,drivers,drivers_by_observed_driver_number,"{""driver_number"": 243, ""session_key"": 11336}",0,http_404,"{""detail"":""No results found.""}",0.486
2026-10-10T22:38:03.195287Z,drivers,drivers_by_observed_driver_number,"{""driver_number"": 247, ""session_key"": 11336}",0,http_404,"{""detail"":""No results found.""}",0.485
2026-10-10T22:38:03.783908Z,team_radio,team_radio_by_session_key_opportunistic,"{""session_key"": 11336}",7,pass,,0.485
2026-10-10T22:38:04.373599Z,weather,weather_by_session_key,"{""session_key"": 11337}",80,pass,,0.488
2026-10-10T22:38:04.961052Z,race_control,race_control_by_session_key,"{""session_key"": 11337}",67,pass,,0.485
2026-10-10T22:38:05.543530Z,intervals,intervals_by_session_key,"{""session_key"": 11337}",0,http_404,"{""detail"":""No results found.""}",0.48
2026-10-10T22:38:06.150102Z,position,position_by_session_key,"{""session_key"": 11337}",513,pass,,0.505
2026-10-10T22:38:06.747719Z,stints,stints_by_session_key,"{""session_key"": 11337}",89,pass,,0.495
2026-10-10T22:38:06.850222Z,pit,skip_non_race_like_session,"{""session_key"": 11337}",0,skipped_not_applicable,pit endpoint is only treated as required for race/sprint-like sessions,0.0
2026-10-10T22:38:07.334548Z,starting_grid,starting_grid_by_session_key,"{""session_key"": 11337}",0,http_404,"{""detail"":""No results found.""}",0.484
2026-10-10T22:38:07.922163Z,drivers,drivers_by_session_key,"{""session_key"": 11337}",22,pass,,0.486
2026-10-10T22:38:08.515300Z,team_radio,team_radio_by_session_key_opportunistic,"{""session_key"": 11337}",7,pass,,0.491
2026-10-10T22:38:09.119942Z,weather,weather_by_session_key,"{""session_key"": 11338}",76,pass,,0.502
2026-10-10T22:38:09.709368Z,race_control,race_control_by_session_key,"{""session_key"": 11338}",48,pass,,0.487
2026-10-10T22:38:10.295535Z,intervals,intervals_by_session_key,"{""session_key"": 11338}",0,http_404,"{""detail"":""No results found.""}",0.484
2026-10-10T22:38:10.914438Z,position,position_by_session_key,"{""session_key"": 11338}",1016,pass,,0.518
2026-10-10T22:38:11.508344Z,stints,stints_by_session_key,"{""session_key"": 11338}",98,pass,,0.492
2026-10-10T22:38:11.610407Z,pit,skip_non_race_like_session,"{""session_key"": 11338}",0,skipped_not_applicable,pit endpoint is only treated as required for race/sprint-like sessions,0.0
2026-10-10T22:38:12.093030Z,starting_grid,starting_grid_by_session_key,"{""session_key"": 11338}",22,pass,,0.483
2026-10-10T22:38:12.679304Z,drivers,drivers_by_session_key,"{""session_key"": 11338}",22,pass,,0.484
2026-10-10T22:38:13.267436Z,team_radio,team_radio_by_session_key_opportunistic,"{""session_key"": 11338}",17,pass,,0.486
2026-10-10T22:38:13.867396Z,weather,weather_by_session_key,"{""session_key"": 11342}",156,pass,,0.498
2026-10-10T22:38:14.459557Z,race_control,race_control_by_session_key,"{""session_key"": 11342}",80,pass,,0.49
2026-10-10T22:38:17.265909Z,intervals,intervals_by_session_key,"{""session_key"": 11342}",29593,pass,,2.704
2026-10-10T22:38:17.877770Z,position,position_by_session_key,"{""session_key"": 11342}",536,pass,,0.505
2026-10-10T22:38:18.472912Z,stints,stints_by_session_key,"{""session_key"": 11342}",67,pass,,0.493
2026-10-10T22:38:19.063248Z,pit,pit_by_session_key,"{""session_key"": 11342}",44,pass,,0.488
2026-10-10T22:38:19.651272Z,starting_grid,starting_grid_by_session_key,"{""session_key"": 11342}",0,http_404,"{""detail"":""No results found.""}",0.486
2026-10-10T22:38:20.239077Z,drivers,drivers_by_session_key,"{""session_key"": 11342}",0,http_429,"{""detail"":""Rate limit exceeded. Max 30 requests/minute."",""error"":""Too Many Requests""}",0.486
2026-10-10T22:38:20.864725Z,drivers,drivers_by_observed_driver_number,"{""driver_number"": 1, ""session_key"": 11342}",0,http_429,"{""detail"":""Rate limit exceeded. Max 30 requests/minute."",""error"":""Too Many Requests""}",0.487
2026-10-10T22:38:21.449043Z,drivers,drivers_by_observed_driver_number,"{""driver_number"": 3, ""session_key"": 11342}",0,http_429,"{""detail"":""Rate limit exceeded. Max 30 requests/minute."",""error"":""Too Many Requests""}",0.483
2026-10-10T22:38:22.033742Z,drivers,drivers_by_observed_driver_number,"{""driver_number"": 5, ""session_key"": 11342}",0,http_429,"{""detail"":""Rate limit exceeded. Max 30 requests/minute."",""error"":""Too Many Requests""}",0.483
2026-10-10T22:38:22.615013Z,drivers,drivers_by_observed_driver_number,"{""driver_number"": 6, ""session_key"": 11342}",0,http_429,"{""detail"":""Rate limit exceeded. Max 30 requests/minute."",""error"":""Too Many Requests""}",0.48
2026-10-10T22:38:23.200011Z,drivers,drivers_by_observed_driver_number,"{""driver_number"": 10, ""session_key"": 11342}",0,http_429,"{""detail"":""Rate limit exceeded. Max 30 requests/minute."",""error"":""Too Many Requests""}",0.484
2026-10-10T22:38:23.785453Z,drivers,drivers_by_observed_driver_number,"{""driver_number"": 11, ""session_key"": 11342}",0,http_429,"{""detail"":""Rate limit exceeded. Max 30 requests/minute."",""error"":""Too Many Requests""}",0.484
2026-10-10T22:38:24.369046Z,drivers,drivers_by_observed_driver_number,"{""driver_number"": 12, ""session_key"": 11342}",0,http_429,"{""detail"":""Rate limit exceeded. Max 30 requests/minute."",""error"":""Too Many Requests""}",0.482
2026-10-10T22:38:24.955719Z,drivers,drivers_by_observed_driver_number,"{""driver_number"": 14, ""session_key"": 11342}",0,http_429,"{""detail"":""Rate limit exceeded. Max 30 requests/minute."",""error"":""Too Many Requests""}",0.485
2026-10-10T22:38:25.545691Z,drivers,drivers_by_observed_driver_number,"{""driver_number"": 16, ""session_key"": 11342}",0,http_429,"{""detail"":""Rate limit exceeded. Max 30 requests/minute."",""error"":""Too Many Requests""}",0.489
2026-10-10T22:38:26.132882Z,drivers,drivers_by_observed_driver_number,"{""driver_number"": 18, ""session_key"": 11342}",0,http_429,"{""detail"":""Rate limit exceeded. Max 30 requests/minute."",""error"":""Too Many Requests""}",0.486
2026-10-10T22:38:26.717160Z,drivers,drivers_by_observed_driver_number,"{""driver_number"": 23, ""session_key"": 11342}",0,http_429,"{""detail"":""Rate limit exceeded. Max 30 requests/minute."",""error"":""Too Many Requests""}",0.483
2026-10-10T22:38:27.304809Z,drivers,drivers_by_observed_driver_number,"{""driver_number"": 25, ""session_key"": 11342}",0,http_429,"{""detail"":""Rate limit exceeded. Max 30 requests/minute."",""error"":""Too Many Requests""}",0.486
2026-10-10T22:38:27.886927Z,drivers,drivers_by_observed_driver_number,"{""driver_number"": 27, ""session_key"": 11342}",0,http_429,"{""detail"":""Rate limit exceeded. Max 30 requests/minute."",""error"":""Too Many Requests""}",0.481
2026-10-10T22:38:28.470380Z,drivers,drivers_by_observed_driver_number,"{""driver_number"": 30, ""session_key"": 11342}",0,http_429,"{""detail"":""Rate limit exceeded. Max 30 requests/minute."",""error"":""Too Many Requests""}",0.482
2026-10-10T22:38:29.052177Z,drivers,drivers_by_observed_driver_number,"{""driver_number"": 31, ""session_key"": 11342}",0,http_429,"{""detail"":""Rate limit exceeded. Max 30 requests/minute."",""error"":""Too Many Requests""}",0.481
2026-10-10T22:38:29.633480Z,drivers,drivers_by_observed_driver_number,"{""driver_number"": 34, ""session_key"": 11342}",0,http_429,"{""detail"":""Rate limit exceeded. Max 30 requests/minute."",""error"":""Too Many Requests""}",0.48
2026-10-10T22:38:30.215277Z,drivers,drivers_by_observed_driver_number,"{""driver_number"": 41, ""session_key"": 11342}",0,http_429,"{""detail"":""Rate limit exceeded. Max 30 requests/minute."",""error"":""Too Many Requests""}",0.481
2026-10-10T22:38:30.803004Z,drivers,drivers_by_observed_driver_number,"{""driver_number"": 43, ""session_key"": 11342}",0,http_429,"{""detail"":""Rate limit exceeded. Max 30 requests/minute."",""error"":""Too Many Requests""}",0.486
2026-10-10T22:38:31.399348Z,drivers,drivers_by_observed_driver_number,"{""driver_number"": 44, ""session_key"": 11342}",0,http_429,"{""detail"":""Rate limit exceeded. Max 30 requests/minute."",""error"":""Too Many Requests""}",0.495
2026-10-10T22:38:31.982315Z,drivers,drivers_by_observed_driver_number,"{""driver_number"": 50, ""session_key"": 11342}",0,http_429,"{""detail"":""Rate limit exceeded. Max 30 requests/minute."",""error"":""Too Many Requests""}",0.482
2026-10-10T22:38:32.568999Z,drivers,drivers_by_observed_driver_number,"{""driver_number"": 55, ""session_key"": 11342}",0,http_429,"{""detail"":""Rate limit exceeded. Max 30 requests/minute."",""error"":""Too Many Requests""}",0.485
2026-10-10T22:38:33.153164Z,drivers,drivers_by_observed_driver_number,"{""driver_number"": 61, ""session_key"": 11342}",0,http_429,"{""detail"":""Rate limit exceeded. Max 30 requests/minute."",""error"":""Too Many Requests""}",0.483
2026-10-10T22:38:33.739310Z,drivers,drivers_by_observed_driver_number,"{""driver_number"": 63, ""session_key"": 11342}",0,http_429,"{""detail"":""Rate limit exceeded. Max 30 requests/minute."",""error"":""Too Many Requests""}",0.485
2026-10-10T22:38:34.322501Z,drivers,drivers_by_observed_driver_number,"{""driver_number"": 67, ""session_key"": 11342}",0,http_429,"{""detail"":""Rate limit exceeded. Max 30 requests/minute."",""error"":""Too Many Requests""}",0.482
2026-10-10T22:38:34.906694Z,drivers,drivers_by_observed_driver_number,"{""driver_number"": 72, ""session_key"": 11342}",0,http_429,"{""detail"":""Rate limit exceeded. Max 30 requests/minute."",""error"":""Too Many Requests""}",0.483
2026-10-10T22:38:35.489151Z,drivers,drivers_by_observed_driver_number,"{""driver_number"": 77, ""session_key"": 11342}",0,http_429,"{""detail"":""Rate limit exceeded. Max 30 requests/minute."",""error"":""Too Many Requests""}",0.481
2026-10-10T22:38:36.073492Z,drivers,drivers_by_observed_driver_number,"{""driver_number"": 81, ""session_key"": 11342}",0,http_429,"{""detail"":""Rate limit exceeded. Max 30 requests/minute."",""error"":""Too Many Requests""}",0.483
2026-10-10T22:38:36.656077Z,drivers,drivers_by_observed_driver_number,"{""driver_number"": 87, ""session_key"": 11342}",0,http_429,"{""detail"":""Rate limit exceeded. Max 30 requests/minute."",""error"":""Too Many Requests""}",0.481
2026-10-10T22:38:37.237959Z,drivers,drivers_by_observed_driver_number,"{""driver_number"": 241, ""session_key"": 11342}",0,http_429,"{""detail"":""Rate limit exceeded. Max 30 requests/minute."",""error"":""Too Many Requests""}",0.481
2026-10-10T22:38:37.820448Z,drivers,drivers_by_observed_driver_number,"{""driver_number"": 243, ""session_key"": 11342}",0,http_429,"{""detail"":""Rate limit exceeded. Max 30 requests/minute."",""error"":""Too Many Requests""}",0.481
2026-10-10T22:38:38.403275Z,drivers,drivers_by_observed_driver_number,"{""driver_number"": 247, ""session_key"": 11342}",0,http_429,"{""detail"":""Rate limit exceeded. Max 30 requests/minute."",""error"":""Too Many Requests""}",0.481
2026-10-10T22:38:38.988207Z,team_radio,team_radio_by_session_key_opportunistic,"{""session_key"": 11342}",0,http_429,"{""detail"":""Rate limit exceeded. Max 30 requests/minute."",""error"":""Too Many Requests""}",0.484
2026-10-10T22:38:39.571200Z,weather,weather_by_session_key,"{""session_key"": 11343}",0,http_429,"{""detail"":""Rate limit exceeded. Max 30 requests/minute."",""error"":""Too Many Requests""}",0.482
2026-10-10T22:38:40.157326Z,race_control,race_control_by_session_key,"{""session_key"": 11343}",0,http_429,"{""detail"":""Rate limit exceeded. Max 30 requests/minute."",""error"":""Too Many Requests""}",0.485
2026-10-10T22:38:40.747085Z,intervals,intervals_by_session_key,"{""session_key"": 11343}",0,http_429,"{""detail"":""Rate limit exceeded. Max 30 requests/minute."",""error"":""Too Many Requests""}",0.488
2026-10-10T22:38:41.340533Z,position,position_by_session_key,"{""session_key"": 11343}",0,http_429,"{""detail"":""Rate limit exceeded. Max 30 requests/minute."",""error"":""Too Many Requests""}",0.492
2026-10-10T22:38:41.924113Z,position,position_by_meeting_key_fallback,"{""meeting_key"": 1292}",0,http_429,"{""detail"":""Rate limit exceeded. Max 30 requests/minute."",""error"":""Too Many Requests""}",0.482
2026-10-10T22:38:42.507286Z,stints,stints_by_session_key,"{""session_key"": 11343}",0,http_429,"{""detail"":""Rate limit exceeded. Max 30 requests/minute."",""error"":""Too Many Requests""}",0.482
2026-10-10T22:38:42.608720Z,pit,skip_non_race_like_session,"{""session_key"": 11343}",0,skipped_not_applicable,pit endpoint is only treated as required for race/sprint-like sessions,0.0
2026-10-10T22:38:43.096783Z,starting_grid,starting_grid_by_session_key,"{""session_key"": 11343}",0,http_429,"{""detail"":""Rate limit exceeded. Max 30 requests/minute."",""error"":""Too Many Requests""}",0.488
2026-10-10T22:38:43.681175Z,drivers,drivers_by_session_key,"{""session_key"": 11343}",0,http_429,"{""detail"":""Rate limit exceeded. Max 30 requests/minute."",""error"":""Too Many Requests""}",0.483
2026-10-10T22:38:44.301416Z,drivers,drivers_by_observed_driver_number,"{""driver_number"": 1, ""session_key"": 11343}",0,http_429,"{""detail"":""Rate limit exceeded. Max 30 requests/minute."",""error"":""Too Many Requests""}",0.483
2026-10-10T22:38:44.888271Z,drivers,drivers_by_observed_driver_number,"{""driver_number"": 3, ""session_key"": 11343}",0,http_429,"{""detail"":""Rate limit exceeded. Max 30 requests/minute."",""error"":""Too Many Requests""}",0.486
2026-10-10T22:38:45.477126Z,drivers,drivers_by_observed_driver_number,"{""driver_number"": 5, ""session_key"": 11343}",0,http_429,"{""detail"":""Rate limit exceeded. Max 30 requests/minute."",""error"":""Too Many Requests""}",0.488
2026-10-10T22:38:46.059941Z,drivers,drivers_by_observed_driver_number,"{""driver_number"": 6, ""session_key"": 11343}",0,http_429,"{""detail"":""Rate limit exceeded. Max 30 requests/minute."",""error"":""Too Many Requests""}",0.481
2026-10-10T22:38:46.643932Z,drivers,drivers_by_observed_driver_number,"{""driver_number"": 10, ""session_key"": 11343}",0,http_429,"{""detail"":""Rate limit exceeded. Max 30 requests/minute."",""error"":""Too Many Requests""}",0.483
2026-10-10T22:38:47.231181Z,drivers,drivers_by_observed_driver_number,"{""driver_number"": 11, ""session_key"": 11343}",0,http_429,"{""detail"":""Rate limit exceeded. Max 30 requests/minute."",""error"":""Too Many Requests""}",0.486
2026-10-10T22:38:47.815031Z,drivers,drivers_by_observed_driver_number,"{""driver_number"": 12, ""session_key"": 11343}",0,http_429,"{""detail"":""Rate limit exceeded. Max 30 requests/minute."",""error"":""Too Many Requests""}",0.483
2026-10-10T22:38:48.433248Z,drivers,drivers_by_observed_driver_number,"{""driver_number"": 14, ""session_key"": 11343}",0,http_429,"{""detail"":""Rate limit exceeded. Max 30 requests/minute."",""error"":""Too Many Requests""}",0.517
2026-10-10T22:38:49.016635Z,drivers,drivers_by_observed_driver_number,"{""driver_number"": 16, ""session_key"": 11343}",0,http_429,"{""detail"":""Rate limit exceeded. Max 30 requests/minute."",""error"":""Too Many Requests""}",0.482
2026-10-10T22:38:49.601374Z,drivers,drivers_by_observed_driver_number,"{""driver_number"": 18, ""session_key"": 11343}",0,http_429,"{""detail"":""Rate limit exceeded. Max 30 requests/minute."",""error"":""Too Many Requests""}",0.483
2026-10-10T22:38:50.185627Z,drivers,drivers_by_observed_driver_number,"{""driver_number"": 23, ""session_key"": 11343}",0,http_429,"{""detail"":""Rate limit exceeded. Max 30 requests/minute."",""error"":""Too Many Requests""}",0.483
2026-10-10T22:38:50.768253Z,drivers,drivers_by_observed_driver_number,"{""driver_number"": 25, ""session_key"": 11343}",0,http_429,"{""detail"":""Rate limit exceeded. Max 30 requests/minute."",""error"":""Too Many Requests""}",0.481
2026-10-10T22:38:51.353897Z,drivers,drivers_by_observed_driver_number,"{""driver_number"": 27, ""session_key"": 11343}",0,http_429,"{""detail"":""Rate limit exceeded. Max 30 requests/minute."",""error"":""Too Many Requests""}",0.484
2026-10-10T22:38:51.941710Z,drivers,drivers_by_observed_driver_number,"{""driver_number"": 30, ""session_key"": 11343}",0,http_429,"{""detail"":""Rate limit exceeded. Max 30 requests/minute."",""error"":""Too Many Requests""}",0.487
2026-10-10T22:38:52.524697Z,drivers,drivers_by_observed_driver_number,"{""driver_number"": 31, ""session_key"": 11343}",0,http_429,"{""detail"":""Rate limit exceeded. Max 30 requests/minute."",""error"":""Too Many Requests""}",0.482
2026-10-10T22:38:53.108559Z,drivers,drivers_by_observed_driver_number,"{""driver_number"": 34, ""session_key"": 11343}",0,http_429,"{""detail"":""Rate limit exceeded. Max 30 requests/minute."",""error"":""Too Many Requests""}",0.483
2026-10-10T22:38:53.695236Z,drivers,drivers_by_observed_driver_number,"{""driver_number"": 41, ""session_key"": 11343}",0,http_429,"{""detail"":""Rate limit exceeded. Max 30 requests/minute."",""error"":""Too Many Requests""}",0.485
2026-10-10T22:38:54.333531Z,drivers,drivers_by_observed_driver_number,"{""driver_number"": 43, ""session_key"": 11343}",0,http_429,"{""detail"":""Rate limit exceeded. Max 30 requests/minute."",""error"":""Too Many Requests""}",0.537
2026-10-10T22:38:54.916884Z,drivers,drivers_by_observed_driver_number,"{""driver_number"": 44, ""session_key"": 11343}",0,http_429,"{""detail"":""Rate limit exceeded. Max 30 requests/minute."",""error"":""Too Many Requests""}",0.482
2026-10-10T22:38:55.498140Z,drivers,drivers_by_observed_driver_number,"{""driver_number"": 50, ""session_key"": 11343}",0,http_429,"{""detail"":""Rate limit exceeded. Max 30 requests/minute."",""error"":""Too Many Requests""}",0.48
2026-10-10T22:38:56.082043Z,drivers,drivers_by_observed_driver_number,"{""driver_number"": 55, ""session_key"": 11343}",0,http_429,"{""detail"":""Rate limit exceeded. Max 30 requests/minute."",""error"":""Too Many Requests""}",0.483
2026-10-10T22:38:56.664290Z,drivers,drivers_by_observed_driver_number,"{""driver_number"": 61, ""session_key"": 11343}",0,http_429,"{""detail"":""Rate limit exceeded. Max 30 requests/minute."",""error"":""Too Many Requests""}",0.481
2026-10-10T22:38:57.252603Z,drivers,drivers_by_observed_driver_number,"{""driver_number"": 63, ""session_key"": 11343}",0,http_429,"{""detail"":""Rate limit exceeded. Max 30 requests/minute."",""error"":""Too Many Requests""}",0.487
2026-10-10T22:38:57.848817Z,drivers,drivers_by_observed_driver_number,"{""driver_number"": 67, ""session_key"": 11343}",0,http_429,"{""detail"":""Rate limit exceeded. Max 30 requests/minute."",""error"":""Too Many Requests""}",0.495
2026-10-10T22:38:58.436892Z,drivers,drivers_by_observed_driver_number,"{""driver_number"": 72, ""session_key"": 11343}",0,http_429,"{""detail"":""Rate limit exceeded. Max 30 requests/minute."",""error"":""Too Many Requests""}",0.487
2026-10-10T22:38:59.021217Z,drivers,drivers_by_observed_driver_number,"{""driver_number"": 77, ""session_key"": 11343}",0,http_429,"{""detail"":""Rate limit exceeded. Max 30 requests/minute."",""error"":""Too Many Requests""}",0.483
2026-10-10T22:38:59.615021Z,drivers,drivers_by_observed_driver_number,"{""driver_number"": 81, ""session_key"": 11343}",0,http_429,"{""detail"":""Rate limit exceeded. Max 30 requests/minute."",""error"":""Too Many Requests""}",0.492
2026-10-10T22:39:00.200113Z,drivers,drivers_by_observed_driver_number,"{""driver_number"": 87, ""session_key"": 11343}",1,pass,,0.484
2026-10-10T22:39:00.789722Z,drivers,drivers_by_observed_driver_number,"{""driver_number"": 241, ""session_key"": 11343}",0,http_404,"{""detail"":""No results found.""}",0.488
2026-10-10T22:39:01.372781Z,drivers,drivers_by_observed_driver_number,"{""driver_number"": 243, ""session_key"": 11343}",0,http_404,"{""detail"":""No results found.""}",0.482
2026-10-10T22:39:01.954453Z,drivers,drivers_by_observed_driver_number,"{""driver_number"": 247, ""session_key"": 11343}",0,http_404,"{""detail"":""No results found.""}",0.48
2026-10-10T22:39:02.544127Z,team_radio,team_radio_by_session_key_opportunistic,"{""session_key"": 11343}",8,pass,,0.486
2026-10-10T22:39:03.138283Z,weather,weather_by_session_key,"{""session_key"": 11344}",62,pass,,0.492
2026-10-10T22:39:03.732507Z,race_control,race_control_by_session_key,"{""session_key"": 11344}",62,pass,,0.492
2026-10-10T22:39:04.319346Z,intervals,intervals_by_session_key,"{""session_key"": 11344}",0,http_404,"{""detail"":""No results found.""}",0.485
2026-10-10T22:39:04.934003Z,position,position_by_session_key,"{""session_key"": 11344}",767,pass,,0.513
2026-10-10T22:39:05.523729Z,stints,stints_by_session_key,"{""session_key"": 11344}",57,pass,,0.488
2026-10-10T22:39:06.122906Z,pit,pit_by_session_key,"{""session_key"": 11344}",57,pass,,0.497
2026-10-10T22:39:06.709854Z,starting_grid,starting_grid_by_session_key,"{""session_key"": 11344}",22,pass,,0.485
2026-10-10T22:39:07.295645Z,drivers,drivers_by_session_key,"{""session_key"": 11344}",22,pass,,0.484
2026-10-10T22:39:07.962309Z,team_radio,team_radio_by_session_key_opportunistic,"{""session_key"": 11344}",14,pass,,0.564
2026-10-10T22:39:08.628066Z,weather,weather_by_session_key,"{""session_key"": 11348}",80,pass,,0.563
2026-10-10T22:39:09.278922Z,race_control,race_control_by_session_key,"{""session_key"": 11348}",65,pass,,0.549
2026-10-10T22:39:10.663428Z,intervals,intervals_by_session_key,"{""session_key"": 11348}",11063,pass,,1.282
2026-10-10T22:39:11.314578Z,position,position_by_session_key,"{""session_key"": 11348}",65,pass,,0.547
2026-10-10T22:39:11.959011Z,stints,stints_by_session_key,"{""session_key"": 11348}",24,pass,,0.542
2026-10-10T22:39:12.607133Z,pit,pit_by_session_key,"{""session_key"": 11348}",2,pass,,0.546
2026-10-10T22:39:13.464085Z,starting_grid,starting_grid_by_session_key,"{""session_key"": 11348}",0,http_404,"{""detail"":""No results found.""}",0.755
2026-10-10T22:39:14.114098Z,drivers,drivers_by_session_key,"{""session_key"": 11348}",22,pass,,0.549
2026-10-10T22:39:14.702397Z,team_radio,team_radio_by_session_key_opportunistic,"{""session_key"": 11348}",6,pass,,0.486
2026-10-10T22:39:15.294298Z,weather,weather_by_session_key,"{""session_key"": 11349}",77,pass,,0.49
2026-10-10T22:39:15.888871Z,race_control,race_control_by_session_key,"{""session_key"": 11349}",118,pass,,0.493
2026-10-10T22:39:16.753700Z,intervals,intervals_by_session_key,"{""session_key"": 11349}",0,http_404,"{""detail"":""No results found.""}",0.762
2026-10-10T22:39:17.424491Z,position,position_by_session_key,"{""session_key"": 11349}",1184,pass,,0.569
2026-10-10T22:39:18.025735Z,stints,stints_by_session_key,"{""session_key"": 11349}",109,pass,,0.499
2026-10-10T22:39:18.127891Z,pit,skip_non_race_like_session,"{""session_key"": 11349}",0,skipped_not_applicable,pit endpoint is only treated as required for race/sprint-like sessions,0.0
2026-10-10T22:39:18.616323Z,starting_grid,starting_grid_by_session_key,"{""session_key"": 11349}",22,pass,,0.488
2026-10-10T22:39:19.206318Z,drivers,drivers_by_session_key,"{""session_key"": 11349}",22,pass,,0.488
2026-10-10T22:39:19.794744Z,team_radio,team_radio_by_session_key_opportunistic,"{""session_key"": 11349}",0,http_429,"{""detail"":""Rate limit exceeded. Max 30 requests/minute."",""error"":""Too Many Requests""}",0.487
2026-10-10T22:39:20.381293Z,weather,weather_by_session_key,"{""session_key"": 11353}",0,http_429,"{""detail"":""Rate limit exceeded. Max 30 requests/minute."",""error"":""Too Many Requests""}",0.485
2026-10-10T22:39:20.961605Z,race_control,race_control_by_session_key,"{""session_key"": 11353}",0,http_429,"{""detail"":""Rate limit exceeded. Max 30 requests/minute."",""error"":""Too Many Requests""}",0.479
2026-10-10T22:39:21.839304Z,intervals,intervals_by_session_key,"{""session_key"": 11353}",0,http_429,"{""detail"":""Rate limit exceeded. Max 30 requests/minute."",""error"":""Too Many Requests""}",0.776
2026-10-10T22:39:22.418813Z,position,position_by_session_key,"{""session_key"": 11353}",0,http_429,"{""detail"":""Rate limit exceeded. Max 30 requests/minute."",""error"":""Too Many Requests""}",0.478
2026-10-10T22:39:23.001938Z,position,position_by_meeting_key_fallback,"{""meeting_key"": 1292}",0,http_429,"{""detail"":""Rate limit exceeded. Max 30 requests/minute."",""error"":""Too Many Requests""}",0.482
2026-10-10T22:39:23.595208Z,stints,stints_by_session_key,"{""session_key"": 11353}",0,http_429,"{""detail"":""Rate limit exceeded. Max 30 requests/minute."",""error"":""Too Many Requests""}",0.492
2026-10-10T22:39:24.471794Z,pit,pit_by_session_key,"{""session_key"": 11353}",0,http_429,"{""detail"":""Rate limit exceeded. Max 30 requests/minute."",""error"":""Too Many Requests""}",0.775
2026-10-10T22:39:25.054344Z,starting_grid,starting_grid_by_session_key,"{""session_key"": 11353}",0,http_429,"{""detail"":""Rate limit exceeded. Max 30 requests/minute."",""error"":""Too Many Requests""}",0.481
2026-10-10T22:39:25.638137Z,drivers,drivers_by_session_key,"{""session_key"": 11353}",0,http_429,"{""detail"":""Rate limit exceeded. Max 30 requests/minute."",""error"":""Too Many Requests""}",0.482
2026-10-10T22:39:26.261549Z,drivers,drivers_by_observed_driver_number,"{""driver_number"": 1, ""session_key"": 11353}",0,http_429,"{""detail"":""Rate limit exceeded. Max 30 requests/minute."",""error"":""Too Many Requests""}",0.484
2026-10-10T22:39:26.847034Z,drivers,drivers_by_observed_driver_number,"{""driver_number"": 3, ""session_key"": 11353}",0,http_429,"{""detail"":""Rate limit exceeded. Max 30 requests/minute."",""error"":""Too Many Requests""}",0.484
2026-10-10T22:39:27.466150Z,drivers,drivers_by_observed_driver_number,"{""driver_number"": 5, ""session_key"": 11353}",0,http_429,"{""detail"":""Rate limit exceeded. Max 30 requests/minute."",""error"":""Too Many Requests""}",0.518
2026-10-10T22:39:28.047918Z,drivers,drivers_by_observed_driver_number,"{""driver_number"": 6, ""session_key"": 11353}",0,http_429,"{""detail"":""Rate limit exceeded. Max 30 requests/minute."",""error"":""Too Many Requests""}",0.48
2026-10-10T22:39:28.634410Z,drivers,drivers_by_observed_driver_number,"{""driver_number"": 10, ""session_key"": 11353}",0,http_429,"{""detail"":""Rate limit exceeded. Max 30 requests/minute."",""error"":""Too Many Requests""}",0.485
2026-10-10T22:39:29.231933Z,drivers,drivers_by_observed_driver_number,"{""driver_number"": 11, ""session_key"": 11353}",0,http_429,"{""detail"":""Rate limit exceeded. Max 30 requests/minute."",""error"":""Too Many Requests""}",0.496
2026-10-10T22:39:29.814199Z,drivers,drivers_by_observed_driver_number,"{""driver_number"": 12, ""session_key"": 11353}",0,http_429,"{""detail"":""Rate limit exceeded. Max 30 requests/minute."",""error"":""Too Many Requests""}",0.481
2026-10-10T22:39:30.405772Z,drivers,drivers_by_observed_driver_number,"{""driver_number"": 14, ""session_key"": 11353}",0,http_429,"{""detail"":""Rate limit exceeded. Max 30 requests/minute."",""error"":""Too Many Requests""}",0.49
2026-10-10T22:39:31.283028Z,drivers,drivers_by_observed_driver_number,"{""driver_number"": 16, ""session_key"": 11353}",0,http_429,"{""detail"":""Rate limit exceeded. Max 30 requests/minute."",""error"":""Too Many Requests""}",0.776
2026-10-10T22:39:31.867200Z,drivers,drivers_by_observed_driver_number,"{""driver_number"": 18, ""session_key"": 11353}",0,http_429,"{""detail"":""Rate limit exceeded. Max 30 requests/minute."",""error"":""Too Many Requests""}",0.483
2026-10-10T22:39:32.454972Z,drivers,drivers_by_observed_driver_number,"{""driver_number"": 22, ""session_key"": 11353}",0,http_429,"{""detail"":""Rate limit exceeded. Max 30 requests/minute."",""error"":""Too Many Requests""}",0.486
2026-10-10T22:39:33.040277Z,drivers,drivers_by_observed_driver_number,"{""driver_number"": 23, ""session_key"": 11353}",0,http_429,"{""detail"":""Rate limit exceeded. Max 30 requests/minute."",""error"":""Too Many Requests""}",0.484
2026-10-10T22:39:33.626515Z,drivers,drivers_by_observed_driver_number,"{""driver_number"": 25, ""session_key"": 11353}",0,http_429,"{""detail"":""Rate limit exceeded. Max 30 requests/minute."",""error"":""Too Many Requests""}",0.485
2026-10-10T22:39:34.211630Z,drivers,drivers_by_observed_driver_number,"{""driver_number"": 27, ""session_key"": 11353}",0,http_429,"{""detail"":""Rate limit exceeded. Max 30 requests/minute."",""error"":""Too Many Requests""}",0.484
2026-10-10T22:39:34.793775Z,drivers,drivers_by_observed_driver_number,"{""driver_number"": 30, ""session_key"": 11353}",0,http_429,"{""detail"":""Rate limit exceeded. Max 30 requests/minute."",""error"":""Too Many Requests""}",0.481
2026-10-10T22:39:35.376596Z,drivers,drivers_by_observed_driver_number,"{""driver_number"": 31, ""session_key"": 11353}",0,http_429,"{""detail"":""Rate limit exceeded. Max 30 requests/minute."",""error"":""Too Many Requests""}",0.481
2026-10-10T22:39:35.956823Z,drivers,drivers_by_observed_driver_number,"{""driver_number"": 34, ""session_key"": 11353}",0,http_429,"{""detail"":""Rate limit exceeded. Max 30 requests/minute."",""error"":""Too Many Requests""}",0.479
2026-10-10T22:39:36.540806Z,drivers,drivers_by_observed_driver_number,"{""driver_number"": 41, ""session_key"": 11353}",0,http_429,"{""detail"":""Rate limit exceeded. Max 30 requests/minute."",""error"":""Too Many Requests""}",0.483
2026-10-10T22:39:37.135229Z,drivers,drivers_by_observed_driver_number,"{""driver_number"": 43, ""session_key"": 11353}",0,http_429,"{""detail"":""Rate limit exceeded. Max 30 requests/minute."",""error"":""Too Many Requests""}",0.493
2026-10-10T22:39:37.792047Z,drivers,drivers_by_observed_driver_number,"{""driver_number"": 44, ""session_key"": 11353}",0,http_429,"{""detail"":""Rate limit exceeded. Max 30 requests/minute."",""error"":""Too Many Requests""}",0.556
2026-10-10T22:39:38.376258Z,drivers,drivers_by_observed_driver_number,"{""driver_number"": 50, ""session_key"": 11353}",0,http_429,"{""detail"":""Rate limit exceeded. Max 30 requests/minute."",""error"":""Too Many Requests""}",0.483
2026-10-10T22:39:38.959935Z,drivers,drivers_by_observed_driver_number,"{""driver_number"": 55, ""session_key"": 11353}",0,http_429,"{""detail"":""Rate limit exceeded. Max 30 requests/minute."",""error"":""Too Many Requests""}",0.482
2026-10-10T22:39:39.547239Z,drivers,drivers_by_observed_driver_number,"{""driver_number"": 61, ""session_key"": 11353}",0,http_429,"{""detail"":""Rate limit exceeded. Max 30 requests/minute."",""error"":""Too Many Requests""}",0.486
2026-10-10T22:39:40.133503Z,drivers,drivers_by_observed_driver_number,"{""driver_number"": 63, ""session_key"": 11353}",0,http_429,"{""detail"":""Rate limit exceeded. Max 30 requests/minute."",""error"":""Too Many Requests""}",0.485
2026-10-10T22:39:40.717079Z,drivers,drivers_by_observed_driver_number,"{""driver_number"": 67, ""session_key"": 11353}",0,http_429,"{""detail"":""Rate limit exceeded. Max 30 requests/minute."",""error"":""Too Many Requests""}",0.482
2026-10-10T22:39:41.297231Z,drivers,drivers_by_observed_driver_number,"{""driver_number"": 72, ""session_key"": 11353}",0,http_429,"{""detail"":""Rate limit exceeded. Max 30 requests/minute."",""error"":""Too Many Requests""}",0.479
2026-10-10T22:39:41.880020Z,drivers,drivers_by_observed_driver_number,"{""driver_number"": 77, ""session_key"": 11353}",0,http_429,"{""detail"":""Rate limit exceeded. Max 30 requests/minute."",""error"":""Too Many Requests""}",0.481
2026-10-10T22:39:42.460559Z,drivers,drivers_by_observed_driver_number,"{""driver_number"": 81, ""session_key"": 11353}",0,http_429,"{""detail"":""Rate limit exceeded. Max 30 requests/minute."",""error"":""Too Many Requests""}",0.479
2026-10-10T22:39:43.043095Z,drivers,drivers_by_observed_driver_number,"{""driver_number"": 87, ""session_key"": 11353}",0,http_429,"{""detail"":""Rate limit exceeded. Max 30 requests/minute."",""error"":""Too Many Requests""}",0.481
2026-10-10T22:39:43.647255Z,drivers,drivers_by_observed_driver_number,"{""driver_number"": 241, ""session_key"": 11353}",0,http_429,"{""detail"":""Rate limit exceeded. Max 30 requests/minute."",""error"":""Too Many Requests""}",0.503
2026-10-10T22:39:44.232790Z,drivers,drivers_by_observed_driver_number,"{""driver_number"": 243, ""session_key"": 11353}",0,http_429,"{""detail"":""Rate limit exceeded. Max 30 requests/minute."",""error"":""Too Many Requests""}",0.484
2026-10-10T22:39:44.816481Z,drivers,drivers_by_observed_driver_number,"{""driver_number"": 247, ""session_key"": 11353}",0,http_429,"{""detail"":""Rate limit exceeded. Max 30 requests/minute."",""error"":""Too Many Requests""}",0.482
2026-10-10T22:39:45.401964Z,team_radio,team_radio_by_session_key_opportunistic,"{""session_key"": 11353}",0,http_429,"{""detail"":""Rate limit exceeded. Max 30 requests/minute."",""error"":""Too Many Requests""}",0.484
2026-10-10T22:39:45.987453Z,weather,weather_by_session_key,"{""session_key"": 11354}",0,http_429,"{""detail"":""Rate limit exceeded. Max 30 requests/minute."",""error"":""Too Many Requests""}",0.484
2026-10-10T22:39:46.573804Z,race_control,race_control_by_session_key,"{""session_key"": 11354}",0,http_429,"{""detail"":""Rate limit exceeded. Max 30 requests/minute."",""error"":""Too Many Requests""}",0.485
2026-10-10T22:39:47.157778Z,intervals,intervals_by_session_key,"{""session_key"": 11354}",0,http_429,"{""detail"":""Rate limit exceeded. Max 30 requests/minute."",""error"":""Too Many Requests""}",0.483
2026-10-10T22:39:47.738332Z,position,position_by_session_key,"{""session_key"": 11354}",0,http_429,"{""detail"":""Rate limit exceeded. Max 30 requests/minute."",""error"":""Too Many Requests""}",0.479
2026-10-10T22:39:48.340444Z,position,position_by_meeting_key_fallback,"{""meeting_key"": 1293}",0,http_429,"{""detail"":""Rate limit exceeded. Max 30 requests/minute."",""error"":""Too Many Requests""}",0.501
2026-10-10T22:39:48.922676Z,stints,stints_by_session_key,"{""session_key"": 11354}",0,http_429,"{""detail"":""Rate limit exceeded. Max 30 requests/minute."",""error"":""Too Many Requests""}",0.481
2026-10-10T22:39:49.024072Z,pit,skip_non_race_like_session,"{""session_key"": 11354}",0,skipped_not_applicable,pit endpoint is only treated as required for race/sprint-like sessions,0.0
2026-10-10T22:39:49.507544Z,starting_grid,starting_grid_by_session_key,"{""session_key"": 11354}",0,http_429,"{""detail"":""Rate limit exceeded. Max 30 requests/minute."",""error"":""Too Many Requests""}",0.483
2026-10-10T22:39:50.101137Z,drivers,drivers_by_session_key,"{""session_key"": 11354}",0,http_429,"{""detail"":""Rate limit exceeded. Max 30 requests/minute."",""error"":""Too Many Requests""}",0.492
2026-10-10T22:39:50.721818Z,drivers,drivers_by_observed_driver_number,"{""driver_number"": 1, ""session_key"": 11354}",0,http_429,"{""detail"":""Rate limit exceeded. Max 30 requests/minute."",""error"":""Too Many Requests""}",0.482
2026-10-10T22:39:51.305718Z,drivers,drivers_by_observed_driver_number,"{""driver_number"": 3, ""session_key"": 11354}",0,http_429,"{""detail"":""Rate limit exceeded. Max 30 requests/minute."",""error"":""Too Many Requests""}",0.483
2026-10-10T22:39:51.900378Z,drivers,drivers_by_observed_driver_number,"{""driver_number"": 5, ""session_key"": 11354}",0,http_429,"{""detail"":""Rate limit exceeded. Max 30 requests/minute."",""error"":""Too Many Requests""}",0.493
2026-10-10T22:39:52.486986Z,drivers,drivers_by_observed_driver_number,"{""driver_number"": 6, ""session_key"": 11354}",0,http_429,"{""detail"":""Rate limit exceeded. Max 30 requests/minute."",""error"":""Too Many Requests""}",0.485
2026-10-10T22:39:53.070411Z,drivers,drivers_by_observed_driver_number,"{""driver_number"": 10, ""session_key"": 11354}",0,http_429,"{""detail"":""Rate limit exceeded. Max 30 requests/minute."",""error"":""Too Many Requests""}",0.482
2026-10-10T22:39:53.655492Z,drivers,drivers_by_observed_driver_number,"{""driver_number"": 11, ""session_key"": 11354}",0,http_429,"{""detail"":""Rate limit exceeded. Max 30 requests/minute."",""error"":""Too Many Requests""}",0.484
2026-10-10T22:39:54.238199Z,drivers,drivers_by_observed_driver_number,"{""driver_number"": 12, ""session_key"": 11354}",0,http_429,"{""detail"":""Rate limit exceeded. Max 30 requests/minute."",""error"":""Too Many Requests""}",0.481
2026-10-10T22:39:54.823561Z,drivers,drivers_by_observed_driver_number,"{""driver_number"": 14, ""session_key"": 11354}",0,http_429,"{""detail"":""Rate limit exceeded. Max 30 requests/minute."",""error"":""Too Many Requests""}",0.484
2026-10-10T22:39:55.404467Z,drivers,drivers_by_observed_driver_number,"{""driver_number"": 16, ""session_key"": 11354}",0,http_429,"{""detail"":""Rate limit exceeded. Max 30 requests/minute."",""error"":""Too Many Requests""}",0.479
2026-10-10T22:39:55.985923Z,drivers,drivers_by_observed_driver_number,"{""driver_number"": 18, ""session_key"": 11354}",0,http_429,"{""detail"":""Rate limit exceeded. Max 30 requests/minute."",""error"":""Too Many Requests""}",0.48
2026-10-10T22:39:56.570410Z,drivers,drivers_by_observed_driver_number,"{""driver_number"": 22, ""session_key"": 11354}",0,http_429,"{""detail"":""Rate limit exceeded. Max 30 requests/minute."",""error"":""Too Many Requests""}",0.483
2026-10-10T22:39:57.163683Z,drivers,drivers_by_observed_driver_number,"{""driver_number"": 23, ""session_key"": 11354}",0,http_429,"{""detail"":""Rate limit exceeded. Max 30 requests/minute."",""error"":""Too Many Requests""}",0.492
2026-10-10T22:39:57.747989Z,drivers,drivers_by_observed_driver_number,"{""driver_number"": 25, ""session_key"": 11354}",0,http_429,"{""detail"":""Rate limit exceeded. Max 30 requests/minute."",""error"":""Too Many Requests""}",0.483
2026-10-10T22:39:58.333479Z,drivers,drivers_by_observed_driver_number,"{""driver_number"": 27, ""session_key"": 11354}",0,http_429,"{""detail"":""Rate limit exceeded. Max 30 requests/minute."",""error"":""Too Many Requests""}",0.484
2026-10-10T22:39:58.919815Z,drivers,drivers_by_observed_driver_number,"{""driver_number"": 30, ""session_key"": 11354}",0,http_429,"{""detail"":""Rate limit exceeded. Max 30 requests/minute."",""error"":""Too Many Requests""}",0.485
2026-10-10T22:39:59.501028Z,drivers,drivers_by_observed_driver_number,"{""driver_number"": 31, ""session_key"": 11354}",0,http_429,"{""detail"":""Rate limit exceeded. Max 30 requests/minute."",""error"":""Too Many Requests""}",0.48
2026-10-10T22:40:00.087765Z,drivers,drivers_by_observed_driver_number,"{""driver_number"": 34, ""session_key"": 11354}",0,http_404,"{""detail"":""No results found.""}",0.486
2026-10-10T22:40:00.676696Z,drivers,drivers_by_observed_driver_number,"{""driver_number"": 41, ""session_key"": 11354}",2,pass,,0.488
2026-10-10T22:40:01.266567Z,drivers,drivers_by_observed_driver_number,"{""driver_number"": 43, ""session_key"": 11354}",2,pass,,0.489
2026-10-10T22:40:01.852765Z,drivers,drivers_by_observed_driver_number,"{""driver_number"": 44, ""session_key"": 11354}",2,pass,,0.485
2026-10-10T22:40:02.456998Z,drivers,drivers_by_observed_driver_number,"{""driver_number"": 50, ""session_key"": 11354}",0,http_404,"{""detail"":""No results found.""}",0.503
2026-10-10T22:40:03.039744Z,drivers,drivers_by_observed_driver_number,"{""driver_number"": 55, ""session_key"": 11354}",2,pass,,0.481
2026-10-10T22:40:03.626739Z,drivers,drivers_by_observed_driver_number,"{""driver_number"": 61, ""session_key"": 11354}",1,pass,,0.486
2026-10-10T22:40:04.212650Z,drivers,drivers_by_observed_driver_number,"{""driver_number"": 63, ""session_key"": 11354}",1,pass,,0.485
2026-10-10T22:40:04.807392Z,drivers,drivers_by_observed_driver_number,"{""driver_number"": 67, ""session_key"": 11354}",0,http_404,"{""detail"":""No results found.""}",0.493
2026-10-10T22:40:05.395770Z,drivers,drivers_by_observed_driver_number,"{""driver_number"": 72, ""session_key"": 11354}",0,http_404,"{""detail"":""No results found.""}",0.487
2026-10-10T22:40:05.980906Z,drivers,drivers_by_observed_driver_number,"{""driver_number"": 77, ""session_key"": 11354}",1,pass,,0.484
2026-10-10T22:40:06.568243Z,drivers,drivers_by_observed_driver_number,"{""driver_number"": 81, ""session_key"": 11354}",1,pass,,0.486
2026-10-10T22:40:07.157109Z,drivers,drivers_by_observed_driver_number,"{""driver_number"": 87, ""session_key"": 11354}",1,pass,,0.488
2026-10-10T22:40:07.741063Z,drivers,drivers_by_observed_driver_number,"{""driver_number"": 241, ""session_key"": 11354}",0,http_404,"{""detail"":""No results found.""}",0.483
2026-10-10T22:40:08.338014Z,drivers,drivers_by_observed_driver_number,"{""driver_number"": 243, ""session_key"": 11354}",0,http_404,"{""detail"":""No results found.""}",0.496
2026-10-10T22:40:08.920730Z,drivers,drivers_by_observed_driver_number,"{""driver_number"": 247, ""session_key"": 11354}",0,http_404,"{""detail"":""No results found.""}",0.481
2026-10-10T22:40:09.507383Z,team_radio,team_radio_by_session_key_opportunistic,"{""session_key"": 11354}",7,pass,,0.482
2026-10-10T22:40:10.097876Z,weather,weather_by_session_key,"{""session_key"": 11355}",83,pass,,0.488
2026-10-10T22:40:10.682118Z,race_control,race_control_by_session_key,"{""session_key"": 11355}",34,pass,,0.482
2026-10-10T22:40:11.274424Z,intervals,intervals_by_session_key,"{""session_key"": 11355}",0,http_404,"{""detail"":""No results found.""}",0.49
2026-10-10T22:40:11.884656Z,position,position_by_session_key,"{""session_key"": 11355}",561,pass,,0.509
2026-10-10T22:40:12.479779Z,stints,stints_by_session_key,"{""session_key"": 11355}",97,pass,,0.493
2026-10-10T22:40:12.581664Z,pit,skip_non_race_like_session,"{""session_key"": 11355}",0,skipped_not_applicable,pit endpoint is only treated as required for race/sprint-like sessions,0.0
2026-10-10T22:40:13.069533Z,starting_grid,starting_grid_by_session_key,"{""session_key"": 11355}",0,http_404,"{""detail"":""No results found.""}",0.488
2026-10-10T22:40:13.661354Z,drivers,drivers_by_session_key,"{""session_key"": 11355}",22,pass,,0.491
2026-10-10T22:40:14.246523Z,team_radio,team_radio_by_session_key_opportunistic,"{""session_key"": 11355}",9,pass,,0.483
2026-10-10T22:40:14.837789Z,weather,weather_by_session_key,"{""session_key"": 11356}",80,pass,,0.489
2026-10-10T22:40:15.423744Z,race_control,race_control_by_session_key,"{""session_key"": 11356}",68,pass,,0.484
2026-10-10T22:40:16.006031Z,intervals,intervals_by_session_key,"{""session_key"": 11356}",0,http_404,"{""detail"":""No results found.""}",0.48
2026-10-10T22:40:16.609285Z,position,position_by_session_key,"{""session_key"": 11356}",617,pass,,0.502
2026-10-10T22:40:17.200337Z,stints,stints_by_session_key,"{""session_key"": 11356}",110,pass,,0.489
2026-10-10T22:40:17.301755Z,pit,skip_non_race_like_session,"{""session_key"": 11356}",0,skipped_not_applicable,pit endpoint is only treated as required for race/sprint-like sessions,0.0
2026-10-10T22:40:17.792102Z,starting_grid,starting_grid_by_session_key,"{""session_key"": 11356}",0,http_429,"{""detail"":""Rate limit exceeded. Max 30 requests/minute."",""error"":""Too Many Requests""}",0.49
2026-10-10T22:40:18.376716Z,drivers,drivers_by_session_key,"{""session_key"": 11356}",0,http_429,"{""detail"":""Rate limit exceeded. Max 30 requests/minute."",""error"":""Too Many Requests""}",0.483
2026-10-10T22:40:18.998665Z,drivers,drivers_by_observed_driver_number,"{""driver_number"": 1, ""session_key"": 11356}",0,http_429,"{""detail"":""Rate limit exceeded. Max 30 requests/minute."",""error"":""Too Many Requests""}",0.481
2026-10-10T22:40:19.584560Z,drivers,drivers_by_observed_driver_number,"{""driver_number"": 3, ""session_key"": 11356}",0,http_429,"{""detail"":""Rate limit exceeded. Max 30 requests/minute."",""error"":""Too Many Requests""}",0.485
2026-10-10T22:40:20.173706Z,drivers,drivers_by_observed_driver_number,"{""driver_number"": 5, ""session_key"": 11356}",0,http_429,"{""detail"":""Rate limit exceeded. Max 30 requests/minute."",""error"":""Too Many Requests""}",0.488
2026-10-10T22:40:20.755879Z,drivers,drivers_by_observed_driver_number,"{""driver_number"": 6, ""session_key"": 11356}",0,http_429,"{""detail"":""Rate limit exceeded. Max 30 requests/minute."",""error"":""Too Many Requests""}",0.481
2026-10-10T22:40:21.338520Z,drivers,drivers_by_observed_driver_number,"{""driver_number"": 10, ""session_key"": 11356}",0,http_429,"{""detail"":""Rate limit exceeded. Max 30 requests/minute."",""error"":""Too Many Requests""}",0.481
2026-10-10T22:40:21.917731Z,drivers,drivers_by_observed_driver_number,"{""driver_number"": 11, ""session_key"": 11356}",0,http_429,"{""detail"":""Rate limit exceeded. Max 30 requests/minute."",""error"":""Too Many Requests""}",0.478
2026-10-10T22:40:22.497474Z,drivers,drivers_by_observed_driver_number,"{""driver_number"": 12, ""session_key"": 11356}",0,http_429,"{""detail"":""Rate limit exceeded. Max 30 requests/minute."",""error"":""Too Many Requests""}",0.478
2026-10-10T22:40:23.082376Z,drivers,drivers_by_observed_driver_number,"{""driver_number"": 14, ""session_key"": 11356}",0,http_429,"{""detail"":""Rate limit exceeded. Max 30 requests/minute."",""error"":""Too Many Requests""}",0.484
2026-10-10T22:40:23.662093Z,drivers,drivers_by_observed_driver_number,"{""driver_number"": 16, ""session_key"": 11356}",0,http_429,"{""detail"":""Rate limit exceeded. Max 30 requests/minute."",""error"":""Too Many Requests""}",0.478
2026-10-10T22:40:24.252394Z,drivers,drivers_by_observed_driver_number,"{""driver_number"": 18, ""session_key"": 11356}",0,http_429,"{""detail"":""Rate limit exceeded. Max 30 requests/minute."",""error"":""Too Many Requests""}",0.489
2026-10-10T22:40:24.838574Z,drivers,drivers_by_observed_driver_number,"{""driver_number"": 22, ""session_key"": 11356}",0,http_429,"{""detail"":""Rate limit exceeded. Max 30 requests/minute."",""error"":""Too Many Requests""}",0.485
2026-10-10T22:40:25.420813Z,drivers,drivers_by_observed_driver_number,"{""driver_number"": 23, ""session_key"": 11356}",0,http_429,"{""detail"":""Rate limit exceeded. Max 30 requests/minute."",""error"":""Too Many Requests""}",0.481
2026-10-10T22:40:26.005194Z,drivers,drivers_by_observed_driver_number,"{""driver_number"": 25, ""session_key"": 11356}",0,http_429,"{""detail"":""Rate limit exceeded. Max 30 requests/minute."",""error"":""Too Many Requests""}",0.483
2026-10-10T22:40:26.589545Z,drivers,drivers_by_observed_driver_number,"{""driver_number"": 27, ""session_key"": 11356}",0,http_429,"{""detail"":""Rate limit exceeded. Max 30 requests/minute."",""error"":""Too Many Requests""}",0.483
2026-10-10T22:40:27.171802Z,drivers,drivers_by_observed_driver_number,"{""driver_number"": 30, ""session_key"": 11356}",0,http_429,"{""detail"":""Rate limit exceeded. Max 30 requests/minute."",""error"":""Too Many Requests""}",0.481
2026-10-10T22:40:27.755865Z,drivers,drivers_by_observed_driver_number,"{""driver_number"": 31, ""session_key"": 11356}",0,http_429,"{""detail"":""Rate limit exceeded. Max 30 requests/minute."",""error"":""Too Many Requests""}",0.483
2026-10-10T22:40:28.337767Z,drivers,drivers_by_observed_driver_number,"{""driver_number"": 34, ""session_key"": 11356}",0,http_429,"{""detail"":""Rate limit exceeded. Max 30 requests/minute."",""error"":""Too Many Requests""}",0.481
2026-10-10T22:40:28.920314Z,drivers,drivers_by_observed_driver_number,"{""driver_number"": 36, ""session_key"": 11356}",0,http_429,"{""detail"":""Rate limit exceeded. Max 30 requests/minute."",""error"":""Too Many Requests""}",0.481
2026-10-10T22:40:29.504289Z,drivers,drivers_by_observed_driver_number,"{""driver_number"": 41, ""session_key"": 11356}",0,http_429,"{""detail"":""Rate limit exceeded. Max 30 requests/minute."",""error"":""Too Many Requests""}",0.483
2026-10-10T22:40:30.083785Z,drivers,drivers_by_observed_driver_number,"{""driver_number"": 43, ""session_key"": 11356}",0,http_429,"{""detail"":""Rate limit exceeded. Max 30 requests/minute."",""error"":""Too Many Requests""}",0.478
2026-10-10T22:40:30.673338Z,drivers,drivers_by_observed_driver_number,"{""driver_number"": 44, ""session_key"": 11356}",0,http_429,"{""detail"":""Rate limit exceeded. Max 30 requests/minute."",""error"":""Too Many Requests""}",0.488
2026-10-10T22:40:31.259920Z,drivers,drivers_by_observed_driver_number,"{""driver_number"": 46, ""session_key"": 11356}",0,http_429,"{""detail"":""Rate limit exceeded. Max 30 requests/minute."",""error"":""Too Many Requests""}",0.485
2026-10-10T22:40:31.851763Z,drivers,drivers_by_observed_driver_number,"{""driver_number"": 50, ""session_key"": 11356}",0,http_429,"{""detail"":""Rate limit exceeded. Max 30 requests/minute."",""error"":""Too Many Requests""}",0.491
2026-10-10T22:40:32.438554Z,drivers,drivers_by_observed_driver_number,"{""driver_number"": 55, ""session_key"": 11356}",0,http_429,"{""detail"":""Rate limit exceeded. Max 30 requests/minute."",""error"":""Too Many Requests""}",0.486
2026-10-10T22:40:33.025583Z,drivers,drivers_by_observed_driver_number,"{""driver_number"": 61, ""session_key"": 11356}",0,http_429,"{""detail"":""Rate limit exceeded. Max 30 requests/minute."",""error"":""Too Many Requests""}",0.486
2026-10-10T22:40:33.611957Z,drivers,drivers_by_observed_driver_number,"{""driver_number"": 63, ""session_key"": 11356}",0,http_429,"{""detail"":""Rate limit exceeded. Max 30 requests/minute."",""error"":""Too Many Requests""}",0.485
2026-10-10T22:40:34.195928Z,drivers,drivers_by_observed_driver_number,"{""driver_number"": 67, ""session_key"": 11356}",0,http_429,"{""detail"":""Rate limit exceeded. Max 30 requests/minute."",""error"":""Too Many Requests""}",0.483
2026-10-10T22:40:34.777365Z,drivers,drivers_by_observed_driver_number,"{""driver_number"": 72, ""session_key"": 11356}",0,http_429,"{""detail"":""Rate limit exceeded. Max 30 requests/minute."",""error"":""Too Many Requests""}",0.48
2026-10-10T22:40:35.358379Z,drivers,drivers_by_observed_driver_number,"{""driver_number"": 77, ""session_key"": 11356}",0,http_429,"{""detail"":""Rate limit exceeded. Max 30 requests/minute."",""error"":""Too Many Requests""}",0.479
2026-10-10T22:40:35.942292Z,drivers,drivers_by_observed_driver_number,"{""driver_number"": 81, ""session_key"": 11356}",0,http_429,"{""detail"":""Rate limit exceeded. Max 30 requests/minute."",""error"":""Too Many Requests""}",0.483
2026-10-10T22:40:36.524285Z,drivers,drivers_by_observed_driver_number,"{""driver_number"": 87, ""session_key"": 11356}",0,http_429,"{""detail"":""Rate limit exceeded. Max 30 requests/minute."",""error"":""Too Many Requests""}",0.481
2026-10-10T22:40:37.111409Z,drivers,drivers_by_observed_driver_number,"{""driver_number"": 241, ""session_key"": 11356}",0,http_429,"{""detail"":""Rate limit exceeded. Max 30 requests/minute."",""error"":""Too Many Requests""}",0.486
2026-10-10T22:40:37.697185Z,drivers,drivers_by_observed_driver_number,"{""driver_number"": 243, ""session_key"": 11356}",0,http_429,"{""detail"":""Rate limit exceeded. Max 30 requests/minute."",""error"":""Too Many Requests""}",0.485
2026-10-10T22:40:38.289544Z,drivers,drivers_by_observed_driver_number,"{""driver_number"": 247, ""session_key"": 11356}",0,http_429,"{""detail"":""Rate limit exceeded. Max 30 requests/minute."",""error"":""Too Many Requests""}",0.491
2026-10-10T22:40:38.874486Z,team_radio,team_radio_by_session_key_opportunistic,"{""session_key"": 11356}",0,http_429,"{""detail"":""Rate limit exceeded. Max 30 requests/minute."",""error"":""Too Many Requests""}",0.483
2026-10-10T22:40:39.459919Z,weather,weather_by_session_key,"{""session_key"": 11357}",0,http_429,"{""detail"":""Rate limit exceeded. Max 30 requests/minute."",""error"":""Too Many Requests""}",0.484
2026-10-10T22:40:40.044695Z,race_control,race_control_by_session_key,"{""session_key"": 11357}",0,http_429,"{""detail"":""Rate limit exceeded. Max 30 requests/minute."",""error"":""Too Many Requests""}",0.483
2026-10-10T22:40:40.627623Z,intervals,intervals_by_session_key,"{""session_key"": 11357}",0,http_429,"{""detail"":""Rate limit exceeded. Max 30 requests/minute."",""error"":""Too Many Requests""}",0.482
2026-10-10T22:40:41.209604Z,position,position_by_session_key,"{""session_key"": 11357}",0,http_429,"{""detail"":""Rate limit exceeded. Max 30 requests/minute."",""error"":""Too Many Requests""}",0.481
2026-10-10T22:40:41.789870Z,position,position_by_meeting_key_fallback,"{""meeting_key"": 1293}",0,http_429,"{""detail"":""Rate limit exceeded. Max 30 requests/minute."",""error"":""Too Many Requests""}",0.479
2026-10-10T22:40:42.372792Z,stints,stints_by_session_key,"{""session_key"": 11357}",0,http_429,"{""detail"":""Rate limit exceeded. Max 30 requests/minute."",""error"":""Too Many Requests""}",0.481
2026-10-10T22:40:42.474229Z,pit,skip_non_race_like_session,"{""session_key"": 11357}",0,skipped_not_applicable,pit endpoint is only treated as required for race/sprint-like sessions,0.0
2026-10-10T22:40:43.157799Z,starting_grid,starting_grid_by_session_key,"{""session_key"": 11357}",0,http_429,"{""detail"":""Rate limit exceeded. Max 30 requests/minute."",""error"":""Too Many Requests""}",0.683
2026-10-10T22:40:43.744230Z,drivers,drivers_by_session_key,"{""session_key"": 11357}",0,http_429,"{""detail"":""Rate limit exceeded. Max 30 requests/minute."",""error"":""Too Many Requests""}",0.485
2026-10-10T22:40:44.373147Z,drivers,drivers_by_observed_driver_number,"{""driver_number"": 1, ""session_key"": 11357}",0,http_429,"{""detail"":""Rate limit exceeded. Max 30 requests/minute."",""error"":""Too Many Requests""}",0.487
2026-10-10T22:40:44.970732Z,drivers,drivers_by_observed_driver_number,"{""driver_number"": 3, ""session_key"": 11357}",0,http_429,"{""detail"":""Rate limit exceeded. Max 30 requests/minute."",""error"":""Too Many Requests""}",0.496
2026-10-10T22:40:45.556230Z,drivers,drivers_by_observed_driver_number,"{""driver_number"": 5, ""session_key"": 11357}",0,http_429,"{""detail"":""Rate limit exceeded. Max 30 requests/minute."",""error"":""Too Many Requests""}",0.484
2026-10-10T22:40:46.140081Z,drivers,drivers_by_observed_driver_number,"{""driver_number"": 6, ""session_key"": 11357}",0,http_429,"{""detail"":""Rate limit exceeded. Max 30 requests/minute."",""error"":""Too Many Requests""}",0.482
2026-10-10T22:40:46.722288Z,drivers,drivers_by_observed_driver_number,"{""driver_number"": 10, ""session_key"": 11357}",0,http_429,"{""detail"":""Rate limit exceeded. Max 30 requests/minute."",""error"":""Too Many Requests""}",0.481
2026-10-10T22:40:47.306931Z,drivers,drivers_by_observed_driver_number,"{""driver_number"": 11, ""session_key"": 11357}",0,http_429,"{""detail"":""Rate limit exceeded. Max 30 requests/minute."",""error"":""Too Many Requests""}",0.483
2026-10-10T22:40:47.892899Z,drivers,drivers_by_observed_driver_number,"{""driver_number"": 12, ""session_key"": 11357}",0,http_429,"{""detail"":""Rate limit exceeded. Max 30 requests/minute."",""error"":""Too Many Requests""}",0.485
2026-10-10T22:40:48.473533Z,drivers,drivers_by_observed_driver_number,"{""driver_number"": 14, ""session_key"": 11357}",0,http_429,"{""detail"":""Rate limit exceeded. Max 30 requests/minute."",""error"":""Too Many Requests""}",0.479
2026-10-10T22:40:49.052993Z,drivers,drivers_by_observed_driver_number,"{""driver_number"": 16, ""session_key"": 11357}",0,http_429,"{""detail"":""Rate limit exceeded. Max 30 requests/minute."",""error"":""Too Many Requests""}",0.478
2026-10-10T22:40:49.637062Z,drivers,drivers_by_observed_driver_number,"{""driver_number"": 18, ""session_key"": 11357}",0,http_429,"{""detail"":""Rate limit exceeded. Max 30 requests/minute."",""error"":""Too Many Requests""}",0.483
2026-10-10T22:40:50.348919Z,drivers,drivers_by_observed_driver_number,"{""driver_number"": 22, ""session_key"": 11357}",0,http_429,"{""detail"":""Rate limit exceeded. Max 30 requests/minute."",""error"":""Too Many Requests""}",0.611
2026-10-10T22:40:50.941207Z,drivers,drivers_by_observed_driver_number,"{""driver_number"": 23, ""session_key"": 11357}",0,http_429,"{""detail"":""Rate limit exceeded. Max 30 requests/minute."",""error"":""Too Many Requests""}",0.491
2026-10-10T22:40:51.534926Z,drivers,drivers_by_observed_driver_number,"{""driver_number"": 25, ""session_key"": 11357}",0,http_429,"{""detail"":""Rate limit exceeded. Max 30 requests/minute."",""error"":""Too Many Requests""}",0.492
2026-10-10T22:40:52.127036Z,drivers,drivers_by_observed_driver_number,"{""driver_number"": 27, ""session_key"": 11357}",0,http_429,"{""detail"":""Rate limit exceeded. Max 30 requests/minute."",""error"":""Too Many Requests""}",0.491
2026-10-10T22:40:52.711303Z,drivers,drivers_by_observed_driver_number,"{""driver_number"": 30, ""session_key"": 11357}",0,http_429,"{""detail"":""Rate limit exceeded. Max 30 requests/minute."",""error"":""Too Many Requests""}",0.483
2026-10-10T22:40:53.295219Z,drivers,drivers_by_observed_driver_number,"{""driver_number"": 31, ""session_key"": 11357}",0,http_429,"{""detail"":""Rate limit exceeded. Max 30 requests/minute."",""error"":""Too Many Requests""}",0.483
2026-10-10T22:40:53.878727Z,drivers,drivers_by_observed_driver_number,"{""driver_number"": 34, ""session_key"": 11357}",0,http_429,"{""detail"":""Rate limit exceeded. Max 30 requests/minute."",""error"":""Too Many Requests""}",0.482
2026-10-10T22:40:54.464104Z,drivers,drivers_by_observed_driver_number,"{""driver_number"": 36, ""session_key"": 11357}",0,http_429,"{""detail"":""Rate limit exceeded. Max 30 requests/minute."",""error"":""Too Many Requests""}",0.484
2026-10-10T22:40:55.044701Z,drivers,drivers_by_observed_driver_number,"{""driver_number"": 41, ""session_key"": 11357}",0,http_429,"{""detail"":""Rate limit exceeded. Max 30 requests/minute."",""error"":""Too Many Requests""}",0.479
2026-10-10T22:40:55.627092Z,drivers,drivers_by_observed_driver_number,"{""driver_number"": 43, ""session_key"": 11357}",0,http_429,"{""detail"":""Rate limit exceeded. Max 30 requests/minute."",""error"":""Too Many Requests""}",0.481
2026-10-10T22:40:56.212291Z,drivers,drivers_by_observed_driver_number,"{""driver_number"": 44, ""session_key"": 11357}",0,http_429,"{""detail"":""Rate limit exceeded. Max 30 requests/minute."",""error"":""Too Many Requests""}",0.484
2026-10-10T22:40:56.798729Z,drivers,drivers_by_observed_driver_number,"{""driver_number"": 46, ""session_key"": 11357}",0,http_429,"{""detail"":""Rate limit exceeded. Max 30 requests/minute."",""error"":""Too Many Requests""}",0.485
2026-10-10T22:40:57.385807Z,drivers,drivers_by_observed_driver_number,"{""driver_number"": 50, ""session_key"": 11357}",0,http_429,"{""detail"":""Rate limit exceeded. Max 30 requests/minute."",""error"":""Too Many Requests""}",0.486
2026-10-10T22:40:57.977861Z,drivers,drivers_by_observed_driver_number,"{""driver_number"": 55, ""session_key"": 11357}",0,http_429,"{""detail"":""Rate limit exceeded. Max 30 requests/minute."",""error"":""Too Many Requests""}",0.491
2026-10-10T22:40:58.563188Z,drivers,drivers_by_observed_driver_number,"{""driver_number"": 61, ""session_key"": 11357}",0,http_429,"{""detail"":""Rate limit exceeded. Max 30 requests/minute."",""error"":""Too Many Requests""}",0.484
2026-10-10T22:40:59.148011Z,drivers,drivers_by_observed_driver_number,"{""driver_number"": 63, ""session_key"": 11357}",0,http_429,"{""detail"":""Rate limit exceeded. Max 30 requests/minute."",""error"":""Too Many Requests""}",0.484
2026-10-10T22:40:59.727800Z,drivers,drivers_by_observed_driver_number,"{""driver_number"": 67, ""session_key"": 11357}",0,http_429,"{""detail"":""Rate limit exceeded. Max 30 requests/minute."",""error"":""Too Many Requests""}",0.479
2026-10-10T22:41:00.312546Z,drivers,drivers_by_observed_driver_number,"{""driver_number"": 72, ""session_key"": 11357}",0,http_404,"{""detail"":""No results found.""}",0.484
2026-10-10T22:41:00.900369Z,drivers,drivers_by_observed_driver_number,"{""driver_number"": 77, ""session_key"": 11357}",1,pass,,0.487
2026-10-10T22:41:01.491406Z,drivers,drivers_by_observed_driver_number,"{""driver_number"": 81, ""session_key"": 11357}",2,pass,,0.49
2026-10-10T22:41:02.075273Z,drivers,drivers_by_observed_driver_number,"{""driver_number"": 87, ""session_key"": 11357}",2,pass,,0.483
2026-10-10T22:41:02.658678Z,drivers,drivers_by_observed_driver_number,"{""driver_number"": 241, ""session_key"": 11357}",0,http_404,"{""detail"":""No results found.""}",0.482
2026-10-10T22:41:03.244503Z,drivers,drivers_by_observed_driver_number,"{""driver_number"": 243, ""session_key"": 11357}",0,http_404,"{""detail"":""No results found.""}",0.485
2026-10-10T22:41:03.828541Z,drivers,drivers_by_observed_driver_number,"{""driver_number"": 247, ""session_key"": 11357}",0,http_404,"{""detail"":""No results found.""}",0.483
2026-10-10T22:41:04.422966Z,team_radio,team_radio_by_session_key_opportunistic,"{""session_key"": 11357}",13,pass,,0.491
2026-10-10T22:41:05.018248Z,weather,weather_by_session_key,"{""session_key"": 11361}",176,pass,,0.493
2026-10-10T22:41:05.622069Z,race_control,race_control_by_session_key,"{""session_key"": 11361}",158,pass,,0.502
2026-10-10T22:41:07.865997Z,intervals,intervals_by_session_key,"{""session_key"": 11361}",21955,pass,,2.142
2026-10-10T22:41:08.546554Z,position,position_by_session_key,"{""session_key"": 11361}",678,pass,,0.576
2026-10-10T22:41:09.137380Z,stints,stints_by_session_key,"{""session_key"": 11361}",52,pass,,0.489
2026-10-10T22:41:09.726442Z,pit,pit_by_session_key,"{""session_key"": 11361}",30,pass,,0.487
2026-10-10T22:41:10.307155Z,starting_grid,starting_grid_by_session_key,"{""session_key"": 11361}",0,http_404,"{""detail"":""No results found.""}",0.479
2026-10-10T22:41:10.890775Z,drivers,drivers_by_session_key,"{""session_key"": 11361}",22,pass,,0.483
2026-10-10T22:41:11.479444Z,team_radio,team_radio_by_session_key_opportunistic,"{""session_key"": 11361}",24,pass,,0.487
2026-10-10T22:41:12.069320Z,weather,weather_by_session_key,"{""session_key"": 11362}",86,pass,,0.488
2026-10-10T22:41:12.660428Z,race_control,race_control_by_session_key,"{""session_key"": 11362}",98,pass,,0.49
2026-10-10T22:41:13.248102Z,intervals,intervals_by_session_key,"{""session_key"": 11362}",0,http_404,"{""detail"":""No results found.""}",0.486
2026-10-10T22:41:13.929339Z,position,position_by_session_key,"{""session_key"": 11362}",851,pass,,0.58
2026-10-10T22:41:14.538480Z,stints,stints_by_session_key,"{""session_key"": 11362}",90,pass,,0.507
2026-10-10T22:41:14.640562Z,pit,skip_non_race_like_session,"{""session_key"": 11362}",0,skipped_not_applicable,pit endpoint is only treated as required for race/sprint-like sessions,0.0
2026-10-10T22:41:15.123397Z,starting_grid,starting_grid_by_session_key,"{""session_key"": 11362}",0,http_404,"{""detail"":""No results found.""}",0.483
2026-10-10T22:41:15.714846Z,drivers,drivers_by_session_key,"{""session_key"": 11362}",22,pass,,0.49
2026-10-10T22:41:16.312046Z,team_radio,team_radio_by_session_key_opportunistic,"{""session_key"": 11362}",11,pass,,0.495
2026-10-10T22:41:16.899521Z,weather,weather_by_session_key,"{""session_key"": 11363}",85,pass,,0.485
2026-10-10T22:41:17.618312Z,race_control,race_control_by_session_key,"{""session_key"": 11363}",108,pass,,0.617
2026-10-10T22:41:18.206194Z,intervals,intervals_by_session_key,"{""session_key"": 11363}",0,http_404,"{""detail"":""No results found.""}",0.486
2026-10-10T22:41:18.818492Z,position,position_by_session_key,"{""session_key"": 11363}",593,pass,,0.511
2026-10-10T22:41:19.409390Z,stints,stints_by_session_key,"{""session_key"": 11363}",90,pass,,0.489
2026-10-10T22:41:19.511349Z,pit,skip_non_race_like_session,"{""session_key"": 11363}",0,skipped_not_applicable,pit endpoint is only treated as required for race/sprint-like sessions,0.0
2026-10-10T22:41:19.995579Z,starting_grid,starting_grid_by_session_key,"{""session_key"": 11363}",0,http_429,"{""detail"":""Rate limit exceeded. Max 30 requests/minute."",""error"":""Too Many Requests""}",0.484
2026-10-10T22:41:20.576594Z,drivers,drivers_by_session_key,"{""session_key"": 11363}",0,http_429,"{""detail"":""Rate limit exceeded. Max 30 requests/minute."",""error"":""Too Many Requests""}",0.48
2026-10-10T22:41:21.210509Z,drivers,drivers_by_observed_driver_number,"{""driver_number"": 1, ""session_key"": 11363}",0,http_429,"{""detail"":""Rate limit exceeded. Max 30 requests/minute."",""error"":""Too Many Requests""}",0.491
2026-10-10T22:41:21.796254Z,drivers,drivers_by_observed_driver_number,"{""driver_number"": 3, ""session_key"": 11363}",0,http_429,"{""detail"":""Rate limit exceeded. Max 30 requests/minute."",""error"":""Too Many Requests""}",0.485
2026-10-10T22:41:22.383221Z,drivers,drivers_by_observed_driver_number,"{""driver_number"": 5, ""session_key"": 11363}",0,http_429,"{""detail"":""Rate limit exceeded. Max 30 requests/minute."",""error"":""Too Many Requests""}",0.486
2026-10-10T22:41:22.969091Z,drivers,drivers_by_observed_driver_number,"{""driver_number"": 6, ""session_key"": 11363}",0,http_429,"{""detail"":""Rate limit exceeded. Max 30 requests/minute."",""error"":""Too Many Requests""}",0.485
2026-10-10T22:41:23.551743Z,drivers,drivers_by_observed_driver_number,"{""driver_number"": 10, ""session_key"": 11363}",0,http_429,"{""detail"":""Rate limit exceeded. Max 30 requests/minute."",""error"":""Too Many Requests""}",0.481
2026-10-10T22:41:24.131497Z,drivers,drivers_by_observed_driver_number,"{""driver_number"": 11, ""session_key"": 11363}",0,http_429,"{""detail"":""Rate limit exceeded. Max 30 requests/minute."",""error"":""Too Many Requests""}",0.478
2026-10-10T22:41:24.718056Z,drivers,drivers_by_observed_driver_number,"{""driver_number"": 12, ""session_key"": 11363}",0,http_429,"{""detail"":""Rate limit exceeded. Max 30 requests/minute."",""error"":""Too Many Requests""}",0.485
2026-10-10T22:41:25.306896Z,drivers,drivers_by_observed_driver_number,"{""driver_number"": 14, ""session_key"": 11363}",0,http_429,"{""detail"":""Rate limit exceeded. Max 30 requests/minute."",""error"":""Too Many Requests""}",0.488
2026-10-10T22:41:25.889667Z,drivers,drivers_by_observed_driver_number,"{""driver_number"": 16, ""session_key"": 11363}",0,http_429,"{""detail"":""Rate limit exceeded. Max 30 requests/minute."",""error"":""Too Many Requests""}",0.481
2026-10-10T22:41:26.473959Z,drivers,drivers_by_observed_driver_number,"{""driver_number"": 18, ""session_key"": 11363}",0,http_429,"{""detail"":""Rate limit exceeded. Max 30 requests/minute."",""error"":""Too Many Requests""}",0.483
2026-10-10T22:41:27.069310Z,drivers,drivers_by_observed_driver_number,"{""driver_number"": 22, ""session_key"": 11363}",0,http_429,"{""detail"":""Rate limit exceeded. Max 30 requests/minute."",""error"":""Too Many Requests""}",0.494
2026-10-10T22:41:27.660279Z,drivers,drivers_by_observed_driver_number,"{""driver_number"": 23, ""session_key"": 11363}",0,http_429,"{""detail"":""Rate limit exceeded. Max 30 requests/minute."",""error"":""Too Many Requests""}",0.49
2026-10-10T22:41:28.246060Z,drivers,drivers_by_observed_driver_number,"{""driver_number"": 25, ""session_key"": 11363}",0,http_429,"{""detail"":""Rate limit exceeded. Max 30 requests/minute."",""error"":""Too Many Requests""}",0.485
2026-10-10T22:41:28.832440Z,drivers,drivers_by_observed_driver_number,"{""driver_number"": 27, ""session_key"": 11363}",0,http_429,"{""detail"":""Rate limit exceeded. Max 30 requests/minute."",""error"":""Too Many Requests""}",0.485
2026-10-10T22:41:29.419217Z,drivers,drivers_by_observed_driver_number,"{""driver_number"": 30, ""session_key"": 11363}",0,http_429,"{""detail"":""Rate limit exceeded. Max 30 requests/minute."",""error"":""Too Many Requests""}",0.485
2026-10-10T22:41:30.001519Z,drivers,drivers_by_observed_driver_number,"{""driver_number"": 31, ""session_key"": 11363}",0,http_429,"{""detail"":""Rate limit exceeded. Max 30 requests/minute."",""error"":""Too Many Requests""}",0.481
2026-10-10T22:41:30.582099Z,drivers,drivers_by_observed_driver_number,"{""driver_number"": 34, ""session_key"": 11363}",0,http_429,"{""detail"":""Rate limit exceeded. Max 30 requests/minute."",""error"":""Too Many Requests""}",0.479
2026-10-10T22:41:31.167773Z,drivers,drivers_by_observed_driver_number,"{""driver_number"": 36, ""session_key"": 11363}",0,http_429,"{""detail"":""Rate limit exceeded. Max 30 requests/minute."",""error"":""Too Many Requests""}",0.484
2026-10-10T22:41:31.750717Z,drivers,drivers_by_observed_driver_number,"{""driver_number"": 41, ""session_key"": 11363}",0,http_429,"{""detail"":""Rate limit exceeded. Max 30 requests/minute."",""error"":""Too Many Requests""}",0.482
2026-10-10T22:41:32.331032Z,drivers,drivers_by_observed_driver_number,"{""driver_number"": 43, ""session_key"": 11363}",0,http_429,"{""detail"":""Rate limit exceeded. Max 30 requests/minute."",""error"":""Too Many Requests""}",0.479
2026-10-10T22:41:32.913954Z,drivers,drivers_by_observed_driver_number,"{""driver_number"": 44, ""session_key"": 11363}",0,http_429,"{""detail"":""Rate limit exceeded. Max 30 requests/minute."",""error"":""Too Many Requests""}",0.482
2026-10-10T22:41:33.500224Z,drivers,drivers_by_observed_driver_number,"{""driver_number"": 46, ""session_key"": 11363}",0,http_429,"{""detail"":""Rate limit exceeded. Max 30 requests/minute."",""error"":""Too Many Requests""}",0.485
2026-10-10T22:41:34.093432Z,drivers,drivers_by_observed_driver_number,"{""driver_number"": 50, ""session_key"": 11363}",0,http_429,"{""detail"":""Rate limit exceeded. Max 30 requests/minute."",""error"":""Too Many Requests""}",0.492
2026-10-10T22:41:34.681391Z,drivers,drivers_by_observed_driver_number,"{""driver_number"": 55, ""session_key"": 11363}",0,http_429,"{""detail"":""Rate limit exceeded. Max 30 requests/minute."",""error"":""Too Many Requests""}",0.487
2026-10-10T22:41:35.261806Z,drivers,drivers_by_observed_driver_number,"{""driver_number"": 61, ""session_key"": 11363}",0,http_429,"{""detail"":""Rate limit exceeded. Max 30 requests/minute."",""error"":""Too Many Requests""}",0.479
2026-10-10T22:41:35.847114Z,drivers,drivers_by_observed_driver_number,"{""driver_number"": 63, ""session_key"": 11363}",0,http_429,"{""detail"":""Rate limit exceeded. Max 30 requests/minute."",""error"":""Too Many Requests""}",0.484
2026-10-10T22:41:36.430518Z,drivers,drivers_by_observed_driver_number,"{""driver_number"": 67, ""session_key"": 11363}",0,http_429,"{""detail"":""Rate limit exceeded. Max 30 requests/minute."",""error"":""Too Many Requests""}",0.482
2026-10-10T22:41:37.011653Z,drivers,drivers_by_observed_driver_number,"{""driver_number"": 72, ""session_key"": 11363}",0,http_429,"{""detail"":""Rate limit exceeded. Max 30 requests/minute."",""error"":""Too Many Requests""}",0.48
2026-10-10T22:41:37.597640Z,drivers,drivers_by_observed_driver_number,"{""driver_number"": 77, ""session_key"": 11363}",0,http_429,"{""detail"":""Rate limit exceeded. Max 30 requests/minute."",""error"":""Too Many Requests""}",0.485
2026-10-10T22:41:38.182079Z,drivers,drivers_by_observed_driver_number,"{""driver_number"": 81, ""session_key"": 11363}",0,http_429,"{""detail"":""Rate limit exceeded. Max 30 requests/minute."",""error"":""Too Many Requests""}",0.483
2026-10-10T22:41:38.763486Z,drivers,drivers_by_observed_driver_number,"{""driver_number"": 87, ""session_key"": 11363}",0,http_429,"{""detail"":""Rate limit exceeded. Max 30 requests/minute."",""error"":""Too Many Requests""}",0.48
2026-10-10T22:41:39.346758Z,drivers,drivers_by_observed_driver_number,"{""driver_number"": 241, ""session_key"": 11363}",0,http_429,"{""detail"":""Rate limit exceeded. Max 30 requests/minute."",""error"":""Too Many Requests""}",0.482
2026-10-10T22:41:39.932343Z,drivers,drivers_by_observed_driver_number,"{""driver_number"": 243, ""session_key"": 11363}",0,http_429,"{""detail"":""Rate limit exceeded. Max 30 requests/minute."",""error"":""Too Many Requests""}",0.484
2026-10-10T22:41:40.524918Z,drivers,drivers_by_observed_driver_number,"{""driver_number"": 247, ""session_key"": 11363}",0,http_429,"{""detail"":""Rate limit exceeded. Max 30 requests/minute."",""error"":""Too Many Requests""}",0.491
2026-10-10T22:41:41.110232Z,team_radio,team_radio_by_session_key_opportunistic,"{""session_key"": 11363}",0,http_429,"{""detail"":""Rate limit exceeded. Max 30 requests/minute."",""error"":""Too Many Requests""}",0.484
2026-10-10T22:41:41.689591Z,weather,weather_by_session_key,"{""session_key"": 11364}",0,http_429,"{""detail"":""Rate limit exceeded. Max 30 requests/minute."",""error"":""Too Many Requests""}",0.478
2026-10-10T22:41:42.273560Z,race_control,race_control_by_session_key,"{""session_key"": 11364}",0,http_429,"{""detail"":""Rate limit exceeded. Max 30 requests/minute."",""error"":""Too Many Requests""}",0.483
2026-10-10T22:41:42.855030Z,intervals,intervals_by_session_key,"{""session_key"": 11364}",0,http_429,"{""detail"":""Rate limit exceeded. Max 30 requests/minute."",""error"":""Too Many Requests""}",0.481
2026-10-10T22:41:43.434781Z,position,position_by_session_key,"{""session_key"": 11364}",0,http_429,"{""detail"":""Rate limit exceeded. Max 30 requests/minute."",""error"":""Too Many Requests""}",0.478
2026-10-10T22:41:44.021544Z,position,position_by_meeting_key_fallback,"{""meeting_key"": 1294}",0,http_429,"{""detail"":""Rate limit exceeded. Max 30 requests/minute."",""error"":""Too Many Requests""}",0.485
2026-10-10T22:41:44.604222Z,stints,stints_by_session_key,"{""session_key"": 11364}",0,http_429,"{""detail"":""Rate limit exceeded. Max 30 requests/minute."",""error"":""Too Many Requests""}",0.481
2026-10-10T22:41:44.705620Z,pit,skip_non_race_like_session,"{""session_key"": 11364}",0,skipped_not_applicable,pit endpoint is only treated as required for race/sprint-like sessions,0.0
2026-10-10T22:41:45.186257Z,starting_grid,starting_grid_by_session_key,"{""session_key"": 11364}",0,http_429,"{""detail"":""Rate limit exceeded. Max 30 requests/minute."",""error"":""Too Many Requests""}",0.48
2026-10-10T22:41:45.770046Z,drivers,drivers_by_session_key,"{""session_key"": 11364}",0,http_429,"{""detail"":""Rate limit exceeded. Max 30 requests/minute."",""error"":""Too Many Requests""}",0.482
2026-10-10T22:41:46.401255Z,drivers,drivers_by_observed_driver_number,"{""driver_number"": 1, ""session_key"": 11364}",0,http_429,"{""detail"":""Rate limit exceeded. Max 30 requests/minute."",""error"":""Too Many Requests""}",0.487
2026-10-10T22:41:46.981822Z,drivers,drivers_by_observed_driver_number,"{""driver_number"": 3, ""session_key"": 11364}",0,http_429,"{""detail"":""Rate limit exceeded. Max 30 requests/minute."",""error"":""Too Many Requests""}",0.479
2026-10-10T22:41:47.567924Z,drivers,drivers_by_observed_driver_number,"{""driver_number"": 5, ""session_key"": 11364}",0,http_429,"{""detail"":""Rate limit exceeded. Max 30 requests/minute."",""error"":""Too Many Requests""}",0.485
2026-10-10T22:41:48.161209Z,drivers,drivers_by_observed_driver_number,"{""driver_number"": 6, ""session_key"": 11364}",0,http_429,"{""detail"":""Rate limit exceeded. Max 30 requests/minute."",""error"":""Too Many Requests""}",0.492
2026-10-10T22:41:48.748234Z,drivers,drivers_by_observed_driver_number,"{""driver_number"": 10, ""session_key"": 11364}",0,http_429,"{""detail"":""Rate limit exceeded. Max 30 requests/minute."",""error"":""Too Many Requests""}",0.486
2026-10-10T22:41:49.332279Z,drivers,drivers_by_observed_driver_number,"{""driver_number"": 11, ""session_key"": 11364}",0,http_429,"{""detail"":""Rate limit exceeded. Max 30 requests/minute."",""error"":""Too Many Requests""}",0.483
2026-10-10T22:41:49.913453Z,drivers,drivers_by_observed_driver_number,"{""driver_number"": 12, ""session_key"": 11364}",0,http_429,"{""detail"":""Rate limit exceeded. Max 30 requests/minute."",""error"":""Too Many Requests""}",0.48
2026-10-10T22:41:50.499947Z,drivers,drivers_by_observed_driver_number,"{""driver_number"": 14, ""session_key"": 11364}",0,http_429,"{""detail"":""Rate limit exceeded. Max 30 requests/minute."",""error"":""Too Many Requests""}",0.485
2026-10-10T22:41:51.093048Z,drivers,drivers_by_observed_driver_number,"{""driver_number"": 16, ""session_key"": 11364}",0,http_429,"{""detail"":""Rate limit exceeded. Max 30 requests/minute."",""error"":""Too Many Requests""}",0.492
2026-10-10T22:41:51.677027Z,drivers,drivers_by_observed_driver_number,"{""driver_number"": 18, ""session_key"": 11364}",0,http_429,"{""detail"":""Rate limit exceeded. Max 30 requests/minute."",""error"":""Too Many Requests""}",0.483
2026-10-10T22:41:52.263561Z,drivers,drivers_by_observed_driver_number,"{""driver_number"": 22, ""session_key"": 11364}",0,http_429,"{""detail"":""Rate limit exceeded. Max 30 requests/minute."",""error"":""Too Many Requests""}",0.485
2026-10-10T22:41:52.846883Z,drivers,drivers_by_observed_driver_number,"{""driver_number"": 23, ""session_key"": 11364}",0,http_429,"{""detail"":""Rate limit exceeded. Max 30 requests/minute."",""error"":""Too Many Requests""}",0.482
2026-10-10T22:41:53.434782Z,drivers,drivers_by_observed_driver_number,"{""driver_number"": 25, ""session_key"": 11364}",0,http_429,"{""detail"":""Rate limit exceeded. Max 30 requests/minute."",""error"":""Too Many Requests""}",0.486
2026-10-10T22:41:54.024158Z,drivers,drivers_by_observed_driver_number,"{""driver_number"": 27, ""session_key"": 11364}",0,http_429,"{""detail"":""Rate limit exceeded. Max 30 requests/minute."",""error"":""Too Many Requests""}",0.488
2026-10-10T22:41:54.607118Z,drivers,drivers_by_observed_driver_number,"{""driver_number"": 30, ""session_key"": 11364}",0,http_429,"{""detail"":""Rate limit exceeded. Max 30 requests/minute."",""error"":""Too Many Requests""}",0.482
2026-10-10T22:41:55.193750Z,drivers,drivers_by_observed_driver_number,"{""driver_number"": 31, ""session_key"": 11364}",0,http_429,"{""detail"":""Rate limit exceeded. Max 30 requests/minute."",""error"":""Too Many Requests""}",0.485
2026-10-10T22:41:55.776165Z,drivers,drivers_by_observed_driver_number,"{""driver_number"": 34, ""session_key"": 11364}",0,http_429,"{""detail"":""Rate limit exceeded. Max 30 requests/minute."",""error"":""Too Many Requests""}",0.481
2026-10-10T22:41:56.357938Z,drivers,drivers_by_observed_driver_number,"{""driver_number"": 36, ""session_key"": 11364}",0,http_429,"{""detail"":""Rate limit exceeded. Max 30 requests/minute."",""error"":""Too Many Requests""}",0.48
2026-10-10T22:41:56.944532Z,drivers,drivers_by_observed_driver_number,"{""driver_number"": 41, ""session_key"": 11364}",0,http_429,"{""detail"":""Rate limit exceeded. Max 30 requests/minute."",""error"":""Too Many Requests""}",0.485
2026-10-10T22:41:57.538702Z,drivers,drivers_by_observed_driver_number,"{""driver_number"": 43, ""session_key"": 11364}",0,http_429,"{""detail"":""Rate limit exceeded. Max 30 requests/minute."",""error"":""Too Many Requests""}",0.493
2026-10-10T22:41:58.138529Z,drivers,drivers_by_observed_driver_number,"{""driver_number"": 44, ""session_key"": 11364}",0,http_429,"{""detail"":""Rate limit exceeded. Max 30 requests/minute."",""error"":""Too Many Requests""}",0.498
2026-10-10T22:41:58.720923Z,drivers,drivers_by_observed_driver_number,"{""driver_number"": 46, ""session_key"": 11364}",0,http_429,"{""detail"":""Rate limit exceeded. Max 30 requests/minute."",""error"":""Too Many Requests""}",0.481
2026-10-10T22:41:59.303060Z,drivers,drivers_by_observed_driver_number,"{""driver_number"": 50, ""session_key"": 11364}",0,http_429,"{""detail"":""Rate limit exceeded. Max 30 requests/minute."",""error"":""Too Many Requests""}",0.481
2026-10-10T22:41:59.889043Z,drivers,drivers_by_observed_driver_number,"{""driver_number"": 55, ""session_key"": 11364}",0,http_429,"{""detail"":""Rate limit exceeded. Max 30 requests/minute."",""error"":""Too Many Requests""}",0.485
2026-10-10T22:42:00.470685Z,drivers,drivers_by_observed_driver_number,"{""driver_number"": 61, ""session_key"": 11364}",0,http_404,"{""detail"":""No results found.""}",0.48
2026-10-10T22:42:01.185117Z,drivers,drivers_by_observed_driver_number,"{""driver_number"": 63, ""session_key"": 11364}",1,pass,,0.613
2026-10-10T22:42:01.771970Z,drivers,drivers_by_observed_driver_number,"{""driver_number"": 67, ""session_key"": 11364}",0,http_404,"{""detail"":""No results found.""}",0.486
2026-10-10T22:42:02.357542Z,drivers,drivers_by_observed_driver_number,"{""driver_number"": 72, ""session_key"": 11364}",0,http_404,"{""detail"":""No results found.""}",0.484
2026-10-10T22:42:02.940208Z,drivers,drivers_by_observed_driver_number,"{""driver_number"": 77, ""session_key"": 11364}",1,pass,,0.481
2026-10-10T22:42:03.527883Z,drivers,drivers_by_observed_driver_number,"{""driver_number"": 81, ""session_key"": 11364}",1,pass,,0.486
2026-10-10T22:42:04.115314Z,drivers,drivers_by_observed_driver_number,"{""driver_number"": 87, ""session_key"": 11364}",1,pass,,0.486
2026-10-10T22:42:04.710589Z,drivers,drivers_by_observed_driver_number,"{""driver_number"": 241, ""session_key"": 11364}",0,http_404,"{""detail"":""No results found.""}",0.494
2026-10-10T22:42:05.292647Z,drivers,drivers_by_observed_driver_number,"{""driver_number"": 243, ""session_key"": 11364}",0,http_404,"{""detail"":""No results found.""}",0.481
2026-10-10T22:42:05.880164Z,drivers,drivers_by_observed_driver_number,"{""driver_number"": 247, ""session_key"": 11364}",0,http_404,"{""detail"":""No results found.""}",0.486
2026-10-10T22:42:06.471212Z,team_radio,team_radio_by_session_key_opportunistic,"{""session_key"": 11364}",6,pass,,0.487
2026-10-10T22:42:07.059587Z,weather,weather_by_session_key,"{""session_key"": 11365}",78,pass,,0.486
2026-10-10T22:42:07.662184Z,race_control,race_control_by_session_key,"{""session_key"": 11365}",141,pass,,0.5
2026-10-10T22:42:08.246772Z,intervals,intervals_by_session_key,"{""session_key"": 11365}",0,http_404,"{""detail"":""No results found.""}",0.482
2026-10-10T22:42:08.869779Z,position,position_by_session_key,"{""session_key"": 11365}",953,pass,,0.522
2026-10-10T22:42:09.466875Z,stints,stints_by_session_key,"{""session_key"": 11365}",94,pass,,0.495
2026-10-10T22:42:09.569133Z,pit,skip_non_race_like_session,"{""session_key"": 11365}",0,skipped_not_applicable,pit endpoint is only treated as required for race/sprint-like sessions,0.0
2026-10-10T22:42:10.056497Z,starting_grid,starting_grid_by_session_key,"{""session_key"": 11365}",22,pass,,0.487
2026-10-10T22:42:10.643558Z,drivers,drivers_by_session_key,"{""session_key"": 11365}",22,pass,,0.485
2026-10-10T22:42:11.226292Z,team_radio,team_radio_by_session_key_opportunistic,"{""session_key"": 11365}",15,pass,,0.481
2026-10-10T22:42:11.823472Z,weather,weather_by_session_key,"{""session_key"": 11369}",161,pass,,0.495
2026-10-10T22:42:12.422561Z,race_control,race_control_by_session_key,"{""session_key"": 11369}",185,pass,,0.497
2026-10-10T22:42:14.857591Z,intervals,intervals_by_session_key,"{""session_key"": 11369}",26935,pass,,2.333
2026-10-10T22:42:15.454381Z,position,position_by_session_key,"{""session_key"": 11369}",254,pass,,0.49
2026-10-10T22:42:16.044019Z,stints,stints_by_session_key,"{""session_key"": 11369}",47,pass,,0.488
2026-10-10T22:42:16.636267Z,pit,pit_by_session_key,"{""session_key"": 11369}",25,pass,,0.49
2026-10-10T22:42:17.224563Z,starting_grid,starting_grid_by_session_key,"{""session_key"": 11369}",0,http_404,"{""detail"":""No results found.""}",0.487
2026-10-10T22:42:17.813467Z,drivers,drivers_by_session_key,"{""session_key"": 11369}",22,pass,,0.488
2026-10-10T22:42:18.394984Z,team_radio,team_radio_by_session_key_opportunistic,"{""session_key"": 11369}",26,pass,,0.48
2026-10-10T22:42:18.987205Z,weather,weather_by_session_key,"{""session_key"": 11370}",75,pass,,0.49
2026-10-10T22:42:19.581152Z,race_control,race_control_by_session_key,"{""session_key"": 11370}",88,pass,,0.492
2026-10-10T22:42:20.162681Z,intervals,intervals_by_session_key,"{""session_key"": 11370}",0,http_429,"{""detail"":""Rate limit exceeded. Max 30 requests/minute."",""error"":""Too Many Requests""}",0.48
2026-10-10T22:42:20.749407Z,position,position_by_session_key,"{""session_key"": 11370}",0,http_429,"{""detail"":""Rate limit exceeded. Max 30 requests/minute."",""error"":""Too Many Requests""}",0.486
2026-10-10T22:42:21.329507Z,position,position_by_meeting_key_fallback,"{""meeting_key"": 1295}",0,http_429,"{""detail"":""Rate limit exceeded. Max 30 requests/minute."",""error"":""Too Many Requests""}",0.479
2026-10-10T22:42:21.911596Z,stints,stints_by_session_key,"{""session_key"": 11370}",0,http_429,"{""detail"":""Rate limit exceeded. Max 30 requests/minute."",""error"":""Too Many Requests""}",0.481
2026-10-10T22:42:22.012872Z,pit,skip_non_race_like_session,"{""session_key"": 11370}",0,skipped_not_applicable,pit endpoint is only treated as required for race/sprint-like sessions,0.0
2026-10-10T22:42:22.496822Z,starting_grid,starting_grid_by_session_key,"{""session_key"": 11370}",0,http_429,"{""detail"":""Rate limit exceeded. Max 30 requests/minute."",""error"":""Too Many Requests""}",0.484
2026-10-10T22:42:23.087522Z,drivers,drivers_by_session_key,"{""session_key"": 11370}",0,http_429,"{""detail"":""Rate limit exceeded. Max 30 requests/minute."",""error"":""Too Many Requests""}",0.489
2026-10-10T22:42:23.715129Z,drivers,drivers_by_observed_driver_number,"{""driver_number"": 1, ""session_key"": 11370}",0,http_429,"{""detail"":""Rate limit exceeded. Max 30 requests/minute."",""error"":""Too Many Requests""}",0.481
2026-10-10T22:42:24.304601Z,drivers,drivers_by_observed_driver_number,"{""driver_number"": 3, ""session_key"": 11370}",0,http_429,"{""detail"":""Rate limit exceeded. Max 30 requests/minute."",""error"":""Too Many Requests""}",0.488
2026-10-10T22:42:24.888138Z,drivers,drivers_by_observed_driver_number,"{""driver_number"": 5, ""session_key"": 11370}",0,http_429,"{""detail"":""Rate limit exceeded. Max 30 requests/minute."",""error"":""Too Many Requests""}",0.482
2026-10-10T22:42:25.471059Z,drivers,drivers_by_observed_driver_number,"{""driver_number"": 6, ""session_key"": 11370}",0,http_429,"{""detail"":""Rate limit exceeded. Max 30 requests/minute."",""error"":""Too Many Requests""}",0.482
2026-10-10T22:42:26.052516Z,drivers,drivers_by_observed_driver_number,"{""driver_number"": 10, ""session_key"": 11370}",0,http_429,"{""detail"":""Rate limit exceeded. Max 30 requests/minute."",""error"":""Too Many Requests""}",0.48
2026-10-10T22:42:26.640510Z,drivers,drivers_by_observed_driver_number,"{""driver_number"": 11, ""session_key"": 11370}",0,http_429,"{""detail"":""Rate limit exceeded. Max 30 requests/minute."",""error"":""Too Many Requests""}",0.487
2026-10-10T22:42:27.224581Z,drivers,drivers_by_observed_driver_number,"{""driver_number"": 12, ""session_key"": 11370}",0,http_429,"{""detail"":""Rate limit exceeded. Max 30 requests/minute."",""error"":""Too Many Requests""}",0.483
2026-10-10T22:42:27.808935Z,drivers,drivers_by_observed_driver_number,"{""driver_number"": 14, ""session_key"": 11370}",0,http_429,"{""detail"":""Rate limit exceeded. Max 30 requests/minute."",""error"":""Too Many Requests""}",0.483
2026-10-10T22:42:28.408788Z,drivers,drivers_by_observed_driver_number,"{""driver_number"": 16, ""session_key"": 11370}",0,http_429,"{""detail"":""Rate limit exceeded. Max 30 requests/minute."",""error"":""Too Many Requests""}",0.498
2026-10-10T22:42:28.995069Z,drivers,drivers_by_observed_driver_number,"{""driver_number"": 18, ""session_key"": 11370}",0,http_429,"{""detail"":""Rate limit exceeded. Max 30 requests/minute."",""error"":""Too Many Requests""}",0.485
2026-10-10T22:42:29.584441Z,drivers,drivers_by_observed_driver_number,"{""driver_number"": 22, ""session_key"": 11370}",0,http_429,"{""detail"":""Rate limit exceeded. Max 30 requests/minute."",""error"":""Too Many Requests""}",0.488
2026-10-10T22:42:30.166814Z,drivers,drivers_by_observed_driver_number,"{""driver_number"": 23, ""session_key"": 11370}",0,http_429,"{""detail"":""Rate limit exceeded. Max 30 requests/minute."",""error"":""Too Many Requests""}",0.481
2026-10-10T22:42:30.752030Z,drivers,drivers_by_observed_driver_number,"{""driver_number"": 25, ""session_key"": 11370}",0,http_429,"{""detail"":""Rate limit exceeded. Max 30 requests/minute."",""error"":""Too Many Requests""}",0.484
2026-10-10T22:42:31.335289Z,drivers,drivers_by_observed_driver_number,"{""driver_number"": 27, ""session_key"": 11370}",0,http_429,"{""detail"":""Rate limit exceeded. Max 30 requests/minute."",""error"":""Too Many Requests""}",0.482
2026-10-10T22:42:31.916323Z,drivers,drivers_by_observed_driver_number,"{""driver_number"": 30, ""session_key"": 11370}",0,http_429,"{""detail"":""Rate limit exceeded. Max 30 requests/minute."",""error"":""Too Many Requests""}",0.48
2026-10-10T22:42:32.497968Z,drivers,drivers_by_observed_driver_number,"{""driver_number"": 31, ""session_key"": 11370}",0,http_429,"{""detail"":""Rate limit exceeded. Max 30 requests/minute."",""error"":""Too Many Requests""}",0.48
2026-10-10T22:42:33.084519Z,drivers,drivers_by_observed_driver_number,"{""driver_number"": 34, ""session_key"": 11370}",0,http_429,"{""detail"":""Rate limit exceeded. Max 30 requests/minute."",""error"":""Too Many Requests""}",0.485
2026-10-10T22:42:33.668547Z,drivers,drivers_by_observed_driver_number,"{""driver_number"": 36, ""session_key"": 11370}",0,http_429,"{""detail"":""Rate limit exceeded. Max 30 requests/minute."",""error"":""Too Many Requests""}",0.483
2026-10-10T22:42:34.250706Z,drivers,drivers_by_observed_driver_number,"{""driver_number"": 41, ""session_key"": 11370}",0,http_429,"{""detail"":""Rate limit exceeded. Max 30 requests/minute."",""error"":""Too Many Requests""}",0.481
2026-10-10T22:42:34.835337Z,drivers,drivers_by_observed_driver_number,"{""driver_number"": 43, ""session_key"": 11370}",0,http_429,"{""detail"":""Rate limit exceeded. Max 30 requests/minute."",""error"":""Too Many Requests""}",0.483
2026-10-10T22:42:35.423022Z,drivers,drivers_by_observed_driver_number,"{""driver_number"": 44, ""session_key"": 11370}",0,http_429,"{""detail"":""Rate limit exceeded. Max 30 requests/minute."",""error"":""Too Many Requests""}",0.486
2026-10-10T22:42:36.009186Z,drivers,drivers_by_observed_driver_number,"{""driver_number"": 46, ""session_key"": 11370}",0,http_429,"{""detail"":""Rate limit exceeded. Max 30 requests/minute."",""error"":""Too Many Requests""}",0.485
2026-10-10T22:42:36.592138Z,drivers,drivers_by_observed_driver_number,"{""driver_number"": 50, ""session_key"": 11370}",0,http_429,"{""detail"":""Rate limit exceeded. Max 30 requests/minute."",""error"":""Too Many Requests""}",0.482
2026-10-10T22:42:37.177774Z,drivers,drivers_by_observed_driver_number,"{""driver_number"": 55, ""session_key"": 11370}",0,http_429,"{""detail"":""Rate limit exceeded. Max 30 requests/minute."",""error"":""Too Many Requests""}",0.484
2026-10-10T22:42:37.760490Z,drivers,drivers_by_observed_driver_number,"{""driver_number"": 61, ""session_key"": 11370}",0,http_429,"{""detail"":""Rate limit exceeded. Max 30 requests/minute."",""error"":""Too Many Requests""}",0.481
2026-10-10T22:42:38.343274Z,drivers,drivers_by_observed_driver_number,"{""driver_number"": 63, ""session_key"": 11370}",0,http_429,"{""detail"":""Rate limit exceeded. Max 30 requests/minute."",""error"":""Too Many Requests""}",0.481
2026-10-10T22:42:38.923497Z,drivers,drivers_by_observed_driver_number,"{""driver_number"": 67, ""session_key"": 11370}",0,http_429,"{""detail"":""Rate limit exceeded. Max 30 requests/minute."",""error"":""Too Many Requests""}",0.479
2026-10-10T22:42:39.512150Z,drivers,drivers_by_observed_driver_number,"{""driver_number"": 72, ""session_key"": 11370}",0,http_429,"{""detail"":""Rate limit exceeded. Max 30 requests/minute."",""error"":""Too Many Requests""}",0.487
2026-10-10T22:42:40.095626Z,drivers,drivers_by_observed_driver_number,"{""driver_number"": 77, ""session_key"": 11370}",0,http_429,"{""detail"":""Rate limit exceeded. Max 30 requests/minute."",""error"":""Too Many Requests""}",0.482
2026-10-10T22:42:40.677119Z,drivers,drivers_by_observed_driver_number,"{""driver_number"": 81, ""session_key"": 11370}",0,http_429,"{""detail"":""Rate limit exceeded. Max 30 requests/minute."",""error"":""Too Many Requests""}",0.48
2026-10-10T22:42:41.261360Z,drivers,drivers_by_observed_driver_number,"{""driver_number"": 87, ""session_key"": 11370}",0,http_429,"{""detail"":""Rate limit exceeded. Max 30 requests/minute."",""error"":""Too Many Requests""}",0.483
2026-10-10T22:42:41.848441Z,drivers,drivers_by_observed_driver_number,"{""driver_number"": 241, ""session_key"": 11370}",0,http_429,"{""detail"":""Rate limit exceeded. Max 30 requests/minute."",""error"":""Too Many Requests""}",0.486
2026-10-10T22:42:42.434502Z,drivers,drivers_by_observed_driver_number,"{""driver_number"": 243, ""session_key"": 11370}",0,http_429,"{""detail"":""Rate limit exceeded. Max 30 requests/minute."",""error"":""Too Many Requests""}",0.485
2026-10-10T22:42:43.019598Z,drivers,drivers_by_observed_driver_number,"{""driver_number"": 247, ""session_key"": 11370}",0,http_429,"{""detail"":""Rate limit exceeded. Max 30 requests/minute."",""error"":""Too Many Requests""}",0.484
2026-10-10T22:42:43.603314Z,team_radio,team_radio_by_session_key_opportunistic,"{""session_key"": 11370}",0,http_429,"{""detail"":""Rate limit exceeded. Max 30 requests/minute."",""error"":""Too Many Requests""}",0.482
2026-10-10T22:42:44.184695Z,weather,weather_by_session_key,"{""session_key"": 11371}",0,http_429,"{""detail"":""Rate limit exceeded. Max 30 requests/minute."",""error"":""Too Many Requests""}",0.48
2026-10-10T22:42:44.766318Z,race_control,race_control_by_session_key,"{""session_key"": 11371}",0,http_429,"{""detail"":""Rate limit exceeded. Max 30 requests/minute."",""error"":""Too Many Requests""}",0.48
2026-10-10T22:42:45.349636Z,intervals,intervals_by_session_key,"{""session_key"": 11371}",0,http_429,"{""detail"":""Rate limit exceeded. Max 30 requests/minute."",""error"":""Too Many Requests""}",0.482
2026-10-10T22:42:45.944908Z,position,position_by_session_key,"{""session_key"": 11371}",0,http_429,"{""detail"":""Rate limit exceeded. Max 30 requests/minute."",""error"":""Too Many Requests""}",0.494
2026-10-10T22:42:46.527411Z,position,position_by_meeting_key_fallback,"{""meeting_key"": 1295}",0,http_429,"{""detail"":""Rate limit exceeded. Max 30 requests/minute."",""error"":""Too Many Requests""}",0.481
2026-10-10T22:42:47.107586Z,stints,stints_by_session_key,"{""session_key"": 11371}",0,http_429,"{""detail"":""Rate limit exceeded. Max 30 requests/minute."",""error"":""Too Many Requests""}",0.479
2026-10-10T22:42:47.209133Z,pit,skip_non_race_like_session,"{""session_key"": 11371}",0,skipped_not_applicable,pit endpoint is only treated as required for race/sprint-like sessions,0.0
2026-10-10T22:42:47.689783Z,starting_grid,starting_grid_by_session_key,"{""session_key"": 11371}",0,http_429,"{""detail"":""Rate limit exceeded. Max 30 requests/minute."",""error"":""Too Many Requests""}",0.48
2026-10-10T22:42:48.281361Z,drivers,drivers_by_session_key,"{""session_key"": 11371}",0,http_429,"{""detail"":""Rate limit exceeded. Max 30 requests/minute."",""error"":""Too Many Requests""}",0.49
2026-10-10T22:42:48.913716Z,drivers,drivers_by_observed_driver_number,"{""driver_number"": 1, ""session_key"": 11371}",0,http_429,"{""detail"":""Rate limit exceeded. Max 30 requests/minute."",""error"":""Too Many Requests""}",0.485
2026-10-10T22:42:49.498281Z,drivers,drivers_by_observed_driver_number,"{""driver_number"": 3, ""session_key"": 11371}",0,http_429,"{""detail"":""Rate limit exceeded. Max 30 requests/minute."",""error"":""Too Many Requests""}",0.483
2026-10-10T22:42:50.081893Z,drivers,drivers_by_observed_driver_number,"{""driver_number"": 5, ""session_key"": 11371}",0,http_429,"{""detail"":""Rate limit exceeded. Max 30 requests/minute."",""error"":""Too Many Requests""}",0.482
2026-10-10T22:42:50.662201Z,drivers,drivers_by_observed_driver_number,"{""driver_number"": 6, ""session_key"": 11371}",0,http_429,"{""detail"":""Rate limit exceeded. Max 30 requests/minute."",""error"":""Too Many Requests""}",0.479
2026-10-10T22:42:51.242512Z,drivers,drivers_by_observed_driver_number,"{""driver_number"": 10, ""session_key"": 11371}",0,http_429,"{""detail"":""Rate limit exceeded. Max 30 requests/minute."",""error"":""Too Many Requests""}",0.479
2026-10-10T22:42:51.823377Z,drivers,drivers_by_observed_driver_number,"{""driver_number"": 11, ""session_key"": 11371}",0,http_429,"{""detail"":""Rate limit exceeded. Max 30 requests/minute."",""error"":""Too Many Requests""}",0.48
2026-10-10T22:42:52.406316Z,drivers,drivers_by_observed_driver_number,"{""driver_number"": 12, ""session_key"": 11371}",0,http_429,"{""detail"":""Rate limit exceeded. Max 30 requests/minute."",""error"":""Too Many Requests""}",0.482
2026-10-10T22:42:52.989799Z,drivers,drivers_by_observed_driver_number,"{""driver_number"": 14, ""session_key"": 11371}",0,http_429,"{""detail"":""Rate limit exceeded. Max 30 requests/minute."",""error"":""Too Many Requests""}",0.482
2026-10-10T22:42:53.571352Z,drivers,drivers_by_observed_driver_number,"{""driver_number"": 16, ""session_key"": 11371}",0,http_429,"{""detail"":""Rate limit exceeded. Max 30 requests/minute."",""error"":""Too Many Requests""}",0.48
2026-10-10T22:42:54.155184Z,drivers,drivers_by_observed_driver_number,"{""driver_number"": 18, ""session_key"": 11371}",0,http_429,"{""detail"":""Rate limit exceeded. Max 30 requests/minute."",""error"":""Too Many Requests""}",0.482
2026-10-10T22:42:54.740316Z,drivers,drivers_by_observed_driver_number,"{""driver_number"": 22, ""session_key"": 11371}",0,http_429,"{""detail"":""Rate limit exceeded. Max 30 requests/minute."",""error"":""Too Many Requests""}",0.484
2026-10-10T22:42:55.325352Z,drivers,drivers_by_observed_driver_number,"{""driver_number"": 23, ""session_key"": 11371}",0,http_429,"{""detail"":""Rate limit exceeded. Max 30 requests/minute."",""error"":""Too Many Requests""}",0.484
2026-10-10T22:42:55.909096Z,drivers,drivers_by_observed_driver_number,"{""driver_number"": 25, ""session_key"": 11371}",0,http_429,"{""detail"":""Rate limit exceeded. Max 30 requests/minute."",""error"":""Too Many Requests""}",0.482
2026-10-10T22:42:56.493797Z,drivers,drivers_by_observed_driver_number,"{""driver_number"": 27, ""session_key"": 11371}",0,http_429,"{""detail"":""Rate limit exceeded. Max 30 requests/minute."",""error"":""Too Many Requests""}",0.484
2026-10-10T22:42:57.074347Z,drivers,drivers_by_observed_driver_number,"{""driver_number"": 30, ""session_key"": 11371}",0,http_429,"{""detail"":""Rate limit exceeded. Max 30 requests/minute."",""error"":""Too Many Requests""}",0.479
2026-10-10T22:42:57.655888Z,drivers,drivers_by_observed_driver_number,"{""driver_number"": 31, ""session_key"": 11371}",0,http_429,"{""detail"":""Rate limit exceeded. Max 30 requests/minute."",""error"":""Too Many Requests""}",0.48
2026-10-10T22:42:58.238015Z,drivers,drivers_by_observed_driver_number,"{""driver_number"": 34, ""session_key"": 11371}",0,http_429,"{""detail"":""Rate limit exceeded. Max 30 requests/minute."",""error"":""Too Many Requests""}",0.481
2026-10-10T22:42:58.820211Z,drivers,drivers_by_observed_driver_number,"{""driver_number"": 36, ""session_key"": 11371}",0,http_429,"{""detail"":""Rate limit exceeded. Max 30 requests/minute."",""error"":""Too Many Requests""}",0.481
2026-10-10T22:42:59.402517Z,drivers,drivers_by_observed_driver_number,"{""driver_number"": 41, ""session_key"": 11371}",0,http_429,"{""detail"":""Rate limit exceeded. Max 30 requests/minute."",""error"":""Too Many Requests""}",0.481
2026-10-10T22:42:59.981636Z,drivers,drivers_by_observed_driver_number,"{""driver_number"": 43, ""session_key"": 11371}",0,http_429,"{""detail"":""Rate limit exceeded. Max 30 requests/minute."",""error"":""Too Many Requests""}",0.478
2026-10-10T22:43:00.565743Z,drivers,drivers_by_observed_driver_number,"{""driver_number"": 44, ""session_key"": 11371}",1,pass,,0.483
2026-10-10T22:43:01.151484Z,drivers,drivers_by_observed_driver_number,"{""driver_number"": 46, ""session_key"": 11371}",0,http_404,"{""detail"":""No results found.""}",0.484
2026-10-10T22:43:01.738010Z,drivers,drivers_by_observed_driver_number,"{""driver_number"": 50, ""session_key"": 11371}",0,http_404,"{""detail"":""No results found.""}",0.485
2026-10-10T22:43:02.326148Z,drivers,drivers_by_observed_driver_number,"{""driver_number"": 55, ""session_key"": 11371}",1,pass,,0.487
2026-10-10T22:43:02.912777Z,drivers,drivers_by_observed_driver_number,"{""driver_number"": 61, ""session_key"": 11371}",0,http_404,"{""detail"":""No results found.""}",0.485
2026-10-10T22:43:03.495478Z,drivers,drivers_by_observed_driver_number,"{""driver_number"": 63, ""session_key"": 11371}",1,pass,,0.482
2026-10-10T22:43:04.083242Z,drivers,drivers_by_observed_driver_number,"{""driver_number"": 67, ""session_key"": 11371}",0,http_404,"{""detail"":""No results found.""}",0.486
2026-10-10T22:43:04.699302Z,drivers,drivers_by_observed_driver_number,"{""driver_number"": 72, ""session_key"": 11371}",0,http_404,"{""detail"":""No results found.""}",0.515
2026-10-10T22:43:05.282884Z,drivers,drivers_by_observed_driver_number,"{""driver_number"": 77, ""session_key"": 11371}",1,pass,,0.482
2026-10-10T22:43:05.873891Z,drivers,drivers_by_observed_driver_number,"{""driver_number"": 81, ""session_key"": 11371}",1,pass,,0.49
2026-10-10T22:43:06.459206Z,drivers,drivers_by_observed_driver_number,"{""driver_number"": 87, ""session_key"": 11371}",1,pass,,0.484
2026-10-10T22:43:07.043235Z,drivers,drivers_by_observed_driver_number,"{""driver_number"": 241, ""session_key"": 11371}",0,http_404,"{""detail"":""No results found.""}",0.483
2026-10-10T22:43:07.632265Z,drivers,drivers_by_observed_driver_number,"{""driver_number"": 243, ""session_key"": 11371}",0,http_404,"{""detail"":""No results found.""}",0.488
2026-10-10T22:43:08.222549Z,drivers,drivers_by_observed_driver_number,"{""driver_number"": 247, ""session_key"": 11371}",0,http_404,"{""detail"":""No results found.""}",0.489
2026-10-10T22:43:08.815716Z,team_radio,team_radio_by_session_key_opportunistic,"{""session_key"": 11371}",14,pass,,0.489
2026-10-10T22:43:09.483636Z,weather,weather_by_session_key,"{""session_key"": 11372}",81,pass,,0.566
2026-10-10T22:43:10.114576Z,race_control,race_control_by_session_key,"{""session_key"": 11372}",149,pass,,0.529
2026-10-10T22:43:10.771133Z,intervals,intervals_by_session_key,"{""session_key"": 11372}",0,http_404,"{""detail"":""No results found.""}",0.554
2026-10-10T22:43:11.682454Z,position,position_by_session_key,"{""session_key"": 11372}",811,pass,,0.81
2026-10-10T22:43:12.541264Z,stints,stints_by_session_key,"{""session_key"": 11372}",57,pass,,0.757
2026-10-10T22:43:12.643466Z,pit,skip_non_race_like_session,"{""session_key"": 11372}",0,skipped_not_applicable,pit endpoint is only treated as required for race/sprint-like sessions,0.0
2026-10-10T22:43:13.181431Z,starting_grid,starting_grid_by_session_key,"{""session_key"": 11372}",0,http_404,"{""detail"":""No results found.""}",0.538
2026-10-10T22:43:13.799405Z,drivers,drivers_by_session_key,"{""session_key"": 11372}",22,pass,,0.517
2026-10-10T22:43:14.421224Z,team_radio,team_radio_by_session_key_opportunistic,"{""session_key"": 11372}",22,pass,,0.52
2026-10-10T22:43:15.014353Z,weather,weather_by_session_key,"{""session_key"": 11373}",81,pass,,0.491
2026-10-10T22:43:15.829234Z,race_control,race_control_by_session_key,"{""session_key"": 11373}",134,pass,,0.713
2026-10-10T22:43:16.610114Z,intervals,intervals_by_session_key,"{""session_key"": 11373}",0,http_404,"{""detail"":""No results found.""}",0.679
2026-10-10T22:43:17.237425Z,position,position_by_session_key,"{""session_key"": 11373}",1301,pass,,0.526
2026-10-10T22:43:17.902249Z,stints,stints_by_session_key,"{""session_key"": 11373}",66,pass,,0.563
2026-10-10T22:43:18.004118Z,pit,skip_non_race_like_session,"{""session_key"": 11373}",0,skipped_not_applicable,pit endpoint is only treated as required for race/sprint-like sessions,0.0
2026-10-10T22:43:18.486000Z,starting_grid,starting_grid_by_session_key,"{""session_key"": 11373}",22,pass,,0.482
2026-10-10T22:43:19.076028Z,drivers,drivers_by_session_key,"{""session_key"": 11373}",22,pass,,0.488
2026-10-10T22:43:19.680020Z,team_radio,team_radio_by_session_key_opportunistic,"{""session_key"": 11373}",0,http_429,"{""detail"":""Rate limit exceeded. Max 30 requests/minute."",""error"":""Too Many Requests""}",0.502
2026-10-10T22:43:20.268070Z,weather,weather_by_session_key,"{""session_key"": 11377}",0,http_429,"{""detail"":""Rate limit exceeded. Max 30 requests/minute."",""error"":""Too Many Requests""}",0.487
2026-10-10T22:43:21.128473Z,race_control,race_control_by_session_key,"{""session_key"": 11377}",0,http_429,"{""detail"":""Rate limit exceeded. Max 30 requests/minute."",""error"":""Too Many Requests""}",0.759
2026-10-10T22:43:21.711183Z,intervals,intervals_by_session_key,"{""session_key"": 11377}",0,http_429,"{""detail"":""Rate limit exceeded. Max 30 requests/minute."",""error"":""Too Many Requests""}",0.481
2026-10-10T22:43:22.302675Z,position,position_by_session_key,"{""session_key"": 11377}",0,http_429,"{""detail"":""Rate limit exceeded. Max 30 requests/minute."",""error"":""Too Many Requests""}",0.49
2026-10-10T22:43:22.884926Z,position,position_by_meeting_key_fallback,"{""meeting_key"": 1295}",0,http_429,"{""detail"":""Rate limit exceeded. Max 30 requests/minute."",""error"":""Too Many Requests""}",0.481
2026-10-10T22:43:23.464381Z,stints,stints_by_session_key,"{""session_key"": 11377}",0,http_429,"{""detail"":""Rate limit exceeded. Max 30 requests/minute."",""error"":""Too Many Requests""}",0.478
2026-10-10T22:43:24.046283Z,pit,pit_by_session_key,"{""session_key"": 11377}",0,http_429,"{""detail"":""Rate limit exceeded. Max 30 requests/minute."",""error"":""Too Many Requests""}",0.481
2026-10-10T22:43:24.629159Z,starting_grid,starting_grid_by_session_key,"{""session_key"": 11377}",0,http_429,"{""detail"":""Rate limit exceeded. Max 30 requests/minute."",""error"":""Too Many Requests""}",0.482
2026-10-10T22:43:25.209535Z,drivers,drivers_by_session_key,"{""session_key"": 11377}",0,http_429,"{""detail"":""Rate limit exceeded. Max 30 requests/minute."",""error"":""Too Many Requests""}",0.479
2026-10-10T22:43:25.842241Z,drivers,drivers_by_observed_driver_number,"{""driver_number"": 1, ""session_key"": 11377}",0,http_429,"{""detail"":""Rate limit exceeded. Max 30 requests/minute."",""error"":""Too Many Requests""}",0.485
2026-10-10T22:43:26.425318Z,drivers,drivers_by_observed_driver_number,"{""driver_number"": 3, ""session_key"": 11377}",0,http_429,"{""detail"":""Rate limit exceeded. Max 30 requests/minute."",""error"":""Too Many Requests""}",0.482
2026-10-10T22:43:27.009310Z,drivers,drivers_by_observed_driver_number,"{""driver_number"": 5, ""session_key"": 11377}",0,http_429,"{""detail"":""Rate limit exceeded. Max 30 requests/minute."",""error"":""Too Many Requests""}",0.482
2026-10-10T22:43:27.589696Z,drivers,drivers_by_observed_driver_number,"{""driver_number"": 6, ""session_key"": 11377}",0,http_429,"{""detail"":""Rate limit exceeded. Max 30 requests/minute."",""error"":""Too Many Requests""}",0.479
2026-10-10T22:43:28.223477Z,drivers,drivers_by_observed_driver_number,"{""driver_number"": 10, ""session_key"": 11377}",0,http_429,"{""detail"":""Rate limit exceeded. Max 30 requests/minute."",""error"":""Too Many Requests""}",0.532
2026-10-10T22:43:28.805520Z,drivers,drivers_by_observed_driver_number,"{""driver_number"": 11, ""session_key"": 11377}",0,http_429,"{""detail"":""Rate limit exceeded. Max 30 requests/minute."",""error"":""Too Many Requests""}",0.481
2026-10-10T22:43:29.388155Z,drivers,drivers_by_observed_driver_number,"{""driver_number"": 12, ""session_key"": 11377}",0,http_429,"{""detail"":""Rate limit exceeded. Max 30 requests/minute."",""error"":""Too Many Requests""}",0.481
2026-10-10T22:43:29.968442Z,drivers,drivers_by_observed_driver_number,"{""driver_number"": 14, ""session_key"": 11377}",0,http_429,"{""detail"":""Rate limit exceeded. Max 30 requests/minute."",""error"":""Too Many Requests""}",0.479
2026-10-10T22:43:30.551142Z,drivers,drivers_by_observed_driver_number,"{""driver_number"": 16, ""session_key"": 11377}",0,http_429,"{""detail"":""Rate limit exceeded. Max 30 requests/minute."",""error"":""Too Many Requests""}",0.481
2026-10-10T22:43:31.133277Z,drivers,drivers_by_observed_driver_number,"{""driver_number"": 18, ""session_key"": 11377}",0,http_429,"{""detail"":""Rate limit exceeded. Max 30 requests/minute."",""error"":""Too Many Requests""}",0.481
2026-10-10T22:43:31.715424Z,drivers,drivers_by_observed_driver_number,"{""driver_number"": 22, ""session_key"": 11377}",0,http_429,"{""detail"":""Rate limit exceeded. Max 30 requests/minute."",""error"":""Too Many Requests""}",0.481
2026-10-10T22:43:32.295177Z,drivers,drivers_by_observed_driver_number,"{""driver_number"": 23, ""session_key"": 11377}",0,http_429,"{""detail"":""Rate limit exceeded. Max 30 requests/minute."",""error"":""Too Many Requests""}",0.479
2026-10-10T22:43:32.873741Z,drivers,drivers_by_observed_driver_number,"{""driver_number"": 25, ""session_key"": 11377}",0,http_429,"{""detail"":""Rate limit exceeded. Max 30 requests/minute."",""error"":""Too Many Requests""}",0.477
2026-10-10T22:43:33.723537Z,drivers,drivers_by_observed_driver_number,"{""driver_number"": 27, ""session_key"": 11377}",0,http_429,"{""detail"":""Rate limit exceeded. Max 30 requests/minute."",""error"":""Too Many Requests""}",0.749
2026-10-10T22:43:34.302425Z,drivers,drivers_by_observed_driver_number,"{""driver_number"": 30, ""session_key"": 11377}",0,http_429,"{""detail"":""Rate limit exceeded. Max 30 requests/minute."",""error"":""Too Many Requests""}",0.478
2026-10-10T22:43:34.886579Z,drivers,drivers_by_observed_driver_number,"{""driver_number"": 31, ""session_key"": 11377}",0,http_429,"{""detail"":""Rate limit exceeded. Max 30 requests/minute."",""error"":""Too Many Requests""}",0.483
2026-10-10T22:43:35.470913Z,drivers,drivers_by_observed_driver_number,"{""driver_number"": 34, ""session_key"": 11377}",0,http_429,"{""detail"":""Rate limit exceeded. Max 30 requests/minute."",""error"":""Too Many Requests""}",0.483
2026-10-10T22:43:36.054602Z,drivers,drivers_by_observed_driver_number,"{""driver_number"": 36, ""session_key"": 11377}",0,http_429,"{""detail"":""Rate limit exceeded. Max 30 requests/minute."",""error"":""Too Many Requests""}",0.482
2026-10-10T22:43:36.636154Z,drivers,drivers_by_observed_driver_number,"{""driver_number"": 41, ""session_key"": 11377}",0,http_429,"{""detail"":""Rate limit exceeded. Max 30 requests/minute."",""error"":""Too Many Requests""}",0.48
2026-10-10T22:43:37.218524Z,drivers,drivers_by_observed_driver_number,"{""driver_number"": 43, ""session_key"": 11377}",0,http_429,"{""detail"":""Rate limit exceeded. Max 30 requests/minute."",""error"":""Too Many Requests""}",0.481
2026-10-10T22:43:37.800883Z,drivers,drivers_by_observed_driver_number,"{""driver_number"": 44, ""session_key"": 11377}",0,http_429,"{""detail"":""Rate limit exceeded. Max 30 requests/minute."",""error"":""Too Many Requests""}",0.481
2026-10-10T22:43:38.382423Z,drivers,drivers_by_observed_driver_number,"{""driver_number"": 46, ""session_key"": 11377}",0,http_429,"{""detail"":""Rate limit exceeded. Max 30 requests/minute."",""error"":""Too Many Requests""}",0.48
2026-10-10T22:43:38.963033Z,drivers,drivers_by_observed_driver_number,"{""driver_number"": 50, ""session_key"": 11377}",0,http_429,"{""detail"":""Rate limit exceeded. Max 30 requests/minute."",""error"":""Too Many Requests""}",0.479
2026-10-10T22:43:39.544180Z,drivers,drivers_by_observed_driver_number,"{""driver_number"": 55, ""session_key"": 11377}",0,http_429,"{""detail"":""Rate limit exceeded. Max 30 requests/minute."",""error"":""Too Many Requests""}",0.48
2026-10-10T22:43:40.127235Z,drivers,drivers_by_observed_driver_number,"{""driver_number"": 61, ""session_key"": 11377}",0,http_429,"{""detail"":""Rate limit exceeded. Max 30 requests/minute."",""error"":""Too Many Requests""}",0.482
2026-10-10T22:43:40.705700Z,drivers,drivers_by_observed_driver_number,"{""driver_number"": 63, ""session_key"": 11377}",0,http_429,"{""detail"":""Rate limit exceeded. Max 30 requests/minute."",""error"":""Too Many Requests""}",0.477
2026-10-10T22:43:41.288170Z,drivers,drivers_by_observed_driver_number,"{""driver_number"": 67, ""session_key"": 11377}",0,http_429,"{""detail"":""Rate limit exceeded. Max 30 requests/minute."",""error"":""Too Many Requests""}",0.481
2026-10-10T22:43:41.869780Z,drivers,drivers_by_observed_driver_number,"{""driver_number"": 72, ""session_key"": 11377}",0,http_429,"{""detail"":""Rate limit exceeded. Max 30 requests/minute."",""error"":""Too Many Requests""}",0.48
2026-10-10T22:43:42.453368Z,drivers,drivers_by_observed_driver_number,"{""driver_number"": 77, ""session_key"": 11377}",0,http_429,"{""detail"":""Rate limit exceeded. Max 30 requests/minute."",""error"":""Too Many Requests""}",0.482
2026-10-10T22:43:43.035232Z,drivers,drivers_by_observed_driver_number,"{""driver_number"": 81, ""session_key"": 11377}",0,http_429,"{""detail"":""Rate limit exceeded. Max 30 requests/minute."",""error"":""Too Many Requests""}",0.481
2026-10-10T22:43:43.616799Z,drivers,drivers_by_observed_driver_number,"{""driver_number"": 87, ""session_key"": 11377}",0,http_429,"{""detail"":""Rate limit exceeded. Max 30 requests/minute."",""error"":""Too Many Requests""}",0.48
2026-10-10T22:43:44.196384Z,drivers,drivers_by_observed_driver_number,"{""driver_number"": 241, ""session_key"": 11377}",0,http_429,"{""detail"":""Rate limit exceeded. Max 30 requests/minute."",""error"":""Too Many Requests""}",0.478
2026-10-10T22:43:44.783211Z,drivers,drivers_by_observed_driver_number,"{""driver_number"": 243, ""session_key"": 11377}",0,http_429,"{""detail"":""Rate limit exceeded. Max 30 requests/minute."",""error"":""Too Many Requests""}",0.485
2026-10-10T22:43:45.494071Z,drivers,drivers_by_observed_driver_number,"{""driver_number"": 247, ""session_key"": 11377}",0,http_429,"{""detail"":""Rate limit exceeded. Max 30 requests/minute."",""error"":""Too Many Requests""}",0.61
2026-10-10T22:43:46.075035Z,team_radio,team_radio_by_session_key_opportunistic,"{""session_key"": 11377}",0,http_429,"{""detail"":""Rate limit exceeded. Max 30 requests/minute."",""error"":""Too Many Requests""}",0.479
2026-10-10T22:43:46.658704Z,weather,weather_by_session_key,"{""session_key"": 11727}",0,http_429,"{""detail"":""Rate limit exceeded. Max 30 requests/minute."",""error"":""Too Many Requests""}",0.482
2026-10-10T22:43:47.238599Z,race_control,race_control_by_session_key,"{""session_key"": 11727}",0,http_429,"{""detail"":""Rate limit exceeded. Max 30 requests/minute."",""error"":""Too Many Requests""}",0.478
2026-10-10T22:43:47.822793Z,intervals,intervals_by_session_key,"{""session_key"": 11727}",0,http_429,"{""detail"":""Rate limit exceeded. Max 30 requests/minute."",""error"":""Too Many Requests""}",0.483
2026-10-10T22:43:48.407855Z,position,position_by_session_key,"{""session_key"": 11727}",0,http_429,"{""detail"":""Rate limit exceeded. Max 30 requests/minute."",""error"":""Too Many Requests""}",0.484
2026-10-10T22:43:48.990936Z,position,position_by_meeting_key_fallback,"{""meeting_key"": 1308}",0,http_429,"{""detail"":""Rate limit exceeded. Max 30 requests/minute."",""error"":""Too Many Requests""}",0.482
2026-10-10T22:43:49.573787Z,stints,stints_by_session_key,"{""session_key"": 11727}",0,http_429,"{""detail"":""Rate limit exceeded. Max 30 requests/minute."",""error"":""Too Many Requests""}",0.481
2026-10-10T22:43:49.675163Z,pit,skip_non_race_like_session,"{""session_key"": 11727}",0,skipped_not_applicable,pit endpoint is only treated as required for race/sprint-like sessions,0.0
2026-10-10T22:43:50.155376Z,starting_grid,starting_grid_by_session_key,"{""session_key"": 11727}",0,http_429,"{""detail"":""Rate limit exceeded. Max 30 requests/minute."",""error"":""Too Many Requests""}",0.48
2026-10-10T22:43:50.736316Z,drivers,drivers_by_session_key,"{""session_key"": 11727}",0,http_429,"{""detail"":""Rate limit exceeded. Max 30 requests/minute."",""error"":""Too Many Requests""}",0.479
2026-10-10T22:43:51.367748Z,drivers,drivers_by_observed_driver_number,"{""driver_number"": 1, ""session_key"": 11727}",0,http_429,"{""detail"":""Rate limit exceeded. Max 30 requests/minute."",""error"":""Too Many Requests""}",0.484
2026-10-10T22:43:51.951243Z,drivers,drivers_by_observed_driver_number,"{""driver_number"": 3, ""session_key"": 11727}",0,http_429,"{""detail"":""Rate limit exceeded. Max 30 requests/minute."",""error"":""Too Many Requests""}",0.482
2026-10-10T22:43:52.532356Z,drivers,drivers_by_observed_driver_number,"{""driver_number"": 5, ""session_key"": 11727}",0,http_429,"{""detail"":""Rate limit exceeded. Max 30 requests/minute."",""error"":""Too Many Requests""}",0.48
2026-10-10T22:43:53.115704Z,drivers,drivers_by_observed_driver_number,"{""driver_number"": 6, ""session_key"": 11727}",0,http_429,"{""detail"":""Rate limit exceeded. Max 30 requests/minute."",""error"":""Too Many Requests""}",0.482
2026-10-10T22:43:53.699056Z,drivers,drivers_by_observed_driver_number,"{""driver_number"": 10, ""session_key"": 11727}",0,http_429,"{""detail"":""Rate limit exceeded. Max 30 requests/minute."",""error"":""Too Many Requests""}",0.482
2026-10-10T22:43:54.282119Z,drivers,drivers_by_observed_driver_number,"{""driver_number"": 11, ""session_key"": 11727}",0,http_429,"{""detail"":""Rate limit exceeded. Max 30 requests/minute."",""error"":""Too Many Requests""}",0.482
2026-10-10T22:43:54.868916Z,drivers,drivers_by_observed_driver_number,"{""driver_number"": 12, ""session_key"": 11727}",0,http_429,"{""detail"":""Rate limit exceeded. Max 30 requests/minute."",""error"":""Too Many Requests""}",0.486
2026-10-10T22:43:55.450369Z,drivers,drivers_by_observed_driver_number,"{""driver_number"": 14, ""session_key"": 11727}",0,http_429,"{""detail"":""Rate limit exceeded. Max 30 requests/minute."",""error"":""Too Many Requests""}",0.48
2026-10-10T22:43:56.032461Z,drivers,drivers_by_observed_driver_number,"{""driver_number"": 16, ""session_key"": 11727}",0,http_429,"{""detail"":""Rate limit exceeded. Max 30 requests/minute."",""error"":""Too Many Requests""}",0.481
2026-10-10T22:43:56.615118Z,drivers,drivers_by_observed_driver_number,"{""driver_number"": 18, ""session_key"": 11727}",0,http_429,"{""detail"":""Rate limit exceeded. Max 30 requests/minute."",""error"":""Too Many Requests""}",0.482
2026-10-10T22:43:57.194361Z,drivers,drivers_by_observed_driver_number,"{""driver_number"": 22, ""session_key"": 11727}",0,http_429,"{""detail"":""Rate limit exceeded. Max 30 requests/minute."",""error"":""Too Many Requests""}",0.478
2026-10-10T22:43:57.780499Z,drivers,drivers_by_observed_driver_number,"{""driver_number"": 23, ""session_key"": 11727}",0,http_429,"{""detail"":""Rate limit exceeded. Max 30 requests/minute."",""error"":""Too Many Requests""}",0.485
2026-10-10T22:43:58.362200Z,drivers,drivers_by_observed_driver_number,"{""driver_number"": 25, ""session_key"": 11727}",0,http_429,"{""detail"":""Rate limit exceeded. Max 30 requests/minute."",""error"":""Too Many Requests""}",0.481
2026-10-10T22:43:58.943303Z,drivers,drivers_by_observed_driver_number,"{""driver_number"": 27, ""session_key"": 11727}",0,http_429,"{""detail"":""Rate limit exceeded. Max 30 requests/minute."",""error"":""Too Many Requests""}",0.48
2026-10-10T22:43:59.525266Z,drivers,drivers_by_observed_driver_number,"{""driver_number"": 30, ""session_key"": 11727}",0,http_429,"{""detail"":""Rate limit exceeded. Max 30 requests/minute."",""error"":""Too Many Requests""}",0.481
2026-10-10T22:44:00.106282Z,drivers,drivers_by_observed_driver_number,"{""driver_number"": 31, ""session_key"": 11727}",1,pass,,0.48
2026-10-10T22:44:00.691168Z,drivers,drivers_by_observed_driver_number,"{""driver_number"": 34, ""session_key"": 11727}",0,http_404,"{""detail"":""No results found.""}",0.484
2026-10-10T22:44:01.278153Z,drivers,drivers_by_observed_driver_number,"{""driver_number"": 36, ""session_key"": 11727}",0,http_404,"{""detail"":""No results found.""}",0.486
2026-10-10T22:44:01.862017Z,drivers,drivers_by_observed_driver_number,"{""driver_number"": 41, ""session_key"": 11727}",1,pass,,0.483
2026-10-10T22:44:02.448170Z,drivers,drivers_by_observed_driver_number,"{""driver_number"": 43, ""session_key"": 11727}",1,pass,,0.485
2026-10-10T22:44:03.047210Z,drivers,drivers_by_observed_driver_number,"{""driver_number"": 44, ""session_key"": 11727}",1,pass,,0.498
2026-10-10T22:44:03.628223Z,drivers,drivers_by_observed_driver_number,"{""driver_number"": 46, ""session_key"": 11727}",0,http_404,"{""detail"":""No results found.""}",0.48
2026-10-10T22:44:04.215767Z,drivers,drivers_by_observed_driver_number,"{""driver_number"": 50, ""session_key"": 11727}",0,http_404,"{""detail"":""No results found.""}",0.486
2026-10-10T22:44:04.799952Z,drivers,drivers_by_observed_driver_number,"{""driver_number"": 55, ""session_key"": 11727}",1,pass,,0.483
2026-10-10T22:44:05.389823Z,drivers,drivers_by_observed_driver_number,"{""driver_number"": 61, ""session_key"": 11727}",0,http_404,"{""detail"":""No results found.""}",0.488
2026-10-10T22:44:05.975421Z,drivers,drivers_by_observed_driver_number,"{""driver_number"": 63, ""session_key"": 11727}",1,pass,,0.484
2026-10-10T22:44:06.558520Z,drivers,drivers_by_observed_driver_number,"{""driver_number"": 67, ""session_key"": 11727}",0,http_404,"{""detail"":""No results found.""}",0.482
2026-10-10T22:44:07.144487Z,drivers,drivers_by_observed_driver_number,"{""driver_number"": 72, ""session_key"": 11727}",0,http_404,"{""detail"":""No results found.""}",0.485
2026-10-10T22:44:07.732505Z,drivers,drivers_by_observed_driver_number,"{""driver_number"": 77, ""session_key"": 11727}",1,pass,,0.487
2026-10-10T22:44:08.317484Z,drivers,drivers_by_observed_driver_number,"{""driver_number"": 81, ""session_key"": 11727}",1,pass,,0.484
2026-10-10T22:44:08.901696Z,drivers,drivers_by_observed_driver_number,"{""driver_number"": 87, ""session_key"": 11727}",1,pass,,0.483
2026-10-10T22:44:09.485049Z,drivers,drivers_by_observed_driver_number,"{""driver_number"": 241, ""session_key"": 11727}",0,http_404,"{""detail"":""No results found.""}",0.482
2026-10-10T22:44:10.065646Z,drivers,drivers_by_observed_driver_number,"{""driver_number"": 243, ""session_key"": 11727}",0,http_404,"{""detail"":""No results found.""}",0.479
2026-10-10T22:44:10.650921Z,drivers,drivers_by_observed_driver_number,"{""driver_number"": 247, ""session_key"": 11727}",0,http_404,"{""detail"":""No results found.""}",0.484
2026-10-10T22:44:11.238137Z,team_radio,team_radio_by_session_key_opportunistic,"{""session_key"": 11727}",7,pass,,0.483
2026-10-10T22:44:11.827934Z,weather,weather_by_session_key,"{""session_key"": 11728}",84,pass,,0.488
2026-10-10T22:44:12.418798Z,race_control,race_control_by_session_key,"{""session_key"": 11728}",48,pass,,0.489
2026-10-10T22:44:13.000277Z,intervals,intervals_by_session_key,"{""session_key"": 11728}",0,http_404,"{""detail"":""No results found.""}",0.48
2026-10-10T22:44:13.595064Z,position,position_by_session_key,"{""session_key"": 11728}",433,pass,,0.494
2026-10-10T22:44:14.193463Z,stints,stints_by_session_key,"{""session_key"": 11728}",100,pass,,0.497
2026-10-10T22:44:14.295342Z,pit,skip_non_race_like_session,"{""session_key"": 11728}",0,skipped_not_applicable,pit endpoint is only treated as required for race/sprint-like sessions,0.0
2026-10-10T22:44:14.778984Z,starting_grid,starting_grid_by_session_key,"{""session_key"": 11728}",0,http_404,"{""detail"":""No results found.""}",0.484
2026-10-10T22:44:15.365335Z,drivers,drivers_by_session_key,"{""session_key"": 11728}",22,pass,,0.485
2026-10-10T22:44:15.950033Z,team_radio,team_radio_by_session_key_opportunistic,"{""session_key"": 11728}",9,pass,,0.483
2026-10-10T22:44:16.545410Z,weather,weather_by_session_key,"{""session_key"": 11729}",81,pass,,0.493
2026-10-10T22:44:17.133905Z,race_control,race_control_by_session_key,"{""session_key"": 11729}",43,pass,,0.486
2026-10-10T22:44:17.714787Z,intervals,intervals_by_session_key,"{""session_key"": 11729}",0,http_429,"{""detail"":""Rate limit exceeded. Max 30 requests/minute."",""error"":""Too Many Requests""}",0.479
2026-10-10T22:44:18.301105Z,position,position_by_session_key,"{""session_key"": 11729}",0,http_429,"{""detail"":""Rate limit exceeded. Max 30 requests/minute."",""error"":""Too Many Requests""}",0.485
2026-10-10T22:44:18.880861Z,position,position_by_meeting_key_fallback,"{""meeting_key"": 1308}",0,http_429,"{""detail"":""Rate limit exceeded. Max 30 requests/minute."",""error"":""Too Many Requests""}",0.479
2026-10-10T22:44:19.459232Z,stints,stints_by_session_key,"{""session_key"": 11729}",0,http_429,"{""detail"":""Rate limit exceeded. Max 30 requests/minute."",""error"":""Too Many Requests""}",0.477
2026-10-10T22:44:19.560413Z,pit,skip_non_race_like_session,"{""session_key"": 11729}",0,skipped_not_applicable,pit endpoint is only treated as required for race/sprint-like sessions,0.0
2026-10-10T22:44:20.040755Z,starting_grid,starting_grid_by_session_key,"{""session_key"": 11729}",0,http_429,"{""detail"":""Rate limit exceeded. Max 30 requests/minute."",""error"":""Too Many Requests""}",0.48
2026-10-10T22:44:20.626086Z,drivers,drivers_by_session_key,"{""session_key"": 11729}",0,http_429,"{""detail"":""Rate limit exceeded. Max 30 requests/minute."",""error"":""Too Many Requests""}",0.484
2026-10-10T22:44:21.255398Z,drivers,drivers_by_observed_driver_number,"{""driver_number"": 1, ""session_key"": 11729}",0,http_429,"{""detail"":""Rate limit exceeded. Max 30 requests/minute."",""error"":""Too Many Requests""}",0.481
2026-10-10T22:44:21.836955Z,drivers,drivers_by_observed_driver_number,"{""driver_number"": 3, ""session_key"": 11729}",0,http_429,"{""detail"":""Rate limit exceeded. Max 30 requests/minute."",""error"":""Too Many Requests""}",0.48
2026-10-10T22:44:22.419110Z,drivers,drivers_by_observed_driver_number,"{""driver_number"": 5, ""session_key"": 11729}",0,http_429,"{""detail"":""Rate limit exceeded. Max 30 requests/minute."",""error"":""Too Many Requests""}",0.481
2026-10-10T22:44:23.001791Z,drivers,drivers_by_observed_driver_number,"{""driver_number"": 6, ""session_key"": 11729}",0,http_429,"{""detail"":""Rate limit exceeded. Max 30 requests/minute."",""error"":""Too Many Requests""}",0.481
2026-10-10T22:44:23.586746Z,drivers,drivers_by_observed_driver_number,"{""driver_number"": 10, ""session_key"": 11729}",0,http_429,"{""detail"":""Rate limit exceeded. Max 30 requests/minute."",""error"":""Too Many Requests""}",0.484
2026-10-10T22:44:24.171587Z,drivers,drivers_by_observed_driver_number,"{""driver_number"": 11, ""session_key"": 11729}",0,http_429,"{""detail"":""Rate limit exceeded. Max 30 requests/minute."",""error"":""Too Many Requests""}",0.483
2026-10-10T22:44:24.756962Z,drivers,drivers_by_observed_driver_number,"{""driver_number"": 12, ""session_key"": 11729}",0,http_429,"{""detail"":""Rate limit exceeded. Max 30 requests/minute."",""error"":""Too Many Requests""}",0.484
2026-10-10T22:44:25.341313Z,drivers,drivers_by_observed_driver_number,"{""driver_number"": 14, ""session_key"": 11729}",0,http_429,"{""detail"":""Rate limit exceeded. Max 30 requests/minute."",""error"":""Too Many Requests""}",0.483
2026-10-10T22:44:25.920176Z,drivers,drivers_by_observed_driver_number,"{""driver_number"": 16, ""session_key"": 11729}",0,http_429,"{""detail"":""Rate limit exceeded. Max 30 requests/minute."",""error"":""Too Many Requests""}",0.478
2026-10-10T22:44:26.502993Z,drivers,drivers_by_observed_driver_number,"{""driver_number"": 18, ""session_key"": 11729}",0,http_429,"{""detail"":""Rate limit exceeded. Max 30 requests/minute."",""error"":""Too Many Requests""}",0.482
2026-10-10T22:44:27.087771Z,drivers,drivers_by_observed_driver_number,"{""driver_number"": 22, ""session_key"": 11729}",0,http_429,"{""detail"":""Rate limit exceeded. Max 30 requests/minute."",""error"":""Too Many Requests""}",0.484
2026-10-10T22:44:27.671490Z,drivers,drivers_by_observed_driver_number,"{""driver_number"": 23, ""session_key"": 11729}",0,http_429,"{""detail"":""Rate limit exceeded. Max 30 requests/minute."",""error"":""Too Many Requests""}",0.482
2026-10-10T22:44:28.253070Z,drivers,drivers_by_observed_driver_number,"{""driver_number"": 25, ""session_key"": 11729}",0,http_429,"{""detail"":""Rate limit exceeded. Max 30 requests/minute."",""error"":""Too Many Requests""}",0.48
2026-10-10T22:44:28.834688Z,drivers,drivers_by_observed_driver_number,"{""driver_number"": 27, ""session_key"": 11729}",0,http_429,"{""detail"":""Rate limit exceeded. Max 30 requests/minute."",""error"":""Too Many Requests""}",0.48
2026-10-10T22:44:29.414296Z,drivers,drivers_by_observed_driver_number,"{""driver_number"": 30, ""session_key"": 11729}",0,http_429,"{""detail"":""Rate limit exceeded. Max 30 requests/minute."",""error"":""Too Many Requests""}",0.478
2026-10-10T22:44:30.000669Z,drivers,drivers_by_observed_driver_number,"{""driver_number"": 31, ""session_key"": 11729}",0,http_429,"{""detail"":""Rate limit exceeded. Max 30 requests/minute."",""error"":""Too Many Requests""}",0.485
2026-10-10T22:44:30.583980Z,drivers,drivers_by_observed_driver_number,"{""driver_number"": 34, ""session_key"": 11729}",0,http_429,"{""detail"":""Rate limit exceeded. Max 30 requests/minute."",""error"":""Too Many Requests""}",0.482
2026-10-10T22:44:31.170928Z,drivers,drivers_by_observed_driver_number,"{""driver_number"": 36, ""session_key"": 11729}",0,http_429,"{""detail"":""Rate limit exceeded. Max 30 requests/minute."",""error"":""Too Many Requests""}",0.486
2026-10-10T22:44:31.753742Z,drivers,drivers_by_observed_driver_number,"{""driver_number"": 41, ""session_key"": 11729}",0,http_429,"{""detail"":""Rate limit exceeded. Max 30 requests/minute."",""error"":""Too Many Requests""}",0.481
2026-10-10T22:44:32.334109Z,drivers,drivers_by_observed_driver_number,"{""driver_number"": 43, ""session_key"": 11729}",0,http_429,"{""detail"":""Rate limit exceeded. Max 30 requests/minute."",""error"":""Too Many Requests""}",0.479
2026-10-10T22:44:32.917181Z,drivers,drivers_by_observed_driver_number,"{""driver_number"": 44, ""session_key"": 11729}",0,http_429,"{""detail"":""Rate limit exceeded. Max 30 requests/minute."",""error"":""Too Many Requests""}",0.482
2026-10-10T22:44:33.502988Z,drivers,drivers_by_observed_driver_number,"{""driver_number"": 46, ""session_key"": 11729}",0,http_429,"{""detail"":""Rate limit exceeded. Max 30 requests/minute."",""error"":""Too Many Requests""}",0.485
2026-10-10T22:44:34.088105Z,drivers,drivers_by_observed_driver_number,"{""driver_number"": 50, ""session_key"": 11729}",0,http_429,"{""detail"":""Rate limit exceeded. Max 30 requests/minute."",""error"":""Too Many Requests""}",0.484
2026-10-10T22:44:34.672309Z,drivers,drivers_by_observed_driver_number,"{""driver_number"": 55, ""session_key"": 11729}",0,http_429,"{""detail"":""Rate limit exceeded. Max 30 requests/minute."",""error"":""Too Many Requests""}",0.483
2026-10-10T22:44:35.256364Z,drivers,drivers_by_observed_driver_number,"{""driver_number"": 61, ""session_key"": 11729}",0,http_429,"{""detail"":""Rate limit exceeded. Max 30 requests/minute."",""error"":""Too Many Requests""}",0.483
2026-10-10T22:44:35.842911Z,drivers,drivers_by_observed_driver_number,"{""driver_number"": 63, ""session_key"": 11729}",0,http_429,"{""detail"":""Rate limit exceeded. Max 30 requests/minute."",""error"":""Too Many Requests""}",0.485
2026-10-10T22:44:36.427386Z,drivers,drivers_by_observed_driver_number,"{""driver_number"": 67, ""session_key"": 11729}",0,http_429,"{""detail"":""Rate limit exceeded. Max 30 requests/minute."",""error"":""Too Many Requests""}",0.483
2026-10-10T22:44:37.013153Z,drivers,drivers_by_observed_driver_number,"{""driver_number"": 72, ""session_key"": 11729}",0,http_429,"{""detail"":""Rate limit exceeded. Max 30 requests/minute."",""error"":""Too Many Requests""}",0.484
2026-10-10T22:44:37.597279Z,drivers,drivers_by_observed_driver_number,"{""driver_number"": 77, ""session_key"": 11729}",0,http_429,"{""detail"":""Rate limit exceeded. Max 30 requests/minute."",""error"":""Too Many Requests""}",0.483
2026-10-10T22:44:38.202706Z,drivers,drivers_by_observed_driver_number,"{""driver_number"": 81, ""session_key"": 11729}",0,http_429,"{""detail"":""Rate limit exceeded. Max 30 requests/minute."",""error"":""Too Many Requests""}",0.504
2026-10-10T22:44:38.788481Z,drivers,drivers_by_observed_driver_number,"{""driver_number"": 87, ""session_key"": 11729}",0,http_429,"{""detail"":""Rate limit exceeded. Max 30 requests/minute."",""error"":""Too Many Requests""}",0.485
2026-10-10T22:44:39.371456Z,drivers,drivers_by_observed_driver_number,"{""driver_number"": 241, ""session_key"": 11729}",0,http_429,"{""detail"":""Rate limit exceeded. Max 30 requests/minute."",""error"":""Too Many Requests""}",0.482
2026-10-10T22:44:39.956508Z,drivers,drivers_by_observed_driver_number,"{""driver_number"": 243, ""session_key"": 11729}",0,http_429,"{""detail"":""Rate limit exceeded. Max 30 requests/minute."",""error"":""Too Many Requests""}",0.484
2026-10-10T22:44:40.535497Z,drivers,drivers_by_observed_driver_number,"{""driver_number"": 247, ""session_key"": 11729}",0,http_429,"{""detail"":""Rate limit exceeded. Max 30 requests/minute."",""error"":""Too Many Requests""}",0.478
2026-10-10T22:44:41.114186Z,team_radio,team_radio_by_session_key_opportunistic,"{""session_key"": 11729}",0,http_429,"{""detail"":""Rate limit exceeded. Max 30 requests/minute."",""error"":""Too Many Requests""}",0.478
2026-10-10T22:44:41.696640Z,weather,weather_by_session_key,"{""session_key"": 11730}",0,http_429,"{""detail"":""Rate limit exceeded. Max 30 requests/minute."",""error"":""Too Many Requests""}",0.481
2026-10-10T22:44:42.287453Z,race_control,race_control_by_session_key,"{""session_key"": 11730}",0,http_429,"{""detail"":""Rate limit exceeded. Max 30 requests/minute."",""error"":""Too Many Requests""}",0.489
2026-10-10T22:44:42.873090Z,intervals,intervals_by_session_key,"{""session_key"": 11730}",0,http_429,"{""detail"":""Rate limit exceeded. Max 30 requests/minute."",""error"":""Too Many Requests""}",0.484
2026-10-10T22:44:43.457231Z,position,position_by_session_key,"{""session_key"": 11730}",0,http_429,"{""detail"":""Rate limit exceeded. Max 30 requests/minute."",""error"":""Too Many Requests""}",0.483
2026-10-10T22:44:44.039209Z,position,position_by_meeting_key_fallback,"{""meeting_key"": 1308}",0,http_429,"{""detail"":""Rate limit exceeded. Max 30 requests/minute."",""error"":""Too Many Requests""}",0.481
2026-10-10T22:44:44.621802Z,stints,stints_by_session_key,"{""session_key"": 11730}",0,http_429,"{""detail"":""Rate limit exceeded. Max 30 requests/minute."",""error"":""Too Many Requests""}",0.481
2026-10-10T22:44:44.722983Z,pit,skip_non_race_like_session,"{""session_key"": 11730}",0,skipped_not_applicable,pit endpoint is only treated as required for race/sprint-like sessions,0.0
2026-10-10T22:44:45.206486Z,starting_grid,starting_grid_by_session_key,"{""session_key"": 11730}",0,http_429,"{""detail"":""Rate limit exceeded. Max 30 requests/minute."",""error"":""Too Many Requests""}",0.483
2026-10-10T22:44:45.790102Z,drivers,drivers_by_session_key,"{""session_key"": 11730}",0,http_429,"{""detail"":""Rate limit exceeded. Max 30 requests/minute."",""error"":""Too Many Requests""}",0.482
2026-10-10T22:44:46.420229Z,drivers,drivers_by_observed_driver_number,"{""driver_number"": 1, ""session_key"": 11730}",0,http_429,"{""detail"":""Rate limit exceeded. Max 30 requests/minute."",""error"":""Too Many Requests""}",0.482
2026-10-10T22:44:47.002442Z,drivers,drivers_by_observed_driver_number,"{""driver_number"": 3, ""session_key"": 11730}",0,http_429,"{""detail"":""Rate limit exceeded. Max 30 requests/minute."",""error"":""Too Many Requests""}",0.481
2026-10-10T22:44:47.589744Z,drivers,drivers_by_observed_driver_number,"{""driver_number"": 5, ""session_key"": 11730}",0,http_429,"{""detail"":""Rate limit exceeded. Max 30 requests/minute."",""error"":""Too Many Requests""}",0.486
2026-10-10T22:44:48.173634Z,drivers,drivers_by_observed_driver_number,"{""driver_number"": 6, ""session_key"": 11730}",0,http_429,"{""detail"":""Rate limit exceeded. Max 30 requests/minute."",""error"":""Too Many Requests""}",0.483
2026-10-10T22:44:48.759584Z,drivers,drivers_by_observed_driver_number,"{""driver_number"": 10, ""session_key"": 11730}",0,http_429,"{""detail"":""Rate limit exceeded. Max 30 requests/minute."",""error"":""Too Many Requests""}",0.485
2026-10-10T22:44:49.343813Z,drivers,drivers_by_observed_driver_number,"{""driver_number"": 11, ""session_key"": 11730}",0,http_429,"{""detail"":""Rate limit exceeded. Max 30 requests/minute."",""error"":""Too Many Requests""}",0.483
2026-10-10T22:44:49.935646Z,drivers,drivers_by_observed_driver_number,"{""driver_number"": 12, ""session_key"": 11730}",0,http_429,"{""detail"":""Rate limit exceeded. Max 30 requests/minute."",""error"":""Too Many Requests""}",0.491
2026-10-10T22:44:50.518583Z,drivers,drivers_by_observed_driver_number,"{""driver_number"": 14, ""session_key"": 11730}",0,http_429,"{""detail"":""Rate limit exceeded. Max 30 requests/minute."",""error"":""Too Many Requests""}",0.482
2026-10-10T22:44:51.103249Z,drivers,drivers_by_observed_driver_number,"{""driver_number"": 16, ""session_key"": 11730}",0,http_429,"{""detail"":""Rate limit exceeded. Max 30 requests/minute."",""error"":""Too Many Requests""}",0.483
2026-10-10T22:44:51.689132Z,drivers,drivers_by_observed_driver_number,"{""driver_number"": 18, ""session_key"": 11730}",0,http_429,"{""detail"":""Rate limit exceeded. Max 30 requests/minute."",""error"":""Too Many Requests""}",0.485
2026-10-10T22:44:52.273128Z,drivers,drivers_by_observed_driver_number,"{""driver_number"": 22, ""session_key"": 11730}",0,http_429,"{""detail"":""Rate limit exceeded. Max 30 requests/minute."",""error"":""Too Many Requests""}",0.482
2026-10-10T22:44:52.859120Z,drivers,drivers_by_observed_driver_number,"{""driver_number"": 23, ""session_key"": 11730}",0,http_429,"{""detail"":""Rate limit exceeded. Max 30 requests/minute."",""error"":""Too Many Requests""}",0.485
2026-10-10T22:44:53.440764Z,drivers,drivers_by_observed_driver_number,"{""driver_number"": 25, ""session_key"": 11730}",0,http_429,"{""detail"":""Rate limit exceeded. Max 30 requests/minute."",""error"":""Too Many Requests""}",0.48
2026-10-10T22:44:54.023976Z,drivers,drivers_by_observed_driver_number,"{""driver_number"": 27, ""session_key"": 11730}",0,http_429,"{""detail"":""Rate limit exceeded. Max 30 requests/minute."",""error"":""Too Many Requests""}",0.482
2026-10-10T22:44:54.608748Z,drivers,drivers_by_observed_driver_number,"{""driver_number"": 30, ""session_key"": 11730}",0,http_429,"{""detail"":""Rate limit exceeded. Max 30 requests/minute."",""error"":""Too Many Requests""}",0.483
2026-10-10T22:44:55.195346Z,drivers,drivers_by_observed_driver_number,"{""driver_number"": 31, ""session_key"": 11730}",0,http_429,"{""detail"":""Rate limit exceeded. Max 30 requests/minute."",""error"":""Too Many Requests""}",0.485
2026-10-10T22:44:55.781681Z,drivers,drivers_by_observed_driver_number,"{""driver_number"": 34, ""session_key"": 11730}",0,http_429,"{""detail"":""Rate limit exceeded. Max 30 requests/minute."",""error"":""Too Many Requests""}",0.485
2026-10-10T22:44:56.366722Z,drivers,drivers_by_observed_driver_number,"{""driver_number"": 36, ""session_key"": 11730}",0,http_429,"{""detail"":""Rate limit exceeded. Max 30 requests/minute."",""error"":""Too Many Requests""}",0.484
2026-10-10T22:44:56.950048Z,drivers,drivers_by_observed_driver_number,"{""driver_number"": 41, ""session_key"": 11730}",0,http_429,"{""detail"":""Rate limit exceeded. Max 30 requests/minute."",""error"":""Too Many Requests""}",0.482
2026-10-10T22:44:57.534344Z,drivers,drivers_by_observed_driver_number,"{""driver_number"": 43, ""session_key"": 11730}",0,http_429,"{""detail"":""Rate limit exceeded. Max 30 requests/minute."",""error"":""Too Many Requests""}",0.483
2026-10-10T22:44:58.118375Z,drivers,drivers_by_observed_driver_number,"{""driver_number"": 44, ""session_key"": 11730}",0,http_429,"{""detail"":""Rate limit exceeded. Max 30 requests/minute."",""error"":""Too Many Requests""}",0.483
2026-10-10T22:44:58.703421Z,drivers,drivers_by_observed_driver_number,"{""driver_number"": 46, ""session_key"": 11730}",0,http_429,"{""detail"":""Rate limit exceeded. Max 30 requests/minute."",""error"":""Too Many Requests""}",0.484
2026-10-10T22:44:59.292149Z,drivers,drivers_by_observed_driver_number,"{""driver_number"": 50, ""session_key"": 11730}",0,http_429,"{""detail"":""Rate limit exceeded. Max 30 requests/minute."",""error"":""Too Many Requests""}",0.487
2026-10-10T22:44:59.874979Z,drivers,drivers_by_observed_driver_number,"{""driver_number"": 55, ""session_key"": 11730}",0,http_429,"{""detail"":""Rate limit exceeded. Max 30 requests/minute."",""error"":""Too Many Requests""}",0.481
2026-10-10T22:45:00.466212Z,drivers,drivers_by_observed_driver_number,"{""driver_number"": 61, ""session_key"": 11730}",0,http_404,"{""detail"":""No results found.""}",0.49
2026-10-10T22:45:01.050017Z,drivers,drivers_by_observed_driver_number,"{""driver_number"": 63, ""session_key"": 11730}",1,pass,,0.482
2026-10-10T22:45:01.633550Z,drivers,drivers_by_observed_driver_number,"{""driver_number"": 67, ""session_key"": 11730}",0,http_404,"{""detail"":""No results found.""}",0.482
2026-10-10T22:45:02.220723Z,drivers,drivers_by_observed_driver_number,"{""driver_number"": 72, ""session_key"": 11730}",0,http_404,"{""detail"":""No results found.""}",0.486
2026-10-10T22:45:02.809149Z,drivers,drivers_by_observed_driver_number,"{""driver_number"": 77, ""session_key"": 11730}",1,pass,,0.487
2026-10-10T22:45:03.392891Z,drivers,drivers_by_observed_driver_number,"{""driver_number"": 81, ""session_key"": 11730}",1,pass,,0.482
2026-10-10T22:45:03.977420Z,drivers,drivers_by_observed_driver_number,"{""driver_number"": 87, ""session_key"": 11730}",1,pass,,0.483
2026-10-10T22:45:04.560221Z,drivers,drivers_by_observed_driver_number,"{""driver_number"": 241, ""session_key"": 11730}",0,http_404,"{""detail"":""No results found.""}",0.481
2026-10-10T22:45:05.143939Z,drivers,drivers_by_observed_driver_number,"{""driver_number"": 243, ""session_key"": 11730}",0,http_404,"{""detail"":""No results found.""}",0.482
2026-10-10T22:45:05.739542Z,drivers,drivers_by_observed_driver_number,"{""driver_number"": 247, ""session_key"": 11730}",0,http_404,"{""detail"":""No results found.""}",0.494
2026-10-10T22:45:06.328210Z,team_radio,team_radio_by_session_key_opportunistic,"{""session_key"": 11730}",18,pass,,0.485
2026-10-10T22:45:06.924846Z,weather,weather_by_session_key,"{""session_key"": 11731}",254,pass,,0.495
2026-10-10T22:45:07.536381Z,race_control,race_control_by_session_key,"{""session_key"": 11731}",328,pass,,0.51
2026-10-10T22:45:09.899965Z,intervals,intervals_by_session_key,"{""session_key"": 11731}",21448,pass,,2.261
2026-10-10T22:45:10.594201Z,position,position_by_session_key,"{""session_key"": 11731}",880,pass,,0.589
2026-10-10T22:45:11.190371Z,stints,stints_by_session_key,"{""session_key"": 11731}",97,pass,,0.494
2026-10-10T22:45:11.781606Z,pit,pit_by_session_key,"{""session_key"": 11731}",73,pass,,0.489
2026-10-10T22:45:12.368922Z,starting_grid,starting_grid_by_session_key,"{""session_key"": 11731}",0,http_404,"{""detail"":""No results found.""}",0.485
2026-10-10T22:45:12.960009Z,drivers,drivers_by_session_key,"{""session_key"": 11731}",22,pass,,0.49
2026-10-10T22:45:13.550408Z,team_radio,team_radio_by_session_key_opportunistic,"{""session_key"": 11731}",40,pass,,0.488
2026-10-10T22:45:14.141501Z,weather,weather_by_session_key,"{""session_key"": 11378}",83,pass,,0.489
2026-10-10T22:45:14.745356Z,race_control,race_control_by_session_key,"{""session_key"": 11378}",72,pass,,0.502
2026-10-10T22:45:15.327959Z,intervals,intervals_by_session_key,"{""session_key"": 11378}",0,http_404,"{""detail"":""No results found.""}",0.481
2026-10-10T22:45:15.956396Z,position,position_by_session_key,"{""session_key"": 11378}",972,pass,,0.527
2026-10-10T22:45:16.546454Z,stints,stints_by_session_key,"{""session_key"": 11378}",76,pass,,0.488
2026-10-10T22:45:16.648537Z,pit,skip_non_race_like_session,"{""session_key"": 11378}",0,skipped_not_applicable,pit endpoint is only treated as required for race/sprint-like sessions,0.0
2026-10-10T22:45:17.130254Z,starting_grid,starting_grid_by_session_key,"{""session_key"": 11378}",0,http_404,"{""detail"":""No results found.""}",0.482
2026-10-10T22:45:17.723993Z,drivers,drivers_by_session_key,"{""session_key"": 11378}",22,pass,,0.493
2026-10-10T22:45:18.308235Z,team_radio,team_radio_by_session_key_opportunistic,"{""session_key"": 11378}",10,pass,,0.482
2026-10-10T22:45:18.905458Z,weather,weather_by_session_key,"{""session_key"": 11379}",98,pass,,0.495
2026-10-10T22:45:19.493593Z,race_control,race_control_by_session_key,"{""session_key"": 11379}",75,pass,,0.486
2026-10-10T22:45:20.079274Z,intervals,intervals_by_session_key,"{""session_key"": 11379}",0,http_429,"{""detail"":""Rate limit exceeded. Max 30 requests/minute."",""error"":""Too Many Requests""}",0.484
2026-10-10T22:45:20.664341Z,position,position_by_session_key,"{""session_key"": 11379}",0,http_429,"{""detail"":""Rate limit exceeded. Max 30 requests/minute."",""error"":""Too Many Requests""}",0.484
2026-10-10T22:45:21.257384Z,position,position_by_meeting_key_fallback,"{""meeting_key"": 1296}",0,http_429,"{""detail"":""Rate limit exceeded. Max 30 requests/minute."",""error"":""Too Many Requests""}",0.492
2026-10-10T22:45:21.839157Z,stints,stints_by_session_key,"{""session_key"": 11379}",0,http_429,"{""detail"":""Rate limit exceeded. Max 30 requests/minute."",""error"":""Too Many Requests""}",0.48
2026-10-10T22:45:22.424513Z,pit,pit_by_session_key,"{""session_key"": 11379}",0,http_429,"{""detail"":""Rate limit exceeded. Max 30 requests/minute."",""error"":""Too Many Requests""}",0.484
2026-10-10T22:45:23.007964Z,starting_grid,starting_grid_by_session_key,"{""session_key"": 11379}",0,http_429,"{""detail"":""Rate limit exceeded. Max 30 requests/minute."",""error"":""Too Many Requests""}",0.482
2026-10-10T22:45:23.592746Z,drivers,drivers_by_session_key,"{""session_key"": 11379}",0,http_429,"{""detail"":""Rate limit exceeded. Max 30 requests/minute."",""error"":""Too Many Requests""}",0.483
2026-10-10T22:45:24.227095Z,drivers,drivers_by_observed_driver_number,"{""driver_number"": 1, ""session_key"": 11379}",0,http_429,"{""detail"":""Rate limit exceeded. Max 30 requests/minute."",""error"":""Too Many Requests""}",0.483
2026-10-10T22:45:24.809185Z,drivers,drivers_by_observed_driver_number,"{""driver_number"": 3, ""session_key"": 11379}",0,http_429,"{""detail"":""Rate limit exceeded. Max 30 requests/minute."",""error"":""Too Many Requests""}",0.481
2026-10-10T22:45:25.397112Z,drivers,drivers_by_observed_driver_number,"{""driver_number"": 5, ""session_key"": 11379}",0,http_429,"{""detail"":""Rate limit exceeded. Max 30 requests/minute."",""error"":""Too Many Requests""}",0.487
2026-10-10T22:45:25.977963Z,drivers,drivers_by_observed_driver_number,"{""driver_number"": 6, ""session_key"": 11379}",0,http_429,"{""detail"":""Rate limit exceeded. Max 30 requests/minute."",""error"":""Too Many Requests""}",0.48
2026-10-10T22:45:26.558961Z,drivers,drivers_by_observed_driver_number,"{""driver_number"": 10, ""session_key"": 11379}",0,http_429,"{""detail"":""Rate limit exceeded. Max 30 requests/minute."",""error"":""Too Many Requests""}",0.48
2026-10-10T22:45:27.140488Z,drivers,drivers_by_observed_driver_number,"{""driver_number"": 11, ""session_key"": 11379}",0,http_429,"{""detail"":""Rate limit exceeded. Max 30 requests/minute."",""error"":""Too Many Requests""}",0.48
2026-10-10T22:45:27.723622Z,drivers,drivers_by_observed_driver_number,"{""driver_number"": 12, ""session_key"": 11379}",0,http_429,"{""detail"":""Rate limit exceeded. Max 30 requests/minute."",""error"":""Too Many Requests""}",0.482
2026-10-10T22:45:28.310523Z,drivers,drivers_by_observed_driver_number,"{""driver_number"": 14, ""session_key"": 11379}",0,http_429,"{""detail"":""Rate limit exceeded. Max 30 requests/minute."",""error"":""Too Many Requests""}",0.486
2026-10-10T22:45:28.894062Z,drivers,drivers_by_observed_driver_number,"{""driver_number"": 16, ""session_key"": 11379}",0,http_429,"{""detail"":""Rate limit exceeded. Max 30 requests/minute."",""error"":""Too Many Requests""}",0.482
2026-10-10T22:45:29.476076Z,drivers,drivers_by_observed_driver_number,"{""driver_number"": 18, ""session_key"": 11379}",0,http_429,"{""detail"":""Rate limit exceeded. Max 30 requests/minute."",""error"":""Too Many Requests""}",0.481
2026-10-10T22:45:30.072952Z,drivers,drivers_by_observed_driver_number,"{""driver_number"": 22, ""session_key"": 11379}",0,http_429,"{""detail"":""Rate limit exceeded. Max 30 requests/minute."",""error"":""Too Many Requests""}",0.496
2026-10-10T22:45:30.657754Z,drivers,drivers_by_observed_driver_number,"{""driver_number"": 23, ""session_key"": 11379}",0,http_429,"{""detail"":""Rate limit exceeded. Max 30 requests/minute."",""error"":""Too Many Requests""}",0.484
2026-10-10T22:45:31.240931Z,drivers,drivers_by_observed_driver_number,"{""driver_number"": 25, ""session_key"": 11379}",0,http_429,"{""detail"":""Rate limit exceeded. Max 30 requests/minute."",""error"":""Too Many Requests""}",0.482
2026-10-10T22:45:31.826979Z,drivers,drivers_by_observed_driver_number,"{""driver_number"": 27, ""session_key"": 11379}",0,http_429,"{""detail"":""Rate limit exceeded. Max 30 requests/minute."",""error"":""Too Many Requests""}",0.485
2026-10-10T22:45:32.420006Z,drivers,drivers_by_observed_driver_number,"{""driver_number"": 30, ""session_key"": 11379}",0,http_429,"{""detail"":""Rate limit exceeded. Max 30 requests/minute."",""error"":""Too Many Requests""}",0.492
2026-10-10T22:45:33.015639Z,drivers,drivers_by_observed_driver_number,"{""driver_number"": 31, ""session_key"": 11379}",0,http_429,"{""detail"":""Rate limit exceeded. Max 30 requests/minute."",""error"":""Too Many Requests""}",0.494
2026-10-10T22:45:33.598453Z,drivers,drivers_by_observed_driver_number,"{""driver_number"": 34, ""session_key"": 11379}",0,http_429,"{""detail"":""Rate limit exceeded. Max 30 requests/minute."",""error"":""Too Many Requests""}",0.481
2026-10-10T22:45:34.182292Z,drivers,drivers_by_observed_driver_number,"{""driver_number"": 36, ""session_key"": 11379}",0,http_429,"{""detail"":""Rate limit exceeded. Max 30 requests/minute."",""error"":""Too Many Requests""}",0.483
2026-10-10T22:45:34.762912Z,drivers,drivers_by_observed_driver_number,"{""driver_number"": 41, ""session_key"": 11379}",0,http_429,"{""detail"":""Rate limit exceeded. Max 30 requests/minute."",""error"":""Too Many Requests""}",0.479
2026-10-10T22:45:35.348763Z,drivers,drivers_by_observed_driver_number,"{""driver_number"": 43, ""session_key"": 11379}",0,http_429,"{""detail"":""Rate limit exceeded. Max 30 requests/minute."",""error"":""Too Many Requests""}",0.484
2026-10-10T22:45:35.930469Z,drivers,drivers_by_observed_driver_number,"{""driver_number"": 44, ""session_key"": 11379}",0,http_429,"{""detail"":""Rate limit exceeded. Max 30 requests/minute."",""error"":""Too Many Requests""}",0.481
2026-10-10T22:45:36.512570Z,drivers,drivers_by_observed_driver_number,"{""driver_number"": 46, ""session_key"": 11379}",0,http_429,"{""detail"":""Rate limit exceeded. Max 30 requests/minute."",""error"":""Too Many Requests""}",0.481
2026-10-10T22:45:37.101081Z,drivers,drivers_by_observed_driver_number,"{""driver_number"": 50, ""session_key"": 11379}",0,http_429,"{""detail"":""Rate limit exceeded. Max 30 requests/minute."",""error"":""Too Many Requests""}",0.487
2026-10-10T22:45:37.681751Z,drivers,drivers_by_observed_driver_number,"{""driver_number"": 55, ""session_key"": 11379}",0,http_429,"{""detail"":""Rate limit exceeded. Max 30 requests/minute."",""error"":""Too Many Requests""}",0.48
2026-10-10T22:45:38.267003Z,drivers,drivers_by_observed_driver_number,"{""driver_number"": 61, ""session_key"": 11379}",0,http_429,"{""detail"":""Rate limit exceeded. Max 30 requests/minute."",""error"":""Too Many Requests""}",0.484
2026-10-10T22:45:38.848794Z,drivers,drivers_by_observed_driver_number,"{""driver_number"": 63, ""session_key"": 11379}",0,http_429,"{""detail"":""Rate limit exceeded. Max 30 requests/minute."",""error"":""Too Many Requests""}",0.481
2026-10-10T22:45:39.431972Z,drivers,drivers_by_observed_driver_number,"{""driver_number"": 67, ""session_key"": 11379}",0,http_429,"{""detail"":""Rate limit exceeded. Max 30 requests/minute."",""error"":""Too Many Requests""}",0.482
2026-10-10T22:45:40.013726Z,drivers,drivers_by_observed_driver_number,"{""driver_number"": 72, ""session_key"": 11379}",0,http_429,"{""detail"":""Rate limit exceeded. Max 30 requests/minute."",""error"":""Too Many Requests""}",0.48
2026-10-10T22:45:40.592792Z,drivers,drivers_by_observed_driver_number,"{""driver_number"": 77, ""session_key"": 11379}",0,http_429,"{""detail"":""Rate limit exceeded. Max 30 requests/minute."",""error"":""Too Many Requests""}",0.478
2026-10-10T22:45:41.172198Z,drivers,drivers_by_observed_driver_number,"{""driver_number"": 81, ""session_key"": 11379}",0,http_429,"{""detail"":""Rate limit exceeded. Max 30 requests/minute."",""error"":""Too Many Requests""}",0.478
2026-10-10T22:45:41.758654Z,drivers,drivers_by_observed_driver_number,"{""driver_number"": 87, ""session_key"": 11379}",0,http_429,"{""detail"":""Rate limit exceeded. Max 30 requests/minute."",""error"":""Too Many Requests""}",0.485
2026-10-10T22:45:42.341263Z,drivers,drivers_by_observed_driver_number,"{""driver_number"": 241, ""session_key"": 11379}",0,http_429,"{""detail"":""Rate limit exceeded. Max 30 requests/minute."",""error"":""Too Many Requests""}",0.481
2026-10-10T22:45:42.926365Z,drivers,drivers_by_observed_driver_number,"{""driver_number"": 243, ""session_key"": 11379}",0,http_429,"{""detail"":""Rate limit exceeded. Max 30 requests/minute."",""error"":""Too Many Requests""}",0.484
2026-10-10T22:45:43.511881Z,drivers,drivers_by_observed_driver_number,"{""driver_number"": 247, ""session_key"": 11379}",0,http_429,"{""detail"":""Rate limit exceeded. Max 30 requests/minute."",""error"":""Too Many Requests""}",0.484
2026-10-10T22:45:44.095106Z,team_radio,team_radio_by_session_key_opportunistic,"{""session_key"": 11379}",0,http_429,"{""detail"":""Rate limit exceeded. Max 30 requests/minute."",""error"":""Too Many Requests""}",0.482
2026-10-10T22:45:44.682525Z,weather,weather_by_session_key,"{""session_key"": 11383}",0,http_429,"{""detail"":""Rate limit exceeded. Max 30 requests/minute."",""error"":""Too Many Requests""}",0.486
2026-10-10T22:45:45.265032Z,race_control,race_control_by_session_key,"{""session_key"": 11383}",0,http_429,"{""detail"":""Rate limit exceeded. Max 30 requests/minute."",""error"":""Too Many Requests""}",0.481
2026-10-10T22:45:45.848976Z,intervals,intervals_by_session_key,"{""session_key"": 11383}",0,http_429,"{""detail"":""Rate limit exceeded. Max 30 requests/minute."",""error"":""Too Many Requests""}",0.482
2026-10-10T22:45:46.430928Z,position,position_by_session_key,"{""session_key"": 11383}",0,http_429,"{""detail"":""Rate limit exceeded. Max 30 requests/minute."",""error"":""Too Many Requests""}",0.481
2026-10-10T22:45:47.012827Z,position,position_by_meeting_key_fallback,"{""meeting_key"": 1296}",0,http_429,"{""detail"":""Rate limit exceeded. Max 30 requests/minute."",""error"":""Too Many Requests""}",0.481
2026-10-10T22:45:47.593874Z,stints,stints_by_session_key,"{""session_key"": 11383}",0,http_429,"{""detail"":""Rate limit exceeded. Max 30 requests/minute."",""error"":""Too Many Requests""}",0.48
2026-10-10T22:45:48.177015Z,pit,pit_by_session_key,"{""session_key"": 11383}",0,http_429,"{""detail"":""Rate limit exceeded. Max 30 requests/minute."",""error"":""Too Many Requests""}",0.482
2026-10-10T22:45:48.758754Z,starting_grid,starting_grid_by_session_key,"{""session_key"": 11383}",0,http_429,"{""detail"":""Rate limit exceeded. Max 30 requests/minute."",""error"":""Too Many Requests""}",0.48
2026-10-10T22:45:49.344813Z,drivers,drivers_by_session_key,"{""session_key"": 11383}",0,http_429,"{""detail"":""Rate limit exceeded. Max 30 requests/minute."",""error"":""Too Many Requests""}",0.485
2026-10-10T22:45:49.980064Z,drivers,drivers_by_observed_driver_number,"{""driver_number"": 1, ""session_key"": 11383}",0,http_429,"{""detail"":""Rate limit exceeded. Max 30 requests/minute."",""error"":""Too Many Requests""}",0.484
2026-10-10T22:45:50.563647Z,drivers,drivers_by_observed_driver_number,"{""driver_number"": 3, ""session_key"": 11383}",0,http_429,"{""detail"":""Rate limit exceeded. Max 30 requests/minute."",""error"":""Too Many Requests""}",0.482
2026-10-10T22:45:51.149615Z,drivers,drivers_by_observed_driver_number,"{""driver_number"": 5, ""session_key"": 11383}",0,http_429,"{""detail"":""Rate limit exceeded. Max 30 requests/minute."",""error"":""Too Many Requests""}",0.485
2026-10-10T22:45:51.736106Z,drivers,drivers_by_observed_driver_number,"{""driver_number"": 6, ""session_key"": 11383}",0,http_429,"{""detail"":""Rate limit exceeded. Max 30 requests/minute."",""error"":""Too Many Requests""}",0.485
2026-10-10T22:45:52.320456Z,drivers,drivers_by_observed_driver_number,"{""driver_number"": 10, ""session_key"": 11383}",0,http_429,"{""detail"":""Rate limit exceeded. Max 30 requests/minute."",""error"":""Too Many Requests""}",0.483
2026-10-10T22:45:52.902940Z,drivers,drivers_by_observed_driver_number,"{""driver_number"": 11, ""session_key"": 11383}",0,http_429,"{""detail"":""Rate limit exceeded. Max 30 requests/minute."",""error"":""Too Many Requests""}",0.481
2026-10-10T22:45:53.484134Z,drivers,drivers_by_observed_driver_number,"{""driver_number"": 12, ""session_key"": 11383}",0,http_429,"{""detail"":""Rate limit exceeded. Max 30 requests/minute."",""error"":""Too Many Requests""}",0.48
2026-10-10T22:45:54.064986Z,drivers,drivers_by_observed_driver_number,"{""driver_number"": 14, ""session_key"": 11383}",0,http_429,"{""detail"":""Rate limit exceeded. Max 30 requests/minute."",""error"":""Too Many Requests""}",0.48
2026-10-10T22:45:54.647505Z,drivers,drivers_by_observed_driver_number,"{""driver_number"": 16, ""session_key"": 11383}",0,http_429,"{""detail"":""Rate limit exceeded. Max 30 requests/minute."",""error"":""Too Many Requests""}",0.481
2026-10-10T22:45:55.239703Z,drivers,drivers_by_observed_driver_number,"{""driver_number"": 18, ""session_key"": 11383}",0,http_429,"{""detail"":""Rate limit exceeded. Max 30 requests/minute."",""error"":""Too Many Requests""}",0.491
2026-10-10T22:45:55.822741Z,drivers,drivers_by_observed_driver_number,"{""driver_number"": 22, ""session_key"": 11383}",0,http_429,"{""detail"":""Rate limit exceeded. Max 30 requests/minute."",""error"":""Too Many Requests""}",0.482
2026-10-10T22:45:56.408812Z,drivers,drivers_by_observed_driver_number,"{""driver_number"": 23, ""session_key"": 11383}",0,http_429,"{""detail"":""Rate limit exceeded. Max 30 requests/minute."",""error"":""Too Many Requests""}",0.485
2026-10-10T22:45:56.991668Z,drivers,drivers_by_observed_driver_number,"{""driver_number"": 25, ""session_key"": 11383}",0,http_429,"{""detail"":""Rate limit exceeded. Max 30 requests/minute."",""error"":""Too Many Requests""}",0.481
2026-10-10T22:45:57.581214Z,drivers,drivers_by_observed_driver_number,"{""driver_number"": 27, ""session_key"": 11383}",0,http_429,"{""detail"":""Rate limit exceeded. Max 30 requests/minute."",""error"":""Too Many Requests""}",0.488
2026-10-10T22:45:58.167993Z,drivers,drivers_by_observed_driver_number,"{""driver_number"": 30, ""session_key"": 11383}",0,http_429,"{""detail"":""Rate limit exceeded. Max 30 requests/minute."",""error"":""Too Many Requests""}",0.485
2026-10-10T22:45:58.750776Z,drivers,drivers_by_observed_driver_number,"{""driver_number"": 31, ""session_key"": 11383}",0,http_429,"{""detail"":""Rate limit exceeded. Max 30 requests/minute."",""error"":""Too Many Requests""}",0.482
2026-10-10T22:45:59.334137Z,drivers,drivers_by_observed_driver_number,"{""driver_number"": 34, ""session_key"": 11383}",0,http_429,"{""detail"":""Rate limit exceeded. Max 30 requests/minute."",""error"":""Too Many Requests""}",0.482
2026-10-10T22:45:59.927759Z,drivers,drivers_by_observed_driver_number,"{""driver_number"": 36, ""session_key"": 11383}",0,http_429,"{""detail"":""Rate limit exceeded. Max 30 requests/minute."",""error"":""Too Many Requests""}",0.492
2026-10-10T22:46:00.511932Z,drivers,drivers_by_observed_driver_number,"{""driver_number"": 41, ""session_key"": 11383}",1,pass,,0.483
2026-10-10T22:46:01.099001Z,drivers,drivers_by_observed_driver_number,"{""driver_number"": 43, ""session_key"": 11383}",1,pass,,0.486
2026-10-10T22:46:01.683115Z,drivers,drivers_by_observed_driver_number,"{""driver_number"": 44, ""session_key"": 11383}",1,pass,,0.483
2026-10-10T22:46:02.268959Z,drivers,drivers_by_observed_driver_number,"{""driver_number"": 46, ""session_key"": 11383}",0,http_404,"{""detail"":""No results found.""}",0.485
2026-10-10T22:46:02.856269Z,drivers,drivers_by_observed_driver_number,"{""driver_number"": 50, ""session_key"": 11383}",0,http_404,"{""detail"":""No results found.""}",0.486
2026-10-10T22:46:03.444999Z,drivers,drivers_by_observed_driver_number,"{""driver_number"": 55, ""session_key"": 11383}",1,pass,,0.487
2026-10-10T22:46:04.039965Z,drivers,drivers_by_observed_driver_number,"{""driver_number"": 61, ""session_key"": 11383}",0,http_404,"{""detail"":""No results found.""}",0.494
2026-10-10T22:46:04.628598Z,drivers,drivers_by_observed_driver_number,"{""driver_number"": 63, ""session_key"": 11383}",1,pass,,0.487
2026-10-10T22:46:05.214656Z,drivers,drivers_by_observed_driver_number,"{""driver_number"": 67, ""session_key"": 11383}",0,http_404,"{""detail"":""No results found.""}",0.485
2026-10-10T22:46:05.800411Z,drivers,drivers_by_observed_driver_number,"{""driver_number"": 72, ""session_key"": 11383}",0,http_404,"{""detail"":""No results found.""}",0.484
2026-10-10T22:46:06.389158Z,drivers,drivers_by_observed_driver_number,"{""driver_number"": 77, ""session_key"": 11383}",1,pass,,0.487
2026-10-10T22:46:06.976399Z,drivers,drivers_by_observed_driver_number,"{""driver_number"": 81, ""session_key"": 11383}",1,pass,,0.486
2026-10-10T22:46:07.566737Z,drivers,drivers_by_observed_driver_number,"{""driver_number"": 87, ""session_key"": 11383}",1,pass,,0.489
2026-10-10T22:46:08.151579Z,drivers,drivers_by_observed_driver_number,"{""driver_number"": 241, ""session_key"": 11383}",0,http_404,"{""detail"":""No results found.""}",0.484
2026-10-10T22:46:08.737010Z,drivers,drivers_by_observed_driver_number,"{""driver_number"": 243, ""session_key"": 11383}",0,http_404,"{""detail"":""No results found.""}",0.484
2026-10-10T22:46:09.323183Z,drivers,drivers_by_observed_driver_number,"{""driver_number"": 247, ""session_key"": 11383}",0,http_404,"{""detail"":""No results found.""}",0.485
2026-10-10T22:46:09.911595Z,team_radio,team_radio_by_session_key_opportunistic,"{""session_key"": 11383}",20,pass,,0.484
2026-10-10T22:46:10.509750Z,weather,weather_by_session_key,"{""session_key"": 11384}",88,pass,,0.496
2026-10-10T22:46:11.102161Z,race_control,race_control_by_session_key,"{""session_key"": 11384}",64,pass,,0.49
2026-10-10T22:46:11.697822Z,intervals,intervals_by_session_key,"{""session_key"": 11384}",0,http_404,"{""detail"":""No results found.""}",0.493
2026-10-10T22:46:12.336283Z,position,position_by_session_key,"{""session_key"": 11384}",1032,pass,,0.537
2026-10-10T22:46:12.928183Z,stints,stints_by_session_key,"{""session_key"": 11384}",103,pass,,0.49
2026-10-10T22:46:13.030484Z,pit,skip_non_race_like_session,"{""session_key"": 11384}",0,skipped_not_applicable,pit endpoint is only treated as required for race/sprint-like sessions,0.0
2026-10-10T22:46:13.513636Z,starting_grid,starting_grid_by_session_key,"{""session_key"": 11384}",22,pass,,0.483
2026-10-10T22:46:14.106096Z,drivers,drivers_by_session_key,"{""session_key"": 11384}",22,pass,,0.489
2026-10-10T22:46:14.696125Z,team_radio,team_radio_by_session_key_opportunistic,"{""session_key"": 11384}",12,pass,,0.488
