timestamp_utc,endpoint,strategy,params_json,rows,status,error,elapsed_seconds
2026-08-23T08:40:44.668871Z,sessions,sessions_by_year,"{""year"": 2026}",131,pass,,0.502
2026-08-23T08:40:45.451193Z,weather,weather_by_session_key,"{""session_key"": 11465}",540,pass,,0.622
2026-08-23T08:40:46.096116Z,race_control,race_control_by_session_key,"{""session_key"": 11465}",56,pass,,0.543
2026-08-23T08:40:46.922669Z,intervals,intervals_by_session_key,"{""session_key"": 11465}",0,http_404,"{""detail"":""No results found.""}",0.725
2026-08-23T08:40:47.532906Z,position,position_by_session_key,"{""session_key"": 11465}",415,pass,,0.509
2026-08-23T08:40:48.382252Z,stints,stints_by_session_key,"{""session_key"": 11465}",207,pass,,0.747
2026-08-23T08:40:48.484188Z,pit,skip_non_race_like_session,"{""session_key"": 11465}",0,skipped_not_applicable,pit endpoint is only treated as required for race/sprint-like sessions,0.0
2026-08-23T08:40:49.208195Z,starting_grid,starting_grid_by_session_key,"{""session_key"": 11465}",0,http_404,"{""detail"":""No results found.""}",0.724
2026-08-23T08:40:49.812385Z,drivers,drivers_by_session_key,"{""session_key"": 11465}",22,pass,,0.503
2026-08-23T08:40:50.626223Z,team_radio,team_radio_by_session_key_opportunistic,"{""session_key"": 11465}",0,http_404,"{""detail"":""No results found.""}",0.712
2026-08-23T08:40:51.319231Z,weather,weather_by_session_key,"{""session_key"": 11466}",484,pass,,0.592
2026-08-23T08:40:51.915673Z,race_control,race_control_by_session_key,"{""session_key"": 11466}",67,pass,,0.495
2026-08-23T08:40:52.750491Z,intervals,intervals_by_session_key,"{""session_key"": 11466}",0,http_404,"{""detail"":""No results found.""}",0.733
2026-08-23T08:40:53.371340Z,position,position_by_session_key,"{""session_key"": 11466}",280,pass,,0.52
2026-08-23T08:40:53.981933Z,stints,stints_by_session_key,"{""session_key"": 11466}",233,pass,,0.509
2026-08-23T08:40:54.083868Z,pit,skip_non_race_like_session,"{""session_key"": 11466}",0,skipped_not_applicable,pit endpoint is only treated as required for race/sprint-like sessions,0.0
2026-08-23T08:40:54.572101Z,starting_grid,starting_grid_by_session_key,"{""session_key"": 11466}",0,http_404,"{""detail"":""No results found.""}",0.488
2026-08-23T08:40:55.460329Z,drivers,drivers_by_session_key,"{""session_key"": 11466}",22,pass,,0.787
2026-08-23T08:40:56.063609Z,team_radio,team_radio_by_session_key_opportunistic,"{""session_key"": 11466}",0,http_404,"{""detail"":""No results found.""}",0.501
2026-08-23T08:40:56.698814Z,weather,weather_by_session_key,"{""session_key"": 11467}",528,pass,,0.534
2026-08-23T08:40:57.578055Z,race_control,race_control_by_session_key,"{""session_key"": 11467}",109,pass,,0.777
2026-08-23T08:40:58.166028Z,intervals,intervals_by_session_key,"{""session_key"": 11467}",0,http_404,"{""detail"":""No results found.""}",0.486
2026-08-23T08:40:58.772402Z,position,position_by_session_key,"{""session_key"": 11467}",216,pass,,0.505
2026-08-23T08:40:59.375481Z,stints,stints_by_session_key,"{""session_key"": 11467}",211,pass,,0.501
2026-08-23T08:40:59.477335Z,pit,skip_non_race_like_session,"{""session_key"": 11467}",0,skipped_not_applicable,pit endpoint is only treated as required for race/sprint-like sessions,0.0
2026-08-23T08:40:59.982907Z,starting_grid,starting_grid_by_session_key,"{""session_key"": 11467}",0,http_404,"{""detail"":""No results found.""}",0.505
2026-08-23T08:41:00.573150Z,drivers,drivers_by_session_key,"{""session_key"": 11467}",22,pass,,0.489
2026-08-23T08:41:01.411121Z,team_radio,team_radio_by_session_key_opportunistic,"{""session_key"": 11467}",1,pass,,0.736
2026-08-23T08:41:02.050118Z,weather,weather_by_session_key,"{""session_key"": 11470}",517,pass,,0.537
2026-08-23T08:41:02.654378Z,race_control,race_control_by_session_key,"{""session_key"": 11470}",57,pass,,0.502
2026-08-23T08:41:03.264243Z,intervals,intervals_by_session_key,"{""session_key"": 11470}",0,http_404,"{""detail"":""No results found.""}",0.508
2026-08-23T08:41:03.873157Z,position,position_by_session_key,"{""session_key"": 11470}",429,pass,,0.508
2026-08-23T08:41:04.471064Z,stints,stints_by_session_key,"{""session_key"": 11470}",243,pass,,0.496
2026-08-23T08:41:04.573030Z,pit,skip_non_race_like_session,"{""session_key"": 11470}",0,skipped_not_applicable,pit endpoint is only treated as required for race/sprint-like sessions,0.0
2026-08-23T08:41:05.056604Z,starting_grid,starting_grid_by_session_key,"{""session_key"": 11470}",0,http_404,"{""detail"":""No results found.""}",0.483
2026-08-23T08:41:05.923681Z,drivers,drivers_by_session_key,"{""session_key"": 11470}",22,pass,,0.766
2026-08-23T08:41:06.509165Z,team_radio,team_radio_by_session_key_opportunistic,"{""session_key"": 11470}",0,http_404,"{""detail"":""No results found.""}",0.484
2026-08-23T08:41:07.143199Z,weather,weather_by_session_key,"{""session_key"": 11469}",558,pass,,0.533
2026-08-23T08:41:07.734952Z,race_control,race_control_by_session_key,"{""session_key"": 11469}",51,pass,,0.49
2026-08-23T08:41:08.340953Z,intervals,intervals_by_session_key,"{""session_key"": 11469}",0,http_404,"{""detail"":""No results found.""}",0.504
2026-08-23T08:41:08.943736Z,position,position_by_session_key,"{""session_key"": 11469}",364,pass,,0.502
2026-08-23T08:41:09.696444Z,stints,stints_by_session_key,"{""session_key"": 11469}",265,pass,,0.651
2026-08-23T08:41:09.798297Z,pit,skip_non_race_like_session,"{""session_key"": 11469}",0,skipped_not_applicable,pit endpoint is only treated as required for race/sprint-like sessions,0.0
2026-08-23T08:41:10.298816Z,starting_grid,starting_grid_by_session_key,"{""session_key"": 11469}",0,http_404,"{""detail"":""No results found.""}",0.5
2026-08-23T08:41:10.885183Z,drivers,drivers_by_session_key,"{""session_key"": 11469}",22,pass,,0.485
2026-08-23T08:41:11.471468Z,team_radio,team_radio_by_session_key_opportunistic,"{""session_key"": 11469}",0,http_404,"{""detail"":""No results found.""}",0.484
2026-08-23T08:41:12.105563Z,weather,weather_by_session_key,"{""session_key"": 11468}",559,pass,,0.533
2026-08-23T08:41:12.697634Z,race_control,race_control_by_session_key,"{""session_key"": 11468}",46,pass,,0.49
2026-08-23T08:41:13.282236Z,intervals,intervals_by_session_key,"{""session_key"": 11468}",0,http_404,"{""detail"":""No results found.""}",0.483
2026-08-23T08:41:13.895731Z,position,position_by_session_key,"{""session_key"": 11468}",341,pass,,0.512
2026-08-23T08:41:14.774251Z,stints,stints_by_session_key,"{""session_key"": 11468}",290,pass,,0.777
2026-08-23T08:41:14.876101Z,pit,skip_non_race_like_session,"{""session_key"": 11468}",0,skipped_not_applicable,pit endpoint is only treated as required for race/sprint-like sessions,0.0
2026-08-23T08:41:15.381158Z,starting_grid,starting_grid_by_session_key,"{""session_key"": 11468}",0,http_404,"{""detail"":""No results found.""}",0.505
2026-08-23T08:41:15.985565Z,drivers,drivers_by_session_key,"{""session_key"": 11468}",22,pass,,0.503
2026-08-23T08:41:16.648526Z,team_radio,team_radio_by_session_key_opportunistic,"{""session_key"": 11468}",1,pass,,0.561
2026-08-23T08:41:17.242270Z,weather,weather_by_session_key,"{""session_key"": 11227}",82,pass,,0.492
2026-08-23T08:41:17.831861Z,race_control,race_control_by_session_key,"{""session_key"": 11227}",45,pass,,0.488
2026-08-23T08:41:18.422121Z,intervals,intervals_by_session_key,"{""session_key"": 11227}",0,http_404,"{""detail"":""No results found.""}",0.488
2026-08-23T08:41:19.038588Z,position,position_by_session_key,"{""session_key"": 11227}",717,pass,,0.515
2026-08-23T08:41:19.720833Z,stints,stints_by_session_key,"{""session_key"": 11227}",0,http_429,"{""detail"":""Rate limit exceeded. Max 30 requests/minute."",""error"":""Too Many Requests""}",0.58
2026-08-23T08:41:19.822141Z,pit,skip_non_race_like_session,"{""session_key"": 11227}",0,skipped_not_applicable,pit endpoint is only treated as required for race/sprint-like sessions,0.0
2026-08-23T08:41:20.320599Z,starting_grid,starting_grid_by_session_key,"{""session_key"": 11227}",0,http_429,"{""detail"":""Rate limit exceeded. Max 30 requests/minute."",""error"":""Too Many Requests""}",0.498
2026-08-23T08:41:20.908916Z,drivers,drivers_by_session_key,"{""session_key"": 11227}",0,http_429,"{""detail"":""Rate limit exceeded. Max 30 requests/minute."",""error"":""Too Many Requests""}",0.487
2026-08-23T08:41:21.498795Z,drivers,drivers_by_observed_driver_number,"{""driver_number"": 1, ""session_key"": 11227}",0,http_429,"{""detail"":""Rate limit exceeded. Max 30 requests/minute."",""error"":""Too Many Requests""}",0.483
2026-08-23T08:41:22.102039Z,drivers,drivers_by_observed_driver_number,"{""driver_number"": 3, ""session_key"": 11227}",0,http_429,"{""detail"":""Rate limit exceeded. Max 30 requests/minute."",""error"":""Too Many Requests""}",0.502
2026-08-23T08:41:22.764895Z,drivers,drivers_by_observed_driver_number,"{""driver_number"": 5, ""session_key"": 11227}",0,http_429,"{""detail"":""Rate limit exceeded. Max 30 requests/minute."",""error"":""Too Many Requests""}",0.562
2026-08-23T08:41:23.365207Z,drivers,drivers_by_observed_driver_number,"{""driver_number"": 6, ""session_key"": 11227}",0,http_429,"{""detail"":""Rate limit exceeded. Max 30 requests/minute."",""error"":""Too Many Requests""}",0.499
2026-08-23T08:41:23.949282Z,drivers,drivers_by_observed_driver_number,"{""driver_number"": 10, ""session_key"": 11227}",0,http_429,"{""detail"":""Rate limit exceeded. Max 30 requests/minute."",""error"":""Too Many Requests""}",0.483
2026-08-23T08:41:24.574307Z,drivers,drivers_by_observed_driver_number,"{""driver_number"": 11, ""session_key"": 11227}",0,http_429,"{""detail"":""Rate limit exceeded. Max 30 requests/minute."",""error"":""Too Many Requests""}",0.524
2026-08-23T08:41:25.171370Z,drivers,drivers_by_observed_driver_number,"{""driver_number"": 12, ""session_key"": 11227}",0,http_429,"{""detail"":""Rate limit exceeded. Max 30 requests/minute."",""error"":""Too Many Requests""}",0.496
2026-08-23T08:41:25.758920Z,drivers,drivers_by_observed_driver_number,"{""driver_number"": 14, ""session_key"": 11227}",0,http_429,"{""detail"":""Rate limit exceeded. Max 30 requests/minute."",""error"":""Too Many Requests""}",0.486
2026-08-23T08:41:26.341810Z,drivers,drivers_by_observed_driver_number,"{""driver_number"": 16, ""session_key"": 11227}",0,http_429,"{""detail"":""Rate limit exceeded. Max 30 requests/minute."",""error"":""Too Many Requests""}",0.482
2026-08-23T08:41:26.941379Z,drivers,drivers_by_observed_driver_number,"{""driver_number"": 18, ""session_key"": 11227}",0,http_429,"{""detail"":""Rate limit exceeded. Max 30 requests/minute."",""error"":""Too Many Requests""}",0.498
2026-08-23T08:41:27.530367Z,drivers,drivers_by_observed_driver_number,"{""driver_number"": 23, ""session_key"": 11227}",0,http_429,"{""detail"":""Rate limit exceeded. Max 30 requests/minute."",""error"":""Too Many Requests""}",0.488
2026-08-23T08:41:28.115795Z,drivers,drivers_by_observed_driver_number,"{""driver_number"": 27, ""session_key"": 11227}",0,http_429,"{""detail"":""Rate limit exceeded. Max 30 requests/minute."",""error"":""Too Many Requests""}",0.484
2026-08-23T08:41:28.720082Z,drivers,drivers_by_observed_driver_number,"{""driver_number"": 30, ""session_key"": 11227}",0,http_429,"{""detail"":""Rate limit exceeded. Max 30 requests/minute."",""error"":""Too Many Requests""}",0.503
2026-08-23T08:41:29.320198Z,drivers,drivers_by_observed_driver_number,"{""driver_number"": 31, ""session_key"": 11227}",0,http_429,"{""detail"":""Rate limit exceeded. Max 30 requests/minute."",""error"":""Too Many Requests""}",0.499
2026-08-23T08:41:29.921565Z,drivers,drivers_by_observed_driver_number,"{""driver_number"": 41, ""session_key"": 11227}",0,http_429,"{""detail"":""Rate limit exceeded. Max 30 requests/minute."",""error"":""Too Many Requests""}",0.5
2026-08-23T08:41:30.504996Z,drivers,drivers_by_observed_driver_number,"{""driver_number"": 43, ""session_key"": 11227}",0,http_429,"{""detail"":""Rate limit exceeded. Max 30 requests/minute."",""error"":""Too Many Requests""}",0.482
2026-08-23T08:41:31.089241Z,drivers,drivers_by_observed_driver_number,"{""driver_number"": 44, ""session_key"": 11227}",0,http_429,"{""detail"":""Rate limit exceeded. Max 30 requests/minute."",""error"":""Too Many Requests""}",0.483
2026-08-23T08:41:31.678543Z,drivers,drivers_by_observed_driver_number,"{""driver_number"": 55, ""session_key"": 11227}",0,http_429,"{""detail"":""Rate limit exceeded. Max 30 requests/minute."",""error"":""Too Many Requests""}",0.488
2026-08-23T08:41:32.267070Z,drivers,drivers_by_observed_driver_number,"{""driver_number"": 63, ""session_key"": 11227}",0,http_429,"{""detail"":""Rate limit exceeded. Max 30 requests/minute."",""error"":""Too Many Requests""}",0.487
2026-08-23T08:41:32.849980Z,drivers,drivers_by_observed_driver_number,"{""driver_number"": 77, ""session_key"": 11227}",0,http_429,"{""detail"":""Rate limit exceeded. Max 30 requests/minute."",""error"":""Too Many Requests""}",0.482
2026-08-23T08:41:33.450462Z,drivers,drivers_by_observed_driver_number,"{""driver_number"": 81, ""session_key"": 11227}",0,http_429,"{""detail"":""Rate limit exceeded. Max 30 requests/minute."",""error"":""Too Many Requests""}",0.499
2026-08-23T08:41:34.040837Z,drivers,drivers_by_observed_driver_number,"{""driver_number"": 87, ""session_key"": 11227}",0,http_429,"{""detail"":""Rate limit exceeded. Max 30 requests/minute."",""error"":""Too Many Requests""}",0.489
2026-08-23T08:41:34.627031Z,drivers,drivers_by_observed_driver_number,"{""driver_number"": 241, ""session_key"": 11227}",0,http_429,"{""detail"":""Rate limit exceeded. Max 30 requests/minute."",""error"":""Too Many Requests""}",0.485
2026-08-23T08:41:35.231789Z,drivers,drivers_by_observed_driver_number,"{""driver_number"": 243, ""session_key"": 11227}",0,http_429,"{""detail"":""Rate limit exceeded. Max 30 requests/minute."",""error"":""Too Many Requests""}",0.504
2026-08-23T08:41:35.919878Z,drivers,drivers_by_observed_driver_number,"{""driver_number"": 247, ""session_key"": 11227}",0,http_429,"{""detail"":""Rate limit exceeded. Max 30 requests/minute."",""error"":""Too Many Requests""}",0.587
2026-08-23T08:41:36.520110Z,team_radio,team_radio_by_session_key_opportunistic,"{""session_key"": 11227}",0,http_429,"{""detail"":""Rate limit exceeded. Max 30 requests/minute."",""error"":""Too Many Requests""}",0.499
2026-08-23T08:41:37.102854Z,weather,weather_by_session_key,"{""session_key"": 11228}",0,http_429,"{""detail"":""Rate limit exceeded. Max 30 requests/minute."",""error"":""Too Many Requests""}",0.482
2026-08-23T08:41:37.686532Z,race_control,race_control_by_session_key,"{""session_key"": 11228}",0,http_429,"{""detail"":""Rate limit exceeded. Max 30 requests/minute."",""error"":""Too Many Requests""}",0.482
2026-08-23T08:41:38.275883Z,intervals,intervals_by_session_key,"{""session_key"": 11228}",0,http_429,"{""detail"":""Rate limit exceeded. Max 30 requests/minute."",""error"":""Too Many Requests""}",0.488
2026-08-23T08:41:38.863620Z,position,position_by_session_key,"{""session_key"": 11228}",0,http_429,"{""detail"":""Rate limit exceeded. Max 30 requests/minute."",""error"":""Too Many Requests""}",0.487
2026-08-23T08:41:39.448694Z,position,position_by_meeting_key_fallback,"{""meeting_key"": 1279}",0,http_429,"{""detail"":""Rate limit exceeded. Max 30 requests/minute."",""error"":""Too Many Requests""}",0.484
2026-08-23T08:41:40.049662Z,stints,stints_by_session_key,"{""session_key"": 11228}",0,http_429,"{""detail"":""Rate limit exceeded. Max 30 requests/minute."",""error"":""Too Many Requests""}",0.5
2026-08-23T08:41:40.150747Z,pit,skip_non_race_like_session,"{""session_key"": 11228}",0,skipped_not_applicable,pit endpoint is only treated as required for race/sprint-like sessions,0.0
2026-08-23T08:41:40.641109Z,starting_grid,starting_grid_by_session_key,"{""session_key"": 11228}",0,http_429,"{""detail"":""Rate limit exceeded. Max 30 requests/minute."",""error"":""Too Many Requests""}",0.49
2026-08-23T08:41:41.226487Z,drivers,drivers_by_session_key,"{""session_key"": 11228}",0,http_429,"{""detail"":""Rate limit exceeded. Max 30 requests/minute."",""error"":""Too Many Requests""}",0.484
2026-08-23T08:41:41.835011Z,drivers,drivers_by_observed_driver_number,"{""driver_number"": 1, ""session_key"": 11228}",0,http_429,"{""detail"":""Rate limit exceeded. Max 30 requests/minute."",""error"":""Too Many Requests""}",0.503
2026-08-23T08:41:42.433775Z,drivers,drivers_by_observed_driver_number,"{""driver_number"": 3, ""session_key"": 11228}",0,http_429,"{""detail"":""Rate limit exceeded. Max 30 requests/minute."",""error"":""Too Many Requests""}",0.498
2026-08-23T08:41:43.033097Z,drivers,drivers_by_observed_driver_number,"{""driver_number"": 5, ""session_key"": 11228}",0,http_429,"{""detail"":""Rate limit exceeded. Max 30 requests/minute."",""error"":""Too Many Requests""}",0.498
2026-08-23T08:41:43.619084Z,drivers,drivers_by_observed_driver_number,"{""driver_number"": 6, ""session_key"": 11228}",0,http_429,"{""detail"":""Rate limit exceeded. Max 30 requests/minute."",""error"":""Too Many Requests""}",0.485
2026-08-23T08:41:44.203059Z,drivers,drivers_by_observed_driver_number,"{""driver_number"": 10, ""session_key"": 11228}",0,http_429,"{""detail"":""Rate limit exceeded. Max 30 requests/minute."",""error"":""Too Many Requests""}",0.483
2026-08-23T08:41:44.790339Z,drivers,drivers_by_observed_driver_number,"{""driver_number"": 11, ""session_key"": 11228}",0,http_429,"{""detail"":""Rate limit exceeded. Max 30 requests/minute."",""error"":""Too Many Requests""}",0.486
2026-08-23T08:41:45.377395Z,drivers,drivers_by_observed_driver_number,"{""driver_number"": 12, ""session_key"": 11228}",0,http_429,"{""detail"":""Rate limit exceeded. Max 30 requests/minute."",""error"":""Too Many Requests""}",0.486
2026-08-23T08:41:45.960049Z,drivers,drivers_by_observed_driver_number,"{""driver_number"": 14, ""session_key"": 11228}",0,http_429,"{""detail"":""Rate limit exceeded. Max 30 requests/minute."",""error"":""Too Many Requests""}",0.481
2026-08-23T08:41:46.561329Z,drivers,drivers_by_observed_driver_number,"{""driver_number"": 16, ""session_key"": 11228}",0,http_429,"{""detail"":""Rate limit exceeded. Max 30 requests/minute."",""error"":""Too Many Requests""}",0.5
2026-08-23T08:41:47.150405Z,drivers,drivers_by_observed_driver_number,"{""driver_number"": 18, ""session_key"": 11228}",0,http_429,"{""detail"":""Rate limit exceeded. Max 30 requests/minute."",""error"":""Too Many Requests""}",0.488
2026-08-23T08:41:47.736775Z,drivers,drivers_by_observed_driver_number,"{""driver_number"": 23, ""session_key"": 11228}",0,http_429,"{""detail"":""Rate limit exceeded. Max 30 requests/minute."",""error"":""Too Many Requests""}",0.485
2026-08-23T08:41:48.342832Z,drivers,drivers_by_observed_driver_number,"{""driver_number"": 27, ""session_key"": 11228}",0,http_429,"{""detail"":""Rate limit exceeded. Max 30 requests/minute."",""error"":""Too Many Requests""}",0.505
2026-08-23T08:41:48.941879Z,drivers,drivers_by_observed_driver_number,"{""driver_number"": 30, ""session_key"": 11228}",0,http_429,"{""detail"":""Rate limit exceeded. Max 30 requests/minute."",""error"":""Too Many Requests""}",0.498
2026-08-23T08:41:49.543056Z,drivers,drivers_by_observed_driver_number,"{""driver_number"": 31, ""session_key"": 11228}",0,http_429,"{""detail"":""Rate limit exceeded. Max 30 requests/minute."",""error"":""Too Many Requests""}",0.5
2026-08-23T08:41:50.127330Z,drivers,drivers_by_observed_driver_number,"{""driver_number"": 41, ""session_key"": 11228}",0,http_429,"{""detail"":""Rate limit exceeded. Max 30 requests/minute."",""error"":""Too Many Requests""}",0.483
2026-08-23T08:41:50.712055Z,drivers,drivers_by_observed_driver_number,"{""driver_number"": 43, ""session_key"": 11228}",0,http_429,"{""detail"":""Rate limit exceeded. Max 30 requests/minute."",""error"":""Too Many Requests""}",0.484
2026-08-23T08:41:51.305348Z,drivers,drivers_by_observed_driver_number,"{""driver_number"": 44, ""session_key"": 11228}",0,http_429,"{""detail"":""Rate limit exceeded. Max 30 requests/minute."",""error"":""Too Many Requests""}",0.492
2026-08-23T08:41:51.895375Z,drivers,drivers_by_observed_driver_number,"{""driver_number"": 55, ""session_key"": 11228}",0,http_429,"{""detail"":""Rate limit exceeded. Max 30 requests/minute."",""error"":""Too Many Requests""}",0.489
2026-08-23T08:41:52.480332Z,drivers,drivers_by_observed_driver_number,"{""driver_number"": 63, ""session_key"": 11228}",0,http_429,"{""detail"":""Rate limit exceeded. Max 30 requests/minute."",""error"":""Too Many Requests""}",0.484
2026-08-23T08:41:53.082597Z,drivers,drivers_by_observed_driver_number,"{""driver_number"": 77, ""session_key"": 11228}",0,http_429,"{""detail"":""Rate limit exceeded. Max 30 requests/minute."",""error"":""Too Many Requests""}",0.501
2026-08-23T08:41:53.682140Z,drivers,drivers_by_observed_driver_number,"{""driver_number"": 81, ""session_key"": 11228}",0,http_429,"{""detail"":""Rate limit exceeded. Max 30 requests/minute."",""error"":""Too Many Requests""}",0.498
2026-08-23T08:41:54.266988Z,drivers,drivers_by_observed_driver_number,"{""driver_number"": 87, ""session_key"": 11228}",0,http_429,"{""detail"":""Rate limit exceeded. Max 30 requests/minute."",""error"":""Too Many Requests""}",0.484
2026-08-23T08:41:54.872077Z,drivers,drivers_by_observed_driver_number,"{""driver_number"": 241, ""session_key"": 11228}",0,http_429,"{""detail"":""Rate limit exceeded. Max 30 requests/minute."",""error"":""Too Many Requests""}",0.504
2026-08-23T08:41:55.459885Z,drivers,drivers_by_observed_driver_number,"{""driver_number"": 243, ""session_key"": 11228}",0,http_429,"{""detail"":""Rate limit exceeded. Max 30 requests/minute."",""error"":""Too Many Requests""}",0.487
2026-08-23T08:41:56.060304Z,drivers,drivers_by_observed_driver_number,"{""driver_number"": 247, ""session_key"": 11228}",0,http_429,"{""detail"":""Rate limit exceeded. Max 30 requests/minute."",""error"":""Too Many Requests""}",0.499
2026-08-23T08:41:56.644120Z,team_radio,team_radio_by_session_key_opportunistic,"{""session_key"": 11228}",0,http_429,"{""detail"":""Rate limit exceeded. Max 30 requests/minute."",""error"":""Too Many Requests""}",0.483
2026-08-23T08:41:57.229255Z,weather,weather_by_session_key,"{""session_key"": 11229}",0,http_429,"{""detail"":""Rate limit exceeded. Max 30 requests/minute."",""error"":""Too Many Requests""}",0.484
2026-08-23T08:41:57.818277Z,race_control,race_control_by_session_key,"{""session_key"": 11229}",0,http_429,"{""detail"":""Rate limit exceeded. Max 30 requests/minute."",""error"":""Too Many Requests""}",0.488
2026-08-23T08:41:58.409115Z,intervals,intervals_by_session_key,"{""session_key"": 11229}",0,http_429,"{""detail"":""Rate limit exceeded. Max 30 requests/minute."",""error"":""Too Many Requests""}",0.49
2026-08-23T08:41:58.993804Z,position,position_by_session_key,"{""session_key"": 11229}",0,http_429,"{""detail"":""Rate limit exceeded. Max 30 requests/minute."",""error"":""Too Many Requests""}",0.484
2026-08-23T08:41:59.594977Z,position,position_by_meeting_key_fallback,"{""meeting_key"": 1279}",0,http_429,"{""detail"":""Rate limit exceeded. Max 30 requests/minute."",""error"":""Too Many Requests""}",0.5
2026-08-23T08:42:00.193333Z,stints,stints_by_session_key,"{""session_key"": 11229}",78,pass,,0.497
2026-08-23T08:42:00.295238Z,pit,skip_non_race_like_session,"{""session_key"": 11229}",0,skipped_not_applicable,pit endpoint is only treated as required for race/sprint-like sessions,0.0
2026-08-23T08:42:00.780808Z,starting_grid,starting_grid_by_session_key,"{""session_key"": 11229}",0,http_404,"{""detail"":""No results found.""}",0.485
2026-08-23T08:42:01.391939Z,drivers,drivers_by_session_key,"{""session_key"": 11229}",22,pass,,0.51
2026-08-23T08:42:01.982131Z,team_radio,team_radio_by_session_key_opportunistic,"{""session_key"": 11229}",1,pass,,0.488
2026-08-23T08:42:02.591168Z,weather,weather_by_session_key,"{""session_key"": 11230}",95,pass,,0.507
2026-08-23T08:42:03.184942Z,race_control,race_control_by_session_key,"{""session_key"": 11230}",109,pass,,0.492
2026-08-23T08:42:03.770793Z,intervals,intervals_by_session_key,"{""session_key"": 11230}",0,http_404,"{""detail"":""No results found.""}",0.484
2026-08-23T08:42:04.393921Z,position,position_by_session_key,"{""session_key"": 11230}",1070,pass,,0.522
2026-08-23T08:42:04.990349Z,stints,stints_by_session_key,"{""session_key"": 11230}",99,pass,,0.495
2026-08-23T08:42:05.092119Z,pit,skip_non_race_like_session,"{""session_key"": 11230}",0,skipped_not_applicable,pit endpoint is only treated as required for race/sprint-like sessions,0.0
2026-08-23T08:42:05.577146Z,starting_grid,starting_grid_by_session_key,"{""session_key"": 11230}",22,pass,,0.485
2026-08-23T08:42:06.183309Z,drivers,drivers_by_session_key,"{""session_key"": 11230}",22,pass,,0.504
2026-08-23T08:42:06.776876Z,team_radio,team_radio_by_session_key_opportunistic,"{""session_key"": 11230}",0,http_404,"{""detail"":""No results found.""}",0.492
2026-08-23T08:42:07.372752Z,weather,weather_by_session_key,"{""session_key"": 11234}",148,pass,,0.495
2026-08-23T08:42:07.990012Z,race_control,race_control_by_session_key,"{""session_key"": 11234}",169,pass,,0.515
2026-08-23T08:42:10.375062Z,intervals,intervals_by_session_key,"{""session_key"": 11234}",22276,pass,,2.283
2026-08-23T08:42:10.985322Z,position,position_by_session_key,"{""session_key"": 11234}",531,pass,,0.505
2026-08-23T08:42:11.597554Z,stints,stints_by_session_key,"{""session_key"": 11234}",53,pass,,0.51
2026-08-23T08:42:12.184927Z,pit,pit_by_session_key,"{""session_key"": 11234}",36,pass,,0.485
2026-08-23T08:42:12.785487Z,starting_grid,starting_grid_by_session_key,"{""session_key"": 11234}",0,http_404,"{""detail"":""No results found.""}",0.499
2026-08-23T08:42:13.388897Z,drivers,drivers_by_session_key,"{""session_key"": 11234}",22,pass,,0.502
2026-08-23T08:42:13.988750Z,team_radio,team_radio_by_session_key_opportunistic,"{""session_key"": 11234}",0,http_404,"{""detail"":""No results found.""}",0.498
2026-08-23T08:42:14.600684Z,weather,weather_by_session_key,"{""session_key"": 11235}",84,pass,,0.511
2026-08-23T08:42:15.205647Z,race_control,race_control_by_session_key,"{""session_key"": 11235}",49,pass,,0.503
2026-08-23T08:42:15.795115Z,intervals,intervals_by_session_key,"{""session_key"": 11235}",0,http_404,"{""detail"":""No results found.""}",0.487
2026-08-23T08:42:16.417944Z,position,position_by_session_key,"{""session_key"": 11235}",779,pass,,0.522
2026-08-23T08:42:17.060733Z,stints,stints_by_session_key,"{""session_key"": 11235}",37,pass,,0.541
2026-08-23T08:42:17.162524Z,pit,skip_non_race_like_session,"{""session_key"": 11235}",0,skipped_not_applicable,pit endpoint is only treated as required for race/sprint-like sessions,0.0
2026-08-23T08:42:17.646396Z,starting_grid,starting_grid_by_session_key,"{""session_key"": 11235}",0,http_404,"{""detail"":""No results found.""}",0.484
2026-08-23T08:42:18.364212Z,drivers,drivers_by_session_key,"{""session_key"": 11235}",22,pass,,0.617
2026-08-23T08:42:18.950584Z,team_radio,team_radio_by_session_key_opportunistic,"{""session_key"": 11235}",0,http_404,"{""detail"":""No results found.""}",0.484
2026-08-23T08:42:19.542476Z,weather,weather_by_session_key,"{""session_key"": 11236}",60,pass,,0.49
2026-08-23T08:42:20.145932Z,race_control,race_control_by_session_key,"{""session_key"": 11236}",0,http_429,"{""detail"":""Rate limit exceeded. Max 30 requests/minute."",""error"":""Too Many Requests""}",0.502
2026-08-23T08:42:20.731762Z,intervals,intervals_by_session_key,"{""session_key"": 11236}",0,http_429,"{""detail"":""Rate limit exceeded. Max 30 requests/minute."",""error"":""Too Many Requests""}",0.485
2026-08-23T08:42:21.335999Z,position,position_by_session_key,"{""session_key"": 11236}",0,http_429,"{""detail"":""Rate limit exceeded. Max 30 requests/minute."",""error"":""Too Many Requests""}",0.503
2026-08-23T08:42:21.935251Z,position,position_by_meeting_key_fallback,"{""meeting_key"": 1280}",0,http_429,"{""detail"":""Rate limit exceeded. Max 30 requests/minute."",""error"":""Too Many Requests""}",0.498
2026-08-23T08:42:22.524610Z,stints,stints_by_session_key,"{""session_key"": 11236}",0,http_429,"{""detail"":""Rate limit exceeded. Max 30 requests/minute."",""error"":""Too Many Requests""}",0.488
2026-08-23T08:42:23.115064Z,pit,pit_by_session_key,"{""session_key"": 11236}",0,http_429,"{""detail"":""Rate limit exceeded. Max 30 requests/minute."",""error"":""Too Many Requests""}",0.489
2026-08-23T08:42:23.701324Z,starting_grid,starting_grid_by_session_key,"{""session_key"": 11236}",0,http_429,"{""detail"":""Rate limit exceeded. Max 30 requests/minute."",""error"":""Too Many Requests""}",0.485
2026-08-23T08:42:24.283813Z,drivers,drivers_by_session_key,"{""session_key"": 11236}",0,http_429,"{""detail"":""Rate limit exceeded. Max 30 requests/minute."",""error"":""Too Many Requests""}",0.481
2026-08-23T08:42:24.879163Z,drivers,drivers_by_observed_driver_number,"{""driver_number"": 1, ""session_key"": 11236}",0,http_429,"{""detail"":""Rate limit exceeded. Max 30 requests/minute."",""error"":""Too Many Requests""}",0.487
2026-08-23T08:42:25.462234Z,drivers,drivers_by_observed_driver_number,"{""driver_number"": 3, ""session_key"": 11236}",0,http_429,"{""detail"":""Rate limit exceeded. Max 30 requests/minute."",""error"":""Too Many Requests""}",0.482
2026-08-23T08:42:26.045679Z,drivers,drivers_by_observed_driver_number,"{""driver_number"": 5, ""session_key"": 11236}",0,http_429,"{""detail"":""Rate limit exceeded. Max 30 requests/minute."",""error"":""Too Many Requests""}",0.482
2026-08-23T08:42:26.644363Z,drivers,drivers_by_observed_driver_number,"{""driver_number"": 6, ""session_key"": 11236}",0,http_429,"{""detail"":""Rate limit exceeded. Max 30 requests/minute."",""error"":""Too Many Requests""}",0.498
2026-08-23T08:42:27.229044Z,drivers,drivers_by_observed_driver_number,"{""driver_number"": 10, ""session_key"": 11236}",0,http_429,"{""detail"":""Rate limit exceeded. Max 30 requests/minute."",""error"":""Too Many Requests""}",0.484
2026-08-23T08:42:27.833928Z,drivers,drivers_by_observed_driver_number,"{""driver_number"": 11, ""session_key"": 11236}",0,http_429,"{""detail"":""Rate limit exceeded. Max 30 requests/minute."",""error"":""Too Many Requests""}",0.504
2026-08-23T08:42:28.432832Z,drivers,drivers_by_observed_driver_number,"{""driver_number"": 12, ""session_key"": 11236}",0,http_429,"{""detail"":""Rate limit exceeded. Max 30 requests/minute."",""error"":""Too Many Requests""}",0.498
2026-08-23T08:42:29.021241Z,drivers,drivers_by_observed_driver_number,"{""driver_number"": 14, ""session_key"": 11236}",0,http_429,"{""detail"":""Rate limit exceeded. Max 30 requests/minute."",""error"":""Too Many Requests""}",0.487
2026-08-23T08:42:29.610126Z,drivers,drivers_by_observed_driver_number,"{""driver_number"": 16, ""session_key"": 11236}",0,http_429,"{""detail"":""Rate limit exceeded. Max 30 requests/minute."",""error"":""Too Many Requests""}",0.488
2026-08-23T08:42:30.198076Z,drivers,drivers_by_observed_driver_number,"{""driver_number"": 18, ""session_key"": 11236}",0,http_429,"{""detail"":""Rate limit exceeded. Max 30 requests/minute."",""error"":""Too Many Requests""}",0.487
2026-08-23T08:42:30.780959Z,drivers,drivers_by_observed_driver_number,"{""driver_number"": 23, ""session_key"": 11236}",0,http_429,"{""detail"":""Rate limit exceeded. Max 30 requests/minute."",""error"":""Too Many Requests""}",0.482
2026-08-23T08:42:31.368089Z,drivers,drivers_by_observed_driver_number,"{""driver_number"": 27, ""session_key"": 11236}",0,http_429,"{""detail"":""Rate limit exceeded. Max 30 requests/minute."",""error"":""Too Many Requests""}",0.486
2026-08-23T08:42:31.953795Z,drivers,drivers_by_observed_driver_number,"{""driver_number"": 30, ""session_key"": 11236}",0,http_429,"{""detail"":""Rate limit exceeded. Max 30 requests/minute."",""error"":""Too Many Requests""}",0.485
2026-08-23T08:42:32.537586Z,drivers,drivers_by_observed_driver_number,"{""driver_number"": 31, ""session_key"": 11236}",0,http_429,"{""detail"":""Rate limit exceeded. Max 30 requests/minute."",""error"":""Too Many Requests""}",0.483
2026-08-23T08:42:33.139182Z,drivers,drivers_by_observed_driver_number,"{""driver_number"": 41, ""session_key"": 11236}",0,http_429,"{""detail"":""Rate limit exceeded. Max 30 requests/minute."",""error"":""Too Many Requests""}",0.501
2026-08-23T08:42:33.725594Z,drivers,drivers_by_observed_driver_number,"{""driver_number"": 43, ""session_key"": 11236}",0,http_429,"{""detail"":""Rate limit exceeded. Max 30 requests/minute."",""error"":""Too Many Requests""}",0.485
2026-08-23T08:42:34.329016Z,drivers,drivers_by_observed_driver_number,"{""driver_number"": 44, ""session_key"": 11236}",0,http_429,"{""detail"":""Rate limit exceeded. Max 30 requests/minute."",""error"":""Too Many Requests""}",0.502
2026-08-23T08:42:35.097244Z,drivers,drivers_by_observed_driver_number,"{""driver_number"": 55, ""session_key"": 11236}",0,http_429,"{""detail"":""Rate limit exceeded. Max 30 requests/minute."",""error"":""Too Many Requests""}",0.667
2026-08-23T08:42:35.684553Z,drivers,drivers_by_observed_driver_number,"{""driver_number"": 63, ""session_key"": 11236}",0,http_429,"{""detail"":""Rate limit exceeded. Max 30 requests/minute."",""error"":""Too Many Requests""}",0.486
2026-08-23T08:42:36.275336Z,drivers,drivers_by_observed_driver_number,"{""driver_number"": 77, ""session_key"": 11236}",0,http_429,"{""detail"":""Rate limit exceeded. Max 30 requests/minute."",""error"":""Too Many Requests""}",0.49
2026-08-23T08:42:36.863104Z,drivers,drivers_by_observed_driver_number,"{""driver_number"": 81, ""session_key"": 11236}",0,http_429,"{""detail"":""Rate limit exceeded. Max 30 requests/minute."",""error"":""Too Many Requests""}",0.487
2026-08-23T08:42:37.456798Z,drivers,drivers_by_observed_driver_number,"{""driver_number"": 87, ""session_key"": 11236}",0,http_429,"{""detail"":""Rate limit exceeded. Max 30 requests/minute."",""error"":""Too Many Requests""}",0.493
2026-08-23T08:42:38.043797Z,drivers,drivers_by_observed_driver_number,"{""driver_number"": 241, ""session_key"": 11236}",0,http_429,"{""detail"":""Rate limit exceeded. Max 30 requests/minute."",""error"":""Too Many Requests""}",0.486
2026-08-23T08:42:38.628007Z,drivers,drivers_by_observed_driver_number,"{""driver_number"": 243, ""session_key"": 11236}",0,http_429,"{""detail"":""Rate limit exceeded. Max 30 requests/minute."",""error"":""Too Many Requests""}",0.483
2026-08-23T08:42:39.211001Z,drivers,drivers_by_observed_driver_number,"{""driver_number"": 247, ""session_key"": 11236}",0,http_429,"{""detail"":""Rate limit exceeded. Max 30 requests/minute."",""error"":""Too Many Requests""}",0.482
2026-08-23T08:42:39.810129Z,team_radio,team_radio_by_session_key_opportunistic,"{""session_key"": 11236}",0,http_429,"{""detail"":""Rate limit exceeded. Max 30 requests/minute."",""error"":""Too Many Requests""}",0.498
2026-08-23T08:42:40.396097Z,weather,weather_by_session_key,"{""session_key"": 11240}",0,http_429,"{""detail"":""Rate limit exceeded. Max 30 requests/minute."",""error"":""Too Many Requests""}",0.485
2026-08-23T08:42:41.000490Z,race_control,race_control_by_session_key,"{""session_key"": 11240}",0,http_429,"{""detail"":""Rate limit exceeded. Max 30 requests/minute."",""error"":""Too Many Requests""}",0.503
2026-08-23T08:42:41.601671Z,intervals,intervals_by_session_key,"{""session_key"": 11240}",0,http_429,"{""detail"":""Rate limit exceeded. Max 30 requests/minute."",""error"":""Too Many Requests""}",0.5
2026-08-23T08:42:42.188921Z,position,position_by_session_key,"{""session_key"": 11240}",0,http_429,"{""detail"":""Rate limit exceeded. Max 30 requests/minute."",""error"":""Too Many Requests""}",0.486
2026-08-23T08:42:42.779213Z,position,position_by_meeting_key_fallback,"{""meeting_key"": 1280}",0,http_429,"{""detail"":""Rate limit exceeded. Max 30 requests/minute."",""error"":""Too Many Requests""}",0.489
2026-08-23T08:42:43.367443Z,stints,stints_by_session_key,"{""session_key"": 11240}",0,http_429,"{""detail"":""Rate limit exceeded. Max 30 requests/minute."",""error"":""Too Many Requests""}",0.487
2026-08-23T08:42:43.950022Z,pit,pit_by_session_key,"{""session_key"": 11240}",0,http_429,"{""detail"":""Rate limit exceeded. Max 30 requests/minute."",""error"":""Too Many Requests""}",0.481
2026-08-23T08:42:44.537503Z,starting_grid,starting_grid_by_session_key,"{""session_key"": 11240}",0,http_429,"{""detail"":""Rate limit exceeded. Max 30 requests/minute."",""error"":""Too Many Requests""}",0.486
2026-08-23T08:42:45.121822Z,drivers,drivers_by_session_key,"{""session_key"": 11240}",0,http_429,"{""detail"":""Rate limit exceeded. Max 30 requests/minute."",""error"":""Too Many Requests""}",0.483
2026-08-23T08:42:45.755816Z,drivers,drivers_by_observed_driver_number,"{""driver_number"": 1, ""session_key"": 11240}",0,http_429,"{""detail"":""Rate limit exceeded. Max 30 requests/minute."",""error"":""Too Many Requests""}",0.526
2026-08-23T08:42:46.403480Z,drivers,drivers_by_observed_driver_number,"{""driver_number"": 3, ""session_key"": 11240}",0,http_429,"{""detail"":""Rate limit exceeded. Max 30 requests/minute."",""error"":""Too Many Requests""}",0.547
2026-08-23T08:42:46.988130Z,drivers,drivers_by_observed_driver_number,"{""driver_number"": 5, ""session_key"": 11240}",0,http_429,"{""detail"":""Rate limit exceeded. Max 30 requests/minute."",""error"":""Too Many Requests""}",0.483
2026-08-23T08:42:47.593920Z,drivers,drivers_by_observed_driver_number,"{""driver_number"": 6, ""session_key"": 11240}",0,http_429,"{""detail"":""Rate limit exceeded. Max 30 requests/minute."",""error"":""Too Many Requests""}",0.505
2026-08-23T08:42:48.193121Z,drivers,drivers_by_observed_driver_number,"{""driver_number"": 10, ""session_key"": 11240}",0,http_429,"{""detail"":""Rate limit exceeded. Max 30 requests/minute."",""error"":""Too Many Requests""}",0.498
2026-08-23T08:42:48.782517Z,drivers,drivers_by_observed_driver_number,"{""driver_number"": 11, ""session_key"": 11240}",0,http_429,"{""detail"":""Rate limit exceeded. Max 30 requests/minute."",""error"":""Too Many Requests""}",0.488
2026-08-23T08:42:49.372467Z,drivers,drivers_by_observed_driver_number,"{""driver_number"": 12, ""session_key"": 11240}",0,http_429,"{""detail"":""Rate limit exceeded. Max 30 requests/minute."",""error"":""Too Many Requests""}",0.489
2026-08-23T08:42:49.963117Z,drivers,drivers_by_observed_driver_number,"{""driver_number"": 14, ""session_key"": 11240}",0,http_429,"{""detail"":""Rate limit exceeded. Max 30 requests/minute."",""error"":""Too Many Requests""}",0.489
2026-08-23T08:42:50.546002Z,drivers,drivers_by_observed_driver_number,"{""driver_number"": 16, ""session_key"": 11240}",0,http_429,"{""detail"":""Rate limit exceeded. Max 30 requests/minute."",""error"":""Too Many Requests""}",0.482
2026-08-23T08:42:51.136599Z,drivers,drivers_by_observed_driver_number,"{""driver_number"": 18, ""session_key"": 11240}",0,http_429,"{""detail"":""Rate limit exceeded. Max 30 requests/minute."",""error"":""Too Many Requests""}",0.489
2026-08-23T08:42:51.720806Z,drivers,drivers_by_observed_driver_number,"{""driver_number"": 23, ""session_key"": 11240}",0,http_429,"{""detail"":""Rate limit exceeded. Max 30 requests/minute."",""error"":""Too Many Requests""}",0.483
2026-08-23T08:42:52.306149Z,drivers,drivers_by_observed_driver_number,"{""driver_number"": 27, ""session_key"": 11240}",0,http_429,"{""detail"":""Rate limit exceeded. Max 30 requests/minute."",""error"":""Too Many Requests""}",0.484
2026-08-23T08:42:52.906064Z,drivers,drivers_by_observed_driver_number,"{""driver_number"": 30, ""session_key"": 11240}",0,http_429,"{""detail"":""Rate limit exceeded. Max 30 requests/minute."",""error"":""Too Many Requests""}",0.499
2026-08-23T08:42:53.491586Z,drivers,drivers_by_observed_driver_number,"{""driver_number"": 31, ""session_key"": 11240}",0,http_429,"{""detail"":""Rate limit exceeded. Max 30 requests/minute."",""error"":""Too Many Requests""}",0.484
2026-08-23T08:42:54.095810Z,drivers,drivers_by_observed_driver_number,"{""driver_number"": 41, ""session_key"": 11240}",0,http_429,"{""detail"":""Rate limit exceeded. Max 30 requests/minute."",""error"":""Too Many Requests""}",0.503
2026-08-23T08:42:54.696857Z,drivers,drivers_by_observed_driver_number,"{""driver_number"": 43, ""session_key"": 11240}",0,http_429,"{""detail"":""Rate limit exceeded. Max 30 requests/minute."",""error"":""Too Many Requests""}",0.5
2026-08-23T08:42:55.286477Z,drivers,drivers_by_observed_driver_number,"{""driver_number"": 44, ""session_key"": 11240}",0,http_429,"{""detail"":""Rate limit exceeded. Max 30 requests/minute."",""error"":""Too Many Requests""}",0.488
2026-08-23T08:42:55.875081Z,drivers,drivers_by_observed_driver_number,"{""driver_number"": 55, ""session_key"": 11240}",0,http_429,"{""detail"":""Rate limit exceeded. Max 30 requests/minute."",""error"":""Too Many Requests""}",0.487
2026-08-23T08:42:56.462184Z,drivers,drivers_by_observed_driver_number,"{""driver_number"": 63, ""session_key"": 11240}",0,http_429,"{""detail"":""Rate limit exceeded. Max 30 requests/minute."",""error"":""Too Many Requests""}",0.486
2026-08-23T08:42:57.044177Z,drivers,drivers_by_observed_driver_number,"{""driver_number"": 77, ""session_key"": 11240}",0,http_429,"{""detail"":""Rate limit exceeded. Max 30 requests/minute."",""error"":""Too Many Requests""}",0.481
2026-08-23T08:42:57.632318Z,drivers,drivers_by_observed_driver_number,"{""driver_number"": 81, ""session_key"": 11240}",0,http_429,"{""detail"":""Rate limit exceeded. Max 30 requests/minute."",""error"":""Too Many Requests""}",0.487
2026-08-23T08:42:58.230361Z,drivers,drivers_by_observed_driver_number,"{""driver_number"": 87, ""session_key"": 11240}",0,http_429,"{""detail"":""Rate limit exceeded. Max 30 requests/minute."",""error"":""Too Many Requests""}",0.497
2026-08-23T08:42:58.814094Z,drivers,drivers_by_observed_driver_number,"{""driver_number"": 241, ""session_key"": 11240}",0,http_429,"{""detail"":""Rate limit exceeded. Max 30 requests/minute."",""error"":""Too Many Requests""}",0.483
2026-08-23T08:42:59.414637Z,drivers,drivers_by_observed_driver_number,"{""driver_number"": 243, ""session_key"": 11240}",0,http_429,"{""detail"":""Rate limit exceeded. Max 30 requests/minute."",""error"":""Too Many Requests""}",0.499
2026-08-23T08:42:59.999737Z,drivers,drivers_by_observed_driver_number,"{""driver_number"": 247, ""session_key"": 11240}",0,http_429,"{""detail"":""Rate limit exceeded. Max 30 requests/minute."",""error"":""Too Many Requests""}",0.484
2026-08-23T08:43:00.605664Z,team_radio,team_radio_by_session_key_opportunistic,"{""session_key"": 11240}",0,http_404,"{""detail"":""No results found.""}",0.505
2026-08-23T08:43:01.214722Z,weather,weather_by_session_key,"{""session_key"": 11241}",79,pass,,0.508
2026-08-23T08:43:01.809321Z,race_control,race_control_by_session_key,"{""session_key"": 11241}",47,pass,,0.493
2026-08-23T08:43:02.400638Z,intervals,intervals_by_session_key,"{""session_key"": 11241}",0,http_404,"{""detail"":""No results found.""}",0.49
2026-08-23T08:43:03.014716Z,position,position_by_session_key,"{""session_key"": 11241}",922,pass,,0.513
2026-08-23T08:43:03.602480Z,stints,stints_by_session_key,"{""session_key"": 11241}",42,pass,,0.486
2026-08-23T08:43:03.704276Z,pit,skip_non_race_like_session,"{""session_key"": 11241}",0,skipped_not_applicable,pit endpoint is only treated as required for race/sprint-like sessions,0.0
2026-08-23T08:43:04.193051Z,starting_grid,starting_grid_by_session_key,"{""session_key"": 11241}",22,pass,,0.489
2026-08-23T08:43:04.779687Z,drivers,drivers_by_session_key,"{""session_key"": 11241}",22,pass,,0.485
2026-08-23T08:43:05.364193Z,team_radio,team_radio_by_session_key_opportunistic,"{""session_key"": 11241}",0,http_404,"{""detail"":""No results found.""}",0.483
2026-08-23T08:43:05.975948Z,weather,weather_by_session_key,"{""session_key"": 11245}",152,pass,,0.51
2026-08-23T08:43:06.568035Z,race_control,race_control_by_session_key,"{""session_key"": 11245}",88,pass,,0.49
2026-08-23T08:43:09.336505Z,intervals,intervals_by_session_key,"{""session_key"": 11245}",20663,pass,,2.667
2026-08-23T08:43:09.947236Z,position,position_by_session_key,"{""session_key"": 11245}",524,pass,,0.507
2026-08-23T08:43:10.545939Z,stints,stints_by_session_key,"{""session_key"": 11245}",41,pass,,0.497
2026-08-23T08:43:11.133594Z,pit,pit_by_session_key,"{""session_key"": 11245}",19,pass,,0.486
2026-08-23T08:43:11.730088Z,starting_grid,starting_grid_by_session_key,"{""session_key"": 11245}",0,http_404,"{""detail"":""No results found.""}",0.495
2026-08-23T08:43:12.340638Z,drivers,drivers_by_session_key,"{""session_key"": 11245}",22,pass,,0.509
2026-08-23T08:43:12.931849Z,team_radio,team_radio_by_session_key_opportunistic,"{""session_key"": 11245}",0,http_404,"{""detail"":""No results found.""}",0.489
2026-08-23T08:43:13.546195Z,weather,weather_by_session_key,"{""session_key"": 11246}",83,pass,,0.513
2026-08-23T08:43:14.139917Z,race_control,race_control_by_session_key,"{""session_key"": 11246}",68,pass,,0.492
2026-08-23T08:43:14.734194Z,intervals,intervals_by_session_key,"{""session_key"": 11246}",0,http_404,"{""detail"":""No results found.""}",0.492
2026-08-23T08:43:15.369377Z,position,position_by_session_key,"{""session_key"": 11246}",709,pass,,0.534
2026-08-23T08:43:15.988040Z,stints,stints_by_session_key,"{""session_key"": 11246}",94,pass,,0.517
2026-08-23T08:43:16.089977Z,pit,skip_non_race_like_session,"{""session_key"": 11246}",0,skipped_not_applicable,pit endpoint is only treated as required for race/sprint-like sessions,0.0
2026-08-23T08:43:16.576832Z,starting_grid,starting_grid_by_session_key,"{""session_key"": 11246}",0,http_404,"{""detail"":""No results found.""}",0.487
2026-08-23T08:43:17.179065Z,drivers,drivers_by_session_key,"{""session_key"": 11246}",22,pass,,0.501
2026-08-23T08:43:17.764340Z,team_radio,team_radio_by_session_key_opportunistic,"{""session_key"": 11246}",0,http_404,"{""detail"":""No results found.""}",0.484
2026-08-23T08:43:18.353013Z,weather,weather_by_session_key,"{""session_key"": 11247}",85,pass,,0.487
2026-08-23T08:43:18.957444Z,race_control,race_control_by_session_key,"{""session_key"": 11247}",66,pass,,0.503
2026-08-23T08:43:19.545289Z,intervals,intervals_by_session_key,"{""session_key"": 11247}",0,http_404,"{""detail"":""No results found.""}",0.486
2026-08-23T08:43:20.170282Z,position,position_by_session_key,"{""session_key"": 11247}",576,pass,,0.524
2026-08-23T08:43:20.762316Z,stints,stints_by_session_key,"{""session_key"": 11247}",0,http_429,"{""detail"":""Rate limit exceeded. Max 30 requests/minute."",""error"":""Too Many Requests""}",0.49
2026-08-23T08:43:20.863485Z,pit,skip_non_race_like_session,"{""session_key"": 11247}",0,skipped_not_applicable,pit endpoint is only treated as required for race/sprint-like sessions,0.0
2026-08-23T08:43:21.350460Z,starting_grid,starting_grid_by_session_key,"{""session_key"": 11247}",0,http_429,"{""detail"":""Rate limit exceeded. Max 30 requests/minute."",""error"":""Too Many Requests""}",0.487
2026-08-23T08:43:21.939774Z,drivers,drivers_by_session_key,"{""session_key"": 11247}",0,http_429,"{""detail"":""Rate limit exceeded. Max 30 requests/minute."",""error"":""Too Many Requests""}",0.488
2026-08-23T08:43:22.553233Z,drivers,drivers_by_observed_driver_number,"{""driver_number"": 1, ""session_key"": 11247}",0,http_429,"{""detail"":""Rate limit exceeded. Max 30 requests/minute."",""error"":""Too Many Requests""}",0.503
2026-08-23T08:43:23.135902Z,drivers,drivers_by_observed_driver_number,"{""driver_number"": 3, ""session_key"": 11247}",0,http_429,"{""detail"":""Rate limit exceeded. Max 30 requests/minute."",""error"":""Too Many Requests""}",0.482
2026-08-23T08:43:23.722615Z,drivers,drivers_by_observed_driver_number,"{""driver_number"": 5, ""session_key"": 11247}",0,http_429,"{""detail"":""Rate limit exceeded. Max 30 requests/minute."",""error"":""Too Many Requests""}",0.486
2026-08-23T08:43:24.305056Z,drivers,drivers_by_observed_driver_number,"{""driver_number"": 6, ""session_key"": 11247}",0,http_429,"{""detail"":""Rate limit exceeded. Max 30 requests/minute."",""error"":""Too Many Requests""}",0.481
2026-08-23T08:43:24.887205Z,drivers,drivers_by_observed_driver_number,"{""driver_number"": 10, ""session_key"": 11247}",0,http_429,"{""detail"":""Rate limit exceeded. Max 30 requests/minute."",""error"":""Too Many Requests""}",0.481
2026-08-23T08:43:25.488003Z,drivers,drivers_by_observed_driver_number,"{""driver_number"": 11, ""session_key"": 11247}",0,http_429,"{""detail"":""Rate limit exceeded. Max 30 requests/minute."",""error"":""Too Many Requests""}",0.5
2026-08-23T08:43:26.073993Z,drivers,drivers_by_observed_driver_number,"{""driver_number"": 12, ""session_key"": 11247}",0,http_429,"{""detail"":""Rate limit exceeded. Max 30 requests/minute."",""error"":""Too Many Requests""}",0.485
2026-08-23T08:43:26.673582Z,drivers,drivers_by_observed_driver_number,"{""driver_number"": 14, ""session_key"": 11247}",0,http_429,"{""detail"":""Rate limit exceeded. Max 30 requests/minute."",""error"":""Too Many Requests""}",0.498
2026-08-23T08:43:27.262908Z,drivers,drivers_by_observed_driver_number,"{""driver_number"": 16, ""session_key"": 11247}",0,http_429,"{""detail"":""Rate limit exceeded. Max 30 requests/minute."",""error"":""Too Many Requests""}",0.488
2026-08-23T08:43:27.850398Z,drivers,drivers_by_observed_driver_number,"{""driver_number"": 18, ""session_key"": 11247}",0,http_429,"{""detail"":""Rate limit exceeded. Max 30 requests/minute."",""error"":""Too Many Requests""}",0.486
2026-08-23T08:43:28.439572Z,drivers,drivers_by_observed_driver_number,"{""driver_number"": 23, ""session_key"": 11247}",0,http_429,"{""detail"":""Rate limit exceeded. Max 30 requests/minute."",""error"":""Too Many Requests""}",0.488
2026-08-23T08:43:29.043214Z,drivers,drivers_by_observed_driver_number,"{""driver_number"": 27, ""session_key"": 11247}",0,http_429,"{""detail"":""Rate limit exceeded. Max 30 requests/minute."",""error"":""Too Many Requests""}",0.503
2026-08-23T08:43:29.626705Z,drivers,drivers_by_observed_driver_number,"{""driver_number"": 30, ""session_key"": 11247}",0,http_429,"{""detail"":""Rate limit exceeded. Max 30 requests/minute."",""error"":""Too Many Requests""}",0.482
2026-08-23T08:43:30.213955Z,drivers,drivers_by_observed_driver_number,"{""driver_number"": 31, ""session_key"": 11247}",0,http_429,"{""detail"":""Rate limit exceeded. Max 30 requests/minute."",""error"":""Too Many Requests""}",0.486
2026-08-23T08:43:30.797405Z,drivers,drivers_by_observed_driver_number,"{""driver_number"": 34, ""session_key"": 11247}",0,http_429,"{""detail"":""Rate limit exceeded. Max 30 requests/minute."",""error"":""Too Many Requests""}",0.482
2026-08-23T08:43:31.382532Z,drivers,drivers_by_observed_driver_number,"{""driver_number"": 41, ""session_key"": 11247}",0,http_429,"{""detail"":""Rate limit exceeded. Max 30 requests/minute."",""error"":""Too Many Requests""}",0.484
2026-08-23T08:43:31.982889Z,drivers,drivers_by_observed_driver_number,"{""driver_number"": 43, ""session_key"": 11247}",0,http_429,"{""detail"":""Rate limit exceeded. Max 30 requests/minute."",""error"":""Too Many Requests""}",0.499
2026-08-23T08:43:32.566724Z,drivers,drivers_by_observed_driver_number,"{""driver_number"": 44, ""session_key"": 11247}",0,http_429,"{""detail"":""Rate limit exceeded. Max 30 requests/minute."",""error"":""Too Many Requests""}",0.483
2026-08-23T08:43:33.166303Z,drivers,drivers_by_observed_driver_number,"{""driver_number"": 55, ""session_key"": 11247}",0,http_429,"{""detail"":""Rate limit exceeded. Max 30 requests/minute."",""error"":""Too Many Requests""}",0.498
2026-08-23T08:43:33.755279Z,drivers,drivers_by_observed_driver_number,"{""driver_number"": 63, ""session_key"": 11247}",0,http_429,"{""detail"":""Rate limit exceeded. Max 30 requests/minute."",""error"":""Too Many Requests""}",0.488
2026-08-23T08:43:34.341818Z,drivers,drivers_by_observed_driver_number,"{""driver_number"": 77, ""session_key"": 11247}",0,http_429,"{""detail"":""Rate limit exceeded. Max 30 requests/minute."",""error"":""Too Many Requests""}",0.485
2026-08-23T08:43:34.929223Z,drivers,drivers_by_observed_driver_number,"{""driver_number"": 81, ""session_key"": 11247}",0,http_429,"{""detail"":""Rate limit exceeded. Max 30 requests/minute."",""error"":""Too Many Requests""}",0.486
2026-08-23T08:43:35.532611Z,drivers,drivers_by_observed_driver_number,"{""driver_number"": 87, ""session_key"": 11247}",0,http_429,"{""detail"":""Rate limit exceeded. Max 30 requests/minute."",""error"":""Too Many Requests""}",0.502
2026-08-23T08:43:36.115744Z,drivers,drivers_by_observed_driver_number,"{""driver_number"": 241, ""session_key"": 11247}",0,http_429,"{""detail"":""Rate limit exceeded. Max 30 requests/minute."",""error"":""Too Many Requests""}",0.482
2026-08-23T08:43:36.701792Z,drivers,drivers_by_observed_driver_number,"{""driver_number"": 243, ""session_key"": 11247}",0,http_429,"{""detail"":""Rate limit exceeded. Max 30 requests/minute."",""error"":""Too Many Requests""}",0.485
2026-08-23T08:43:37.286996Z,drivers,drivers_by_observed_driver_number,"{""driver_number"": 247, ""session_key"": 11247}",0,http_429,"{""detail"":""Rate limit exceeded. Max 30 requests/minute."",""error"":""Too Many Requests""}",0.484
2026-08-23T08:43:37.871296Z,team_radio,team_radio_by_session_key_opportunistic,"{""session_key"": 11247}",0,http_429,"{""detail"":""Rate limit exceeded. Max 30 requests/minute."",""error"":""Too Many Requests""}",0.483
2026-08-23T08:43:38.470106Z,weather,weather_by_session_key,"{""session_key"": 11248}",0,http_429,"{""detail"":""Rate limit exceeded. Max 30 requests/minute."",""error"":""Too Many Requests""}",0.498
2026-08-23T08:43:39.055631Z,race_control,race_control_by_session_key,"{""session_key"": 11248}",0,http_429,"{""detail"":""Rate limit exceeded. Max 30 requests/minute."",""error"":""Too Many Requests""}",0.484
2026-08-23T08:43:39.654654Z,intervals,intervals_by_session_key,"{""session_key"": 11248}",0,http_429,"{""detail"":""Rate limit exceeded. Max 30 requests/minute."",""error"":""Too Many Requests""}",0.498
2026-08-23T08:43:40.242800Z,position,position_by_session_key,"{""session_key"": 11248}",0,http_429,"{""detail"":""Rate limit exceeded. Max 30 requests/minute."",""error"":""Too Many Requests""}",0.487
2026-08-23T08:43:40.829352Z,position,position_by_meeting_key_fallback,"{""meeting_key"": 1281}",0,http_429,"{""detail"":""Rate limit exceeded. Max 30 requests/minute."",""error"":""Too Many Requests""}",0.485
2026-08-23T08:43:41.417592Z,stints,stints_by_session_key,"{""session_key"": 11248}",0,http_429,"{""detail"":""Rate limit exceeded. Max 30 requests/minute."",""error"":""Too Many Requests""}",0.487
2026-08-23T08:43:41.518886Z,pit,skip_non_race_like_session,"{""session_key"": 11248}",0,skipped_not_applicable,pit endpoint is only treated as required for race/sprint-like sessions,0.0
2026-08-23T08:43:42.021522Z,starting_grid,starting_grid_by_session_key,"{""session_key"": 11248}",0,http_429,"{""detail"":""Rate limit exceeded. Max 30 requests/minute."",""error"":""Too Many Requests""}",0.502
2026-08-23T08:43:42.603648Z,drivers,drivers_by_session_key,"{""session_key"": 11248}",0,http_429,"{""detail"":""Rate limit exceeded. Max 30 requests/minute."",""error"":""Too Many Requests""}",0.481
2026-08-23T08:43:43.516811Z,drivers,drivers_by_observed_driver_number,"{""driver_number"": 1, ""session_key"": 11248}",0,http_429,"{""detail"":""Rate limit exceeded. Max 30 requests/minute."",""error"":""Too Many Requests""}",0.803
2026-08-23T08:43:44.312844Z,drivers,drivers_by_observed_driver_number,"{""driver_number"": 3, ""session_key"": 11248}",0,http_429,"{""detail"":""Rate limit exceeded. Max 30 requests/minute."",""error"":""Too Many Requests""}",0.695
2026-08-23T08:43:45.151102Z,drivers,drivers_by_observed_driver_number,"{""driver_number"": 5, ""session_key"": 11248}",0,http_429,"{""detail"":""Rate limit exceeded. Max 30 requests/minute."",""error"":""Too Many Requests""}",0.737
2026-08-23T08:43:45.751105Z,drivers,drivers_by_observed_driver_number,"{""driver_number"": 6, ""session_key"": 11248}",0,http_429,"{""detail"":""Rate limit exceeded. Max 30 requests/minute."",""error"":""Too Many Requests""}",0.499
2026-08-23T08:43:46.592535Z,drivers,drivers_by_observed_driver_number,"{""driver_number"": 10, ""session_key"": 11248}",0,http_429,"{""detail"":""Rate limit exceeded. Max 30 requests/minute."",""error"":""Too Many Requests""}",0.74
2026-08-23T08:43:47.407274Z,drivers,drivers_by_observed_driver_number,"{""driver_number"": 11, ""session_key"": 11248}",0,http_429,"{""detail"":""Rate limit exceeded. Max 30 requests/minute."",""error"":""Too Many Requests""}",0.714
2026-08-23T08:43:48.246266Z,drivers,drivers_by_observed_driver_number,"{""driver_number"": 12, ""session_key"": 11248}",0,http_429,"{""detail"":""Rate limit exceeded. Max 30 requests/minute."",""error"":""Too Many Requests""}",0.738
2026-08-23T08:43:49.045144Z,drivers,drivers_by_observed_driver_number,"{""driver_number"": 14, ""session_key"": 11248}",0,http_429,"{""detail"":""Rate limit exceeded. Max 30 requests/minute."",""error"":""Too Many Requests""}",0.698
2026-08-23T08:43:49.649502Z,drivers,drivers_by_observed_driver_number,"{""driver_number"": 16, ""session_key"": 11248}",0,http_429,"{""detail"":""Rate limit exceeded. Max 30 requests/minute."",""error"":""Too Many Requests""}",0.503
2026-08-23T08:43:50.236513Z,drivers,drivers_by_observed_driver_number,"{""driver_number"": 18, ""session_key"": 11248}",0,http_429,"{""detail"":""Rate limit exceeded. Max 30 requests/minute."",""error"":""Too Many Requests""}",0.486
2026-08-23T08:43:50.820344Z,drivers,drivers_by_observed_driver_number,"{""driver_number"": 23, ""session_key"": 11248}",0,http_429,"{""detail"":""Rate limit exceeded. Max 30 requests/minute."",""error"":""Too Many Requests""}",0.483
2026-08-23T08:43:51.655674Z,drivers,drivers_by_observed_driver_number,"{""driver_number"": 27, ""session_key"": 11248}",0,http_429,"{""detail"":""Rate limit exceeded. Max 30 requests/minute."",""error"":""Too Many Requests""}",0.734
2026-08-23T08:43:52.254955Z,drivers,drivers_by_observed_driver_number,"{""driver_number"": 30, ""session_key"": 11248}",0,http_429,"{""detail"":""Rate limit exceeded. Max 30 requests/minute."",""error"":""Too Many Requests""}",0.498
2026-08-23T08:43:52.841908Z,drivers,drivers_by_observed_driver_number,"{""driver_number"": 31, ""session_key"": 11248}",0,http_429,"{""detail"":""Rate limit exceeded. Max 30 requests/minute."",""error"":""Too Many Requests""}",0.486
2026-08-23T08:43:53.426827Z,drivers,drivers_by_observed_driver_number,"{""driver_number"": 34, ""session_key"": 11248}",0,http_429,"{""detail"":""Rate limit exceeded. Max 30 requests/minute."",""error"":""Too Many Requests""}",0.484
2026-08-23T08:43:54.079184Z,drivers,drivers_by_observed_driver_number,"{""driver_number"": 41, ""session_key"": 11248}",0,http_429,"{""detail"":""Rate limit exceeded. Max 30 requests/minute."",""error"":""Too Many Requests""}",0.551
2026-08-23T08:43:54.666216Z,drivers,drivers_by_observed_driver_number,"{""driver_number"": 43, ""session_key"": 11248}",0,http_429,"{""detail"":""Rate limit exceeded. Max 30 requests/minute."",""error"":""Too Many Requests""}",0.486
2026-08-23T08:43:55.255754Z,drivers,drivers_by_observed_driver_number,"{""driver_number"": 44, ""session_key"": 11248}",0,http_429,"{""detail"":""Rate limit exceeded. Max 30 requests/minute."",""error"":""Too Many Requests""}",0.488
2026-08-23T08:43:55.840516Z,drivers,drivers_by_observed_driver_number,"{""driver_number"": 55, ""session_key"": 11248}",0,http_429,"{""detail"":""Rate limit exceeded. Max 30 requests/minute."",""error"":""Too Many Requests""}",0.484
2026-08-23T08:43:56.446044Z,drivers,drivers_by_observed_driver_number,"{""driver_number"": 63, ""session_key"": 11248}",0,http_429,"{""detail"":""Rate limit exceeded. Max 30 requests/minute."",""error"":""Too Many Requests""}",0.504
2026-08-23T08:43:57.085652Z,drivers,drivers_by_observed_driver_number,"{""driver_number"": 77, ""session_key"": 11248}",0,http_429,"{""detail"":""Rate limit exceeded. Max 30 requests/minute."",""error"":""Too Many Requests""}",0.538
2026-08-23T08:43:57.894813Z,drivers,drivers_by_observed_driver_number,"{""driver_number"": 81, ""session_key"": 11248}",0,http_429,"{""detail"":""Rate limit exceeded. Max 30 requests/minute."",""error"":""Too Many Requests""}",0.708
2026-08-23T08:43:58.789262Z,drivers,drivers_by_observed_driver_number,"{""driver_number"": 87, ""session_key"": 11248}",0,http_429,"{""detail"":""Rate limit exceeded. Max 30 requests/minute."",""error"":""Too Many Requests""}",0.793
2026-08-23T08:43:59.388477Z,drivers,drivers_by_observed_driver_number,"{""driver_number"": 241, ""session_key"": 11248}",0,http_429,"{""detail"":""Rate limit exceeded. Max 30 requests/minute."",""error"":""Too Many Requests""}",0.498
2026-08-23T08:43:59.973497Z,drivers,drivers_by_observed_driver_number,"{""driver_number"": 243, ""session_key"": 11248}",0,http_429,"{""detail"":""Rate limit exceeded. Max 30 requests/minute."",""error"":""Too Many Requests""}",0.484
2026-08-23T08:44:00.799890Z,drivers,drivers_by_observed_driver_number,"{""driver_number"": 247, ""session_key"": 11248}",0,http_404,"{""detail"":""No results found.""}",0.725
2026-08-23T08:44:01.623235Z,team_radio,team_radio_by_session_key_opportunistic,"{""session_key"": 11248}",0,http_404,"{""detail"":""No results found.""}",0.722
2026-08-23T08:44:02.265522Z,weather,weather_by_session_key,"{""session_key"": 11249}",75,pass,,0.541
2026-08-23T08:44:02.878326Z,race_control,race_control_by_session_key,"{""session_key"": 11249}",26,pass,,0.511
2026-08-23T08:44:03.472154Z,intervals,intervals_by_session_key,"{""session_key"": 11249}",0,http_404,"{""detail"":""No results found.""}",0.492
2026-08-23T08:44:04.324961Z,position,position_by_session_key,"{""session_key"": 11249}",950,pass,,0.752
2026-08-23T08:44:04.917880Z,stints,stints_by_session_key,"{""session_key"": 11249}",98,pass,,0.491
2026-08-23T08:44:05.019690Z,pit,skip_non_race_like_session,"{""session_key"": 11249}",0,skipped_not_applicable,pit endpoint is only treated as required for race/sprint-like sessions,0.0
2026-08-23T08:44:05.506865Z,starting_grid,starting_grid_by_session_key,"{""session_key"": 11249}",22,pass,,0.487
2026-08-23T08:44:06.110521Z,drivers,drivers_by_session_key,"{""session_key"": 11249}",22,pass,,0.502
2026-08-23T08:44:06.695363Z,team_radio,team_radio_by_session_key_opportunistic,"{""session_key"": 11249}",0,http_404,"{""detail"":""No results found.""}",0.483
2026-08-23T08:44:07.302317Z,weather,weather_by_session_key,"{""session_key"": 11253}",156,pass,,0.506
2026-08-23T08:44:07.895079Z,race_control,race_control_by_session_key,"{""session_key"": 11253}",49,pass,,0.491
2026-08-23T08:44:10.382958Z,intervals,intervals_by_session_key,"{""session_key"": 11253}",28324,pass,,2.386
2026-08-23T08:44:11.066493Z,position,position_by_session_key,"{""session_key"": 11253}",445,pass,,0.579
2026-08-23T08:44:11.663078Z,stints,stints_by_session_key,"{""session_key"": 11253}",51,pass,,0.495
2026-08-23T08:44:12.251217Z,pit,pit_by_session_key,"{""session_key"": 11253}",29,pass,,0.486
2026-08-23T08:44:12.835211Z,starting_grid,starting_grid_by_session_key,"{""session_key"": 11253}",0,http_404,"{""detail"":""No results found.""}",0.482
2026-08-23T08:44:13.444712Z,drivers,drivers_by_session_key,"{""session_key"": 11253}",22,pass,,0.508
2026-08-23T08:44:14.033666Z,team_radio,team_radio_by_session_key_opportunistic,"{""session_key"": 11253}",0,http_404,"{""detail"":""No results found.""}",0.487
2026-08-23T08:44:14.641122Z,weather,weather_by_session_key,"{""session_key"": 11254}",0,http_404,"{""detail"":""No results found.""}",0.506
2026-08-23T08:44:15.252402Z,race_control,race_control_by_session_key,"{""session_key"": 11254}",0,http_404,"{""detail"":""No results found.""}",0.51
2026-08-23T08:44:15.842506Z,intervals,intervals_by_session_key,"{""session_key"": 11254}",0,http_404,"{""detail"":""No results found.""}",0.489
2026-08-23T08:44:16.431706Z,position,position_by_session_key,"{""session_key"": 11254}",0,http_404,"{""detail"":""No results found.""}",0.488
2026-08-23T08:44:17.020792Z,position,position_by_meeting_key_fallback,"{""meeting_key"": 1282}",0,http_404,"{""detail"":""No results found.""}",0.488
2026-08-23T08:44:17.606224Z,stints,stints_by_session_key,"{""session_key"": 11254}",0,http_404,"{""detail"":""No results found.""}",0.484
2026-08-23T08:44:17.707387Z,pit,skip_non_race_like_session,"{""session_key"": 11254}",0,skipped_not_applicable,pit endpoint is only treated as required for race/sprint-like sessions,0.0
2026-08-23T08:44:18.196994Z,starting_grid,starting_grid_by_session_key,"{""session_key"": 11254}",0,http_404,"{""detail"":""No results found.""}",0.489
2026-08-23T08:44:18.783236Z,drivers,drivers_by_session_key,"{""session_key"": 11254}",22,pass,,0.485
2026-08-23T08:44:19.375011Z,team_radio,team_radio_by_session_key_opportunistic,"{""session_key"": 11254}",0,http_404,"{""detail"":""No results found.""}",0.49
2026-08-23T08:44:19.975992Z,weather,weather_by_session_key,"{""session_key"": 11255}",0,http_404,"{""detail"":""No results found.""}",0.5
2026-08-23T08:44:20.560734Z,race_control,race_control_by_session_key,"{""session_key"": 11255}",0,http_404,"{""detail"":""No results found.""}",0.484
2026-08-23T08:44:21.164646Z,intervals,intervals_by_session_key,"{""session_key"": 11255}",0,http_429,"{""detail"":""Rate limit exceeded. Max 30 requests/minute."",""error"":""Too Many Requests""}",0.503
2026-08-23T08:44:21.763765Z,position,position_by_session_key,"{""session_key"": 11255}",0,http_429,"{""detail"":""Rate limit exceeded. Max 30 requests/minute."",""error"":""Too Many Requests""}",0.498
2026-08-23T08:44:22.351462Z,position,position_by_meeting_key_fallback,"{""meeting_key"": 1282}",0,http_429,"{""detail"":""Rate limit exceeded. Max 30 requests/minute."",""error"":""Too Many Requests""}",0.487
2026-08-23T08:44:22.951091Z,stints,stints_by_session_key,"{""session_key"": 11255}",0,http_429,"{""detail"":""Rate limit exceeded. Max 30 requests/minute."",""error"":""Too Many Requests""}",0.498
2026-08-23T08:44:23.052281Z,pit,skip_non_race_like_session,"{""session_key"": 11255}",0,skipped_not_applicable,pit endpoint is only treated as required for race/sprint-like sessions,0.0
2026-08-23T08:44:23.540040Z,starting_grid,starting_grid_by_session_key,"{""session_key"": 11255}",0,http_429,"{""detail"":""Rate limit exceeded. Max 30 requests/minute."",""error"":""Too Many Requests""}",0.488
2026-08-23T08:44:24.122471Z,drivers,drivers_by_session_key,"{""session_key"": 11255}",0,http_429,"{""detail"":""Rate limit exceeded. Max 30 requests/minute."",""error"":""Too Many Requests""}",0.481
2026-08-23T08:44:24.722323Z,drivers,drivers_by_observed_driver_number,"{""driver_number"": 1, ""session_key"": 11255}",0,http_429,"{""detail"":""Rate limit exceeded. Max 30 requests/minute."",""error"":""Too Many Requests""}",0.487
2026-08-23T08:44:25.307318Z,drivers,drivers_by_observed_driver_number,"{""driver_number"": 3, ""session_key"": 11255}",0,http_429,"{""detail"":""Rate limit exceeded. Max 30 requests/minute."",""error"":""Too Many Requests""}",0.484
2026-08-23T08:44:25.889463Z,drivers,drivers_by_observed_driver_number,"{""driver_number"": 5, ""session_key"": 11255}",0,http_429,"{""detail"":""Rate limit exceeded. Max 30 requests/minute."",""error"":""Too Many Requests""}",0.481
2026-08-23T08:44:26.550278Z,drivers,drivers_by_observed_driver_number,"{""driver_number"": 6, ""session_key"": 11255}",0,http_429,"{""detail"":""Rate limit exceeded. Max 30 requests/minute."",""error"":""Too Many Requests""}",0.56
2026-08-23T08:44:27.134647Z,drivers,drivers_by_observed_driver_number,"{""driver_number"": 10, ""session_key"": 11255}",0,http_429,"{""detail"":""Rate limit exceeded. Max 30 requests/minute."",""error"":""Too Many Requests""}",0.483
2026-08-23T08:44:27.737805Z,drivers,drivers_by_observed_driver_number,"{""driver_number"": 11, ""session_key"": 11255}",0,http_429,"{""detail"":""Rate limit exceeded. Max 30 requests/minute."",""error"":""Too Many Requests""}",0.502
2026-08-23T08:44:28.389103Z,drivers,drivers_by_observed_driver_number,"{""driver_number"": 12, ""session_key"": 11255}",0,http_429,"{""detail"":""Rate limit exceeded. Max 30 requests/minute."",""error"":""Too Many Requests""}",0.55
2026-08-23T08:44:28.975835Z,drivers,drivers_by_observed_driver_number,"{""driver_number"": 14, ""session_key"": 11255}",0,http_429,"{""detail"":""Rate limit exceeded. Max 30 requests/minute."",""error"":""Too Many Requests""}",0.486
2026-08-23T08:44:29.564770Z,drivers,drivers_by_observed_driver_number,"{""driver_number"": 16, ""session_key"": 11255}",0,http_429,"{""detail"":""Rate limit exceeded. Max 30 requests/minute."",""error"":""Too Many Requests""}",0.488
2026-08-23T08:44:30.151876Z,drivers,drivers_by_observed_driver_number,"{""driver_number"": 18, ""session_key"": 11255}",0,http_429,"{""detail"":""Rate limit exceeded. Max 30 requests/minute."",""error"":""Too Many Requests""}",0.486
2026-08-23T08:44:30.738754Z,drivers,drivers_by_observed_driver_number,"{""driver_number"": 23, ""session_key"": 11255}",0,http_429,"{""detail"":""Rate limit exceeded. Max 30 requests/minute."",""error"":""Too Many Requests""}",0.486
2026-08-23T08:44:31.331004Z,drivers,drivers_by_observed_driver_number,"{""driver_number"": 27, ""session_key"": 11255}",0,http_429,"{""detail"":""Rate limit exceeded. Max 30 requests/minute."",""error"":""Too Many Requests""}",0.491
2026-08-23T08:44:31.914129Z,drivers,drivers_by_observed_driver_number,"{""driver_number"": 30, ""session_key"": 11255}",0,http_429,"{""detail"":""Rate limit exceeded. Max 30 requests/minute."",""error"":""Too Many Requests""}",0.482
2026-08-23T08:44:32.497373Z,drivers,drivers_by_observed_driver_number,"{""driver_number"": 31, ""session_key"": 11255}",0,http_429,"{""detail"":""Rate limit exceeded. Max 30 requests/minute."",""error"":""Too Many Requests""}",0.482
2026-08-23T08:44:33.095784Z,drivers,drivers_by_observed_driver_number,"{""driver_number"": 34, ""session_key"": 11255}",0,http_429,"{""detail"":""Rate limit exceeded. Max 30 requests/minute."",""error"":""Too Many Requests""}",0.497
2026-08-23T08:44:33.679642Z,drivers,drivers_by_observed_driver_number,"{""driver_number"": 41, ""session_key"": 11255}",0,http_429,"{""detail"":""Rate limit exceeded. Max 30 requests/minute."",""error"":""Too Many Requests""}",0.483
2026-08-23T08:44:34.282627Z,drivers,drivers_by_observed_driver_number,"{""driver_number"": 43, ""session_key"": 11255}",0,http_429,"{""detail"":""Rate limit exceeded. Max 30 requests/minute."",""error"":""Too Many Requests""}",0.502
2026-08-23T08:44:34.881008Z,drivers,drivers_by_observed_driver_number,"{""driver_number"": 44, ""session_key"": 11255}",0,http_429,"{""detail"":""Rate limit exceeded. Max 30 requests/minute."",""error"":""Too Many Requests""}",0.497
2026-08-23T08:44:35.467375Z,drivers,drivers_by_observed_driver_number,"{""driver_number"": 55, ""session_key"": 11255}",0,http_429,"{""detail"":""Rate limit exceeded. Max 30 requests/minute."",""error"":""Too Many Requests""}",0.485
2026-08-23T08:44:36.054052Z,drivers,drivers_by_observed_driver_number,"{""driver_number"": 63, ""session_key"": 11255}",0,http_429,"{""detail"":""Rate limit exceeded. Max 30 requests/minute."",""error"":""Too Many Requests""}",0.485
2026-08-23T08:44:36.641662Z,drivers,drivers_by_observed_driver_number,"{""driver_number"": 77, ""session_key"": 11255}",0,http_429,"{""detail"":""Rate limit exceeded. Max 30 requests/minute."",""error"":""Too Many Requests""}",0.486
2026-08-23T08:44:37.225831Z,drivers,drivers_by_observed_driver_number,"{""driver_number"": 81, ""session_key"": 11255}",0,http_429,"{""detail"":""Rate limit exceeded. Max 30 requests/minute."",""error"":""Too Many Requests""}",0.483
2026-08-23T08:44:37.812980Z,drivers,drivers_by_observed_driver_number,"{""driver_number"": 87, ""session_key"": 11255}",0,http_429,"{""detail"":""Rate limit exceeded. Max 30 requests/minute."",""error"":""Too Many Requests""}",0.486
2026-08-23T08:44:38.396391Z,drivers,drivers_by_observed_driver_number,"{""driver_number"": 241, ""session_key"": 11255}",0,http_429,"{""detail"":""Rate limit exceeded. Max 30 requests/minute."",""error"":""Too Many Requests""}",0.482
2026-08-23T08:44:38.979049Z,drivers,drivers_by_observed_driver_number,"{""driver_number"": 243, ""session_key"": 11255}",0,http_429,"{""detail"":""Rate limit exceeded. Max 30 requests/minute."",""error"":""Too Many Requests""}",0.482
2026-08-23T08:44:39.578635Z,drivers,drivers_by_observed_driver_number,"{""driver_number"": 247, ""session_key"": 11255}",0,http_429,"{""detail"":""Rate limit exceeded. Max 30 requests/minute."",""error"":""Too Many Requests""}",0.498
2026-08-23T08:44:40.163139Z,team_radio,team_radio_by_session_key_opportunistic,"{""session_key"": 11255}",0,http_429,"{""detail"":""Rate limit exceeded. Max 30 requests/minute."",""error"":""Too Many Requests""}",0.483
2026-08-23T08:44:40.766654Z,weather,weather_by_session_key,"{""session_key"": 11256}",0,http_429,"{""detail"":""Rate limit exceeded. Max 30 requests/minute."",""error"":""Too Many Requests""}",0.502
2026-08-23T08:44:41.366796Z,race_control,race_control_by_session_key,"{""session_key"": 11256}",0,http_429,"{""detail"":""Rate limit exceeded. Max 30 requests/minute."",""error"":""Too Many Requests""}",0.499
2026-08-23T08:44:41.954384Z,intervals,intervals_by_session_key,"{""session_key"": 11256}",0,http_429,"{""detail"":""Rate limit exceeded. Max 30 requests/minute."",""error"":""Too Many Requests""}",0.486
2026-08-23T08:44:42.544078Z,position,position_by_session_key,"{""session_key"": 11256}",0,http_429,"{""detail"":""Rate limit exceeded. Max 30 requests/minute."",""error"":""Too Many Requests""}",0.488
2026-08-23T08:44:43.133252Z,position,position_by_meeting_key_fallback,"{""meeting_key"": 1282}",0,http_429,"{""detail"":""Rate limit exceeded. Max 30 requests/minute."",""error"":""Too Many Requests""}",0.488
2026-08-23T08:44:43.716145Z,stints,stints_by_session_key,"{""session_key"": 11256}",0,http_429,"{""detail"":""Rate limit exceeded. Max 30 requests/minute."",""error"":""Too Many Requests""}",0.482
2026-08-23T08:44:43.817325Z,pit,skip_non_race_like_session,"{""session_key"": 11256}",0,skipped_not_applicable,pit endpoint is only treated as required for race/sprint-like sessions,0.0
2026-08-23T08:44:44.305257Z,starting_grid,starting_grid_by_session_key,"{""session_key"": 11256}",0,http_429,"{""detail"":""Rate limit exceeded. Max 30 requests/minute."",""error"":""Too Many Requests""}",0.488
2026-08-23T08:44:44.890705Z,drivers,drivers_by_session_key,"{""session_key"": 11256}",0,http_429,"{""detail"":""Rate limit exceeded. Max 30 requests/minute."",""error"":""Too Many Requests""}",0.484
2026-08-23T08:44:45.488697Z,drivers,drivers_by_observed_driver_number,"{""driver_number"": 1, ""session_key"": 11256}",0,http_429,"{""detail"":""Rate limit exceeded. Max 30 requests/minute."",""error"":""Too Many Requests""}",0.486
2026-08-23T08:44:46.088530Z,drivers,drivers_by_observed_driver_number,"{""driver_number"": 3, ""session_key"": 11256}",0,http_429,"{""detail"":""Rate limit exceeded. Max 30 requests/minute."",""error"":""Too Many Requests""}",0.499
2026-08-23T08:44:46.672207Z,drivers,drivers_by_observed_driver_number,"{""driver_number"": 5, ""session_key"": 11256}",0,http_429,"{""detail"":""Rate limit exceeded. Max 30 requests/minute."",""error"":""Too Many Requests""}",0.483
2026-08-23T08:44:47.276139Z,drivers,drivers_by_observed_driver_number,"{""driver_number"": 6, ""session_key"": 11256}",0,http_429,"{""detail"":""Rate limit exceeded. Max 30 requests/minute."",""error"":""Too Many Requests""}",0.503
2026-08-23T08:44:47.874807Z,drivers,drivers_by_observed_driver_number,"{""driver_number"": 10, ""session_key"": 11256}",0,http_429,"{""detail"":""Rate limit exceeded. Max 30 requests/minute."",""error"":""Too Many Requests""}",0.498
2026-08-23T08:44:48.460314Z,drivers,drivers_by_observed_driver_number,"{""driver_number"": 11, ""session_key"": 11256}",0,http_429,"{""detail"":""Rate limit exceeded. Max 30 requests/minute."",""error"":""Too Many Requests""}",0.484
2026-08-23T08:44:49.047358Z,drivers,drivers_by_observed_driver_number,"{""driver_number"": 12, ""session_key"": 11256}",0,http_429,"{""detail"":""Rate limit exceeded. Max 30 requests/minute."",""error"":""Too Many Requests""}",0.486
2026-08-23T08:44:49.634803Z,drivers,drivers_by_observed_driver_number,"{""driver_number"": 14, ""session_key"": 11256}",0,http_429,"{""detail"":""Rate limit exceeded. Max 30 requests/minute."",""error"":""Too Many Requests""}",0.486
2026-08-23T08:44:50.217092Z,drivers,drivers_by_observed_driver_number,"{""driver_number"": 16, ""session_key"": 11256}",0,http_429,"{""detail"":""Rate limit exceeded. Max 30 requests/minute."",""error"":""Too Many Requests""}",0.481
2026-08-23T08:44:50.803962Z,drivers,drivers_by_observed_driver_number,"{""driver_number"": 18, ""session_key"": 11256}",0,http_429,"{""detail"":""Rate limit exceeded. Max 30 requests/minute."",""error"":""Too Many Requests""}",0.486
2026-08-23T08:44:51.387967Z,drivers,drivers_by_observed_driver_number,"{""driver_number"": 23, ""session_key"": 11256}",0,http_429,"{""detail"":""Rate limit exceeded. Max 30 requests/minute."",""error"":""Too Many Requests""}",0.483
2026-08-23T08:44:51.971294Z,drivers,drivers_by_observed_driver_number,"{""driver_number"": 27, ""session_key"": 11256}",0,http_429,"{""detail"":""Rate limit exceeded. Max 30 requests/minute."",""error"":""Too Many Requests""}",0.482
2026-08-23T08:44:52.571966Z,drivers,drivers_by_observed_driver_number,"{""driver_number"": 30, ""session_key"": 11256}",0,http_429,"{""detail"":""Rate limit exceeded. Max 30 requests/minute."",""error"":""Too Many Requests""}",0.5
2026-08-23T08:44:53.156112Z,drivers,drivers_by_observed_driver_number,"{""driver_number"": 31, ""session_key"": 11256}",0,http_429,"{""detail"":""Rate limit exceeded. Max 30 requests/minute."",""error"":""Too Many Requests""}",0.483
2026-08-23T08:44:53.771218Z,drivers,drivers_by_observed_driver_number,"{""driver_number"": 34, ""session_key"": 11256}",0,http_429,"{""detail"":""Rate limit exceeded. Max 30 requests/minute."",""error"":""Too Many Requests""}",0.514
2026-08-23T08:44:54.373070Z,drivers,drivers_by_observed_driver_number,"{""driver_number"": 41, ""session_key"": 11256}",0,http_429,"{""detail"":""Rate limit exceeded. Max 30 requests/minute."",""error"":""Too Many Requests""}",0.501
2026-08-23T08:44:54.960544Z,drivers,drivers_by_observed_driver_number,"{""driver_number"": 43, ""session_key"": 11256}",0,http_429,"{""detail"":""Rate limit exceeded. Max 30 requests/minute."",""error"":""Too Many Requests""}",0.486
2026-08-23T08:44:55.564123Z,drivers,drivers_by_observed_driver_number,"{""driver_number"": 44, ""session_key"": 11256}",0,http_429,"{""detail"":""Rate limit exceeded. Max 30 requests/minute."",""error"":""Too Many Requests""}",0.502
2026-08-23T08:44:56.152827Z,drivers,drivers_by_observed_driver_number,"{""driver_number"": 55, ""session_key"": 11256}",0,http_429,"{""detail"":""Rate limit exceeded. Max 30 requests/minute."",""error"":""Too Many Requests""}",0.488
2026-08-23T08:44:56.735630Z,drivers,drivers_by_observed_driver_number,"{""driver_number"": 63, ""session_key"": 11256}",0,http_429,"{""detail"":""Rate limit exceeded. Max 30 requests/minute."",""error"":""Too Many Requests""}",0.482
2026-08-23T08:44:57.321375Z,drivers,drivers_by_observed_driver_number,"{""driver_number"": 77, ""session_key"": 11256}",0,http_429,"{""detail"":""Rate limit exceeded. Max 30 requests/minute."",""error"":""Too Many Requests""}",0.485
2026-08-23T08:44:57.905592Z,drivers,drivers_by_observed_driver_number,"{""driver_number"": 81, ""session_key"": 11256}",0,http_429,"{""detail"":""Rate limit exceeded. Max 30 requests/minute."",""error"":""Too Many Requests""}",0.483
2026-08-23T08:44:58.490646Z,drivers,drivers_by_observed_driver_number,"{""driver_number"": 87, ""session_key"": 11256}",0,http_429,"{""detail"":""Rate limit exceeded. Max 30 requests/minute."",""error"":""Too Many Requests""}",0.484
2026-08-23T08:44:59.090770Z,drivers,drivers_by_observed_driver_number,"{""driver_number"": 241, ""session_key"": 11256}",0,http_429,"{""detail"":""Rate limit exceeded. Max 30 requests/minute."",""error"":""Too Many Requests""}",0.499
2026-08-23T08:44:59.674806Z,drivers,drivers_by_observed_driver_number,"{""driver_number"": 243, ""session_key"": 11256}",0,http_429,"{""detail"":""Rate limit exceeded. Max 30 requests/minute."",""error"":""Too Many Requests""}",0.483
2026-08-23T08:45:00.284401Z,drivers,drivers_by_observed_driver_number,"{""driver_number"": 247, ""session_key"": 11256}",0,http_404,"{""detail"":""No results found.""}",0.509
2026-08-23T08:45:00.884786Z,team_radio,team_radio_by_session_key_opportunistic,"{""session_key"": 11256}",0,http_404,"{""detail"":""No results found.""}",0.499
2026-08-23T08:45:01.472577Z,weather,weather_by_session_key,"{""session_key"": 11257}",0,http_404,"{""detail"":""No results found.""}",0.487
2026-08-23T08:45:02.062380Z,race_control,race_control_by_session_key,"{""session_key"": 11257}",0,http_404,"{""detail"":""No results found.""}",0.489
2026-08-23T08:45:02.651832Z,intervals,intervals_by_session_key,"{""session_key"": 11257}",0,http_404,"{""detail"":""No results found.""}",0.488
2026-08-23T08:45:03.235543Z,position,position_by_session_key,"{""session_key"": 11257}",0,http_404,"{""detail"":""No results found.""}",0.482
2026-08-23T08:45:03.823943Z,position,position_by_meeting_key_fallback,"{""meeting_key"": 1282}",0,http_404,"{""detail"":""No results found.""}",0.487
2026-08-23T08:45:04.408512Z,stints,stints_by_session_key,"{""session_key"": 11257}",0,http_404,"{""detail"":""No results found.""}",0.483
2026-08-23T08:45:04.509788Z,pit,skip_non_race_like_session,"{""session_key"": 11257}",0,skipped_not_applicable,pit endpoint is only treated as required for race/sprint-like sessions,0.0
2026-08-23T08:45:04.992586Z,starting_grid,starting_grid_by_session_key,"{""session_key"": 11257}",0,http_404,"{""detail"":""No results found.""}",0.483
2026-08-23T08:45:05.595350Z,drivers,drivers_by_session_key,"{""session_key"": 11257}",22,pass,,0.501
2026-08-23T08:45:06.207686Z,team_radio,team_radio_by_session_key_opportunistic,"{""session_key"": 11257}",0,http_404,"{""detail"":""No results found.""}",0.51
2026-08-23T08:45:06.815595Z,weather,weather_by_session_key,"{""session_key"": 11261}",0,http_404,"{""detail"":""No results found.""}",0.507
2026-08-23T08:45:07.415736Z,race_control,race_control_by_session_key,"{""session_key"": 11261}",0,http_404,"{""detail"":""No results found.""}",0.499
2026-08-23T08:45:08.005187Z,intervals,intervals_by_session_key,"{""session_key"": 11261}",0,http_404,"{""detail"":""No results found.""}",0.488
2026-08-23T08:45:08.593952Z,position,position_by_session_key,"{""session_key"": 11261}",0,http_404,"{""detail"":""No results found.""}",0.488
2026-08-23T08:45:09.183513Z,position,position_by_meeting_key_fallback,"{""meeting_key"": 1282}",0,http_404,"{""detail"":""No results found.""}",0.488
2026-08-23T08:45:09.766913Z,stints,stints_by_session_key,"{""session_key"": 11261}",0,http_404,"{""detail"":""No results found.""}",0.482
2026-08-23T08:45:10.360494Z,pit,pit_by_session_key,"{""session_key"": 11261}",0,http_404,"{""detail"":""No results found.""}",0.492
2026-08-23T08:45:10.945676Z,starting_grid,starting_grid_by_session_key,"{""session_key"": 11261}",0,http_404,"{""detail"":""No results found.""}",0.484
2026-08-23T08:45:11.536485Z,drivers,drivers_by_session_key,"{""session_key"": 11261}",22,pass,,0.49
2026-08-23T08:45:12.138157Z,team_radio,team_radio_by_session_key_opportunistic,"{""session_key"": 11261}",0,http_404,"{""detail"":""No results found.""}",0.5
2026-08-23T08:45:12.730719Z,weather,weather_by_session_key,"{""session_key"": 11262}",0,http_404,"{""detail"":""No results found.""}",0.491
2026-08-23T08:45:13.337098Z,race_control,race_control_by_session_key,"{""session_key"": 11262}",0,http_404,"{""detail"":""No results found.""}",0.505
2026-08-23T08:45:14.013036Z,intervals,intervals_by_session_key,"{""session_key"": 11262}",0,http_404,"{""detail"":""No results found.""}",0.575
2026-08-23T08:45:14.602258Z,position,position_by_session_key,"{""session_key"": 11262}",0,http_404,"{""detail"":""No results found.""}",0.488
2026-08-23T08:45:15.191759Z,position,position_by_meeting_key_fallback,"{""meeting_key"": 1283}",0,http_404,"{""detail"":""No results found.""}",0.488
2026-08-23T08:45:15.780877Z,stints,stints_by_session_key,"{""session_key"": 11262}",0,http_404,"{""detail"":""No results found.""}",0.488
2026-08-23T08:45:15.882133Z,pit,skip_non_race_like_session,"{""session_key"": 11262}",0,skipped_not_applicable,pit endpoint is only treated as required for race/sprint-like sessions,0.0
2026-08-23T08:45:16.365222Z,starting_grid,starting_grid_by_session_key,"{""session_key"": 11262}",0,http_404,"{""detail"":""No results found.""}",0.483
2026-08-23T08:45:16.956125Z,drivers,drivers_by_session_key,"{""session_key"": 11262}",22,pass,,0.49
2026-08-23T08:45:17.540996Z,team_radio,team_radio_by_session_key_opportunistic,"{""session_key"": 11262}",0,http_404,"{""detail"":""No results found.""}",0.483
2026-08-23T08:45:18.123887Z,weather,weather_by_session_key,"{""session_key"": 11263}",0,http_429,"{""detail"":""Rate limit exceeded. Max 30 requests/minute."",""error"":""Too Many Requests""}",0.482
2026-08-23T08:45:18.722669Z,race_control,race_control_by_session_key,"{""session_key"": 11263}",0,http_429,"{""detail"":""Rate limit exceeded. Max 30 requests/minute."",""error"":""Too Many Requests""}",0.498
2026-08-23T08:45:19.308100Z,intervals,intervals_by_session_key,"{""session_key"": 11263}",0,http_429,"{""detail"":""Rate limit exceeded. Max 30 requests/minute."",""error"":""Too Many Requests""}",0.484
2026-08-23T08:45:19.912274Z,position,position_by_session_key,"{""session_key"": 11263}",0,http_429,"{""detail"":""Rate limit exceeded. Max 30 requests/minute."",""error"":""Too Many Requests""}",0.503
2026-08-23T08:45:20.510743Z,position,position_by_meeting_key_fallback,"{""meeting_key"": 1283}",0,http_429,"{""detail"":""Rate limit exceeded. Max 30 requests/minute."",""error"":""Too Many Requests""}",0.497
2026-08-23T08:45:21.097281Z,stints,stints_by_session_key,"{""session_key"": 11263}",0,http_429,"{""detail"":""Rate limit exceeded. Max 30 requests/minute."",""error"":""Too Many Requests""}",0.485
2026-08-23T08:45:21.198532Z,pit,skip_non_race_like_session,"{""session_key"": 11263}",0,skipped_not_applicable,pit endpoint is only treated as required for race/sprint-like sessions,0.0
2026-08-23T08:45:21.685278Z,starting_grid,starting_grid_by_session_key,"{""session_key"": 11263}",0,http_429,"{""detail"":""Rate limit exceeded. Max 30 requests/minute."",""error"":""Too Many Requests""}",0.487
2026-08-23T08:45:22.272205Z,drivers,drivers_by_session_key,"{""session_key"": 11263}",0,http_429,"{""detail"":""Rate limit exceeded. Max 30 requests/minute."",""error"":""Too Many Requests""}",0.486
2026-08-23T08:45:22.865912Z,drivers,drivers_by_observed_driver_number,"{""driver_number"": 1, ""session_key"": 11263}",0,http_429,"{""detail"":""Rate limit exceeded. Max 30 requests/minute."",""error"":""Too Many Requests""}",0.481
2026-08-23T08:45:23.454195Z,drivers,drivers_by_observed_driver_number,"{""driver_number"": 3, ""session_key"": 11263}",0,http_429,"{""detail"":""Rate limit exceeded. Max 30 requests/minute."",""error"":""Too Many Requests""}",0.487
2026-08-23T08:45:24.047183Z,drivers,drivers_by_observed_driver_number,"{""driver_number"": 5, ""session_key"": 11263}",0,http_429,"{""detail"":""Rate limit exceeded. Max 30 requests/minute."",""error"":""Too Many Requests""}",0.492
2026-08-23T08:45:24.630091Z,drivers,drivers_by_observed_driver_number,"{""driver_number"": 6, ""session_key"": 11263}",0,http_429,"{""detail"":""Rate limit exceeded. Max 30 requests/minute."",""error"":""Too Many Requests""}",0.482
2026-08-23T08:45:25.229529Z,drivers,drivers_by_observed_driver_number,"{""driver_number"": 10, ""session_key"": 11263}",0,http_429,"{""detail"":""Rate limit exceeded. Max 30 requests/minute."",""error"":""Too Many Requests""}",0.498
2026-08-23T08:45:25.815389Z,drivers,drivers_by_observed_driver_number,"{""driver_number"": 11, ""session_key"": 11263}",0,http_429,"{""detail"":""Rate limit exceeded. Max 30 requests/minute."",""error"":""Too Many Requests""}",0.485
2026-08-23T08:45:26.418831Z,drivers,drivers_by_observed_driver_number,"{""driver_number"": 12, ""session_key"": 11263}",0,http_429,"{""detail"":""Rate limit exceeded. Max 30 requests/minute."",""error"":""Too Many Requests""}",0.502
2026-08-23T08:45:27.017839Z,drivers,drivers_by_observed_driver_number,"{""driver_number"": 14, ""session_key"": 11263}",0,http_429,"{""detail"":""Rate limit exceeded. Max 30 requests/minute."",""error"":""Too Many Requests""}",0.498
2026-08-23T08:45:27.604072Z,drivers,drivers_by_observed_driver_number,"{""driver_number"": 16, ""session_key"": 11263}",0,http_429,"{""detail"":""Rate limit exceeded. Max 30 requests/minute."",""error"":""Too Many Requests""}",0.485
2026-08-23T08:45:28.192485Z,drivers,drivers_by_observed_driver_number,"{""driver_number"": 18, ""session_key"": 11263}",0,http_429,"{""detail"":""Rate limit exceeded. Max 30 requests/minute."",""error"":""Too Many Requests""}",0.487
2026-08-23T08:45:28.779073Z,drivers,drivers_by_observed_driver_number,"{""driver_number"": 23, ""session_key"": 11263}",0,http_429,"{""detail"":""Rate limit exceeded. Max 30 requests/minute."",""error"":""Too Many Requests""}",0.485
2026-08-23T08:45:29.368864Z,drivers,drivers_by_observed_driver_number,"{""driver_number"": 27, ""session_key"": 11263}",0,http_429,"{""detail"":""Rate limit exceeded. Max 30 requests/minute."",""error"":""Too Many Requests""}",0.489
2026-08-23T08:45:29.955208Z,drivers,drivers_by_observed_driver_number,"{""driver_number"": 30, ""session_key"": 11263}",0,http_429,"{""detail"":""Rate limit exceeded. Max 30 requests/minute."",""error"":""Too Many Requests""}",0.485
2026-08-23T08:45:30.541033Z,drivers,drivers_by_observed_driver_number,"{""driver_number"": 31, ""session_key"": 11263}",0,http_429,"{""detail"":""Rate limit exceeded. Max 30 requests/minute."",""error"":""Too Many Requests""}",0.485
2026-08-23T08:45:31.130251Z,drivers,drivers_by_observed_driver_number,"{""driver_number"": 34, ""session_key"": 11263}",0,http_429,"{""detail"":""Rate limit exceeded. Max 30 requests/minute."",""error"":""Too Many Requests""}",0.488
2026-08-23T08:45:31.728889Z,drivers,drivers_by_observed_driver_number,"{""driver_number"": 41, ""session_key"": 11263}",0,http_429,"{""detail"":""Rate limit exceeded. Max 30 requests/minute."",""error"":""Too Many Requests""}",0.498
2026-08-23T08:45:32.315106Z,drivers,drivers_by_observed_driver_number,"{""driver_number"": 43, ""session_key"": 11263}",0,http_429,"{""detail"":""Rate limit exceeded. Max 30 requests/minute."",""error"":""Too Many Requests""}",0.485
2026-08-23T08:45:32.919558Z,drivers,drivers_by_observed_driver_number,"{""driver_number"": 44, ""session_key"": 11263}",0,http_429,"{""detail"":""Rate limit exceeded. Max 30 requests/minute."",""error"":""Too Many Requests""}",0.503
2026-08-23T08:45:33.518200Z,drivers,drivers_by_observed_driver_number,"{""driver_number"": 55, ""session_key"": 11263}",0,http_429,"{""detail"":""Rate limit exceeded. Max 30 requests/minute."",""error"":""Too Many Requests""}",0.498
2026-08-23T08:45:34.106147Z,drivers,drivers_by_observed_driver_number,"{""driver_number"": 63, ""session_key"": 11263}",0,http_429,"{""detail"":""Rate limit exceeded. Max 30 requests/minute."",""error"":""Too Many Requests""}",0.487
2026-08-23T08:45:34.707810Z,drivers,drivers_by_observed_driver_number,"{""driver_number"": 77, ""session_key"": 11263}",0,http_429,"{""detail"":""Rate limit exceeded. Max 30 requests/minute."",""error"":""Too Many Requests""}",0.501
2026-08-23T08:45:35.295588Z,drivers,drivers_by_observed_driver_number,"{""driver_number"": 81, ""session_key"": 11263}",0,http_429,"{""detail"":""Rate limit exceeded. Max 30 requests/minute."",""error"":""Too Many Requests""}",0.487
2026-08-23T08:45:35.878069Z,drivers,drivers_by_observed_driver_number,"{""driver_number"": 87, ""session_key"": 11263}",0,http_429,"{""detail"":""Rate limit exceeded. Max 30 requests/minute."",""error"":""Too Many Requests""}",0.481
2026-08-23T08:45:36.465838Z,drivers,drivers_by_observed_driver_number,"{""driver_number"": 241, ""session_key"": 11263}",0,http_429,"{""detail"":""Rate limit exceeded. Max 30 requests/minute."",""error"":""Too Many Requests""}",0.487
2026-08-23T08:45:37.049295Z,drivers,drivers_by_observed_driver_number,"{""driver_number"": 243, ""session_key"": 11263}",0,http_429,"{""detail"":""Rate limit exceeded. Max 30 requests/minute."",""error"":""Too Many Requests""}",0.482
2026-08-23T08:45:37.633185Z,drivers,drivers_by_observed_driver_number,"{""driver_number"": 247, ""session_key"": 11263}",0,http_429,"{""detail"":""Rate limit exceeded. Max 30 requests/minute."",""error"":""Too Many Requests""}",0.483
2026-08-23T08:45:38.235119Z,team_radio,team_radio_by_session_key_opportunistic,"{""session_key"": 11263}",0,http_429,"{""detail"":""Rate limit exceeded. Max 30 requests/minute."",""error"":""Too Many Requests""}",0.501
2026-08-23T08:45:38.819776Z,weather,weather_by_session_key,"{""session_key"": 11264}",0,http_429,"{""detail"":""Rate limit exceeded. Max 30 requests/minute."",""error"":""Too Many Requests""}",0.483
2026-08-23T08:45:39.425259Z,race_control,race_control_by_session_key,"{""session_key"": 11264}",0,http_429,"{""detail"":""Rate limit exceeded. Max 30 requests/minute."",""error"":""Too Many Requests""}",0.504
2026-08-23T08:45:40.024249Z,intervals,intervals_by_session_key,"{""session_key"": 11264}",0,http_429,"{""detail"":""Rate limit exceeded. Max 30 requests/minute."",""error"":""Too Many Requests""}",0.498
2026-08-23T08:45:40.610690Z,position,position_by_session_key,"{""session_key"": 11264}",0,http_429,"{""detail"":""Rate limit exceeded. Max 30 requests/minute."",""error"":""Too Many Requests""}",0.485
2026-08-23T08:45:41.210807Z,position,position_by_meeting_key_fallback,"{""meeting_key"": 1283}",0,http_429,"{""detail"":""Rate limit exceeded. Max 30 requests/minute."",""error"":""Too Many Requests""}",0.499
2026-08-23T08:45:41.798830Z,stints,stints_by_session_key,"{""session_key"": 11264}",0,http_429,"{""detail"":""Rate limit exceeded. Max 30 requests/minute."",""error"":""Too Many Requests""}",0.487
2026-08-23T08:45:41.900120Z,pit,skip_non_race_like_session,"{""session_key"": 11264}",0,skipped_not_applicable,pit endpoint is only treated as required for race/sprint-like sessions,0.0
2026-08-23T08:45:42.384039Z,starting_grid,starting_grid_by_session_key,"{""session_key"": 11264}",0,http_429,"{""detail"":""Rate limit exceeded. Max 30 requests/minute."",""error"":""Too Many Requests""}",0.484
2026-08-23T08:45:43.019117Z,drivers,drivers_by_session_key,"{""session_key"": 11264}",0,http_429,"{""detail"":""Rate limit exceeded. Max 30 requests/minute."",""error"":""Too Many Requests""}",0.534
2026-08-23T08:45:43.615709Z,drivers,drivers_by_observed_driver_number,"{""driver_number"": 1, ""session_key"": 11264}",0,http_429,"{""detail"":""Rate limit exceeded. Max 30 requests/minute."",""error"":""Too Many Requests""}",0.484
2026-08-23T08:45:44.198166Z,drivers,drivers_by_observed_driver_number,"{""driver_number"": 3, ""session_key"": 11264}",0,http_429,"{""detail"":""Rate limit exceeded. Max 30 requests/minute."",""error"":""Too Many Requests""}",0.481
2026-08-23T08:45:44.801388Z,drivers,drivers_by_observed_driver_number,"{""driver_number"": 5, ""session_key"": 11264}",0,http_429,"{""detail"":""Rate limit exceeded. Max 30 requests/minute."",""error"":""Too Many Requests""}",0.502
2026-08-23T08:45:45.388363Z,drivers,drivers_by_observed_driver_number,"{""driver_number"": 6, ""session_key"": 11264}",0,http_429,"{""detail"":""Rate limit exceeded. Max 30 requests/minute."",""error"":""Too Many Requests""}",0.486
2026-08-23T08:45:45.991968Z,drivers,drivers_by_observed_driver_number,"{""driver_number"": 10, ""session_key"": 11264}",0,http_429,"{""detail"":""Rate limit exceeded. Max 30 requests/minute."",""error"":""Too Many Requests""}",0.502
2026-08-23T08:45:46.592947Z,drivers,drivers_by_observed_driver_number,"{""driver_number"": 11, ""session_key"": 11264}",0,http_429,"{""detail"":""Rate limit exceeded. Max 30 requests/minute."",""error"":""Too Many Requests""}",0.5
2026-08-23T08:45:47.180945Z,drivers,drivers_by_observed_driver_number,"{""driver_number"": 12, ""session_key"": 11264}",0,http_429,"{""detail"":""Rate limit exceeded. Max 30 requests/minute."",""error"":""Too Many Requests""}",0.487
2026-08-23T08:45:47.780993Z,drivers,drivers_by_observed_driver_number,"{""driver_number"": 14, ""session_key"": 11264}",0,http_429,"{""detail"":""Rate limit exceeded. Max 30 requests/minute."",""error"":""Too Many Requests""}",0.499
2026-08-23T08:45:48.370619Z,drivers,drivers_by_observed_driver_number,"{""driver_number"": 16, ""session_key"": 11264}",0,http_429,"{""detail"":""Rate limit exceeded. Max 30 requests/minute."",""error"":""Too Many Requests""}",0.488
2026-08-23T08:45:48.953759Z,drivers,drivers_by_observed_driver_number,"{""driver_number"": 18, ""session_key"": 11264}",0,http_429,"{""detail"":""Rate limit exceeded. Max 30 requests/minute."",""error"":""Too Many Requests""}",0.482
2026-08-23T08:45:49.544285Z,drivers,drivers_by_observed_driver_number,"{""driver_number"": 23, ""session_key"": 11264}",0,http_429,"{""detail"":""Rate limit exceeded. Max 30 requests/minute."",""error"":""Too Many Requests""}",0.489
2026-08-23T08:45:50.129070Z,drivers,drivers_by_observed_driver_number,"{""driver_number"": 27, ""session_key"": 11264}",0,http_429,"{""detail"":""Rate limit exceeded. Max 30 requests/minute."",""error"":""Too Many Requests""}",0.484
2026-08-23T08:45:50.711058Z,drivers,drivers_by_observed_driver_number,"{""driver_number"": 30, ""session_key"": 11264}",0,http_429,"{""detail"":""Rate limit exceeded. Max 30 requests/minute."",""error"":""Too Many Requests""}",0.481
2026-08-23T08:45:51.311926Z,drivers,drivers_by_observed_driver_number,"{""driver_number"": 31, ""session_key"": 11264}",0,http_429,"{""detail"":""Rate limit exceeded. Max 30 requests/minute."",""error"":""Too Many Requests""}",0.5
2026-08-23T08:45:51.897627Z,drivers,drivers_by_observed_driver_number,"{""driver_number"": 34, ""session_key"": 11264}",0,http_429,"{""detail"":""Rate limit exceeded. Max 30 requests/minute."",""error"":""Too Many Requests""}",0.485
2026-08-23T08:45:52.504004Z,drivers,drivers_by_observed_driver_number,"{""driver_number"": 41, ""session_key"": 11264}",0,http_429,"{""detail"":""Rate limit exceeded. Max 30 requests/minute."",""error"":""Too Many Requests""}",0.505
2026-08-23T08:45:53.105873Z,drivers,drivers_by_observed_driver_number,"{""driver_number"": 43, ""session_key"": 11264}",0,http_429,"{""detail"":""Rate limit exceeded. Max 30 requests/minute."",""error"":""Too Many Requests""}",0.501
2026-08-23T08:45:53.692251Z,drivers,drivers_by_observed_driver_number,"{""driver_number"": 44, ""session_key"": 11264}",0,http_429,"{""detail"":""Rate limit exceeded. Max 30 requests/minute."",""error"":""Too Many Requests""}",0.485
2026-08-23T08:45:54.291813Z,drivers,drivers_by_observed_driver_number,"{""driver_number"": 55, ""session_key"": 11264}",0,http_429,"{""detail"":""Rate limit exceeded. Max 30 requests/minute."",""error"":""Too Many Requests""}",0.498
2026-08-23T08:45:54.879827Z,drivers,drivers_by_observed_driver_number,"{""driver_number"": 63, ""session_key"": 11264}",0,http_429,"{""detail"":""Rate limit exceeded. Max 30 requests/minute."",""error"":""Too Many Requests""}",0.487
2026-08-23T08:45:55.463018Z,drivers,drivers_by_observed_driver_number,"{""driver_number"": 77, ""session_key"": 11264}",0,http_429,"{""detail"":""Rate limit exceeded. Max 30 requests/minute."",""error"":""Too Many Requests""}",0.482
2026-08-23T08:45:56.052245Z,drivers,drivers_by_observed_driver_number,"{""driver_number"": 81, ""session_key"": 11264}",0,http_429,"{""detail"":""Rate limit exceeded. Max 30 requests/minute."",""error"":""Too Many Requests""}",0.488
2026-08-23T08:45:56.636060Z,drivers,drivers_by_observed_driver_number,"{""driver_number"": 87, ""session_key"": 11264}",0,http_429,"{""detail"":""Rate limit exceeded. Max 30 requests/minute."",""error"":""Too Many Requests""}",0.483
2026-08-23T08:45:57.218408Z,drivers,drivers_by_observed_driver_number,"{""driver_number"": 241, ""session_key"": 11264}",0,http_429,"{""detail"":""Rate limit exceeded. Max 30 requests/minute."",""error"":""Too Many Requests""}",0.481
2026-08-23T08:45:57.819299Z,drivers,drivers_by_observed_driver_number,"{""driver_number"": 243, ""session_key"": 11264}",0,http_429,"{""detail"":""Rate limit exceeded. Max 30 requests/minute."",""error"":""Too Many Requests""}",0.5
2026-08-23T08:45:58.403454Z,drivers,drivers_by_observed_driver_number,"{""driver_number"": 247, ""session_key"": 11264}",0,http_429,"{""detail"":""Rate limit exceeded. Max 30 requests/minute."",""error"":""Too Many Requests""}",0.483
2026-08-23T08:45:59.008550Z,team_radio,team_radio_by_session_key_opportunistic,"{""session_key"": 11264}",0,http_429,"{""detail"":""Rate limit exceeded. Max 30 requests/minute."",""error"":""Too Many Requests""}",0.504
2026-08-23T08:45:59.608182Z,weather,weather_by_session_key,"{""session_key"": 11265}",0,http_429,"{""detail"":""Rate limit exceeded. Max 30 requests/minute."",""error"":""Too Many Requests""}",0.498
2026-08-23T08:46:00.200063Z,race_control,race_control_by_session_key,"{""session_key"": 11265}",0,http_404,"{""detail"":""No results found.""}",0.491
2026-08-23T08:46:00.801908Z,intervals,intervals_by_session_key,"{""session_key"": 11265}",0,http_404,"{""detail"":""No results found.""}",0.501
2026-08-23T08:46:01.391236Z,position,position_by_session_key,"{""session_key"": 11265}",0,http_404,"{""detail"":""No results found.""}",0.488
2026-08-23T08:46:01.977142Z,position,position_by_meeting_key_fallback,"{""meeting_key"": 1283}",0,http_404,"{""detail"":""No results found.""}",0.485
2026-08-23T08:46:02.566093Z,stints,stints_by_session_key,"{""session_key"": 11265}",0,http_404,"{""detail"":""No results found.""}",0.488
2026-08-23T08:46:02.667240Z,pit,skip_non_race_like_session,"{""session_key"": 11265}",0,skipped_not_applicable,pit endpoint is only treated as required for race/sprint-like sessions,0.0
2026-08-23T08:46:03.291160Z,starting_grid,starting_grid_by_session_key,"{""session_key"": 11265}",0,http_404,"{""detail"":""No results found.""}",0.624
2026-08-23T08:46:03.877583Z,drivers,drivers_by_session_key,"{""session_key"": 11265}",22,pass,,0.485
2026-08-23T08:46:04.480136Z,team_radio,team_radio_by_session_key_opportunistic,"{""session_key"": 11265}",0,http_404,"{""detail"":""No results found.""}",0.501
2026-08-23T08:46:05.065307Z,weather,weather_by_session_key,"{""session_key"": 11269}",0,http_404,"{""detail"":""No results found.""}",0.484
2026-08-23T08:46:05.670154Z,race_control,race_control_by_session_key,"{""session_key"": 11269}",0,http_404,"{""detail"":""No results found.""}",0.504
2026-08-23T08:46:06.271349Z,intervals,intervals_by_session_key,"{""session_key"": 11269}",0,http_404,"{""detail"":""No results found.""}",0.5
2026-08-23T08:46:06.858473Z,position,position_by_session_key,"{""session_key"": 11269}",0,http_404,"{""detail"":""No results found.""}",0.486
2026-08-23T08:46:07.460132Z,position,position_by_meeting_key_fallback,"{""meeting_key"": 1283}",0,http_404,"{""detail"":""No results found.""}",0.5
2026-08-23T08:46:08.048516Z,stints,stints_by_session_key,"{""session_key"": 11269}",0,http_404,"{""detail"":""No results found.""}",0.487
2026-08-23T08:46:08.633505Z,pit,pit_by_session_key,"{""session_key"": 11269}",0,http_404,"{""detail"":""No results found.""}",0.484
2026-08-23T08:46:09.222097Z,starting_grid,starting_grid_by_session_key,"{""session_key"": 11269}",0,http_404,"{""detail"":""No results found.""}",0.487
2026-08-23T08:46:09.810935Z,drivers,drivers_by_session_key,"{""session_key"": 11269}",22,pass,,0.488
2026-08-23T08:46:10.396191Z,team_radio,team_radio_by_session_key_opportunistic,"{""session_key"": 11269}",0,http_404,"{""detail"":""No results found.""}",0.483
2026-08-23T08:46:11.003368Z,weather,weather_by_session_key,"{""session_key"": 11270}",101,pass,,0.506
2026-08-23T08:46:11.612940Z,race_control,race_control_by_session_key,"{""session_key"": 11270}",56,pass,,0.508
2026-08-23T08:46:12.221448Z,intervals,intervals_by_session_key,"{""session_key"": 11270}",0,http_404,"{""detail"":""No results found.""}",0.507
2026-08-23T08:46:12.852107Z,position,position_by_session_key,"{""session_key"": 11270}",670,pass,,0.529
2026-08-23T08:46:13.453480Z,stints,stints_by_session_key,"{""session_key"": 11270}",110,pass,,0.499
2026-08-23T08:46:13.555331Z,pit,skip_non_race_like_session,"{""session_key"": 11270}",0,skipped_not_applicable,pit endpoint is only treated as required for race/sprint-like sessions,0.0
2026-08-23T08:46:14.054005Z,starting_grid,starting_grid_by_session_key,"{""session_key"": 11270}",0,http_404,"{""detail"":""No results found.""}",0.499
2026-08-23T08:46:14.653157Z,drivers,drivers_by_session_key,"{""session_key"": 11270}",22,pass,,0.498
2026-08-23T08:46:15.238669Z,team_radio,team_radio_by_session_key_opportunistic,"{""session_key"": 11270}",0,http_404,"{""detail"":""No results found.""}",0.484
2026-08-23T08:46:15.831999Z,weather,weather_by_session_key,"{""session_key"": 11271}",59,pass,,0.492
2026-08-23T08:46:16.419322Z,race_control,race_control_by_session_key,"{""session_key"": 11271}",49,pass,,0.486
2026-08-23T08:46:17.004669Z,intervals,intervals_by_session_key,"{""session_key"": 11271}",0,http_404,"{""detail"":""No results found.""}",0.484
2026-08-23T08:46:17.655996Z,position,position_by_session_key,"{""session_key"": 11271}",941,pass,,0.55
2026-08-23T08:46:18.242962Z,stints,stints_by_session_key,"{""session_key"": 11271}",0,http_429,"{""detail"":""Rate limit exceeded. Max 30 requests/minute."",""error"":""Too Many Requests""}",0.485
2026-08-23T08:46:18.846328Z,pit,pit_by_session_key,"{""session_key"": 11271}",0,http_429,"{""detail"":""Rate limit exceeded. Max 30 requests/minute."",""error"":""Too Many Requests""}",0.502
2026-08-23T08:46:19.445539Z,starting_grid,starting_grid_by_session_key,"{""session_key"": 11271}",0,http_429,"{""detail"":""Rate limit exceeded. Max 30 requests/minute."",""error"":""Too Many Requests""}",0.498
2026-08-23T08:46:20.032066Z,drivers,drivers_by_session_key,"{""session_key"": 11271}",0,http_429,"{""detail"":""Rate limit exceeded. Max 30 requests/minute."",""error"":""Too Many Requests""}",0.485
2026-08-23T08:46:20.645041Z,drivers,drivers_by_observed_driver_number,"{""driver_number"": 1, ""session_key"": 11271}",0,http_429,"{""detail"":""Rate limit exceeded. Max 30 requests/minute."",""error"":""Too Many Requests""}",0.499
2026-08-23T08:46:21.360738Z,drivers,drivers_by_observed_driver_number,"{""driver_number"": 3, ""session_key"": 11271}",0,http_429,"{""detail"":""Rate limit exceeded. Max 30 requests/minute."",""error"":""Too Many Requests""}",0.615
2026-08-23T08:46:21.943540Z,drivers,drivers_by_observed_driver_number,"{""driver_number"": 5, ""session_key"": 11271}",0,http_429,"{""detail"":""Rate limit exceeded. Max 30 requests/minute."",""error"":""Too Many Requests""}",0.482
2026-08-23T08:46:22.588804Z,drivers,drivers_by_observed_driver_number,"{""driver_number"": 6, ""session_key"": 11271}",0,http_429,"{""detail"":""Rate limit exceeded. Max 30 requests/minute."",""error"":""Too Many Requests""}",0.544
2026-08-23T08:46:23.172107Z,drivers,drivers_by_observed_driver_number,"{""driver_number"": 10, ""session_key"": 11271}",0,http_429,"{""detail"":""Rate limit exceeded. Max 30 requests/minute."",""error"":""Too Many Requests""}",0.482
2026-08-23T08:46:23.754057Z,drivers,drivers_by_observed_driver_number,"{""driver_number"": 11, ""session_key"": 11271}",0,http_429,"{""detail"":""Rate limit exceeded. Max 30 requests/minute."",""error"":""Too Many Requests""}",0.481
2026-08-23T08:46:24.353963Z,drivers,drivers_by_observed_driver_number,"{""driver_number"": 12, ""session_key"": 11271}",0,http_429,"{""detail"":""Rate limit exceeded. Max 30 requests/minute."",""error"":""Too Many Requests""}",0.499
2026-08-23T08:46:24.939022Z,drivers,drivers_by_observed_driver_number,"{""driver_number"": 14, ""session_key"": 11271}",0,http_429,"{""detail"":""Rate limit exceeded. Max 30 requests/minute."",""error"":""Too Many Requests""}",0.484
2026-08-23T08:46:25.543146Z,drivers,drivers_by_observed_driver_number,"{""driver_number"": 16, ""session_key"": 11271}",0,http_429,"{""detail"":""Rate limit exceeded. Max 30 requests/minute."",""error"":""Too Many Requests""}",0.503
2026-08-23T08:46:26.125336Z,drivers,drivers_by_observed_driver_number,"{""driver_number"": 18, ""session_key"": 11271}",0,http_429,"{""detail"":""Rate limit exceeded. Max 30 requests/minute."",""error"":""Too Many Requests""}",0.481
2026-08-23T08:46:26.710900Z,drivers,drivers_by_observed_driver_number,"{""driver_number"": 23, ""session_key"": 11271}",0,http_429,"{""detail"":""Rate limit exceeded. Max 30 requests/minute."",""error"":""Too Many Requests""}",0.485
2026-08-23T08:46:27.308850Z,drivers,drivers_by_observed_driver_number,"{""driver_number"": 27, ""session_key"": 11271}",0,http_429,"{""detail"":""Rate limit exceeded. Max 30 requests/minute."",""error"":""Too Many Requests""}",0.497
2026-08-23T08:46:27.896051Z,drivers,drivers_by_observed_driver_number,"{""driver_number"": 30, ""session_key"": 11271}",0,http_429,"{""detail"":""Rate limit exceeded. Max 30 requests/minute."",""error"":""Too Many Requests""}",0.486
2026-08-23T08:46:28.479808Z,drivers,drivers_by_observed_driver_number,"{""driver_number"": 31, ""session_key"": 11271}",0,http_429,"{""detail"":""Rate limit exceeded. Max 30 requests/minute."",""error"":""Too Many Requests""}",0.483
2026-08-23T08:46:29.067233Z,drivers,drivers_by_observed_driver_number,"{""driver_number"": 34, ""session_key"": 11271}",0,http_429,"{""detail"":""Rate limit exceeded. Max 30 requests/minute."",""error"":""Too Many Requests""}",0.486
2026-08-23T08:46:29.651608Z,drivers,drivers_by_observed_driver_number,"{""driver_number"": 41, ""session_key"": 11271}",0,http_429,"{""detail"":""Rate limit exceeded. Max 30 requests/minute."",""error"":""Too Many Requests""}",0.483
2026-08-23T08:46:30.235045Z,drivers,drivers_by_observed_driver_number,"{""driver_number"": 43, ""session_key"": 11271}",0,http_429,"{""detail"":""Rate limit exceeded. Max 30 requests/minute."",""error"":""Too Many Requests""}",0.482
2026-08-23T08:46:30.835158Z,drivers,drivers_by_observed_driver_number,"{""driver_number"": 44, ""session_key"": 11271}",0,http_429,"{""detail"":""Rate limit exceeded. Max 30 requests/minute."",""error"":""Too Many Requests""}",0.499
2026-08-23T08:46:31.418955Z,drivers,drivers_by_observed_driver_number,"{""driver_number"": 55, ""session_key"": 11271}",0,http_429,"{""detail"":""Rate limit exceeded. Max 30 requests/minute."",""error"":""Too Many Requests""}",0.483
2026-08-23T08:46:32.022784Z,drivers,drivers_by_observed_driver_number,"{""driver_number"": 63, ""session_key"": 11271}",0,http_429,"{""detail"":""Rate limit exceeded. Max 30 requests/minute."",""error"":""Too Many Requests""}",0.503
2026-08-23T08:46:32.608258Z,drivers,drivers_by_observed_driver_number,"{""driver_number"": 77, ""session_key"": 11271}",0,http_429,"{""detail"":""Rate limit exceeded. Max 30 requests/minute."",""error"":""Too Many Requests""}",0.484
2026-08-23T08:46:33.194005Z,drivers,drivers_by_observed_driver_number,"{""driver_number"": 81, ""session_key"": 11271}",0,http_429,"{""detail"":""Rate limit exceeded. Max 30 requests/minute."",""error"":""Too Many Requests""}",0.485
2026-08-23T08:46:33.793055Z,drivers,drivers_by_observed_driver_number,"{""driver_number"": 87, ""session_key"": 11271}",0,http_429,"{""detail"":""Rate limit exceeded. Max 30 requests/minute."",""error"":""Too Many Requests""}",0.498
2026-08-23T08:46:34.379628Z,drivers,drivers_by_observed_driver_number,"{""driver_number"": 241, ""session_key"": 11271}",0,http_429,"{""detail"":""Rate limit exceeded. Max 30 requests/minute."",""error"":""Too Many Requests""}",0.485
2026-08-23T08:46:34.963863Z,drivers,drivers_by_observed_driver_number,"{""driver_number"": 243, ""session_key"": 11271}",0,http_429,"{""detail"":""Rate limit exceeded. Max 30 requests/minute."",""error"":""Too Many Requests""}",0.483
2026-08-23T08:46:35.550846Z,drivers,drivers_by_observed_driver_number,"{""driver_number"": 247, ""session_key"": 11271}",0,http_429,"{""detail"":""Rate limit exceeded. Max 30 requests/minute."",""error"":""Too Many Requests""}",0.486
2026-08-23T08:46:36.134984Z,team_radio,team_radio_by_session_key_opportunistic,"{""session_key"": 11271}",0,http_429,"{""detail"":""Rate limit exceeded. Max 30 requests/minute."",""error"":""Too Many Requests""}",0.483
2026-08-23T08:46:36.719917Z,weather,weather_by_session_key,"{""session_key"": 11275}",0,http_429,"{""detail"":""Rate limit exceeded. Max 30 requests/minute."",""error"":""Too Many Requests""}",0.484
2026-08-23T08:46:37.321029Z,race_control,race_control_by_session_key,"{""session_key"": 11275}",0,http_429,"{""detail"":""Rate limit exceeded. Max 30 requests/minute."",""error"":""Too Many Requests""}",0.5
2026-08-23T08:46:37.914193Z,intervals,intervals_by_session_key,"{""session_key"": 11275}",0,http_429,"{""detail"":""Rate limit exceeded. Max 30 requests/minute."",""error"":""Too Many Requests""}",0.492
2026-08-23T08:46:38.519277Z,position,position_by_session_key,"{""session_key"": 11275}",0,http_429,"{""detail"":""Rate limit exceeded. Max 30 requests/minute."",""error"":""Too Many Requests""}",0.504
2026-08-23T08:46:39.102863Z,position,position_by_meeting_key_fallback,"{""meeting_key"": 1284}",0,http_429,"{""detail"":""Rate limit exceeded. Max 30 requests/minute."",""error"":""Too Many Requests""}",0.483
2026-08-23T08:46:39.690229Z,stints,stints_by_session_key,"{""session_key"": 11275}",0,http_429,"{""detail"":""Rate limit exceeded. Max 30 requests/minute."",""error"":""Too Many Requests""}",0.486
2026-08-23T08:46:40.292552Z,pit,pit_by_session_key,"{""session_key"": 11275}",0,http_429,"{""detail"":""Rate limit exceeded. Max 30 requests/minute."",""error"":""Too Many Requests""}",0.501
2026-08-23T08:46:40.880155Z,starting_grid,starting_grid_by_session_key,"{""session_key"": 11275}",0,http_429,"{""detail"":""Rate limit exceeded. Max 30 requests/minute."",""error"":""Too Many Requests""}",0.486
2026-08-23T08:46:41.462664Z,drivers,drivers_by_session_key,"{""session_key"": 11275}",0,http_429,"{""detail"":""Rate limit exceeded. Max 30 requests/minute."",""error"":""Too Many Requests""}",0.481
2026-08-23T08:46:42.061827Z,drivers,drivers_by_observed_driver_number,"{""driver_number"": 1, ""session_key"": 11275}",0,http_429,"{""detail"":""Rate limit exceeded. Max 30 requests/minute."",""error"":""Too Many Requests""}",0.485
2026-08-23T08:46:42.646811Z,drivers,drivers_by_observed_driver_number,"{""driver_number"": 3, ""session_key"": 11275}",0,http_429,"{""detail"":""Rate limit exceeded. Max 30 requests/minute."",""error"":""Too Many Requests""}",0.484
2026-08-23T08:46:43.243523Z,drivers,drivers_by_observed_driver_number,"{""driver_number"": 5, ""session_key"": 11275}",0,http_429,"{""detail"":""Rate limit exceeded. Max 30 requests/minute."",""error"":""Too Many Requests""}",0.496
2026-08-23T08:46:43.843716Z,drivers,drivers_by_observed_driver_number,"{""driver_number"": 6, ""session_key"": 11275}",0,http_429,"{""detail"":""Rate limit exceeded. Max 30 requests/minute."",""error"":""Too Many Requests""}",0.499
2026-08-23T08:46:44.429252Z,drivers,drivers_by_observed_driver_number,"{""driver_number"": 10, ""session_key"": 11275}",0,http_429,"{""detail"":""Rate limit exceeded. Max 30 requests/minute."",""error"":""Too Many Requests""}",0.484
2026-08-23T08:46:45.034348Z,drivers,drivers_by_observed_driver_number,"{""driver_number"": 11, ""session_key"": 11275}",0,http_429,"{""detail"":""Rate limit exceeded. Max 30 requests/minute."",""error"":""Too Many Requests""}",0.504
2026-08-23T08:46:45.617260Z,drivers,drivers_by_observed_driver_number,"{""driver_number"": 12, ""session_key"": 11275}",0,http_429,"{""detail"":""Rate limit exceeded. Max 30 requests/minute."",""error"":""Too Many Requests""}",0.482
2026-08-23T08:46:46.204255Z,drivers,drivers_by_observed_driver_number,"{""driver_number"": 14, ""session_key"": 11275}",0,http_429,"{""detail"":""Rate limit exceeded. Max 30 requests/minute."",""error"":""Too Many Requests""}",0.486
2026-08-23T08:46:46.804872Z,drivers,drivers_by_observed_driver_number,"{""driver_number"": 16, ""session_key"": 11275}",0,http_429,"{""detail"":""Rate limit exceeded. Max 30 requests/minute."",""error"":""Too Many Requests""}",0.5
2026-08-23T08:46:47.392780Z,drivers,drivers_by_observed_driver_number,"{""driver_number"": 18, ""session_key"": 11275}",0,http_429,"{""detail"":""Rate limit exceeded. Max 30 requests/minute."",""error"":""Too Many Requests""}",0.487
2026-08-23T08:46:47.975680Z,drivers,drivers_by_observed_driver_number,"{""driver_number"": 23, ""session_key"": 11275}",0,http_429,"{""detail"":""Rate limit exceeded. Max 30 requests/minute."",""error"":""Too Many Requests""}",0.482
2026-08-23T08:46:48.577252Z,drivers,drivers_by_observed_driver_number,"{""driver_number"": 27, ""session_key"": 11275}",0,http_429,"{""detail"":""Rate limit exceeded. Max 30 requests/minute."",""error"":""Too Many Requests""}",0.5
2026-08-23T08:46:49.162325Z,drivers,drivers_by_observed_driver_number,"{""driver_number"": 30, ""session_key"": 11275}",0,http_429,"{""detail"":""Rate limit exceeded. Max 30 requests/minute."",""error"":""Too Many Requests""}",0.484
2026-08-23T08:46:49.745724Z,drivers,drivers_by_observed_driver_number,"{""driver_number"": 31, ""session_key"": 11275}",0,http_429,"{""detail"":""Rate limit exceeded. Max 30 requests/minute."",""error"":""Too Many Requests""}",0.482
2026-08-23T08:46:50.345076Z,drivers,drivers_by_observed_driver_number,"{""driver_number"": 34, ""session_key"": 11275}",0,http_429,"{""detail"":""Rate limit exceeded. Max 30 requests/minute."",""error"":""Too Many Requests""}",0.498
2026-08-23T08:46:50.930174Z,drivers,drivers_by_observed_driver_number,"{""driver_number"": 41, ""session_key"": 11275}",0,http_429,"{""detail"":""Rate limit exceeded. Max 30 requests/minute."",""error"":""Too Many Requests""}",0.484
2026-08-23T08:46:51.533166Z,drivers,drivers_by_observed_driver_number,"{""driver_number"": 43, ""session_key"": 11275}",0,http_429,"{""detail"":""Rate limit exceeded. Max 30 requests/minute."",""error"":""Too Many Requests""}",0.502
2026-08-23T08:46:52.119959Z,drivers,drivers_by_observed_driver_number,"{""driver_number"": 44, ""session_key"": 11275}",0,http_429,"{""detail"":""Rate limit exceeded. Max 30 requests/minute."",""error"":""Too Many Requests""}",0.486
2026-08-23T08:46:52.707189Z,drivers,drivers_by_observed_driver_number,"{""driver_number"": 55, ""session_key"": 11275}",0,http_429,"{""detail"":""Rate limit exceeded. Max 30 requests/minute."",""error"":""Too Many Requests""}",0.486
2026-08-23T08:46:53.305893Z,drivers,drivers_by_observed_driver_number,"{""driver_number"": 63, ""session_key"": 11275}",0,http_429,"{""detail"":""Rate limit exceeded. Max 30 requests/minute."",""error"":""Too Many Requests""}",0.498
2026-08-23T08:46:53.895995Z,drivers,drivers_by_observed_driver_number,"{""driver_number"": 77, ""session_key"": 11275}",0,http_429,"{""detail"":""Rate limit exceeded. Max 30 requests/minute."",""error"":""Too Many Requests""}",0.489
2026-08-23T08:46:54.480084Z,drivers,drivers_by_observed_driver_number,"{""driver_number"": 81, ""session_key"": 11275}",0,http_429,"{""detail"":""Rate limit exceeded. Max 30 requests/minute."",""error"":""Too Many Requests""}",0.483
2026-08-23T08:46:55.080003Z,drivers,drivers_by_observed_driver_number,"{""driver_number"": 87, ""session_key"": 11275}",0,http_429,"{""detail"":""Rate limit exceeded. Max 30 requests/minute."",""error"":""Too Many Requests""}",0.499
2026-08-23T08:46:55.663338Z,drivers,drivers_by_observed_driver_number,"{""driver_number"": 241, ""session_key"": 11275}",0,http_429,"{""detail"":""Rate limit exceeded. Max 30 requests/minute."",""error"":""Too Many Requests""}",0.482
2026-08-23T08:46:56.247066Z,drivers,drivers_by_observed_driver_number,"{""driver_number"": 243, ""session_key"": 11275}",0,http_429,"{""detail"":""Rate limit exceeded. Max 30 requests/minute."",""error"":""Too Many Requests""}",0.483
2026-08-23T08:46:56.851150Z,drivers,drivers_by_observed_driver_number,"{""driver_number"": 247, ""session_key"": 11275}",0,http_429,"{""detail"":""Rate limit exceeded. Max 30 requests/minute."",""error"":""Too Many Requests""}",0.503
2026-08-23T08:46:57.435308Z,team_radio,team_radio_by_session_key_opportunistic,"{""session_key"": 11275}",0,http_429,"{""detail"":""Rate limit exceeded. Max 30 requests/minute."",""error"":""Too Many Requests""}",0.483
2026-08-23T08:46:58.040829Z,weather,weather_by_session_key,"{""session_key"": 11276}",0,http_429,"{""detail"":""Rate limit exceeded. Max 30 requests/minute."",""error"":""Too Many Requests""}",0.504
2026-08-23T08:46:58.629074Z,race_control,race_control_by_session_key,"{""session_key"": 11276}",0,http_429,"{""detail"":""Rate limit exceeded. Max 30 requests/minute."",""error"":""Too Many Requests""}",0.487
2026-08-23T08:46:59.217502Z,intervals,intervals_by_session_key,"{""session_key"": 11276}",0,http_429,"{""detail"":""Rate limit exceeded. Max 30 requests/minute."",""error"":""Too Many Requests""}",0.487
2026-08-23T08:46:59.818657Z,position,position_by_session_key,"{""session_key"": 11276}",0,http_429,"{""detail"":""Rate limit exceeded. Max 30 requests/minute."",""error"":""Too Many Requests""}",0.5
2026-08-23T08:47:00.681897Z,position,position_by_meeting_key_fallback,"{""meeting_key"": 1284}",3306,pass,,0.762
2026-08-23T08:47:01.287167Z,stints,stints_by_session_key,"{""session_key"": 11276}",104,pass,,0.502
2026-08-23T08:47:01.389050Z,pit,skip_non_race_like_session,"{""session_key"": 11276}",0,skipped_not_applicable,pit endpoint is only treated as required for race/sprint-like sessions,0.0
2026-08-23T08:47:01.890410Z,starting_grid,starting_grid_by_session_key,"{""session_key"": 11276}",22,pass,,0.501
2026-08-23T08:47:02.482403Z,drivers,drivers_by_session_key,"{""session_key"": 11276}",22,pass,,0.49
2026-08-23T08:47:03.067947Z,team_radio,team_radio_by_session_key_opportunistic,"{""session_key"": 11276}",0,http_404,"{""detail"":""No results found.""}",0.484
2026-08-23T08:47:03.680410Z,weather,weather_by_session_key,"{""session_key"": 11280}",168,pass,,0.511
2026-08-23T08:47:04.277936Z,race_control,race_control_by_session_key,"{""session_key"": 11280}",178,pass,,0.496
2026-08-23T08:47:06.675548Z,intervals,intervals_by_session_key,"{""session_key"": 11280}",25483,pass,,2.296
2026-08-23T08:47:07.313510Z,position,position_by_session_key,"{""session_key"": 11280}",550,pass,,0.533
2026-08-23T08:47:07.899830Z,stints,stints_by_session_key,"{""session_key"": 11280}",44,pass,,0.484
2026-08-23T08:47:08.489910Z,pit,pit_by_session_key,"{""session_key"": 11280}",22,pass,,0.488
2026-08-23T08:47:09.074149Z,starting_grid,starting_grid_by_session_key,"{""session_key"": 11280}",0,http_404,"{""detail"":""No results found.""}",0.482
2026-08-23T08:47:09.660018Z,drivers,drivers_by_session_key,"{""session_key"": 11280}",22,pass,,0.485
2026-08-23T08:47:10.260986Z,team_radio,team_radio_by_session_key_opportunistic,"{""session_key"": 11280}",0,http_404,"{""detail"":""No results found.""}",0.499
2026-08-23T08:47:10.857848Z,weather,weather_by_session_key,"{""session_key"": 11281}",102,pass,,0.496
2026-08-23T08:47:11.461353Z,race_control,race_control_by_session_key,"{""session_key"": 11281}",106,pass,,0.502
2026-08-23T08:47:12.062077Z,intervals,intervals_by_session_key,"{""session_key"": 11281}",0,http_404,"{""detail"":""No results found.""}",0.499
2026-08-23T08:47:12.684940Z,position,position_by_session_key,"{""session_key"": 11281}",843,pass,,0.522
2026-08-23T08:47:13.296476Z,stints,stints_by_session_key,"{""session_key"": 11281}",109,pass,,0.51
2026-08-23T08:47:13.398532Z,pit,skip_non_race_like_session,"{""session_key"": 11281}",0,skipped_not_applicable,pit endpoint is only treated as required for race/sprint-like sessions,0.0
2026-08-23T08:47:13.900926Z,starting_grid,starting_grid_by_session_key,"{""session_key"": 11281}",0,http_404,"{""detail"":""No results found.""}",0.502
2026-08-23T08:47:14.487144Z,drivers,drivers_by_session_key,"{""session_key"": 11281}",22,pass,,0.485
2026-08-23T08:47:15.083026Z,team_radio,team_radio_by_session_key_opportunistic,"{""session_key"": 11281}",0,http_404,"{""detail"":""No results found.""}",0.494
2026-08-23T08:47:15.680204Z,weather,weather_by_session_key,"{""session_key"": 11282}",77,pass,,0.496
2026-08-23T08:47:16.270630Z,race_control,race_control_by_session_key,"{""session_key"": 11282}",65,pass,,0.489
2026-08-23T08:47:16.873027Z,intervals,intervals_by_session_key,"{""session_key"": 11282}",0,http_404,"{""detail"":""No results found.""}",0.5
2026-08-23T08:47:17.523773Z,position,position_by_session_key,"{""session_key"": 11282}",1035,pass,,0.55
2026-08-23T08:47:18.498708Z,stints,stints_by_session_key,"{""session_key"": 11282}",56,pass,,0.873
2026-08-23T08:47:19.110713Z,pit,pit_by_session_key,"{""session_key"": 11282}",56,pass,,0.51
2026-08-23T08:47:19.716602Z,starting_grid,starting_grid_by_session_key,"{""session_key"": 11282}",22,pass,,0.504
2026-08-23T08:47:20.321675Z,drivers,drivers_by_session_key,"{""session_key"": 11282}",22,pass,,0.503
2026-08-23T08:47:20.904032Z,team_radio,team_radio_by_session_key_opportunistic,"{""session_key"": 11282}",0,http_429,"{""detail"":""Rate limit exceeded. Max 30 requests/minute."",""error"":""Too Many Requests""}",0.48
2026-08-23T08:47:21.490229Z,weather,weather_by_session_key,"{""session_key"": 11286}",0,http_429,"{""detail"":""Rate limit exceeded. Max 30 requests/minute."",""error"":""Too Many Requests""}",0.485
2026-08-23T08:47:22.073034Z,race_control,race_control_by_session_key,"{""session_key"": 11286}",0,http_429,"{""detail"":""Rate limit exceeded. Max 30 requests/minute."",""error"":""Too Many Requests""}",0.482
2026-08-23T08:47:22.655564Z,intervals,intervals_by_session_key,"{""session_key"": 11286}",0,http_429,"{""detail"":""Rate limit exceeded. Max 30 requests/minute."",""error"":""Too Many Requests""}",0.481
2026-08-23T08:47:23.253907Z,position,position_by_session_key,"{""session_key"": 11286}",0,http_429,"{""detail"":""Rate limit exceeded. Max 30 requests/minute."",""error"":""Too Many Requests""}",0.497
2026-08-23T08:47:23.898111Z,position,position_by_meeting_key_fallback,"{""meeting_key"": 1285}",0,http_429,"{""detail"":""Rate limit exceeded. Max 30 requests/minute."",""error"":""Too Many Requests""}",0.543
2026-08-23T08:47:24.482525Z,stints,stints_by_session_key,"{""session_key"": 11286}",0,http_429,"{""detail"":""Rate limit exceeded. Max 30 requests/minute."",""error"":""Too Many Requests""}",0.483
2026-08-23T08:47:25.070580Z,pit,pit_by_session_key,"{""session_key"": 11286}",0,http_429,"{""detail"":""Rate limit exceeded. Max 30 requests/minute."",""error"":""Too Many Requests""}",0.487
2026-08-23T08:47:25.669839Z,starting_grid,starting_grid_by_session_key,"{""session_key"": 11286}",0,http_429,"{""detail"":""Rate limit exceeded. Max 30 requests/minute."",""error"":""Too Many Requests""}",0.498
2026-08-23T08:47:26.274510Z,drivers,drivers_by_session_key,"{""session_key"": 11286}",0,http_429,"{""detail"":""Rate limit exceeded. Max 30 requests/minute."",""error"":""Too Many Requests""}",0.503
2026-08-23T08:47:26.889695Z,drivers,drivers_by_observed_driver_number,"{""driver_number"": 1, ""session_key"": 11286}",0,http_429,"{""detail"":""Rate limit exceeded. Max 30 requests/minute."",""error"":""Too Many Requests""}",0.498
2026-08-23T08:47:27.479532Z,drivers,drivers_by_observed_driver_number,"{""driver_number"": 3, ""session_key"": 11286}",0,http_429,"{""detail"":""Rate limit exceeded. Max 30 requests/minute."",""error"":""Too Many Requests""}",0.489
2026-08-23T08:47:28.065155Z,drivers,drivers_by_observed_driver_number,"{""driver_number"": 5, ""session_key"": 11286}",0,http_429,"{""detail"":""Rate limit exceeded. Max 30 requests/minute."",""error"":""Too Many Requests""}",0.485
2026-08-23T08:47:28.650219Z,drivers,drivers_by_observed_driver_number,"{""driver_number"": 6, ""session_key"": 11286}",0,http_429,"{""detail"":""Rate limit exceeded. Max 30 requests/minute."",""error"":""Too Many Requests""}",0.484
2026-08-23T08:47:29.234884Z,drivers,drivers_by_observed_driver_number,"{""driver_number"": 10, ""session_key"": 11286}",0,http_429,"{""detail"":""Rate limit exceeded. Max 30 requests/minute."",""error"":""Too Many Requests""}",0.483
2026-08-23T08:47:29.833520Z,drivers,drivers_by_observed_driver_number,"{""driver_number"": 11, ""session_key"": 11286}",0,http_429,"{""detail"":""Rate limit exceeded. Max 30 requests/minute."",""error"":""Too Many Requests""}",0.498
2026-08-23T08:47:30.422735Z,drivers,drivers_by_observed_driver_number,"{""driver_number"": 12, ""session_key"": 11286}",0,http_429,"{""detail"":""Rate limit exceeded. Max 30 requests/minute."",""error"":""Too Many Requests""}",0.488
2026-08-23T08:47:31.007904Z,drivers,drivers_by_observed_driver_number,"{""driver_number"": 14, ""session_key"": 11286}",0,http_429,"{""detail"":""Rate limit exceeded. Max 30 requests/minute."",""error"":""Too Many Requests""}",0.484
2026-08-23T08:47:31.596021Z,drivers,drivers_by_observed_driver_number,"{""driver_number"": 16, ""session_key"": 11286}",0,http_429,"{""detail"":""Rate limit exceeded. Max 30 requests/minute."",""error"":""Too Many Requests""}",0.487
2026-08-23T08:47:32.325867Z,drivers,drivers_by_observed_driver_number,"{""driver_number"": 18, ""session_key"": 11286}",0,http_429,"{""detail"":""Rate limit exceeded. Max 30 requests/minute."",""error"":""Too Many Requests""}",0.629
2026-08-23T08:47:32.930548Z,drivers,drivers_by_observed_driver_number,"{""driver_number"": 23, ""session_key"": 11286}",0,http_429,"{""detail"":""Rate limit exceeded. Max 30 requests/minute."",""error"":""Too Many Requests""}",0.503
2026-08-23T08:47:33.530194Z,drivers,drivers_by_observed_driver_number,"{""driver_number"": 27, ""session_key"": 11286}",0,http_429,"{""detail"":""Rate limit exceeded. Max 30 requests/minute."",""error"":""Too Many Requests""}",0.499
2026-08-23T08:47:34.113813Z,drivers,drivers_by_observed_driver_number,"{""driver_number"": 30, ""session_key"": 11286}",0,http_429,"{""detail"":""Rate limit exceeded. Max 30 requests/minute."",""error"":""Too Many Requests""}",0.483
2026-08-23T08:47:34.700499Z,drivers,drivers_by_observed_driver_number,"{""driver_number"": 31, ""session_key"": 11286}",0,http_429,"{""detail"":""Rate limit exceeded. Max 30 requests/minute."",""error"":""Too Many Requests""}",0.486
2026-08-23T08:47:35.332749Z,drivers,drivers_by_observed_driver_number,"{""driver_number"": 34, ""session_key"": 11286}",0,http_429,"{""detail"":""Rate limit exceeded. Max 30 requests/minute."",""error"":""Too Many Requests""}",0.531
2026-08-23T08:47:35.916748Z,drivers,drivers_by_observed_driver_number,"{""driver_number"": 41, ""session_key"": 11286}",0,http_429,"{""detail"":""Rate limit exceeded. Max 30 requests/minute."",""error"":""Too Many Requests""}",0.483
2026-08-23T08:47:36.516668Z,drivers,drivers_by_observed_driver_number,"{""driver_number"": 43, ""session_key"": 11286}",0,http_429,"{""detail"":""Rate limit exceeded. Max 30 requests/minute."",""error"":""Too Many Requests""}",0.499
2026-08-23T08:47:37.103644Z,drivers,drivers_by_observed_driver_number,"{""driver_number"": 44, ""session_key"": 11286}",0,http_429,"{""detail"":""Rate limit exceeded. Max 30 requests/minute."",""error"":""Too Many Requests""}",0.486
2026-08-23T08:47:37.689452Z,drivers,drivers_by_observed_driver_number,"{""driver_number"": 55, ""session_key"": 11286}",0,http_429,"{""detail"":""Rate limit exceeded. Max 30 requests/minute."",""error"":""Too Many Requests""}",0.485
2026-08-23T08:47:38.278597Z,drivers,drivers_by_observed_driver_number,"{""driver_number"": 63, ""session_key"": 11286}",0,http_429,"{""detail"":""Rate limit exceeded. Max 30 requests/minute."",""error"":""Too Many Requests""}",0.488
2026-08-23T08:47:38.877083Z,drivers,drivers_by_observed_driver_number,"{""driver_number"": 77, ""session_key"": 11286}",0,http_429,"{""detail"":""Rate limit exceeded. Max 30 requests/minute."",""error"":""Too Many Requests""}",0.497
2026-08-23T08:47:39.545094Z,drivers,drivers_by_observed_driver_number,"{""driver_number"": 81, ""session_key"": 11286}",0,http_429,"{""detail"":""Rate limit exceeded. Max 30 requests/minute."",""error"":""Too Many Requests""}",0.567
2026-08-23T08:47:40.145835Z,drivers,drivers_by_observed_driver_number,"{""driver_number"": 87, ""session_key"": 11286}",0,http_429,"{""detail"":""Rate limit exceeded. Max 30 requests/minute."",""error"":""Too Many Requests""}",0.5
2026-08-23T08:47:40.728588Z,drivers,drivers_by_observed_driver_number,"{""driver_number"": 241, ""session_key"": 11286}",0,http_429,"{""detail"":""Rate limit exceeded. Max 30 requests/minute."",""error"":""Too Many Requests""}",0.482
2026-08-23T08:47:41.316829Z,drivers,drivers_by_observed_driver_number,"{""driver_number"": 243, ""session_key"": 11286}",0,http_429,"{""detail"":""Rate limit exceeded. Max 30 requests/minute."",""error"":""Too Many Requests""}",0.487
2026-08-23T08:47:41.901752Z,drivers,drivers_by_observed_driver_number,"{""driver_number"": 247, ""session_key"": 11286}",0,http_429,"{""detail"":""Rate limit exceeded. Max 30 requests/minute."",""error"":""Too Many Requests""}",0.484
2026-08-23T08:47:42.485197Z,team_radio,team_radio_by_session_key_opportunistic,"{""session_key"": 11286}",0,http_429,"{""detail"":""Rate limit exceeded. Max 30 requests/minute."",""error"":""Too Many Requests""}",0.482
2026-08-23T08:47:43.084265Z,weather,weather_by_session_key,"{""session_key"": 11287}",0,http_429,"{""detail"":""Rate limit exceeded. Max 30 requests/minute."",""error"":""Too Many Requests""}",0.498
2026-08-23T08:47:43.673088Z,race_control,race_control_by_session_key,"{""session_key"": 11287}",0,http_429,"{""detail"":""Rate limit exceeded. Max 30 requests/minute."",""error"":""Too Many Requests""}",0.488
2026-08-23T08:47:44.338470Z,intervals,intervals_by_session_key,"{""session_key"": 11287}",0,http_429,"{""detail"":""Rate limit exceeded. Max 30 requests/minute."",""error"":""Too Many Requests""}",0.564
2026-08-23T08:47:45.006954Z,position,position_by_session_key,"{""session_key"": 11287}",0,http_429,"{""detail"":""Rate limit exceeded. Max 30 requests/minute."",""error"":""Too Many Requests""}",0.567
2026-08-23T08:47:45.664527Z,position,position_by_meeting_key_fallback,"{""meeting_key"": 1285}",0,http_429,"{""detail"":""Rate limit exceeded. Max 30 requests/minute."",""error"":""Too Many Requests""}",0.556
2026-08-23T08:47:46.313495Z,stints,stints_by_session_key,"{""session_key"": 11287}",0,http_429,"{""detail"":""Rate limit exceeded. Max 30 requests/minute."",""error"":""Too Many Requests""}",0.548
2026-08-23T08:47:46.414754Z,pit,skip_non_race_like_session,"{""session_key"": 11287}",0,skipped_not_applicable,pit endpoint is only treated as required for race/sprint-like sessions,0.0
2026-08-23T08:47:46.957047Z,starting_grid,starting_grid_by_session_key,"{""session_key"": 11287}",0,http_429,"{""detail"":""Rate limit exceeded. Max 30 requests/minute."",""error"":""Too Many Requests""}",0.542
2026-08-23T08:47:47.631273Z,drivers,drivers_by_session_key,"{""session_key"": 11287}",0,http_429,"{""detail"":""Rate limit exceeded. Max 30 requests/minute."",""error"":""Too Many Requests""}",0.573
2026-08-23T08:47:48.287801Z,drivers,drivers_by_observed_driver_number,"{""driver_number"": 1, ""session_key"": 11287}",0,http_429,"{""detail"":""Rate limit exceeded. Max 30 requests/minute."",""error"":""Too Many Requests""}",0.54
2026-08-23T08:47:48.871358Z,drivers,drivers_by_observed_driver_number,"{""driver_number"": 3, ""session_key"": 11287}",0,http_429,"{""detail"":""Rate limit exceeded. Max 30 requests/minute."",""error"":""Too Many Requests""}",0.482
2026-08-23T08:47:49.472164Z,drivers,drivers_by_observed_driver_number,"{""driver_number"": 5, ""session_key"": 11287}",0,http_429,"{""detail"":""Rate limit exceeded. Max 30 requests/minute."",""error"":""Too Many Requests""}",0.5
2026-08-23T08:47:50.058644Z,drivers,drivers_by_observed_driver_number,"{""driver_number"": 6, ""session_key"": 11287}",0,http_429,"{""detail"":""Rate limit exceeded. Max 30 requests/minute."",""error"":""Too Many Requests""}",0.485
2026-08-23T08:47:50.731871Z,drivers,drivers_by_observed_driver_number,"{""driver_number"": 10, ""session_key"": 11287}",0,http_429,"{""detail"":""Rate limit exceeded. Max 30 requests/minute."",""error"":""Too Many Requests""}",0.572
2026-08-23T08:47:51.419148Z,drivers,drivers_by_observed_driver_number,"{""driver_number"": 11, ""session_key"": 11287}",0,http_429,"{""detail"":""Rate limit exceeded. Max 30 requests/minute."",""error"":""Too Many Requests""}",0.586
2026-08-23T08:47:52.073546Z,drivers,drivers_by_observed_driver_number,"{""driver_number"": 12, ""session_key"": 11287}",0,http_429,"{""detail"":""Rate limit exceeded. Max 30 requests/minute."",""error"":""Too Many Requests""}",0.553
2026-08-23T08:47:52.760930Z,drivers,drivers_by_observed_driver_number,"{""driver_number"": 14, ""session_key"": 11287}",0,http_429,"{""detail"":""Rate limit exceeded. Max 30 requests/minute."",""error"":""Too Many Requests""}",0.586
2026-08-23T08:47:53.360811Z,drivers,drivers_by_observed_driver_number,"{""driver_number"": 16, ""session_key"": 11287}",0,http_429,"{""detail"":""Rate limit exceeded. Max 30 requests/minute."",""error"":""Too Many Requests""}",0.499
2026-08-23T08:47:53.946808Z,drivers,drivers_by_observed_driver_number,"{""driver_number"": 18, ""session_key"": 11287}",0,http_429,"{""detail"":""Rate limit exceeded. Max 30 requests/minute."",""error"":""Too Many Requests""}",0.485
2026-08-23T08:47:54.614477Z,drivers,drivers_by_observed_driver_number,"{""driver_number"": 23, ""session_key"": 11287}",0,http_429,"{""detail"":""Rate limit exceeded. Max 30 requests/minute."",""error"":""Too Many Requests""}",0.566
2026-08-23T08:47:55.198554Z,drivers,drivers_by_observed_driver_number,"{""driver_number"": 27, ""session_key"": 11287}",0,http_429,"{""detail"":""Rate limit exceeded. Max 30 requests/minute."",""error"":""Too Many Requests""}",0.483
2026-08-23T08:47:55.798183Z,drivers,drivers_by_observed_driver_number,"{""driver_number"": 30, ""session_key"": 11287}",0,http_429,"{""detail"":""Rate limit exceeded. Max 30 requests/minute."",""error"":""Too Many Requests""}",0.498
2026-08-23T08:47:56.382668Z,drivers,drivers_by_observed_driver_number,"{""driver_number"": 31, ""session_key"": 11287}",0,http_429,"{""detail"":""Rate limit exceeded. Max 30 requests/minute."",""error"":""Too Many Requests""}",0.483
2026-08-23T08:47:56.969827Z,drivers,drivers_by_observed_driver_number,"{""driver_number"": 34, ""session_key"": 11287}",0,http_429,"{""detail"":""Rate limit exceeded. Max 30 requests/minute."",""error"":""Too Many Requests""}",0.486
2026-08-23T08:47:57.610362Z,drivers,drivers_by_observed_driver_number,"{""driver_number"": 41, ""session_key"": 11287}",0,http_429,"{""detail"":""Rate limit exceeded. Max 30 requests/minute."",""error"":""Too Many Requests""}",0.539
2026-08-23T08:47:58.197886Z,drivers,drivers_by_observed_driver_number,"{""driver_number"": 43, ""session_key"": 11287}",0,http_429,"{""detail"":""Rate limit exceeded. Max 30 requests/minute."",""error"":""Too Many Requests""}",0.486
2026-08-23T08:47:58.797504Z,drivers,drivers_by_observed_driver_number,"{""driver_number"": 44, ""session_key"": 11287}",0,http_429,"{""detail"":""Rate limit exceeded. Max 30 requests/minute."",""error"":""Too Many Requests""}",0.498
2026-08-23T08:47:59.403047Z,drivers,drivers_by_observed_driver_number,"{""driver_number"": 55, ""session_key"": 11287}",0,http_429,"{""detail"":""Rate limit exceeded. Max 30 requests/minute."",""error"":""Too Many Requests""}",0.504
2026-08-23T08:48:00.003532Z,drivers,drivers_by_observed_driver_number,"{""driver_number"": 63, ""session_key"": 11287}",0,http_429,"{""detail"":""Rate limit exceeded. Max 30 requests/minute."",""error"":""Too Many Requests""}",0.499
2026-08-23T08:48:00.594077Z,drivers,drivers_by_observed_driver_number,"{""driver_number"": 77, ""session_key"": 11287}",1,pass,,0.489
2026-08-23T08:48:01.179461Z,drivers,drivers_by_observed_driver_number,"{""driver_number"": 81, ""session_key"": 11287}",1,pass,,0.484
2026-08-23T08:48:01.781856Z,drivers,drivers_by_observed_driver_number,"{""driver_number"": 87, ""session_key"": 11287}",1,pass,,0.501
2026-08-23T08:48:02.640499Z,drivers,drivers_by_observed_driver_number,"{""driver_number"": 241, ""session_key"": 11287}",0,http_404,"{""detail"":""No results found.""}",0.758
2026-08-23T08:48:03.271107Z,drivers,drivers_by_observed_driver_number,"{""driver_number"": 243, ""session_key"": 11287}",0,http_404,"{""detail"":""No results found.""}",0.529
2026-08-23T08:48:03.912842Z,drivers,drivers_by_observed_driver_number,"{""driver_number"": 247, ""session_key"": 11287}",0,http_404,"{""detail"":""No results found.""}",0.541
2026-08-23T08:48:04.502480Z,team_radio,team_radio_by_session_key_opportunistic,"{""session_key"": 11287}",19,pass,,0.486
2026-08-23T08:48:05.102490Z,weather,weather_by_session_key,"{""session_key"": 11291}",160,pass,,0.498
2026-08-23T08:48:05.720449Z,race_control,race_control_by_session_key,"{""session_key"": 11291}",287,pass,,0.516
2026-08-23T08:48:08.802784Z,intervals,intervals_by_session_key,"{""session_key"": 11291}",22532,pass,,2.981
2026-08-23T08:48:09.421860Z,position,position_by_session_key,"{""session_key"": 11291}",470,pass,,0.514
2026-08-23T08:48:10.011013Z,stints,stints_by_session_key,"{""session_key"": 11291}",56,pass,,0.487
2026-08-23T08:48:10.614402Z,pit,pit_by_session_key,"{""session_key"": 11291}",34,pass,,0.502
2026-08-23T08:48:11.203905Z,starting_grid,starting_grid_by_session_key,"{""session_key"": 11291}",0,http_404,"{""detail"":""No results found.""}",0.488
2026-08-23T08:48:11.808947Z,drivers,drivers_by_session_key,"{""session_key"": 11291}",22,pass,,0.504
2026-08-23T08:48:12.400806Z,team_radio,team_radio_by_session_key_opportunistic,"{""session_key"": 11291}",33,pass,,0.49
2026-08-23T08:48:13.002114Z,weather,weather_by_session_key,"{""session_key"": 11292}",80,pass,,0.499
2026-08-23T08:48:13.613411Z,race_control,race_control_by_session_key,"{""session_key"": 11292}",130,pass,,0.51
2026-08-23T08:48:14.218185Z,intervals,intervals_by_session_key,"{""session_key"": 11292}",0,http_404,"{""detail"":""No results found.""}",0.503
2026-08-23T08:48:15.048226Z,position,position_by_session_key,"{""session_key"": 11292}",1015,pass,,0.729
2026-08-23T08:48:15.660303Z,stints,stints_by_session_key,"{""session_key"": 11292}",81,pass,,0.51
2026-08-23T08:48:15.762120Z,pit,skip_non_race_like_session,"{""session_key"": 11292}",0,skipped_not_applicable,pit endpoint is only treated as required for race/sprint-like sessions,0.0
2026-08-23T08:48:16.267691Z,starting_grid,starting_grid_by_session_key,"{""session_key"": 11292}",0,http_404,"{""detail"":""No results found.""}",0.505
2026-08-23T08:48:16.855786Z,drivers,drivers_by_session_key,"{""session_key"": 11292}",22,pass,,0.487
2026-08-23T08:48:17.460759Z,team_radio,team_radio_by_session_key_opportunistic,"{""session_key"": 11292}",0,http_404,"{""detail"":""No results found.""}",0.503
2026-08-23T08:48:18.051349Z,weather,weather_by_session_key,"{""session_key"": 11293}",80,pass,,0.489
2026-08-23T08:48:18.659875Z,race_control,race_control_by_session_key,"{""session_key"": 11293}",110,pass,,0.507
2026-08-23T08:48:19.249301Z,intervals,intervals_by_session_key,"{""session_key"": 11293}",0,http_404,"{""detail"":""No results found.""}",0.488
2026-08-23T08:48:19.867131Z,position,position_by_session_key,"{""session_key"": 11293}",816,pass,,0.517
2026-08-23T08:48:20.472844Z,stints,stints_by_session_key,"{""session_key"": 11293}",91,pass,,0.504
2026-08-23T08:48:20.574820Z,pit,skip_non_race_like_session,"{""session_key"": 11293}",0,skipped_not_applicable,pit endpoint is only treated as required for race/sprint-like sessions,0.0
2026-08-23T08:48:21.072936Z,starting_grid,starting_grid_by_session_key,"{""session_key"": 11293}",0,http_404,"{""detail"":""No results found.""}",0.498
2026-08-23T08:48:21.657349Z,drivers,drivers_by_session_key,"{""session_key"": 11293}",0,http_429,"{""detail"":""Rate limit exceeded. Max 30 requests/minute."",""error"":""Too Many Requests""}",0.483
2026-08-23T08:48:22.278762Z,drivers,drivers_by_observed_driver_number,"{""driver_number"": 1, ""session_key"": 11293}",0,http_429,"{""detail"":""Rate limit exceeded. Max 30 requests/minute."",""error"":""Too Many Requests""}",0.502
2026-08-23T08:48:22.862185Z,drivers,drivers_by_observed_driver_number,"{""driver_number"": 3, ""session_key"": 11293}",0,http_429,"{""detail"":""Rate limit exceeded. Max 30 requests/minute."",""error"":""Too Many Requests""}",0.482
2026-08-23T08:48:23.527310Z,drivers,drivers_by_observed_driver_number,"{""driver_number"": 5, ""session_key"": 11293}",0,http_429,"{""detail"":""Rate limit exceeded. Max 30 requests/minute."",""error"":""Too Many Requests""}",0.564
2026-08-23T08:48:24.126011Z,drivers,drivers_by_observed_driver_number,"{""driver_number"": 6, ""session_key"": 11293}",0,http_429,"{""detail"":""Rate limit exceeded. Max 30 requests/minute."",""error"":""Too Many Requests""}",0.497
2026-08-23T08:48:24.709615Z,drivers,drivers_by_observed_driver_number,"{""driver_number"": 10, ""session_key"": 11293}",0,http_429,"{""detail"":""Rate limit exceeded. Max 30 requests/minute."",""error"":""Too Many Requests""}",0.482
2026-08-23T08:48:25.311389Z,drivers,drivers_by_observed_driver_number,"{""driver_number"": 11, ""session_key"": 11293}",0,http_429,"{""detail"":""Rate limit exceeded. Max 30 requests/minute."",""error"":""Too Many Requests""}",0.501
2026-08-23T08:48:25.898097Z,drivers,drivers_by_observed_driver_number,"{""driver_number"": 12, ""session_key"": 11293}",0,http_429,"{""detail"":""Rate limit exceeded. Max 30 requests/minute."",""error"":""Too Many Requests""}",0.486
2026-08-23T08:48:26.485594Z,drivers,drivers_by_observed_driver_number,"{""driver_number"": 14, ""session_key"": 11293}",0,http_429,"{""detail"":""Rate limit exceeded. Max 30 requests/minute."",""error"":""Too Many Requests""}",0.486
2026-08-23T08:48:27.074413Z,drivers,drivers_by_observed_driver_number,"{""driver_number"": 16, ""session_key"": 11293}",0,http_429,"{""detail"":""Rate limit exceeded. Max 30 requests/minute."",""error"":""Too Many Requests""}",0.488
2026-08-23T08:48:27.674880Z,drivers,drivers_by_observed_driver_number,"{""driver_number"": 18, ""session_key"": 11293}",0,http_429,"{""detail"":""Rate limit exceeded. Max 30 requests/minute."",""error"":""Too Many Requests""}",0.499
2026-08-23T08:48:28.258031Z,drivers,drivers_by_observed_driver_number,"{""driver_number"": 23, ""session_key"": 11293}",0,http_429,"{""detail"":""Rate limit exceeded. Max 30 requests/minute."",""error"":""Too Many Requests""}",0.482
2026-08-23T08:48:28.861224Z,drivers,drivers_by_observed_driver_number,"{""driver_number"": 27, ""session_key"": 11293}",0,http_429,"{""detail"":""Rate limit exceeded. Max 30 requests/minute."",""error"":""Too Many Requests""}",0.502
2026-08-23T08:48:29.443892Z,drivers,drivers_by_observed_driver_number,"{""driver_number"": 30, ""session_key"": 11293}",0,http_429,"{""detail"":""Rate limit exceeded. Max 30 requests/minute."",""error"":""Too Many Requests""}",0.482
2026-08-23T08:48:30.026332Z,drivers,drivers_by_observed_driver_number,"{""driver_number"": 31, ""session_key"": 11293}",0,http_429,"{""detail"":""Rate limit exceeded. Max 30 requests/minute."",""error"":""Too Many Requests""}",0.481
2026-08-23T08:48:30.624671Z,drivers,drivers_by_observed_driver_number,"{""driver_number"": 34, ""session_key"": 11293}",0,http_429,"{""detail"":""Rate limit exceeded. Max 30 requests/minute."",""error"":""Too Many Requests""}",0.497
2026-08-23T08:48:31.208725Z,drivers,drivers_by_observed_driver_number,"{""driver_number"": 41, ""session_key"": 11293}",0,http_429,"{""detail"":""Rate limit exceeded. Max 30 requests/minute."",""error"":""Too Many Requests""}",0.483
2026-08-23T08:48:31.808409Z,drivers,drivers_by_observed_driver_number,"{""driver_number"": 43, ""session_key"": 11293}",0,http_429,"{""detail"":""Rate limit exceeded. Max 30 requests/minute."",""error"":""Too Many Requests""}",0.498
2026-08-23T08:48:32.396388Z,drivers,drivers_by_observed_driver_number,"{""driver_number"": 44, ""session_key"": 11293}",0,http_429,"{""detail"":""Rate limit exceeded. Max 30 requests/minute."",""error"":""Too Many Requests""}",0.487
2026-08-23T08:48:32.985943Z,drivers,drivers_by_observed_driver_number,"{""driver_number"": 55, ""session_key"": 11293}",0,http_429,"{""detail"":""Rate limit exceeded. Max 30 requests/minute."",""error"":""Too Many Requests""}",0.488
2026-08-23T08:48:33.573040Z,drivers,drivers_by_observed_driver_number,"{""driver_number"": 63, ""session_key"": 11293}",0,http_429,"{""detail"":""Rate limit exceeded. Max 30 requests/minute."",""error"":""Too Many Requests""}",0.486
2026-08-23T08:48:34.217494Z,drivers,drivers_by_observed_driver_number,"{""driver_number"": 77, ""session_key"": 11293}",0,http_429,"{""detail"":""Rate limit exceeded. Max 30 requests/minute."",""error"":""Too Many Requests""}",0.543
2026-08-23T08:48:34.801369Z,drivers,drivers_by_observed_driver_number,"{""driver_number"": 81, ""session_key"": 11293}",0,http_429,"{""detail"":""Rate limit exceeded. Max 30 requests/minute."",""error"":""Too Many Requests""}",0.483
2026-08-23T08:48:35.404940Z,drivers,drivers_by_observed_driver_number,"{""driver_number"": 87, ""session_key"": 11293}",0,http_429,"{""detail"":""Rate limit exceeded. Max 30 requests/minute."",""error"":""Too Many Requests""}",0.502
2026-08-23T08:48:35.987319Z,drivers,drivers_by_observed_driver_number,"{""driver_number"": 241, ""session_key"": 11293}",0,http_429,"{""detail"":""Rate limit exceeded. Max 30 requests/minute."",""error"":""Too Many Requests""}",0.481
2026-08-23T08:48:36.569675Z,drivers,drivers_by_observed_driver_number,"{""driver_number"": 243, ""session_key"": 11293}",0,http_429,"{""detail"":""Rate limit exceeded. Max 30 requests/minute."",""error"":""Too Many Requests""}",0.481
2026-08-23T08:48:37.169545Z,drivers,drivers_by_observed_driver_number,"{""driver_number"": 247, ""session_key"": 11293}",0,http_429,"{""detail"":""Rate limit exceeded. Max 30 requests/minute."",""error"":""Too Many Requests""}",0.499
2026-08-23T08:48:37.762837Z,team_radio,team_radio_by_session_key_opportunistic,"{""session_key"": 11293}",0,http_429,"{""detail"":""Rate limit exceeded. Max 30 requests/minute."",""error"":""Too Many Requests""}",0.492
2026-08-23T08:48:38.364103Z,weather,weather_by_session_key,"{""session_key"": 11294}",0,http_429,"{""detail"":""Rate limit exceeded. Max 30 requests/minute."",""error"":""Too Many Requests""}",0.5
2026-08-23T08:48:38.951214Z,race_control,race_control_by_session_key,"{""session_key"": 11294}",0,http_429,"{""detail"":""Rate limit exceeded. Max 30 requests/minute."",""error"":""Too Many Requests""}",0.486
2026-08-23T08:48:39.541992Z,intervals,intervals_by_session_key,"{""session_key"": 11294}",0,http_429,"{""detail"":""Rate limit exceeded. Max 30 requests/minute."",""error"":""Too Many Requests""}",0.489
2026-08-23T08:48:40.128441Z,position,position_by_session_key,"{""session_key"": 11294}",0,http_429,"{""detail"":""Rate limit exceeded. Max 30 requests/minute."",""error"":""Too Many Requests""}",0.485
2026-08-23T08:48:40.727203Z,position,position_by_meeting_key_fallback,"{""meeting_key"": 1286}",0,http_429,"{""detail"":""Rate limit exceeded. Max 30 requests/minute."",""error"":""Too Many Requests""}",0.498
2026-08-23T08:48:41.311368Z,stints,stints_by_session_key,"{""session_key"": 11294}",0,http_429,"{""detail"":""Rate limit exceeded. Max 30 requests/minute."",""error"":""Too Many Requests""}",0.483
2026-08-23T08:48:41.412606Z,pit,skip_non_race_like_session,"{""session_key"": 11294}",0,skipped_not_applicable,pit endpoint is only treated as required for race/sprint-like sessions,0.0
2026-08-23T08:48:41.916888Z,starting_grid,starting_grid_by_session_key,"{""session_key"": 11294}",0,http_429,"{""detail"":""Rate limit exceeded. Max 30 requests/minute."",""error"":""Too Many Requests""}",0.504
2026-08-23T08:48:42.499924Z,drivers,drivers_by_session_key,"{""session_key"": 11294}",0,http_429,"{""detail"":""Rate limit exceeded. Max 30 requests/minute."",""error"":""Too Many Requests""}",0.482
2026-08-23T08:48:43.107065Z,drivers,drivers_by_observed_driver_number,"{""driver_number"": 1, ""session_key"": 11294}",0,http_429,"{""detail"":""Rate limit exceeded. Max 30 requests/minute."",""error"":""Too Many Requests""}",0.485
2026-08-23T08:48:43.706919Z,drivers,drivers_by_observed_driver_number,"{""driver_number"": 3, ""session_key"": 11294}",0,http_429,"{""detail"":""Rate limit exceeded. Max 30 requests/minute."",""error"":""Too Many Requests""}",0.499
2026-08-23T08:48:44.298208Z,drivers,drivers_by_observed_driver_number,"{""driver_number"": 5, ""session_key"": 11294}",0,http_429,"{""detail"":""Rate limit exceeded. Max 30 requests/minute."",""error"":""Too Many Requests""}",0.49
2026-08-23T08:48:44.898751Z,drivers,drivers_by_observed_driver_number,"{""driver_number"": 6, ""session_key"": 11294}",0,http_429,"{""detail"":""Rate limit exceeded. Max 30 requests/minute."",""error"":""Too Many Requests""}",0.499
2026-08-23T08:48:45.486850Z,drivers,drivers_by_observed_driver_number,"{""driver_number"": 10, ""session_key"": 11294}",0,http_429,"{""detail"":""Rate limit exceeded. Max 30 requests/minute."",""error"":""Too Many Requests""}",0.487
2026-08-23T08:48:46.075932Z,drivers,drivers_by_observed_driver_number,"{""driver_number"": 11, ""session_key"": 11294}",0,http_429,"{""detail"":""Rate limit exceeded. Max 30 requests/minute."",""error"":""Too Many Requests""}",0.488
2026-08-23T08:48:46.665235Z,drivers,drivers_by_observed_driver_number,"{""driver_number"": 12, ""session_key"": 11294}",0,http_429,"{""detail"":""Rate limit exceeded. Max 30 requests/minute."",""error"":""Too Many Requests""}",0.488
2026-08-23T08:48:47.264904Z,drivers,drivers_by_observed_driver_number,"{""driver_number"": 14, ""session_key"": 11294}",0,http_429,"{""detail"":""Rate limit exceeded. Max 30 requests/minute."",""error"":""Too Many Requests""}",0.499
2026-08-23T08:48:47.847632Z,drivers,drivers_by_observed_driver_number,"{""driver_number"": 16, ""session_key"": 11294}",0,http_429,"{""detail"":""Rate limit exceeded. Max 30 requests/minute."",""error"":""Too Many Requests""}",0.482
2026-08-23T08:48:48.456334Z,drivers,drivers_by_observed_driver_number,"{""driver_number"": 18, ""session_key"": 11294}",0,http_429,"{""detail"":""Rate limit exceeded. Max 30 requests/minute."",""error"":""Too Many Requests""}",0.507
2026-08-23T08:48:49.039235Z,drivers,drivers_by_observed_driver_number,"{""driver_number"": 23, ""session_key"": 11294}",0,http_429,"{""detail"":""Rate limit exceeded. Max 30 requests/minute."",""error"":""Too Many Requests""}",0.482
2026-08-23T08:48:49.622066Z,drivers,drivers_by_observed_driver_number,"{""driver_number"": 27, ""session_key"": 11294}",0,http_429,"{""detail"":""Rate limit exceeded. Max 30 requests/minute."",""error"":""Too Many Requests""}",0.482
2026-08-23T08:48:50.225460Z,drivers,drivers_by_observed_driver_number,"{""driver_number"": 30, ""session_key"": 11294}",0,http_429,"{""detail"":""Rate limit exceeded. Max 30 requests/minute."",""error"":""Too Many Requests""}",0.502
2026-08-23T08:48:50.815559Z,drivers,drivers_by_observed_driver_number,"{""driver_number"": 31, ""session_key"": 11294}",0,http_429,"{""detail"":""Rate limit exceeded. Max 30 requests/minute."",""error"":""Too Many Requests""}",0.489
2026-08-23T08:48:51.420612Z,drivers,drivers_by_observed_driver_number,"{""driver_number"": 34, ""session_key"": 11294}",0,http_429,"{""detail"":""Rate limit exceeded. Max 30 requests/minute."",""error"":""Too Many Requests""}",0.504
2026-08-23T08:48:52.009192Z,drivers,drivers_by_observed_driver_number,"{""driver_number"": 41, ""session_key"": 11294}",0,http_429,"{""detail"":""Rate limit exceeded. Max 30 requests/minute."",""error"":""Too Many Requests""}",0.488
2026-08-23T08:48:52.599559Z,drivers,drivers_by_observed_driver_number,"{""driver_number"": 43, ""session_key"": 11294}",0,http_429,"{""detail"":""Rate limit exceeded. Max 30 requests/minute."",""error"":""Too Many Requests""}",0.489
2026-08-23T08:48:53.186219Z,drivers,drivers_by_observed_driver_number,"{""driver_number"": 44, ""session_key"": 11294}",0,http_429,"{""detail"":""Rate limit exceeded. Max 30 requests/minute."",""error"":""Too Many Requests""}",0.485
2026-08-23T08:48:53.787073Z,drivers,drivers_by_observed_driver_number,"{""driver_number"": 55, ""session_key"": 11294}",0,http_429,"{""detail"":""Rate limit exceeded. Max 30 requests/minute."",""error"":""Too Many Requests""}",0.5
2026-08-23T08:48:54.376947Z,drivers,drivers_by_observed_driver_number,"{""driver_number"": 63, ""session_key"": 11294}",0,http_429,"{""detail"":""Rate limit exceeded. Max 30 requests/minute."",""error"":""Too Many Requests""}",0.489
2026-08-23T08:48:54.982864Z,drivers,drivers_by_observed_driver_number,"{""driver_number"": 77, ""session_key"": 11294}",0,http_429,"{""detail"":""Rate limit exceeded. Max 30 requests/minute."",""error"":""Too Many Requests""}",0.505
2026-08-23T08:48:55.567103Z,drivers,drivers_by_observed_driver_number,"{""driver_number"": 81, ""session_key"": 11294}",0,http_429,"{""detail"":""Rate limit exceeded. Max 30 requests/minute."",""error"":""Too Many Requests""}",0.483
2026-08-23T08:48:56.152666Z,drivers,drivers_by_observed_driver_number,"{""driver_number"": 87, ""session_key"": 11294}",0,http_429,"{""detail"":""Rate limit exceeded. Max 30 requests/minute."",""error"":""Too Many Requests""}",0.484
2026-08-23T08:48:56.891347Z,drivers,drivers_by_observed_driver_number,"{""driver_number"": 241, ""session_key"": 11294}",0,http_429,"{""detail"":""Rate limit exceeded. Max 30 requests/minute."",""error"":""Too Many Requests""}",0.638
2026-08-23T08:48:57.482116Z,drivers,drivers_by_observed_driver_number,"{""driver_number"": 243, ""session_key"": 11294}",0,http_429,"{""detail"":""Rate limit exceeded. Max 30 requests/minute."",""error"":""Too Many Requests""}",0.49
2026-08-23T08:48:58.082921Z,drivers,drivers_by_observed_driver_number,"{""driver_number"": 247, ""session_key"": 11294}",0,http_429,"{""detail"":""Rate limit exceeded. Max 30 requests/minute."",""error"":""Too Many Requests""}",0.5
2026-08-23T08:48:58.670840Z,team_radio,team_radio_by_session_key_opportunistic,"{""session_key"": 11294}",0,http_429,"{""detail"":""Rate limit exceeded. Max 30 requests/minute."",""error"":""Too Many Requests""}",0.486
2026-08-23T08:48:59.262886Z,weather,weather_by_session_key,"{""session_key"": 11295}",0,http_429,"{""detail"":""Rate limit exceeded. Max 30 requests/minute."",""error"":""Too Many Requests""}",0.491
2026-08-23T08:48:59.851297Z,race_control,race_control_by_session_key,"{""session_key"": 11295}",0,http_429,"{""detail"":""Rate limit exceeded. Max 30 requests/minute."",""error"":""Too Many Requests""}",0.487
2026-08-23T08:49:00.452597Z,intervals,intervals_by_session_key,"{""session_key"": 11295}",0,http_404,"{""detail"":""No results found.""}",0.5
2026-08-23T08:49:01.354527Z,position,position_by_session_key,"{""session_key"": 11295}",1616,pass,,0.801
2026-08-23T08:49:01.971827Z,stints,stints_by_session_key,"{""session_key"": 11295}",100,pass,,0.515
2026-08-23T08:49:02.073689Z,pit,skip_non_race_like_session,"{""session_key"": 11295}",0,skipped_not_applicable,pit endpoint is only treated as required for race/sprint-like sessions,0.0
2026-08-23T08:49:02.557532Z,starting_grid,starting_grid_by_session_key,"{""session_key"": 11295}",22,pass,,0.484
2026-08-23T08:49:03.146810Z,drivers,drivers_by_session_key,"{""session_key"": 11295}",22,pass,,0.488
2026-08-23T08:49:03.740842Z,team_radio,team_radio_by_session_key_opportunistic,"{""session_key"": 11295}",18,pass,,0.492
2026-08-23T08:49:04.350092Z,weather,weather_by_session_key,"{""session_key"": 11299}",208,pass,,0.507
2026-08-23T08:49:04.969856Z,race_control,race_control_by_session_key,"{""session_key"": 11299}",269,pass,,0.518
2026-08-23T08:49:07.577921Z,intervals,intervals_by_session_key,"{""session_key"": 11299}",29916,pass,,2.506
2026-08-23T08:49:08.174703Z,position,position_by_session_key,"{""session_key"": 11299}",291,pass,,0.491
2026-08-23T08:49:08.787404Z,stints,stints_by_session_key,"{""session_key"": 11299}",108,pass,,0.511
2026-08-23T08:49:09.380283Z,pit,pit_by_session_key,"{""session_key"": 11299}",86,pass,,0.491
2026-08-23T08:49:09.971125Z,starting_grid,starting_grid_by_session_key,"{""session_key"": 11299}",0,http_404,"{""detail"":""No results found.""}",0.489
2026-08-23T08:49:10.566000Z,drivers,drivers_by_session_key,"{""session_key"": 11299}",22,pass,,0.494
2026-08-23T08:49:11.179170Z,team_radio,team_radio_by_session_key_opportunistic,"{""session_key"": 11299}",36,pass,,0.511
2026-08-23T08:49:11.785054Z,weather,weather_by_session_key,"{""session_key"": 11300}",84,pass,,0.504
2026-08-23T08:49:12.378461Z,race_control,race_control_by_session_key,"{""session_key"": 11300}",25,pass,,0.492
2026-08-23T08:49:12.965343Z,intervals,intervals_by_session_key,"{""session_key"": 11300}",0,http_404,"{""detail"":""No results found.""}",0.485
2026-08-23T08:49:13.576156Z,position,position_by_session_key,"{""session_key"": 11300}",612,pass,,0.51
2026-08-23T08:49:14.167563Z,stints,stints_by_session_key,"{""session_key"": 11300}",115,pass,,0.489
2026-08-23T08:49:14.269378Z,pit,skip_non_race_like_session,"{""session_key"": 11300}",0,skipped_not_applicable,pit endpoint is only treated as required for race/sprint-like sessions,0.0
2026-08-23T08:49:14.756309Z,starting_grid,starting_grid_by_session_key,"{""session_key"": 11300}",0,http_404,"{""detail"":""No results found.""}",0.487
2026-08-23T08:49:15.366554Z,drivers,drivers_by_session_key,"{""session_key"": 11300}",21,pass,,0.509
2026-08-23T08:49:15.952050Z,team_radio,team_radio_by_session_key_opportunistic,"{""session_key"": 11300}",6,pass,,0.484
2026-08-23T08:49:16.548968Z,weather,weather_by_session_key,"{""session_key"": 11301}",85,pass,,0.495
2026-08-23T08:49:17.140225Z,race_control,race_control_by_session_key,"{""session_key"": 11301}",52,pass,,0.489
2026-08-23T08:49:17.742023Z,intervals,intervals_by_session_key,"{""session_key"": 11301}",0,http_404,"{""detail"":""No results found.""}",0.5
2026-08-23T08:49:18.372029Z,position,position_by_session_key,"{""session_key"": 11301}",424,pass,,0.529
2026-08-23T08:49:18.994415Z,stints,stints_by_session_key,"{""session_key"": 11301}",118,pass,,0.521
2026-08-23T08:49:19.096309Z,pit,skip_non_race_like_session,"{""session_key"": 11301}",0,skipped_not_applicable,pit endpoint is only treated as required for race/sprint-like sessions,0.0
2026-08-23T08:49:19.582685Z,starting_grid,starting_grid_by_session_key,"{""session_key"": 11301}",0,http_404,"{""detail"":""No results found.""}",0.486
2026-08-23T08:49:20.174926Z,drivers,drivers_by_session_key,"{""session_key"": 11301}",22,pass,,0.491
2026-08-23T08:49:20.757331Z,team_radio,team_radio_by_session_key_opportunistic,"{""session_key"": 11301}",0,http_429,"{""detail"":""Rate limit exceeded. Max 30 requests/minute."",""error"":""Too Many Requests""}",0.481
2026-08-23T08:49:21.341061Z,weather,weather_by_session_key,"{""session_key"": 11302}",0,http_429,"{""detail"":""Rate limit exceeded. Max 30 requests/minute."",""error"":""Too Many Requests""}",0.482
2026-08-23T08:49:21.944031Z,race_control,race_control_by_session_key,"{""session_key"": 11302}",0,http_429,"{""detail"":""Rate limit exceeded. Max 30 requests/minute."",""error"":""Too Many Requests""}",0.502
2026-08-23T08:49:22.527899Z,intervals,intervals_by_session_key,"{""session_key"": 11302}",0,http_429,"{""detail"":""Rate limit exceeded. Max 30 requests/minute."",""error"":""Too Many Requests""}",0.483
2026-08-23T08:49:23.116746Z,position,position_by_session_key,"{""session_key"": 11302}",0,http_429,"{""detail"":""Rate limit exceeded. Max 30 requests/minute."",""error"":""Too Many Requests""}",0.488
2026-08-23T08:49:23.703139Z,position,position_by_meeting_key_fallback,"{""meeting_key"": 1287}",0,http_429,"{""detail"":""Rate limit exceeded. Max 30 requests/minute."",""error"":""Too Many Requests""}",0.485
2026-08-23T08:49:24.301805Z,stints,stints_by_session_key,"{""session_key"": 11302}",0,http_429,"{""detail"":""Rate limit exceeded. Max 30 requests/minute."",""error"":""Too Many Requests""}",0.497
2026-08-23T08:49:24.403108Z,pit,skip_non_race_like_session,"{""session_key"": 11302}",0,skipped_not_applicable,pit endpoint is only treated as required for race/sprint-like sessions,0.0
2026-08-23T08:49:24.902603Z,starting_grid,starting_grid_by_session_key,"{""session_key"": 11302}",0,http_429,"{""detail"":""Rate limit exceeded. Max 30 requests/minute."",""error"":""Too Many Requests""}",0.499
2026-08-23T08:49:25.503714Z,drivers,drivers_by_session_key,"{""session_key"": 11302}",0,http_429,"{""detail"":""Rate limit exceeded. Max 30 requests/minute."",""error"":""Too Many Requests""}",0.5
2026-08-23T08:49:26.112353Z,drivers,drivers_by_observed_driver_number,"{""driver_number"": 1, ""session_key"": 11302}",0,http_429,"{""detail"":""Rate limit exceeded. Max 30 requests/minute."",""error"":""Too Many Requests""}",0.487
2026-08-23T08:49:26.701310Z,drivers,drivers_by_observed_driver_number,"{""driver_number"": 3, ""session_key"": 11302}",0,http_429,"{""detail"":""Rate limit exceeded. Max 30 requests/minute."",""error"":""Too Many Requests""}",0.488
2026-08-23T08:49:27.283841Z,drivers,drivers_by_observed_driver_number,"{""driver_number"": 5, ""session_key"": 11302}",0,http_429,"{""detail"":""Rate limit exceeded. Max 30 requests/minute."",""error"":""Too Many Requests""}",0.482
2026-08-23T08:49:27.869824Z,drivers,drivers_by_observed_driver_number,"{""driver_number"": 6, ""session_key"": 11302}",0,http_429,"{""detail"":""Rate limit exceeded. Max 30 requests/minute."",""error"":""Too Many Requests""}",0.485
2026-08-23T08:49:28.473725Z,drivers,drivers_by_observed_driver_number,"{""driver_number"": 10, ""session_key"": 11302}",0,http_429,"{""detail"":""Rate limit exceeded. Max 30 requests/minute."",""error"":""Too Many Requests""}",0.503
2026-08-23T08:49:29.056741Z,drivers,drivers_by_observed_driver_number,"{""driver_number"": 11, ""session_key"": 11302}",0,http_429,"{""detail"":""Rate limit exceeded. Max 30 requests/minute."",""error"":""Too Many Requests""}",0.482
2026-08-23T08:49:29.645898Z,drivers,drivers_by_observed_driver_number,"{""driver_number"": 12, ""session_key"": 11302}",0,http_429,"{""detail"":""Rate limit exceeded. Max 30 requests/minute."",""error"":""Too Many Requests""}",0.488
2026-08-23T08:49:30.286402Z,drivers,drivers_by_observed_driver_number,"{""driver_number"": 14, ""session_key"": 11302}",0,http_429,"{""detail"":""Rate limit exceeded. Max 30 requests/minute."",""error"":""Too Many Requests""}",0.539
2026-08-23T08:49:30.886204Z,drivers,drivers_by_observed_driver_number,"{""driver_number"": 16, ""session_key"": 11302}",0,http_429,"{""detail"":""Rate limit exceeded. Max 30 requests/minute."",""error"":""Too Many Requests""}",0.498
2026-08-23T08:49:31.485986Z,drivers,drivers_by_observed_driver_number,"{""driver_number"": 18, ""session_key"": 11302}",0,http_429,"{""detail"":""Rate limit exceeded. Max 30 requests/minute."",""error"":""Too Many Requests""}",0.499
2026-08-23T08:49:32.075313Z,drivers,drivers_by_observed_driver_number,"{""driver_number"": 23, ""session_key"": 11302}",0,http_429,"{""detail"":""Rate limit exceeded. Max 30 requests/minute."",""error"":""Too Many Requests""}",0.488
2026-08-23T08:49:32.662033Z,drivers,drivers_by_observed_driver_number,"{""driver_number"": 25, ""session_key"": 11302}",0,http_429,"{""detail"":""Rate limit exceeded. Max 30 requests/minute."",""error"":""Too Many Requests""}",0.486
2026-08-23T08:49:33.251064Z,drivers,drivers_by_observed_driver_number,"{""driver_number"": 27, ""session_key"": 11302}",0,http_429,"{""detail"":""Rate limit exceeded. Max 30 requests/minute."",""error"":""Too Many Requests""}",0.488
2026-08-23T08:49:33.835593Z,drivers,drivers_by_observed_driver_number,"{""driver_number"": 30, ""session_key"": 11302}",0,http_429,"{""detail"":""Rate limit exceeded. Max 30 requests/minute."",""error"":""Too Many Requests""}",0.483
2026-08-23T08:49:34.418049Z,drivers,drivers_by_observed_driver_number,"{""driver_number"": 31, ""session_key"": 11302}",0,http_429,"{""detail"":""Rate limit exceeded. Max 30 requests/minute."",""error"":""Too Many Requests""}",0.481
2026-08-23T08:49:35.021882Z,drivers,drivers_by_observed_driver_number,"{""driver_number"": 34, ""session_key"": 11302}",0,http_429,"{""detail"":""Rate limit exceeded. Max 30 requests/minute."",""error"":""Too Many Requests""}",0.503
2026-08-23T08:49:35.605512Z,drivers,drivers_by_observed_driver_number,"{""driver_number"": 36, ""session_key"": 11302}",0,http_429,"{""detail"":""Rate limit exceeded. Max 30 requests/minute."",""error"":""Too Many Requests""}",0.482
2026-08-23T08:49:36.194079Z,drivers,drivers_by_observed_driver_number,"{""driver_number"": 38, ""session_key"": 11302}",0,http_429,"{""detail"":""Rate limit exceeded. Max 30 requests/minute."",""error"":""Too Many Requests""}",0.487
2026-08-23T08:49:36.784141Z,drivers,drivers_by_observed_driver_number,"{""driver_number"": 41, ""session_key"": 11302}",0,http_429,"{""detail"":""Rate limit exceeded. Max 30 requests/minute."",""error"":""Too Many Requests""}",0.489
2026-08-23T08:49:37.382924Z,drivers,drivers_by_observed_driver_number,"{""driver_number"": 43, ""session_key"": 11302}",0,http_429,"{""detail"":""Rate limit exceeded. Max 30 requests/minute."",""error"":""Too Many Requests""}",0.498
2026-08-23T08:49:37.981850Z,drivers,drivers_by_observed_driver_number,"{""driver_number"": 44, ""session_key"": 11302}",0,http_429,"{""detail"":""Rate limit exceeded. Max 30 requests/minute."",""error"":""Too Many Requests""}",0.498
2026-08-23T08:49:38.573070Z,drivers,drivers_by_observed_driver_number,"{""driver_number"": 46, ""session_key"": 11302}",0,http_429,"{""detail"":""Rate limit exceeded. Max 30 requests/minute."",""error"":""Too Many Requests""}",0.49
2026-08-23T08:49:39.156906Z,drivers,drivers_by_observed_driver_number,"{""driver_number"": 55, ""session_key"": 11302}",0,http_429,"{""detail"":""Rate limit exceeded. Max 30 requests/minute."",""error"":""Too Many Requests""}",0.483
2026-08-23T08:49:39.743768Z,drivers,drivers_by_observed_driver_number,"{""driver_number"": 63, ""session_key"": 11302}",0,http_429,"{""detail"":""Rate limit exceeded. Max 30 requests/minute."",""error"":""Too Many Requests""}",0.486
2026-08-23T08:49:40.327864Z,drivers,drivers_by_observed_driver_number,"{""driver_number"": 67, ""session_key"": 11302}",0,http_429,"{""detail"":""Rate limit exceeded. Max 30 requests/minute."",""error"":""Too Many Requests""}",0.483
2026-08-23T08:49:40.912202Z,drivers,drivers_by_observed_driver_number,"{""driver_number"": 72, ""session_key"": 11302}",0,http_429,"{""detail"":""Rate limit exceeded. Max 30 requests/minute."",""error"":""Too Many Requests""}",0.483
2026-08-23T08:49:41.517597Z,drivers,drivers_by_observed_driver_number,"{""driver_number"": 77, ""session_key"": 11302}",0,http_429,"{""detail"":""Rate limit exceeded. Max 30 requests/minute."",""error"":""Too Many Requests""}",0.504
2026-08-23T08:49:42.099782Z,drivers,drivers_by_observed_driver_number,"{""driver_number"": 81, ""session_key"": 11302}",0,http_429,"{""detail"":""Rate limit exceeded. Max 30 requests/minute."",""error"":""Too Many Requests""}",0.481
2026-08-23T08:49:42.689539Z,drivers,drivers_by_observed_driver_number,"{""driver_number"": 87, ""session_key"": 11302}",0,http_429,"{""detail"":""Rate limit exceeded. Max 30 requests/minute."",""error"":""Too Many Requests""}",0.489
2026-08-23T08:49:43.278506Z,drivers,drivers_by_observed_driver_number,"{""driver_number"": 97, ""session_key"": 11302}",0,http_429,"{""detail"":""Rate limit exceeded. Max 30 requests/minute."",""error"":""Too Many Requests""}",0.488
2026-08-23T08:49:43.878706Z,drivers,drivers_by_observed_driver_number,"{""driver_number"": 241, ""session_key"": 11302}",0,http_429,"{""detail"":""Rate limit exceeded. Max 30 requests/minute."",""error"":""Too Many Requests""}",0.499
2026-08-23T08:49:44.479147Z,drivers,drivers_by_observed_driver_number,"{""driver_number"": 243, ""session_key"": 11302}",0,http_429,"{""detail"":""Rate limit exceeded. Max 30 requests/minute."",""error"":""Too Many Requests""}",0.499
2026-08-23T08:49:45.069148Z,drivers,drivers_by_observed_driver_number,"{""driver_number"": 247, ""session_key"": 11302}",0,http_429,"{""detail"":""Rate limit exceeded. Max 30 requests/minute."",""error"":""Too Many Requests""}",0.489
2026-08-23T08:49:45.655287Z,team_radio,team_radio_by_session_key_opportunistic,"{""session_key"": 11302}",0,http_429,"{""detail"":""Rate limit exceeded. Max 30 requests/minute."",""error"":""Too Many Requests""}",0.485
2026-08-23T08:49:46.242532Z,weather,weather_by_session_key,"{""session_key"": 11303}",0,http_429,"{""detail"":""Rate limit exceeded. Max 30 requests/minute."",""error"":""Too Many Requests""}",0.486
2026-08-23T08:49:46.826839Z,race_control,race_control_by_session_key,"{""session_key"": 11303}",0,http_429,"{""detail"":""Rate limit exceeded. Max 30 requests/minute."",""error"":""Too Many Requests""}",0.483
2026-08-23T08:49:47.412075Z,intervals,intervals_by_session_key,"{""session_key"": 11303}",0,http_429,"{""detail"":""Rate limit exceeded. Max 30 requests/minute."",""error"":""Too Many Requests""}",0.484
2026-08-23T08:49:48.020148Z,position,position_by_session_key,"{""session_key"": 11303}",0,http_429,"{""detail"":""Rate limit exceeded. Max 30 requests/minute."",""error"":""Too Many Requests""}",0.507
2026-08-23T08:49:48.603221Z,position,position_by_meeting_key_fallback,"{""meeting_key"": 1287}",0,http_429,"{""detail"":""Rate limit exceeded. Max 30 requests/minute."",""error"":""Too Many Requests""}",0.482
2026-08-23T08:49:49.194205Z,stints,stints_by_session_key,"{""session_key"": 11303}",0,http_429,"{""detail"":""Rate limit exceeded. Max 30 requests/minute."",""error"":""Too Many Requests""}",0.49
2026-08-23T08:49:49.295509Z,pit,skip_non_race_like_session,"{""session_key"": 11303}",0,skipped_not_applicable,pit endpoint is only treated as required for race/sprint-like sessions,0.0
2026-08-23T08:49:49.782584Z,starting_grid,starting_grid_by_session_key,"{""session_key"": 11303}",0,http_429,"{""detail"":""Rate limit exceeded. Max 30 requests/minute."",""error"":""Too Many Requests""}",0.487
2026-08-23T08:49:50.382660Z,drivers,drivers_by_session_key,"{""session_key"": 11303}",0,http_429,"{""detail"":""Rate limit exceeded. Max 30 requests/minute."",""error"":""Too Many Requests""}",0.499
2026-08-23T08:49:51.003916Z,drivers,drivers_by_observed_driver_number,"{""driver_number"": 1, ""session_key"": 11303}",0,http_429,"{""detail"":""Rate limit exceeded. Max 30 requests/minute."",""error"":""Too Many Requests""}",0.499
2026-08-23T08:49:51.595830Z,drivers,drivers_by_observed_driver_number,"{""driver_number"": 3, ""session_key"": 11303}",0,http_429,"{""detail"":""Rate limit exceeded. Max 30 requests/minute."",""error"":""Too Many Requests""}",0.491
2026-08-23T08:49:52.181716Z,drivers,drivers_by_observed_driver_number,"{""driver_number"": 5, ""session_key"": 11303}",0,http_429,"{""detail"":""Rate limit exceeded. Max 30 requests/minute."",""error"":""Too Many Requests""}",0.485
2026-08-23T08:49:52.768531Z,drivers,drivers_by_observed_driver_number,"{""driver_number"": 6, ""session_key"": 11303}",0,http_429,"{""detail"":""Rate limit exceeded. Max 30 requests/minute."",""error"":""Too Many Requests""}",0.486
2026-08-23T08:49:53.354174Z,drivers,drivers_by_observed_driver_number,"{""driver_number"": 10, ""session_key"": 11303}",0,http_429,"{""detail"":""Rate limit exceeded. Max 30 requests/minute."",""error"":""Too Many Requests""}",0.484
2026-08-23T08:49:53.937097Z,drivers,drivers_by_observed_driver_number,"{""driver_number"": 11, ""session_key"": 11303}",0,http_429,"{""detail"":""Rate limit exceeded. Max 30 requests/minute."",""error"":""Too Many Requests""}",0.482
2026-08-23T08:49:54.544938Z,drivers,drivers_by_observed_driver_number,"{""driver_number"": 12, ""session_key"": 11303}",0,http_429,"{""detail"":""Rate limit exceeded. Max 30 requests/minute."",""error"":""Too Many Requests""}",0.507
2026-08-23T08:49:55.127611Z,drivers,drivers_by_observed_driver_number,"{""driver_number"": 14, ""session_key"": 11303}",0,http_429,"{""detail"":""Rate limit exceeded. Max 30 requests/minute."",""error"":""Too Many Requests""}",0.481
2026-08-23T08:49:55.717868Z,drivers,drivers_by_observed_driver_number,"{""driver_number"": 16, ""session_key"": 11303}",0,http_429,"{""detail"":""Rate limit exceeded. Max 30 requests/minute."",""error"":""Too Many Requests""}",0.489
2026-08-23T08:49:56.306933Z,drivers,drivers_by_observed_driver_number,"{""driver_number"": 18, ""session_key"": 11303}",0,http_429,"{""detail"":""Rate limit exceeded. Max 30 requests/minute."",""error"":""Too Many Requests""}",0.488
2026-08-23T08:49:56.908222Z,drivers,drivers_by_observed_driver_number,"{""driver_number"": 23, ""session_key"": 11303}",0,http_429,"{""detail"":""Rate limit exceeded. Max 30 requests/minute."",""error"":""Too Many Requests""}",0.5
2026-08-23T08:49:57.508737Z,drivers,drivers_by_observed_driver_number,"{""driver_number"": 25, ""session_key"": 11303}",0,http_429,"{""detail"":""Rate limit exceeded. Max 30 requests/minute."",""error"":""Too Many Requests""}",0.499
2026-08-23T08:49:58.099589Z,drivers,drivers_by_observed_driver_number,"{""driver_number"": 27, ""session_key"": 11303}",0,http_429,"{""detail"":""Rate limit exceeded. Max 30 requests/minute."",""error"":""Too Many Requests""}",0.49
2026-08-23T08:49:58.684805Z,drivers,drivers_by_observed_driver_number,"{""driver_number"": 30, ""session_key"": 11303}",0,http_429,"{""detail"":""Rate limit exceeded. Max 30 requests/minute."",""error"":""Too Many Requests""}",0.484
2026-08-23T08:49:59.272652Z,drivers,drivers_by_observed_driver_number,"{""driver_number"": 31, ""session_key"": 11303}",0,http_429,"{""detail"":""Rate limit exceeded. Max 30 requests/minute."",""error"":""Too Many Requests""}",0.487
2026-08-23T08:49:59.857788Z,drivers,drivers_by_observed_driver_number,"{""driver_number"": 34, ""session_key"": 11303}",0,http_429,"{""detail"":""Rate limit exceeded. Max 30 requests/minute."",""error"":""Too Many Requests""}",0.484
2026-08-23T08:50:00.444299Z,drivers,drivers_by_observed_driver_number,"{""driver_number"": 36, ""session_key"": 11303}",0,http_404,"{""detail"":""No results found.""}",0.485
2026-08-23T08:50:01.049583Z,drivers,drivers_by_observed_driver_number,"{""driver_number"": 38, ""session_key"": 11303}",0,http_404,"{""detail"":""No results found.""}",0.504
2026-08-23T08:50:01.634952Z,drivers,drivers_by_observed_driver_number,"{""driver_number"": 41, ""session_key"": 11303}",2,pass,,0.484
2026-08-23T08:50:02.230366Z,drivers,drivers_by_observed_driver_number,"{""driver_number"": 43, ""session_key"": 11303}",2,pass,,0.494
2026-08-23T08:50:02.821247Z,drivers,drivers_by_observed_driver_number,"{""driver_number"": 44, ""session_key"": 11303}",2,pass,,0.49
2026-08-23T08:50:03.424123Z,drivers,drivers_by_observed_driver_number,"{""driver_number"": 46, ""session_key"": 11303}",0,http_404,"{""detail"":""No results found.""}",0.502
2026-08-23T08:50:04.026228Z,drivers,drivers_by_observed_driver_number,"{""driver_number"": 55, ""session_key"": 11303}",2,pass,,0.501
2026-08-23T08:50:04.617446Z,drivers,drivers_by_observed_driver_number,"{""driver_number"": 63, ""session_key"": 11303}",2,pass,,0.49
2026-08-23T08:50:05.204159Z,drivers,drivers_by_observed_driver_number,"{""driver_number"": 67, ""session_key"": 11303}",0,http_404,"{""detail"":""No results found.""}",0.486
2026-08-23T08:50:05.794124Z,drivers,drivers_by_observed_driver_number,"{""driver_number"": 72, ""session_key"": 11303}",0,http_404,"{""detail"":""No results found.""}",0.489
2026-08-23T08:50:06.380686Z,drivers,drivers_by_observed_driver_number,"{""driver_number"": 77, ""session_key"": 11303}",2,pass,,0.485
2026-08-23T08:50:07.108098Z,drivers,drivers_by_observed_driver_number,"{""driver_number"": 81, ""session_key"": 11303}",2,pass,,0.626
2026-08-23T08:50:07.719188Z,drivers,drivers_by_observed_driver_number,"{""driver_number"": 87, ""session_key"": 11303}",2,pass,,0.51
2026-08-23T08:50:08.305478Z,drivers,drivers_by_observed_driver_number,"{""driver_number"": 97, ""session_key"": 11303}",0,http_404,"{""detail"":""No results found.""}",0.485
2026-08-23T08:50:08.895071Z,drivers,drivers_by_observed_driver_number,"{""driver_number"": 241, ""session_key"": 11303}",0,http_404,"{""detail"":""No results found.""}",0.488
2026-08-23T08:50:09.483277Z,drivers,drivers_by_observed_driver_number,"{""driver_number"": 243, ""session_key"": 11303}",0,http_404,"{""detail"":""No results found.""}",0.487
2026-08-23T08:50:10.086052Z,drivers,drivers_by_observed_driver_number,"{""driver_number"": 247, ""session_key"": 11303}",0,http_404,"{""detail"":""No results found.""}",0.502
2026-08-23T08:50:10.690480Z,team_radio,team_radio_by_session_key_opportunistic,"{""session_key"": 11303}",8,pass,,0.5
2026-08-23T08:50:11.291474Z,weather,weather_by_session_key,"{""session_key"": 11307}",150,pass,,0.499
2026-08-23T08:50:11.886669Z,race_control,race_control_by_session_key,"{""session_key"": 11307}",179,pass,,0.493
2026-08-23T08:50:14.371686Z,intervals,intervals_by_session_key,"{""session_key"": 11307}",25022,pass,,2.383
2026-08-23T08:50:14.979324Z,position,position_by_session_key,"{""session_key"": 11307}",613,pass,,0.502
2026-08-23T08:50:15.568608Z,stints,stints_by_session_key,"{""session_key"": 11307}",70,pass,,0.487
2026-08-23T08:50:16.176443Z,pit,pit_by_session_key,"{""session_key"": 11307}",48,pass,,0.506
2026-08-23T08:50:16.774121Z,starting_grid,starting_grid_by_session_key,"{""session_key"": 11307}",0,http_404,"{""detail"":""No results found.""}",0.496
2026-08-23T08:50:17.378496Z,drivers,drivers_by_session_key,"{""session_key"": 11307}",22,pass,,0.503
2026-08-23T08:50:17.971130Z,team_radio,team_radio_by_session_key_opportunistic,"{""session_key"": 11307}",40,pass,,0.491
2026-08-23T08:50:18.576732Z,weather,weather_by_session_key,"{""session_key"": 11308}",77,pass,,0.504
2026-08-23T08:50:19.166499Z,race_control,race_control_by_session_key,"{""session_key"": 11308}",55,pass,,0.488
2026-08-23T08:50:19.751398Z,intervals,intervals_by_session_key,"{""session_key"": 11308}",0,http_404,"{""detail"":""No results found.""}",0.483
2026-08-23T08:50:20.335356Z,position,position_by_session_key,"{""session_key"": 11308}",0,http_429,"{""detail"":""Rate limit exceeded. Max 30 requests/minute."",""error"":""Too Many Requests""}",0.483
2026-08-23T08:50:20.923295Z,position,position_by_meeting_key_fallback,"{""meeting_key"": 1288}",0,http_429,"{""detail"":""Rate limit exceeded. Max 30 requests/minute."",""error"":""Too Many Requests""}",0.487
2026-08-23T08:50:21.506549Z,stints,stints_by_session_key,"{""session_key"": 11308}",0,http_429,"{""detail"":""Rate limit exceeded. Max 30 requests/minute."",""error"":""Too Many Requests""}",0.482
2026-08-23T08:50:21.607877Z,pit,skip_non_race_like_session,"{""session_key"": 11308}",0,skipped_not_applicable,pit endpoint is only treated as required for race/sprint-like sessions,0.0
2026-08-23T08:50:22.092786Z,starting_grid,starting_grid_by_session_key,"{""session_key"": 11308}",0,http_429,"{""detail"":""Rate limit exceeded. Max 30 requests/minute."",""error"":""Too Many Requests""}",0.485
2026-08-23T08:50:22.697149Z,drivers,drivers_by_session_key,"{""session_key"": 11308}",0,http_429,"{""detail"":""Rate limit exceeded. Max 30 requests/minute."",""error"":""Too Many Requests""}",0.503
2026-08-23T08:50:23.308237Z,drivers,drivers_by_observed_driver_number,"{""driver_number"": 1, ""session_key"": 11308}",0,http_429,"{""detail"":""Rate limit exceeded. Max 30 requests/minute."",""error"":""Too Many Requests""}",0.487
2026-08-23T08:50:23.906903Z,drivers,drivers_by_observed_driver_number,"{""driver_number"": 3, ""session_key"": 11308}",0,http_429,"{""detail"":""Rate limit exceeded. Max 30 requests/minute."",""error"":""Too Many Requests""}",0.498
2026-08-23T08:50:24.493092Z,drivers,drivers_by_observed_driver_number,"{""driver_number"": 5, ""session_key"": 11308}",0,http_429,"{""detail"":""Rate limit exceeded. Max 30 requests/minute."",""error"":""Too Many Requests""}",0.485
2026-08-23T08:50:25.091805Z,drivers,drivers_by_observed_driver_number,"{""driver_number"": 6, ""session_key"": 11308}",0,http_429,"{""detail"":""Rate limit exceeded. Max 30 requests/minute."",""error"":""Too Many Requests""}",0.498
2026-08-23T08:50:25.677361Z,drivers,drivers_by_observed_driver_number,"{""driver_number"": 10, ""session_key"": 11308}",0,http_429,"{""detail"":""Rate limit exceeded. Max 30 requests/minute."",""error"":""Too Many Requests""}",0.484
2026-08-23T08:50:26.264842Z,drivers,drivers_by_observed_driver_number,"{""driver_number"": 11, ""session_key"": 11308}",0,http_429,"{""detail"":""Rate limit exceeded. Max 30 requests/minute."",""error"":""Too Many Requests""}",0.486
2026-08-23T08:50:26.848379Z,drivers,drivers_by_observed_driver_number,"{""driver_number"": 12, ""session_key"": 11308}",0,http_429,"{""detail"":""Rate limit exceeded. Max 30 requests/minute."",""error"":""Too Many Requests""}",0.482
2026-08-23T08:50:27.437678Z,drivers,drivers_by_observed_driver_number,"{""driver_number"": 14, ""session_key"": 11308}",0,http_429,"{""detail"":""Rate limit exceeded. Max 30 requests/minute."",""error"":""Too Many Requests""}",0.488
2026-08-23T08:50:28.021279Z,drivers,drivers_by_observed_driver_number,"{""driver_number"": 16, ""session_key"": 11308}",0,http_429,"{""detail"":""Rate limit exceeded. Max 30 requests/minute."",""error"":""Too Many Requests""}",0.482
2026-08-23T08:50:28.605368Z,drivers,drivers_by_observed_driver_number,"{""driver_number"": 18, ""session_key"": 11308}",0,http_429,"{""detail"":""Rate limit exceeded. Max 30 requests/minute."",""error"":""Too Many Requests""}",0.483
2026-08-23T08:50:29.208945Z,drivers,drivers_by_observed_driver_number,"{""driver_number"": 23, ""session_key"": 11308}",0,http_429,"{""detail"":""Rate limit exceeded. Max 30 requests/minute."",""error"":""Too Many Requests""}",0.502
2026-08-23T08:50:29.801323Z,drivers,drivers_by_observed_driver_number,"{""driver_number"": 25, ""session_key"": 11308}",0,http_429,"{""detail"":""Rate limit exceeded. Max 30 requests/minute."",""error"":""Too Many Requests""}",0.491
2026-08-23T08:50:30.402146Z,drivers,drivers_by_observed_driver_number,"{""driver_number"": 27, ""session_key"": 11308}",0,http_429,"{""detail"":""Rate limit exceeded. Max 30 requests/minute."",""error"":""Too Many Requests""}",0.5
2026-08-23T08:50:30.989599Z,drivers,drivers_by_observed_driver_number,"{""driver_number"": 30, ""session_key"": 11308}",0,http_429,"{""detail"":""Rate limit exceeded. Max 30 requests/minute."",""error"":""Too Many Requests""}",0.486
2026-08-23T08:50:31.590404Z,drivers,drivers_by_observed_driver_number,"{""driver_number"": 31, ""session_key"": 11308}",0,http_429,"{""detail"":""Rate limit exceeded. Max 30 requests/minute."",""error"":""Too Many Requests""}",0.5
2026-08-23T08:50:32.179473Z,drivers,drivers_by_observed_driver_number,"{""driver_number"": 34, ""session_key"": 11308}",0,http_429,"{""detail"":""Rate limit exceeded. Max 30 requests/minute."",""error"":""Too Many Requests""}",0.488
2026-08-23T08:50:32.763981Z,drivers,drivers_by_observed_driver_number,"{""driver_number"": 36, ""session_key"": 11308}",0,http_429,"{""detail"":""Rate limit exceeded. Max 30 requests/minute."",""error"":""Too Many Requests""}",0.483
2026-08-23T08:50:33.349105Z,drivers,drivers_by_observed_driver_number,"{""driver_number"": 38, ""session_key"": 11308}",0,http_429,"{""detail"":""Rate limit exceeded. Max 30 requests/minute."",""error"":""Too Many Requests""}",0.484
2026-08-23T08:50:33.936209Z,drivers,drivers_by_observed_driver_number,"{""driver_number"": 41, ""session_key"": 11308}",0,http_429,"{""detail"":""Rate limit exceeded. Max 30 requests/minute."",""error"":""Too Many Requests""}",0.486
2026-08-23T08:50:34.519173Z,drivers,drivers_by_observed_driver_number,"{""driver_number"": 43, ""session_key"": 11308}",0,http_429,"{""detail"":""Rate limit exceeded. Max 30 requests/minute."",""error"":""Too Many Requests""}",0.482
2026-08-23T08:50:35.102564Z,drivers,drivers_by_observed_driver_number,"{""driver_number"": 44, ""session_key"": 11308}",0,http_429,"{""detail"":""Rate limit exceeded. Max 30 requests/minute."",""error"":""Too Many Requests""}",0.482
2026-08-23T08:50:35.706639Z,drivers,drivers_by_observed_driver_number,"{""driver_number"": 46, ""session_key"": 11308}",0,http_429,"{""detail"":""Rate limit exceeded. Max 30 requests/minute."",""error"":""Too Many Requests""}",0.503
2026-08-23T08:50:36.296248Z,drivers,drivers_by_observed_driver_number,"{""driver_number"": 55, ""session_key"": 11308}",0,http_429,"{""detail"":""Rate limit exceeded. Max 30 requests/minute."",""error"":""Too Many Requests""}",0.488
2026-08-23T08:50:36.897101Z,drivers,drivers_by_observed_driver_number,"{""driver_number"": 63, ""session_key"": 11308}",0,http_429,"{""detail"":""Rate limit exceeded. Max 30 requests/minute."",""error"":""Too Many Requests""}",0.5
2026-08-23T08:50:37.486724Z,drivers,drivers_by_observed_driver_number,"{""driver_number"": 67, ""session_key"": 11308}",0,http_429,"{""detail"":""Rate limit exceeded. Max 30 requests/minute."",""error"":""Too Many Requests""}",0.489
2026-08-23T08:50:38.074825Z,drivers,drivers_by_observed_driver_number,"{""driver_number"": 72, ""session_key"": 11308}",0,http_429,"{""detail"":""Rate limit exceeded. Max 30 requests/minute."",""error"":""Too Many Requests""}",0.487
2026-08-23T08:50:38.674456Z,drivers,drivers_by_observed_driver_number,"{""driver_number"": 77, ""session_key"": 11308}",0,http_429,"{""detail"":""Rate limit exceeded. Max 30 requests/minute."",""error"":""Too Many Requests""}",0.498
2026-08-23T08:50:39.260699Z,drivers,drivers_by_observed_driver_number,"{""driver_number"": 81, ""session_key"": 11308}",0,http_429,"{""detail"":""Rate limit exceeded. Max 30 requests/minute."",""error"":""Too Many Requests""}",0.485
2026-08-23T08:50:39.845138Z,drivers,drivers_by_observed_driver_number,"{""driver_number"": 87, ""session_key"": 11308}",0,http_429,"{""detail"":""Rate limit exceeded. Max 30 requests/minute."",""error"":""Too Many Requests""}",0.483
2026-08-23T08:50:40.433508Z,drivers,drivers_by_observed_driver_number,"{""driver_number"": 97, ""session_key"": 11308}",0,http_429,"{""detail"":""Rate limit exceeded. Max 30 requests/minute."",""error"":""Too Many Requests""}",0.487
2026-08-23T08:50:41.019780Z,drivers,drivers_by_observed_driver_number,"{""driver_number"": 241, ""session_key"": 11308}",0,http_429,"{""detail"":""Rate limit exceeded. Max 30 requests/minute."",""error"":""Too Many Requests""}",0.485
2026-08-23T08:50:41.602575Z,drivers,drivers_by_observed_driver_number,"{""driver_number"": 243, ""session_key"": 11308}",0,http_429,"{""detail"":""Rate limit exceeded. Max 30 requests/minute."",""error"":""Too Many Requests""}",0.482
2026-08-23T08:50:42.208284Z,drivers,drivers_by_observed_driver_number,"{""driver_number"": 247, ""session_key"": 11308}",0,http_429,"{""detail"":""Rate limit exceeded. Max 30 requests/minute."",""error"":""Too Many Requests""}",0.504
2026-08-23T08:50:42.799409Z,team_radio,team_radio_by_session_key_opportunistic,"{""session_key"": 11308}",0,http_429,"{""detail"":""Rate limit exceeded. Max 30 requests/minute."",""error"":""Too Many Requests""}",0.49
2026-08-23T08:50:43.481882Z,weather,weather_by_session_key,"{""session_key"": 11309}",0,http_429,"{""detail"":""Rate limit exceeded. Max 30 requests/minute."",""error"":""Too Many Requests""}",0.581
2026-08-23T08:50:44.069411Z,race_control,race_control_by_session_key,"{""session_key"": 11309}",0,http_429,"{""detail"":""Rate limit exceeded. Max 30 requests/minute."",""error"":""Too Many Requests""}",0.486
2026-08-23T08:50:44.658138Z,intervals,intervals_by_session_key,"{""session_key"": 11309}",0,http_429,"{""detail"":""Rate limit exceeded. Max 30 requests/minute."",""error"":""Too Many Requests""}",0.487
2026-08-23T08:50:45.257492Z,position,position_by_session_key,"{""session_key"": 11309}",0,http_429,"{""detail"":""Rate limit exceeded. Max 30 requests/minute."",""error"":""Too Many Requests""}",0.498
2026-08-23T08:50:45.844166Z,position,position_by_meeting_key_fallback,"{""meeting_key"": 1288}",0,http_429,"{""detail"":""Rate limit exceeded. Max 30 requests/minute."",""error"":""Too Many Requests""}",0.486
2026-08-23T08:50:46.429865Z,stints,stints_by_session_key,"{""session_key"": 11309}",0,http_429,"{""detail"":""Rate limit exceeded. Max 30 requests/minute."",""error"":""Too Many Requests""}",0.485
2026-08-23T08:50:46.531131Z,pit,skip_non_race_like_session,"{""session_key"": 11309}",0,skipped_not_applicable,pit endpoint is only treated as required for race/sprint-like sessions,0.0
2026-08-23T08:50:47.019131Z,starting_grid,starting_grid_by_session_key,"{""session_key"": 11309}",0,http_429,"{""detail"":""Rate limit exceeded. Max 30 requests/minute."",""error"":""Too Many Requests""}",0.488
2026-08-23T08:50:47.603898Z,drivers,drivers_by_session_key,"{""session_key"": 11309}",0,http_429,"{""detail"":""Rate limit exceeded. Max 30 requests/minute."",""error"":""Too Many Requests""}",0.484
2026-08-23T08:50:48.213181Z,drivers,drivers_by_observed_driver_number,"{""driver_number"": 1, ""session_key"": 11309}",0,http_429,"{""detail"":""Rate limit exceeded. Max 30 requests/minute."",""error"":""Too Many Requests""}",0.486
2026-08-23T08:50:48.796760Z,drivers,drivers_by_observed_driver_number,"{""driver_number"": 3, ""session_key"": 11309}",0,http_429,"{""detail"":""Rate limit exceeded. Max 30 requests/minute."",""error"":""Too Many Requests""}",0.483
2026-08-23T08:50:49.401254Z,drivers,drivers_by_observed_driver_number,"{""driver_number"": 5, ""session_key"": 11309}",0,http_429,"{""detail"":""Rate limit exceeded. Max 30 requests/minute."",""error"":""Too Many Requests""}",0.503
2026-08-23T08:50:50.003007Z,drivers,drivers_by_observed_driver_number,"{""driver_number"": 6, ""session_key"": 11309}",0,http_429,"{""detail"":""Rate limit exceeded. Max 30 requests/minute."",""error"":""Too Many Requests""}",0.501
2026-08-23T08:50:50.592558Z,drivers,drivers_by_observed_driver_number,"{""driver_number"": 10, ""session_key"": 11309}",0,http_429,"{""detail"":""Rate limit exceeded. Max 30 requests/minute."",""error"":""Too Many Requests""}",0.488
2026-08-23T08:50:51.180380Z,drivers,drivers_by_observed_driver_number,"{""driver_number"": 11, ""session_key"": 11309}",0,http_429,"{""detail"":""Rate limit exceeded. Max 30 requests/minute."",""error"":""Too Many Requests""}",0.487
2026-08-23T08:50:51.768823Z,drivers,drivers_by_observed_driver_number,"{""driver_number"": 12, ""session_key"": 11309}",0,http_429,"{""detail"":""Rate limit exceeded. Max 30 requests/minute."",""error"":""Too Many Requests""}",0.487
2026-08-23T08:50:52.369401Z,drivers,drivers_by_observed_driver_number,"{""driver_number"": 14, ""session_key"": 11309}",0,http_429,"{""detail"":""Rate limit exceeded. Max 30 requests/minute."",""error"":""Too Many Requests""}",0.499
2026-08-23T08:50:52.956085Z,drivers,drivers_by_observed_driver_number,"{""driver_number"": 16, ""session_key"": 11309}",0,http_429,"{""detail"":""Rate limit exceeded. Max 30 requests/minute."",""error"":""Too Many Requests""}",0.485
2026-08-23T08:50:53.545621Z,drivers,drivers_by_observed_driver_number,"{""driver_number"": 18, ""session_key"": 11309}",0,http_429,"{""detail"":""Rate limit exceeded. Max 30 requests/minute."",""error"":""Too Many Requests""}",0.488
2026-08-23T08:50:54.130080Z,drivers,drivers_by_observed_driver_number,"{""driver_number"": 23, ""session_key"": 11309}",0,http_429,"{""detail"":""Rate limit exceeded. Max 30 requests/minute."",""error"":""Too Many Requests""}",0.483
2026-08-23T08:50:54.718882Z,drivers,drivers_by_observed_driver_number,"{""driver_number"": 25, ""session_key"": 11309}",0,http_429,"{""detail"":""Rate limit exceeded. Max 30 requests/minute."",""error"":""Too Many Requests""}",0.487
2026-08-23T08:50:55.303264Z,drivers,drivers_by_observed_driver_number,"{""driver_number"": 27, ""session_key"": 11309}",0,http_429,"{""detail"":""Rate limit exceeded. Max 30 requests/minute."",""error"":""Too Many Requests""}",0.483
2026-08-23T08:50:55.931294Z,drivers,drivers_by_observed_driver_number,"{""driver_number"": 30, ""session_key"": 11309}",0,http_429,"{""detail"":""Rate limit exceeded. Max 30 requests/minute."",""error"":""Too Many Requests""}",0.527
2026-08-23T08:50:56.531964Z,drivers,drivers_by_observed_driver_number,"{""driver_number"": 31, ""session_key"": 11309}",0,http_429,"{""detail"":""Rate limit exceeded. Max 30 requests/minute."",""error"":""Too Many Requests""}",0.5
2026-08-23T08:50:57.120328Z,drivers,drivers_by_observed_driver_number,"{""driver_number"": 34, ""session_key"": 11309}",0,http_429,"{""detail"":""Rate limit exceeded. Max 30 requests/minute."",""error"":""Too Many Requests""}",0.487
2026-08-23T08:50:57.708456Z,drivers,drivers_by_observed_driver_number,"{""driver_number"": 36, ""session_key"": 11309}",0,http_429,"{""detail"":""Rate limit exceeded. Max 30 requests/minute."",""error"":""Too Many Requests""}",0.487
2026-08-23T08:50:58.298783Z,drivers,drivers_by_observed_driver_number,"{""driver_number"": 38, ""session_key"": 11309}",0,http_429,"{""detail"":""Rate limit exceeded. Max 30 requests/minute."",""error"":""Too Many Requests""}",0.489
2026-08-23T08:50:58.899965Z,drivers,drivers_by_observed_driver_number,"{""driver_number"": 41, ""session_key"": 11309}",0,http_429,"{""detail"":""Rate limit exceeded. Max 30 requests/minute."",""error"":""Too Many Requests""}",0.5
2026-08-23T08:50:59.484943Z,drivers,drivers_by_observed_driver_number,"{""driver_number"": 43, ""session_key"": 11309}",0,http_429,"{""detail"":""Rate limit exceeded. Max 30 requests/minute."",""error"":""Too Many Requests""}",0.484
2026-08-23T08:51:00.073462Z,drivers,drivers_by_observed_driver_number,"{""driver_number"": 44, ""session_key"": 11309}",0,http_429,"{""detail"":""Rate limit exceeded. Max 30 requests/minute."",""error"":""Too Many Requests""}",0.487
2026-08-23T08:51:00.661970Z,drivers,drivers_by_observed_driver_number,"{""driver_number"": 46, ""session_key"": 11309}",0,http_404,"{""detail"":""No results found.""}",0.487
2026-08-23T08:51:01.253144Z,drivers,drivers_by_observed_driver_number,"{""driver_number"": 55, ""session_key"": 11309}",1,pass,,0.49
2026-08-23T08:51:01.841919Z,drivers,drivers_by_observed_driver_number,"{""driver_number"": 63, ""session_key"": 11309}",1,pass,,0.487
2026-08-23T08:51:02.449730Z,drivers,drivers_by_observed_driver_number,"{""driver_number"": 67, ""session_key"": 11309}",0,http_404,"{""detail"":""No results found.""}",0.507
2026-08-23T08:51:03.051981Z,drivers,drivers_by_observed_driver_number,"{""driver_number"": 72, ""session_key"": 11309}",0,http_404,"{""detail"":""No results found.""}",0.501
2026-08-23T08:51:03.643571Z,drivers,drivers_by_observed_driver_number,"{""driver_number"": 77, ""session_key"": 11309}",1,pass,,0.49
2026-08-23T08:51:04.232149Z,drivers,drivers_by_observed_driver_number,"{""driver_number"": 81, ""session_key"": 11309}",1,pass,,0.487
2026-08-23T08:51:04.821232Z,drivers,drivers_by_observed_driver_number,"{""driver_number"": 87, ""session_key"": 11309}",1,pass,,0.488
2026-08-23T08:51:05.421988Z,drivers,drivers_by_observed_driver_number,"{""driver_number"": 97, ""session_key"": 11309}",0,http_404,"{""detail"":""No results found.""}",0.5
2026-08-23T08:51:06.031497Z,drivers,drivers_by_observed_driver_number,"{""driver_number"": 241, ""session_key"": 11309}",0,http_404,"{""detail"":""No results found.""}",0.508
2026-08-23T08:51:06.620901Z,drivers,drivers_by_observed_driver_number,"{""driver_number"": 243, ""session_key"": 11309}",0,http_404,"{""detail"":""No results found.""}",0.488
2026-08-23T08:51:07.206958Z,drivers,drivers_by_observed_driver_number,"{""driver_number"": 247, ""session_key"": 11309}",0,http_404,"{""detail"":""No results found.""}",0.485
2026-08-23T08:51:07.797728Z,team_radio,team_radio_by_session_key_opportunistic,"{""session_key"": 11309}",0,http_404,"{""detail"":""No results found.""}",0.488
2026-08-23T08:51:08.388818Z,weather,weather_by_session_key,"{""session_key"": 11310}",81,pass,,0.49
2026-08-23T08:51:08.995172Z,race_control,race_control_by_session_key,"{""session_key"": 11310}",21,pass,,0.504
2026-08-23T08:51:09.596080Z,intervals,intervals_by_session_key,"{""session_key"": 11310}",0,http_404,"{""detail"":""No results found.""}",0.499
2026-08-23T08:51:10.214108Z,position,position_by_session_key,"{""session_key"": 11310}",475,pass,,0.517
2026-08-23T08:51:11.076668Z,stints,stints_by_session_key,"{""session_key"": 11310}",116,pass,,0.761
2026-08-23T08:51:11.178713Z,pit,skip_non_race_like_session,"{""session_key"": 11310}",0,skipped_not_applicable,pit endpoint is only treated as required for race/sprint-like sessions,0.0
2026-08-23T08:51:11.667126Z,starting_grid,starting_grid_by_session_key,"{""session_key"": 11310}",0,http_404,"{""detail"":""No results found.""}",0.488
2026-08-23T08:51:12.258206Z,drivers,drivers_by_session_key,"{""session_key"": 11310}",22,pass,,0.49
2026-08-23T08:51:12.846331Z,team_radio,team_radio_by_session_key_opportunistic,"{""session_key"": 11310}",12,pass,,0.486
2026-08-23T08:51:13.446597Z,weather,weather_by_session_key,"{""session_key"": 11311}",80,pass,,0.498
2026-08-23T08:51:14.044842Z,race_control,race_control_by_session_key,"{""session_key"": 11311}",55,pass,,0.496
2026-08-23T08:51:14.636396Z,intervals,intervals_by_session_key,"{""session_key"": 11311}",0,http_404,"{""detail"":""No results found.""}",0.49
2026-08-23T08:51:15.328007Z,position,position_by_session_key,"{""session_key"": 11311}",982,pass,,0.59
2026-08-23T08:51:15.939305Z,stints,stints_by_session_key,"{""session_key"": 11311}",99,pass,,0.509
2026-08-23T08:51:16.041077Z,pit,skip_non_race_like_session,"{""session_key"": 11311}",0,skipped_not_applicable,pit endpoint is only treated as required for race/sprint-like sessions,0.0
2026-08-23T08:51:16.541709Z,starting_grid,starting_grid_by_session_key,"{""session_key"": 11311}",22,pass,,0.501
2026-08-23T08:51:17.145754Z,drivers,drivers_by_session_key,"{""session_key"": 11311}",22,pass,,0.502
2026-08-23T08:51:17.738194Z,team_radio,team_radio_by_session_key_opportunistic,"{""session_key"": 11311}",12,pass,,0.49
2026-08-23T08:51:18.337186Z,weather,weather_by_session_key,"{""session_key"": 11315}",149,pass,,0.497
2026-08-23T08:51:18.925721Z,race_control,race_control_by_session_key,"{""session_key"": 11315}",0,http_429,"{""detail"":""Rate limit exceeded. Max 30 requests/minute."",""error"":""Too Many Requests""}",0.487
2026-08-23T08:51:19.510363Z,intervals,intervals_by_session_key,"{""session_key"": 11315}",0,http_429,"{""detail"":""Rate limit exceeded. Max 30 requests/minute."",""error"":""Too Many Requests""}",0.483
2026-08-23T08:51:20.099543Z,position,position_by_session_key,"{""session_key"": 11315}",0,http_429,"{""detail"":""Rate limit exceeded. Max 30 requests/minute."",""error"":""Too Many Requests""}",0.488
2026-08-23T08:51:20.682461Z,position,position_by_meeting_key_fallback,"{""meeting_key"": 1288}",0,http_429,"{""detail"":""Rate limit exceeded. Max 30 requests/minute."",""error"":""Too Many Requests""}",0.482
2026-08-23T08:51:21.269255Z,stints,stints_by_session_key,"{""session_key"": 11315}",0,http_429,"{""detail"":""Rate limit exceeded. Max 30 requests/minute."",""error"":""Too Many Requests""}",0.486
2026-08-23T08:51:21.852208Z,pit,pit_by_session_key,"{""session_key"": 11315}",0,http_429,"{""detail"":""Rate limit exceeded. Max 30 requests/minute."",""error"":""Too Many Requests""}",0.482
2026-08-23T08:51:22.456736Z,starting_grid,starting_grid_by_session_key,"{""session_key"": 11315}",0,http_429,"{""detail"":""Rate limit exceeded. Max 30 requests/minute."",""error"":""Too Many Requests""}",0.503
2026-08-23T08:51:23.055754Z,drivers,drivers_by_session_key,"{""session_key"": 11315}",0,http_429,"{""detail"":""Rate limit exceeded. Max 30 requests/minute."",""error"":""Too Many Requests""}",0.498
2026-08-23T08:51:23.679018Z,drivers,drivers_by_observed_driver_number,"{""driver_number"": 1, ""session_key"": 11315}",0,http_429,"{""detail"":""Rate limit exceeded. Max 30 requests/minute."",""error"":""Too Many Requests""}",0.498
2026-08-23T08:51:24.267919Z,drivers,drivers_by_observed_driver_number,"{""driver_number"": 3, ""session_key"": 11315}",0,http_429,"{""detail"":""Rate limit exceeded. Max 30 requests/minute."",""error"":""Too Many Requests""}",0.488
2026-08-23T08:51:24.854211Z,drivers,drivers_by_observed_driver_number,"{""driver_number"": 5, ""session_key"": 11315}",0,http_429,"{""detail"":""Rate limit exceeded. Max 30 requests/minute."",""error"":""Too Many Requests""}",0.485
2026-08-23T08:51:25.441775Z,drivers,drivers_by_observed_driver_number,"{""driver_number"": 6, ""session_key"": 11315}",0,http_429,"{""detail"":""Rate limit exceeded. Max 30 requests/minute."",""error"":""Too Many Requests""}",0.486
2026-08-23T08:51:26.027335Z,drivers,drivers_by_observed_driver_number,"{""driver_number"": 10, ""session_key"": 11315}",0,http_429,"{""detail"":""Rate limit exceeded. Max 30 requests/minute."",""error"":""Too Many Requests""}",0.484
2026-08-23T08:51:26.614756Z,drivers,drivers_by_observed_driver_number,"{""driver_number"": 11, ""session_key"": 11315}",0,http_429,"{""detail"":""Rate limit exceeded. Max 30 requests/minute."",""error"":""Too Many Requests""}",0.486
2026-08-23T08:51:27.197754Z,drivers,drivers_by_observed_driver_number,"{""driver_number"": 12, ""session_key"": 11315}",0,http_429,"{""detail"":""Rate limit exceeded. Max 30 requests/minute."",""error"":""Too Many Requests""}",0.482
2026-08-23T08:51:27.786148Z,drivers,drivers_by_observed_driver_number,"{""driver_number"": 14, ""session_key"": 11315}",0,http_429,"{""detail"":""Rate limit exceeded. Max 30 requests/minute."",""error"":""Too Many Requests""}",0.487
2026-08-23T08:51:28.369153Z,drivers,drivers_by_observed_driver_number,"{""driver_number"": 16, ""session_key"": 11315}",0,http_429,"{""detail"":""Rate limit exceeded. Max 30 requests/minute."",""error"":""Too Many Requests""}",0.482
2026-08-23T08:51:28.973049Z,drivers,drivers_by_observed_driver_number,"{""driver_number"": 18, ""session_key"": 11315}",0,http_429,"{""detail"":""Rate limit exceeded. Max 30 requests/minute."",""error"":""Too Many Requests""}",0.503
2026-08-23T08:51:29.573707Z,drivers,drivers_by_observed_driver_number,"{""driver_number"": 23, ""session_key"": 11315}",0,http_429,"{""detail"":""Rate limit exceeded. Max 30 requests/minute."",""error"":""Too Many Requests""}",0.499
2026-08-23T08:51:30.172550Z,drivers,drivers_by_observed_driver_number,"{""driver_number"": 25, ""session_key"": 11315}",0,http_429,"{""detail"":""Rate limit exceeded. Max 30 requests/minute."",""error"":""Too Many Requests""}",0.498
2026-08-23T08:51:30.770025Z,drivers,drivers_by_observed_driver_number,"{""driver_number"": 27, ""session_key"": 11315}",0,http_429,"{""detail"":""Rate limit exceeded. Max 30 requests/minute."",""error"":""Too Many Requests""}",0.496
2026-08-23T08:51:31.357818Z,drivers,drivers_by_observed_driver_number,"{""driver_number"": 30, ""session_key"": 11315}",0,http_429,"{""detail"":""Rate limit exceeded. Max 30 requests/minute."",""error"":""Too Many Requests""}",0.487
2026-08-23T08:51:31.945958Z,drivers,drivers_by_observed_driver_number,"{""driver_number"": 31, ""session_key"": 11315}",0,http_429,"{""detail"":""Rate limit exceeded. Max 30 requests/minute."",""error"":""Too Many Requests""}",0.487
2026-08-23T08:51:32.532794Z,drivers,drivers_by_observed_driver_number,"{""driver_number"": 34, ""session_key"": 11315}",0,http_429,"{""detail"":""Rate limit exceeded. Max 30 requests/minute."",""error"":""Too Many Requests""}",0.486
2026-08-23T08:51:33.122021Z,drivers,drivers_by_observed_driver_number,"{""driver_number"": 36, ""session_key"": 11315}",0,http_429,"{""detail"":""Rate limit exceeded. Max 30 requests/minute."",""error"":""Too Many Requests""}",0.488
2026-08-23T08:51:33.706359Z,drivers,drivers_by_observed_driver_number,"{""driver_number"": 38, ""session_key"": 11315}",0,http_429,"{""detail"":""Rate limit exceeded. Max 30 requests/minute."",""error"":""Too Many Requests""}",0.483
2026-08-23T08:51:34.295522Z,drivers,drivers_by_observed_driver_number,"{""driver_number"": 41, ""session_key"": 11315}",0,http_429,"{""detail"":""Rate limit exceeded. Max 30 requests/minute."",""error"":""Too Many Requests""}",0.488
2026-08-23T08:51:34.878638Z,drivers,drivers_by_observed_driver_number,"{""driver_number"": 43, ""session_key"": 11315}",0,http_429,"{""detail"":""Rate limit exceeded. Max 30 requests/minute."",""error"":""Too Many Requests""}",0.482
2026-08-23T08:51:35.484189Z,drivers,drivers_by_observed_driver_number,"{""driver_number"": 44, ""session_key"": 11315}",0,http_429,"{""detail"":""Rate limit exceeded. Max 30 requests/minute."",""error"":""Too Many Requests""}",0.504
2026-08-23T08:51:36.084092Z,drivers,drivers_by_observed_driver_number,"{""driver_number"": 46, ""session_key"": 11315}",0,http_429,"{""detail"":""Rate limit exceeded. Max 30 requests/minute."",""error"":""Too Many Requests""}",0.499
2026-08-23T08:51:36.685250Z,drivers,drivers_by_observed_driver_number,"{""driver_number"": 55, ""session_key"": 11315}",0,http_429,"{""detail"":""Rate limit exceeded. Max 30 requests/minute."",""error"":""Too Many Requests""}",0.5
2026-08-23T08:51:37.275313Z,drivers,drivers_by_observed_driver_number,"{""driver_number"": 63, ""session_key"": 11315}",0,http_429,"{""detail"":""Rate limit exceeded. Max 30 requests/minute."",""error"":""Too Many Requests""}",0.489
2026-08-23T08:51:37.862621Z,drivers,drivers_by_observed_driver_number,"{""driver_number"": 67, ""session_key"": 11315}",0,http_429,"{""detail"":""Rate limit exceeded. Max 30 requests/minute."",""error"":""Too Many Requests""}",0.486
2026-08-23T08:51:38.450487Z,drivers,drivers_by_observed_driver_number,"{""driver_number"": 72, ""session_key"": 11315}",0,http_429,"{""detail"":""Rate limit exceeded. Max 30 requests/minute."",""error"":""Too Many Requests""}",0.487
2026-08-23T08:51:39.035174Z,drivers,drivers_by_observed_driver_number,"{""driver_number"": 77, ""session_key"": 11315}",0,http_429,"{""detail"":""Rate limit exceeded. Max 30 requests/minute."",""error"":""Too Many Requests""}",0.484
2026-08-23T08:51:39.623772Z,drivers,drivers_by_observed_driver_number,"{""driver_number"": 81, ""session_key"": 11315}",0,http_429,"{""detail"":""Rate limit exceeded. Max 30 requests/minute."",""error"":""Too Many Requests""}",0.487
2026-08-23T08:51:40.208042Z,drivers,drivers_by_observed_driver_number,"{""driver_number"": 87, ""session_key"": 11315}",0,http_429,"{""detail"":""Rate limit exceeded. Max 30 requests/minute."",""error"":""Too Many Requests""}",0.483
2026-08-23T08:51:40.796515Z,drivers,drivers_by_observed_driver_number,"{""driver_number"": 97, ""session_key"": 11315}",0,http_429,"{""detail"":""Rate limit exceeded. Max 30 requests/minute."",""error"":""Too Many Requests""}",0.487
2026-08-23T08:51:41.380166Z,drivers,drivers_by_observed_driver_number,"{""driver_number"": 241, ""session_key"": 11315}",0,http_429,"{""detail"":""Rate limit exceeded. Max 30 requests/minute."",""error"":""Too Many Requests""}",0.482
2026-08-23T08:51:41.984959Z,drivers,drivers_by_observed_driver_number,"{""driver_number"": 243, ""session_key"": 11315}",0,http_429,"{""detail"":""Rate limit exceeded. Max 30 requests/minute."",""error"":""Too Many Requests""}",0.504
2026-08-23T08:51:42.585244Z,drivers,drivers_by_observed_driver_number,"{""driver_number"": 247, ""session_key"": 11315}",0,http_429,"{""detail"":""Rate limit exceeded. Max 30 requests/minute."",""error"":""Too Many Requests""}",0.499
2026-08-23T08:51:43.186106Z,team_radio,team_radio_by_session_key_opportunistic,"{""session_key"": 11315}",0,http_429,"{""detail"":""Rate limit exceeded. Max 30 requests/minute."",""error"":""Too Many Requests""}",0.5
2026-08-23T08:51:43.776042Z,weather,weather_by_session_key,"{""session_key"": 11316}",0,http_429,"{""detail"":""Rate limit exceeded. Max 30 requests/minute."",""error"":""Too Many Requests""}",0.489
2026-08-23T08:51:44.364308Z,race_control,race_control_by_session_key,"{""session_key"": 11316}",0,http_429,"{""detail"":""Rate limit exceeded. Max 30 requests/minute."",""error"":""Too Many Requests""}",0.487
2026-08-23T08:51:44.952782Z,intervals,intervals_by_session_key,"{""session_key"": 11316}",0,http_429,"{""detail"":""Rate limit exceeded. Max 30 requests/minute."",""error"":""Too Many Requests""}",0.487
2026-08-23T08:51:45.761831Z,position,position_by_session_key,"{""session_key"": 11316}",0,http_429,"{""detail"":""Rate limit exceeded. Max 30 requests/minute."",""error"":""Too Many Requests""}",0.708
2026-08-23T08:51:46.660401Z,position,position_by_meeting_key_fallback,"{""meeting_key"": 1289}",0,http_429,"{""detail"":""Rate limit exceeded. Max 30 requests/minute."",""error"":""Too Many Requests""}",0.798
2026-08-23T08:51:47.463008Z,stints,stints_by_session_key,"{""session_key"": 11316}",0,http_429,"{""detail"":""Rate limit exceeded. Max 30 requests/minute."",""error"":""Too Many Requests""}",0.701
2026-08-23T08:51:47.564300Z,pit,skip_non_race_like_session,"{""session_key"": 11316}",0,skipped_not_applicable,pit endpoint is only treated as required for race/sprint-like sessions,0.0
2026-08-23T08:51:48.301027Z,starting_grid,starting_grid_by_session_key,"{""session_key"": 11316}",0,http_429,"{""detail"":""Rate limit exceeded. Max 30 requests/minute."",""error"":""Too Many Requests""}",0.737
2026-08-23T08:51:48.996641Z,drivers,drivers_by_session_key,"{""session_key"": 11316}",0,http_429,"{""detail"":""Rate limit exceeded. Max 30 requests/minute."",""error"":""Too Many Requests""}",0.594
2026-08-23T08:51:49.872565Z,drivers,drivers_by_observed_driver_number,"{""driver_number"": 1, ""session_key"": 11316}",0,http_429,"{""detail"":""Rate limit exceeded. Max 30 requests/minute."",""error"":""Too Many Requests""}",0.751
2026-08-23T08:51:50.472377Z,drivers,drivers_by_observed_driver_number,"{""driver_number"": 3, ""session_key"": 11316}",0,http_429,"{""detail"":""Rate limit exceeded. Max 30 requests/minute."",""error"":""Too Many Requests""}",0.499
2026-08-23T08:51:51.060806Z,drivers,drivers_by_observed_driver_number,"{""driver_number"": 5, ""session_key"": 11316}",0,http_429,"{""detail"":""Rate limit exceeded. Max 30 requests/minute."",""error"":""Too Many Requests""}",0.487
2026-08-23T08:51:51.738727Z,drivers,drivers_by_observed_driver_number,"{""driver_number"": 6, ""session_key"": 11316}",0,http_429,"{""detail"":""Rate limit exceeded. Max 30 requests/minute."",""error"":""Too Many Requests""}",0.577
2026-08-23T08:51:52.328677Z,drivers,drivers_by_observed_driver_number,"{""driver_number"": 10, ""session_key"": 11316}",0,http_429,"{""detail"":""Rate limit exceeded. Max 30 requests/minute."",""error"":""Too Many Requests""}",0.489
2026-08-23T08:51:52.917105Z,drivers,drivers_by_observed_driver_number,"{""driver_number"": 11, ""session_key"": 11316}",0,http_429,"{""detail"":""Rate limit exceeded. Max 30 requests/minute."",""error"":""Too Many Requests""}",0.487
2026-08-23T08:51:53.501103Z,drivers,drivers_by_observed_driver_number,"{""driver_number"": 12, ""session_key"": 11316}",0,http_429,"{""detail"":""Rate limit exceeded. Max 30 requests/minute."",""error"":""Too Many Requests""}",0.483
2026-08-23T08:51:54.089286Z,drivers,drivers_by_observed_driver_number,"{""driver_number"": 14, ""session_key"": 11316}",0,http_429,"{""detail"":""Rate limit exceeded. Max 30 requests/minute."",""error"":""Too Many Requests""}",0.487
2026-08-23T08:51:54.737882Z,drivers,drivers_by_observed_driver_number,"{""driver_number"": 16, ""session_key"": 11316}",0,http_429,"{""detail"":""Rate limit exceeded. Max 30 requests/minute."",""error"":""Too Many Requests""}",0.547
2026-08-23T08:51:55.343044Z,drivers,drivers_by_observed_driver_number,"{""driver_number"": 18, ""session_key"": 11316}",0,http_429,"{""detail"":""Rate limit exceeded. Max 30 requests/minute."",""error"":""Too Many Requests""}",0.504
2026-08-23T08:51:55.928096Z,drivers,drivers_by_observed_driver_number,"{""driver_number"": 23, ""session_key"": 11316}",0,http_429,"{""detail"":""Rate limit exceeded. Max 30 requests/minute."",""error"":""Too Many Requests""}",0.484
2026-08-23T08:51:56.619789Z,drivers,drivers_by_observed_driver_number,"{""driver_number"": 25, ""session_key"": 11316}",0,http_429,"{""detail"":""Rate limit exceeded. Max 30 requests/minute."",""error"":""Too Many Requests""}",0.591
2026-08-23T08:51:57.220391Z,drivers,drivers_by_observed_driver_number,"{""driver_number"": 27, ""session_key"": 11316}",0,http_429,"{""detail"":""Rate limit exceeded. Max 30 requests/minute."",""error"":""Too Many Requests""}",0.499
2026-08-23T08:51:57.811217Z,drivers,drivers_by_observed_driver_number,"{""driver_number"": 30, ""session_key"": 11316}",0,http_429,"{""detail"":""Rate limit exceeded. Max 30 requests/minute."",""error"":""Too Many Requests""}",0.49
2026-08-23T08:51:58.459874Z,drivers,drivers_by_observed_driver_number,"{""driver_number"": 31, ""session_key"": 11316}",0,http_429,"{""detail"":""Rate limit exceeded. Max 30 requests/minute."",""error"":""Too Many Requests""}",0.547
2026-08-23T08:51:59.050013Z,drivers,drivers_by_observed_driver_number,"{""driver_number"": 34, ""session_key"": 11316}",0,http_429,"{""detail"":""Rate limit exceeded. Max 30 requests/minute."",""error"":""Too Many Requests""}",0.489
2026-08-23T08:51:59.943722Z,drivers,drivers_by_observed_driver_number,"{""driver_number"": 36, ""session_key"": 11316}",0,http_429,"{""detail"":""Rate limit exceeded. Max 30 requests/minute."",""error"":""Too Many Requests""}",0.792
2026-08-23T08:52:00.536199Z,drivers,drivers_by_observed_driver_number,"{""driver_number"": 38, ""session_key"": 11316}",0,http_404,"{""detail"":""No results found.""}",0.491
2026-08-23T08:52:01.121066Z,drivers,drivers_by_observed_driver_number,"{""driver_number"": 41, ""session_key"": 11316}",1,pass,,0.484
2026-08-23T08:52:01.782266Z,drivers,drivers_by_observed_driver_number,"{""driver_number"": 43, ""session_key"": 11316}",1,pass,,0.56
2026-08-23T08:52:02.374490Z,drivers,drivers_by_observed_driver_number,"{""driver_number"": 44, ""session_key"": 11316}",1,pass,,0.491
2026-08-23T08:52:02.976333Z,drivers,drivers_by_observed_driver_number,"{""driver_number"": 46, ""session_key"": 11316}",0,http_404,"{""detail"":""No results found.""}",0.501
2026-08-23T08:52:03.578349Z,drivers,drivers_by_observed_driver_number,"{""driver_number"": 55, ""session_key"": 11316}",1,pass,,0.501
2026-08-23T08:52:04.464160Z,drivers,drivers_by_observed_driver_number,"{""driver_number"": 63, ""session_key"": 11316}",1,pass,,0.785
2026-08-23T08:52:05.053369Z,drivers,drivers_by_observed_driver_number,"{""driver_number"": 67, ""session_key"": 11316}",0,http_404,"{""detail"":""No results found.""}",0.488
2026-08-23T08:52:05.644357Z,drivers,drivers_by_observed_driver_number,"{""driver_number"": 72, ""session_key"": 11316}",0,http_404,"{""detail"":""No results found.""}",0.49
2026-08-23T08:52:06.480246Z,drivers,drivers_by_observed_driver_number,"{""driver_number"": 77, ""session_key"": 11316}",1,pass,,0.735
2026-08-23T08:52:07.070936Z,drivers,drivers_by_observed_driver_number,"{""driver_number"": 81, ""session_key"": 11316}",1,pass,,0.49
2026-08-23T08:52:07.938625Z,drivers,drivers_by_observed_driver_number,"{""driver_number"": 87, ""session_key"": 11316}",1,pass,,0.767
2026-08-23T08:52:08.544551Z,drivers,drivers_by_observed_driver_number,"{""driver_number"": 97, ""session_key"": 11316}",0,http_404,"{""detail"":""No results found.""}",0.505
2026-08-23T08:52:09.130929Z,drivers,drivers_by_observed_driver_number,"{""driver_number"": 241, ""session_key"": 11316}",0,http_404,"{""detail"":""No results found.""}",0.485
2026-08-23T08:52:09.734152Z,drivers,drivers_by_observed_driver_number,"{""driver_number"": 243, ""session_key"": 11316}",0,http_404,"{""detail"":""No results found.""}",0.502
2026-08-23T08:52:10.337042Z,drivers,drivers_by_observed_driver_number,"{""driver_number"": 247, ""session_key"": 11316}",0,http_404,"{""detail"":""No results found.""}",0.502
2026-08-23T08:52:10.929997Z,team_radio,team_radio_by_session_key_opportunistic,"{""session_key"": 11316}",9,pass,,0.489
2026-08-23T08:52:11.527394Z,weather,weather_by_session_key,"{""session_key"": 11317}",60,pass,,0.495
2026-08-23T08:52:12.128413Z,race_control,race_control_by_session_key,"{""session_key"": 11317}",64,pass,,0.499
2026-08-23T08:52:12.715084Z,intervals,intervals_by_session_key,"{""session_key"": 11317}",0,http_404,"{""detail"":""No results found.""}",0.485
2026-08-23T08:52:13.333077Z,position,position_by_session_key,"{""session_key"": 11317}",839,pass,,0.517
2026-08-23T08:52:13.924547Z,stints,stints_by_session_key,"{""session_key"": 11317}",63,pass,,0.49
2026-08-23T08:52:14.784361Z,pit,pit_by_session_key,"{""session_key"": 11317}",63,pass,,0.758
2026-08-23T08:52:15.394408Z,starting_grid,starting_grid_by_session_key,"{""session_key"": 11317}",22,pass,,0.508
2026-08-23T08:52:15.981482Z,drivers,drivers_by_session_key,"{""session_key"": 11317}",22,pass,,0.485
2026-08-23T08:52:16.795349Z,team_radio,team_radio_by_session_key_opportunistic,"{""session_key"": 11317}",7,pass,,0.712
2026-08-23T08:52:17.402588Z,weather,weather_by_session_key,"{""session_key"": 11321}",79,pass,,0.505
2026-08-23T08:52:18.005375Z,race_control,race_control_by_session_key,"{""session_key"": 11321}",95,pass,,0.501
2026-08-23T08:52:19.484779Z,intervals,intervals_by_session_key,"{""session_key"": 11321}",9414,pass,,1.377
2026-08-23T08:52:20.087743Z,position,position_by_session_key,"{""session_key"": 11321}",196,pass,,0.5
2026-08-23T08:52:20.677289Z,stints,stints_by_session_key,"{""session_key"": 11321}",0,http_429,"{""detail"":""Rate limit exceeded. Max 30 requests/minute."",""error"":""Too Many Requests""}",0.488
2026-08-23T08:52:21.260741Z,pit,pit_by_session_key,"{""session_key"": 11321}",0,http_429,"{""detail"":""Rate limit exceeded. Max 30 requests/minute."",""error"":""Too Many Requests""}",0.482
2026-08-23T08:52:21.864375Z,starting_grid,starting_grid_by_session_key,"{""session_key"": 11321}",0,http_429,"{""detail"":""Rate limit exceeded. Max 30 requests/minute."",""error"":""Too Many Requests""}",0.502
2026-08-23T08:52:22.450720Z,drivers,drivers_by_session_key,"{""session_key"": 11321}",0,http_429,"{""detail"":""Rate limit exceeded. Max 30 requests/minute."",""error"":""Too Many Requests""}",0.485
2026-08-23T08:52:23.058262Z,drivers,drivers_by_observed_driver_number,"{""driver_number"": 1, ""session_key"": 11321}",0,http_429,"{""detail"":""Rate limit exceeded. Max 30 requests/minute."",""error"":""Too Many Requests""}",0.481
2026-08-23T08:52:23.657687Z,drivers,drivers_by_observed_driver_number,"{""driver_number"": 3, ""session_key"": 11321}",0,http_429,"{""detail"":""Rate limit exceeded. Max 30 requests/minute."",""error"":""Too Many Requests""}",0.498
2026-08-23T08:52:24.257062Z,drivers,drivers_by_observed_driver_number,"{""driver_number"": 5, ""session_key"": 11321}",0,http_429,"{""detail"":""Rate limit exceeded. Max 30 requests/minute."",""error"":""Too Many Requests""}",0.498
2026-08-23T08:52:24.846102Z,drivers,drivers_by_observed_driver_number,"{""driver_number"": 6, ""session_key"": 11321}",0,http_429,"{""detail"":""Rate limit exceeded. Max 30 requests/minute."",""error"":""Too Many Requests""}",0.488
2026-08-23T08:52:25.430670Z,drivers,drivers_by_observed_driver_number,"{""driver_number"": 10, ""session_key"": 11321}",0,http_429,"{""detail"":""Rate limit exceeded. Max 30 requests/minute."",""error"":""Too Many Requests""}",0.483
2026-08-23T08:52:26.018345Z,drivers,drivers_by_observed_driver_number,"{""driver_number"": 11, ""session_key"": 11321}",0,http_429,"{""detail"":""Rate limit exceeded. Max 30 requests/minute."",""error"":""Too Many Requests""}",0.486
2026-08-23T08:52:26.611561Z,drivers,drivers_by_observed_driver_number,"{""driver_number"": 12, ""session_key"": 11321}",0,http_429,"{""detail"":""Rate limit exceeded. Max 30 requests/minute."",""error"":""Too Many Requests""}",0.492
2026-08-23T08:52:27.199600Z,drivers,drivers_by_observed_driver_number,"{""driver_number"": 14, ""session_key"": 11321}",0,http_429,"{""detail"":""Rate limit exceeded. Max 30 requests/minute."",""error"":""Too Many Requests""}",0.487
2026-08-23T08:52:27.783225Z,drivers,drivers_by_observed_driver_number,"{""driver_number"": 16, ""session_key"": 11321}",0,http_429,"{""detail"":""Rate limit exceeded. Max 30 requests/minute."",""error"":""Too Many Requests""}",0.482
2026-08-23T08:52:28.387230Z,drivers,drivers_by_observed_driver_number,"{""driver_number"": 18, ""session_key"": 11321}",0,http_429,"{""detail"":""Rate limit exceeded. Max 30 requests/minute."",""error"":""Too Many Requests""}",0.503
2026-08-23T08:52:28.970910Z,drivers,drivers_by_observed_driver_number,"{""driver_number"": 23, ""session_key"": 11321}",0,http_429,"{""detail"":""Rate limit exceeded. Max 30 requests/minute."",""error"":""Too Many Requests""}",0.483
2026-08-23T08:52:29.553655Z,drivers,drivers_by_observed_driver_number,"{""driver_number"": 25, ""session_key"": 11321}",0,http_429,"{""detail"":""Rate limit exceeded. Max 30 requests/minute."",""error"":""Too Many Requests""}",0.481
2026-08-23T08:52:30.154274Z,drivers,drivers_by_observed_driver_number,"{""driver_number"": 27, ""session_key"": 11321}",0,http_429,"{""detail"":""Rate limit exceeded. Max 30 requests/minute."",""error"":""Too Many Requests""}",0.499
2026-08-23T08:52:30.754017Z,drivers,drivers_by_observed_driver_number,"{""driver_number"": 30, ""session_key"": 11321}",0,http_429,"{""detail"":""Rate limit exceeded. Max 30 requests/minute."",""error"":""Too Many Requests""}",0.498
2026-08-23T08:52:31.343228Z,drivers,drivers_by_observed_driver_number,"{""driver_number"": 31, ""session_key"": 11321}",0,http_429,"{""detail"":""Rate limit exceeded. Max 30 requests/minute."",""error"":""Too Many Requests""}",0.488
2026-08-23T08:52:31.928169Z,drivers,drivers_by_observed_driver_number,"{""driver_number"": 34, ""session_key"": 11321}",0,http_429,"{""detail"":""Rate limit exceeded. Max 30 requests/minute."",""error"":""Too Many Requests""}",0.484
2026-08-23T08:52:32.516923Z,drivers,drivers_by_observed_driver_number,"{""driver_number"": 36, ""session_key"": 11321}",0,http_429,"{""detail"":""Rate limit exceeded. Max 30 requests/minute."",""error"":""Too Many Requests""}",0.488
2026-08-23T08:52:33.106938Z,drivers,drivers_by_observed_driver_number,"{""driver_number"": 38, ""session_key"": 11321}",0,http_429,"{""detail"":""Rate limit exceeded. Max 30 requests/minute."",""error"":""Too Many Requests""}",0.489
2026-08-23T08:52:33.693765Z,drivers,drivers_by_observed_driver_number,"{""driver_number"": 41, ""session_key"": 11321}",0,http_429,"{""detail"":""Rate limit exceeded. Max 30 requests/minute."",""error"":""Too Many Requests""}",0.486
2026-08-23T08:52:34.276700Z,drivers,drivers_by_observed_driver_number,"{""driver_number"": 43, ""session_key"": 11321}",0,http_429,"{""detail"":""Rate limit exceeded. Max 30 requests/minute."",""error"":""Too Many Requests""}",0.482
2026-08-23T08:52:34.882406Z,drivers,drivers_by_observed_driver_number,"{""driver_number"": 44, ""session_key"": 11321}",0,http_429,"{""detail"":""Rate limit exceeded. Max 30 requests/minute."",""error"":""Too Many Requests""}",0.505
2026-08-23T08:52:35.467740Z,drivers,drivers_by_observed_driver_number,"{""driver_number"": 46, ""session_key"": 11321}",0,http_429,"{""detail"":""Rate limit exceeded. Max 30 requests/minute."",""error"":""Too Many Requests""}",0.484
2026-08-23T08:52:36.051383Z,drivers,drivers_by_observed_driver_number,"{""driver_number"": 55, ""session_key"": 11321}",0,http_429,"{""detail"":""Rate limit exceeded. Max 30 requests/minute."",""error"":""Too Many Requests""}",0.482
2026-08-23T08:52:36.652204Z,drivers,drivers_by_observed_driver_number,"{""driver_number"": 63, ""session_key"": 11321}",0,http_429,"{""detail"":""Rate limit exceeded. Max 30 requests/minute."",""error"":""Too Many Requests""}",0.5
2026-08-23T08:52:37.253364Z,drivers,drivers_by_observed_driver_number,"{""driver_number"": 67, ""session_key"": 11321}",0,http_429,"{""detail"":""Rate limit exceeded. Max 30 requests/minute."",""error"":""Too Many Requests""}",0.5
2026-08-23T08:52:37.843317Z,drivers,drivers_by_observed_driver_number,"{""driver_number"": 72, ""session_key"": 11321}",0,http_429,"{""detail"":""Rate limit exceeded. Max 30 requests/minute."",""error"":""Too Many Requests""}",0.489
2026-08-23T08:52:38.428364Z,drivers,drivers_by_observed_driver_number,"{""driver_number"": 77, ""session_key"": 11321}",0,http_429,"{""detail"":""Rate limit exceeded. Max 30 requests/minute."",""error"":""Too Many Requests""}",0.484
2026-08-23T08:52:39.017670Z,drivers,drivers_by_observed_driver_number,"{""driver_number"": 81, ""session_key"": 11321}",0,http_429,"{""detail"":""Rate limit exceeded. Max 30 requests/minute."",""error"":""Too Many Requests""}",0.488
2026-08-23T08:52:39.607885Z,drivers,drivers_by_observed_driver_number,"{""driver_number"": 87, ""session_key"": 11321}",0,http_429,"{""detail"":""Rate limit exceeded. Max 30 requests/minute."",""error"":""Too Many Requests""}",0.489
2026-08-23T08:52:40.196866Z,drivers,drivers_by_observed_driver_number,"{""driver_number"": 97, ""session_key"": 11321}",0,http_429,"{""detail"":""Rate limit exceeded. Max 30 requests/minute."",""error"":""Too Many Requests""}",0.488
2026-08-23T08:52:40.779841Z,drivers,drivers_by_observed_driver_number,"{""driver_number"": 241, ""session_key"": 11321}",0,http_429,"{""detail"":""Rate limit exceeded. Max 30 requests/minute."",""error"":""Too Many Requests""}",0.482
2026-08-23T08:52:41.383830Z,drivers,drivers_by_observed_driver_number,"{""driver_number"": 243, ""session_key"": 11321}",0,http_429,"{""detail"":""Rate limit exceeded. Max 30 requests/minute."",""error"":""Too Many Requests""}",0.503
2026-08-23T08:52:41.968387Z,drivers,drivers_by_observed_driver_number,"{""driver_number"": 247, ""session_key"": 11321}",0,http_429,"{""detail"":""Rate limit exceeded. Max 30 requests/minute."",""error"":""Too Many Requests""}",0.483
2026-08-23T08:52:42.553032Z,team_radio,team_radio_by_session_key_opportunistic,"{""session_key"": 11321}",0,http_429,"{""detail"":""Rate limit exceeded. Max 30 requests/minute."",""error"":""Too Many Requests""}",0.483
2026-08-23T08:52:43.158057Z,weather,weather_by_session_key,"{""session_key"": 11322}",0,http_429,"{""detail"":""Rate limit exceeded. Max 30 requests/minute."",""error"":""Too Many Requests""}",0.504
2026-08-23T08:52:43.759165Z,race_control,race_control_by_session_key,"{""session_key"": 11322}",0,http_429,"{""detail"":""Rate limit exceeded. Max 30 requests/minute."",""error"":""Too Many Requests""}",0.5
2026-08-23T08:52:44.351823Z,intervals,intervals_by_session_key,"{""session_key"": 11322}",0,http_429,"{""detail"":""Rate limit exceeded. Max 30 requests/minute."",""error"":""Too Many Requests""}",0.491
2026-08-23T08:52:44.934978Z,position,position_by_session_key,"{""session_key"": 11322}",0,http_429,"{""detail"":""Rate limit exceeded. Max 30 requests/minute."",""error"":""Too Many Requests""}",0.482
2026-08-23T08:52:45.521949Z,position,position_by_meeting_key_fallback,"{""meeting_key"": 1289}",0,http_429,"{""detail"":""Rate limit exceeded. Max 30 requests/minute."",""error"":""Too Many Requests""}",0.486
2026-08-23T08:52:46.117960Z,stints,stints_by_session_key,"{""session_key"": 11322}",0,http_429,"{""detail"":""Rate limit exceeded. Max 30 requests/minute."",""error"":""Too Many Requests""}",0.495
2026-08-23T08:52:46.219229Z,pit,skip_non_race_like_session,"{""session_key"": 11322}",0,skipped_not_applicable,pit endpoint is only treated as required for race/sprint-like sessions,0.0
2026-08-23T08:52:46.706531Z,starting_grid,starting_grid_by_session_key,"{""session_key"": 11322}",0,http_429,"{""detail"":""Rate limit exceeded. Max 30 requests/minute."",""error"":""Too Many Requests""}",0.487
2026-08-23T08:52:47.290059Z,drivers,drivers_by_session_key,"{""session_key"": 11322}",0,http_429,"{""detail"":""Rate limit exceeded. Max 30 requests/minute."",""error"":""Too Many Requests""}",0.482
2026-08-23T08:52:47.921409Z,drivers,drivers_by_observed_driver_number,"{""driver_number"": 1, ""session_key"": 11322}",0,http_429,"{""detail"":""Rate limit exceeded. Max 30 requests/minute."",""error"":""Too Many Requests""}",0.505
2026-08-23T08:52:48.507284Z,drivers,drivers_by_observed_driver_number,"{""driver_number"": 3, ""session_key"": 11322}",0,http_429,"{""detail"":""Rate limit exceeded. Max 30 requests/minute."",""error"":""Too Many Requests""}",0.485
2026-08-23T08:52:49.091844Z,drivers,drivers_by_observed_driver_number,"{""driver_number"": 5, ""session_key"": 11322}",0,http_429,"{""detail"":""Rate limit exceeded. Max 30 requests/minute."",""error"":""Too Many Requests""}",0.483
2026-08-23T08:52:49.692747Z,drivers,drivers_by_observed_driver_number,"{""driver_number"": 6, ""session_key"": 11322}",0,http_429,"{""detail"":""Rate limit exceeded. Max 30 requests/minute."",""error"":""Too Many Requests""}",0.5
2026-08-23T08:52:50.292920Z,drivers,drivers_by_observed_driver_number,"{""driver_number"": 10, ""session_key"": 11322}",0,http_429,"{""detail"":""Rate limit exceeded. Max 30 requests/minute."",""error"":""Too Many Requests""}",0.499
2026-08-23T08:52:50.879116Z,drivers,drivers_by_observed_driver_number,"{""driver_number"": 11, ""session_key"": 11322}",0,http_429,"{""detail"":""Rate limit exceeded. Max 30 requests/minute."",""error"":""Too Many Requests""}",0.485
2026-08-23T08:52:51.463996Z,drivers,drivers_by_observed_driver_number,"{""driver_number"": 12, ""session_key"": 11322}",0,http_429,"{""detail"":""Rate limit exceeded. Max 30 requests/minute."",""error"":""Too Many Requests""}",0.484
2026-08-23T08:52:52.053113Z,drivers,drivers_by_observed_driver_number,"{""driver_number"": 14, ""session_key"": 11322}",0,http_429,"{""detail"":""Rate limit exceeded. Max 30 requests/minute."",""error"":""Too Many Requests""}",0.488
2026-08-23T08:52:52.816081Z,drivers,drivers_by_observed_driver_number,"{""driver_number"": 16, ""session_key"": 11322}",0,http_429,"{""detail"":""Rate limit exceeded. Max 30 requests/minute."",""error"":""Too Many Requests""}",0.662
2026-08-23T08:52:53.405023Z,drivers,drivers_by_observed_driver_number,"{""driver_number"": 18, ""session_key"": 11322}",0,http_429,"{""detail"":""Rate limit exceeded. Max 30 requests/minute."",""error"":""Too Many Requests""}",0.488
2026-08-23T08:52:54.079782Z,drivers,drivers_by_observed_driver_number,"{""driver_number"": 23, ""session_key"": 11322}",0,http_429,"{""detail"":""Rate limit exceeded. Max 30 requests/minute."",""error"":""Too Many Requests""}",0.574
2026-08-23T08:52:54.684949Z,drivers,drivers_by_observed_driver_number,"{""driver_number"": 25, ""session_key"": 11322}",0,http_429,"{""detail"":""Rate limit exceeded. Max 30 requests/minute."",""error"":""Too Many Requests""}",0.504
2026-08-23T08:52:55.269572Z,drivers,drivers_by_observed_driver_number,"{""driver_number"": 27, ""session_key"": 11322}",0,http_429,"{""detail"":""Rate limit exceeded. Max 30 requests/minute."",""error"":""Too Many Requests""}",0.483
2026-08-23T08:52:55.857389Z,drivers,drivers_by_observed_driver_number,"{""driver_number"": 30, ""session_key"": 11322}",0,http_429,"{""detail"":""Rate limit exceeded. Max 30 requests/minute."",""error"":""Too Many Requests""}",0.487
2026-08-23T08:52:56.456168Z,drivers,drivers_by_observed_driver_number,"{""driver_number"": 31, ""session_key"": 11322}",0,http_429,"{""detail"":""Rate limit exceeded. Max 30 requests/minute."",""error"":""Too Many Requests""}",0.498
2026-08-23T08:52:57.056377Z,drivers,drivers_by_observed_driver_number,"{""driver_number"": 34, ""session_key"": 11322}",0,http_429,"{""detail"":""Rate limit exceeded. Max 30 requests/minute."",""error"":""Too Many Requests""}",0.499
2026-08-23T08:52:57.647810Z,drivers,drivers_by_observed_driver_number,"{""driver_number"": 36, ""session_key"": 11322}",0,http_429,"{""detail"":""Rate limit exceeded. Max 30 requests/minute."",""error"":""Too Many Requests""}",0.49
2026-08-23T08:52:58.235113Z,drivers,drivers_by_observed_driver_number,"{""driver_number"": 38, ""session_key"": 11322}",0,http_429,"{""detail"":""Rate limit exceeded. Max 30 requests/minute."",""error"":""Too Many Requests""}",0.486
2026-08-23T08:52:58.825534Z,drivers,drivers_by_observed_driver_number,"{""driver_number"": 41, ""session_key"": 11322}",0,http_429,"{""detail"":""Rate limit exceeded. Max 30 requests/minute."",""error"":""Too Many Requests""}",0.489
2026-08-23T08:52:59.415555Z,drivers,drivers_by_observed_driver_number,"{""driver_number"": 43, ""session_key"": 11322}",0,http_429,"{""detail"":""Rate limit exceeded. Max 30 requests/minute."",""error"":""Too Many Requests""}",0.489
2026-08-23T08:53:00.005148Z,drivers,drivers_by_observed_driver_number,"{""driver_number"": 44, ""session_key"": 11322}",0,http_429,"{""detail"":""Rate limit exceeded. Max 30 requests/minute."",""error"":""Too Many Requests""}",0.488
2026-08-23T08:53:00.590109Z,drivers,drivers_by_observed_driver_number,"{""driver_number"": 46, ""session_key"": 11322}",0,http_404,"{""detail"":""No results found.""}",0.484
2026-08-23T08:53:01.197200Z,drivers,drivers_by_observed_driver_number,"{""driver_number"": 55, ""session_key"": 11322}",2,pass,,0.506
2026-08-23T08:53:01.784804Z,drivers,drivers_by_observed_driver_number,"{""driver_number"": 63, ""session_key"": 11322}",2,pass,,0.486
2026-08-23T08:53:02.370119Z,drivers,drivers_by_observed_driver_number,"{""driver_number"": 67, ""session_key"": 11322}",0,http_404,"{""detail"":""No results found.""}",0.484
2026-08-23T08:53:02.972822Z,drivers,drivers_by_observed_driver_number,"{""driver_number"": 72, ""session_key"": 11322}",0,http_404,"{""detail"":""No results found.""}",0.502
2026-08-23T08:53:03.575467Z,drivers,drivers_by_observed_driver_number,"{""driver_number"": 77, ""session_key"": 11322}",2,pass,,0.501
2026-08-23T08:53:04.341613Z,drivers,drivers_by_observed_driver_number,"{""driver_number"": 81, ""session_key"": 11322}",2,pass,,0.665
2026-08-23T08:53:04.928225Z,drivers,drivers_by_observed_driver_number,"{""driver_number"": 87, ""session_key"": 11322}",2,pass,,0.485
2026-08-23T08:53:05.521104Z,drivers,drivers_by_observed_driver_number,"{""driver_number"": 97, ""session_key"": 11322}",0,http_404,"{""detail"":""No results found.""}",0.492
2026-08-23T08:53:06.108738Z,drivers,drivers_by_observed_driver_number,"{""driver_number"": 241, ""session_key"": 11322}",0,http_404,"{""detail"":""No results found.""}",0.486
2026-08-23T08:53:06.699940Z,drivers,drivers_by_observed_driver_number,"{""driver_number"": 243, ""session_key"": 11322}",0,http_404,"{""detail"":""No results found.""}",0.49
2026-08-23T08:53:07.291647Z,drivers,drivers_by_observed_driver_number,"{""driver_number"": 247, ""session_key"": 11322}",0,http_404,"{""detail"":""No results found.""}",0.49
2026-08-23T08:53:07.884509Z,team_radio,team_radio_by_session_key_opportunistic,"{""session_key"": 11322}",12,pass,,0.489
2026-08-23T08:53:08.483998Z,weather,weather_by_session_key,"{""session_key"": 11326}",156,pass,,0.497
2026-08-23T08:53:09.088738Z,race_control,race_control_by_session_key,"{""session_key"": 11326}",250,pass,,0.503
2026-08-23T08:53:12.766615Z,intervals,intervals_by_session_key,"{""session_key"": 11326}",28253,pass,,3.576
2026-08-23T08:53:13.390957Z,position,position_by_session_key,"{""session_key"": 11326}",467,pass,,0.519
2026-08-23T08:53:13.987962Z,stints,stints_by_session_key,"{""session_key"": 11326}",73,pass,,0.495
2026-08-23T08:53:14.580926Z,pit,pit_by_session_key,"{""session_key"": 11326}",51,pass,,0.491
2026-08-23T08:53:15.186918Z,starting_grid,starting_grid_by_session_key,"{""session_key"": 11326}",0,http_404,"{""detail"":""No results found.""}",0.504
2026-08-23T08:53:15.790783Z,drivers,drivers_by_session_key,"{""session_key"": 11326}",22,pass,,0.503
2026-08-23T08:53:16.387026Z,team_radio,team_radio_by_session_key_opportunistic,"{""session_key"": 11326}",20,pass,,0.494
2026-08-23T08:53:16.982473Z,weather,weather_by_session_key,"{""session_key"": 11327}",81,pass,,0.493
2026-08-23T08:53:17.577327Z,race_control,race_control_by_session_key,"{""session_key"": 11327}",87,pass,,0.493
2026-08-23T08:53:18.163645Z,intervals,intervals_by_session_key,"{""session_key"": 11327}",0,http_404,"{""detail"":""No results found.""}",0.484
2026-08-23T08:53:18.778637Z,position,position_by_session_key,"{""session_key"": 11327}",600,pass,,0.514
2026-08-23T08:53:19.382594Z,stints,stints_by_session_key,"{""session_key"": 11327}",84,pass,,0.502
2026-08-23T08:53:19.484625Z,pit,skip_non_race_like_session,"{""session_key"": 11327}",0,skipped_not_applicable,pit endpoint is only treated as required for race/sprint-like sessions,0.0
2026-08-23T08:53:19.970817Z,starting_grid,starting_grid_by_session_key,"{""session_key"": 11327}",0,http_404,"{""detail"":""No results found.""}",0.486
2026-08-23T08:53:20.570112Z,drivers,drivers_by_session_key,"{""session_key"": 11327}",22,pass,,0.498
2026-08-23T08:53:21.158602Z,team_radio,team_radio_by_session_key_opportunistic,"{""session_key"": 11327}",4,pass,,0.487
2026-08-23T08:53:21.744013Z,weather,weather_by_session_key,"{""session_key"": 11328}",0,http_429,"{""detail"":""Rate limit exceeded. Max 30 requests/minute."",""error"":""Too Many Requests""}",0.483
2026-08-23T08:53:22.367201Z,race_control,race_control_by_session_key,"{""session_key"": 11328}",0,http_429,"{""detail"":""Rate limit exceeded. Max 30 requests/minute."",""error"":""Too Many Requests""}",0.522
2026-08-23T08:53:22.956187Z,intervals,intervals_by_session_key,"{""session_key"": 11328}",0,http_429,"{""detail"":""Rate limit exceeded. Max 30 requests/minute."",""error"":""Too Many Requests""}",0.488
2026-08-23T08:53:23.544351Z,position,position_by_session_key,"{""session_key"": 11328}",0,http_429,"{""detail"":""Rate limit exceeded. Max 30 requests/minute."",""error"":""Too Many Requests""}",0.487
2026-08-23T08:53:24.130981Z,position,position_by_meeting_key_fallback,"{""meeting_key"": 1290}",0,http_429,"{""detail"":""Rate limit exceeded. Max 30 requests/minute."",""error"":""Too Many Requests""}",0.485
2026-08-23T08:53:24.713748Z,stints,stints_by_session_key,"{""session_key"": 11328}",0,http_429,"{""detail"":""Rate limit exceeded. Max 30 requests/minute."",""error"":""Too Many Requests""}",0.481
2026-08-23T08:53:24.815073Z,pit,skip_non_race_like_session,"{""session_key"": 11328}",0,skipped_not_applicable,pit endpoint is only treated as required for race/sprint-like sessions,0.0
2026-08-23T08:53:25.297531Z,starting_grid,starting_grid_by_session_key,"{""session_key"": 11328}",0,http_429,"{""detail"":""Rate limit exceeded. Max 30 requests/minute."",""error"":""Too Many Requests""}",0.482
2026-08-23T08:53:25.897624Z,drivers,drivers_by_session_key,"{""session_key"": 11328}",0,http_429,"{""detail"":""Rate limit exceeded. Max 30 requests/minute."",""error"":""Too Many Requests""}",0.499
2026-08-23T08:53:26.512844Z,drivers,drivers_by_observed_driver_number,"{""driver_number"": 1, ""session_key"": 11328}",0,http_429,"{""detail"":""Rate limit exceeded. Max 30 requests/minute."",""error"":""Too Many Requests""}",0.486
2026-08-23T08:53:27.097668Z,drivers,drivers_by_observed_driver_number,"{""driver_number"": 3, ""session_key"": 11328}",0,http_429,"{""detail"":""Rate limit exceeded. Max 30 requests/minute."",""error"":""Too Many Requests""}",0.484
2026-08-23T08:53:27.681355Z,drivers,drivers_by_observed_driver_number,"{""driver_number"": 5, ""session_key"": 11328}",0,http_429,"{""detail"":""Rate limit exceeded. Max 30 requests/minute."",""error"":""Too Many Requests""}",0.482
2026-08-23T08:53:28.267194Z,drivers,drivers_by_observed_driver_number,"{""driver_number"": 6, ""session_key"": 11328}",0,http_429,"{""detail"":""Rate limit exceeded. Max 30 requests/minute."",""error"":""Too Many Requests""}",0.485
2026-08-23T08:53:28.866485Z,drivers,drivers_by_observed_driver_number,"{""driver_number"": 10, ""session_key"": 11328}",0,http_429,"{""detail"":""Rate limit exceeded. Max 30 requests/minute."",""error"":""Too Many Requests""}",0.498
2026-08-23T08:53:29.468362Z,drivers,drivers_by_observed_driver_number,"{""driver_number"": 11, ""session_key"": 11328}",0,http_429,"{""detail"":""Rate limit exceeded. Max 30 requests/minute."",""error"":""Too Many Requests""}",0.501
2026-08-23T08:53:30.055136Z,drivers,drivers_by_observed_driver_number,"{""driver_number"": 12, ""session_key"": 11328}",0,http_429,"{""detail"":""Rate limit exceeded. Max 30 requests/minute."",""error"":""Too Many Requests""}",0.486
2026-08-23T08:53:30.643054Z,drivers,drivers_by_observed_driver_number,"{""driver_number"": 14, ""session_key"": 11328}",0,http_429,"{""detail"":""Rate limit exceeded. Max 30 requests/minute."",""error"":""Too Many Requests""}",0.487
2026-08-23T08:53:31.226164Z,drivers,drivers_by_observed_driver_number,"{""driver_number"": 16, ""session_key"": 11328}",0,http_429,"{""detail"":""Rate limit exceeded. Max 30 requests/minute."",""error"":""Too Many Requests""}",0.482
2026-08-23T08:53:31.809940Z,drivers,drivers_by_observed_driver_number,"{""driver_number"": 18, ""session_key"": 11328}",0,http_429,"{""detail"":""Rate limit exceeded. Max 30 requests/minute."",""error"":""Too Many Requests""}",0.483
2026-08-23T08:53:32.410463Z,drivers,drivers_by_observed_driver_number,"{""driver_number"": 23, ""session_key"": 11328}",0,http_429,"{""detail"":""Rate limit exceeded. Max 30 requests/minute."",""error"":""Too Many Requests""}",0.499
2026-08-23T08:53:33.001175Z,drivers,drivers_by_observed_driver_number,"{""driver_number"": 25, ""session_key"": 11328}",0,http_429,"{""detail"":""Rate limit exceeded. Max 30 requests/minute."",""error"":""Too Many Requests""}",0.49
2026-08-23T08:53:33.586919Z,drivers,drivers_by_observed_driver_number,"{""driver_number"": 27, ""session_key"": 11328}",0,http_429,"{""detail"":""Rate limit exceeded. Max 30 requests/minute."",""error"":""Too Many Requests""}",0.485
2026-08-23T08:53:34.171870Z,drivers,drivers_by_observed_driver_number,"{""driver_number"": 30, ""session_key"": 11328}",0,http_429,"{""detail"":""Rate limit exceeded. Max 30 requests/minute."",""error"":""Too Many Requests""}",0.484
2026-08-23T08:53:34.758319Z,drivers,drivers_by_observed_driver_number,"{""driver_number"": 31, ""session_key"": 11328}",0,http_429,"{""detail"":""Rate limit exceeded. Max 30 requests/minute."",""error"":""Too Many Requests""}",0.485
2026-08-23T08:53:35.358568Z,drivers,drivers_by_observed_driver_number,"{""driver_number"": 34, ""session_key"": 11328}",0,http_429,"{""detail"":""Rate limit exceeded. Max 30 requests/minute."",""error"":""Too Many Requests""}",0.499
2026-08-23T08:53:35.948221Z,drivers,drivers_by_observed_driver_number,"{""driver_number"": 36, ""session_key"": 11328}",0,http_429,"{""detail"":""Rate limit exceeded. Max 30 requests/minute."",""error"":""Too Many Requests""}",0.489
2026-08-23T08:53:36.537137Z,drivers,drivers_by_observed_driver_number,"{""driver_number"": 38, ""session_key"": 11328}",0,http_429,"{""detail"":""Rate limit exceeded. Max 30 requests/minute."",""error"":""Too Many Requests""}",0.488
2026-08-23T08:53:37.124537Z,drivers,drivers_by_observed_driver_number,"{""driver_number"": 41, ""session_key"": 11328}",0,http_429,"{""detail"":""Rate limit exceeded. Max 30 requests/minute."",""error"":""Too Many Requests""}",0.486
2026-08-23T08:53:37.707088Z,drivers,drivers_by_observed_driver_number,"{""driver_number"": 43, ""session_key"": 11328}",0,http_429,"{""detail"":""Rate limit exceeded. Max 30 requests/minute."",""error"":""Too Many Requests""}",0.481
2026-08-23T08:53:38.291272Z,drivers,drivers_by_observed_driver_number,"{""driver_number"": 44, ""session_key"": 11328}",0,http_429,"{""detail"":""Rate limit exceeded. Max 30 requests/minute."",""error"":""Too Many Requests""}",0.483
2026-08-23T08:53:38.891244Z,drivers,drivers_by_observed_driver_number,"{""driver_number"": 46, ""session_key"": 11328}",0,http_429,"{""detail"":""Rate limit exceeded. Max 30 requests/minute."",""error"":""Too Many Requests""}",0.499
2026-08-23T08:53:39.486638Z,drivers,drivers_by_observed_driver_number,"{""driver_number"": 55, ""session_key"": 11328}",0,http_429,"{""detail"":""Rate limit exceeded. Max 30 requests/minute."",""error"":""Too Many Requests""}",0.494
2026-08-23T08:53:40.081199Z,drivers,drivers_by_observed_driver_number,"{""driver_number"": 63, ""session_key"": 11328}",0,http_429,"{""detail"":""Rate limit exceeded. Max 30 requests/minute."",""error"":""Too Many Requests""}",0.493
2026-08-23T08:53:40.664810Z,drivers,drivers_by_observed_driver_number,"{""driver_number"": 67, ""session_key"": 11328}",0,http_429,"{""detail"":""Rate limit exceeded. Max 30 requests/minute."",""error"":""Too Many Requests""}",0.482
2026-08-23T08:53:41.249547Z,drivers,drivers_by_observed_driver_number,"{""driver_number"": 72, ""session_key"": 11328}",0,http_429,"{""detail"":""Rate limit exceeded. Max 30 requests/minute."",""error"":""Too Many Requests""}",0.484
2026-08-23T08:53:41.849974Z,drivers,drivers_by_observed_driver_number,"{""driver_number"": 77, ""session_key"": 11328}",0,http_429,"{""detail"":""Rate limit exceeded. Max 30 requests/minute."",""error"":""Too Many Requests""}",0.499
2026-08-23T08:53:42.442869Z,drivers,drivers_by_observed_driver_number,"{""driver_number"": 81, ""session_key"": 11328}",0,http_429,"{""detail"":""Rate limit exceeded. Max 30 requests/minute."",""error"":""Too Many Requests""}",0.492
2026-08-23T08:53:43.031222Z,drivers,drivers_by_observed_driver_number,"{""driver_number"": 87, ""session_key"": 11328}",0,http_429,"{""detail"":""Rate limit exceeded. Max 30 requests/minute."",""error"":""Too Many Requests""}",0.487
2026-08-23T08:53:43.618854Z,drivers,drivers_by_observed_driver_number,"{""driver_number"": 97, ""session_key"": 11328}",0,http_429,"{""detail"":""Rate limit exceeded. Max 30 requests/minute."",""error"":""Too Many Requests""}",0.486
2026-08-23T08:53:44.203747Z,drivers,drivers_by_observed_driver_number,"{""driver_number"": 241, ""session_key"": 11328}",0,http_429,"{""detail"":""Rate limit exceeded. Max 30 requests/minute."",""error"":""Too Many Requests""}",0.484
2026-08-23T08:53:44.788045Z,drivers,drivers_by_observed_driver_number,"{""driver_number"": 243, ""session_key"": 11328}",0,http_429,"{""detail"":""Rate limit exceeded. Max 30 requests/minute."",""error"":""Too Many Requests""}",0.483
2026-08-23T08:53:45.422123Z,drivers,drivers_by_observed_driver_number,"{""driver_number"": 247, ""session_key"": 11328}",0,http_429,"{""detail"":""Rate limit exceeded. Max 30 requests/minute."",""error"":""Too Many Requests""}",0.533
2026-08-23T08:53:46.010258Z,team_radio,team_radio_by_session_key_opportunistic,"{""session_key"": 11328}",0,http_429,"{""detail"":""Rate limit exceeded. Max 30 requests/minute."",""error"":""Too Many Requests""}",0.487
2026-08-23T08:53:46.597562Z,weather,weather_by_session_key,"{""session_key"": 11329}",0,http_429,"{""detail"":""Rate limit exceeded. Max 30 requests/minute."",""error"":""Too Many Requests""}",0.486
2026-08-23T08:53:47.190337Z,race_control,race_control_by_session_key,"{""session_key"": 11329}",0,http_429,"{""detail"":""Rate limit exceeded. Max 30 requests/minute."",""error"":""Too Many Requests""}",0.491
2026-08-23T08:53:47.774214Z,intervals,intervals_by_session_key,"{""session_key"": 11329}",0,http_429,"{""detail"":""Rate limit exceeded. Max 30 requests/minute."",""error"":""Too Many Requests""}",0.483
2026-08-23T08:53:48.374518Z,position,position_by_session_key,"{""session_key"": 11329}",0,http_429,"{""detail"":""Rate limit exceeded. Max 30 requests/minute."",""error"":""Too Many Requests""}",0.499
2026-08-23T08:53:48.963879Z,position,position_by_meeting_key_fallback,"{""meeting_key"": 1290}",0,http_429,"{""detail"":""Rate limit exceeded. Max 30 requests/minute."",""error"":""Too Many Requests""}",0.488
2026-08-23T08:53:49.548737Z,stints,stints_by_session_key,"{""session_key"": 11329}",0,http_429,"{""detail"":""Rate limit exceeded. Max 30 requests/minute."",""error"":""Too Many Requests""}",0.484
2026-08-23T08:53:49.650060Z,pit,skip_non_race_like_session,"{""session_key"": 11329}",0,skipped_not_applicable,pit endpoint is only treated as required for race/sprint-like sessions,0.0
2026-08-23T08:53:50.137248Z,starting_grid,starting_grid_by_session_key,"{""session_key"": 11329}",0,http_429,"{""detail"":""Rate limit exceeded. Max 30 requests/minute."",""error"":""Too Many Requests""}",0.487
2026-08-23T08:53:50.722452Z,drivers,drivers_by_session_key,"{""session_key"": 11329}",0,http_429,"{""detail"":""Rate limit exceeded. Max 30 requests/minute."",""error"":""Too Many Requests""}",0.484
2026-08-23T08:53:51.333974Z,drivers,drivers_by_observed_driver_number,"{""driver_number"": 1, ""session_key"": 11329}",0,http_429,"{""detail"":""Rate limit exceeded. Max 30 requests/minute."",""error"":""Too Many Requests""}",0.483
2026-08-23T08:53:51.933161Z,drivers,drivers_by_observed_driver_number,"{""driver_number"": 3, ""session_key"": 11329}",0,http_429,"{""detail"":""Rate limit exceeded. Max 30 requests/minute."",""error"":""Too Many Requests""}",0.498
2026-08-23T08:53:52.523177Z,drivers,drivers_by_observed_driver_number,"{""driver_number"": 5, ""session_key"": 11329}",0,http_429,"{""detail"":""Rate limit exceeded. Max 30 requests/minute."",""error"":""Too Many Requests""}",0.489
2026-08-23T08:53:53.113045Z,drivers,drivers_by_observed_driver_number,"{""driver_number"": 6, ""session_key"": 11329}",0,http_429,"{""detail"":""Rate limit exceeded. Max 30 requests/minute."",""error"":""Too Many Requests""}",0.489
2026-08-23T08:53:53.697006Z,drivers,drivers_by_observed_driver_number,"{""driver_number"": 10, ""session_key"": 11329}",0,http_429,"{""detail"":""Rate limit exceeded. Max 30 requests/minute."",""error"":""Too Many Requests""}",0.483
2026-08-23T08:53:54.282632Z,drivers,drivers_by_observed_driver_number,"{""driver_number"": 11, ""session_key"": 11329}",0,http_429,"{""detail"":""Rate limit exceeded. Max 30 requests/minute."",""error"":""Too Many Requests""}",0.484
2026-08-23T08:53:54.884821Z,drivers,drivers_by_observed_driver_number,"{""driver_number"": 12, ""session_key"": 11329}",0,http_429,"{""detail"":""Rate limit exceeded. Max 30 requests/minute."",""error"":""Too Many Requests""}",0.501
2026-08-23T08:53:55.474119Z,drivers,drivers_by_observed_driver_number,"{""driver_number"": 14, ""session_key"": 11329}",0,http_429,"{""detail"":""Rate limit exceeded. Max 30 requests/minute."",""error"":""Too Many Requests""}",0.488
2026-08-23T08:53:56.067665Z,drivers,drivers_by_observed_driver_number,"{""driver_number"": 16, ""session_key"": 11329}",0,http_429,"{""detail"":""Rate limit exceeded. Max 30 requests/minute."",""error"":""Too Many Requests""}",0.492
2026-08-23T08:53:56.654830Z,drivers,drivers_by_observed_driver_number,"{""driver_number"": 18, ""session_key"": 11329}",0,http_429,"{""detail"":""Rate limit exceeded. Max 30 requests/minute."",""error"":""Too Many Requests""}",0.486
2026-08-23T08:53:57.239586Z,drivers,drivers_by_observed_driver_number,"{""driver_number"": 23, ""session_key"": 11329}",0,http_429,"{""detail"":""Rate limit exceeded. Max 30 requests/minute."",""error"":""Too Many Requests""}",0.484
2026-08-23T08:53:57.824503Z,drivers,drivers_by_observed_driver_number,"{""driver_number"": 25, ""session_key"": 11329}",0,http_429,"{""detail"":""Rate limit exceeded. Max 30 requests/minute."",""error"":""Too Many Requests""}",0.484
2026-08-23T08:53:58.426207Z,drivers,drivers_by_observed_driver_number,"{""driver_number"": 27, ""session_key"": 11329}",0,http_429,"{""detail"":""Rate limit exceeded. Max 30 requests/minute."",""error"":""Too Many Requests""}",0.501
2026-08-23T08:53:59.014334Z,drivers,drivers_by_observed_driver_number,"{""driver_number"": 30, ""session_key"": 11329}",0,http_429,"{""detail"":""Rate limit exceeded. Max 30 requests/minute."",""error"":""Too Many Requests""}",0.487
2026-08-23T08:53:59.596677Z,drivers,drivers_by_observed_driver_number,"{""driver_number"": 31, ""session_key"": 11329}",0,http_429,"{""detail"":""Rate limit exceeded. Max 30 requests/minute."",""error"":""Too Many Requests""}",0.481
2026-08-23T08:54:00.184487Z,drivers,drivers_by_observed_driver_number,"{""driver_number"": 34, ""session_key"": 11329}",0,http_404,"{""detail"":""No results found.""}",0.487
2026-08-23T08:54:00.771606Z,drivers,drivers_by_observed_driver_number,"{""driver_number"": 36, ""session_key"": 11329}",0,http_404,"{""detail"":""No results found.""}",0.486
2026-08-23T08:54:01.374094Z,drivers,drivers_by_observed_driver_number,"{""driver_number"": 38, ""session_key"": 11329}",0,http_404,"{""detail"":""No results found.""}",0.501
2026-08-23T08:54:01.966221Z,drivers,drivers_by_observed_driver_number,"{""driver_number"": 41, ""session_key"": 11329}",1,pass,,0.491
2026-08-23T08:54:02.557924Z,drivers,drivers_by_observed_driver_number,"{""driver_number"": 43, ""session_key"": 11329}",1,pass,,0.49
2026-08-23T08:54:03.146172Z,drivers,drivers_by_observed_driver_number,"{""driver_number"": 44, ""session_key"": 11329}",1,pass,,0.487
2026-08-23T08:54:03.731071Z,drivers,drivers_by_observed_driver_number,"{""driver_number"": 46, ""session_key"": 11329}",0,http_404,"{""detail"":""No results found.""}",0.484
2026-08-23T08:54:04.317167Z,drivers,drivers_by_observed_driver_number,"{""driver_number"": 55, ""session_key"": 11329}",1,pass,,0.485
2026-08-23T08:54:04.918507Z,drivers,drivers_by_observed_driver_number,"{""driver_number"": 63, ""session_key"": 11329}",1,pass,,0.5
2026-08-23T08:54:05.508464Z,drivers,drivers_by_observed_driver_number,"{""driver_number"": 67, ""session_key"": 11329}",0,http_404,"{""detail"":""No results found.""}",0.489
2026-08-23T08:54:06.093006Z,drivers,drivers_by_observed_driver_number,"{""driver_number"": 72, ""session_key"": 11329}",0,http_404,"{""detail"":""No results found.""}",0.483
2026-08-23T08:54:06.676467Z,drivers,drivers_by_observed_driver_number,"{""driver_number"": 77, ""session_key"": 11329}",1,pass,,0.482
2026-08-23T08:54:07.262903Z,drivers,drivers_by_observed_driver_number,"{""driver_number"": 81, ""session_key"": 11329}",1,pass,,0.485
2026-08-23T08:54:07.864007Z,drivers,drivers_by_observed_driver_number,"{""driver_number"": 87, ""session_key"": 11329}",1,pass,,0.5
2026-08-23T08:54:08.451570Z,drivers,drivers_by_observed_driver_number,"{""driver_number"": 97, ""session_key"": 11329}",0,http_404,"{""detail"":""No results found.""}",0.486
2026-08-23T08:54:09.041714Z,drivers,drivers_by_observed_driver_number,"{""driver_number"": 241, ""session_key"": 11329}",0,http_404,"{""detail"":""No results found.""}",0.489
2026-08-23T08:54:09.628384Z,drivers,drivers_by_observed_driver_number,"{""driver_number"": 243, ""session_key"": 11329}",0,http_404,"{""detail"":""No results found.""}",0.486
2026-08-23T08:54:10.218899Z,drivers,drivers_by_observed_driver_number,"{""driver_number"": 247, ""session_key"": 11329}",0,http_404,"{""detail"":""No results found.""}",0.489
2026-08-23T08:54:10.810234Z,team_radio,team_radio_by_session_key_opportunistic,"{""session_key"": 11329}",10,pass,,0.488
2026-08-23T08:54:11.418448Z,weather,weather_by_session_key,"{""session_key"": 11330}",88,pass,,0.506
2026-08-23T08:54:12.011359Z,race_control,race_control_by_session_key,"{""session_key"": 11330}",65,pass,,0.491
2026-08-23T08:54:12.596871Z,intervals,intervals_by_session_key,"{""session_key"": 11330}",0,http_404,"{""detail"":""No results found.""}",0.484
2026-08-23T08:54:13.226388Z,position,position_by_session_key,"{""session_key"": 11330}",1064,pass,,0.528
2026-08-23T08:54:13.816955Z,stints,stints_by_session_key,"{""session_key"": 11330}",90,pass,,0.489
2026-08-23T08:54:13.918900Z,pit,skip_non_race_like_session,"{""session_key"": 11330}",0,skipped_not_applicable,pit endpoint is only treated as required for race/sprint-like sessions,0.0
2026-08-23T08:54:14.422987Z,starting_grid,starting_grid_by_session_key,"{""session_key"": 11330}",22,pass,,0.504
2026-08-23T08:54:15.009220Z,drivers,drivers_by_session_key,"{""session_key"": 11330}",22,pass,,0.484
2026-08-23T08:54:15.602696Z,team_radio,team_radio_by_session_key_opportunistic,"{""session_key"": 11330}",5,pass,,0.492
2026-08-23T08:54:16.202249Z,weather,weather_by_session_key,"{""session_key"": 11334}",146,pass,,0.497
2026-08-23T08:54:16.828732Z,race_control,race_control_by_session_key,"{""session_key"": 11334}",151,pass,,0.525
2026-08-23T08:54:19.494096Z,intervals,intervals_by_session_key,"{""session_key"": 11334}",23116,pass,,2.563
2026-08-23T08:54:20.085205Z,position,position_by_session_key,"{""session_key"": 11334}",0,http_429,"{""detail"":""Rate limit exceeded. Max 30 requests/minute."",""error"":""Too Many Requests""}",0.486
2026-08-23T08:54:20.669796Z,position,position_by_meeting_key_fallback,"{""meeting_key"": 1290}",0,http_429,"{""detail"":""Rate limit exceeded. Max 30 requests/minute."",""error"":""Too Many Requests""}",0.483
2026-08-23T08:54:21.253845Z,stints,stints_by_session_key,"{""session_key"": 11334}",0,http_429,"{""detail"":""Rate limit exceeded. Max 30 requests/minute."",""error"":""Too Many Requests""}",0.483
2026-08-23T08:54:21.853490Z,pit,pit_by_session_key,"{""session_key"": 11334}",0,http_429,"{""detail"":""Rate limit exceeded. Max 30 requests/minute."",""error"":""Too Many Requests""}",0.498
2026-08-23T08:54:22.453779Z,starting_grid,starting_grid_by_session_key,"{""session_key"": 11334}",0,http_429,"{""detail"":""Rate limit exceeded. Max 30 requests/minute."",""error"":""Too Many Requests""}",0.499
2026-08-23T08:54:23.043246Z,drivers,drivers_by_session_key,"{""session_key"": 11334}",0,http_429,"{""detail"":""Rate limit exceeded. Max 30 requests/minute."",""error"":""Too Many Requests""}",0.488
2026-08-23T08:54:23.656736Z,drivers,drivers_by_observed_driver_number,"{""driver_number"": 1, ""session_key"": 11334}",0,http_429,"{""detail"":""Rate limit exceeded. Max 30 requests/minute."",""error"":""Too Many Requests""}",0.483
2026-08-23T08:54:24.238698Z,drivers,drivers_by_observed_driver_number,"{""driver_number"": 3, ""session_key"": 11334}",0,http_429,"{""detail"":""Rate limit exceeded. Max 30 requests/minute."",""error"":""Too Many Requests""}",0.481
2026-08-23T08:54:24.824265Z,drivers,drivers_by_observed_driver_number,"{""driver_number"": 5, ""session_key"": 11334}",0,http_429,"{""detail"":""Rate limit exceeded. Max 30 requests/minute."",""error"":""Too Many Requests""}",0.484
2026-08-23T08:54:25.414132Z,drivers,drivers_by_observed_driver_number,"{""driver_number"": 6, ""session_key"": 11334}",0,http_429,"{""detail"":""Rate limit exceeded. Max 30 requests/minute."",""error"":""Too Many Requests""}",0.489
2026-08-23T08:54:25.999477Z,drivers,drivers_by_observed_driver_number,"{""driver_number"": 10, ""session_key"": 11334}",0,http_429,"{""detail"":""Rate limit exceeded. Max 30 requests/minute."",""error"":""Too Many Requests""}",0.484
2026-08-23T08:54:26.587967Z,drivers,drivers_by_observed_driver_number,"{""driver_number"": 11, ""session_key"": 11334}",0,http_429,"{""detail"":""Rate limit exceeded. Max 30 requests/minute."",""error"":""Too Many Requests""}",0.487
2026-08-23T08:54:27.171791Z,drivers,drivers_by_observed_driver_number,"{""driver_number"": 12, ""session_key"": 11334}",0,http_429,"{""detail"":""Rate limit exceeded. Max 30 requests/minute."",""error"":""Too Many Requests""}",0.483
2026-08-23T08:54:27.756160Z,drivers,drivers_by_observed_driver_number,"{""driver_number"": 14, ""session_key"": 11334}",0,http_429,"{""detail"":""Rate limit exceeded. Max 30 requests/minute."",""error"":""Too Many Requests""}",0.483
2026-08-23T08:54:28.357044Z,drivers,drivers_by_observed_driver_number,"{""driver_number"": 16, ""session_key"": 11334}",0,http_429,"{""detail"":""Rate limit exceeded. Max 30 requests/minute."",""error"":""Too Many Requests""}",0.5
2026-08-23T08:54:28.955779Z,drivers,drivers_by_observed_driver_number,"{""driver_number"": 18, ""session_key"": 11334}",0,http_429,"{""detail"":""Rate limit exceeded. Max 30 requests/minute."",""error"":""Too Many Requests""}",0.498
2026-08-23T08:54:29.546700Z,drivers,drivers_by_observed_driver_number,"{""driver_number"": 23, ""session_key"": 11334}",0,http_429,"{""detail"":""Rate limit exceeded. Max 30 requests/minute."",""error"":""Too Many Requests""}",0.49
2026-08-23T08:54:30.130682Z,drivers,drivers_by_observed_driver_number,"{""driver_number"": 25, ""session_key"": 11334}",0,http_429,"{""detail"":""Rate limit exceeded. Max 30 requests/minute."",""error"":""Too Many Requests""}",0.483
2026-08-23T08:54:30.714353Z,drivers,drivers_by_observed_driver_number,"{""driver_number"": 27, ""session_key"": 11334}",0,http_429,"{""detail"":""Rate limit exceeded. Max 30 requests/minute."",""error"":""Too Many Requests""}",0.483
2026-08-23T08:54:31.300800Z,drivers,drivers_by_observed_driver_number,"{""driver_number"": 30, ""session_key"": 11334}",0,http_429,"{""detail"":""Rate limit exceeded. Max 30 requests/minute."",""error"":""Too Many Requests""}",0.485
2026-08-23T08:54:31.885149Z,drivers,drivers_by_observed_driver_number,"{""driver_number"": 31, ""session_key"": 11334}",0,http_429,"{""detail"":""Rate limit exceeded. Max 30 requests/minute."",""error"":""Too Many Requests""}",0.483
2026-08-23T08:54:32.480693Z,drivers,drivers_by_observed_driver_number,"{""driver_number"": 34, ""session_key"": 11334}",0,http_429,"{""detail"":""Rate limit exceeded. Max 30 requests/minute."",""error"":""Too Many Requests""}",0.494
2026-08-23T08:54:33.068475Z,drivers,drivers_by_observed_driver_number,"{""driver_number"": 36, ""session_key"": 11334}",0,http_429,"{""detail"":""Rate limit exceeded. Max 30 requests/minute."",""error"":""Too Many Requests""}",0.487
2026-08-23T08:54:33.650167Z,drivers,drivers_by_observed_driver_number,"{""driver_number"": 38, ""session_key"": 11334}",0,http_429,"{""detail"":""Rate limit exceeded. Max 30 requests/minute."",""error"":""Too Many Requests""}",0.48
2026-08-23T08:54:34.251956Z,drivers,drivers_by_observed_driver_number,"{""driver_number"": 41, ""session_key"": 11334}",0,http_429,"{""detail"":""Rate limit exceeded. Max 30 requests/minute."",""error"":""Too Many Requests""}",0.501
2026-08-23T08:54:34.837960Z,drivers,drivers_by_observed_driver_number,"{""driver_number"": 43, ""session_key"": 11334}",0,http_429,"{""detail"":""Rate limit exceeded. Max 30 requests/minute."",""error"":""Too Many Requests""}",0.485
2026-08-23T08:54:35.437389Z,drivers,drivers_by_observed_driver_number,"{""driver_number"": 44, ""session_key"": 11334}",0,http_429,"{""detail"":""Rate limit exceeded. Max 30 requests/minute."",""error"":""Too Many Requests""}",0.498
2026-08-23T08:54:36.038859Z,drivers,drivers_by_observed_driver_number,"{""driver_number"": 46, ""session_key"": 11334}",0,http_429,"{""detail"":""Rate limit exceeded. Max 30 requests/minute."",""error"":""Too Many Requests""}",0.5
2026-08-23T08:54:36.628988Z,drivers,drivers_by_observed_driver_number,"{""driver_number"": 55, ""session_key"": 11334}",0,http_429,"{""detail"":""Rate limit exceeded. Max 30 requests/minute."",""error"":""Too Many Requests""}",0.489
2026-08-23T08:54:37.216478Z,drivers,drivers_by_observed_driver_number,"{""driver_number"": 63, ""session_key"": 11334}",0,http_429,"{""detail"":""Rate limit exceeded. Max 30 requests/minute."",""error"":""Too Many Requests""}",0.486
2026-08-23T08:54:37.801810Z,drivers,drivers_by_observed_driver_number,"{""driver_number"": 67, ""session_key"": 11334}",0,http_429,"{""detail"":""Rate limit exceeded. Max 30 requests/minute."",""error"":""Too Many Requests""}",0.484
2026-08-23T08:54:38.385802Z,drivers,drivers_by_observed_driver_number,"{""driver_number"": 72, ""session_key"": 11334}",0,http_429,"{""detail"":""Rate limit exceeded. Max 30 requests/minute."",""error"":""Too Many Requests""}",0.483
2026-08-23T08:54:38.971147Z,drivers,drivers_by_observed_driver_number,"{""driver_number"": 77, ""session_key"": 11334}",0,http_429,"{""detail"":""Rate limit exceeded. Max 30 requests/minute."",""error"":""Too Many Requests""}",0.484
2026-08-23T08:54:39.557964Z,drivers,drivers_by_observed_driver_number,"{""driver_number"": 81, ""session_key"": 11334}",0,http_429,"{""detail"":""Rate limit exceeded. Max 30 requests/minute."",""error"":""Too Many Requests""}",0.486
2026-08-23T08:54:40.140381Z,drivers,drivers_by_observed_driver_number,"{""driver_number"": 87, ""session_key"": 11334}",0,http_429,"{""detail"":""Rate limit exceeded. Max 30 requests/minute."",""error"":""Too Many Requests""}",0.481
2026-08-23T08:54:40.738666Z,drivers,drivers_by_observed_driver_number,"{""driver_number"": 97, ""session_key"": 11334}",0,http_429,"{""detail"":""Rate limit exceeded. Max 30 requests/minute."",""error"":""Too Many Requests""}",0.497
2026-08-23T08:54:41.324784Z,drivers,drivers_by_observed_driver_number,"{""driver_number"": 241, ""session_key"": 11334}",0,http_429,"{""detail"":""Rate limit exceeded. Max 30 requests/minute."",""error"":""Too Many Requests""}",0.485
2026-08-23T08:54:41.926251Z,drivers,drivers_by_observed_driver_number,"{""driver_number"": 243, ""session_key"": 11334}",0,http_429,"{""detail"":""Rate limit exceeded. Max 30 requests/minute."",""error"":""Too Many Requests""}",0.5
2026-08-23T08:54:42.511364Z,drivers,drivers_by_observed_driver_number,"{""driver_number"": 247, ""session_key"": 11334}",0,http_429,"{""detail"":""Rate limit exceeded. Max 30 requests/minute."",""error"":""Too Many Requests""}",0.484
2026-08-23T08:54:43.112230Z,team_radio,team_radio_by_session_key_opportunistic,"{""session_key"": 11334}",0,http_429,"{""detail"":""Rate limit exceeded. Max 30 requests/minute."",""error"":""Too Many Requests""}",0.499
2026-08-23T08:54:43.702801Z,weather,weather_by_session_key,"{""session_key"": 11335}",0,http_429,"{""detail"":""Rate limit exceeded. Max 30 requests/minute."",""error"":""Too Many Requests""}",0.489
2026-08-23T08:54:44.292519Z,race_control,race_control_by_session_key,"{""session_key"": 11335}",0,http_429,"{""detail"":""Rate limit exceeded. Max 30 requests/minute."",""error"":""Too Many Requests""}",0.488
2026-08-23T08:54:44.876925Z,intervals,intervals_by_session_key,"{""session_key"": 11335}",0,http_429,"{""detail"":""Rate limit exceeded. Max 30 requests/minute."",""error"":""Too Many Requests""}",0.483
2026-08-23T08:54:45.461739Z,position,position_by_session_key,"{""session_key"": 11335}",0,http_429,"{""detail"":""Rate limit exceeded. Max 30 requests/minute."",""error"":""Too Many Requests""}",0.484
2026-08-23T08:54:46.049727Z,position,position_by_meeting_key_fallback,"{""meeting_key"": 1291}",0,http_429,"{""detail"":""Rate limit exceeded. Max 30 requests/minute."",""error"":""Too Many Requests""}",0.487
2026-08-23T08:54:46.637087Z,stints,stints_by_session_key,"{""session_key"": 11335}",0,http_429,"{""detail"":""Rate limit exceeded. Max 30 requests/minute."",""error"":""Too Many Requests""}",0.486
2026-08-23T08:54:46.738373Z,pit,skip_non_race_like_session,"{""session_key"": 11335}",0,skipped_not_applicable,pit endpoint is only treated as required for race/sprint-like sessions,0.0
2026-08-23T08:54:47.241119Z,starting_grid,starting_grid_by_session_key,"{""session_key"": 11335}",0,http_429,"{""detail"":""Rate limit exceeded. Max 30 requests/minute."",""error"":""Too Many Requests""}",0.503
2026-08-23T08:54:47.825677Z,drivers,drivers_by_session_key,"{""session_key"": 11335}",0,http_429,"{""detail"":""Rate limit exceeded. Max 30 requests/minute."",""error"":""Too Many Requests""}",0.483
2026-08-23T08:54:48.459111Z,drivers,drivers_by_observed_driver_number,"{""driver_number"": 1, ""session_key"": 11335}",0,http_429,"{""detail"":""Rate limit exceeded. Max 30 requests/minute."",""error"":""Too Many Requests""}",0.502
2026-08-23T08:54:49.043331Z,drivers,drivers_by_observed_driver_number,"{""driver_number"": 3, ""session_key"": 11335}",0,http_429,"{""detail"":""Rate limit exceeded. Max 30 requests/minute."",""error"":""Too Many Requests""}",0.483
2026-08-23T08:54:49.644626Z,drivers,drivers_by_observed_driver_number,"{""driver_number"": 5, ""session_key"": 11335}",0,http_429,"{""detail"":""Rate limit exceeded. Max 30 requests/minute."",""error"":""Too Many Requests""}",0.5
2026-08-23T08:54:50.236090Z,drivers,drivers_by_observed_driver_number,"{""driver_number"": 6, ""session_key"": 11335}",0,http_429,"{""detail"":""Rate limit exceeded. Max 30 requests/minute."",""error"":""Too Many Requests""}",0.49
2026-08-23T08:54:50.823524Z,drivers,drivers_by_observed_driver_number,"{""driver_number"": 10, ""session_key"": 11335}",0,http_429,"{""detail"":""Rate limit exceeded. Max 30 requests/minute."",""error"":""Too Many Requests""}",0.486
2026-08-23T08:54:51.409714Z,drivers,drivers_by_observed_driver_number,"{""driver_number"": 11, ""session_key"": 11335}",0,http_429,"{""detail"":""Rate limit exceeded. Max 30 requests/minute."",""error"":""Too Many Requests""}",0.485
2026-08-23T08:54:51.995116Z,drivers,drivers_by_observed_driver_number,"{""driver_number"": 12, ""session_key"": 11335}",0,http_429,"{""detail"":""Rate limit exceeded. Max 30 requests/minute."",""error"":""Too Many Requests""}",0.484
2026-08-23T08:54:52.584780Z,drivers,drivers_by_observed_driver_number,"{""driver_number"": 14, ""session_key"": 11335}",0,http_429,"{""detail"":""Rate limit exceeded. Max 30 requests/minute."",""error"":""Too Many Requests""}",0.488
2026-08-23T08:54:53.168832Z,drivers,drivers_by_observed_driver_number,"{""driver_number"": 16, ""session_key"": 11335}",0,http_429,"{""detail"":""Rate limit exceeded. Max 30 requests/minute."",""error"":""Too Many Requests""}",0.483
2026-08-23T08:54:53.770262Z,drivers,drivers_by_observed_driver_number,"{""driver_number"": 18, ""session_key"": 11335}",0,http_429,"{""detail"":""Rate limit exceeded. Max 30 requests/minute."",""error"":""Too Many Requests""}",0.5
2026-08-23T08:54:54.356623Z,drivers,drivers_by_observed_driver_number,"{""driver_number"": 23, ""session_key"": 11335}",0,http_429,"{""detail"":""Rate limit exceeded. Max 30 requests/minute."",""error"":""Too Many Requests""}",0.485
2026-08-23T08:54:54.957226Z,drivers,drivers_by_observed_driver_number,"{""driver_number"": 25, ""session_key"": 11335}",0,http_429,"{""detail"":""Rate limit exceeded. Max 30 requests/minute."",""error"":""Too Many Requests""}",0.499
2026-08-23T08:54:55.541882Z,drivers,drivers_by_observed_driver_number,"{""driver_number"": 27, ""session_key"": 11335}",0,http_429,"{""detail"":""Rate limit exceeded. Max 30 requests/minute."",""error"":""Too Many Requests""}",0.484
2026-08-23T08:54:56.143902Z,drivers,drivers_by_observed_driver_number,"{""driver_number"": 30, ""session_key"": 11335}",0,http_429,"{""detail"":""Rate limit exceeded. Max 30 requests/minute."",""error"":""Too Many Requests""}",0.501
2026-08-23T08:54:56.733839Z,drivers,drivers_by_observed_driver_number,"{""driver_number"": 31, ""session_key"": 11335}",0,http_429,"{""detail"":""Rate limit exceeded. Max 30 requests/minute."",""error"":""Too Many Requests""}",0.489
2026-08-23T08:54:57.322372Z,drivers,drivers_by_observed_driver_number,"{""driver_number"": 34, ""session_key"": 11335}",0,http_429,"{""detail"":""Rate limit exceeded. Max 30 requests/minute."",""error"":""Too Many Requests""}",0.487
2026-08-23T08:54:57.907085Z,drivers,drivers_by_observed_driver_number,"{""driver_number"": 36, ""session_key"": 11335}",0,http_429,"{""detail"":""Rate limit exceeded. Max 30 requests/minute."",""error"":""Too Many Requests""}",0.484
2026-08-23T08:54:58.493782Z,drivers,drivers_by_observed_driver_number,"{""driver_number"": 38, ""session_key"": 11335}",0,http_429,"{""detail"":""Rate limit exceeded. Max 30 requests/minute."",""error"":""Too Many Requests""}",0.486
2026-08-23T08:54:59.083551Z,drivers,drivers_by_observed_driver_number,"{""driver_number"": 41, ""session_key"": 11335}",0,http_429,"{""detail"":""Rate limit exceeded. Max 30 requests/minute."",""error"":""Too Many Requests""}",0.489
2026-08-23T08:54:59.667223Z,drivers,drivers_by_observed_driver_number,"{""driver_number"": 43, ""session_key"": 11335}",0,http_429,"{""detail"":""Rate limit exceeded. Max 30 requests/minute."",""error"":""Too Many Requests""}",0.482
2026-08-23T08:55:00.275871Z,drivers,drivers_by_observed_driver_number,"{""driver_number"": 44, ""session_key"": 11335}",2,pass,,0.507
2026-08-23T08:55:00.864452Z,drivers,drivers_by_observed_driver_number,"{""driver_number"": 46, ""session_key"": 11335}",0,http_404,"{""detail"":""No results found.""}",0.487
2026-08-23T08:55:01.465765Z,drivers,drivers_by_observed_driver_number,"{""driver_number"": 55, ""session_key"": 11335}",1,pass,,0.5
2026-08-23T08:55:02.053959Z,drivers,drivers_by_observed_driver_number,"{""driver_number"": 63, ""session_key"": 11335}",2,pass,,0.487
2026-08-23T08:55:02.659151Z,drivers,drivers_by_observed_driver_number,"{""driver_number"": 67, ""session_key"": 11335}",1,pass,,0.504
2026-08-23T08:55:03.250182Z,drivers,drivers_by_observed_driver_number,"{""driver_number"": 72, ""session_key"": 11335}",1,pass,,0.49
2026-08-23T08:55:03.853956Z,drivers,drivers_by_observed_driver_number,"{""driver_number"": 77, ""session_key"": 11335}",1,pass,,0.502
2026-08-23T08:55:04.439687Z,drivers,drivers_by_observed_driver_number,"{""driver_number"": 81, ""session_key"": 11335}",1,pass,,0.485
2026-08-23T08:55:05.025932Z,drivers,drivers_by_observed_driver_number,"{""driver_number"": 87, ""session_key"": 11335}",1,pass,,0.485
2026-08-23T08:55:05.616901Z,drivers,drivers_by_observed_driver_number,"{""driver_number"": 97, ""session_key"": 11335}",0,http_404,"{""detail"":""No results found.""}",0.49
2026-08-23T08:55:06.202182Z,drivers,drivers_by_observed_driver_number,"{""driver_number"": 241, ""session_key"": 11335}",0,http_404,"{""detail"":""No results found.""}",0.484
2026-08-23T08:55:06.804910Z,drivers,drivers_by_observed_driver_number,"{""driver_number"": 243, ""session_key"": 11335}",0,http_404,"{""detail"":""No results found.""}",0.501
2026-08-23T08:55:07.392941Z,drivers,drivers_by_observed_driver_number,"{""driver_number"": 247, ""session_key"": 11335}",0,http_404,"{""detail"":""No results found.""}",0.487
2026-08-23T08:55:07.998629Z,team_radio,team_radio_by_session_key_opportunistic,"{""session_key"": 11335}",15,pass,,0.501
2026-08-23T08:55:08.590154Z,weather,weather_by_session_key,"{""session_key"": 11336}",82,pass,,0.49
2026-08-23T08:55:09.198248Z,race_control,race_control_by_session_key,"{""session_key"": 11336}",72,pass,,0.506
2026-08-23T08:55:09.788916Z,intervals,intervals_by_session_key,"{""session_key"": 11336}",0,http_404,"{""detail"":""No results found.""}",0.489
2026-08-23T08:55:10.402765Z,position,position_by_session_key,"{""session_key"": 11336}",608,pass,,0.513
2026-08-23T08:55:10.995618Z,stints,stints_by_session_key,"{""session_key"": 11336}",93,pass,,0.491
2026-08-23T08:55:11.097654Z,pit,skip_non_race_like_session,"{""session_key"": 11336}",0,skipped_not_applicable,pit endpoint is only treated as required for race/sprint-like sessions,0.0
2026-08-23T08:55:11.586271Z,starting_grid,starting_grid_by_session_key,"{""session_key"": 11336}",0,http_404,"{""detail"":""No results found.""}",0.489
2026-08-23T08:55:12.179762Z,drivers,drivers_by_session_key,"{""session_key"": 11336}",22,pass,,0.492
2026-08-23T08:55:12.766359Z,team_radio,team_radio_by_session_key_opportunistic,"{""session_key"": 11336}",7,pass,,0.484
2026-08-23T08:55:13.372185Z,weather,weather_by_session_key,"{""session_key"": 11337}",80,pass,,0.504
2026-08-23T08:55:13.962677Z,race_control,race_control_by_session_key,"{""session_key"": 11337}",67,pass,,0.489
2026-08-23T08:55:14.564179Z,intervals,intervals_by_session_key,"{""session_key"": 11337}",0,http_404,"{""detail"":""No results found.""}",0.5
2026-08-23T08:55:15.169628Z,position,position_by_session_key,"{""session_key"": 11337}",513,pass,,0.504
2026-08-23T08:55:15.775886Z,stints,stints_by_session_key,"{""session_key"": 11337}",89,pass,,0.504
2026-08-23T08:55:15.877908Z,pit,skip_non_race_like_session,"{""session_key"": 11337}",0,skipped_not_applicable,pit endpoint is only treated as required for race/sprint-like sessions,0.0
2026-08-23T08:55:16.369502Z,starting_grid,starting_grid_by_session_key,"{""session_key"": 11337}",0,http_404,"{""detail"":""No results found.""}",0.491
2026-08-23T08:55:16.969286Z,drivers,drivers_by_session_key,"{""session_key"": 11337}",22,pass,,0.499
2026-08-23T08:55:17.554655Z,team_radio,team_radio_by_session_key_opportunistic,"{""session_key"": 11337}",7,pass,,0.483
2026-08-23T08:55:18.140012Z,weather,weather_by_session_key,"{""session_key"": 11338}",0,http_429,"{""detail"":""Rate limit exceeded. Max 30 requests/minute."",""error"":""Too Many Requests""}",0.483
2026-08-23T08:55:18.726381Z,race_control,race_control_by_session_key,"{""session_key"": 11338}",0,http_429,"{""detail"":""Rate limit exceeded. Max 30 requests/minute."",""error"":""Too Many Requests""}",0.485
2026-08-23T08:55:19.309250Z,intervals,intervals_by_session_key,"{""session_key"": 11338}",0,http_429,"{""detail"":""Rate limit exceeded. Max 30 requests/minute."",""error"":""Too Many Requests""}",0.482
2026-08-23T08:55:19.908089Z,position,position_by_session_key,"{""session_key"": 11338}",0,http_429,"{""detail"":""Rate limit exceeded. Max 30 requests/minute."",""error"":""Too Many Requests""}",0.497
2026-08-23T08:55:20.493094Z,position,position_by_meeting_key_fallback,"{""meeting_key"": 1291}",0,http_429,"{""detail"":""Rate limit exceeded. Max 30 requests/minute."",""error"":""Too Many Requests""}",0.484
2026-08-23T08:55:21.092081Z,stints,stints_by_session_key,"{""session_key"": 11338}",0,http_429,"{""detail"":""Rate limit exceeded. Max 30 requests/minute."",""error"":""Too Many Requests""}",0.498
2026-08-23T08:55:21.193332Z,pit,skip_non_race_like_session,"{""session_key"": 11338}",0,skipped_not_applicable,pit endpoint is only treated as required for race/sprint-like sessions,0.0
2026-08-23T08:55:21.684007Z,starting_grid,starting_grid_by_session_key,"{""session_key"": 11338}",0,http_429,"{""detail"":""Rate limit exceeded. Max 30 requests/minute."",""error"":""Too Many Requests""}",0.49
2026-08-23T08:55:22.283670Z,drivers,drivers_by_session_key,"{""session_key"": 11338}",0,http_429,"{""detail"":""Rate limit exceeded. Max 30 requests/minute."",""error"":""Too Many Requests""}",0.498
2026-08-23T08:55:22.903649Z,drivers,drivers_by_observed_driver_number,"{""driver_number"": 1, ""session_key"": 11338}",0,http_429,"{""detail"":""Rate limit exceeded. Max 30 requests/minute."",""error"":""Too Many Requests""}",0.488
2026-08-23T08:55:23.490890Z,drivers,drivers_by_observed_driver_number,"{""driver_number"": 3, ""session_key"": 11338}",0,http_429,"{""detail"":""Rate limit exceeded. Max 30 requests/minute."",""error"":""Too Many Requests""}",0.486
2026-08-23T08:55:24.074234Z,drivers,drivers_by_observed_driver_number,"{""driver_number"": 5, ""session_key"": 11338}",0,http_429,"{""detail"":""Rate limit exceeded. Max 30 requests/minute."",""error"":""Too Many Requests""}",0.482
2026-08-23T08:55:24.659875Z,drivers,drivers_by_observed_driver_number,"{""driver_number"": 6, ""session_key"": 11338}",0,http_429,"{""detail"":""Rate limit exceeded. Max 30 requests/minute."",""error"":""Too Many Requests""}",0.484
2026-08-23T08:55:25.247551Z,drivers,drivers_by_observed_driver_number,"{""driver_number"": 10, ""session_key"": 11338}",0,http_429,"{""detail"":""Rate limit exceeded. Max 30 requests/minute."",""error"":""Too Many Requests""}",0.487
2026-08-23T08:55:25.832146Z,drivers,drivers_by_observed_driver_number,"{""driver_number"": 11, ""session_key"": 11338}",0,http_429,"{""detail"":""Rate limit exceeded. Max 30 requests/minute."",""error"":""Too Many Requests""}",0.483
2026-08-23T08:55:26.431672Z,drivers,drivers_by_observed_driver_number,"{""driver_number"": 12, ""session_key"": 11338}",0,http_429,"{""detail"":""Rate limit exceeded. Max 30 requests/minute."",""error"":""Too Many Requests""}",0.498
2026-08-23T08:55:27.016747Z,drivers,drivers_by_observed_driver_number,"{""driver_number"": 14, ""session_key"": 11338}",0,http_429,"{""detail"":""Rate limit exceeded. Max 30 requests/minute."",""error"":""Too Many Requests""}",0.484
2026-08-23T08:55:27.615317Z,drivers,drivers_by_observed_driver_number,"{""driver_number"": 16, ""session_key"": 11338}",0,http_429,"{""detail"":""Rate limit exceeded. Max 30 requests/minute."",""error"":""Too Many Requests""}",0.497
2026-08-23T08:55:28.199619Z,drivers,drivers_by_observed_driver_number,"{""driver_number"": 18, ""session_key"": 11338}",0,http_429,"{""detail"":""Rate limit exceeded. Max 30 requests/minute."",""error"":""Too Many Requests""}",0.483
2026-08-23T08:55:28.799459Z,drivers,drivers_by_observed_driver_number,"{""driver_number"": 23, ""session_key"": 11338}",0,http_429,"{""detail"":""Rate limit exceeded. Max 30 requests/minute."",""error"":""Too Many Requests""}",0.499
2026-08-23T08:55:29.390589Z,drivers,drivers_by_observed_driver_number,"{""driver_number"": 25, ""session_key"": 11338}",0,http_429,"{""detail"":""Rate limit exceeded. Max 30 requests/minute."",""error"":""Too Many Requests""}",0.49
2026-08-23T08:55:29.978885Z,drivers,drivers_by_observed_driver_number,"{""driver_number"": 27, ""session_key"": 11338}",0,http_429,"{""detail"":""Rate limit exceeded. Max 30 requests/minute."",""error"":""Too Many Requests""}",0.487
2026-08-23T08:55:30.562032Z,drivers,drivers_by_observed_driver_number,"{""driver_number"": 30, ""session_key"": 11338}",0,http_429,"{""detail"":""Rate limit exceeded. Max 30 requests/minute."",""error"":""Too Many Requests""}",0.482
2026-08-23T08:55:31.145372Z,drivers,drivers_by_observed_driver_number,"{""driver_number"": 31, ""session_key"": 11338}",0,http_429,"{""detail"":""Rate limit exceeded. Max 30 requests/minute."",""error"":""Too Many Requests""}",0.482
2026-08-23T08:55:31.734189Z,drivers,drivers_by_observed_driver_number,"{""driver_number"": 34, ""session_key"": 11338}",0,http_429,"{""detail"":""Rate limit exceeded. Max 30 requests/minute."",""error"":""Too Many Requests""}",0.487
2026-08-23T08:55:32.318694Z,drivers,drivers_by_observed_driver_number,"{""driver_number"": 36, ""session_key"": 11338}",0,http_429,"{""detail"":""Rate limit exceeded. Max 30 requests/minute."",""error"":""Too Many Requests""}",0.483
2026-08-23T08:55:32.919707Z,drivers,drivers_by_observed_driver_number,"{""driver_number"": 38, ""session_key"": 11338}",0,http_429,"{""detail"":""Rate limit exceeded. Max 30 requests/minute."",""error"":""Too Many Requests""}",0.5
2026-08-23T08:55:33.505618Z,drivers,drivers_by_observed_driver_number,"{""driver_number"": 41, ""session_key"": 11338}",0,http_429,"{""detail"":""Rate limit exceeded. Max 30 requests/minute."",""error"":""Too Many Requests""}",0.485
2026-08-23T08:55:34.105025Z,drivers,drivers_by_observed_driver_number,"{""driver_number"": 43, ""session_key"": 11338}",0,http_429,"{""detail"":""Rate limit exceeded. Max 30 requests/minute."",""error"":""Too Many Requests""}",0.498
2026-08-23T08:55:34.688816Z,drivers,drivers_by_observed_driver_number,"{""driver_number"": 44, ""session_key"": 11338}",0,http_429,"{""detail"":""Rate limit exceeded. Max 30 requests/minute."",""error"":""Too Many Requests""}",0.482
2026-08-23T08:55:35.289392Z,drivers,drivers_by_observed_driver_number,"{""driver_number"": 46, ""session_key"": 11338}",0,http_429,"{""detail"":""Rate limit exceeded. Max 30 requests/minute."",""error"":""Too Many Requests""}",0.499
2026-08-23T08:55:35.879113Z,drivers,drivers_by_observed_driver_number,"{""driver_number"": 50, ""session_key"": 11338}",0,http_429,"{""detail"":""Rate limit exceeded. Max 30 requests/minute."",""error"":""Too Many Requests""}",0.488
2026-08-23T08:55:36.469136Z,drivers,drivers_by_observed_driver_number,"{""driver_number"": 55, ""session_key"": 11338}",0,http_429,"{""detail"":""Rate limit exceeded. Max 30 requests/minute."",""error"":""Too Many Requests""}",0.489
2026-08-23T08:55:37.059146Z,drivers,drivers_by_observed_driver_number,"{""driver_number"": 63, ""session_key"": 11338}",0,http_429,"{""detail"":""Rate limit exceeded. Max 30 requests/minute."",""error"":""Too Many Requests""}",0.489
2026-08-23T08:55:37.642022Z,drivers,drivers_by_observed_driver_number,"{""driver_number"": 67, ""session_key"": 11338}",0,http_429,"{""detail"":""Rate limit exceeded. Max 30 requests/minute."",""error"":""Too Many Requests""}",0.482
2026-08-23T08:55:38.230484Z,drivers,drivers_by_observed_driver_number,"{""driver_number"": 72, ""session_key"": 11338}",0,http_429,"{""detail"":""Rate limit exceeded. Max 30 requests/minute."",""error"":""Too Many Requests""}",0.487
2026-08-23T08:55:38.813691Z,drivers,drivers_by_observed_driver_number,"{""driver_number"": 77, ""session_key"": 11338}",0,http_429,"{""detail"":""Rate limit exceeded. Max 30 requests/minute."",""error"":""Too Many Requests""}",0.482
2026-08-23T08:55:39.415259Z,drivers,drivers_by_observed_driver_number,"{""driver_number"": 81, ""session_key"": 11338}",0,http_429,"{""detail"":""Rate limit exceeded. Max 30 requests/minute."",""error"":""Too Many Requests""}",0.5
2026-08-23T08:55:39.999726Z,drivers,drivers_by_observed_driver_number,"{""driver_number"": 87, ""session_key"": 11338}",0,http_429,"{""detail"":""Rate limit exceeded. Max 30 requests/minute."",""error"":""Too Many Requests""}",0.483
2026-08-23T08:55:40.603157Z,drivers,drivers_by_observed_driver_number,"{""driver_number"": 97, ""session_key"": 11338}",0,http_429,"{""detail"":""Rate limit exceeded. Max 30 requests/minute."",""error"":""Too Many Requests""}",0.502
2026-08-23T08:55:41.186022Z,drivers,drivers_by_observed_driver_number,"{""driver_number"": 241, ""session_key"": 11338}",0,http_429,"{""detail"":""Rate limit exceeded. Max 30 requests/minute."",""error"":""Too Many Requests""}",0.482
2026-08-23T08:55:41.787346Z,drivers,drivers_by_observed_driver_number,"{""driver_number"": 243, ""session_key"": 11338}",0,http_429,"{""detail"":""Rate limit exceeded. Max 30 requests/minute."",""error"":""Too Many Requests""}",0.5
2026-08-23T08:55:42.379113Z,drivers,drivers_by_observed_driver_number,"{""driver_number"": 247, ""session_key"": 11338}",0,http_429,"{""detail"":""Rate limit exceeded. Max 30 requests/minute."",""error"":""Too Many Requests""}",0.491
2026-08-23T08:55:42.968807Z,team_radio,team_radio_by_session_key_opportunistic,"{""session_key"": 11338}",0,http_429,"{""detail"":""Rate limit exceeded. Max 30 requests/minute."",""error"":""Too Many Requests""}",0.488
2026-08-23T08:55:43.642275Z,weather,weather_by_session_key,"{""session_key"": 11342}",0,http_429,"{""detail"":""Rate limit exceeded. Max 30 requests/minute."",""error"":""Too Many Requests""}",0.572
2026-08-23T08:55:44.225921Z,race_control,race_control_by_session_key,"{""session_key"": 11342}",0,http_429,"{""detail"":""Rate limit exceeded. Max 30 requests/minute."",""error"":""Too Many Requests""}",0.482
2026-08-23T08:55:44.814938Z,intervals,intervals_by_session_key,"{""session_key"": 11342}",0,http_429,"{""detail"":""Rate limit exceeded. Max 30 requests/minute."",""error"":""Too Many Requests""}",0.488
2026-08-23T08:55:45.399691Z,position,position_by_session_key,"{""session_key"": 11342}",0,http_429,"{""detail"":""Rate limit exceeded. Max 30 requests/minute."",""error"":""Too Many Requests""}",0.483
2026-08-23T08:55:46.002414Z,position,position_by_meeting_key_fallback,"{""meeting_key"": 1291}",0,http_429,"{""detail"":""Rate limit exceeded. Max 30 requests/minute."",""error"":""Too Many Requests""}",0.502
2026-08-23T08:55:46.644409Z,stints,stints_by_session_key,"{""session_key"": 11342}",0,http_429,"{""detail"":""Rate limit exceeded. Max 30 requests/minute."",""error"":""Too Many Requests""}",0.541
2026-08-23T08:55:47.332912Z,pit,pit_by_session_key,"{""session_key"": 11342}",0,http_429,"{""detail"":""Rate limit exceeded. Max 30 requests/minute."",""error"":""Too Many Requests""}",0.587
2026-08-23T08:55:48.227041Z,starting_grid,starting_grid_by_session_key,"{""session_key"": 11342}",0,http_429,"{""detail"":""Rate limit exceeded. Max 30 requests/minute."",""error"":""Too Many Requests""}",0.793
2026-08-23T08:55:49.041568Z,drivers,drivers_by_session_key,"{""session_key"": 11342}",0,http_429,"{""detail"":""Rate limit exceeded. Max 30 requests/minute."",""error"":""Too Many Requests""}",0.713
2026-08-23T08:55:49.663062Z,drivers,drivers_by_observed_driver_number,"{""driver_number"": 1, ""session_key"": 11342}",0,http_429,"{""detail"":""Rate limit exceeded. Max 30 requests/minute."",""error"":""Too Many Requests""}",0.489
2026-08-23T08:55:50.502388Z,drivers,drivers_by_observed_driver_number,"{""driver_number"": 3, ""session_key"": 11342}",0,http_429,"{""detail"":""Rate limit exceeded. Max 30 requests/minute."",""error"":""Too Many Requests""}",0.738
2026-08-23T08:55:51.377203Z,drivers,drivers_by_observed_driver_number,"{""driver_number"": 5, ""session_key"": 11342}",0,http_429,"{""detail"":""Rate limit exceeded. Max 30 requests/minute."",""error"":""Too Many Requests""}",0.774
2026-08-23T08:55:52.013266Z,drivers,drivers_by_observed_driver_number,"{""driver_number"": 6, ""session_key"": 11342}",0,http_429,"{""detail"":""Rate limit exceeded. Max 30 requests/minute."",""error"":""Too Many Requests""}",0.535
2026-08-23T08:55:52.614562Z,drivers,drivers_by_observed_driver_number,"{""driver_number"": 10, ""session_key"": 11342}",0,http_429,"{""detail"":""Rate limit exceeded. Max 30 requests/minute."",""error"":""Too Many Requests""}",0.5
2026-08-23T08:55:53.202808Z,drivers,drivers_by_observed_driver_number,"{""driver_number"": 11, ""session_key"": 11342}",0,http_429,"{""detail"":""Rate limit exceeded. Max 30 requests/minute."",""error"":""Too Many Requests""}",0.487
2026-08-23T08:55:53.806119Z,drivers,drivers_by_observed_driver_number,"{""driver_number"": 12, ""session_key"": 11342}",0,http_429,"{""detail"":""Rate limit exceeded. Max 30 requests/minute."",""error"":""Too Many Requests""}",0.502
2026-08-23T08:55:54.614377Z,drivers,drivers_by_observed_driver_number,"{""driver_number"": 14, ""session_key"": 11342}",0,http_429,"{""detail"":""Rate limit exceeded. Max 30 requests/minute."",""error"":""Too Many Requests""}",0.707
2026-08-23T08:55:55.438127Z,drivers,drivers_by_observed_driver_number,"{""driver_number"": 16, ""session_key"": 11342}",0,http_429,"{""detail"":""Rate limit exceeded. Max 30 requests/minute."",""error"":""Too Many Requests""}",0.723
2026-08-23T08:55:56.028565Z,drivers,drivers_by_observed_driver_number,"{""driver_number"": 18, ""session_key"": 11342}",0,http_429,"{""detail"":""Rate limit exceeded. Max 30 requests/minute."",""error"":""Too Many Requests""}",0.489
2026-08-23T08:55:56.690841Z,drivers,drivers_by_observed_driver_number,"{""driver_number"": 23, ""session_key"": 11342}",0,http_429,"{""detail"":""Rate limit exceeded. Max 30 requests/minute."",""error"":""Too Many Requests""}",0.561
2026-08-23T08:55:57.289968Z,drivers,drivers_by_observed_driver_number,"{""driver_number"": 25, ""session_key"": 11342}",0,http_429,"{""detail"":""Rate limit exceeded. Max 30 requests/minute."",""error"":""Too Many Requests""}",0.498
2026-08-23T08:55:57.940660Z,drivers,drivers_by_observed_driver_number,"{""driver_number"": 27, ""session_key"": 11342}",0,http_429,"{""detail"":""Rate limit exceeded. Max 30 requests/minute."",""error"":""Too Many Requests""}",0.549
2026-08-23T08:55:58.588768Z,drivers,drivers_by_observed_driver_number,"{""driver_number"": 30, ""session_key"": 11342}",0,http_429,"{""detail"":""Rate limit exceeded. Max 30 requests/minute."",""error"":""Too Many Requests""}",0.547
2026-08-23T08:55:59.401144Z,drivers,drivers_by_observed_driver_number,"{""driver_number"": 31, ""session_key"": 11342}",0,http_429,"{""detail"":""Rate limit exceeded. Max 30 requests/minute."",""error"":""Too Many Requests""}",0.711
2026-08-23T08:56:00.200734Z,drivers,drivers_by_observed_driver_number,"{""driver_number"": 34, ""session_key"": 11342}",0,http_404,"{""detail"":""No results found.""}",0.698
2026-08-23T08:56:00.802791Z,drivers,drivers_by_observed_driver_number,"{""driver_number"": 36, ""session_key"": 11342}",0,http_404,"{""detail"":""No results found.""}",0.501
2026-08-23T08:56:01.390204Z,drivers,drivers_by_observed_driver_number,"{""driver_number"": 38, ""session_key"": 11342}",0,http_404,"{""detail"":""No results found.""}",0.486
2026-08-23T08:56:01.993863Z,drivers,drivers_by_observed_driver_number,"{""driver_number"": 41, ""session_key"": 11342}",2,pass,,0.502
2026-08-23T08:56:02.834753Z,drivers,drivers_by_observed_driver_number,"{""driver_number"": 43, ""session_key"": 11342}",2,pass,,0.74
2026-08-23T08:56:03.438628Z,drivers,drivers_by_observed_driver_number,"{""driver_number"": 44, ""session_key"": 11342}",2,pass,,0.503
2026-08-23T08:56:04.301546Z,drivers,drivers_by_observed_driver_number,"{""driver_number"": 46, ""session_key"": 11342}",0,http_404,"{""detail"":""No results found.""}",0.762
2026-08-23T08:56:04.885924Z,drivers,drivers_by_observed_driver_number,"{""driver_number"": 50, ""session_key"": 11342}",0,http_404,"{""detail"":""No results found.""}",0.483
2026-08-23T08:56:05.477544Z,drivers,drivers_by_observed_driver_number,"{""driver_number"": 55, ""session_key"": 11342}",1,pass,,0.49
2026-08-23T08:56:06.081520Z,drivers,drivers_by_observed_driver_number,"{""driver_number"": 63, ""session_key"": 11342}",2,pass,,0.503
2026-08-23T08:56:06.943952Z,drivers,drivers_by_observed_driver_number,"{""driver_number"": 67, ""session_key"": 11342}",0,http_404,"{""detail"":""No results found.""}",0.761
2026-08-23T08:56:07.547861Z,drivers,drivers_by_observed_driver_number,"{""driver_number"": 72, ""session_key"": 11342}",0,http_404,"{""detail"":""No results found.""}",0.503
2026-08-23T08:56:08.132681Z,drivers,drivers_by_observed_driver_number,"{""driver_number"": 77, ""session_key"": 11342}",2,pass,,0.484
2026-08-23T08:56:08.739208Z,drivers,drivers_by_observed_driver_number,"{""driver_number"": 81, ""session_key"": 11342}",2,pass,,0.505
2026-08-23T08:56:09.330382Z,drivers,drivers_by_observed_driver_number,"{""driver_number"": 87, ""session_key"": 11342}",2,pass,,0.49
2026-08-23T08:56:09.933018Z,drivers,drivers_by_observed_driver_number,"{""driver_number"": 97, ""session_key"": 11342}",0,http_404,"{""detail"":""No results found.""}",0.501
2026-08-23T08:56:10.524618Z,drivers,drivers_by_observed_driver_number,"{""driver_number"": 241, ""session_key"": 11342}",0,http_404,"{""detail"":""No results found.""}",0.49
2026-08-23T08:56:11.113521Z,drivers,drivers_by_observed_driver_number,"{""driver_number"": 243, ""session_key"": 11342}",0,http_404,"{""detail"":""No results found.""}",0.488
2026-08-23T08:56:11.698974Z,drivers,drivers_by_observed_driver_number,"{""driver_number"": 247, ""session_key"": 11342}",0,http_404,"{""detail"":""No results found.""}",0.484
2026-08-23T08:56:12.297197Z,team_radio,team_radio_by_session_key_opportunistic,"{""session_key"": 11342}",36,pass,,0.494
2026-08-23T08:56:12.907540Z,weather,weather_by_session_key,"{""session_key"": 11343}",82,pass,,0.508
2026-08-23T08:56:13.587778Z,race_control,race_control_by_session_key,"{""session_key"": 11343}",68,pass,,0.578
2026-08-23T08:56:14.187980Z,intervals,intervals_by_session_key,"{""session_key"": 11343}",0,http_404,"{""detail"":""No results found.""}",0.498
2026-08-23T08:56:14.797249Z,position,position_by_session_key,"{""session_key"": 11343}",803,pass,,0.508
2026-08-23T08:56:15.403948Z,stints,stints_by_session_key,"{""session_key"": 11343}",97,pass,,0.505
2026-08-23T08:56:15.505972Z,pit,skip_non_race_like_session,"{""session_key"": 11343}",0,skipped_not_applicable,pit endpoint is only treated as required for race/sprint-like sessions,0.0
2026-08-23T08:56:15.995550Z,starting_grid,starting_grid_by_session_key,"{""session_key"": 11343}",0,http_404,"{""detail"":""No results found.""}",0.489
2026-08-23T08:56:16.599284Z,drivers,drivers_by_session_key,"{""session_key"": 11343}",22,pass,,0.502
2026-08-23T08:56:17.191228Z,team_radio,team_radio_by_session_key_opportunistic,"{""session_key"": 11343}",8,pass,,0.49
2026-08-23T08:56:17.783646Z,weather,weather_by_session_key,"{""session_key"": 11344}",62,pass,,0.49
2026-08-23T08:56:18.372400Z,race_control,race_control_by_session_key,"{""session_key"": 11344}",62,pass,,0.487
2026-08-23T08:56:18.960039Z,intervals,intervals_by_session_key,"{""session_key"": 11344}",0,http_429,"{""detail"":""Rate limit exceeded. Max 30 requests/minute."",""error"":""Too Many Requests""}",0.486
2026-08-23T08:56:19.561685Z,position,position_by_session_key,"{""session_key"": 11344}",0,http_429,"{""detail"":""Rate limit exceeded. Max 30 requests/minute."",""error"":""Too Many Requests""}",0.5
2026-08-23T08:56:20.145595Z,position,position_by_meeting_key_fallback,"{""meeting_key"": 1292}",0,http_429,"{""detail"":""Rate limit exceeded. Max 30 requests/minute."",""error"":""Too Many Requests""}",0.483
2026-08-23T08:56:20.745756Z,stints,stints_by_session_key,"{""session_key"": 11344}",0,http_429,"{""detail"":""Rate limit exceeded. Max 30 requests/minute."",""error"":""Too Many Requests""}",0.499
2026-08-23T08:56:21.329215Z,pit,pit_by_session_key,"{""session_key"": 11344}",0,http_429,"{""detail"":""Rate limit exceeded. Max 30 requests/minute."",""error"":""Too Many Requests""}",0.482
2026-08-23T08:56:21.929836Z,starting_grid,starting_grid_by_session_key,"{""session_key"": 11344}",0,http_429,"{""detail"":""Rate limit exceeded. Max 30 requests/minute."",""error"":""Too Many Requests""}",0.499
2026-08-23T08:56:22.519594Z,drivers,drivers_by_session_key,"{""session_key"": 11344}",0,http_429,"{""detail"":""Rate limit exceeded. Max 30 requests/minute."",""error"":""Too Many Requests""}",0.488
2026-08-23T08:56:23.150797Z,drivers,drivers_by_observed_driver_number,"{""driver_number"": 1, ""session_key"": 11344}",0,http_429,"{""detail"":""Rate limit exceeded. Max 30 requests/minute."",""error"":""Too Many Requests""}",0.498
2026-08-23T08:56:23.739792Z,drivers,drivers_by_observed_driver_number,"{""driver_number"": 3, ""session_key"": 11344}",0,http_429,"{""detail"":""Rate limit exceeded. Max 30 requests/minute."",""error"":""Too Many Requests""}",0.488
2026-08-23T08:56:24.327658Z,drivers,drivers_by_observed_driver_number,"{""driver_number"": 5, ""session_key"": 11344}",0,http_429,"{""detail"":""Rate limit exceeded. Max 30 requests/minute."",""error"":""Too Many Requests""}",0.487
2026-08-23T08:56:24.913405Z,drivers,drivers_by_observed_driver_number,"{""driver_number"": 6, ""session_key"": 11344}",0,http_429,"{""detail"":""Rate limit exceeded. Max 30 requests/minute."",""error"":""Too Many Requests""}",0.485
2026-08-23T08:56:25.504708Z,drivers,drivers_by_observed_driver_number,"{""driver_number"": 10, ""session_key"": 11344}",0,http_429,"{""detail"":""Rate limit exceeded. Max 30 requests/minute."",""error"":""Too Many Requests""}",0.49
2026-08-23T08:56:26.107774Z,drivers,drivers_by_observed_driver_number,"{""driver_number"": 11, ""session_key"": 11344}",0,http_429,"{""detail"":""Rate limit exceeded. Max 30 requests/minute."",""error"":""Too Many Requests""}",0.502
2026-08-23T08:56:26.693821Z,drivers,drivers_by_observed_driver_number,"{""driver_number"": 12, ""session_key"": 11344}",0,http_429,"{""detail"":""Rate limit exceeded. Max 30 requests/minute."",""error"":""Too Many Requests""}",0.485
2026-08-23T08:56:27.294090Z,drivers,drivers_by_observed_driver_number,"{""driver_number"": 14, ""session_key"": 11344}",0,http_429,"{""detail"":""Rate limit exceeded. Max 30 requests/minute."",""error"":""Too Many Requests""}",0.499
2026-08-23T08:56:27.877606Z,drivers,drivers_by_observed_driver_number,"{""driver_number"": 16, ""session_key"": 11344}",0,http_429,"{""detail"":""Rate limit exceeded. Max 30 requests/minute."",""error"":""Too Many Requests""}",0.482
2026-08-23T08:56:28.477080Z,drivers,drivers_by_observed_driver_number,"{""driver_number"": 18, ""session_key"": 11344}",0,http_429,"{""detail"":""Rate limit exceeded. Max 30 requests/minute."",""error"":""Too Many Requests""}",0.498
2026-08-23T08:56:29.070073Z,drivers,drivers_by_observed_driver_number,"{""driver_number"": 22, ""session_key"": 11344}",0,http_429,"{""detail"":""Rate limit exceeded. Max 30 requests/minute."",""error"":""Too Many Requests""}",0.492
2026-08-23T08:56:29.670907Z,drivers,drivers_by_observed_driver_number,"{""driver_number"": 23, ""session_key"": 11344}",0,http_429,"{""detail"":""Rate limit exceeded. Max 30 requests/minute."",""error"":""Too Many Requests""}",0.499
2026-08-23T08:56:30.259759Z,drivers,drivers_by_observed_driver_number,"{""driver_number"": 25, ""session_key"": 11344}",0,http_429,"{""detail"":""Rate limit exceeded. Max 30 requests/minute."",""error"":""Too Many Requests""}",0.488
2026-08-23T08:56:30.846620Z,drivers,drivers_by_observed_driver_number,"{""driver_number"": 27, ""session_key"": 11344}",0,http_429,"{""detail"":""Rate limit exceeded. Max 30 requests/minute."",""error"":""Too Many Requests""}",0.486
2026-08-23T08:56:31.430932Z,drivers,drivers_by_observed_driver_number,"{""driver_number"": 30, ""session_key"": 11344}",0,http_429,"{""detail"":""Rate limit exceeded. Max 30 requests/minute."",""error"":""Too Many Requests""}",0.483
2026-08-23T08:56:32.025109Z,drivers,drivers_by_observed_driver_number,"{""driver_number"": 31, ""session_key"": 11344}",0,http_429,"{""detail"":""Rate limit exceeded. Max 30 requests/minute."",""error"":""Too Many Requests""}",0.493
2026-08-23T08:56:32.627138Z,drivers,drivers_by_observed_driver_number,"{""driver_number"": 34, ""session_key"": 11344}",0,http_429,"{""detail"":""Rate limit exceeded. Max 30 requests/minute."",""error"":""Too Many Requests""}",0.501
2026-08-23T08:56:33.213096Z,drivers,drivers_by_observed_driver_number,"{""driver_number"": 36, ""session_key"": 11344}",0,http_429,"{""detail"":""Rate limit exceeded. Max 30 requests/minute."",""error"":""Too Many Requests""}",0.485
2026-08-23T08:56:33.814648Z,drivers,drivers_by_observed_driver_number,"{""driver_number"": 38, ""session_key"": 11344}",0,http_429,"{""detail"":""Rate limit exceeded. Max 30 requests/minute."",""error"":""Too Many Requests""}",0.5
2026-08-23T08:56:34.401558Z,drivers,drivers_by_observed_driver_number,"{""driver_number"": 41, ""session_key"": 11344}",0,http_429,"{""detail"":""Rate limit exceeded. Max 30 requests/minute."",""error"":""Too Many Requests""}",0.486
2026-08-23T08:56:35.002337Z,drivers,drivers_by_observed_driver_number,"{""driver_number"": 43, ""session_key"": 11344}",0,http_429,"{""detail"":""Rate limit exceeded. Max 30 requests/minute."",""error"":""Too Many Requests""}",0.5
2026-08-23T08:56:35.596114Z,drivers,drivers_by_observed_driver_number,"{""driver_number"": 44, ""session_key"": 11344}",0,http_429,"{""detail"":""Rate limit exceeded. Max 30 requests/minute."",""error"":""Too Many Requests""}",0.493
2026-08-23T08:56:36.196691Z,drivers,drivers_by_observed_driver_number,"{""driver_number"": 46, ""session_key"": 11344}",0,http_429,"{""detail"":""Rate limit exceeded. Max 30 requests/minute."",""error"":""Too Many Requests""}",0.499
2026-08-23T08:56:36.788072Z,drivers,drivers_by_observed_driver_number,"{""driver_number"": 50, ""session_key"": 11344}",0,http_429,"{""detail"":""Rate limit exceeded. Max 30 requests/minute."",""error"":""Too Many Requests""}",0.49
2026-08-23T08:56:37.376666Z,drivers,drivers_by_observed_driver_number,"{""driver_number"": 55, ""session_key"": 11344}",0,http_429,"{""detail"":""Rate limit exceeded. Max 30 requests/minute."",""error"":""Too Many Requests""}",0.487
2026-08-23T08:56:37.959467Z,drivers,drivers_by_observed_driver_number,"{""driver_number"": 63, ""session_key"": 11344}",0,http_429,"{""detail"":""Rate limit exceeded. Max 30 requests/minute."",""error"":""Too Many Requests""}",0.482
2026-08-23T08:56:38.546073Z,drivers,drivers_by_observed_driver_number,"{""driver_number"": 67, ""session_key"": 11344}",0,http_429,"{""detail"":""Rate limit exceeded. Max 30 requests/minute."",""error"":""Too Many Requests""}",0.485
2026-08-23T08:56:39.146033Z,drivers,drivers_by_observed_driver_number,"{""driver_number"": 72, ""session_key"": 11344}",0,http_429,"{""detail"":""Rate limit exceeded. Max 30 requests/minute."",""error"":""Too Many Requests""}",0.499
2026-08-23T08:56:39.732493Z,drivers,drivers_by_observed_driver_number,"{""driver_number"": 77, ""session_key"": 11344}",0,http_429,"{""detail"":""Rate limit exceeded. Max 30 requests/minute."",""error"":""Too Many Requests""}",0.485
2026-08-23T08:56:40.333483Z,drivers,drivers_by_observed_driver_number,"{""driver_number"": 81, ""session_key"": 11344}",0,http_429,"{""detail"":""Rate limit exceeded. Max 30 requests/minute."",""error"":""Too Many Requests""}",0.5
2026-08-23T08:56:40.919253Z,drivers,drivers_by_observed_driver_number,"{""driver_number"": 87, ""session_key"": 11344}",0,http_429,"{""detail"":""Rate limit exceeded. Max 30 requests/minute."",""error"":""Too Many Requests""}",0.485
2026-08-23T08:56:41.518316Z,drivers,drivers_by_observed_driver_number,"{""driver_number"": 97, ""session_key"": 11344}",0,http_429,"{""detail"":""Rate limit exceeded. Max 30 requests/minute."",""error"":""Too Many Requests""}",0.498
2026-08-23T08:56:42.112403Z,drivers,drivers_by_observed_driver_number,"{""driver_number"": 241, ""session_key"": 11344}",0,http_429,"{""detail"":""Rate limit exceeded. Max 30 requests/minute."",""error"":""Too Many Requests""}",0.493
2026-08-23T08:56:42.713086Z,drivers,drivers_by_observed_driver_number,"{""driver_number"": 243, ""session_key"": 11344}",0,http_429,"{""detail"":""Rate limit exceeded. Max 30 requests/minute."",""error"":""Too Many Requests""}",0.499
2026-08-23T08:56:43.303930Z,drivers,drivers_by_observed_driver_number,"{""driver_number"": 247, ""session_key"": 11344}",0,http_429,"{""detail"":""Rate limit exceeded. Max 30 requests/minute."",""error"":""Too Many Requests""}",0.49
2026-08-23T08:56:43.892320Z,team_radio,team_radio_by_session_key_opportunistic,"{""session_key"": 11344}",0,http_429,"{""detail"":""Rate limit exceeded. Max 30 requests/minute."",""error"":""Too Many Requests""}",0.487
2026-08-23T08:56:44.477639Z,weather,weather_by_session_key,"{""session_key"": 11348}",0,http_429,"{""detail"":""Rate limit exceeded. Max 30 requests/minute."",""error"":""Too Many Requests""}",0.484
2026-08-23T08:56:45.066315Z,race_control,race_control_by_session_key,"{""session_key"": 11348}",0,http_429,"{""detail"":""Rate limit exceeded. Max 30 requests/minute."",""error"":""Too Many Requests""}",0.487
2026-08-23T08:56:45.665779Z,intervals,intervals_by_session_key,"{""session_key"": 11348}",0,http_429,"{""detail"":""Rate limit exceeded. Max 30 requests/minute."",""error"":""Too Many Requests""}",0.498
2026-08-23T08:56:46.251752Z,position,position_by_session_key,"{""session_key"": 11348}",0,http_429,"{""detail"":""Rate limit exceeded. Max 30 requests/minute."",""error"":""Too Many Requests""}",0.485
2026-08-23T08:56:46.853236Z,position,position_by_meeting_key_fallback,"{""meeting_key"": 1292}",0,http_429,"{""detail"":""Rate limit exceeded. Max 30 requests/minute."",""error"":""Too Many Requests""}",0.5
2026-08-23T08:56:47.440569Z,stints,stints_by_session_key,"{""session_key"": 11348}",0,http_429,"{""detail"":""Rate limit exceeded. Max 30 requests/minute."",""error"":""Too Many Requests""}",0.486
2026-08-23T08:56:48.041224Z,pit,pit_by_session_key,"{""session_key"": 11348}",0,http_429,"{""detail"":""Rate limit exceeded. Max 30 requests/minute."",""error"":""Too Many Requests""}",0.499
2026-08-23T08:56:48.631218Z,starting_grid,starting_grid_by_session_key,"{""session_key"": 11348}",0,http_429,"{""detail"":""Rate limit exceeded. Max 30 requests/minute."",""error"":""Too Many Requests""}",0.489
2026-08-23T08:56:49.214539Z,drivers,drivers_by_session_key,"{""session_key"": 11348}",0,http_429,"{""detail"":""Rate limit exceeded. Max 30 requests/minute."",""error"":""Too Many Requests""}",0.482
2026-08-23T08:56:49.830037Z,drivers,drivers_by_observed_driver_number,"{""driver_number"": 1, ""session_key"": 11348}",0,http_429,"{""detail"":""Rate limit exceeded. Max 30 requests/minute."",""error"":""Too Many Requests""}",0.482
2026-08-23T08:56:50.418406Z,drivers,drivers_by_observed_driver_number,"{""driver_number"": 3, ""session_key"": 11348}",0,http_429,"{""detail"":""Rate limit exceeded. Max 30 requests/minute."",""error"":""Too Many Requests""}",0.487
2026-08-23T08:56:51.008385Z,drivers,drivers_by_observed_driver_number,"{""driver_number"": 5, ""session_key"": 11348}",0,http_429,"{""detail"":""Rate limit exceeded. Max 30 requests/minute."",""error"":""Too Many Requests""}",0.489
2026-08-23T08:56:51.598085Z,drivers,drivers_by_observed_driver_number,"{""driver_number"": 6, ""session_key"": 11348}",0,http_429,"{""detail"":""Rate limit exceeded. Max 30 requests/minute."",""error"":""Too Many Requests""}",0.488
2026-08-23T08:56:52.197734Z,drivers,drivers_by_observed_driver_number,"{""driver_number"": 10, ""session_key"": 11348}",0,http_429,"{""detail"":""Rate limit exceeded. Max 30 requests/minute."",""error"":""Too Many Requests""}",0.498
2026-08-23T08:56:52.782902Z,drivers,drivers_by_observed_driver_number,"{""driver_number"": 11, ""session_key"": 11348}",0,http_429,"{""detail"":""Rate limit exceeded. Max 30 requests/minute."",""error"":""Too Many Requests""}",0.484
2026-08-23T08:56:53.382263Z,drivers,drivers_by_observed_driver_number,"{""driver_number"": 12, ""session_key"": 11348}",0,http_429,"{""detail"":""Rate limit exceeded. Max 30 requests/minute."",""error"":""Too Many Requests""}",0.498
2026-08-23T08:56:53.966775Z,drivers,drivers_by_observed_driver_number,"{""driver_number"": 14, ""session_key"": 11348}",0,http_429,"{""detail"":""Rate limit exceeded. Max 30 requests/minute."",""error"":""Too Many Requests""}",0.483
2026-08-23T08:56:54.566752Z,drivers,drivers_by_observed_driver_number,"{""driver_number"": 16, ""session_key"": 11348}",0,http_429,"{""detail"":""Rate limit exceeded. Max 30 requests/minute."",""error"":""Too Many Requests""}",0.499
2026-08-23T08:56:55.163655Z,drivers,drivers_by_observed_driver_number,"{""driver_number"": 18, ""session_key"": 11348}",0,http_429,"{""detail"":""Rate limit exceeded. Max 30 requests/minute."",""error"":""Too Many Requests""}",0.496
2026-08-23T08:56:55.752392Z,drivers,drivers_by_observed_driver_number,"{""driver_number"": 22, ""session_key"": 11348}",0,http_429,"{""detail"":""Rate limit exceeded. Max 30 requests/minute."",""error"":""Too Many Requests""}",0.488
2026-08-23T08:56:56.337610Z,drivers,drivers_by_observed_driver_number,"{""driver_number"": 23, ""session_key"": 11348}",0,http_429,"{""detail"":""Rate limit exceeded. Max 30 requests/minute."",""error"":""Too Many Requests""}",0.484
2026-08-23T08:56:56.924604Z,drivers,drivers_by_observed_driver_number,"{""driver_number"": 25, ""session_key"": 11348}",0,http_429,"{""detail"":""Rate limit exceeded. Max 30 requests/minute."",""error"":""Too Many Requests""}",0.486
2026-08-23T08:56:57.513750Z,drivers,drivers_by_observed_driver_number,"{""driver_number"": 27, ""session_key"": 11348}",0,http_429,"{""detail"":""Rate limit exceeded. Max 30 requests/minute."",""error"":""Too Many Requests""}",0.488
2026-08-23T08:56:58.101409Z,drivers,drivers_by_observed_driver_number,"{""driver_number"": 30, ""session_key"": 11348}",0,http_429,"{""detail"":""Rate limit exceeded. Max 30 requests/minute."",""error"":""Too Many Requests""}",0.486
2026-08-23T08:56:58.700124Z,drivers,drivers_by_observed_driver_number,"{""driver_number"": 31, ""session_key"": 11348}",0,http_429,"{""detail"":""Rate limit exceeded. Max 30 requests/minute."",""error"":""Too Many Requests""}",0.497
2026-08-23T08:56:59.284817Z,drivers,drivers_by_observed_driver_number,"{""driver_number"": 34, ""session_key"": 11348}",0,http_429,"{""detail"":""Rate limit exceeded. Max 30 requests/minute."",""error"":""Too Many Requests""}",0.484
2026-08-23T08:56:59.884737Z,drivers,drivers_by_observed_driver_number,"{""driver_number"": 36, ""session_key"": 11348}",0,http_429,"{""detail"":""Rate limit exceeded. Max 30 requests/minute."",""error"":""Too Many Requests""}",0.499
2026-08-23T08:57:00.475244Z,drivers,drivers_by_observed_driver_number,"{""driver_number"": 38, ""session_key"": 11348}",0,http_404,"{""detail"":""No results found.""}",0.489
2026-08-23T08:57:01.077410Z,drivers,drivers_by_observed_driver_number,"{""driver_number"": 41, ""session_key"": 11348}",2,pass,,0.501
2026-08-23T08:57:01.670088Z,drivers,drivers_by_observed_driver_number,"{""driver_number"": 43, ""session_key"": 11348}",2,pass,,0.491
2026-08-23T08:57:02.260783Z,drivers,drivers_by_observed_driver_number,"{""driver_number"": 44, ""session_key"": 11348}",2,pass,,0.49
2026-08-23T08:57:02.855974Z,drivers,drivers_by_observed_driver_number,"{""driver_number"": 46, ""session_key"": 11348}",0,http_404,"{""detail"":""No results found.""}",0.494
2026-08-23T08:57:03.445723Z,drivers,drivers_by_observed_driver_number,"{""driver_number"": 50, ""session_key"": 11348}",0,http_404,"{""detail"":""No results found.""}",0.489
2026-08-23T08:57:04.039797Z,drivers,drivers_by_observed_driver_number,"{""driver_number"": 55, ""session_key"": 11348}",2,pass,,0.493
2026-08-23T08:57:04.632123Z,drivers,drivers_by_observed_driver_number,"{""driver_number"": 63, ""session_key"": 11348}",2,pass,,0.491
2026-08-23T08:57:05.232221Z,drivers,drivers_by_observed_driver_number,"{""driver_number"": 67, ""session_key"": 11348}",0,http_404,"{""detail"":""No results found.""}",0.499
2026-08-23T08:57:05.817966Z,drivers,drivers_by_observed_driver_number,"{""driver_number"": 72, ""session_key"": 11348}",0,http_404,"{""detail"":""No results found.""}",0.484
2026-08-23T08:57:06.420302Z,drivers,drivers_by_observed_driver_number,"{""driver_number"": 77, ""session_key"": 11348}",2,pass,,0.501
2026-08-23T08:57:07.006966Z,drivers,drivers_by_observed_driver_number,"{""driver_number"": 81, ""session_key"": 11348}",2,pass,,0.485
2026-08-23T08:57:07.608975Z,drivers,drivers_by_observed_driver_number,"{""driver_number"": 87, ""session_key"": 11348}",2,pass,,0.501
2026-08-23T08:57:08.202283Z,drivers,drivers_by_observed_driver_number,"{""driver_number"": 97, ""session_key"": 11348}",0,http_404,"{""detail"":""No results found.""}",0.492
2026-08-23T08:57:08.792029Z,drivers,drivers_by_observed_driver_number,"{""driver_number"": 241, ""session_key"": 11348}",0,http_404,"{""detail"":""No results found.""}",0.489
2026-08-23T08:57:09.380140Z,drivers,drivers_by_observed_driver_number,"{""driver_number"": 243, ""session_key"": 11348}",0,http_404,"{""detail"":""No results found.""}",0.487
2026-08-23T08:57:09.969078Z,drivers,drivers_by_observed_driver_number,"{""driver_number"": 247, ""session_key"": 11348}",0,http_404,"{""detail"":""No results found.""}",0.488
2026-08-23T08:57:10.569239Z,team_radio,team_radio_by_session_key_opportunistic,"{""session_key"": 11348}",6,pass,,0.496
2026-08-23T08:57:11.171554Z,weather,weather_by_session_key,"{""session_key"": 11349}",77,pass,,0.5
2026-08-23T08:57:11.805212Z,race_control,race_control_by_session_key,"{""session_key"": 11349}",118,pass,,0.532
2026-08-23T08:57:12.394120Z,intervals,intervals_by_session_key,"{""session_key"": 11349}",0,http_404,"{""detail"":""No results found.""}",0.487
2026-08-23T08:57:13.038261Z,position,position_by_session_key,"{""session_key"": 11349}",1184,pass,,0.543
2026-08-23T08:57:13.628704Z,stints,stints_by_session_key,"{""session_key"": 11349}",109,pass,,0.488
2026-08-23T08:57:13.730602Z,pit,skip_non_race_like_session,"{""session_key"": 11349}",0,skipped_not_applicable,pit endpoint is only treated as required for race/sprint-like sessions,0.0
2026-08-23T08:57:14.230946Z,starting_grid,starting_grid_by_session_key,"{""session_key"": 11349}",22,pass,,0.5
2026-08-23T08:57:14.825531Z,drivers,drivers_by_session_key,"{""session_key"": 11349}",22,pass,,0.493
2026-08-23T08:57:15.416150Z,team_radio,team_radio_by_session_key_opportunistic,"{""session_key"": 11349}",7,pass,,0.489
