timestamp_utc,endpoint,strategy,params_json,rows,status,error,elapsed_seconds
2026-07-17T03:29:32.300404Z,sessions,sessions_by_year,"{""year"": 2026}",126,pass,,0.412
2026-07-17T03:29:32.898751Z,weather,weather_by_session_key,"{""session_key"": 11465}",540,pass,,0.446
2026-07-17T03:29:33.410928Z,race_control,race_control_by_session_key,"{""session_key"": 11465}",56,pass,,0.41
2026-07-17T03:29:33.816654Z,intervals,intervals_by_session_key,"{""session_key"": 11465}",0,http_404,"{""detail"":""No results found.""}",0.304
2026-07-17T03:29:34.247297Z,position,position_by_session_key,"{""session_key"": 11465}",415,pass,,0.329
2026-07-17T03:29:34.806936Z,stints,stints_by_session_key,"{""session_key"": 11465}",207,pass,,0.458
2026-07-17T03:29:34.909036Z,pit,skip_non_race_like_session,"{""session_key"": 11465}",0,skipped_not_applicable,pit endpoint is only treated as required for race/sprint-like sessions,0.0
2026-07-17T03:29:35.229762Z,starting_grid,starting_grid_by_session_key,"{""session_key"": 11465}",0,http_404,"{""detail"":""No results found.""}",0.321
2026-07-17T03:29:35.637268Z,drivers,drivers_by_session_key,"{""session_key"": 11465}",22,pass,,0.306
2026-07-17T03:29:36.058330Z,team_radio,team_radio_by_session_key_opportunistic,"{""session_key"": 11465}",0,http_404,"{""detail"":""No results found.""}",0.319
2026-07-17T03:29:36.595150Z,weather,weather_by_session_key,"{""session_key"": 11466}",484,pass,,0.435
2026-07-17T03:29:37.030911Z,race_control,race_control_by_session_key,"{""session_key"": 11466}",67,pass,,0.332
2026-07-17T03:29:37.442370Z,intervals,intervals_by_session_key,"{""session_key"": 11466}",0,http_404,"{""detail"":""No results found.""}",0.31
2026-07-17T03:29:37.996613Z,position,position_by_session_key,"{""session_key"": 11466}",280,pass,,0.453
2026-07-17T03:29:38.417634Z,stints,stints_by_session_key,"{""session_key"": 11466}",233,pass,,0.319
2026-07-17T03:29:38.519631Z,pit,skip_non_race_like_session,"{""session_key"": 11466}",0,skipped_not_applicable,pit endpoint is only treated as required for race/sprint-like sessions,0.0
2026-07-17T03:29:38.824857Z,starting_grid,starting_grid_by_session_key,"{""session_key"": 11466}",0,http_404,"{""detail"":""No results found.""}",0.305
2026-07-17T03:29:39.326922Z,drivers,drivers_by_session_key,"{""session_key"": 11466}",22,pass,,0.401
2026-07-17T03:29:39.733321Z,team_radio,team_radio_by_session_key_opportunistic,"{""session_key"": 11466}",0,http_404,"{""detail"":""No results found.""}",0.304
2026-07-17T03:29:40.163615Z,weather,weather_by_session_key,"{""session_key"": 11467}",528,pass,,0.329
2026-07-17T03:29:40.710868Z,race_control,race_control_by_session_key,"{""session_key"": 11467}",109,pass,,0.445
2026-07-17T03:29:41.118842Z,intervals,intervals_by_session_key,"{""session_key"": 11467}",0,http_404,"{""detail"":""No results found.""}",0.306
2026-07-17T03:29:41.584081Z,position,position_by_session_key,"{""session_key"": 11467}",216,pass,,0.364
2026-07-17T03:29:42.002109Z,stints,stints_by_session_key,"{""session_key"": 11467}",211,pass,,0.316
2026-07-17T03:29:42.104100Z,pit,skip_non_race_like_session,"{""session_key"": 11467}",0,skipped_not_applicable,pit endpoint is only treated as required for race/sprint-like sessions,0.0
2026-07-17T03:29:42.408374Z,starting_grid,starting_grid_by_session_key,"{""session_key"": 11467}",0,http_404,"{""detail"":""No results found.""}",0.304
2026-07-17T03:29:42.916445Z,drivers,drivers_by_session_key,"{""session_key"": 11467}",22,pass,,0.407
2026-07-17T03:29:43.346854Z,team_radio,team_radio_by_session_key_opportunistic,"{""session_key"": 11467}",1,pass,,0.328
2026-07-17T03:29:43.842294Z,weather,weather_by_session_key,"{""session_key"": 11470}",517,pass,,0.393
2026-07-17T03:29:44.253760Z,race_control,race_control_by_session_key,"{""session_key"": 11470}",57,pass,,0.309
2026-07-17T03:29:44.760718Z,intervals,intervals_by_session_key,"{""session_key"": 11470}",0,http_404,"{""detail"":""No results found.""}",0.405
2026-07-17T03:29:45.193192Z,position,position_by_session_key,"{""session_key"": 11470}",429,pass,,0.331
2026-07-17T03:29:45.599374Z,stints,stints_by_session_key,"{""session_key"": 11470}",0,http_429,"{""detail"":""Rate limit exceeded. Max 30 requests/minute."",""error"":""Too Many Requests""}",0.304
2026-07-17T03:29:45.700669Z,pit,skip_non_race_like_session,"{""session_key"": 11470}",0,skipped_not_applicable,pit endpoint is only treated as required for race/sprint-like sessions,0.0
2026-07-17T03:29:46.104785Z,starting_grid,starting_grid_by_session_key,"{""session_key"": 11470}",0,http_429,"{""detail"":""Rate limit exceeded. Max 30 requests/minute."",""error"":""Too Many Requests""}",0.404
2026-07-17T03:29:46.509080Z,drivers,drivers_by_session_key,"{""session_key"": 11470}",0,http_429,"{""detail"":""Rate limit exceeded. Max 30 requests/minute."",""error"":""Too Many Requests""}",0.303
2026-07-17T03:29:46.925849Z,drivers,drivers_by_observed_driver_number,"{""driver_number"": 1, ""session_key"": 11470}",0,http_429,"{""detail"":""Rate limit exceeded. Max 30 requests/minute."",""error"":""Too Many Requests""}",0.313
2026-07-17T03:29:47.331932Z,drivers,drivers_by_observed_driver_number,"{""driver_number"": 3, ""session_key"": 11470}",0,http_429,"{""detail"":""Rate limit exceeded. Max 30 requests/minute."",""error"":""Too Many Requests""}",0.305
2026-07-17T03:29:47.736916Z,drivers,drivers_by_observed_driver_number,"{""driver_number"": 5, ""session_key"": 11470}",0,http_429,"{""detail"":""Rate limit exceeded. Max 30 requests/minute."",""error"":""Too Many Requests""}",0.304
2026-07-17T03:29:48.142806Z,drivers,drivers_by_observed_driver_number,"{""driver_number"": 6, ""session_key"": 11470}",0,http_429,"{""detail"":""Rate limit exceeded. Max 30 requests/minute."",""error"":""Too Many Requests""}",0.305
2026-07-17T03:29:48.654963Z,drivers,drivers_by_observed_driver_number,"{""driver_number"": 10, ""session_key"": 11470}",0,http_429,"{""detail"":""Rate limit exceeded. Max 30 requests/minute."",""error"":""Too Many Requests""}",0.411
2026-07-17T03:29:49.063236Z,drivers,drivers_by_observed_driver_number,"{""driver_number"": 11, ""session_key"": 11470}",0,http_429,"{""detail"":""Rate limit exceeded. Max 30 requests/minute."",""error"":""Too Many Requests""}",0.307
2026-07-17T03:29:49.529942Z,drivers,drivers_by_observed_driver_number,"{""driver_number"": 12, ""session_key"": 11470}",0,http_429,"{""detail"":""Rate limit exceeded. Max 30 requests/minute."",""error"":""Too Many Requests""}",0.365
2026-07-17T03:29:49.939159Z,drivers,drivers_by_observed_driver_number,"{""driver_number"": 14, ""session_key"": 11470}",0,http_429,"{""detail"":""Rate limit exceeded. Max 30 requests/minute."",""error"":""Too Many Requests""}",0.308
2026-07-17T03:29:50.344752Z,drivers,drivers_by_observed_driver_number,"{""driver_number"": 16, ""session_key"": 11470}",0,http_429,"{""detail"":""Rate limit exceeded. Max 30 requests/minute."",""error"":""Too Many Requests""}",0.304
2026-07-17T03:29:50.755706Z,drivers,drivers_by_observed_driver_number,"{""driver_number"": 18, ""session_key"": 11470}",0,http_429,"{""detail"":""Rate limit exceeded. Max 30 requests/minute."",""error"":""Too Many Requests""}",0.31
2026-07-17T03:29:51.169590Z,drivers,drivers_by_observed_driver_number,"{""driver_number"": 23, ""session_key"": 11470}",0,http_429,"{""detail"":""Rate limit exceeded. Max 30 requests/minute."",""error"":""Too Many Requests""}",0.313
2026-07-17T03:29:51.573941Z,drivers,drivers_by_observed_driver_number,"{""driver_number"": 27, ""session_key"": 11470}",0,http_429,"{""detail"":""Rate limit exceeded. Max 30 requests/minute."",""error"":""Too Many Requests""}",0.303
2026-07-17T03:29:51.979381Z,drivers,drivers_by_observed_driver_number,"{""driver_number"": 30, ""session_key"": 11470}",0,http_429,"{""detail"":""Rate limit exceeded. Max 30 requests/minute."",""error"":""Too Many Requests""}",0.304
2026-07-17T03:29:52.383456Z,drivers,drivers_by_observed_driver_number,"{""driver_number"": 31, ""session_key"": 11470}",0,http_429,"{""detail"":""Rate limit exceeded. Max 30 requests/minute."",""error"":""Too Many Requests""}",0.303
2026-07-17T03:29:52.792127Z,drivers,drivers_by_observed_driver_number,"{""driver_number"": 41, ""session_key"": 11470}",0,http_429,"{""detail"":""Rate limit exceeded. Max 30 requests/minute."",""error"":""Too Many Requests""}",0.308
2026-07-17T03:29:53.202570Z,drivers,drivers_by_observed_driver_number,"{""driver_number"": 43, ""session_key"": 11470}",0,http_429,"{""detail"":""Rate limit exceeded. Max 30 requests/minute."",""error"":""Too Many Requests""}",0.309
2026-07-17T03:29:53.606905Z,drivers,drivers_by_observed_driver_number,"{""driver_number"": 44, ""session_key"": 11470}",0,http_429,"{""detail"":""Rate limit exceeded. Max 30 requests/minute."",""error"":""Too Many Requests""}",0.303
2026-07-17T03:29:54.035158Z,drivers,drivers_by_observed_driver_number,"{""driver_number"": 55, ""session_key"": 11470}",0,http_429,"{""detail"":""Rate limit exceeded. Max 30 requests/minute."",""error"":""Too Many Requests""}",0.327
2026-07-17T03:29:54.440038Z,drivers,drivers_by_observed_driver_number,"{""driver_number"": 63, ""session_key"": 11470}",0,http_429,"{""detail"":""Rate limit exceeded. Max 30 requests/minute."",""error"":""Too Many Requests""}",0.304
2026-07-17T03:29:54.862975Z,drivers,drivers_by_observed_driver_number,"{""driver_number"": 77, ""session_key"": 11470}",0,http_429,"{""detail"":""Rate limit exceeded. Max 30 requests/minute."",""error"":""Too Many Requests""}",0.322
2026-07-17T03:29:55.338745Z,drivers,drivers_by_observed_driver_number,"{""driver_number"": 81, ""session_key"": 11470}",0,http_429,"{""detail"":""Rate limit exceeded. Max 30 requests/minute."",""error"":""Too Many Requests""}",0.375
2026-07-17T03:29:55.839838Z,drivers,drivers_by_observed_driver_number,"{""driver_number"": 87, ""session_key"": 11470}",0,http_429,"{""detail"":""Rate limit exceeded. Max 30 requests/minute."",""error"":""Too Many Requests""}",0.4
2026-07-17T03:29:56.243989Z,drivers,drivers_by_observed_driver_number,"{""driver_number"": 241, ""session_key"": 11470}",0,http_429,"{""detail"":""Rate limit exceeded. Max 30 requests/minute."",""error"":""Too Many Requests""}",0.303
2026-07-17T03:29:56.649628Z,drivers,drivers_by_observed_driver_number,"{""driver_number"": 243, ""session_key"": 11470}",0,http_429,"{""detail"":""Rate limit exceeded. Max 30 requests/minute."",""error"":""Too Many Requests""}",0.304
2026-07-17T03:29:57.058611Z,drivers,drivers_by_observed_driver_number,"{""driver_number"": 247, ""session_key"": 11470}",0,http_429,"{""detail"":""Rate limit exceeded. Max 30 requests/minute."",""error"":""Too Many Requests""}",0.308
2026-07-17T03:29:57.463860Z,team_radio,team_radio_by_session_key_opportunistic,"{""session_key"": 11470}",0,http_429,"{""detail"":""Rate limit exceeded. Max 30 requests/minute."",""error"":""Too Many Requests""}",0.304
2026-07-17T03:29:57.868351Z,weather,weather_by_session_key,"{""session_key"": 11469}",0,http_429,"{""detail"":""Rate limit exceeded. Max 30 requests/minute."",""error"":""Too Many Requests""}",0.303
2026-07-17T03:29:58.272634Z,race_control,race_control_by_session_key,"{""session_key"": 11469}",0,http_429,"{""detail"":""Rate limit exceeded. Max 30 requests/minute."",""error"":""Too Many Requests""}",0.303
2026-07-17T03:29:58.677283Z,intervals,intervals_by_session_key,"{""session_key"": 11469}",0,http_429,"{""detail"":""Rate limit exceeded. Max 30 requests/minute."",""error"":""Too Many Requests""}",0.303
2026-07-17T03:29:59.083163Z,position,position_by_session_key,"{""session_key"": 11469}",0,http_429,"{""detail"":""Rate limit exceeded. Max 30 requests/minute."",""error"":""Too Many Requests""}",0.305
2026-07-17T03:29:59.490348Z,position,position_by_meeting_key_fallback,"{""meeting_key"": 1305}",0,http_429,"{""detail"":""Rate limit exceeded. Max 30 requests/minute."",""error"":""Too Many Requests""}",0.306
2026-07-17T03:29:59.896811Z,stints,stints_by_session_key,"{""session_key"": 11469}",0,http_429,"{""detail"":""Rate limit exceeded. Max 30 requests/minute."",""error"":""Too Many Requests""}",0.305
2026-07-17T03:29:59.998163Z,pit,skip_non_race_like_session,"{""session_key"": 11469}",0,skipped_not_applicable,pit endpoint is only treated as required for race/sprint-like sessions,0.0
2026-07-17T03:30:00.303666Z,starting_grid,starting_grid_by_session_key,"{""session_key"": 11469}",0,http_404,"{""detail"":""No results found.""}",0.305
2026-07-17T03:30:00.715683Z,drivers,drivers_by_session_key,"{""session_key"": 11469}",22,pass,,0.311
2026-07-17T03:30:01.126985Z,team_radio,team_radio_by_session_key_opportunistic,"{""session_key"": 11469}",0,http_404,"{""detail"":""No results found.""}",0.309
2026-07-17T03:30:01.712152Z,weather,weather_by_session_key,"{""session_key"": 11468}",559,pass,,0.484
2026-07-17T03:30:02.123246Z,race_control,race_control_by_session_key,"{""session_key"": 11468}",46,pass,,0.309
2026-07-17T03:30:02.532531Z,intervals,intervals_by_session_key,"{""session_key"": 11468}",0,http_404,"{""detail"":""No results found.""}",0.307
2026-07-17T03:30:02.957477Z,position,position_by_session_key,"{""session_key"": 11468}",341,pass,,0.324
2026-07-17T03:30:03.382261Z,stints,stints_by_session_key,"{""session_key"": 11468}",290,pass,,0.323
2026-07-17T03:30:03.484294Z,pit,skip_non_race_like_session,"{""session_key"": 11468}",0,skipped_not_applicable,pit endpoint is only treated as required for race/sprint-like sessions,0.0
2026-07-17T03:30:03.791314Z,starting_grid,starting_grid_by_session_key,"{""session_key"": 11468}",0,http_404,"{""detail"":""No results found.""}",0.307
2026-07-17T03:30:04.198315Z,drivers,drivers_by_session_key,"{""session_key"": 11468}",22,pass,,0.306
2026-07-17T03:30:04.604064Z,team_radio,team_radio_by_session_key_opportunistic,"{""session_key"": 11468}",1,pass,,0.304
2026-07-17T03:30:05.016778Z,weather,weather_by_session_key,"{""session_key"": 11227}",82,pass,,0.311
2026-07-17T03:30:05.425702Z,race_control,race_control_by_session_key,"{""session_key"": 11227}",45,pass,,0.307
2026-07-17T03:30:05.837950Z,intervals,intervals_by_session_key,"{""session_key"": 11227}",0,http_404,"{""detail"":""No results found.""}",0.31
2026-07-17T03:30:06.279997Z,position,position_by_session_key,"{""session_key"": 11227}",717,pass,,0.341
2026-07-17T03:30:06.859841Z,stints,stints_by_session_key,"{""session_key"": 11227}",83,pass,,0.478
2026-07-17T03:30:06.961804Z,pit,skip_non_race_like_session,"{""session_key"": 11227}",0,skipped_not_applicable,pit endpoint is only treated as required for race/sprint-like sessions,0.0
2026-07-17T03:30:07.271471Z,starting_grid,starting_grid_by_session_key,"{""session_key"": 11227}",0,http_404,"{""detail"":""No results found.""}",0.31
2026-07-17T03:30:07.684108Z,drivers,drivers_by_session_key,"{""session_key"": 11227}",22,pass,,0.311
2026-07-17T03:30:08.091406Z,team_radio,team_radio_by_session_key_opportunistic,"{""session_key"": 11227}",0,http_404,"{""detail"":""No results found.""}",0.305
2026-07-17T03:30:08.508932Z,weather,weather_by_session_key,"{""session_key"": 11228}",79,pass,,0.316
2026-07-17T03:30:08.919356Z,race_control,race_control_by_session_key,"{""session_key"": 11228}",45,pass,,0.308
2026-07-17T03:30:09.328444Z,intervals,intervals_by_session_key,"{""session_key"": 11228}",0,http_404,"{""detail"":""No results found.""}",0.307
2026-07-17T03:30:09.765175Z,position,position_by_session_key,"{""session_key"": 11228}",550,pass,,0.335
2026-07-17T03:30:10.178633Z,stints,stints_by_session_key,"{""session_key"": 11228}",86,pass,,0.311
2026-07-17T03:30:10.280615Z,pit,skip_non_race_like_session,"{""session_key"": 11228}",0,skipped_not_applicable,pit endpoint is only treated as required for race/sprint-like sessions,0.0
2026-07-17T03:30:10.588431Z,starting_grid,starting_grid_by_session_key,"{""session_key"": 11228}",0,http_404,"{""detail"":""No results found.""}",0.308
2026-07-17T03:30:10.998929Z,drivers,drivers_by_session_key,"{""session_key"": 11228}",22,pass,,0.309
2026-07-17T03:30:11.408424Z,team_radio,team_radio_by_session_key_opportunistic,"{""session_key"": 11228}",1,pass,,0.308
2026-07-17T03:30:11.823673Z,weather,weather_by_session_key,"{""session_key"": 11229}",90,pass,,0.313
2026-07-17T03:30:12.243609Z,race_control,race_control_by_session_key,"{""session_key"": 11229}",66,pass,,0.318
2026-07-17T03:30:12.657174Z,intervals,intervals_by_session_key,"{""session_key"": 11229}",0,http_404,"{""detail"":""No results found.""}",0.312
2026-07-17T03:30:13.062340Z,position,position_by_session_key,"{""session_key"": 11229}",0,http_429,"{""detail"":""Rate limit exceeded. Max 30 requests/minute."",""error"":""Too Many Requests""}",0.304
2026-07-17T03:30:13.466405Z,position,position_by_meeting_key_fallback,"{""meeting_key"": 1279}",0,http_429,"{""detail"":""Rate limit exceeded. Max 30 requests/minute."",""error"":""Too Many Requests""}",0.303
2026-07-17T03:30:13.875779Z,stints,stints_by_session_key,"{""session_key"": 11229}",0,http_429,"{""detail"":""Rate limit exceeded. Max 30 requests/minute."",""error"":""Too Many Requests""}",0.308
2026-07-17T03:30:13.977106Z,pit,skip_non_race_like_session,"{""session_key"": 11229}",0,skipped_not_applicable,pit endpoint is only treated as required for race/sprint-like sessions,0.0
2026-07-17T03:30:14.280343Z,starting_grid,starting_grid_by_session_key,"{""session_key"": 11229}",0,http_429,"{""detail"":""Rate limit exceeded. Max 30 requests/minute."",""error"":""Too Many Requests""}",0.303
2026-07-17T03:30:14.703342Z,drivers,drivers_by_session_key,"{""session_key"": 11229}",0,http_429,"{""detail"":""Rate limit exceeded. Max 30 requests/minute."",""error"":""Too Many Requests""}",0.322
2026-07-17T03:30:15.114103Z,drivers,drivers_by_observed_driver_number,"{""driver_number"": 1, ""session_key"": 11229}",0,http_429,"{""detail"":""Rate limit exceeded. Max 30 requests/minute."",""error"":""Too Many Requests""}",0.305
2026-07-17T03:30:15.521931Z,drivers,drivers_by_observed_driver_number,"{""driver_number"": 3, ""session_key"": 11229}",0,http_429,"{""detail"":""Rate limit exceeded. Max 30 requests/minute."",""error"":""Too Many Requests""}",0.307
2026-07-17T03:30:15.928241Z,drivers,drivers_by_observed_driver_number,"{""driver_number"": 5, ""session_key"": 11229}",0,http_429,"{""detail"":""Rate limit exceeded. Max 30 requests/minute."",""error"":""Too Many Requests""}",0.305
2026-07-17T03:30:16.333522Z,drivers,drivers_by_observed_driver_number,"{""driver_number"": 6, ""session_key"": 11229}",0,http_429,"{""detail"":""Rate limit exceeded. Max 30 requests/minute."",""error"":""Too Many Requests""}",0.304
2026-07-17T03:30:16.747738Z,drivers,drivers_by_observed_driver_number,"{""driver_number"": 10, ""session_key"": 11229}",0,http_429,"{""detail"":""Rate limit exceeded. Max 30 requests/minute."",""error"":""Too Many Requests""}",0.313
2026-07-17T03:30:17.160016Z,drivers,drivers_by_observed_driver_number,"{""driver_number"": 11, ""session_key"": 11229}",0,http_429,"{""detail"":""Rate limit exceeded. Max 30 requests/minute."",""error"":""Too Many Requests""}",0.311
2026-07-17T03:30:17.571211Z,drivers,drivers_by_observed_driver_number,"{""driver_number"": 12, ""session_key"": 11229}",0,http_429,"{""detail"":""Rate limit exceeded. Max 30 requests/minute."",""error"":""Too Many Requests""}",0.31
2026-07-17T03:30:17.976930Z,drivers,drivers_by_observed_driver_number,"{""driver_number"": 14, ""session_key"": 11229}",0,http_429,"{""detail"":""Rate limit exceeded. Max 30 requests/minute."",""error"":""Too Many Requests""}",0.305
2026-07-17T03:30:18.381731Z,drivers,drivers_by_observed_driver_number,"{""driver_number"": 16, ""session_key"": 11229}",0,http_429,"{""detail"":""Rate limit exceeded. Max 30 requests/minute."",""error"":""Too Many Requests""}",0.304
2026-07-17T03:30:18.786533Z,drivers,drivers_by_observed_driver_number,"{""driver_number"": 18, ""session_key"": 11229}",0,http_429,"{""detail"":""Rate limit exceeded. Max 30 requests/minute."",""error"":""Too Many Requests""}",0.304
2026-07-17T03:30:19.191671Z,drivers,drivers_by_observed_driver_number,"{""driver_number"": 23, ""session_key"": 11229}",0,http_429,"{""detail"":""Rate limit exceeded. Max 30 requests/minute."",""error"":""Too Many Requests""}",0.304
2026-07-17T03:30:19.599417Z,drivers,drivers_by_observed_driver_number,"{""driver_number"": 27, ""session_key"": 11229}",0,http_429,"{""detail"":""Rate limit exceeded. Max 30 requests/minute."",""error"":""Too Many Requests""}",0.307
2026-07-17T03:30:20.004345Z,drivers,drivers_by_observed_driver_number,"{""driver_number"": 30, ""session_key"": 11229}",0,http_429,"{""detail"":""Rate limit exceeded. Max 30 requests/minute."",""error"":""Too Many Requests""}",0.304
2026-07-17T03:30:20.413609Z,drivers,drivers_by_observed_driver_number,"{""driver_number"": 31, ""session_key"": 11229}",0,http_429,"{""detail"":""Rate limit exceeded. Max 30 requests/minute."",""error"":""Too Many Requests""}",0.308
2026-07-17T03:30:20.827004Z,drivers,drivers_by_observed_driver_number,"{""driver_number"": 41, ""session_key"": 11229}",0,http_429,"{""detail"":""Rate limit exceeded. Max 30 requests/minute."",""error"":""Too Many Requests""}",0.312
2026-07-17T03:30:21.234081Z,drivers,drivers_by_observed_driver_number,"{""driver_number"": 43, ""session_key"": 11229}",0,http_429,"{""detail"":""Rate limit exceeded. Max 30 requests/minute."",""error"":""Too Many Requests""}",0.306
2026-07-17T03:30:21.639956Z,drivers,drivers_by_observed_driver_number,"{""driver_number"": 44, ""session_key"": 11229}",0,http_429,"{""detail"":""Rate limit exceeded. Max 30 requests/minute."",""error"":""Too Many Requests""}",0.305
2026-07-17T03:30:22.047453Z,drivers,drivers_by_observed_driver_number,"{""driver_number"": 55, ""session_key"": 11229}",0,http_429,"{""detail"":""Rate limit exceeded. Max 30 requests/minute."",""error"":""Too Many Requests""}",0.306
2026-07-17T03:30:22.453597Z,drivers,drivers_by_observed_driver_number,"{""driver_number"": 63, ""session_key"": 11229}",0,http_429,"{""detail"":""Rate limit exceeded. Max 30 requests/minute."",""error"":""Too Many Requests""}",0.305
2026-07-17T03:30:22.860529Z,drivers,drivers_by_observed_driver_number,"{""driver_number"": 77, ""session_key"": 11229}",0,http_429,"{""detail"":""Rate limit exceeded. Max 30 requests/minute."",""error"":""Too Many Requests""}",0.306
2026-07-17T03:30:23.269361Z,drivers,drivers_by_observed_driver_number,"{""driver_number"": 81, ""session_key"": 11229}",0,http_429,"{""detail"":""Rate limit exceeded. Max 30 requests/minute."",""error"":""Too Many Requests""}",0.308
2026-07-17T03:30:23.681534Z,drivers,drivers_by_observed_driver_number,"{""driver_number"": 87, ""session_key"": 11229}",0,http_429,"{""detail"":""Rate limit exceeded. Max 30 requests/minute."",""error"":""Too Many Requests""}",0.311
2026-07-17T03:30:24.088413Z,drivers,drivers_by_observed_driver_number,"{""driver_number"": 241, ""session_key"": 11229}",0,http_429,"{""detail"":""Rate limit exceeded. Max 30 requests/minute."",""error"":""Too Many Requests""}",0.306
2026-07-17T03:30:24.497488Z,drivers,drivers_by_observed_driver_number,"{""driver_number"": 243, ""session_key"": 11229}",0,http_429,"{""detail"":""Rate limit exceeded. Max 30 requests/minute."",""error"":""Too Many Requests""}",0.308
2026-07-17T03:30:24.904149Z,drivers,drivers_by_observed_driver_number,"{""driver_number"": 247, ""session_key"": 11229}",0,http_429,"{""detail"":""Rate limit exceeded. Max 30 requests/minute."",""error"":""Too Many Requests""}",0.305
2026-07-17T03:30:25.309655Z,team_radio,team_radio_by_session_key_opportunistic,"{""session_key"": 11229}",0,http_429,"{""detail"":""Rate limit exceeded. Max 30 requests/minute."",""error"":""Too Many Requests""}",0.304
2026-07-17T03:30:25.715529Z,weather,weather_by_session_key,"{""session_key"": 11230}",0,http_429,"{""detail"":""Rate limit exceeded. Max 30 requests/minute."",""error"":""Too Many Requests""}",0.304
2026-07-17T03:30:26.124853Z,race_control,race_control_by_session_key,"{""session_key"": 11230}",0,http_429,"{""detail"":""Rate limit exceeded. Max 30 requests/minute."",""error"":""Too Many Requests""}",0.308
2026-07-17T03:30:26.530263Z,intervals,intervals_by_session_key,"{""session_key"": 11230}",0,http_429,"{""detail"":""Rate limit exceeded. Max 30 requests/minute."",""error"":""Too Many Requests""}",0.304
2026-07-17T03:30:26.935344Z,position,position_by_session_key,"{""session_key"": 11230}",0,http_429,"{""detail"":""Rate limit exceeded. Max 30 requests/minute."",""error"":""Too Many Requests""}",0.304
2026-07-17T03:30:27.340760Z,position,position_by_meeting_key_fallback,"{""meeting_key"": 1279}",0,http_429,"{""detail"":""Rate limit exceeded. Max 30 requests/minute."",""error"":""Too Many Requests""}",0.304
2026-07-17T03:30:27.757948Z,stints,stints_by_session_key,"{""session_key"": 11230}",0,http_429,"{""detail"":""Rate limit exceeded. Max 30 requests/minute."",""error"":""Too Many Requests""}",0.316
2026-07-17T03:30:27.859244Z,pit,skip_non_race_like_session,"{""session_key"": 11230}",0,skipped_not_applicable,pit endpoint is only treated as required for race/sprint-like sessions,0.0
2026-07-17T03:30:28.163121Z,starting_grid,starting_grid_by_session_key,"{""session_key"": 11230}",0,http_429,"{""detail"":""Rate limit exceeded. Max 30 requests/minute."",""error"":""Too Many Requests""}",0.304
2026-07-17T03:30:28.569377Z,drivers,drivers_by_session_key,"{""session_key"": 11230}",0,http_429,"{""detail"":""Rate limit exceeded. Max 30 requests/minute."",""error"":""Too Many Requests""}",0.305
2026-07-17T03:30:28.978371Z,drivers,drivers_by_observed_driver_number,"{""driver_number"": 1, ""session_key"": 11230}",0,http_429,"{""detail"":""Rate limit exceeded. Max 30 requests/minute."",""error"":""Too Many Requests""}",0.304
2026-07-17T03:30:29.384022Z,drivers,drivers_by_observed_driver_number,"{""driver_number"": 3, ""session_key"": 11230}",0,http_429,"{""detail"":""Rate limit exceeded. Max 30 requests/minute."",""error"":""Too Many Requests""}",0.304
2026-07-17T03:30:29.791988Z,drivers,drivers_by_observed_driver_number,"{""driver_number"": 5, ""session_key"": 11230}",0,http_429,"{""detail"":""Rate limit exceeded. Max 30 requests/minute."",""error"":""Too Many Requests""}",0.307
2026-07-17T03:30:30.206624Z,drivers,drivers_by_observed_driver_number,"{""driver_number"": 6, ""session_key"": 11230}",0,http_429,"{""detail"":""Rate limit exceeded. Max 30 requests/minute."",""error"":""Too Many Requests""}",0.313
2026-07-17T03:30:30.610757Z,drivers,drivers_by_observed_driver_number,"{""driver_number"": 10, ""session_key"": 11230}",0,http_429,"{""detail"":""Rate limit exceeded. Max 30 requests/minute."",""error"":""Too Many Requests""}",0.303
2026-07-17T03:30:31.015172Z,drivers,drivers_by_observed_driver_number,"{""driver_number"": 11, ""session_key"": 11230}",0,http_429,"{""detail"":""Rate limit exceeded. Max 30 requests/minute."",""error"":""Too Many Requests""}",0.303
2026-07-17T03:30:31.420883Z,drivers,drivers_by_observed_driver_number,"{""driver_number"": 12, ""session_key"": 11230}",0,http_429,"{""detail"":""Rate limit exceeded. Max 30 requests/minute."",""error"":""Too Many Requests""}",0.304
2026-07-17T03:30:31.827696Z,drivers,drivers_by_observed_driver_number,"{""driver_number"": 14, ""session_key"": 11230}",0,http_429,"{""detail"":""Rate limit exceeded. Max 30 requests/minute."",""error"":""Too Many Requests""}",0.306
2026-07-17T03:30:32.233912Z,drivers,drivers_by_observed_driver_number,"{""driver_number"": 16, ""session_key"": 11230}",0,http_429,"{""detail"":""Rate limit exceeded. Max 30 requests/minute."",""error"":""Too Many Requests""}",0.305
2026-07-17T03:30:32.639656Z,drivers,drivers_by_observed_driver_number,"{""driver_number"": 18, ""session_key"": 11230}",0,http_429,"{""detail"":""Rate limit exceeded. Max 30 requests/minute."",""error"":""Too Many Requests""}",0.305
2026-07-17T03:30:33.048867Z,drivers,drivers_by_observed_driver_number,"{""driver_number"": 23, ""session_key"": 11230}",0,http_429,"{""detail"":""Rate limit exceeded. Max 30 requests/minute."",""error"":""Too Many Requests""}",0.308
2026-07-17T03:30:33.474537Z,drivers,drivers_by_observed_driver_number,"{""driver_number"": 27, ""session_key"": 11230}",0,http_429,"{""detail"":""Rate limit exceeded. Max 30 requests/minute."",""error"":""Too Many Requests""}",0.324
2026-07-17T03:30:33.882910Z,drivers,drivers_by_observed_driver_number,"{""driver_number"": 30, ""session_key"": 11230}",0,http_429,"{""detail"":""Rate limit exceeded. Max 30 requests/minute."",""error"":""Too Many Requests""}",0.307
2026-07-17T03:30:34.288457Z,drivers,drivers_by_observed_driver_number,"{""driver_number"": 31, ""session_key"": 11230}",0,http_429,"{""detail"":""Rate limit exceeded. Max 30 requests/minute."",""error"":""Too Many Requests""}",0.304
2026-07-17T03:30:34.693658Z,drivers,drivers_by_observed_driver_number,"{""driver_number"": 41, ""session_key"": 11230}",0,http_429,"{""detail"":""Rate limit exceeded. Max 30 requests/minute."",""error"":""Too Many Requests""}",0.304
2026-07-17T03:30:35.097723Z,drivers,drivers_by_observed_driver_number,"{""driver_number"": 43, ""session_key"": 11230}",0,http_429,"{""detail"":""Rate limit exceeded. Max 30 requests/minute."",""error"":""Too Many Requests""}",0.303
2026-07-17T03:30:35.503733Z,drivers,drivers_by_observed_driver_number,"{""driver_number"": 44, ""session_key"": 11230}",0,http_429,"{""detail"":""Rate limit exceeded. Max 30 requests/minute."",""error"":""Too Many Requests""}",0.305
2026-07-17T03:30:35.911436Z,drivers,drivers_by_observed_driver_number,"{""driver_number"": 55, ""session_key"": 11230}",0,http_429,"{""detail"":""Rate limit exceeded. Max 30 requests/minute."",""error"":""Too Many Requests""}",0.307
2026-07-17T03:30:36.316844Z,drivers,drivers_by_observed_driver_number,"{""driver_number"": 63, ""session_key"": 11230}",0,http_429,"{""detail"":""Rate limit exceeded. Max 30 requests/minute."",""error"":""Too Many Requests""}",0.304
2026-07-17T03:30:36.722361Z,drivers,drivers_by_observed_driver_number,"{""driver_number"": 77, ""session_key"": 11230}",0,http_429,"{""detail"":""Rate limit exceeded. Max 30 requests/minute."",""error"":""Too Many Requests""}",0.304
2026-07-17T03:30:37.127319Z,drivers,drivers_by_observed_driver_number,"{""driver_number"": 81, ""session_key"": 11230}",0,http_429,"{""detail"":""Rate limit exceeded. Max 30 requests/minute."",""error"":""Too Many Requests""}",0.304
2026-07-17T03:30:37.532431Z,drivers,drivers_by_observed_driver_number,"{""driver_number"": 87, ""session_key"": 11230}",0,http_429,"{""detail"":""Rate limit exceeded. Max 30 requests/minute."",""error"":""Too Many Requests""}",0.304
2026-07-17T03:30:37.952961Z,drivers,drivers_by_observed_driver_number,"{""driver_number"": 241, ""session_key"": 11230}",0,http_429,"{""detail"":""Rate limit exceeded. Max 30 requests/minute."",""error"":""Too Many Requests""}",0.319
2026-07-17T03:30:38.358328Z,drivers,drivers_by_observed_driver_number,"{""driver_number"": 243, ""session_key"": 11230}",0,http_429,"{""detail"":""Rate limit exceeded. Max 30 requests/minute."",""error"":""Too Many Requests""}",0.304
2026-07-17T03:30:38.762683Z,drivers,drivers_by_observed_driver_number,"{""driver_number"": 247, ""session_key"": 11230}",0,http_429,"{""detail"":""Rate limit exceeded. Max 30 requests/minute."",""error"":""Too Many Requests""}",0.303
2026-07-17T03:30:39.168470Z,team_radio,team_radio_by_session_key_opportunistic,"{""session_key"": 11230}",0,http_429,"{""detail"":""Rate limit exceeded. Max 30 requests/minute."",""error"":""Too Many Requests""}",0.304
2026-07-17T03:30:39.575588Z,weather,weather_by_session_key,"{""session_key"": 11234}",0,http_429,"{""detail"":""Rate limit exceeded. Max 30 requests/minute."",""error"":""Too Many Requests""}",0.306
2026-07-17T03:30:39.979766Z,race_control,race_control_by_session_key,"{""session_key"": 11234}",0,http_429,"{""detail"":""Rate limit exceeded. Max 30 requests/minute."",""error"":""Too Many Requests""}",0.303
2026-07-17T03:30:40.385297Z,intervals,intervals_by_session_key,"{""session_key"": 11234}",0,http_429,"{""detail"":""Rate limit exceeded. Max 30 requests/minute."",""error"":""Too Many Requests""}",0.304
2026-07-17T03:30:40.791703Z,position,position_by_session_key,"{""session_key"": 11234}",0,http_429,"{""detail"":""Rate limit exceeded. Max 30 requests/minute."",""error"":""Too Many Requests""}",0.305
2026-07-17T03:30:41.196772Z,position,position_by_meeting_key_fallback,"{""meeting_key"": 1279}",0,http_429,"{""detail"":""Rate limit exceeded. Max 30 requests/minute."",""error"":""Too Many Requests""}",0.304
2026-07-17T03:30:41.602587Z,stints,stints_by_session_key,"{""session_key"": 11234}",0,http_429,"{""detail"":""Rate limit exceeded. Max 30 requests/minute."",""error"":""Too Many Requests""}",0.305
2026-07-17T03:30:42.006801Z,pit,pit_by_session_key,"{""session_key"": 11234}",0,http_429,"{""detail"":""Rate limit exceeded. Max 30 requests/minute."",""error"":""Too Many Requests""}",0.303
2026-07-17T03:30:42.411389Z,starting_grid,starting_grid_by_session_key,"{""session_key"": 11234}",0,http_429,"{""detail"":""Rate limit exceeded. Max 30 requests/minute."",""error"":""Too Many Requests""}",0.303
2026-07-17T03:30:42.818331Z,drivers,drivers_by_session_key,"{""session_key"": 11234}",0,http_429,"{""detail"":""Rate limit exceeded. Max 30 requests/minute."",""error"":""Too Many Requests""}",0.306
2026-07-17T03:30:43.229244Z,drivers,drivers_by_observed_driver_number,"{""driver_number"": 1, ""session_key"": 11234}",0,http_429,"{""detail"":""Rate limit exceeded. Max 30 requests/minute."",""error"":""Too Many Requests""}",0.306
2026-07-17T03:30:43.634311Z,drivers,drivers_by_observed_driver_number,"{""driver_number"": 3, ""session_key"": 11234}",0,http_429,"{""detail"":""Rate limit exceeded. Max 30 requests/minute."",""error"":""Too Many Requests""}",0.304
2026-07-17T03:30:44.046406Z,drivers,drivers_by_observed_driver_number,"{""driver_number"": 5, ""session_key"": 11234}",0,http_429,"{""detail"":""Rate limit exceeded. Max 30 requests/minute."",""error"":""Too Many Requests""}",0.311
2026-07-17T03:30:44.450458Z,drivers,drivers_by_observed_driver_number,"{""driver_number"": 6, ""session_key"": 11234}",0,http_429,"{""detail"":""Rate limit exceeded. Max 30 requests/minute."",""error"":""Too Many Requests""}",0.303
2026-07-17T03:30:44.855560Z,drivers,drivers_by_observed_driver_number,"{""driver_number"": 10, ""session_key"": 11234}",0,http_429,"{""detail"":""Rate limit exceeded. Max 30 requests/minute."",""error"":""Too Many Requests""}",0.304
2026-07-17T03:30:45.259622Z,drivers,drivers_by_observed_driver_number,"{""driver_number"": 11, ""session_key"": 11234}",0,http_429,"{""detail"":""Rate limit exceeded. Max 30 requests/minute."",""error"":""Too Many Requests""}",0.303
2026-07-17T03:30:45.666397Z,drivers,drivers_by_observed_driver_number,"{""driver_number"": 12, ""session_key"": 11234}",0,http_429,"{""detail"":""Rate limit exceeded. Max 30 requests/minute."",""error"":""Too Many Requests""}",0.306
2026-07-17T03:30:46.074401Z,drivers,drivers_by_observed_driver_number,"{""driver_number"": 14, ""session_key"": 11234}",0,http_429,"{""detail"":""Rate limit exceeded. Max 30 requests/minute."",""error"":""Too Many Requests""}",0.307
2026-07-17T03:30:46.483231Z,drivers,drivers_by_observed_driver_number,"{""driver_number"": 16, ""session_key"": 11234}",0,http_429,"{""detail"":""Rate limit exceeded. Max 30 requests/minute."",""error"":""Too Many Requests""}",0.308
2026-07-17T03:30:46.887188Z,drivers,drivers_by_observed_driver_number,"{""driver_number"": 18, ""session_key"": 11234}",0,http_429,"{""detail"":""Rate limit exceeded. Max 30 requests/minute."",""error"":""Too Many Requests""}",0.303
2026-07-17T03:30:47.290963Z,drivers,drivers_by_observed_driver_number,"{""driver_number"": 23, ""session_key"": 11234}",0,http_429,"{""detail"":""Rate limit exceeded. Max 30 requests/minute."",""error"":""Too Many Requests""}",0.303
2026-07-17T03:30:47.700328Z,drivers,drivers_by_observed_driver_number,"{""driver_number"": 27, ""session_key"": 11234}",0,http_429,"{""detail"":""Rate limit exceeded. Max 30 requests/minute."",""error"":""Too Many Requests""}",0.308
2026-07-17T03:30:48.104716Z,drivers,drivers_by_observed_driver_number,"{""driver_number"": 30, ""session_key"": 11234}",0,http_429,"{""detail"":""Rate limit exceeded. Max 30 requests/minute."",""error"":""Too Many Requests""}",0.303
2026-07-17T03:30:48.510714Z,drivers,drivers_by_observed_driver_number,"{""driver_number"": 31, ""session_key"": 11234}",0,http_429,"{""detail"":""Rate limit exceeded. Max 30 requests/minute."",""error"":""Too Many Requests""}",0.305
2026-07-17T03:30:48.920523Z,drivers,drivers_by_observed_driver_number,"{""driver_number"": 41, ""session_key"": 11234}",0,http_429,"{""detail"":""Rate limit exceeded. Max 30 requests/minute."",""error"":""Too Many Requests""}",0.309
2026-07-17T03:30:49.329500Z,drivers,drivers_by_observed_driver_number,"{""driver_number"": 43, ""session_key"": 11234}",0,http_429,"{""detail"":""Rate limit exceeded. Max 30 requests/minute."",""error"":""Too Many Requests""}",0.307
2026-07-17T03:30:49.736189Z,drivers,drivers_by_observed_driver_number,"{""driver_number"": 44, ""session_key"": 11234}",0,http_429,"{""detail"":""Rate limit exceeded. Max 30 requests/minute."",""error"":""Too Many Requests""}",0.306
2026-07-17T03:30:50.141744Z,drivers,drivers_by_observed_driver_number,"{""driver_number"": 55, ""session_key"": 11234}",0,http_429,"{""detail"":""Rate limit exceeded. Max 30 requests/minute."",""error"":""Too Many Requests""}",0.304
2026-07-17T03:30:50.546752Z,drivers,drivers_by_observed_driver_number,"{""driver_number"": 63, ""session_key"": 11234}",0,http_429,"{""detail"":""Rate limit exceeded. Max 30 requests/minute."",""error"":""Too Many Requests""}",0.304
2026-07-17T03:30:50.953929Z,drivers,drivers_by_observed_driver_number,"{""driver_number"": 77, ""session_key"": 11234}",0,http_429,"{""detail"":""Rate limit exceeded. Max 30 requests/minute."",""error"":""Too Many Requests""}",0.306
2026-07-17T03:30:51.360236Z,drivers,drivers_by_observed_driver_number,"{""driver_number"": 81, ""session_key"": 11234}",0,http_429,"{""detail"":""Rate limit exceeded. Max 30 requests/minute."",""error"":""Too Many Requests""}",0.305
2026-07-17T03:30:51.765768Z,drivers,drivers_by_observed_driver_number,"{""driver_number"": 87, ""session_key"": 11234}",0,http_429,"{""detail"":""Rate limit exceeded. Max 30 requests/minute."",""error"":""Too Many Requests""}",0.304
2026-07-17T03:30:52.176893Z,drivers,drivers_by_observed_driver_number,"{""driver_number"": 241, ""session_key"": 11234}",0,http_429,"{""detail"":""Rate limit exceeded. Max 30 requests/minute."",""error"":""Too Many Requests""}",0.31
2026-07-17T03:30:52.588902Z,drivers,drivers_by_observed_driver_number,"{""driver_number"": 243, ""session_key"": 11234}",0,http_429,"{""detail"":""Rate limit exceeded. Max 30 requests/minute."",""error"":""Too Many Requests""}",0.311
2026-07-17T03:30:52.996735Z,drivers,drivers_by_observed_driver_number,"{""driver_number"": 247, ""session_key"": 11234}",0,http_429,"{""detail"":""Rate limit exceeded. Max 30 requests/minute."",""error"":""Too Many Requests""}",0.307
2026-07-17T03:30:53.504630Z,team_radio,team_radio_by_session_key_opportunistic,"{""session_key"": 11234}",0,http_429,"{""detail"":""Rate limit exceeded. Max 30 requests/minute."",""error"":""Too Many Requests""}",0.406
2026-07-17T03:30:53.937197Z,weather,weather_by_session_key,"{""session_key"": 11235}",0,http_429,"{""detail"":""Rate limit exceeded. Max 30 requests/minute."",""error"":""Too Many Requests""}",0.331
2026-07-17T03:30:54.342314Z,race_control,race_control_by_session_key,"{""session_key"": 11235}",0,http_429,"{""detail"":""Rate limit exceeded. Max 30 requests/minute."",""error"":""Too Many Requests""}",0.304
2026-07-17T03:30:54.847981Z,intervals,intervals_by_session_key,"{""session_key"": 11235}",0,http_429,"{""detail"":""Rate limit exceeded. Max 30 requests/minute."",""error"":""Too Many Requests""}",0.404
2026-07-17T03:30:55.356001Z,position,position_by_session_key,"{""session_key"": 11235}",0,http_429,"{""detail"":""Rate limit exceeded. Max 30 requests/minute."",""error"":""Too Many Requests""}",0.407
2026-07-17T03:30:55.783928Z,position,position_by_meeting_key_fallback,"{""meeting_key"": 1280}",0,http_429,"{""detail"":""Rate limit exceeded. Max 30 requests/minute."",""error"":""Too Many Requests""}",0.327
2026-07-17T03:30:56.188083Z,stints,stints_by_session_key,"{""session_key"": 11235}",0,http_429,"{""detail"":""Rate limit exceeded. Max 30 requests/minute."",""error"":""Too Many Requests""}",0.303
2026-07-17T03:30:56.289411Z,pit,skip_non_race_like_session,"{""session_key"": 11235}",0,skipped_not_applicable,pit endpoint is only treated as required for race/sprint-like sessions,0.0
2026-07-17T03:30:56.716777Z,starting_grid,starting_grid_by_session_key,"{""session_key"": 11235}",0,http_429,"{""detail"":""Rate limit exceeded. Max 30 requests/minute."",""error"":""Too Many Requests""}",0.427
2026-07-17T03:30:57.121365Z,drivers,drivers_by_session_key,"{""session_key"": 11235}",0,http_429,"{""detail"":""Rate limit exceeded. Max 30 requests/minute."",""error"":""Too Many Requests""}",0.303
2026-07-17T03:30:57.552513Z,drivers,drivers_by_observed_driver_number,"{""driver_number"": 1, ""session_key"": 11235}",0,http_429,"{""detail"":""Rate limit exceeded. Max 30 requests/minute."",""error"":""Too Many Requests""}",0.326
2026-07-17T03:30:58.097389Z,drivers,drivers_by_observed_driver_number,"{""driver_number"": 3, ""session_key"": 11235}",0,http_429,"{""detail"":""Rate limit exceeded. Max 30 requests/minute."",""error"":""Too Many Requests""}",0.444
2026-07-17T03:30:58.681467Z,drivers,drivers_by_observed_driver_number,"{""driver_number"": 5, ""session_key"": 11235}",0,http_429,"{""detail"":""Rate limit exceeded. Max 30 requests/minute."",""error"":""Too Many Requests""}",0.483
2026-07-17T03:30:59.147001Z,drivers,drivers_by_observed_driver_number,"{""driver_number"": 6, ""session_key"": 11235}",0,http_429,"{""detail"":""Rate limit exceeded. Max 30 requests/minute."",""error"":""Too Many Requests""}",0.364
2026-07-17T03:30:59.551834Z,drivers,drivers_by_observed_driver_number,"{""driver_number"": 10, ""session_key"": 11235}",0,http_429,"{""detail"":""Rate limit exceeded. Max 30 requests/minute."",""error"":""Too Many Requests""}",0.304
2026-07-17T03:31:00.116499Z,drivers,drivers_by_observed_driver_number,"{""driver_number"": 11, ""session_key"": 11235}",1,pass,,0.463
2026-07-17T03:31:00.619581Z,drivers,drivers_by_observed_driver_number,"{""driver_number"": 12, ""session_key"": 11235}",1,pass,,0.402
2026-07-17T03:31:01.216147Z,drivers,drivers_by_observed_driver_number,"{""driver_number"": 14, ""session_key"": 11235}",1,pass,,0.495
2026-07-17T03:31:01.625530Z,drivers,drivers_by_observed_driver_number,"{""driver_number"": 16, ""session_key"": 11235}",1,pass,,0.308
2026-07-17T03:31:02.033422Z,drivers,drivers_by_observed_driver_number,"{""driver_number"": 18, ""session_key"": 11235}",1,pass,,0.307
2026-07-17T03:31:02.444802Z,drivers,drivers_by_observed_driver_number,"{""driver_number"": 23, ""session_key"": 11235}",1,pass,,0.31
2026-07-17T03:31:02.952518Z,drivers,drivers_by_observed_driver_number,"{""driver_number"": 27, ""session_key"": 11235}",1,pass,,0.406
2026-07-17T03:31:03.457467Z,drivers,drivers_by_observed_driver_number,"{""driver_number"": 30, ""session_key"": 11235}",1,pass,,0.404
2026-07-17T03:31:03.865329Z,drivers,drivers_by_observed_driver_number,"{""driver_number"": 31, ""session_key"": 11235}",1,pass,,0.307
2026-07-17T03:31:04.272861Z,drivers,drivers_by_observed_driver_number,"{""driver_number"": 41, ""session_key"": 11235}",1,pass,,0.306
2026-07-17T03:31:04.678908Z,drivers,drivers_by_observed_driver_number,"{""driver_number"": 43, ""session_key"": 11235}",1,pass,,0.305
2026-07-17T03:31:05.174352Z,drivers,drivers_by_observed_driver_number,"{""driver_number"": 44, ""session_key"": 11235}",1,pass,,0.394
2026-07-17T03:31:05.681395Z,drivers,drivers_by_observed_driver_number,"{""driver_number"": 55, ""session_key"": 11235}",1,pass,,0.406
2026-07-17T03:31:06.088151Z,drivers,drivers_by_observed_driver_number,"{""driver_number"": 63, ""session_key"": 11235}",1,pass,,0.306
2026-07-17T03:31:06.495544Z,drivers,drivers_by_observed_driver_number,"{""driver_number"": 77, ""session_key"": 11235}",1,pass,,0.306
2026-07-17T03:31:06.903119Z,drivers,drivers_by_observed_driver_number,"{""driver_number"": 81, ""session_key"": 11235}",1,pass,,0.306
2026-07-17T03:31:07.309442Z,drivers,drivers_by_observed_driver_number,"{""driver_number"": 87, ""session_key"": 11235}",1,pass,,0.305
2026-07-17T03:31:07.726544Z,drivers,drivers_by_observed_driver_number,"{""driver_number"": 241, ""session_key"": 11235}",0,http_404,"{""detail"":""No results found.""}",0.316
2026-07-17T03:31:08.190905Z,drivers,drivers_by_observed_driver_number,"{""driver_number"": 243, ""session_key"": 11235}",0,http_404,"{""detail"":""No results found.""}",0.363
2026-07-17T03:31:08.600911Z,drivers,drivers_by_observed_driver_number,"{""driver_number"": 247, ""session_key"": 11235}",0,http_404,"{""detail"":""No results found.""}",0.309
2026-07-17T03:31:09.014801Z,team_radio,team_radio_by_session_key_opportunistic,"{""session_key"": 11235}",0,http_404,"{""detail"":""No results found.""}",0.31
2026-07-17T03:31:09.424528Z,weather,weather_by_session_key,"{""session_key"": 11236}",60,pass,,0.308
2026-07-17T03:31:09.836576Z,race_control,race_control_by_session_key,"{""session_key"": 11236}",43,pass,,0.31
2026-07-17T03:31:10.244577Z,intervals,intervals_by_session_key,"{""session_key"": 11236}",0,http_404,"{""detail"":""No results found.""}",0.306
2026-07-17T03:31:10.813005Z,position,position_by_session_key,"{""session_key"": 11236}",1041,pass,,0.467
2026-07-17T03:31:11.317440Z,stints,stints_by_session_key,"{""session_key"": 11236}",24,pass,,0.402
2026-07-17T03:31:11.727893Z,pit,pit_by_session_key,"{""session_key"": 11236}",48,pass,,0.309
2026-07-17T03:31:12.195181Z,starting_grid,starting_grid_by_session_key,"{""session_key"": 11236}",22,pass,,0.365
2026-07-17T03:31:12.603480Z,drivers,drivers_by_session_key,"{""session_key"": 11236}",22,pass,,0.306
2026-07-17T03:31:13.010172Z,team_radio,team_radio_by_session_key_opportunistic,"{""session_key"": 11236}",0,http_404,"{""detail"":""No results found.""}",0.305
2026-07-17T03:31:13.415349Z,weather,weather_by_session_key,"{""session_key"": 11240}",0,http_429,"{""detail"":""Rate limit exceeded. Max 30 requests/minute."",""error"":""Too Many Requests""}",0.304
2026-07-17T03:31:13.820336Z,race_control,race_control_by_session_key,"{""session_key"": 11240}",0,http_429,"{""detail"":""Rate limit exceeded. Max 30 requests/minute."",""error"":""Too Many Requests""}",0.304
2026-07-17T03:31:14.230652Z,intervals,intervals_by_session_key,"{""session_key"": 11240}",0,http_429,"{""detail"":""Rate limit exceeded. Max 30 requests/minute."",""error"":""Too Many Requests""}",0.309
2026-07-17T03:31:14.636393Z,position,position_by_session_key,"{""session_key"": 11240}",0,http_429,"{""detail"":""Rate limit exceeded. Max 30 requests/minute."",""error"":""Too Many Requests""}",0.305
2026-07-17T03:31:15.050233Z,position,position_by_meeting_key_fallback,"{""meeting_key"": 1280}",0,http_429,"{""detail"":""Rate limit exceeded. Max 30 requests/minute."",""error"":""Too Many Requests""}",0.313
2026-07-17T03:31:15.456573Z,stints,stints_by_session_key,"{""session_key"": 11240}",0,http_429,"{""detail"":""Rate limit exceeded. Max 30 requests/minute."",""error"":""Too Many Requests""}",0.305
2026-07-17T03:31:15.861131Z,pit,pit_by_session_key,"{""session_key"": 11240}",0,http_429,"{""detail"":""Rate limit exceeded. Max 30 requests/minute."",""error"":""Too Many Requests""}",0.303
2026-07-17T03:31:16.269014Z,starting_grid,starting_grid_by_session_key,"{""session_key"": 11240}",0,http_429,"{""detail"":""Rate limit exceeded. Max 30 requests/minute."",""error"":""Too Many Requests""}",0.307
2026-07-17T03:31:16.675415Z,drivers,drivers_by_session_key,"{""session_key"": 11240}",0,http_429,"{""detail"":""Rate limit exceeded. Max 30 requests/minute."",""error"":""Too Many Requests""}",0.305
2026-07-17T03:31:17.084912Z,drivers,drivers_by_observed_driver_number,"{""driver_number"": 1, ""session_key"": 11240}",0,http_429,"{""detail"":""Rate limit exceeded. Max 30 requests/minute."",""error"":""Too Many Requests""}",0.304
2026-07-17T03:31:17.494862Z,drivers,drivers_by_observed_driver_number,"{""driver_number"": 3, ""session_key"": 11240}",0,http_429,"{""detail"":""Rate limit exceeded. Max 30 requests/minute."",""error"":""Too Many Requests""}",0.309
2026-07-17T03:31:18.004709Z,drivers,drivers_by_observed_driver_number,"{""driver_number"": 5, ""session_key"": 11240}",0,http_429,"{""detail"":""Rate limit exceeded. Max 30 requests/minute."",""error"":""Too Many Requests""}",0.409
2026-07-17T03:31:18.411603Z,drivers,drivers_by_observed_driver_number,"{""driver_number"": 6, ""session_key"": 11240}",0,http_429,"{""detail"":""Rate limit exceeded. Max 30 requests/minute."",""error"":""Too Many Requests""}",0.306
2026-07-17T03:31:18.816280Z,drivers,drivers_by_observed_driver_number,"{""driver_number"": 10, ""session_key"": 11240}",0,http_429,"{""detail"":""Rate limit exceeded. Max 30 requests/minute."",""error"":""Too Many Requests""}",0.303
2026-07-17T03:31:19.237445Z,drivers,drivers_by_observed_driver_number,"{""driver_number"": 11, ""session_key"": 11240}",0,http_429,"{""detail"":""Rate limit exceeded. Max 30 requests/minute."",""error"":""Too Many Requests""}",0.32
2026-07-17T03:31:19.643767Z,drivers,drivers_by_observed_driver_number,"{""driver_number"": 12, ""session_key"": 11240}",0,http_429,"{""detail"":""Rate limit exceeded. Max 30 requests/minute."",""error"":""Too Many Requests""}",0.305
2026-07-17T03:31:20.052203Z,drivers,drivers_by_observed_driver_number,"{""driver_number"": 14, ""session_key"": 11240}",0,http_429,"{""detail"":""Rate limit exceeded. Max 30 requests/minute."",""error"":""Too Many Requests""}",0.307
2026-07-17T03:31:20.456976Z,drivers,drivers_by_observed_driver_number,"{""driver_number"": 16, ""session_key"": 11240}",0,http_429,"{""detail"":""Rate limit exceeded. Max 30 requests/minute."",""error"":""Too Many Requests""}",0.304
2026-07-17T03:31:20.862774Z,drivers,drivers_by_observed_driver_number,"{""driver_number"": 18, ""session_key"": 11240}",0,http_429,"{""detail"":""Rate limit exceeded. Max 30 requests/minute."",""error"":""Too Many Requests""}",0.305
2026-07-17T03:31:21.275259Z,drivers,drivers_by_observed_driver_number,"{""driver_number"": 23, ""session_key"": 11240}",0,http_429,"{""detail"":""Rate limit exceeded. Max 30 requests/minute."",""error"":""Too Many Requests""}",0.311
2026-07-17T03:31:21.679997Z,drivers,drivers_by_observed_driver_number,"{""driver_number"": 27, ""session_key"": 11240}",0,http_429,"{""detail"":""Rate limit exceeded. Max 30 requests/minute."",""error"":""Too Many Requests""}",0.304
2026-07-17T03:31:22.086158Z,drivers,drivers_by_observed_driver_number,"{""driver_number"": 30, ""session_key"": 11240}",0,http_429,"{""detail"":""Rate limit exceeded. Max 30 requests/minute."",""error"":""Too Many Requests""}",0.305
2026-07-17T03:31:22.506025Z,drivers,drivers_by_observed_driver_number,"{""driver_number"": 31, ""session_key"": 11240}",0,http_429,"{""detail"":""Rate limit exceeded. Max 30 requests/minute."",""error"":""Too Many Requests""}",0.319
2026-07-17T03:31:22.910397Z,drivers,drivers_by_observed_driver_number,"{""driver_number"": 41, ""session_key"": 11240}",0,http_429,"{""detail"":""Rate limit exceeded. Max 30 requests/minute."",""error"":""Too Many Requests""}",0.303
2026-07-17T03:31:23.318967Z,drivers,drivers_by_observed_driver_number,"{""driver_number"": 43, ""session_key"": 11240}",0,http_429,"{""detail"":""Rate limit exceeded. Max 30 requests/minute."",""error"":""Too Many Requests""}",0.307
2026-07-17T03:31:23.726218Z,drivers,drivers_by_observed_driver_number,"{""driver_number"": 44, ""session_key"": 11240}",0,http_429,"{""detail"":""Rate limit exceeded. Max 30 requests/minute."",""error"":""Too Many Requests""}",0.306
2026-07-17T03:31:24.132469Z,drivers,drivers_by_observed_driver_number,"{""driver_number"": 55, ""session_key"": 11240}",0,http_429,"{""detail"":""Rate limit exceeded. Max 30 requests/minute."",""error"":""Too Many Requests""}",0.305
2026-07-17T03:31:24.539692Z,drivers,drivers_by_observed_driver_number,"{""driver_number"": 63, ""session_key"": 11240}",0,http_429,"{""detail"":""Rate limit exceeded. Max 30 requests/minute."",""error"":""Too Many Requests""}",0.306
2026-07-17T03:31:24.948114Z,drivers,drivers_by_observed_driver_number,"{""driver_number"": 77, ""session_key"": 11240}",0,http_429,"{""detail"":""Rate limit exceeded. Max 30 requests/minute."",""error"":""Too Many Requests""}",0.307
2026-07-17T03:31:25.357337Z,drivers,drivers_by_observed_driver_number,"{""driver_number"": 81, ""session_key"": 11240}",0,http_429,"{""detail"":""Rate limit exceeded. Max 30 requests/minute."",""error"":""Too Many Requests""}",0.308
2026-07-17T03:31:25.765955Z,drivers,drivers_by_observed_driver_number,"{""driver_number"": 87, ""session_key"": 11240}",0,http_429,"{""detail"":""Rate limit exceeded. Max 30 requests/minute."",""error"":""Too Many Requests""}",0.307
2026-07-17T03:31:26.172417Z,drivers,drivers_by_observed_driver_number,"{""driver_number"": 241, ""session_key"": 11240}",0,http_429,"{""detail"":""Rate limit exceeded. Max 30 requests/minute."",""error"":""Too Many Requests""}",0.305
2026-07-17T03:31:26.579181Z,drivers,drivers_by_observed_driver_number,"{""driver_number"": 243, ""session_key"": 11240}",0,http_429,"{""detail"":""Rate limit exceeded. Max 30 requests/minute."",""error"":""Too Many Requests""}",0.306
2026-07-17T03:31:26.986208Z,drivers,drivers_by_observed_driver_number,"{""driver_number"": 247, ""session_key"": 11240}",0,http_429,"{""detail"":""Rate limit exceeded. Max 30 requests/minute."",""error"":""Too Many Requests""}",0.306
2026-07-17T03:31:27.391023Z,team_radio,team_radio_by_session_key_opportunistic,"{""session_key"": 11240}",0,http_429,"{""detail"":""Rate limit exceeded. Max 30 requests/minute."",""error"":""Too Many Requests""}",0.303
2026-07-17T03:31:27.795949Z,weather,weather_by_session_key,"{""session_key"": 11241}",0,http_429,"{""detail"":""Rate limit exceeded. Max 30 requests/minute."",""error"":""Too Many Requests""}",0.303
2026-07-17T03:31:28.201948Z,race_control,race_control_by_session_key,"{""session_key"": 11241}",0,http_429,"{""detail"":""Rate limit exceeded. Max 30 requests/minute."",""error"":""Too Many Requests""}",0.305
2026-07-17T03:31:28.606116Z,intervals,intervals_by_session_key,"{""session_key"": 11241}",0,http_429,"{""detail"":""Rate limit exceeded. Max 30 requests/minute."",""error"":""Too Many Requests""}",0.303
2026-07-17T03:31:29.015316Z,position,position_by_session_key,"{""session_key"": 11241}",0,http_429,"{""detail"":""Rate limit exceeded. Max 30 requests/minute."",""error"":""Too Many Requests""}",0.308
2026-07-17T03:31:29.420842Z,position,position_by_meeting_key_fallback,"{""meeting_key"": 1280}",0,http_429,"{""detail"":""Rate limit exceeded. Max 30 requests/minute."",""error"":""Too Many Requests""}",0.304
2026-07-17T03:31:29.826035Z,stints,stints_by_session_key,"{""session_key"": 11241}",0,http_429,"{""detail"":""Rate limit exceeded. Max 30 requests/minute."",""error"":""Too Many Requests""}",0.304
2026-07-17T03:31:29.927330Z,pit,skip_non_race_like_session,"{""session_key"": 11241}",0,skipped_not_applicable,pit endpoint is only treated as required for race/sprint-like sessions,0.0
2026-07-17T03:31:30.230549Z,starting_grid,starting_grid_by_session_key,"{""session_key"": 11241}",0,http_429,"{""detail"":""Rate limit exceeded. Max 30 requests/minute."",""error"":""Too Many Requests""}",0.303
2026-07-17T03:31:30.635832Z,drivers,drivers_by_session_key,"{""session_key"": 11241}",0,http_429,"{""detail"":""Rate limit exceeded. Max 30 requests/minute."",""error"":""Too Many Requests""}",0.304
2026-07-17T03:31:31.045555Z,drivers,drivers_by_observed_driver_number,"{""driver_number"": 1, ""session_key"": 11241}",0,http_429,"{""detail"":""Rate limit exceeded. Max 30 requests/minute."",""error"":""Too Many Requests""}",0.304
2026-07-17T03:31:31.455691Z,drivers,drivers_by_observed_driver_number,"{""driver_number"": 3, ""session_key"": 11241}",0,http_429,"{""detail"":""Rate limit exceeded. Max 30 requests/minute."",""error"":""Too Many Requests""}",0.309
2026-07-17T03:31:31.864630Z,drivers,drivers_by_observed_driver_number,"{""driver_number"": 5, ""session_key"": 11241}",0,http_429,"{""detail"":""Rate limit exceeded. Max 30 requests/minute."",""error"":""Too Many Requests""}",0.308
2026-07-17T03:31:32.270313Z,drivers,drivers_by_observed_driver_number,"{""driver_number"": 6, ""session_key"": 11241}",0,http_429,"{""detail"":""Rate limit exceeded. Max 30 requests/minute."",""error"":""Too Many Requests""}",0.305
2026-07-17T03:31:32.674569Z,drivers,drivers_by_observed_driver_number,"{""driver_number"": 10, ""session_key"": 11241}",0,http_429,"{""detail"":""Rate limit exceeded. Max 30 requests/minute."",""error"":""Too Many Requests""}",0.303
2026-07-17T03:31:33.082661Z,drivers,drivers_by_observed_driver_number,"{""driver_number"": 11, ""session_key"": 11241}",0,http_429,"{""detail"":""Rate limit exceeded. Max 30 requests/minute."",""error"":""Too Many Requests""}",0.307
2026-07-17T03:31:33.487087Z,drivers,drivers_by_observed_driver_number,"{""driver_number"": 12, ""session_key"": 11241}",0,http_429,"{""detail"":""Rate limit exceeded. Max 30 requests/minute."",""error"":""Too Many Requests""}",0.303
2026-07-17T03:31:33.891231Z,drivers,drivers_by_observed_driver_number,"{""driver_number"": 14, ""session_key"": 11241}",0,http_429,"{""detail"":""Rate limit exceeded. Max 30 requests/minute."",""error"":""Too Many Requests""}",0.303
2026-07-17T03:31:34.295708Z,drivers,drivers_by_observed_driver_number,"{""driver_number"": 16, ""session_key"": 11241}",0,http_429,"{""detail"":""Rate limit exceeded. Max 30 requests/minute."",""error"":""Too Many Requests""}",0.303
2026-07-17T03:31:34.701029Z,drivers,drivers_by_observed_driver_number,"{""driver_number"": 18, ""session_key"": 11241}",0,http_429,"{""detail"":""Rate limit exceeded. Max 30 requests/minute."",""error"":""Too Many Requests""}",0.304
2026-07-17T03:31:35.106775Z,drivers,drivers_by_observed_driver_number,"{""driver_number"": 23, ""session_key"": 11241}",0,http_429,"{""detail"":""Rate limit exceeded. Max 30 requests/minute."",""error"":""Too Many Requests""}",0.305
2026-07-17T03:31:35.519369Z,drivers,drivers_by_observed_driver_number,"{""driver_number"": 27, ""session_key"": 11241}",0,http_429,"{""detail"":""Rate limit exceeded. Max 30 requests/minute."",""error"":""Too Many Requests""}",0.311
2026-07-17T03:31:35.925138Z,drivers,drivers_by_observed_driver_number,"{""driver_number"": 30, ""session_key"": 11241}",0,http_429,"{""detail"":""Rate limit exceeded. Max 30 requests/minute."",""error"":""Too Many Requests""}",0.304
2026-07-17T03:31:36.331211Z,drivers,drivers_by_observed_driver_number,"{""driver_number"": 31, ""session_key"": 11241}",0,http_429,"{""detail"":""Rate limit exceeded. Max 30 requests/minute."",""error"":""Too Many Requests""}",0.305
2026-07-17T03:31:36.740224Z,drivers,drivers_by_observed_driver_number,"{""driver_number"": 41, ""session_key"": 11241}",0,http_429,"{""detail"":""Rate limit exceeded. Max 30 requests/minute."",""error"":""Too Many Requests""}",0.308
2026-07-17T03:31:37.147594Z,drivers,drivers_by_observed_driver_number,"{""driver_number"": 43, ""session_key"": 11241}",0,http_429,"{""detail"":""Rate limit exceeded. Max 30 requests/minute."",""error"":""Too Many Requests""}",0.306
2026-07-17T03:31:37.553552Z,drivers,drivers_by_observed_driver_number,"{""driver_number"": 44, ""session_key"": 11241}",0,http_429,"{""detail"":""Rate limit exceeded. Max 30 requests/minute."",""error"":""Too Many Requests""}",0.305
2026-07-17T03:31:37.961153Z,drivers,drivers_by_observed_driver_number,"{""driver_number"": 55, ""session_key"": 11241}",0,http_429,"{""detail"":""Rate limit exceeded. Max 30 requests/minute."",""error"":""Too Many Requests""}",0.306
2026-07-17T03:31:38.366715Z,drivers,drivers_by_observed_driver_number,"{""driver_number"": 63, ""session_key"": 11241}",0,http_429,"{""detail"":""Rate limit exceeded. Max 30 requests/minute."",""error"":""Too Many Requests""}",0.304
2026-07-17T03:31:38.770547Z,drivers,drivers_by_observed_driver_number,"{""driver_number"": 77, ""session_key"": 11241}",0,http_429,"{""detail"":""Rate limit exceeded. Max 30 requests/minute."",""error"":""Too Many Requests""}",0.303
2026-07-17T03:31:39.181784Z,drivers,drivers_by_observed_driver_number,"{""driver_number"": 81, ""session_key"": 11241}",0,http_429,"{""detail"":""Rate limit exceeded. Max 30 requests/minute."",""error"":""Too Many Requests""}",0.31
2026-07-17T03:31:39.586613Z,drivers,drivers_by_observed_driver_number,"{""driver_number"": 87, ""session_key"": 11241}",0,http_429,"{""detail"":""Rate limit exceeded. Max 30 requests/minute."",""error"":""Too Many Requests""}",0.304
2026-07-17T03:31:40.014748Z,drivers,drivers_by_observed_driver_number,"{""driver_number"": 241, ""session_key"": 11241}",0,http_429,"{""detail"":""Rate limit exceeded. Max 30 requests/minute."",""error"":""Too Many Requests""}",0.327
2026-07-17T03:31:40.428557Z,drivers,drivers_by_observed_driver_number,"{""driver_number"": 243, ""session_key"": 11241}",0,http_429,"{""detail"":""Rate limit exceeded. Max 30 requests/minute."",""error"":""Too Many Requests""}",0.313
2026-07-17T03:31:40.836112Z,drivers,drivers_by_observed_driver_number,"{""driver_number"": 247, ""session_key"": 11241}",0,http_429,"{""detail"":""Rate limit exceeded. Max 30 requests/minute."",""error"":""Too Many Requests""}",0.306
2026-07-17T03:31:41.240906Z,team_radio,team_radio_by_session_key_opportunistic,"{""session_key"": 11241}",0,http_429,"{""detail"":""Rate limit exceeded. Max 30 requests/minute."",""error"":""Too Many Requests""}",0.303
2026-07-17T03:31:41.648745Z,weather,weather_by_session_key,"{""session_key"": 11245}",0,http_429,"{""detail"":""Rate limit exceeded. Max 30 requests/minute."",""error"":""Too Many Requests""}",0.307
2026-07-17T03:31:42.052771Z,race_control,race_control_by_session_key,"{""session_key"": 11245}",0,http_429,"{""detail"":""Rate limit exceeded. Max 30 requests/minute."",""error"":""Too Many Requests""}",0.303
2026-07-17T03:31:42.457772Z,intervals,intervals_by_session_key,"{""session_key"": 11245}",0,http_429,"{""detail"":""Rate limit exceeded. Max 30 requests/minute."",""error"":""Too Many Requests""}",0.304
2026-07-17T03:31:42.861793Z,position,position_by_session_key,"{""session_key"": 11245}",0,http_429,"{""detail"":""Rate limit exceeded. Max 30 requests/minute."",""error"":""Too Many Requests""}",0.303
2026-07-17T03:31:43.265197Z,position,position_by_meeting_key_fallback,"{""meeting_key"": 1280}",0,http_429,"{""detail"":""Rate limit exceeded. Max 30 requests/minute."",""error"":""Too Many Requests""}",0.302
2026-07-17T03:31:43.669661Z,stints,stints_by_session_key,"{""session_key"": 11245}",0,http_429,"{""detail"":""Rate limit exceeded. Max 30 requests/minute."",""error"":""Too Many Requests""}",0.303
2026-07-17T03:31:44.074610Z,pit,pit_by_session_key,"{""session_key"": 11245}",0,http_429,"{""detail"":""Rate limit exceeded. Max 30 requests/minute."",""error"":""Too Many Requests""}",0.304
2026-07-17T03:31:44.479098Z,starting_grid,starting_grid_by_session_key,"{""session_key"": 11245}",0,http_429,"{""detail"":""Rate limit exceeded. Max 30 requests/minute."",""error"":""Too Many Requests""}",0.303
2026-07-17T03:31:44.888962Z,drivers,drivers_by_session_key,"{""session_key"": 11245}",0,http_429,"{""detail"":""Rate limit exceeded. Max 30 requests/minute."",""error"":""Too Many Requests""}",0.309
2026-07-17T03:31:45.298397Z,drivers,drivers_by_observed_driver_number,"{""driver_number"": 1, ""session_key"": 11245}",0,http_429,"{""detail"":""Rate limit exceeded. Max 30 requests/minute."",""error"":""Too Many Requests""}",0.304
2026-07-17T03:31:45.704936Z,drivers,drivers_by_observed_driver_number,"{""driver_number"": 3, ""session_key"": 11245}",0,http_429,"{""detail"":""Rate limit exceeded. Max 30 requests/minute."",""error"":""Too Many Requests""}",0.305
2026-07-17T03:31:46.108847Z,drivers,drivers_by_observed_driver_number,"{""driver_number"": 5, ""session_key"": 11245}",0,http_429,"{""detail"":""Rate limit exceeded. Max 30 requests/minute."",""error"":""Too Many Requests""}",0.303
2026-07-17T03:31:46.512669Z,drivers,drivers_by_observed_driver_number,"{""driver_number"": 6, ""session_key"": 11245}",0,http_429,"{""detail"":""Rate limit exceeded. Max 30 requests/minute."",""error"":""Too Many Requests""}",0.303
2026-07-17T03:31:46.917215Z,drivers,drivers_by_observed_driver_number,"{""driver_number"": 10, ""session_key"": 11245}",0,http_429,"{""detail"":""Rate limit exceeded. Max 30 requests/minute."",""error"":""Too Many Requests""}",0.303
2026-07-17T03:31:47.327410Z,drivers,drivers_by_observed_driver_number,"{""driver_number"": 11, ""session_key"": 11245}",0,http_429,"{""detail"":""Rate limit exceeded. Max 30 requests/minute."",""error"":""Too Many Requests""}",0.309
2026-07-17T03:31:47.734251Z,drivers,drivers_by_observed_driver_number,"{""driver_number"": 12, ""session_key"": 11245}",0,http_429,"{""detail"":""Rate limit exceeded. Max 30 requests/minute."",""error"":""Too Many Requests""}",0.306
2026-07-17T03:31:48.140372Z,drivers,drivers_by_observed_driver_number,"{""driver_number"": 14, ""session_key"": 11245}",0,http_429,"{""detail"":""Rate limit exceeded. Max 30 requests/minute."",""error"":""Too Many Requests""}",0.305
2026-07-17T03:31:48.544003Z,drivers,drivers_by_observed_driver_number,"{""driver_number"": 16, ""session_key"": 11245}",0,http_429,"{""detail"":""Rate limit exceeded. Max 30 requests/minute."",""error"":""Too Many Requests""}",0.303
2026-07-17T03:31:48.951705Z,drivers,drivers_by_observed_driver_number,"{""driver_number"": 18, ""session_key"": 11245}",0,http_429,"{""detail"":""Rate limit exceeded. Max 30 requests/minute."",""error"":""Too Many Requests""}",0.307
2026-07-17T03:31:49.361789Z,drivers,drivers_by_observed_driver_number,"{""driver_number"": 23, ""session_key"": 11245}",0,http_429,"{""detail"":""Rate limit exceeded. Max 30 requests/minute."",""error"":""Too Many Requests""}",0.309
2026-07-17T03:31:49.769110Z,drivers,drivers_by_observed_driver_number,"{""driver_number"": 27, ""session_key"": 11245}",0,http_429,"{""detail"":""Rate limit exceeded. Max 30 requests/minute."",""error"":""Too Many Requests""}",0.306
2026-07-17T03:31:50.177213Z,drivers,drivers_by_observed_driver_number,"{""driver_number"": 30, ""session_key"": 11245}",0,http_429,"{""detail"":""Rate limit exceeded. Max 30 requests/minute."",""error"":""Too Many Requests""}",0.307
2026-07-17T03:31:50.582155Z,drivers,drivers_by_observed_driver_number,"{""driver_number"": 31, ""session_key"": 11245}",0,http_429,"{""detail"":""Rate limit exceeded. Max 30 requests/minute."",""error"":""Too Many Requests""}",0.304
2026-07-17T03:31:50.985727Z,drivers,drivers_by_observed_driver_number,"{""driver_number"": 41, ""session_key"": 11245}",0,http_429,"{""detail"":""Rate limit exceeded. Max 30 requests/minute."",""error"":""Too Many Requests""}",0.302
2026-07-17T03:31:51.390434Z,drivers,drivers_by_observed_driver_number,"{""driver_number"": 43, ""session_key"": 11245}",0,http_429,"{""detail"":""Rate limit exceeded. Max 30 requests/minute."",""error"":""Too Many Requests""}",0.304
2026-07-17T03:31:51.795219Z,drivers,drivers_by_observed_driver_number,"{""driver_number"": 44, ""session_key"": 11245}",0,http_429,"{""detail"":""Rate limit exceeded. Max 30 requests/minute."",""error"":""Too Many Requests""}",0.304
2026-07-17T03:31:52.199334Z,drivers,drivers_by_observed_driver_number,"{""driver_number"": 55, ""session_key"": 11245}",0,http_429,"{""detail"":""Rate limit exceeded. Max 30 requests/minute."",""error"":""Too Many Requests""}",0.303
2026-07-17T03:31:52.603068Z,drivers,drivers_by_observed_driver_number,"{""driver_number"": 63, ""session_key"": 11245}",0,http_429,"{""detail"":""Rate limit exceeded. Max 30 requests/minute."",""error"":""Too Many Requests""}",0.303
2026-07-17T03:31:53.008389Z,drivers,drivers_by_observed_driver_number,"{""driver_number"": 77, ""session_key"": 11245}",0,http_429,"{""detail"":""Rate limit exceeded. Max 30 requests/minute."",""error"":""Too Many Requests""}",0.304
2026-07-17T03:31:53.413003Z,drivers,drivers_by_observed_driver_number,"{""driver_number"": 81, ""session_key"": 11245}",0,http_429,"{""detail"":""Rate limit exceeded. Max 30 requests/minute."",""error"":""Too Many Requests""}",0.304
2026-07-17T03:31:53.818120Z,drivers,drivers_by_observed_driver_number,"{""driver_number"": 87, ""session_key"": 11245}",0,http_429,"{""detail"":""Rate limit exceeded. Max 30 requests/minute."",""error"":""Too Many Requests""}",0.304
2026-07-17T03:31:54.226353Z,drivers,drivers_by_observed_driver_number,"{""driver_number"": 241, ""session_key"": 11245}",0,http_429,"{""detail"":""Rate limit exceeded. Max 30 requests/minute."",""error"":""Too Many Requests""}",0.307
2026-07-17T03:31:54.630789Z,drivers,drivers_by_observed_driver_number,"{""driver_number"": 243, ""session_key"": 11245}",0,http_429,"{""detail"":""Rate limit exceeded. Max 30 requests/minute."",""error"":""Too Many Requests""}",0.303
2026-07-17T03:31:55.043749Z,drivers,drivers_by_observed_driver_number,"{""driver_number"": 247, ""session_key"": 11245}",0,http_429,"{""detail"":""Rate limit exceeded. Max 30 requests/minute."",""error"":""Too Many Requests""}",0.312
2026-07-17T03:31:55.452074Z,team_radio,team_radio_by_session_key_opportunistic,"{""session_key"": 11245}",0,http_429,"{""detail"":""Rate limit exceeded. Max 30 requests/minute."",""error"":""Too Many Requests""}",0.307
2026-07-17T03:31:55.857314Z,weather,weather_by_session_key,"{""session_key"": 11246}",0,http_429,"{""detail"":""Rate limit exceeded. Max 30 requests/minute."",""error"":""Too Many Requests""}",0.304
2026-07-17T03:31:56.262672Z,race_control,race_control_by_session_key,"{""session_key"": 11246}",0,http_429,"{""detail"":""Rate limit exceeded. Max 30 requests/minute."",""error"":""Too Many Requests""}",0.304
2026-07-17T03:31:56.668744Z,intervals,intervals_by_session_key,"{""session_key"": 11246}",0,http_429,"{""detail"":""Rate limit exceeded. Max 30 requests/minute."",""error"":""Too Many Requests""}",0.305
2026-07-17T03:31:57.082232Z,position,position_by_session_key,"{""session_key"": 11246}",0,http_429,"{""detail"":""Rate limit exceeded. Max 30 requests/minute."",""error"":""Too Many Requests""}",0.312
2026-07-17T03:31:57.485915Z,position,position_by_meeting_key_fallback,"{""meeting_key"": 1281}",0,http_429,"{""detail"":""Rate limit exceeded. Max 30 requests/minute."",""error"":""Too Many Requests""}",0.303
2026-07-17T03:31:57.890895Z,stints,stints_by_session_key,"{""session_key"": 11246}",0,http_429,"{""detail"":""Rate limit exceeded. Max 30 requests/minute."",""error"":""Too Many Requests""}",0.304
2026-07-17T03:31:57.992333Z,pit,skip_non_race_like_session,"{""session_key"": 11246}",0,skipped_not_applicable,pit endpoint is only treated as required for race/sprint-like sessions,0.0
2026-07-17T03:31:58.294779Z,starting_grid,starting_grid_by_session_key,"{""session_key"": 11246}",0,http_429,"{""detail"":""Rate limit exceeded. Max 30 requests/minute."",""error"":""Too Many Requests""}",0.302
2026-07-17T03:31:58.698422Z,drivers,drivers_by_session_key,"{""session_key"": 11246}",0,http_429,"{""detail"":""Rate limit exceeded. Max 30 requests/minute."",""error"":""Too Many Requests""}",0.302
2026-07-17T03:31:59.107450Z,drivers,drivers_by_observed_driver_number,"{""driver_number"": 1, ""session_key"": 11246}",0,http_429,"{""detail"":""Rate limit exceeded. Max 30 requests/minute."",""error"":""Too Many Requests""}",0.303
2026-07-17T03:31:59.512023Z,drivers,drivers_by_observed_driver_number,"{""driver_number"": 3, ""session_key"": 11246}",0,http_429,"{""detail"":""Rate limit exceeded. Max 30 requests/minute."",""error"":""Too Many Requests""}",0.303
2026-07-17T03:31:59.916795Z,drivers,drivers_by_observed_driver_number,"{""driver_number"": 5, ""session_key"": 11246}",0,http_429,"{""detail"":""Rate limit exceeded. Max 30 requests/minute."",""error"":""Too Many Requests""}",0.304
2026-07-17T03:32:00.322505Z,drivers,drivers_by_observed_driver_number,"{""driver_number"": 6, ""session_key"": 11246}",1,pass,,0.305
2026-07-17T03:32:00.727384Z,drivers,drivers_by_observed_driver_number,"{""driver_number"": 10, ""session_key"": 11246}",1,pass,,0.304
2026-07-17T03:32:01.133737Z,drivers,drivers_by_observed_driver_number,"{""driver_number"": 11, ""session_key"": 11246}",1,pass,,0.305
2026-07-17T03:32:01.540778Z,drivers,drivers_by_observed_driver_number,"{""driver_number"": 12, ""session_key"": 11246}",1,pass,,0.306
2026-07-17T03:32:01.946698Z,drivers,drivers_by_observed_driver_number,"{""driver_number"": 14, ""session_key"": 11246}",1,pass,,0.305
2026-07-17T03:32:02.353784Z,drivers,drivers_by_observed_driver_number,"{""driver_number"": 16, ""session_key"": 11246}",2,pass,,0.306
2026-07-17T03:32:02.764001Z,drivers,drivers_by_observed_driver_number,"{""driver_number"": 18, ""session_key"": 11246}",2,pass,,0.309
2026-07-17T03:32:03.168690Z,drivers,drivers_by_observed_driver_number,"{""driver_number"": 23, ""session_key"": 11246}",2,pass,,0.304
2026-07-17T03:32:03.574570Z,drivers,drivers_by_observed_driver_number,"{""driver_number"": 27, ""session_key"": 11246}",2,pass,,0.305
2026-07-17T03:32:03.979825Z,drivers,drivers_by_observed_driver_number,"{""driver_number"": 30, ""session_key"": 11246}",2,pass,,0.304
2026-07-17T03:32:04.386316Z,drivers,drivers_by_observed_driver_number,"{""driver_number"": 31, ""session_key"": 11246}",2,pass,,0.305
2026-07-17T03:32:04.793896Z,drivers,drivers_by_observed_driver_number,"{""driver_number"": 41, ""session_key"": 11246}",1,pass,,0.306
2026-07-17T03:32:05.201827Z,drivers,drivers_by_observed_driver_number,"{""driver_number"": 43, ""session_key"": 11246}",1,pass,,0.307
2026-07-17T03:32:05.608622Z,drivers,drivers_by_observed_driver_number,"{""driver_number"": 44, ""session_key"": 11246}",1,pass,,0.306
2026-07-17T03:32:06.015549Z,drivers,drivers_by_observed_driver_number,"{""driver_number"": 55, ""session_key"": 11246}",1,pass,,0.306
2026-07-17T03:32:06.425012Z,drivers,drivers_by_observed_driver_number,"{""driver_number"": 63, ""session_key"": 11246}",1,pass,,0.308
2026-07-17T03:32:06.830633Z,drivers,drivers_by_observed_driver_number,"{""driver_number"": 77, ""session_key"": 11246}",1,pass,,0.304
2026-07-17T03:32:07.237883Z,drivers,drivers_by_observed_driver_number,"{""driver_number"": 81, ""session_key"": 11246}",1,pass,,0.306
2026-07-17T03:32:07.648174Z,drivers,drivers_by_observed_driver_number,"{""driver_number"": 87, ""session_key"": 11246}",1,pass,,0.309
2026-07-17T03:32:08.054776Z,drivers,drivers_by_observed_driver_number,"{""driver_number"": 241, ""session_key"": 11246}",0,http_404,"{""detail"":""No results found.""}",0.305
2026-07-17T03:32:08.460671Z,drivers,drivers_by_observed_driver_number,"{""driver_number"": 243, ""session_key"": 11246}",0,http_404,"{""detail"":""No results found.""}",0.305
2026-07-17T03:32:08.867000Z,drivers,drivers_by_observed_driver_number,"{""driver_number"": 247, ""session_key"": 11246}",0,http_404,"{""detail"":""No results found.""}",0.305
2026-07-17T03:32:09.275902Z,team_radio,team_radio_by_session_key_opportunistic,"{""session_key"": 11246}",0,http_404,"{""detail"":""No results found.""}",0.304
2026-07-17T03:32:09.690000Z,weather,weather_by_session_key,"{""session_key"": 11247}",85,pass,,0.313
2026-07-17T03:32:10.103576Z,race_control,race_control_by_session_key,"{""session_key"": 11247}",66,pass,,0.312
2026-07-17T03:32:10.521423Z,intervals,intervals_by_session_key,"{""session_key"": 11247}",0,http_404,"{""detail"":""No results found.""}",0.316
2026-07-17T03:32:10.945495Z,position,position_by_session_key,"{""session_key"": 11247}",576,pass,,0.323
2026-07-17T03:32:11.357612Z,stints,stints_by_session_key,"{""session_key"": 11247}",89,pass,,0.31
2026-07-17T03:32:11.459453Z,pit,skip_non_race_like_session,"{""session_key"": 11247}",0,skipped_not_applicable,pit endpoint is only treated as required for race/sprint-like sessions,0.0
2026-07-17T03:32:11.770824Z,starting_grid,starting_grid_by_session_key,"{""session_key"": 11247}",0,http_404,"{""detail"":""No results found.""}",0.311
2026-07-17T03:32:12.178434Z,drivers,drivers_by_session_key,"{""session_key"": 11247}",22,pass,,0.306
2026-07-17T03:32:12.585748Z,team_radio,team_radio_by_session_key_opportunistic,"{""session_key"": 11247}",0,http_429,"{""detail"":""Rate limit exceeded. Max 30 requests/minute."",""error"":""Too Many Requests""}",0.305
2026-07-17T03:32:12.990097Z,weather,weather_by_session_key,"{""session_key"": 11248}",0,http_429,"{""detail"":""Rate limit exceeded. Max 30 requests/minute."",""error"":""Too Many Requests""}",0.303
2026-07-17T03:32:13.394072Z,race_control,race_control_by_session_key,"{""session_key"": 11248}",0,http_429,"{""detail"":""Rate limit exceeded. Max 30 requests/minute."",""error"":""Too Many Requests""}",0.303
2026-07-17T03:32:13.797865Z,intervals,intervals_by_session_key,"{""session_key"": 11248}",0,http_429,"{""detail"":""Rate limit exceeded. Max 30 requests/minute."",""error"":""Too Many Requests""}",0.303
2026-07-17T03:32:14.205457Z,position,position_by_session_key,"{""session_key"": 11248}",0,http_429,"{""detail"":""Rate limit exceeded. Max 30 requests/minute."",""error"":""Too Many Requests""}",0.306
2026-07-17T03:32:14.611030Z,position,position_by_meeting_key_fallback,"{""meeting_key"": 1281}",0,http_429,"{""detail"":""Rate limit exceeded. Max 30 requests/minute."",""error"":""Too Many Requests""}",0.304
2026-07-17T03:32:15.023007Z,stints,stints_by_session_key,"{""session_key"": 11248}",0,http_429,"{""detail"":""Rate limit exceeded. Max 30 requests/minute."",""error"":""Too Many Requests""}",0.311
2026-07-17T03:32:15.124318Z,pit,skip_non_race_like_session,"{""session_key"": 11248}",0,skipped_not_applicable,pit endpoint is only treated as required for race/sprint-like sessions,0.0
2026-07-17T03:32:15.428264Z,starting_grid,starting_grid_by_session_key,"{""session_key"": 11248}",0,http_429,"{""detail"":""Rate limit exceeded. Max 30 requests/minute."",""error"":""Too Many Requests""}",0.304
2026-07-17T03:32:15.833640Z,drivers,drivers_by_session_key,"{""session_key"": 11248}",0,http_429,"{""detail"":""Rate limit exceeded. Max 30 requests/minute."",""error"":""Too Many Requests""}",0.304
2026-07-17T03:32:16.244280Z,drivers,drivers_by_observed_driver_number,"{""driver_number"": 1, ""session_key"": 11248}",0,http_429,"{""detail"":""Rate limit exceeded. Max 30 requests/minute."",""error"":""Too Many Requests""}",0.304
2026-07-17T03:32:16.648348Z,drivers,drivers_by_observed_driver_number,"{""driver_number"": 3, ""session_key"": 11248}",0,http_429,"{""detail"":""Rate limit exceeded. Max 30 requests/minute."",""error"":""Too Many Requests""}",0.303
2026-07-17T03:32:17.054615Z,drivers,drivers_by_observed_driver_number,"{""driver_number"": 5, ""session_key"": 11248}",0,http_429,"{""detail"":""Rate limit exceeded. Max 30 requests/minute."",""error"":""Too Many Requests""}",0.305
2026-07-17T03:32:17.463596Z,drivers,drivers_by_observed_driver_number,"{""driver_number"": 6, ""session_key"": 11248}",0,http_429,"{""detail"":""Rate limit exceeded. Max 30 requests/minute."",""error"":""Too Many Requests""}",0.308
2026-07-17T03:32:17.868036Z,drivers,drivers_by_observed_driver_number,"{""driver_number"": 10, ""session_key"": 11248}",0,http_429,"{""detail"":""Rate limit exceeded. Max 30 requests/minute."",""error"":""Too Many Requests""}",0.303
2026-07-17T03:32:18.278783Z,drivers,drivers_by_observed_driver_number,"{""driver_number"": 11, ""session_key"": 11248}",0,http_429,"{""detail"":""Rate limit exceeded. Max 30 requests/minute."",""error"":""Too Many Requests""}",0.31
2026-07-17T03:32:18.682768Z,drivers,drivers_by_observed_driver_number,"{""driver_number"": 12, ""session_key"": 11248}",0,http_429,"{""detail"":""Rate limit exceeded. Max 30 requests/minute."",""error"":""Too Many Requests""}",0.303
2026-07-17T03:32:19.091148Z,drivers,drivers_by_observed_driver_number,"{""driver_number"": 14, ""session_key"": 11248}",0,http_429,"{""detail"":""Rate limit exceeded. Max 30 requests/minute."",""error"":""Too Many Requests""}",0.307
2026-07-17T03:32:19.508649Z,drivers,drivers_by_observed_driver_number,"{""driver_number"": 16, ""session_key"": 11248}",0,http_429,"{""detail"":""Rate limit exceeded. Max 30 requests/minute."",""error"":""Too Many Requests""}",0.316
2026-07-17T03:32:19.914137Z,drivers,drivers_by_observed_driver_number,"{""driver_number"": 18, ""session_key"": 11248}",0,http_429,"{""detail"":""Rate limit exceeded. Max 30 requests/minute."",""error"":""Too Many Requests""}",0.304
2026-07-17T03:32:20.322528Z,drivers,drivers_by_observed_driver_number,"{""driver_number"": 23, ""session_key"": 11248}",0,http_429,"{""detail"":""Rate limit exceeded. Max 30 requests/minute."",""error"":""Too Many Requests""}",0.307
2026-07-17T03:32:20.726754Z,drivers,drivers_by_observed_driver_number,"{""driver_number"": 27, ""session_key"": 11248}",0,http_429,"{""detail"":""Rate limit exceeded. Max 30 requests/minute."",""error"":""Too Many Requests""}",0.303
2026-07-17T03:32:21.134175Z,drivers,drivers_by_observed_driver_number,"{""driver_number"": 30, ""session_key"": 11248}",0,http_429,"{""detail"":""Rate limit exceeded. Max 30 requests/minute."",""error"":""Too Many Requests""}",0.306
2026-07-17T03:32:21.538022Z,drivers,drivers_by_observed_driver_number,"{""driver_number"": 31, ""session_key"": 11248}",0,http_429,"{""detail"":""Rate limit exceeded. Max 30 requests/minute."",""error"":""Too Many Requests""}",0.303
2026-07-17T03:32:21.944612Z,drivers,drivers_by_observed_driver_number,"{""driver_number"": 41, ""session_key"": 11248}",0,http_429,"{""detail"":""Rate limit exceeded. Max 30 requests/minute."",""error"":""Too Many Requests""}",0.305
2026-07-17T03:32:22.353769Z,drivers,drivers_by_observed_driver_number,"{""driver_number"": 43, ""session_key"": 11248}",0,http_429,"{""detail"":""Rate limit exceeded. Max 30 requests/minute."",""error"":""Too Many Requests""}",0.308
2026-07-17T03:32:22.760977Z,drivers,drivers_by_observed_driver_number,"{""driver_number"": 44, ""session_key"": 11248}",0,http_429,"{""detail"":""Rate limit exceeded. Max 30 requests/minute."",""error"":""Too Many Requests""}",0.306
2026-07-17T03:32:23.167680Z,drivers,drivers_by_observed_driver_number,"{""driver_number"": 55, ""session_key"": 11248}",0,http_429,"{""detail"":""Rate limit exceeded. Max 30 requests/minute."",""error"":""Too Many Requests""}",0.306
2026-07-17T03:32:23.574958Z,drivers,drivers_by_observed_driver_number,"{""driver_number"": 63, ""session_key"": 11248}",0,http_429,"{""detail"":""Rate limit exceeded. Max 30 requests/minute."",""error"":""Too Many Requests""}",0.306
2026-07-17T03:32:23.981816Z,drivers,drivers_by_observed_driver_number,"{""driver_number"": 77, ""session_key"": 11248}",0,http_429,"{""detail"":""Rate limit exceeded. Max 30 requests/minute."",""error"":""Too Many Requests""}",0.306
2026-07-17T03:32:24.389571Z,drivers,drivers_by_observed_driver_number,"{""driver_number"": 81, ""session_key"": 11248}",0,http_429,"{""detail"":""Rate limit exceeded. Max 30 requests/minute."",""error"":""Too Many Requests""}",0.307
2026-07-17T03:32:24.796784Z,drivers,drivers_by_observed_driver_number,"{""driver_number"": 87, ""session_key"": 11248}",0,http_429,"{""detail"":""Rate limit exceeded. Max 30 requests/minute."",""error"":""Too Many Requests""}",0.306
2026-07-17T03:32:25.202560Z,drivers,drivers_by_observed_driver_number,"{""driver_number"": 241, ""session_key"": 11248}",0,http_429,"{""detail"":""Rate limit exceeded. Max 30 requests/minute."",""error"":""Too Many Requests""}",0.304
2026-07-17T03:32:25.608889Z,drivers,drivers_by_observed_driver_number,"{""driver_number"": 243, ""session_key"": 11248}",0,http_429,"{""detail"":""Rate limit exceeded. Max 30 requests/minute."",""error"":""Too Many Requests""}",0.305
2026-07-17T03:32:26.018393Z,drivers,drivers_by_observed_driver_number,"{""driver_number"": 247, ""session_key"": 11248}",0,http_429,"{""detail"":""Rate limit exceeded. Max 30 requests/minute."",""error"":""Too Many Requests""}",0.308
2026-07-17T03:32:26.424594Z,team_radio,team_radio_by_session_key_opportunistic,"{""session_key"": 11248}",0,http_429,"{""detail"":""Rate limit exceeded. Max 30 requests/minute."",""error"":""Too Many Requests""}",0.305
2026-07-17T03:32:26.831427Z,weather,weather_by_session_key,"{""session_key"": 11249}",0,http_429,"{""detail"":""Rate limit exceeded. Max 30 requests/minute."",""error"":""Too Many Requests""}",0.305
2026-07-17T03:32:27.238824Z,race_control,race_control_by_session_key,"{""session_key"": 11249}",0,http_429,"{""detail"":""Rate limit exceeded. Max 30 requests/minute."",""error"":""Too Many Requests""}",0.306
2026-07-17T03:32:27.644751Z,intervals,intervals_by_session_key,"{""session_key"": 11249}",0,http_429,"{""detail"":""Rate limit exceeded. Max 30 requests/minute."",""error"":""Too Many Requests""}",0.304
2026-07-17T03:32:28.050072Z,position,position_by_session_key,"{""session_key"": 11249}",0,http_429,"{""detail"":""Rate limit exceeded. Max 30 requests/minute."",""error"":""Too Many Requests""}",0.304
2026-07-17T03:32:28.479207Z,position,position_by_meeting_key_fallback,"{""meeting_key"": 1281}",0,http_429,"{""detail"":""Rate limit exceeded. Max 30 requests/minute."",""error"":""Too Many Requests""}",0.328
2026-07-17T03:32:28.883672Z,stints,stints_by_session_key,"{""session_key"": 11249}",0,http_429,"{""detail"":""Rate limit exceeded. Max 30 requests/minute."",""error"":""Too Many Requests""}",0.303
2026-07-17T03:32:28.984915Z,pit,skip_non_race_like_session,"{""session_key"": 11249}",0,skipped_not_applicable,pit endpoint is only treated as required for race/sprint-like sessions,0.0
2026-07-17T03:32:29.290363Z,starting_grid,starting_grid_by_session_key,"{""session_key"": 11249}",0,http_429,"{""detail"":""Rate limit exceeded. Max 30 requests/minute."",""error"":""Too Many Requests""}",0.305
2026-07-17T03:32:29.701157Z,drivers,drivers_by_session_key,"{""session_key"": 11249}",0,http_429,"{""detail"":""Rate limit exceeded. Max 30 requests/minute."",""error"":""Too Many Requests""}",0.31
2026-07-17T03:32:30.114208Z,drivers,drivers_by_observed_driver_number,"{""driver_number"": 1, ""session_key"": 11249}",0,http_429,"{""detail"":""Rate limit exceeded. Max 30 requests/minute."",""error"":""Too Many Requests""}",0.307
2026-07-17T03:32:30.519208Z,drivers,drivers_by_observed_driver_number,"{""driver_number"": 3, ""session_key"": 11249}",0,http_429,"{""detail"":""Rate limit exceeded. Max 30 requests/minute."",""error"":""Too Many Requests""}",0.304
2026-07-17T03:32:30.925941Z,drivers,drivers_by_observed_driver_number,"{""driver_number"": 5, ""session_key"": 11249}",0,http_429,"{""detail"":""Rate limit exceeded. Max 30 requests/minute."",""error"":""Too Many Requests""}",0.306
2026-07-17T03:32:31.330846Z,drivers,drivers_by_observed_driver_number,"{""driver_number"": 6, ""session_key"": 11249}",0,http_429,"{""detail"":""Rate limit exceeded. Max 30 requests/minute."",""error"":""Too Many Requests""}",0.304
2026-07-17T03:32:31.742628Z,drivers,drivers_by_observed_driver_number,"{""driver_number"": 10, ""session_key"": 11249}",0,http_429,"{""detail"":""Rate limit exceeded. Max 30 requests/minute."",""error"":""Too Many Requests""}",0.311
2026-07-17T03:32:32.146921Z,drivers,drivers_by_observed_driver_number,"{""driver_number"": 11, ""session_key"": 11249}",0,http_429,"{""detail"":""Rate limit exceeded. Max 30 requests/minute."",""error"":""Too Many Requests""}",0.303
2026-07-17T03:32:32.554554Z,drivers,drivers_by_observed_driver_number,"{""driver_number"": 12, ""session_key"": 11249}",0,http_429,"{""detail"":""Rate limit exceeded. Max 30 requests/minute."",""error"":""Too Many Requests""}",0.306
2026-07-17T03:32:32.959522Z,drivers,drivers_by_observed_driver_number,"{""driver_number"": 14, ""session_key"": 11249}",0,http_429,"{""detail"":""Rate limit exceeded. Max 30 requests/minute."",""error"":""Too Many Requests""}",0.304
2026-07-17T03:32:33.370327Z,drivers,drivers_by_observed_driver_number,"{""driver_number"": 16, ""session_key"": 11249}",0,http_429,"{""detail"":""Rate limit exceeded. Max 30 requests/minute."",""error"":""Too Many Requests""}",0.31
2026-07-17T03:32:33.776806Z,drivers,drivers_by_observed_driver_number,"{""driver_number"": 18, ""session_key"": 11249}",0,http_429,"{""detail"":""Rate limit exceeded. Max 30 requests/minute."",""error"":""Too Many Requests""}",0.305
2026-07-17T03:32:34.182242Z,drivers,drivers_by_observed_driver_number,"{""driver_number"": 23, ""session_key"": 11249}",0,http_429,"{""detail"":""Rate limit exceeded. Max 30 requests/minute."",""error"":""Too Many Requests""}",0.304
2026-07-17T03:32:34.587186Z,drivers,drivers_by_observed_driver_number,"{""driver_number"": 27, ""session_key"": 11249}",0,http_429,"{""detail"":""Rate limit exceeded. Max 30 requests/minute."",""error"":""Too Many Requests""}",0.304
2026-07-17T03:32:34.994459Z,drivers,drivers_by_observed_driver_number,"{""driver_number"": 30, ""session_key"": 11249}",0,http_429,"{""detail"":""Rate limit exceeded. Max 30 requests/minute."",""error"":""Too Many Requests""}",0.306
2026-07-17T03:32:35.399353Z,drivers,drivers_by_observed_driver_number,"{""driver_number"": 31, ""session_key"": 11249}",0,http_429,"{""detail"":""Rate limit exceeded. Max 30 requests/minute."",""error"":""Too Many Requests""}",0.304
2026-07-17T03:32:35.807711Z,drivers,drivers_by_observed_driver_number,"{""driver_number"": 41, ""session_key"": 11249}",0,http_429,"{""detail"":""Rate limit exceeded. Max 30 requests/minute."",""error"":""Too Many Requests""}",0.307
2026-07-17T03:32:36.212080Z,drivers,drivers_by_observed_driver_number,"{""driver_number"": 43, ""session_key"": 11249}",0,http_429,"{""detail"":""Rate limit exceeded. Max 30 requests/minute."",""error"":""Too Many Requests""}",0.303
2026-07-17T03:32:36.619392Z,drivers,drivers_by_observed_driver_number,"{""driver_number"": 44, ""session_key"": 11249}",0,http_429,"{""detail"":""Rate limit exceeded. Max 30 requests/minute."",""error"":""Too Many Requests""}",0.306
2026-07-17T03:32:37.024646Z,drivers,drivers_by_observed_driver_number,"{""driver_number"": 55, ""session_key"": 11249}",0,http_429,"{""detail"":""Rate limit exceeded. Max 30 requests/minute."",""error"":""Too Many Requests""}",0.304
2026-07-17T03:32:37.429197Z,drivers,drivers_by_observed_driver_number,"{""driver_number"": 63, ""session_key"": 11249}",0,http_429,"{""detail"":""Rate limit exceeded. Max 30 requests/minute."",""error"":""Too Many Requests""}",0.303
2026-07-17T03:32:37.839709Z,drivers,drivers_by_observed_driver_number,"{""driver_number"": 77, ""session_key"": 11249}",0,http_429,"{""detail"":""Rate limit exceeded. Max 30 requests/minute."",""error"":""Too Many Requests""}",0.309
2026-07-17T03:32:38.251219Z,drivers,drivers_by_observed_driver_number,"{""driver_number"": 81, ""session_key"": 11249}",0,http_429,"{""detail"":""Rate limit exceeded. Max 30 requests/minute."",""error"":""Too Many Requests""}",0.31
2026-07-17T03:32:38.656461Z,drivers,drivers_by_observed_driver_number,"{""driver_number"": 87, ""session_key"": 11249}",0,http_429,"{""detail"":""Rate limit exceeded. Max 30 requests/minute."",""error"":""Too Many Requests""}",0.304
2026-07-17T03:32:39.080602Z,drivers,drivers_by_observed_driver_number,"{""driver_number"": 241, ""session_key"": 11249}",0,http_429,"{""detail"":""Rate limit exceeded. Max 30 requests/minute."",""error"":""Too Many Requests""}",0.323
2026-07-17T03:32:39.490516Z,drivers,drivers_by_observed_driver_number,"{""driver_number"": 243, ""session_key"": 11249}",0,http_429,"{""detail"":""Rate limit exceeded. Max 30 requests/minute."",""error"":""Too Many Requests""}",0.309
2026-07-17T03:32:39.897230Z,drivers,drivers_by_observed_driver_number,"{""driver_number"": 247, ""session_key"": 11249}",0,http_429,"{""detail"":""Rate limit exceeded. Max 30 requests/minute."",""error"":""Too Many Requests""}",0.306
2026-07-17T03:32:40.305926Z,team_radio,team_radio_by_session_key_opportunistic,"{""session_key"": 11249}",0,http_429,"{""detail"":""Rate limit exceeded. Max 30 requests/minute."",""error"":""Too Many Requests""}",0.307
2026-07-17T03:32:40.710985Z,weather,weather_by_session_key,"{""session_key"": 11253}",0,http_429,"{""detail"":""Rate limit exceeded. Max 30 requests/minute."",""error"":""Too Many Requests""}",0.304
2026-07-17T03:32:41.116316Z,race_control,race_control_by_session_key,"{""session_key"": 11253}",0,http_429,"{""detail"":""Rate limit exceeded. Max 30 requests/minute."",""error"":""Too Many Requests""}",0.304
2026-07-17T03:32:41.521207Z,intervals,intervals_by_session_key,"{""session_key"": 11253}",0,http_429,"{""detail"":""Rate limit exceeded. Max 30 requests/minute."",""error"":""Too Many Requests""}",0.304
2026-07-17T03:32:41.926614Z,position,position_by_session_key,"{""session_key"": 11253}",0,http_429,"{""detail"":""Rate limit exceeded. Max 30 requests/minute."",""error"":""Too Many Requests""}",0.304
2026-07-17T03:32:42.336727Z,position,position_by_meeting_key_fallback,"{""meeting_key"": 1281}",0,http_429,"{""detail"":""Rate limit exceeded. Max 30 requests/minute."",""error"":""Too Many Requests""}",0.309
2026-07-17T03:32:42.743222Z,stints,stints_by_session_key,"{""session_key"": 11253}",0,http_429,"{""detail"":""Rate limit exceeded. Max 30 requests/minute."",""error"":""Too Many Requests""}",0.305
2026-07-17T03:32:43.150090Z,pit,pit_by_session_key,"{""session_key"": 11253}",0,http_429,"{""detail"":""Rate limit exceeded. Max 30 requests/minute."",""error"":""Too Many Requests""}",0.306
2026-07-17T03:32:43.555103Z,starting_grid,starting_grid_by_session_key,"{""session_key"": 11253}",0,http_429,"{""detail"":""Rate limit exceeded. Max 30 requests/minute."",""error"":""Too Many Requests""}",0.304
2026-07-17T03:32:43.959325Z,drivers,drivers_by_session_key,"{""session_key"": 11253}",0,http_429,"{""detail"":""Rate limit exceeded. Max 30 requests/minute."",""error"":""Too Many Requests""}",0.303
2026-07-17T03:32:44.369508Z,drivers,drivers_by_observed_driver_number,"{""driver_number"": 1, ""session_key"": 11253}",0,http_429,"{""detail"":""Rate limit exceeded. Max 30 requests/minute."",""error"":""Too Many Requests""}",0.304
2026-07-17T03:32:44.774461Z,drivers,drivers_by_observed_driver_number,"{""driver_number"": 3, ""session_key"": 11253}",0,http_429,"{""detail"":""Rate limit exceeded. Max 30 requests/minute."",""error"":""Too Many Requests""}",0.304
2026-07-17T03:32:45.179167Z,drivers,drivers_by_observed_driver_number,"{""driver_number"": 5, ""session_key"": 11253}",0,http_429,"{""detail"":""Rate limit exceeded. Max 30 requests/minute."",""error"":""Too Many Requests""}",0.303
2026-07-17T03:32:45.587330Z,drivers,drivers_by_observed_driver_number,"{""driver_number"": 6, ""session_key"": 11253}",0,http_429,"{""detail"":""Rate limit exceeded. Max 30 requests/minute."",""error"":""Too Many Requests""}",0.307
2026-07-17T03:32:46.001223Z,drivers,drivers_by_observed_driver_number,"{""driver_number"": 10, ""session_key"": 11253}",0,http_429,"{""detail"":""Rate limit exceeded. Max 30 requests/minute."",""error"":""Too Many Requests""}",0.313
2026-07-17T03:32:46.405352Z,drivers,drivers_by_observed_driver_number,"{""driver_number"": 11, ""session_key"": 11253}",0,http_429,"{""detail"":""Rate limit exceeded. Max 30 requests/minute."",""error"":""Too Many Requests""}",0.303
2026-07-17T03:32:46.810343Z,drivers,drivers_by_observed_driver_number,"{""driver_number"": 12, ""session_key"": 11253}",0,http_429,"{""detail"":""Rate limit exceeded. Max 30 requests/minute."",""error"":""Too Many Requests""}",0.304
2026-07-17T03:32:47.215380Z,drivers,drivers_by_observed_driver_number,"{""driver_number"": 14, ""session_key"": 11253}",0,http_429,"{""detail"":""Rate limit exceeded. Max 30 requests/minute."",""error"":""Too Many Requests""}",0.304
2026-07-17T03:32:47.621169Z,drivers,drivers_by_observed_driver_number,"{""driver_number"": 16, ""session_key"": 11253}",0,http_429,"{""detail"":""Rate limit exceeded. Max 30 requests/minute."",""error"":""Too Many Requests""}",0.305
2026-07-17T03:32:48.026965Z,drivers,drivers_by_observed_driver_number,"{""driver_number"": 18, ""session_key"": 11253}",0,http_429,"{""detail"":""Rate limit exceeded. Max 30 requests/minute."",""error"":""Too Many Requests""}",0.305
2026-07-17T03:32:48.434728Z,drivers,drivers_by_observed_driver_number,"{""driver_number"": 23, ""session_key"": 11253}",0,http_429,"{""detail"":""Rate limit exceeded. Max 30 requests/minute."",""error"":""Too Many Requests""}",0.307
2026-07-17T03:32:48.841256Z,drivers,drivers_by_observed_driver_number,"{""driver_number"": 27, ""session_key"": 11253}",0,http_429,"{""detail"":""Rate limit exceeded. Max 30 requests/minute."",""error"":""Too Many Requests""}",0.305
2026-07-17T03:32:49.248910Z,drivers,drivers_by_observed_driver_number,"{""driver_number"": 30, ""session_key"": 11253}",0,http_429,"{""detail"":""Rate limit exceeded. Max 30 requests/minute."",""error"":""Too Many Requests""}",0.306
2026-07-17T03:32:49.652709Z,drivers,drivers_by_observed_driver_number,"{""driver_number"": 31, ""session_key"": 11253}",0,http_429,"{""detail"":""Rate limit exceeded. Max 30 requests/minute."",""error"":""Too Many Requests""}",0.303
2026-07-17T03:32:50.060989Z,drivers,drivers_by_observed_driver_number,"{""driver_number"": 41, ""session_key"": 11253}",0,http_429,"{""detail"":""Rate limit exceeded. Max 30 requests/minute."",""error"":""Too Many Requests""}",0.307
2026-07-17T03:32:50.465988Z,drivers,drivers_by_observed_driver_number,"{""driver_number"": 43, ""session_key"": 11253}",0,http_429,"{""detail"":""Rate limit exceeded. Max 30 requests/minute."",""error"":""Too Many Requests""}",0.304
2026-07-17T03:32:50.870331Z,drivers,drivers_by_observed_driver_number,"{""driver_number"": 44, ""session_key"": 11253}",0,http_429,"{""detail"":""Rate limit exceeded. Max 30 requests/minute."",""error"":""Too Many Requests""}",0.303
2026-07-17T03:32:51.274520Z,drivers,drivers_by_observed_driver_number,"{""driver_number"": 55, ""session_key"": 11253}",0,http_429,"{""detail"":""Rate limit exceeded. Max 30 requests/minute."",""error"":""Too Many Requests""}",0.303
2026-07-17T03:32:51.679532Z,drivers,drivers_by_observed_driver_number,"{""driver_number"": 63, ""session_key"": 11253}",0,http_429,"{""detail"":""Rate limit exceeded. Max 30 requests/minute."",""error"":""Too Many Requests""}",0.304
2026-07-17T03:32:52.084220Z,drivers,drivers_by_observed_driver_number,"{""driver_number"": 77, ""session_key"": 11253}",0,http_429,"{""detail"":""Rate limit exceeded. Max 30 requests/minute."",""error"":""Too Many Requests""}",0.303
2026-07-17T03:32:52.490486Z,drivers,drivers_by_observed_driver_number,"{""driver_number"": 81, ""session_key"": 11253}",0,http_429,"{""detail"":""Rate limit exceeded. Max 30 requests/minute."",""error"":""Too Many Requests""}",0.305
2026-07-17T03:32:52.894949Z,drivers,drivers_by_observed_driver_number,"{""driver_number"": 87, ""session_key"": 11253}",0,http_429,"{""detail"":""Rate limit exceeded. Max 30 requests/minute."",""error"":""Too Many Requests""}",0.303
2026-07-17T03:32:53.299872Z,drivers,drivers_by_observed_driver_number,"{""driver_number"": 241, ""session_key"": 11253}",0,http_429,"{""detail"":""Rate limit exceeded. Max 30 requests/minute."",""error"":""Too Many Requests""}",0.304
2026-07-17T03:32:53.706227Z,drivers,drivers_by_observed_driver_number,"{""driver_number"": 243, ""session_key"": 11253}",0,http_429,"{""detail"":""Rate limit exceeded. Max 30 requests/minute."",""error"":""Too Many Requests""}",0.305
2026-07-17T03:32:54.111586Z,drivers,drivers_by_observed_driver_number,"{""driver_number"": 247, ""session_key"": 11253}",0,http_429,"{""detail"":""Rate limit exceeded. Max 30 requests/minute."",""error"":""Too Many Requests""}",0.304
2026-07-17T03:32:54.520037Z,team_radio,team_radio_by_session_key_opportunistic,"{""session_key"": 11253}",0,http_429,"{""detail"":""Rate limit exceeded. Max 30 requests/minute."",""error"":""Too Many Requests""}",0.307
2026-07-17T03:32:54.925523Z,weather,weather_by_session_key,"{""session_key"": 11254}",0,http_429,"{""detail"":""Rate limit exceeded. Max 30 requests/minute."",""error"":""Too Many Requests""}",0.304
2026-07-17T03:32:55.332231Z,race_control,race_control_by_session_key,"{""session_key"": 11254}",0,http_429,"{""detail"":""Rate limit exceeded. Max 30 requests/minute."",""error"":""Too Many Requests""}",0.305
2026-07-17T03:32:55.763781Z,intervals,intervals_by_session_key,"{""session_key"": 11254}",0,http_429,"{""detail"":""Rate limit exceeded. Max 30 requests/minute."",""error"":""Too Many Requests""}",0.33
2026-07-17T03:32:56.172484Z,position,position_by_session_key,"{""session_key"": 11254}",0,http_429,"{""detail"":""Rate limit exceeded. Max 30 requests/minute."",""error"":""Too Many Requests""}",0.307
2026-07-17T03:32:56.584791Z,position,position_by_meeting_key_fallback,"{""meeting_key"": 1282}",0,http_429,"{""detail"":""Rate limit exceeded. Max 30 requests/minute."",""error"":""Too Many Requests""}",0.311
2026-07-17T03:32:56.989822Z,stints,stints_by_session_key,"{""session_key"": 11254}",0,http_429,"{""detail"":""Rate limit exceeded. Max 30 requests/minute."",""error"":""Too Many Requests""}",0.304
2026-07-17T03:32:57.091143Z,pit,skip_non_race_like_session,"{""session_key"": 11254}",0,skipped_not_applicable,pit endpoint is only treated as required for race/sprint-like sessions,0.0
2026-07-17T03:32:57.397486Z,starting_grid,starting_grid_by_session_key,"{""session_key"": 11254}",0,http_429,"{""detail"":""Rate limit exceeded. Max 30 requests/minute."",""error"":""Too Many Requests""}",0.306
2026-07-17T03:32:57.802735Z,drivers,drivers_by_session_key,"{""session_key"": 11254}",0,http_429,"{""detail"":""Rate limit exceeded. Max 30 requests/minute."",""error"":""Too Many Requests""}",0.304
2026-07-17T03:32:58.214379Z,drivers,drivers_by_observed_driver_number,"{""driver_number"": 1, ""session_key"": 11254}",0,http_429,"{""detail"":""Rate limit exceeded. Max 30 requests/minute."",""error"":""Too Many Requests""}",0.305
2026-07-17T03:32:58.619195Z,drivers,drivers_by_observed_driver_number,"{""driver_number"": 3, ""session_key"": 11254}",0,http_429,"{""detail"":""Rate limit exceeded. Max 30 requests/minute."",""error"":""Too Many Requests""}",0.304
2026-07-17T03:32:59.024502Z,drivers,drivers_by_observed_driver_number,"{""driver_number"": 5, ""session_key"": 11254}",0,http_429,"{""detail"":""Rate limit exceeded. Max 30 requests/minute."",""error"":""Too Many Requests""}",0.304
2026-07-17T03:32:59.427923Z,drivers,drivers_by_observed_driver_number,"{""driver_number"": 6, ""session_key"": 11254}",0,http_429,"{""detail"":""Rate limit exceeded. Max 30 requests/minute."",""error"":""Too Many Requests""}",0.302
2026-07-17T03:32:59.832464Z,drivers,drivers_by_observed_driver_number,"{""driver_number"": 10, ""session_key"": 11254}",0,http_429,"{""detail"":""Rate limit exceeded. Max 30 requests/minute."",""error"":""Too Many Requests""}",0.303
2026-07-17T03:33:00.240805Z,drivers,drivers_by_observed_driver_number,"{""driver_number"": 11, ""session_key"": 11254}",1,pass,,0.307
2026-07-17T03:33:00.651534Z,drivers,drivers_by_observed_driver_number,"{""driver_number"": 12, ""session_key"": 11254}",1,pass,,0.31
2026-07-17T03:33:01.068143Z,drivers,drivers_by_observed_driver_number,"{""driver_number"": 14, ""session_key"": 11254}",1,pass,,0.315
2026-07-17T03:33:01.477603Z,drivers,drivers_by_observed_driver_number,"{""driver_number"": 16, ""session_key"": 11254}",1,pass,,0.308
2026-07-17T03:33:01.884812Z,drivers,drivers_by_observed_driver_number,"{""driver_number"": 18, ""session_key"": 11254}",1,pass,,0.306
2026-07-17T03:33:02.291112Z,drivers,drivers_by_observed_driver_number,"{""driver_number"": 23, ""session_key"": 11254}",1,pass,,0.305
2026-07-17T03:33:02.698968Z,drivers,drivers_by_observed_driver_number,"{""driver_number"": 27, ""session_key"": 11254}",1,pass,,0.307
2026-07-17T03:33:03.107497Z,drivers,drivers_by_observed_driver_number,"{""driver_number"": 30, ""session_key"": 11254}",1,pass,,0.307
2026-07-17T03:33:03.515912Z,drivers,drivers_by_observed_driver_number,"{""driver_number"": 31, ""session_key"": 11254}",1,pass,,0.307
2026-07-17T03:33:03.924573Z,drivers,drivers_by_observed_driver_number,"{""driver_number"": 41, ""session_key"": 11254}",1,pass,,0.307
2026-07-17T03:33:04.332305Z,drivers,drivers_by_observed_driver_number,"{""driver_number"": 43, ""session_key"": 11254}",1,pass,,0.307
2026-07-17T03:33:04.739134Z,drivers,drivers_by_observed_driver_number,"{""driver_number"": 44, ""session_key"": 11254}",1,pass,,0.306
2026-07-17T03:33:05.169527Z,drivers,drivers_by_observed_driver_number,"{""driver_number"": 55, ""session_key"": 11254}",1,pass,,0.329
2026-07-17T03:33:05.576245Z,drivers,drivers_by_observed_driver_number,"{""driver_number"": 63, ""session_key"": 11254}",1,pass,,0.305
2026-07-17T03:33:05.985501Z,drivers,drivers_by_observed_driver_number,"{""driver_number"": 77, ""session_key"": 11254}",1,pass,,0.308
2026-07-17T03:33:06.394115Z,drivers,drivers_by_observed_driver_number,"{""driver_number"": 81, ""session_key"": 11254}",1,pass,,0.307
2026-07-17T03:33:06.803345Z,drivers,drivers_by_observed_driver_number,"{""driver_number"": 87, ""session_key"": 11254}",1,pass,,0.308
2026-07-17T03:33:07.215197Z,drivers,drivers_by_observed_driver_number,"{""driver_number"": 241, ""session_key"": 11254}",0,http_404,"{""detail"":""No results found.""}",0.311
2026-07-17T03:33:07.624824Z,drivers,drivers_by_observed_driver_number,"{""driver_number"": 243, ""session_key"": 11254}",0,http_404,"{""detail"":""No results found.""}",0.308
2026-07-17T03:33:08.032981Z,drivers,drivers_by_observed_driver_number,"{""driver_number"": 247, ""session_key"": 11254}",0,http_404,"{""detail"":""No results found.""}",0.307
2026-07-17T03:33:08.452184Z,team_radio,team_radio_by_session_key_opportunistic,"{""session_key"": 11254}",0,http_404,"{""detail"":""No results found.""}",0.315
2026-07-17T03:33:08.863154Z,weather,weather_by_session_key,"{""session_key"": 11255}",0,http_404,"{""detail"":""No results found.""}",0.31
2026-07-17T03:33:09.270684Z,race_control,race_control_by_session_key,"{""session_key"": 11255}",0,http_404,"{""detail"":""No results found.""}",0.306
2026-07-17T03:33:09.677402Z,intervals,intervals_by_session_key,"{""session_key"": 11255}",0,http_404,"{""detail"":""No results found.""}",0.306
2026-07-17T03:33:10.085255Z,position,position_by_session_key,"{""session_key"": 11255}",0,http_404,"{""detail"":""No results found.""}",0.306
2026-07-17T03:33:10.494479Z,position,position_by_meeting_key_fallback,"{""meeting_key"": 1282}",0,http_404,"{""detail"":""No results found.""}",0.308
2026-07-17T03:33:10.901210Z,stints,stints_by_session_key,"{""session_key"": 11255}",0,http_404,"{""detail"":""No results found.""}",0.305
2026-07-17T03:33:11.002519Z,pit,skip_non_race_like_session,"{""session_key"": 11255}",0,skipped_not_applicable,pit endpoint is only treated as required for race/sprint-like sessions,0.0
2026-07-17T03:33:11.328706Z,starting_grid,starting_grid_by_session_key,"{""session_key"": 11255}",0,http_404,"{""detail"":""No results found.""}",0.326
2026-07-17T03:33:11.737199Z,drivers,drivers_by_session_key,"{""session_key"": 11255}",22,pass,,0.307
2026-07-17T03:33:12.143811Z,team_radio,team_radio_by_session_key_opportunistic,"{""session_key"": 11255}",0,http_404,"{""detail"":""No results found.""}",0.305
2026-07-17T03:33:12.549140Z,weather,weather_by_session_key,"{""session_key"": 11256}",0,http_429,"{""detail"":""Rate limit exceeded. Max 30 requests/minute."",""error"":""Too Many Requests""}",0.304
2026-07-17T03:33:12.955465Z,race_control,race_control_by_session_key,"{""session_key"": 11256}",0,http_429,"{""detail"":""Rate limit exceeded. Max 30 requests/minute."",""error"":""Too Many Requests""}",0.305
2026-07-17T03:33:13.361648Z,intervals,intervals_by_session_key,"{""session_key"": 11256}",0,http_429,"{""detail"":""Rate limit exceeded. Max 30 requests/minute."",""error"":""Too Many Requests""}",0.305
2026-07-17T03:33:13.766243Z,position,position_by_session_key,"{""session_key"": 11256}",0,http_429,"{""detail"":""Rate limit exceeded. Max 30 requests/minute."",""error"":""Too Many Requests""}",0.303
2026-07-17T03:33:14.171586Z,position,position_by_meeting_key_fallback,"{""meeting_key"": 1282}",0,http_429,"{""detail"":""Rate limit exceeded. Max 30 requests/minute."",""error"":""Too Many Requests""}",0.304
2026-07-17T03:33:14.580695Z,stints,stints_by_session_key,"{""session_key"": 11256}",0,http_429,"{""detail"":""Rate limit exceeded. Max 30 requests/minute."",""error"":""Too Many Requests""}",0.308
2026-07-17T03:33:14.681989Z,pit,skip_non_race_like_session,"{""session_key"": 11256}",0,skipped_not_applicable,pit endpoint is only treated as required for race/sprint-like sessions,0.0
2026-07-17T03:33:14.988181Z,starting_grid,starting_grid_by_session_key,"{""session_key"": 11256}",0,http_429,"{""detail"":""Rate limit exceeded. Max 30 requests/minute."",""error"":""Too Many Requests""}",0.306
2026-07-17T03:33:15.395764Z,drivers,drivers_by_session_key,"{""session_key"": 11256}",0,http_429,"{""detail"":""Rate limit exceeded. Max 30 requests/minute."",""error"":""Too Many Requests""}",0.306
2026-07-17T03:33:15.807497Z,drivers,drivers_by_observed_driver_number,"{""driver_number"": 1, ""session_key"": 11256}",0,http_429,"{""detail"":""Rate limit exceeded. Max 30 requests/minute."",""error"":""Too Many Requests""}",0.304
2026-07-17T03:33:16.216370Z,drivers,drivers_by_observed_driver_number,"{""driver_number"": 3, ""session_key"": 11256}",0,http_429,"{""detail"":""Rate limit exceeded. Max 30 requests/minute."",""error"":""Too Many Requests""}",0.307
2026-07-17T03:33:16.622976Z,drivers,drivers_by_observed_driver_number,"{""driver_number"": 5, ""session_key"": 11256}",0,http_429,"{""detail"":""Rate limit exceeded. Max 30 requests/minute."",""error"":""Too Many Requests""}",0.305
2026-07-17T03:33:17.030381Z,drivers,drivers_by_observed_driver_number,"{""driver_number"": 6, ""session_key"": 11256}",0,http_429,"{""detail"":""Rate limit exceeded. Max 30 requests/minute."",""error"":""Too Many Requests""}",0.306
2026-07-17T03:33:17.438674Z,drivers,drivers_by_observed_driver_number,"{""driver_number"": 10, ""session_key"": 11256}",0,http_429,"{""detail"":""Rate limit exceeded. Max 30 requests/minute."",""error"":""Too Many Requests""}",0.307
2026-07-17T03:33:17.848332Z,drivers,drivers_by_observed_driver_number,"{""driver_number"": 11, ""session_key"": 11256}",0,http_429,"{""detail"":""Rate limit exceeded. Max 30 requests/minute."",""error"":""Too Many Requests""}",0.308
2026-07-17T03:33:18.258557Z,drivers,drivers_by_observed_driver_number,"{""driver_number"": 12, ""session_key"": 11256}",0,http_429,"{""detail"":""Rate limit exceeded. Max 30 requests/minute."",""error"":""Too Many Requests""}",0.309
2026-07-17T03:33:18.689017Z,drivers,drivers_by_observed_driver_number,"{""driver_number"": 14, ""session_key"": 11256}",0,http_429,"{""detail"":""Rate limit exceeded. Max 30 requests/minute."",""error"":""Too Many Requests""}",0.329
2026-07-17T03:33:19.096872Z,drivers,drivers_by_observed_driver_number,"{""driver_number"": 16, ""session_key"": 11256}",0,http_429,"{""detail"":""Rate limit exceeded. Max 30 requests/minute."",""error"":""Too Many Requests""}",0.307
2026-07-17T03:33:19.503234Z,drivers,drivers_by_observed_driver_number,"{""driver_number"": 18, ""session_key"": 11256}",0,http_429,"{""detail"":""Rate limit exceeded. Max 30 requests/minute."",""error"":""Too Many Requests""}",0.305
2026-07-17T03:33:19.909173Z,drivers,drivers_by_observed_driver_number,"{""driver_number"": 23, ""session_key"": 11256}",0,http_429,"{""detail"":""Rate limit exceeded. Max 30 requests/minute."",""error"":""Too Many Requests""}",0.305
2026-07-17T03:33:20.314871Z,drivers,drivers_by_observed_driver_number,"{""driver_number"": 27, ""session_key"": 11256}",0,http_429,"{""detail"":""Rate limit exceeded. Max 30 requests/minute."",""error"":""Too Many Requests""}",0.304
2026-07-17T03:33:20.726611Z,drivers,drivers_by_observed_driver_number,"{""driver_number"": 30, ""session_key"": 11256}",0,http_429,"{""detail"":""Rate limit exceeded. Max 30 requests/minute."",""error"":""Too Many Requests""}",0.311
2026-07-17T03:33:21.130778Z,drivers,drivers_by_observed_driver_number,"{""driver_number"": 31, ""session_key"": 11256}",0,http_429,"{""detail"":""Rate limit exceeded. Max 30 requests/minute."",""error"":""Too Many Requests""}",0.303
2026-07-17T03:33:21.535452Z,drivers,drivers_by_observed_driver_number,"{""driver_number"": 41, ""session_key"": 11256}",0,http_429,"{""detail"":""Rate limit exceeded. Max 30 requests/minute."",""error"":""Too Many Requests""}",0.303
2026-07-17T03:33:21.942973Z,drivers,drivers_by_observed_driver_number,"{""driver_number"": 43, ""session_key"": 11256}",0,http_429,"{""detail"":""Rate limit exceeded. Max 30 requests/minute."",""error"":""Too Many Requests""}",0.306
2026-07-17T03:33:22.349694Z,drivers,drivers_by_observed_driver_number,"{""driver_number"": 44, ""session_key"": 11256}",0,http_429,"{""detail"":""Rate limit exceeded. Max 30 requests/minute."",""error"":""Too Many Requests""}",0.305
2026-07-17T03:33:22.754646Z,drivers,drivers_by_observed_driver_number,"{""driver_number"": 55, ""session_key"": 11256}",0,http_429,"{""detail"":""Rate limit exceeded. Max 30 requests/minute."",""error"":""Too Many Requests""}",0.304
2026-07-17T03:33:23.163257Z,drivers,drivers_by_observed_driver_number,"{""driver_number"": 63, ""session_key"": 11256}",0,http_429,"{""detail"":""Rate limit exceeded. Max 30 requests/minute."",""error"":""Too Many Requests""}",0.307
2026-07-17T03:33:23.568540Z,drivers,drivers_by_observed_driver_number,"{""driver_number"": 77, ""session_key"": 11256}",0,http_429,"{""detail"":""Rate limit exceeded. Max 30 requests/minute."",""error"":""Too Many Requests""}",0.304
2026-07-17T03:33:23.972862Z,drivers,drivers_by_observed_driver_number,"{""driver_number"": 81, ""session_key"": 11256}",0,http_429,"{""detail"":""Rate limit exceeded. Max 30 requests/minute."",""error"":""Too Many Requests""}",0.303
2026-07-17T03:33:24.380691Z,drivers,drivers_by_observed_driver_number,"{""driver_number"": 87, ""session_key"": 11256}",0,http_429,"{""detail"":""Rate limit exceeded. Max 30 requests/minute."",""error"":""Too Many Requests""}",0.307
2026-07-17T03:33:24.807769Z,drivers,drivers_by_observed_driver_number,"{""driver_number"": 241, ""session_key"": 11256}",0,http_429,"{""detail"":""Rate limit exceeded. Max 30 requests/minute."",""error"":""Too Many Requests""}",0.326
2026-07-17T03:33:25.212270Z,drivers,drivers_by_observed_driver_number,"{""driver_number"": 243, ""session_key"": 11256}",0,http_429,"{""detail"":""Rate limit exceeded. Max 30 requests/minute."",""error"":""Too Many Requests""}",0.303
2026-07-17T03:33:25.620151Z,drivers,drivers_by_observed_driver_number,"{""driver_number"": 247, ""session_key"": 11256}",0,http_429,"{""detail"":""Rate limit exceeded. Max 30 requests/minute."",""error"":""Too Many Requests""}",0.307
2026-07-17T03:33:26.024764Z,team_radio,team_radio_by_session_key_opportunistic,"{""session_key"": 11256}",0,http_429,"{""detail"":""Rate limit exceeded. Max 30 requests/minute."",""error"":""Too Many Requests""}",0.303
2026-07-17T03:33:26.432607Z,weather,weather_by_session_key,"{""session_key"": 11257}",0,http_429,"{""detail"":""Rate limit exceeded. Max 30 requests/minute."",""error"":""Too Many Requests""}",0.306
2026-07-17T03:33:26.836835Z,race_control,race_control_by_session_key,"{""session_key"": 11257}",0,http_429,"{""detail"":""Rate limit exceeded. Max 30 requests/minute."",""error"":""Too Many Requests""}",0.303
2026-07-17T03:33:27.242514Z,intervals,intervals_by_session_key,"{""session_key"": 11257}",0,http_429,"{""detail"":""Rate limit exceeded. Max 30 requests/minute."",""error"":""Too Many Requests""}",0.304
2026-07-17T03:33:27.649374Z,position,position_by_session_key,"{""session_key"": 11257}",0,http_429,"{""detail"":""Rate limit exceeded. Max 30 requests/minute."",""error"":""Too Many Requests""}",0.306
2026-07-17T03:33:28.057694Z,position,position_by_meeting_key_fallback,"{""meeting_key"": 1282}",0,http_429,"{""detail"":""Rate limit exceeded. Max 30 requests/minute."",""error"":""Too Many Requests""}",0.307
2026-07-17T03:33:28.464149Z,stints,stints_by_session_key,"{""session_key"": 11257}",0,http_429,"{""detail"":""Rate limit exceeded. Max 30 requests/minute."",""error"":""Too Many Requests""}",0.305
2026-07-17T03:33:28.565459Z,pit,skip_non_race_like_session,"{""session_key"": 11257}",0,skipped_not_applicable,pit endpoint is only treated as required for race/sprint-like sessions,0.0
2026-07-17T03:33:28.869653Z,starting_grid,starting_grid_by_session_key,"{""session_key"": 11257}",0,http_429,"{""detail"":""Rate limit exceeded. Max 30 requests/minute."",""error"":""Too Many Requests""}",0.304
2026-07-17T03:33:29.277449Z,drivers,drivers_by_session_key,"{""session_key"": 11257}",0,http_429,"{""detail"":""Rate limit exceeded. Max 30 requests/minute."",""error"":""Too Many Requests""}",0.306
2026-07-17T03:33:29.687283Z,drivers,drivers_by_observed_driver_number,"{""driver_number"": 1, ""session_key"": 11257}",0,http_429,"{""detail"":""Rate limit exceeded. Max 30 requests/minute."",""error"":""Too Many Requests""}",0.303
2026-07-17T03:33:30.095675Z,drivers,drivers_by_observed_driver_number,"{""driver_number"": 3, ""session_key"": 11257}",0,http_429,"{""detail"":""Rate limit exceeded. Max 30 requests/minute."",""error"":""Too Many Requests""}",0.307
2026-07-17T03:33:30.508778Z,drivers,drivers_by_observed_driver_number,"{""driver_number"": 5, ""session_key"": 11257}",0,http_429,"{""detail"":""Rate limit exceeded. Max 30 requests/minute."",""error"":""Too Many Requests""}",0.312
2026-07-17T03:33:30.919212Z,drivers,drivers_by_observed_driver_number,"{""driver_number"": 6, ""session_key"": 11257}",0,http_429,"{""detail"":""Rate limit exceeded. Max 30 requests/minute."",""error"":""Too Many Requests""}",0.309
2026-07-17T03:33:31.325914Z,drivers,drivers_by_observed_driver_number,"{""driver_number"": 10, ""session_key"": 11257}",0,http_429,"{""detail"":""Rate limit exceeded. Max 30 requests/minute."",""error"":""Too Many Requests""}",0.306
2026-07-17T03:33:31.731837Z,drivers,drivers_by_observed_driver_number,"{""driver_number"": 11, ""session_key"": 11257}",0,http_429,"{""detail"":""Rate limit exceeded. Max 30 requests/minute."",""error"":""Too Many Requests""}",0.305
2026-07-17T03:33:32.136764Z,drivers,drivers_by_observed_driver_number,"{""driver_number"": 12, ""session_key"": 11257}",0,http_429,"{""detail"":""Rate limit exceeded. Max 30 requests/minute."",""error"":""Too Many Requests""}",0.304
2026-07-17T03:33:32.546495Z,drivers,drivers_by_observed_driver_number,"{""driver_number"": 14, ""session_key"": 11257}",0,http_429,"{""detail"":""Rate limit exceeded. Max 30 requests/minute."",""error"":""Too Many Requests""}",0.309
2026-07-17T03:33:32.958189Z,drivers,drivers_by_observed_driver_number,"{""driver_number"": 16, ""session_key"": 11257}",0,http_429,"{""detail"":""Rate limit exceeded. Max 30 requests/minute."",""error"":""Too Many Requests""}",0.311
2026-07-17T03:33:33.364471Z,drivers,drivers_by_observed_driver_number,"{""driver_number"": 18, ""session_key"": 11257}",0,http_429,"{""detail"":""Rate limit exceeded. Max 30 requests/minute."",""error"":""Too Many Requests""}",0.305
2026-07-17T03:33:33.768741Z,drivers,drivers_by_observed_driver_number,"{""driver_number"": 23, ""session_key"": 11257}",0,http_429,"{""detail"":""Rate limit exceeded. Max 30 requests/minute."",""error"":""Too Many Requests""}",0.303
2026-07-17T03:33:34.176566Z,drivers,drivers_by_observed_driver_number,"{""driver_number"": 27, ""session_key"": 11257}",0,http_429,"{""detail"":""Rate limit exceeded. Max 30 requests/minute."",""error"":""Too Many Requests""}",0.307
2026-07-17T03:33:34.582637Z,drivers,drivers_by_observed_driver_number,"{""driver_number"": 30, ""session_key"": 11257}",0,http_429,"{""detail"":""Rate limit exceeded. Max 30 requests/minute."",""error"":""Too Many Requests""}",0.305
2026-07-17T03:33:34.988765Z,drivers,drivers_by_observed_driver_number,"{""driver_number"": 31, ""session_key"": 11257}",0,http_429,"{""detail"":""Rate limit exceeded. Max 30 requests/minute."",""error"":""Too Many Requests""}",0.305
2026-07-17T03:33:35.393733Z,drivers,drivers_by_observed_driver_number,"{""driver_number"": 41, ""session_key"": 11257}",0,http_429,"{""detail"":""Rate limit exceeded. Max 30 requests/minute."",""error"":""Too Many Requests""}",0.304
2026-07-17T03:33:35.799980Z,drivers,drivers_by_observed_driver_number,"{""driver_number"": 43, ""session_key"": 11257}",0,http_429,"{""detail"":""Rate limit exceeded. Max 30 requests/minute."",""error"":""Too Many Requests""}",0.305
2026-07-17T03:33:36.206848Z,drivers,drivers_by_observed_driver_number,"{""driver_number"": 44, ""session_key"": 11257}",0,http_429,"{""detail"":""Rate limit exceeded. Max 30 requests/minute."",""error"":""Too Many Requests""}",0.306
2026-07-17T03:33:36.615479Z,drivers,drivers_by_observed_driver_number,"{""driver_number"": 55, ""session_key"": 11257}",0,http_429,"{""detail"":""Rate limit exceeded. Max 30 requests/minute."",""error"":""Too Many Requests""}",0.307
2026-07-17T03:33:37.020068Z,drivers,drivers_by_observed_driver_number,"{""driver_number"": 63, ""session_key"": 11257}",0,http_429,"{""detail"":""Rate limit exceeded. Max 30 requests/minute."",""error"":""Too Many Requests""}",0.303
2026-07-17T03:33:37.435303Z,drivers,drivers_by_observed_driver_number,"{""driver_number"": 77, ""session_key"": 11257}",0,http_429,"{""detail"":""Rate limit exceeded. Max 30 requests/minute."",""error"":""Too Many Requests""}",0.314
2026-07-17T03:33:37.842343Z,drivers,drivers_by_observed_driver_number,"{""driver_number"": 81, ""session_key"": 11257}",0,http_429,"{""detail"":""Rate limit exceeded. Max 30 requests/minute."",""error"":""Too Many Requests""}",0.306
2026-07-17T03:33:38.247171Z,drivers,drivers_by_observed_driver_number,"{""driver_number"": 87, ""session_key"": 11257}",0,http_429,"{""detail"":""Rate limit exceeded. Max 30 requests/minute."",""error"":""Too Many Requests""}",0.304
2026-07-17T03:33:38.652914Z,drivers,drivers_by_observed_driver_number,"{""driver_number"": 241, ""session_key"": 11257}",0,http_429,"{""detail"":""Rate limit exceeded. Max 30 requests/minute."",""error"":""Too Many Requests""}",0.305
2026-07-17T03:33:39.058514Z,drivers,drivers_by_observed_driver_number,"{""driver_number"": 243, ""session_key"": 11257}",0,http_429,"{""detail"":""Rate limit exceeded. Max 30 requests/minute."",""error"":""Too Many Requests""}",0.304
2026-07-17T03:33:39.463296Z,drivers,drivers_by_observed_driver_number,"{""driver_number"": 247, ""session_key"": 11257}",0,http_429,"{""detail"":""Rate limit exceeded. Max 30 requests/minute."",""error"":""Too Many Requests""}",0.304
2026-07-17T03:33:39.868637Z,team_radio,team_radio_by_session_key_opportunistic,"{""session_key"": 11257}",0,http_429,"{""detail"":""Rate limit exceeded. Max 30 requests/minute."",""error"":""Too Many Requests""}",0.304
2026-07-17T03:33:40.274517Z,weather,weather_by_session_key,"{""session_key"": 11261}",0,http_429,"{""detail"":""Rate limit exceeded. Max 30 requests/minute."",""error"":""Too Many Requests""}",0.304
2026-07-17T03:33:40.680038Z,race_control,race_control_by_session_key,"{""session_key"": 11261}",0,http_429,"{""detail"":""Rate limit exceeded. Max 30 requests/minute."",""error"":""Too Many Requests""}",0.304
2026-07-17T03:33:41.093962Z,intervals,intervals_by_session_key,"{""session_key"": 11261}",0,http_429,"{""detail"":""Rate limit exceeded. Max 30 requests/minute."",""error"":""Too Many Requests""}",0.313
2026-07-17T03:33:41.501010Z,position,position_by_session_key,"{""session_key"": 11261}",0,http_429,"{""detail"":""Rate limit exceeded. Max 30 requests/minute."",""error"":""Too Many Requests""}",0.306
2026-07-17T03:33:41.906708Z,position,position_by_meeting_key_fallback,"{""meeting_key"": 1282}",0,http_429,"{""detail"":""Rate limit exceeded. Max 30 requests/minute."",""error"":""Too Many Requests""}",0.305
2026-07-17T03:33:42.311331Z,stints,stints_by_session_key,"{""session_key"": 11261}",0,http_429,"{""detail"":""Rate limit exceeded. Max 30 requests/minute."",""error"":""Too Many Requests""}",0.303
2026-07-17T03:33:42.715954Z,pit,pit_by_session_key,"{""session_key"": 11261}",0,http_429,"{""detail"":""Rate limit exceeded. Max 30 requests/minute."",""error"":""Too Many Requests""}",0.303
2026-07-17T03:33:43.120703Z,starting_grid,starting_grid_by_session_key,"{""session_key"": 11261}",0,http_429,"{""detail"":""Rate limit exceeded. Max 30 requests/minute."",""error"":""Too Many Requests""}",0.303
2026-07-17T03:33:43.525523Z,drivers,drivers_by_session_key,"{""session_key"": 11261}",0,http_429,"{""detail"":""Rate limit exceeded. Max 30 requests/minute."",""error"":""Too Many Requests""}",0.304
2026-07-17T03:33:43.935485Z,drivers,drivers_by_observed_driver_number,"{""driver_number"": 1, ""session_key"": 11261}",0,http_429,"{""detail"":""Rate limit exceeded. Max 30 requests/minute."",""error"":""Too Many Requests""}",0.304
2026-07-17T03:33:44.347127Z,drivers,drivers_by_observed_driver_number,"{""driver_number"": 3, ""session_key"": 11261}",0,http_429,"{""detail"":""Rate limit exceeded. Max 30 requests/minute."",""error"":""Too Many Requests""}",0.31
2026-07-17T03:33:44.751620Z,drivers,drivers_by_observed_driver_number,"{""driver_number"": 5, ""session_key"": 11261}",0,http_429,"{""detail"":""Rate limit exceeded. Max 30 requests/minute."",""error"":""Too Many Requests""}",0.303
2026-07-17T03:33:45.157037Z,drivers,drivers_by_observed_driver_number,"{""driver_number"": 6, ""session_key"": 11261}",0,http_429,"{""detail"":""Rate limit exceeded. Max 30 requests/minute."",""error"":""Too Many Requests""}",0.304
2026-07-17T03:33:45.562994Z,drivers,drivers_by_observed_driver_number,"{""driver_number"": 10, ""session_key"": 11261}",0,http_429,"{""detail"":""Rate limit exceeded. Max 30 requests/minute."",""error"":""Too Many Requests""}",0.305
2026-07-17T03:33:45.966974Z,drivers,drivers_by_observed_driver_number,"{""driver_number"": 11, ""session_key"": 11261}",0,http_429,"{""detail"":""Rate limit exceeded. Max 30 requests/minute."",""error"":""Too Many Requests""}",0.303
2026-07-17T03:33:46.372173Z,drivers,drivers_by_observed_driver_number,"{""driver_number"": 12, ""session_key"": 11261}",0,http_429,"{""detail"":""Rate limit exceeded. Max 30 requests/minute."",""error"":""Too Many Requests""}",0.304
2026-07-17T03:33:46.775556Z,drivers,drivers_by_observed_driver_number,"{""driver_number"": 14, ""session_key"": 11261}",0,http_429,"{""detail"":""Rate limit exceeded. Max 30 requests/minute."",""error"":""Too Many Requests""}",0.302
2026-07-17T03:33:47.180949Z,drivers,drivers_by_observed_driver_number,"{""driver_number"": 16, ""session_key"": 11261}",0,http_429,"{""detail"":""Rate limit exceeded. Max 30 requests/minute."",""error"":""Too Many Requests""}",0.304
2026-07-17T03:33:47.585149Z,drivers,drivers_by_observed_driver_number,"{""driver_number"": 18, ""session_key"": 11261}",0,http_429,"{""detail"":""Rate limit exceeded. Max 30 requests/minute."",""error"":""Too Many Requests""}",0.303
2026-07-17T03:33:47.995745Z,drivers,drivers_by_observed_driver_number,"{""driver_number"": 23, ""session_key"": 11261}",0,http_429,"{""detail"":""Rate limit exceeded. Max 30 requests/minute."",""error"":""Too Many Requests""}",0.309
2026-07-17T03:33:48.400394Z,drivers,drivers_by_observed_driver_number,"{""driver_number"": 27, ""session_key"": 11261}",0,http_429,"{""detail"":""Rate limit exceeded. Max 30 requests/minute."",""error"":""Too Many Requests""}",0.304
2026-07-17T03:33:48.804836Z,drivers,drivers_by_observed_driver_number,"{""driver_number"": 30, ""session_key"": 11261}",0,http_429,"{""detail"":""Rate limit exceeded. Max 30 requests/minute."",""error"":""Too Many Requests""}",0.303
2026-07-17T03:33:49.210299Z,drivers,drivers_by_observed_driver_number,"{""driver_number"": 31, ""session_key"": 11261}",0,http_429,"{""detail"":""Rate limit exceeded. Max 30 requests/minute."",""error"":""Too Many Requests""}",0.304
2026-07-17T03:33:49.615500Z,drivers,drivers_by_observed_driver_number,"{""driver_number"": 41, ""session_key"": 11261}",0,http_429,"{""detail"":""Rate limit exceeded. Max 30 requests/minute."",""error"":""Too Many Requests""}",0.304
2026-07-17T03:33:50.019760Z,drivers,drivers_by_observed_driver_number,"{""driver_number"": 43, ""session_key"": 11261}",0,http_429,"{""detail"":""Rate limit exceeded. Max 30 requests/minute."",""error"":""Too Many Requests""}",0.303
2026-07-17T03:33:50.426198Z,drivers,drivers_by_observed_driver_number,"{""driver_number"": 44, ""session_key"": 11261}",0,http_429,"{""detail"":""Rate limit exceeded. Max 30 requests/minute."",""error"":""Too Many Requests""}",0.305
2026-07-17T03:33:50.831091Z,drivers,drivers_by_observed_driver_number,"{""driver_number"": 55, ""session_key"": 11261}",0,http_429,"{""detail"":""Rate limit exceeded. Max 30 requests/minute."",""error"":""Too Many Requests""}",0.304
2026-07-17T03:33:51.235421Z,drivers,drivers_by_observed_driver_number,"{""driver_number"": 63, ""session_key"": 11261}",0,http_429,"{""detail"":""Rate limit exceeded. Max 30 requests/minute."",""error"":""Too Many Requests""}",0.303
2026-07-17T03:33:51.643217Z,drivers,drivers_by_observed_driver_number,"{""driver_number"": 77, ""session_key"": 11261}",0,http_429,"{""detail"":""Rate limit exceeded. Max 30 requests/minute."",""error"":""Too Many Requests""}",0.307
2026-07-17T03:33:52.047101Z,drivers,drivers_by_observed_driver_number,"{""driver_number"": 81, ""session_key"": 11261}",0,http_429,"{""detail"":""Rate limit exceeded. Max 30 requests/minute."",""error"":""Too Many Requests""}",0.303
2026-07-17T03:33:52.458473Z,drivers,drivers_by_observed_driver_number,"{""driver_number"": 87, ""session_key"": 11261}",0,http_429,"{""detail"":""Rate limit exceeded. Max 30 requests/minute."",""error"":""Too Many Requests""}",0.31
2026-07-17T03:33:52.866967Z,drivers,drivers_by_observed_driver_number,"{""driver_number"": 241, ""session_key"": 11261}",0,http_429,"{""detail"":""Rate limit exceeded. Max 30 requests/minute."",""error"":""Too Many Requests""}",0.307
2026-07-17T03:33:53.271140Z,drivers,drivers_by_observed_driver_number,"{""driver_number"": 243, ""session_key"": 11261}",0,http_429,"{""detail"":""Rate limit exceeded. Max 30 requests/minute."",""error"":""Too Many Requests""}",0.303
2026-07-17T03:33:53.674954Z,drivers,drivers_by_observed_driver_number,"{""driver_number"": 247, ""session_key"": 11261}",0,http_429,"{""detail"":""Rate limit exceeded. Max 30 requests/minute."",""error"":""Too Many Requests""}",0.303
2026-07-17T03:33:54.089536Z,team_radio,team_radio_by_session_key_opportunistic,"{""session_key"": 11261}",0,http_429,"{""detail"":""Rate limit exceeded. Max 30 requests/minute."",""error"":""Too Many Requests""}",0.313
2026-07-17T03:33:54.492834Z,weather,weather_by_session_key,"{""session_key"": 11262}",0,http_429,"{""detail"":""Rate limit exceeded. Max 30 requests/minute."",""error"":""Too Many Requests""}",0.302
2026-07-17T03:33:54.896817Z,race_control,race_control_by_session_key,"{""session_key"": 11262}",0,http_429,"{""detail"":""Rate limit exceeded. Max 30 requests/minute."",""error"":""Too Many Requests""}",0.303
2026-07-17T03:33:55.301174Z,intervals,intervals_by_session_key,"{""session_key"": 11262}",0,http_429,"{""detail"":""Rate limit exceeded. Max 30 requests/minute."",""error"":""Too Many Requests""}",0.303
2026-07-17T03:33:55.704774Z,position,position_by_session_key,"{""session_key"": 11262}",0,http_429,"{""detail"":""Rate limit exceeded. Max 30 requests/minute."",""error"":""Too Many Requests""}",0.302
2026-07-17T03:33:56.109793Z,position,position_by_meeting_key_fallback,"{""meeting_key"": 1283}",0,http_429,"{""detail"":""Rate limit exceeded. Max 30 requests/minute."",""error"":""Too Many Requests""}",0.304
2026-07-17T03:33:56.513824Z,stints,stints_by_session_key,"{""session_key"": 11262}",0,http_429,"{""detail"":""Rate limit exceeded. Max 30 requests/minute."",""error"":""Too Many Requests""}",0.303
2026-07-17T03:33:56.615006Z,pit,skip_non_race_like_session,"{""session_key"": 11262}",0,skipped_not_applicable,pit endpoint is only treated as required for race/sprint-like sessions,0.0
2026-07-17T03:33:56.928325Z,starting_grid,starting_grid_by_session_key,"{""session_key"": 11262}",0,http_429,"{""detail"":""Rate limit exceeded. Max 30 requests/minute."",""error"":""Too Many Requests""}",0.313
2026-07-17T03:33:57.332198Z,drivers,drivers_by_session_key,"{""session_key"": 11262}",0,http_429,"{""detail"":""Rate limit exceeded. Max 30 requests/minute."",""error"":""Too Many Requests""}",0.303
2026-07-17T03:33:57.741516Z,drivers,drivers_by_observed_driver_number,"{""driver_number"": 1, ""session_key"": 11262}",0,http_429,"{""detail"":""Rate limit exceeded. Max 30 requests/minute."",""error"":""Too Many Requests""}",0.303
2026-07-17T03:33:58.145168Z,drivers,drivers_by_observed_driver_number,"{""driver_number"": 3, ""session_key"": 11262}",0,http_429,"{""detail"":""Rate limit exceeded. Max 30 requests/minute."",""error"":""Too Many Requests""}",0.303
2026-07-17T03:33:58.553742Z,drivers,drivers_by_observed_driver_number,"{""driver_number"": 5, ""session_key"": 11262}",0,http_429,"{""detail"":""Rate limit exceeded. Max 30 requests/minute."",""error"":""Too Many Requests""}",0.307
2026-07-17T03:33:58.960128Z,drivers,drivers_by_observed_driver_number,"{""driver_number"": 6, ""session_key"": 11262}",0,http_429,"{""detail"":""Rate limit exceeded. Max 30 requests/minute."",""error"":""Too Many Requests""}",0.305
2026-07-17T03:33:59.364684Z,drivers,drivers_by_observed_driver_number,"{""driver_number"": 10, ""session_key"": 11262}",0,http_429,"{""detail"":""Rate limit exceeded. Max 30 requests/minute."",""error"":""Too Many Requests""}",0.303
2026-07-17T03:33:59.770133Z,drivers,drivers_by_observed_driver_number,"{""driver_number"": 11, ""session_key"": 11262}",0,http_429,"{""detail"":""Rate limit exceeded. Max 30 requests/minute."",""error"":""Too Many Requests""}",0.304
2026-07-17T03:34:00.177784Z,drivers,drivers_by_observed_driver_number,"{""driver_number"": 12, ""session_key"": 11262}",1,pass,,0.306
2026-07-17T03:34:00.583551Z,drivers,drivers_by_observed_driver_number,"{""driver_number"": 14, ""session_key"": 11262}",1,pass,,0.304
2026-07-17T03:34:00.995123Z,drivers,drivers_by_observed_driver_number,"{""driver_number"": 16, ""session_key"": 11262}",1,pass,,0.31
2026-07-17T03:34:01.403654Z,drivers,drivers_by_observed_driver_number,"{""driver_number"": 18, ""session_key"": 11262}",1,pass,,0.307
2026-07-17T03:34:01.811472Z,drivers,drivers_by_observed_driver_number,"{""driver_number"": 23, ""session_key"": 11262}",1,pass,,0.307
2026-07-17T03:34:02.219375Z,drivers,drivers_by_observed_driver_number,"{""driver_number"": 27, ""session_key"": 11262}",1,pass,,0.307
2026-07-17T03:34:02.627628Z,drivers,drivers_by_observed_driver_number,"{""driver_number"": 30, ""session_key"": 11262}",1,pass,,0.307
2026-07-17T03:34:03.045566Z,drivers,drivers_by_observed_driver_number,"{""driver_number"": 31, ""session_key"": 11262}",1,pass,,0.317
2026-07-17T03:34:03.455733Z,drivers,drivers_by_observed_driver_number,"{""driver_number"": 41, ""session_key"": 11262}",1,pass,,0.309
2026-07-17T03:34:03.866090Z,drivers,drivers_by_observed_driver_number,"{""driver_number"": 43, ""session_key"": 11262}",1,pass,,0.309
2026-07-17T03:34:04.276807Z,drivers,drivers_by_observed_driver_number,"{""driver_number"": 44, ""session_key"": 11262}",1,pass,,0.309
2026-07-17T03:34:04.692670Z,drivers,drivers_by_observed_driver_number,"{""driver_number"": 55, ""session_key"": 11262}",1,pass,,0.315
2026-07-17T03:34:05.104025Z,drivers,drivers_by_observed_driver_number,"{""driver_number"": 63, ""session_key"": 11262}",1,pass,,0.31
2026-07-17T03:34:05.514972Z,drivers,drivers_by_observed_driver_number,"{""driver_number"": 77, ""session_key"": 11262}",1,pass,,0.31
2026-07-17T03:34:05.923836Z,drivers,drivers_by_observed_driver_number,"{""driver_number"": 81, ""session_key"": 11262}",1,pass,,0.308
2026-07-17T03:34:06.331479Z,drivers,drivers_by_observed_driver_number,"{""driver_number"": 87, ""session_key"": 11262}",1,pass,,0.307
2026-07-17T03:34:06.739288Z,drivers,drivers_by_observed_driver_number,"{""driver_number"": 241, ""session_key"": 11262}",0,http_404,"{""detail"":""No results found.""}",0.307
2026-07-17T03:34:07.144612Z,drivers,drivers_by_observed_driver_number,"{""driver_number"": 243, ""session_key"": 11262}",0,http_404,"{""detail"":""No results found.""}",0.304
2026-07-17T03:34:07.551525Z,drivers,drivers_by_observed_driver_number,"{""driver_number"": 247, ""session_key"": 11262}",0,http_404,"{""detail"":""No results found.""}",0.306
2026-07-17T03:34:07.960172Z,team_radio,team_radio_by_session_key_opportunistic,"{""session_key"": 11262}",0,http_404,"{""detail"":""No results found.""}",0.305
2026-07-17T03:34:08.372635Z,weather,weather_by_session_key,"{""session_key"": 11263}",0,http_404,"{""detail"":""No results found.""}",0.311
2026-07-17T03:34:08.779228Z,race_control,race_control_by_session_key,"{""session_key"": 11263}",0,http_404,"{""detail"":""No results found.""}",0.305
2026-07-17T03:34:09.186698Z,intervals,intervals_by_session_key,"{""session_key"": 11263}",0,http_404,"{""detail"":""No results found.""}",0.306
2026-07-17T03:34:09.592773Z,position,position_by_session_key,"{""session_key"": 11263}",0,http_404,"{""detail"":""No results found.""}",0.305
2026-07-17T03:34:10.000750Z,position,position_by_meeting_key_fallback,"{""meeting_key"": 1283}",0,http_404,"{""detail"":""No results found.""}",0.307
2026-07-17T03:34:10.411870Z,stints,stints_by_session_key,"{""session_key"": 11263}",0,http_404,"{""detail"":""No results found.""}",0.31
2026-07-17T03:34:10.513164Z,pit,skip_non_race_like_session,"{""session_key"": 11263}",0,skipped_not_applicable,pit endpoint is only treated as required for race/sprint-like sessions,0.0
2026-07-17T03:34:10.820214Z,starting_grid,starting_grid_by_session_key,"{""session_key"": 11263}",0,http_404,"{""detail"":""No results found.""}",0.307
2026-07-17T03:34:11.230069Z,drivers,drivers_by_session_key,"{""session_key"": 11263}",22,pass,,0.309
2026-07-17T03:34:11.639501Z,team_radio,team_radio_by_session_key_opportunistic,"{""session_key"": 11263}",0,http_404,"{""detail"":""No results found.""}",0.307
2026-07-17T03:34:12.046688Z,weather,weather_by_session_key,"{""session_key"": 11264}",0,http_404,"{""detail"":""No results found.""}",0.306
2026-07-17T03:34:12.451382Z,race_control,race_control_by_session_key,"{""session_key"": 11264}",0,http_429,"{""detail"":""Rate limit exceeded. Max 30 requests/minute."",""error"":""Too Many Requests""}",0.303
2026-07-17T03:34:12.856819Z,intervals,intervals_by_session_key,"{""session_key"": 11264}",0,http_429,"{""detail"":""Rate limit exceeded. Max 30 requests/minute."",""error"":""Too Many Requests""}",0.304
2026-07-17T03:34:13.260750Z,position,position_by_session_key,"{""session_key"": 11264}",0,http_429,"{""detail"":""Rate limit exceeded. Max 30 requests/minute."",""error"":""Too Many Requests""}",0.303
2026-07-17T03:34:13.666932Z,position,position_by_meeting_key_fallback,"{""meeting_key"": 1283}",0,http_429,"{""detail"":""Rate limit exceeded. Max 30 requests/minute."",""error"":""Too Many Requests""}",0.305
2026-07-17T03:34:14.072117Z,stints,stints_by_session_key,"{""session_key"": 11264}",0,http_429,"{""detail"":""Rate limit exceeded. Max 30 requests/minute."",""error"":""Too Many Requests""}",0.304
2026-07-17T03:34:14.173405Z,pit,skip_non_race_like_session,"{""session_key"": 11264}",0,skipped_not_applicable,pit endpoint is only treated as required for race/sprint-like sessions,0.0
2026-07-17T03:34:14.480270Z,starting_grid,starting_grid_by_session_key,"{""session_key"": 11264}",0,http_429,"{""detail"":""Rate limit exceeded. Max 30 requests/minute."",""error"":""Too Many Requests""}",0.307
2026-07-17T03:34:14.884832Z,drivers,drivers_by_session_key,"{""session_key"": 11264}",0,http_429,"{""detail"":""Rate limit exceeded. Max 30 requests/minute."",""error"":""Too Many Requests""}",0.303
2026-07-17T03:34:15.295952Z,drivers,drivers_by_observed_driver_number,"{""driver_number"": 1, ""session_key"": 11264}",0,http_429,"{""detail"":""Rate limit exceeded. Max 30 requests/minute."",""error"":""Too Many Requests""}",0.304
2026-07-17T03:34:15.701593Z,drivers,drivers_by_observed_driver_number,"{""driver_number"": 3, ""session_key"": 11264}",0,http_429,"{""detail"":""Rate limit exceeded. Max 30 requests/minute."",""error"":""Too Many Requests""}",0.304
2026-07-17T03:34:16.111448Z,drivers,drivers_by_observed_driver_number,"{""driver_number"": 5, ""session_key"": 11264}",0,http_429,"{""detail"":""Rate limit exceeded. Max 30 requests/minute."",""error"":""Too Many Requests""}",0.309
2026-07-17T03:34:16.527593Z,drivers,drivers_by_observed_driver_number,"{""driver_number"": 6, ""session_key"": 11264}",0,http_429,"{""detail"":""Rate limit exceeded. Max 30 requests/minute."",""error"":""Too Many Requests""}",0.315
2026-07-17T03:34:16.940846Z,drivers,drivers_by_observed_driver_number,"{""driver_number"": 10, ""session_key"": 11264}",0,http_429,"{""detail"":""Rate limit exceeded. Max 30 requests/minute."",""error"":""Too Many Requests""}",0.312
2026-07-17T03:34:17.346816Z,drivers,drivers_by_observed_driver_number,"{""driver_number"": 11, ""session_key"": 11264}",0,http_429,"{""detail"":""Rate limit exceeded. Max 30 requests/minute."",""error"":""Too Many Requests""}",0.305
2026-07-17T03:34:17.753032Z,drivers,drivers_by_observed_driver_number,"{""driver_number"": 12, ""session_key"": 11264}",0,http_429,"{""detail"":""Rate limit exceeded. Max 30 requests/minute."",""error"":""Too Many Requests""}",0.305
2026-07-17T03:34:18.159625Z,drivers,drivers_by_observed_driver_number,"{""driver_number"": 14, ""session_key"": 11264}",0,http_429,"{""detail"":""Rate limit exceeded. Max 30 requests/minute."",""error"":""Too Many Requests""}",0.305
2026-07-17T03:34:18.565534Z,drivers,drivers_by_observed_driver_number,"{""driver_number"": 16, ""session_key"": 11264}",0,http_429,"{""detail"":""Rate limit exceeded. Max 30 requests/minute."",""error"":""Too Many Requests""}",0.305
2026-07-17T03:34:18.971031Z,drivers,drivers_by_observed_driver_number,"{""driver_number"": 18, ""session_key"": 11264}",0,http_429,"{""detail"":""Rate limit exceeded. Max 30 requests/minute."",""error"":""Too Many Requests""}",0.304
2026-07-17T03:34:19.375338Z,drivers,drivers_by_observed_driver_number,"{""driver_number"": 23, ""session_key"": 11264}",0,http_429,"{""detail"":""Rate limit exceeded. Max 30 requests/minute."",""error"":""Too Many Requests""}",0.303
2026-07-17T03:34:19.780249Z,drivers,drivers_by_observed_driver_number,"{""driver_number"": 27, ""session_key"": 11264}",0,http_429,"{""detail"":""Rate limit exceeded. Max 30 requests/minute."",""error"":""Too Many Requests""}",0.304
2026-07-17T03:34:20.185788Z,drivers,drivers_by_observed_driver_number,"{""driver_number"": 30, ""session_key"": 11264}",0,http_429,"{""detail"":""Rate limit exceeded. Max 30 requests/minute."",""error"":""Too Many Requests""}",0.304
2026-07-17T03:34:20.590560Z,drivers,drivers_by_observed_driver_number,"{""driver_number"": 31, ""session_key"": 11264}",0,http_429,"{""detail"":""Rate limit exceeded. Max 30 requests/minute."",""error"":""Too Many Requests""}",0.304
2026-07-17T03:34:20.994728Z,drivers,drivers_by_observed_driver_number,"{""driver_number"": 41, ""session_key"": 11264}",0,http_429,"{""detail"":""Rate limit exceeded. Max 30 requests/minute."",""error"":""Too Many Requests""}",0.303
2026-07-17T03:34:21.402956Z,drivers,drivers_by_observed_driver_number,"{""driver_number"": 43, ""session_key"": 11264}",0,http_429,"{""detail"":""Rate limit exceeded. Max 30 requests/minute."",""error"":""Too Many Requests""}",0.307
2026-07-17T03:34:21.806740Z,drivers,drivers_by_observed_driver_number,"{""driver_number"": 44, ""session_key"": 11264}",0,http_429,"{""detail"":""Rate limit exceeded. Max 30 requests/minute."",""error"":""Too Many Requests""}",0.303
2026-07-17T03:34:22.214621Z,drivers,drivers_by_observed_driver_number,"{""driver_number"": 55, ""session_key"": 11264}",0,http_429,"{""detail"":""Rate limit exceeded. Max 30 requests/minute."",""error"":""Too Many Requests""}",0.307
2026-07-17T03:34:22.619995Z,drivers,drivers_by_observed_driver_number,"{""driver_number"": 63, ""session_key"": 11264}",0,http_429,"{""detail"":""Rate limit exceeded. Max 30 requests/minute."",""error"":""Too Many Requests""}",0.304
2026-07-17T03:34:23.026981Z,drivers,drivers_by_observed_driver_number,"{""driver_number"": 77, ""session_key"": 11264}",0,http_429,"{""detail"":""Rate limit exceeded. Max 30 requests/minute."",""error"":""Too Many Requests""}",0.306
2026-07-17T03:34:23.440942Z,drivers,drivers_by_observed_driver_number,"{""driver_number"": 81, ""session_key"": 11264}",0,http_429,"{""detail"":""Rate limit exceeded. Max 30 requests/minute."",""error"":""Too Many Requests""}",0.313
2026-07-17T03:34:23.849938Z,drivers,drivers_by_observed_driver_number,"{""driver_number"": 87, ""session_key"": 11264}",0,http_429,"{""detail"":""Rate limit exceeded. Max 30 requests/minute."",""error"":""Too Many Requests""}",0.308
2026-07-17T03:34:24.255666Z,drivers,drivers_by_observed_driver_number,"{""driver_number"": 241, ""session_key"": 11264}",0,http_429,"{""detail"":""Rate limit exceeded. Max 30 requests/minute."",""error"":""Too Many Requests""}",0.305
2026-07-17T03:34:24.661302Z,drivers,drivers_by_observed_driver_number,"{""driver_number"": 243, ""session_key"": 11264}",0,http_429,"{""detail"":""Rate limit exceeded. Max 30 requests/minute."",""error"":""Too Many Requests""}",0.304
2026-07-17T03:34:25.067356Z,drivers,drivers_by_observed_driver_number,"{""driver_number"": 247, ""session_key"": 11264}",0,http_429,"{""detail"":""Rate limit exceeded. Max 30 requests/minute."",""error"":""Too Many Requests""}",0.305
2026-07-17T03:34:25.473357Z,team_radio,team_radio_by_session_key_opportunistic,"{""session_key"": 11264}",0,http_429,"{""detail"":""Rate limit exceeded. Max 30 requests/minute."",""error"":""Too Many Requests""}",0.305
2026-07-17T03:34:25.879293Z,weather,weather_by_session_key,"{""session_key"": 11265}",0,http_429,"{""detail"":""Rate limit exceeded. Max 30 requests/minute."",""error"":""Too Many Requests""}",0.304
2026-07-17T03:34:26.286255Z,race_control,race_control_by_session_key,"{""session_key"": 11265}",0,http_429,"{""detail"":""Rate limit exceeded. Max 30 requests/minute."",""error"":""Too Many Requests""}",0.306
2026-07-17T03:34:26.693129Z,intervals,intervals_by_session_key,"{""session_key"": 11265}",0,http_429,"{""detail"":""Rate limit exceeded. Max 30 requests/minute."",""error"":""Too Many Requests""}",0.306
2026-07-17T03:34:27.101560Z,position,position_by_session_key,"{""session_key"": 11265}",0,http_429,"{""detail"":""Rate limit exceeded. Max 30 requests/minute."",""error"":""Too Many Requests""}",0.307
2026-07-17T03:34:27.508286Z,position,position_by_meeting_key_fallback,"{""meeting_key"": 1283}",0,http_429,"{""detail"":""Rate limit exceeded. Max 30 requests/minute."",""error"":""Too Many Requests""}",0.305
2026-07-17T03:34:27.914478Z,stints,stints_by_session_key,"{""session_key"": 11265}",0,http_429,"{""detail"":""Rate limit exceeded. Max 30 requests/minute."",""error"":""Too Many Requests""}",0.305
2026-07-17T03:34:28.015757Z,pit,skip_non_race_like_session,"{""session_key"": 11265}",0,skipped_not_applicable,pit endpoint is only treated as required for race/sprint-like sessions,0.0
2026-07-17T03:34:28.320314Z,starting_grid,starting_grid_by_session_key,"{""session_key"": 11265}",0,http_429,"{""detail"":""Rate limit exceeded. Max 30 requests/minute."",""error"":""Too Many Requests""}",0.304
2026-07-17T03:34:28.725153Z,drivers,drivers_by_session_key,"{""session_key"": 11265}",0,http_429,"{""detail"":""Rate limit exceeded. Max 30 requests/minute."",""error"":""Too Many Requests""}",0.304
2026-07-17T03:34:29.136153Z,drivers,drivers_by_observed_driver_number,"{""driver_number"": 1, ""session_key"": 11265}",0,http_429,"{""detail"":""Rate limit exceeded. Max 30 requests/minute."",""error"":""Too Many Requests""}",0.305
2026-07-17T03:34:29.542763Z,drivers,drivers_by_observed_driver_number,"{""driver_number"": 3, ""session_key"": 11265}",0,http_429,"{""detail"":""Rate limit exceeded. Max 30 requests/minute."",""error"":""Too Many Requests""}",0.305
2026-07-17T03:34:29.946731Z,drivers,drivers_by_observed_driver_number,"{""driver_number"": 5, ""session_key"": 11265}",0,http_429,"{""detail"":""Rate limit exceeded. Max 30 requests/minute."",""error"":""Too Many Requests""}",0.303
2026-07-17T03:34:30.352153Z,drivers,drivers_by_observed_driver_number,"{""driver_number"": 6, ""session_key"": 11265}",0,http_429,"{""detail"":""Rate limit exceeded. Max 30 requests/minute."",""error"":""Too Many Requests""}",0.304
2026-07-17T03:34:30.757154Z,drivers,drivers_by_observed_driver_number,"{""driver_number"": 10, ""session_key"": 11265}",0,http_429,"{""detail"":""Rate limit exceeded. Max 30 requests/minute."",""error"":""Too Many Requests""}",0.304
2026-07-17T03:34:31.164318Z,drivers,drivers_by_observed_driver_number,"{""driver_number"": 11, ""session_key"": 11265}",0,http_429,"{""detail"":""Rate limit exceeded. Max 30 requests/minute."",""error"":""Too Many Requests""}",0.306
2026-07-17T03:34:31.575260Z,drivers,drivers_by_observed_driver_number,"{""driver_number"": 12, ""session_key"": 11265}",0,http_429,"{""detail"":""Rate limit exceeded. Max 30 requests/minute."",""error"":""Too Many Requests""}",0.31
2026-07-17T03:34:31.980430Z,drivers,drivers_by_observed_driver_number,"{""driver_number"": 14, ""session_key"": 11265}",0,http_429,"{""detail"":""Rate limit exceeded. Max 30 requests/minute."",""error"":""Too Many Requests""}",0.304
2026-07-17T03:34:32.384117Z,drivers,drivers_by_observed_driver_number,"{""driver_number"": 16, ""session_key"": 11265}",0,http_429,"{""detail"":""Rate limit exceeded. Max 30 requests/minute."",""error"":""Too Many Requests""}",0.302
2026-07-17T03:34:32.792291Z,drivers,drivers_by_observed_driver_number,"{""driver_number"": 18, ""session_key"": 11265}",0,http_429,"{""detail"":""Rate limit exceeded. Max 30 requests/minute."",""error"":""Too Many Requests""}",0.307
2026-07-17T03:34:33.206632Z,drivers,drivers_by_observed_driver_number,"{""driver_number"": 23, ""session_key"": 11265}",0,http_429,"{""detail"":""Rate limit exceeded. Max 30 requests/minute."",""error"":""Too Many Requests""}",0.313
2026-07-17T03:34:33.611757Z,drivers,drivers_by_observed_driver_number,"{""driver_number"": 27, ""session_key"": 11265}",0,http_429,"{""detail"":""Rate limit exceeded. Max 30 requests/minute."",""error"":""Too Many Requests""}",0.304
2026-07-17T03:34:34.017094Z,drivers,drivers_by_observed_driver_number,"{""driver_number"": 30, ""session_key"": 11265}",0,http_429,"{""detail"":""Rate limit exceeded. Max 30 requests/minute."",""error"":""Too Many Requests""}",0.304
2026-07-17T03:34:34.426365Z,drivers,drivers_by_observed_driver_number,"{""driver_number"": 31, ""session_key"": 11265}",0,http_429,"{""detail"":""Rate limit exceeded. Max 30 requests/minute."",""error"":""Too Many Requests""}",0.308
2026-07-17T03:34:34.831686Z,drivers,drivers_by_observed_driver_number,"{""driver_number"": 41, ""session_key"": 11265}",0,http_429,"{""detail"":""Rate limit exceeded. Max 30 requests/minute."",""error"":""Too Many Requests""}",0.304
2026-07-17T03:34:35.238541Z,drivers,drivers_by_observed_driver_number,"{""driver_number"": 43, ""session_key"": 11265}",0,http_429,"{""detail"":""Rate limit exceeded. Max 30 requests/minute."",""error"":""Too Many Requests""}",0.305
2026-07-17T03:34:35.646282Z,drivers,drivers_by_observed_driver_number,"{""driver_number"": 44, ""session_key"": 11265}",0,http_429,"{""detail"":""Rate limit exceeded. Max 30 requests/minute."",""error"":""Too Many Requests""}",0.307
2026-07-17T03:34:36.054102Z,drivers,drivers_by_observed_driver_number,"{""driver_number"": 55, ""session_key"": 11265}",0,http_429,"{""detail"":""Rate limit exceeded. Max 30 requests/minute."",""error"":""Too Many Requests""}",0.307
2026-07-17T03:34:36.457940Z,drivers,drivers_by_observed_driver_number,"{""driver_number"": 63, ""session_key"": 11265}",0,http_429,"{""detail"":""Rate limit exceeded. Max 30 requests/minute."",""error"":""Too Many Requests""}",0.303
2026-07-17T03:34:36.865142Z,drivers,drivers_by_observed_driver_number,"{""driver_number"": 77, ""session_key"": 11265}",0,http_429,"{""detail"":""Rate limit exceeded. Max 30 requests/minute."",""error"":""Too Many Requests""}",0.306
2026-07-17T03:34:37.270169Z,drivers,drivers_by_observed_driver_number,"{""driver_number"": 81, ""session_key"": 11265}",0,http_429,"{""detail"":""Rate limit exceeded. Max 30 requests/minute."",""error"":""Too Many Requests""}",0.304
2026-07-17T03:34:37.677399Z,drivers,drivers_by_observed_driver_number,"{""driver_number"": 87, ""session_key"": 11265}",0,http_429,"{""detail"":""Rate limit exceeded. Max 30 requests/minute."",""error"":""Too Many Requests""}",0.306
2026-07-17T03:34:38.087527Z,drivers,drivers_by_observed_driver_number,"{""driver_number"": 241, ""session_key"": 11265}",0,http_429,"{""detail"":""Rate limit exceeded. Max 30 requests/minute."",""error"":""Too Many Requests""}",0.309
2026-07-17T03:34:38.503472Z,drivers,drivers_by_observed_driver_number,"{""driver_number"": 243, ""session_key"": 11265}",0,http_429,"{""detail"":""Rate limit exceeded. Max 30 requests/minute."",""error"":""Too Many Requests""}",0.315
2026-07-17T03:34:38.907707Z,drivers,drivers_by_observed_driver_number,"{""driver_number"": 247, ""session_key"": 11265}",0,http_429,"{""detail"":""Rate limit exceeded. Max 30 requests/minute."",""error"":""Too Many Requests""}",0.303
2026-07-17T03:34:39.312729Z,team_radio,team_radio_by_session_key_opportunistic,"{""session_key"": 11265}",0,http_429,"{""detail"":""Rate limit exceeded. Max 30 requests/minute."",""error"":""Too Many Requests""}",0.303
2026-07-17T03:34:39.717577Z,weather,weather_by_session_key,"{""session_key"": 11269}",0,http_429,"{""detail"":""Rate limit exceeded. Max 30 requests/minute."",""error"":""Too Many Requests""}",0.303
2026-07-17T03:34:40.123026Z,race_control,race_control_by_session_key,"{""session_key"": 11269}",0,http_429,"{""detail"":""Rate limit exceeded. Max 30 requests/minute."",""error"":""Too Many Requests""}",0.304
2026-07-17T03:34:40.531910Z,intervals,intervals_by_session_key,"{""session_key"": 11269}",0,http_429,"{""detail"":""Rate limit exceeded. Max 30 requests/minute."",""error"":""Too Many Requests""}",0.308
2026-07-17T03:34:40.936606Z,position,position_by_session_key,"{""session_key"": 11269}",0,http_429,"{""detail"":""Rate limit exceeded. Max 30 requests/minute."",""error"":""Too Many Requests""}",0.303
2026-07-17T03:34:41.344672Z,position,position_by_meeting_key_fallback,"{""meeting_key"": 1283}",0,http_429,"{""detail"":""Rate limit exceeded. Max 30 requests/minute."",""error"":""Too Many Requests""}",0.307
2026-07-17T03:34:41.750483Z,stints,stints_by_session_key,"{""session_key"": 11269}",0,http_429,"{""detail"":""Rate limit exceeded. Max 30 requests/minute."",""error"":""Too Many Requests""}",0.305
2026-07-17T03:34:42.158877Z,pit,pit_by_session_key,"{""session_key"": 11269}",0,http_429,"{""detail"":""Rate limit exceeded. Max 30 requests/minute."",""error"":""Too Many Requests""}",0.307
2026-07-17T03:34:42.562915Z,starting_grid,starting_grid_by_session_key,"{""session_key"": 11269}",0,http_429,"{""detail"":""Rate limit exceeded. Max 30 requests/minute."",""error"":""Too Many Requests""}",0.303
2026-07-17T03:34:42.975455Z,drivers,drivers_by_session_key,"{""session_key"": 11269}",0,http_429,"{""detail"":""Rate limit exceeded. Max 30 requests/minute."",""error"":""Too Many Requests""}",0.311
2026-07-17T03:34:43.400392Z,drivers,drivers_by_observed_driver_number,"{""driver_number"": 1, ""session_key"": 11269}",0,http_429,"{""detail"":""Rate limit exceeded. Max 30 requests/minute."",""error"":""Too Many Requests""}",0.318
2026-07-17T03:34:43.810466Z,drivers,drivers_by_observed_driver_number,"{""driver_number"": 3, ""session_key"": 11269}",0,http_429,"{""detail"":""Rate limit exceeded. Max 30 requests/minute."",""error"":""Too Many Requests""}",0.309
2026-07-17T03:34:44.216025Z,drivers,drivers_by_observed_driver_number,"{""driver_number"": 5, ""session_key"": 11269}",0,http_429,"{""detail"":""Rate limit exceeded. Max 30 requests/minute."",""error"":""Too Many Requests""}",0.304
2026-07-17T03:34:44.623619Z,drivers,drivers_by_observed_driver_number,"{""driver_number"": 6, ""session_key"": 11269}",0,http_429,"{""detail"":""Rate limit exceeded. Max 30 requests/minute."",""error"":""Too Many Requests""}",0.306
2026-07-17T03:34:45.028479Z,drivers,drivers_by_observed_driver_number,"{""driver_number"": 10, ""session_key"": 11269}",0,http_429,"{""detail"":""Rate limit exceeded. Max 30 requests/minute."",""error"":""Too Many Requests""}",0.304
2026-07-17T03:34:45.435683Z,drivers,drivers_by_observed_driver_number,"{""driver_number"": 11, ""session_key"": 11269}",0,http_429,"{""detail"":""Rate limit exceeded. Max 30 requests/minute."",""error"":""Too Many Requests""}",0.306
2026-07-17T03:34:45.841777Z,drivers,drivers_by_observed_driver_number,"{""driver_number"": 12, ""session_key"": 11269}",0,http_429,"{""detail"":""Rate limit exceeded. Max 30 requests/minute."",""error"":""Too Many Requests""}",0.305
2026-07-17T03:34:46.249852Z,drivers,drivers_by_observed_driver_number,"{""driver_number"": 14, ""session_key"": 11269}",0,http_429,"{""detail"":""Rate limit exceeded. Max 30 requests/minute."",""error"":""Too Many Requests""}",0.307
2026-07-17T03:34:46.656271Z,drivers,drivers_by_observed_driver_number,"{""driver_number"": 16, ""session_key"": 11269}",0,http_429,"{""detail"":""Rate limit exceeded. Max 30 requests/minute."",""error"":""Too Many Requests""}",0.305
2026-07-17T03:34:47.063206Z,drivers,drivers_by_observed_driver_number,"{""driver_number"": 18, ""session_key"": 11269}",0,http_429,"{""detail"":""Rate limit exceeded. Max 30 requests/minute."",""error"":""Too Many Requests""}",0.306
2026-07-17T03:34:47.467905Z,drivers,drivers_by_observed_driver_number,"{""driver_number"": 23, ""session_key"": 11269}",0,http_429,"{""detail"":""Rate limit exceeded. Max 30 requests/minute."",""error"":""Too Many Requests""}",0.303
2026-07-17T03:34:47.873933Z,drivers,drivers_by_observed_driver_number,"{""driver_number"": 27, ""session_key"": 11269}",0,http_429,"{""detail"":""Rate limit exceeded. Max 30 requests/minute."",""error"":""Too Many Requests""}",0.305
2026-07-17T03:34:48.280770Z,drivers,drivers_by_observed_driver_number,"{""driver_number"": 30, ""session_key"": 11269}",0,http_429,"{""detail"":""Rate limit exceeded. Max 30 requests/minute."",""error"":""Too Many Requests""}",0.306
2026-07-17T03:34:48.685287Z,drivers,drivers_by_observed_driver_number,"{""driver_number"": 31, ""session_key"": 11269}",0,http_429,"{""detail"":""Rate limit exceeded. Max 30 requests/minute."",""error"":""Too Many Requests""}",0.303
2026-07-17T03:34:49.092004Z,drivers,drivers_by_observed_driver_number,"{""driver_number"": 41, ""session_key"": 11269}",0,http_429,"{""detail"":""Rate limit exceeded. Max 30 requests/minute."",""error"":""Too Many Requests""}",0.306
2026-07-17T03:34:49.500488Z,drivers,drivers_by_observed_driver_number,"{""driver_number"": 43, ""session_key"": 11269}",0,http_429,"{""detail"":""Rate limit exceeded. Max 30 requests/minute."",""error"":""Too Many Requests""}",0.307
2026-07-17T03:34:49.908245Z,drivers,drivers_by_observed_driver_number,"{""driver_number"": 44, ""session_key"": 11269}",0,http_429,"{""detail"":""Rate limit exceeded. Max 30 requests/minute."",""error"":""Too Many Requests""}",0.307
2026-07-17T03:34:50.326461Z,drivers,drivers_by_observed_driver_number,"{""driver_number"": 55, ""session_key"": 11269}",0,http_429,"{""detail"":""Rate limit exceeded. Max 30 requests/minute."",""error"":""Too Many Requests""}",0.317
2026-07-17T03:34:50.731080Z,drivers,drivers_by_observed_driver_number,"{""driver_number"": 63, ""session_key"": 11269}",0,http_429,"{""detail"":""Rate limit exceeded. Max 30 requests/minute."",""error"":""Too Many Requests""}",0.303
2026-07-17T03:34:51.140334Z,drivers,drivers_by_observed_driver_number,"{""driver_number"": 77, ""session_key"": 11269}",0,http_429,"{""detail"":""Rate limit exceeded. Max 30 requests/minute."",""error"":""Too Many Requests""}",0.308
2026-07-17T03:34:51.544888Z,drivers,drivers_by_observed_driver_number,"{""driver_number"": 81, ""session_key"": 11269}",0,http_429,"{""detail"":""Rate limit exceeded. Max 30 requests/minute."",""error"":""Too Many Requests""}",0.303
2026-07-17T03:34:51.949505Z,drivers,drivers_by_observed_driver_number,"{""driver_number"": 87, ""session_key"": 11269}",0,http_429,"{""detail"":""Rate limit exceeded. Max 30 requests/minute."",""error"":""Too Many Requests""}",0.303
2026-07-17T03:34:52.353891Z,drivers,drivers_by_observed_driver_number,"{""driver_number"": 241, ""session_key"": 11269}",0,http_429,"{""detail"":""Rate limit exceeded. Max 30 requests/minute."",""error"":""Too Many Requests""}",0.303
2026-07-17T03:34:52.759135Z,drivers,drivers_by_observed_driver_number,"{""driver_number"": 243, ""session_key"": 11269}",0,http_429,"{""detail"":""Rate limit exceeded. Max 30 requests/minute."",""error"":""Too Many Requests""}",0.304
2026-07-17T03:34:53.167922Z,drivers,drivers_by_observed_driver_number,"{""driver_number"": 247, ""session_key"": 11269}",0,http_429,"{""detail"":""Rate limit exceeded. Max 30 requests/minute."",""error"":""Too Many Requests""}",0.308
2026-07-17T03:34:53.575033Z,team_radio,team_radio_by_session_key_opportunistic,"{""session_key"": 11269}",0,http_429,"{""detail"":""Rate limit exceeded. Max 30 requests/minute."",""error"":""Too Many Requests""}",0.306
2026-07-17T03:34:53.985712Z,weather,weather_by_session_key,"{""session_key"": 11270}",0,http_429,"{""detail"":""Rate limit exceeded. Max 30 requests/minute."",""error"":""Too Many Requests""}",0.309
2026-07-17T03:34:54.393282Z,race_control,race_control_by_session_key,"{""session_key"": 11270}",0,http_429,"{""detail"":""Rate limit exceeded. Max 30 requests/minute."",""error"":""Too Many Requests""}",0.306
2026-07-17T03:34:54.899478Z,intervals,intervals_by_session_key,"{""session_key"": 11270}",0,http_429,"{""detail"":""Rate limit exceeded. Max 30 requests/minute."",""error"":""Too Many Requests""}",0.405
2026-07-17T03:34:55.303863Z,position,position_by_session_key,"{""session_key"": 11270}",0,http_429,"{""detail"":""Rate limit exceeded. Max 30 requests/minute."",""error"":""Too Many Requests""}",0.303
2026-07-17T03:34:55.891647Z,position,position_by_meeting_key_fallback,"{""meeting_key"": 1284}",0,http_429,"{""detail"":""Rate limit exceeded. Max 30 requests/minute."",""error"":""Too Many Requests""}",0.487
2026-07-17T03:34:56.433167Z,stints,stints_by_session_key,"{""session_key"": 11270}",0,http_429,"{""detail"":""Rate limit exceeded. Max 30 requests/minute."",""error"":""Too Many Requests""}",0.44
2026-07-17T03:34:56.534453Z,pit,skip_non_race_like_session,"{""session_key"": 11270}",0,skipped_not_applicable,pit endpoint is only treated as required for race/sprint-like sessions,0.0
2026-07-17T03:34:56.838670Z,starting_grid,starting_grid_by_session_key,"{""session_key"": 11270}",0,http_429,"{""detail"":""Rate limit exceeded. Max 30 requests/minute."",""error"":""Too Many Requests""}",0.304
2026-07-17T03:34:57.385150Z,drivers,drivers_by_session_key,"{""session_key"": 11270}",0,http_429,"{""detail"":""Rate limit exceeded. Max 30 requests/minute."",""error"":""Too Many Requests""}",0.445
2026-07-17T03:34:57.896024Z,drivers,drivers_by_observed_driver_number,"{""driver_number"": 1, ""session_key"": 11270}",0,http_429,"{""detail"":""Rate limit exceeded. Max 30 requests/minute."",""error"":""Too Many Requests""}",0.404
2026-07-17T03:34:58.300312Z,drivers,drivers_by_observed_driver_number,"{""driver_number"": 3, ""session_key"": 11270}",0,http_429,"{""detail"":""Rate limit exceeded. Max 30 requests/minute."",""error"":""Too Many Requests""}",0.303
2026-07-17T03:34:58.886855Z,drivers,drivers_by_observed_driver_number,"{""driver_number"": 5, ""session_key"": 11270}",0,http_429,"{""detail"":""Rate limit exceeded. Max 30 requests/minute."",""error"":""Too Many Requests""}",0.485
2026-07-17T03:34:59.356578Z,drivers,drivers_by_observed_driver_number,"{""driver_number"": 6, ""session_key"": 11270}",0,http_429,"{""detail"":""Rate limit exceeded. Max 30 requests/minute."",""error"":""Too Many Requests""}",0.368
2026-07-17T03:34:59.784278Z,drivers,drivers_by_observed_driver_number,"{""driver_number"": 10, ""session_key"": 11270}",0,http_429,"{""detail"":""Rate limit exceeded. Max 30 requests/minute."",""error"":""Too Many Requests""}",0.326
2026-07-17T03:35:00.200550Z,drivers,drivers_by_observed_driver_number,"{""driver_number"": 11, ""session_key"": 11270}",1,pass,,0.315
2026-07-17T03:35:00.746659Z,drivers,drivers_by_observed_driver_number,"{""driver_number"": 12, ""session_key"": 11270}",1,pass,,0.445
2026-07-17T03:35:01.155132Z,drivers,drivers_by_observed_driver_number,"{""driver_number"": 14, ""session_key"": 11270}",1,pass,,0.307
2026-07-17T03:35:01.697471Z,drivers,drivers_by_observed_driver_number,"{""driver_number"": 16, ""session_key"": 11270}",1,pass,,0.441
2026-07-17T03:35:02.163512Z,drivers,drivers_by_observed_driver_number,"{""driver_number"": 18, ""session_key"": 11270}",1,pass,,0.365
2026-07-17T03:35:02.720906Z,drivers,drivers_by_observed_driver_number,"{""driver_number"": 23, ""session_key"": 11270}",1,pass,,0.456
2026-07-17T03:35:03.132158Z,drivers,drivers_by_observed_driver_number,"{""driver_number"": 27, ""session_key"": 11270}",1,pass,,0.31
2026-07-17T03:35:03.542884Z,drivers,drivers_by_observed_driver_number,"{""driver_number"": 30, ""session_key"": 11270}",1,pass,,0.309
2026-07-17T03:35:04.055616Z,drivers,drivers_by_observed_driver_number,"{""driver_number"": 31, ""session_key"": 11270}",1,pass,,0.411
2026-07-17T03:35:04.597726Z,drivers,drivers_by_observed_driver_number,"{""driver_number"": 41, ""session_key"": 11270}",1,pass,,0.441
2026-07-17T03:35:05.020434Z,drivers,drivers_by_observed_driver_number,"{""driver_number"": 43, ""session_key"": 11270}",1,pass,,0.322
2026-07-17T03:35:05.427516Z,drivers,drivers_by_observed_driver_number,"{""driver_number"": 44, ""session_key"": 11270}",1,pass,,0.306
2026-07-17T03:35:05.842540Z,drivers,drivers_by_observed_driver_number,"{""driver_number"": 55, ""session_key"": 11270}",1,pass,,0.314
2026-07-17T03:35:06.268243Z,drivers,drivers_by_observed_driver_number,"{""driver_number"": 63, ""session_key"": 11270}",1,pass,,0.325
2026-07-17T03:35:06.813743Z,drivers,drivers_by_observed_driver_number,"{""driver_number"": 77, ""session_key"": 11270}",1,pass,,0.444
2026-07-17T03:35:07.222865Z,drivers,drivers_by_observed_driver_number,"{""driver_number"": 81, ""session_key"": 11270}",1,pass,,0.308
2026-07-17T03:35:07.633238Z,drivers,drivers_by_observed_driver_number,"{""driver_number"": 87, ""session_key"": 11270}",1,pass,,0.309
2026-07-17T03:35:08.045731Z,drivers,drivers_by_observed_driver_number,"{""driver_number"": 241, ""session_key"": 11270}",0,http_404,"{""detail"":""No results found.""}",0.311
2026-07-17T03:35:08.452114Z,drivers,drivers_by_observed_driver_number,"{""driver_number"": 243, ""session_key"": 11270}",0,http_404,"{""detail"":""No results found.""}",0.305
2026-07-17T03:35:08.862363Z,drivers,drivers_by_observed_driver_number,"{""driver_number"": 247, ""session_key"": 11270}",0,http_404,"{""detail"":""No results found.""}",0.309
2026-07-17T03:35:09.273686Z,team_radio,team_radio_by_session_key_opportunistic,"{""session_key"": 11270}",0,http_404,"{""detail"":""No results found.""}",0.307
2026-07-17T03:35:09.830529Z,weather,weather_by_session_key,"{""session_key"": 11271}",59,pass,,0.455
2026-07-17T03:35:10.256938Z,race_control,race_control_by_session_key,"{""session_key"": 11271}",49,pass,,0.324
2026-07-17T03:35:10.664087Z,intervals,intervals_by_session_key,"{""session_key"": 11271}",0,http_404,"{""detail"":""No results found.""}",0.305
2026-07-17T03:35:11.103187Z,position,position_by_session_key,"{""session_key"": 11271}",941,pass,,0.338
2026-07-17T03:35:11.518359Z,stints,stints_by_session_key,"{""session_key"": 11271}",59,pass,,0.313
2026-07-17T03:35:11.929144Z,pit,pit_by_session_key,"{""session_key"": 11271}",59,pass,,0.309
2026-07-17T03:35:12.336434Z,starting_grid,starting_grid_by_session_key,"{""session_key"": 11271}",22,pass,,0.305
2026-07-17T03:35:12.744906Z,drivers,drivers_by_session_key,"{""session_key"": 11271}",22,pass,,0.306
2026-07-17T03:35:13.161688Z,team_radio,team_radio_by_session_key_opportunistic,"{""session_key"": 11271}",0,http_404,"{""detail"":""No results found.""}",0.315
2026-07-17T03:35:13.586812Z,weather,weather_by_session_key,"{""session_key"": 11275}",0,http_429,"{""detail"":""Rate limit exceeded. Max 30 requests/minute."",""error"":""Too Many Requests""}",0.324
2026-07-17T03:35:14.094649Z,race_control,race_control_by_session_key,"{""session_key"": 11275}",0,http_429,"{""detail"":""Rate limit exceeded. Max 30 requests/minute."",""error"":""Too Many Requests""}",0.407
2026-07-17T03:35:14.680000Z,intervals,intervals_by_session_key,"{""session_key"": 11275}",0,http_429,"{""detail"":""Rate limit exceeded. Max 30 requests/minute."",""error"":""Too Many Requests""}",0.484
2026-07-17T03:35:15.085478Z,position,position_by_session_key,"{""session_key"": 11275}",0,http_429,"{""detail"":""Rate limit exceeded. Max 30 requests/minute."",""error"":""Too Many Requests""}",0.304
2026-07-17T03:35:15.493478Z,position,position_by_meeting_key_fallback,"{""meeting_key"": 1284}",0,http_429,"{""detail"":""Rate limit exceeded. Max 30 requests/minute."",""error"":""Too Many Requests""}",0.307
2026-07-17T03:35:15.904242Z,stints,stints_by_session_key,"{""session_key"": 11275}",0,http_429,"{""detail"":""Rate limit exceeded. Max 30 requests/minute."",""error"":""Too Many Requests""}",0.309
2026-07-17T03:35:16.310368Z,pit,pit_by_session_key,"{""session_key"": 11275}",0,http_429,"{""detail"":""Rate limit exceeded. Max 30 requests/minute."",""error"":""Too Many Requests""}",0.305
2026-07-17T03:35:16.716436Z,starting_grid,starting_grid_by_session_key,"{""session_key"": 11275}",0,http_429,"{""detail"":""Rate limit exceeded. Max 30 requests/minute."",""error"":""Too Many Requests""}",0.305
2026-07-17T03:35:17.213013Z,drivers,drivers_by_session_key,"{""session_key"": 11275}",0,http_429,"{""detail"":""Rate limit exceeded. Max 30 requests/minute."",""error"":""Too Many Requests""}",0.395
2026-07-17T03:35:17.686579Z,drivers,drivers_by_observed_driver_number,"{""driver_number"": 1, ""session_key"": 11275}",0,http_429,"{""detail"":""Rate limit exceeded. Max 30 requests/minute."",""error"":""Too Many Requests""}",0.366
2026-07-17T03:35:18.095739Z,drivers,drivers_by_observed_driver_number,"{""driver_number"": 3, ""session_key"": 11275}",0,http_429,"{""detail"":""Rate limit exceeded. Max 30 requests/minute."",""error"":""Too Many Requests""}",0.308
2026-07-17T03:35:18.502865Z,drivers,drivers_by_observed_driver_number,"{""driver_number"": 5, ""session_key"": 11275}",0,http_429,"{""detail"":""Rate limit exceeded. Max 30 requests/minute."",""error"":""Too Many Requests""}",0.306
2026-07-17T03:35:18.910621Z,drivers,drivers_by_observed_driver_number,"{""driver_number"": 6, ""session_key"": 11275}",0,http_429,"{""detail"":""Rate limit exceeded. Max 30 requests/minute."",""error"":""Too Many Requests""}",0.306
2026-07-17T03:35:19.315130Z,drivers,drivers_by_observed_driver_number,"{""driver_number"": 10, ""session_key"": 11275}",0,http_429,"{""detail"":""Rate limit exceeded. Max 30 requests/minute."",""error"":""Too Many Requests""}",0.303
2026-07-17T03:35:19.781076Z,drivers,drivers_by_observed_driver_number,"{""driver_number"": 11, ""session_key"": 11275}",0,http_429,"{""detail"":""Rate limit exceeded. Max 30 requests/minute."",""error"":""Too Many Requests""}",0.365
2026-07-17T03:35:20.194486Z,drivers,drivers_by_observed_driver_number,"{""driver_number"": 12, ""session_key"": 11275}",0,http_429,"{""detail"":""Rate limit exceeded. Max 30 requests/minute."",""error"":""Too Many Requests""}",0.312
2026-07-17T03:35:20.600513Z,drivers,drivers_by_observed_driver_number,"{""driver_number"": 14, ""session_key"": 11275}",0,http_429,"{""detail"":""Rate limit exceeded. Max 30 requests/minute."",""error"":""Too Many Requests""}",0.305
2026-07-17T03:35:21.027559Z,drivers,drivers_by_observed_driver_number,"{""driver_number"": 16, ""session_key"": 11275}",0,http_429,"{""detail"":""Rate limit exceeded. Max 30 requests/minute."",""error"":""Too Many Requests""}",0.326
2026-07-17T03:35:21.432216Z,drivers,drivers_by_observed_driver_number,"{""driver_number"": 18, ""session_key"": 11275}",0,http_429,"{""detail"":""Rate limit exceeded. Max 30 requests/minute."",""error"":""Too Many Requests""}",0.303
2026-07-17T03:35:21.975154Z,drivers,drivers_by_observed_driver_number,"{""driver_number"": 23, ""session_key"": 11275}",0,http_429,"{""detail"":""Rate limit exceeded. Max 30 requests/minute."",""error"":""Too Many Requests""}",0.442
2026-07-17T03:35:22.385066Z,drivers,drivers_by_observed_driver_number,"{""driver_number"": 27, ""session_key"": 11275}",0,http_429,"{""detail"":""Rate limit exceeded. Max 30 requests/minute."",""error"":""Too Many Requests""}",0.309
2026-07-17T03:35:22.789417Z,drivers,drivers_by_observed_driver_number,"{""driver_number"": 30, ""session_key"": 11275}",0,http_429,"{""detail"":""Rate limit exceeded. Max 30 requests/minute."",""error"":""Too Many Requests""}",0.303
2026-07-17T03:35:23.196149Z,drivers,drivers_by_observed_driver_number,"{""driver_number"": 31, ""session_key"": 11275}",0,http_429,"{""detail"":""Rate limit exceeded. Max 30 requests/minute."",""error"":""Too Many Requests""}",0.306
2026-07-17T03:35:23.606192Z,drivers,drivers_by_observed_driver_number,"{""driver_number"": 41, ""session_key"": 11275}",0,http_429,"{""detail"":""Rate limit exceeded. Max 30 requests/minute."",""error"":""Too Many Requests""}",0.309
2026-07-17T03:35:24.018852Z,drivers,drivers_by_observed_driver_number,"{""driver_number"": 43, ""session_key"": 11275}",0,http_429,"{""detail"":""Rate limit exceeded. Max 30 requests/minute."",""error"":""Too Many Requests""}",0.311
2026-07-17T03:35:24.445320Z,drivers,drivers_by_observed_driver_number,"{""driver_number"": 44, ""session_key"": 11275}",0,http_429,"{""detail"":""Rate limit exceeded. Max 30 requests/minute."",""error"":""Too Many Requests""}",0.325
2026-07-17T03:35:24.853889Z,drivers,drivers_by_observed_driver_number,"{""driver_number"": 55, ""session_key"": 11275}",0,http_429,"{""detail"":""Rate limit exceeded. Max 30 requests/minute."",""error"":""Too Many Requests""}",0.307
2026-07-17T03:35:25.262153Z,drivers,drivers_by_observed_driver_number,"{""driver_number"": 63, ""session_key"": 11275}",0,http_429,"{""detail"":""Rate limit exceeded. Max 30 requests/minute."",""error"":""Too Many Requests""}",0.307
2026-07-17T03:35:25.670293Z,drivers,drivers_by_observed_driver_number,"{""driver_number"": 77, ""session_key"": 11275}",0,http_429,"{""detail"":""Rate limit exceeded. Max 30 requests/minute."",""error"":""Too Many Requests""}",0.307
2026-07-17T03:35:26.075895Z,drivers,drivers_by_observed_driver_number,"{""driver_number"": 81, ""session_key"": 11275}",0,http_429,"{""detail"":""Rate limit exceeded. Max 30 requests/minute."",""error"":""Too Many Requests""}",0.304
2026-07-17T03:35:26.486482Z,drivers,drivers_by_observed_driver_number,"{""driver_number"": 87, ""session_key"": 11275}",0,http_429,"{""detail"":""Rate limit exceeded. Max 30 requests/minute."",""error"":""Too Many Requests""}",0.309
2026-07-17T03:35:26.892301Z,drivers,drivers_by_observed_driver_number,"{""driver_number"": 241, ""session_key"": 11275}",0,http_429,"{""detail"":""Rate limit exceeded. Max 30 requests/minute."",""error"":""Too Many Requests""}",0.305
2026-07-17T03:35:27.297579Z,drivers,drivers_by_observed_driver_number,"{""driver_number"": 243, ""session_key"": 11275}",0,http_429,"{""detail"":""Rate limit exceeded. Max 30 requests/minute."",""error"":""Too Many Requests""}",0.304
2026-07-17T03:35:27.702924Z,drivers,drivers_by_observed_driver_number,"{""driver_number"": 247, ""session_key"": 11275}",0,http_429,"{""detail"":""Rate limit exceeded. Max 30 requests/minute."",""error"":""Too Many Requests""}",0.304
2026-07-17T03:35:28.113400Z,team_radio,team_radio_by_session_key_opportunistic,"{""session_key"": 11275}",0,http_429,"{""detail"":""Rate limit exceeded. Max 30 requests/minute."",""error"":""Too Many Requests""}",0.309
2026-07-17T03:35:28.521486Z,weather,weather_by_session_key,"{""session_key"": 11276}",0,http_429,"{""detail"":""Rate limit exceeded. Max 30 requests/minute."",""error"":""Too Many Requests""}",0.307
2026-07-17T03:35:28.930266Z,race_control,race_control_by_session_key,"{""session_key"": 11276}",0,http_429,"{""detail"":""Rate limit exceeded. Max 30 requests/minute."",""error"":""Too Many Requests""}",0.308
2026-07-17T03:35:29.335192Z,intervals,intervals_by_session_key,"{""session_key"": 11276}",0,http_429,"{""detail"":""Rate limit exceeded. Max 30 requests/minute."",""error"":""Too Many Requests""}",0.304
2026-07-17T03:35:29.741443Z,position,position_by_session_key,"{""session_key"": 11276}",0,http_429,"{""detail"":""Rate limit exceeded. Max 30 requests/minute."",""error"":""Too Many Requests""}",0.305
2026-07-17T03:35:30.160254Z,position,position_by_meeting_key_fallback,"{""meeting_key"": 1284}",0,http_429,"{""detail"":""Rate limit exceeded. Max 30 requests/minute."",""error"":""Too Many Requests""}",0.318
2026-07-17T03:35:30.564791Z,stints,stints_by_session_key,"{""session_key"": 11276}",0,http_429,"{""detail"":""Rate limit exceeded. Max 30 requests/minute."",""error"":""Too Many Requests""}",0.303
2026-07-17T03:35:30.666190Z,pit,skip_non_race_like_session,"{""session_key"": 11276}",0,skipped_not_applicable,pit endpoint is only treated as required for race/sprint-like sessions,0.0
2026-07-17T03:35:30.975415Z,starting_grid,starting_grid_by_session_key,"{""session_key"": 11276}",0,http_429,"{""detail"":""Rate limit exceeded. Max 30 requests/minute."",""error"":""Too Many Requests""}",0.309
2026-07-17T03:35:31.381268Z,drivers,drivers_by_session_key,"{""session_key"": 11276}",0,http_429,"{""detail"":""Rate limit exceeded. Max 30 requests/minute."",""error"":""Too Many Requests""}",0.305
2026-07-17T03:35:31.791588Z,drivers,drivers_by_observed_driver_number,"{""driver_number"": 1, ""session_key"": 11276}",0,http_429,"{""detail"":""Rate limit exceeded. Max 30 requests/minute."",""error"":""Too Many Requests""}",0.303
2026-07-17T03:35:32.196791Z,drivers,drivers_by_observed_driver_number,"{""driver_number"": 3, ""session_key"": 11276}",0,http_429,"{""detail"":""Rate limit exceeded. Max 30 requests/minute."",""error"":""Too Many Requests""}",0.304
2026-07-17T03:35:32.600520Z,drivers,drivers_by_observed_driver_number,"{""driver_number"": 5, ""session_key"": 11276}",0,http_429,"{""detail"":""Rate limit exceeded. Max 30 requests/minute."",""error"":""Too Many Requests""}",0.303
2026-07-17T03:35:33.004940Z,drivers,drivers_by_observed_driver_number,"{""driver_number"": 6, ""session_key"": 11276}",0,http_429,"{""detail"":""Rate limit exceeded. Max 30 requests/minute."",""error"":""Too Many Requests""}",0.303
2026-07-17T03:35:33.442135Z,drivers,drivers_by_observed_driver_number,"{""driver_number"": 10, ""session_key"": 11276}",0,http_429,"{""detail"":""Rate limit exceeded. Max 30 requests/minute."",""error"":""Too Many Requests""}",0.336
2026-07-17T03:35:33.846419Z,drivers,drivers_by_observed_driver_number,"{""driver_number"": 11, ""session_key"": 11276}",0,http_429,"{""detail"":""Rate limit exceeded. Max 30 requests/minute."",""error"":""Too Many Requests""}",0.303
2026-07-17T03:35:34.251374Z,drivers,drivers_by_observed_driver_number,"{""driver_number"": 12, ""session_key"": 11276}",0,http_429,"{""detail"":""Rate limit exceeded. Max 30 requests/minute."",""error"":""Too Many Requests""}",0.304
2026-07-17T03:35:34.657341Z,drivers,drivers_by_observed_driver_number,"{""driver_number"": 14, ""session_key"": 11276}",0,http_429,"{""detail"":""Rate limit exceeded. Max 30 requests/minute."",""error"":""Too Many Requests""}",0.305
2026-07-17T03:35:35.065422Z,drivers,drivers_by_observed_driver_number,"{""driver_number"": 16, ""session_key"": 11276}",0,http_429,"{""detail"":""Rate limit exceeded. Max 30 requests/minute."",""error"":""Too Many Requests""}",0.307
2026-07-17T03:35:35.474945Z,drivers,drivers_by_observed_driver_number,"{""driver_number"": 18, ""session_key"": 11276}",0,http_429,"{""detail"":""Rate limit exceeded. Max 30 requests/minute."",""error"":""Too Many Requests""}",0.308
2026-07-17T03:35:35.880774Z,drivers,drivers_by_observed_driver_number,"{""driver_number"": 23, ""session_key"": 11276}",0,http_429,"{""detail"":""Rate limit exceeded. Max 30 requests/minute."",""error"":""Too Many Requests""}",0.305
2026-07-17T03:35:36.286774Z,drivers,drivers_by_observed_driver_number,"{""driver_number"": 27, ""session_key"": 11276}",0,http_429,"{""detail"":""Rate limit exceeded. Max 30 requests/minute."",""error"":""Too Many Requests""}",0.305
2026-07-17T03:35:36.691419Z,drivers,drivers_by_observed_driver_number,"{""driver_number"": 30, ""session_key"": 11276}",0,http_429,"{""detail"":""Rate limit exceeded. Max 30 requests/minute."",""error"":""Too Many Requests""}",0.303
2026-07-17T03:35:37.095966Z,drivers,drivers_by_observed_driver_number,"{""driver_number"": 31, ""session_key"": 11276}",0,http_429,"{""detail"":""Rate limit exceeded. Max 30 requests/minute."",""error"":""Too Many Requests""}",0.303
2026-07-17T03:35:37.503863Z,drivers,drivers_by_observed_driver_number,"{""driver_number"": 41, ""session_key"": 11276}",0,http_429,"{""detail"":""Rate limit exceeded. Max 30 requests/minute."",""error"":""Too Many Requests""}",0.307
2026-07-17T03:35:37.908905Z,drivers,drivers_by_observed_driver_number,"{""driver_number"": 43, ""session_key"": 11276}",0,http_429,"{""detail"":""Rate limit exceeded. Max 30 requests/minute."",""error"":""Too Many Requests""}",0.304
2026-07-17T03:35:38.314488Z,drivers,drivers_by_observed_driver_number,"{""driver_number"": 44, ""session_key"": 11276}",0,http_429,"{""detail"":""Rate limit exceeded. Max 30 requests/minute."",""error"":""Too Many Requests""}",0.304
2026-07-17T03:35:38.720217Z,drivers,drivers_by_observed_driver_number,"{""driver_number"": 55, ""session_key"": 11276}",0,http_429,"{""detail"":""Rate limit exceeded. Max 30 requests/minute."",""error"":""Too Many Requests""}",0.304
2026-07-17T03:35:39.138239Z,drivers,drivers_by_observed_driver_number,"{""driver_number"": 63, ""session_key"": 11276}",0,http_429,"{""detail"":""Rate limit exceeded. Max 30 requests/minute."",""error"":""Too Many Requests""}",0.317
2026-07-17T03:35:39.544731Z,drivers,drivers_by_observed_driver_number,"{""driver_number"": 77, ""session_key"": 11276}",0,http_429,"{""detail"":""Rate limit exceeded. Max 30 requests/minute."",""error"":""Too Many Requests""}",0.305
2026-07-17T03:35:39.949139Z,drivers,drivers_by_observed_driver_number,"{""driver_number"": 81, ""session_key"": 11276}",0,http_429,"{""detail"":""Rate limit exceeded. Max 30 requests/minute."",""error"":""Too Many Requests""}",0.303
2026-07-17T03:35:40.355139Z,drivers,drivers_by_observed_driver_number,"{""driver_number"": 87, ""session_key"": 11276}",0,http_429,"{""detail"":""Rate limit exceeded. Max 30 requests/minute."",""error"":""Too Many Requests""}",0.305
2026-07-17T03:35:40.771201Z,drivers,drivers_by_observed_driver_number,"{""driver_number"": 241, ""session_key"": 11276}",0,http_429,"{""detail"":""Rate limit exceeded. Max 30 requests/minute."",""error"":""Too Many Requests""}",0.315
2026-07-17T03:35:41.179622Z,drivers,drivers_by_observed_driver_number,"{""driver_number"": 243, ""session_key"": 11276}",0,http_429,"{""detail"":""Rate limit exceeded. Max 30 requests/minute."",""error"":""Too Many Requests""}",0.307
2026-07-17T03:35:41.586415Z,drivers,drivers_by_observed_driver_number,"{""driver_number"": 247, ""session_key"": 11276}",0,http_429,"{""detail"":""Rate limit exceeded. Max 30 requests/minute."",""error"":""Too Many Requests""}",0.306
2026-07-17T03:35:41.990410Z,team_radio,team_radio_by_session_key_opportunistic,"{""session_key"": 11276}",0,http_429,"{""detail"":""Rate limit exceeded. Max 30 requests/minute."",""error"":""Too Many Requests""}",0.303
2026-07-17T03:35:42.395280Z,weather,weather_by_session_key,"{""session_key"": 11280}",0,http_429,"{""detail"":""Rate limit exceeded. Max 30 requests/minute."",""error"":""Too Many Requests""}",0.303
2026-07-17T03:35:42.800885Z,race_control,race_control_by_session_key,"{""session_key"": 11280}",0,http_429,"{""detail"":""Rate limit exceeded. Max 30 requests/minute."",""error"":""Too Many Requests""}",0.304
2026-07-17T03:35:43.205136Z,intervals,intervals_by_session_key,"{""session_key"": 11280}",0,http_429,"{""detail"":""Rate limit exceeded. Max 30 requests/minute."",""error"":""Too Many Requests""}",0.303
2026-07-17T03:35:43.609896Z,position,position_by_session_key,"{""session_key"": 11280}",0,http_429,"{""detail"":""Rate limit exceeded. Max 30 requests/minute."",""error"":""Too Many Requests""}",0.303
2026-07-17T03:35:44.015375Z,position,position_by_meeting_key_fallback,"{""meeting_key"": 1284}",0,http_429,"{""detail"":""Rate limit exceeded. Max 30 requests/minute."",""error"":""Too Many Requests""}",0.304
2026-07-17T03:35:44.421631Z,stints,stints_by_session_key,"{""session_key"": 11280}",0,http_429,"{""detail"":""Rate limit exceeded. Max 30 requests/minute."",""error"":""Too Many Requests""}",0.305
2026-07-17T03:35:44.827497Z,pit,pit_by_session_key,"{""session_key"": 11280}",0,http_429,"{""detail"":""Rate limit exceeded. Max 30 requests/minute."",""error"":""Too Many Requests""}",0.305
2026-07-17T03:35:45.232796Z,starting_grid,starting_grid_by_session_key,"{""session_key"": 11280}",0,http_429,"{""detail"":""Rate limit exceeded. Max 30 requests/minute."",""error"":""Too Many Requests""}",0.304
2026-07-17T03:35:45.775358Z,drivers,drivers_by_session_key,"{""session_key"": 11280}",0,http_429,"{""detail"":""Rate limit exceeded. Max 30 requests/minute."",""error"":""Too Many Requests""}",0.441
2026-07-17T03:35:46.187108Z,drivers,drivers_by_observed_driver_number,"{""driver_number"": 1, ""session_key"": 11280}",0,http_429,"{""detail"":""Rate limit exceeded. Max 30 requests/minute."",""error"":""Too Many Requests""}",0.305
2026-07-17T03:35:46.597482Z,drivers,drivers_by_observed_driver_number,"{""driver_number"": 3, ""session_key"": 11280}",0,http_429,"{""detail"":""Rate limit exceeded. Max 30 requests/minute."",""error"":""Too Many Requests""}",0.309
2026-07-17T03:35:47.002125Z,drivers,drivers_by_observed_driver_number,"{""driver_number"": 5, ""session_key"": 11280}",0,http_429,"{""detail"":""Rate limit exceeded. Max 30 requests/minute."",""error"":""Too Many Requests""}",0.303
2026-07-17T03:35:47.408871Z,drivers,drivers_by_observed_driver_number,"{""driver_number"": 6, ""session_key"": 11280}",0,http_429,"{""detail"":""Rate limit exceeded. Max 30 requests/minute."",""error"":""Too Many Requests""}",0.306
2026-07-17T03:35:47.812748Z,drivers,drivers_by_observed_driver_number,"{""driver_number"": 10, ""session_key"": 11280}",0,http_429,"{""detail"":""Rate limit exceeded. Max 30 requests/minute."",""error"":""Too Many Requests""}",0.303
2026-07-17T03:35:48.218335Z,drivers,drivers_by_observed_driver_number,"{""driver_number"": 11, ""session_key"": 11280}",0,http_429,"{""detail"":""Rate limit exceeded. Max 30 requests/minute."",""error"":""Too Many Requests""}",0.304
2026-07-17T03:35:48.623106Z,drivers,drivers_by_observed_driver_number,"{""driver_number"": 12, ""session_key"": 11280}",0,http_429,"{""detail"":""Rate limit exceeded. Max 30 requests/minute."",""error"":""Too Many Requests""}",0.304
2026-07-17T03:35:49.030511Z,drivers,drivers_by_observed_driver_number,"{""driver_number"": 14, ""session_key"": 11280}",0,http_429,"{""detail"":""Rate limit exceeded. Max 30 requests/minute."",""error"":""Too Many Requests""}",0.306
2026-07-17T03:35:49.437375Z,drivers,drivers_by_observed_driver_number,"{""driver_number"": 16, ""session_key"": 11280}",0,http_429,"{""detail"":""Rate limit exceeded. Max 30 requests/minute."",""error"":""Too Many Requests""}",0.306
2026-07-17T03:35:49.845688Z,drivers,drivers_by_observed_driver_number,"{""driver_number"": 18, ""session_key"": 11280}",0,http_429,"{""detail"":""Rate limit exceeded. Max 30 requests/minute."",""error"":""Too Many Requests""}",0.307
2026-07-17T03:35:50.254387Z,drivers,drivers_by_observed_driver_number,"{""driver_number"": 23, ""session_key"": 11280}",0,http_429,"{""detail"":""Rate limit exceeded. Max 30 requests/minute."",""error"":""Too Many Requests""}",0.308
2026-07-17T03:35:50.661266Z,drivers,drivers_by_observed_driver_number,"{""driver_number"": 27, ""session_key"": 11280}",0,http_429,"{""detail"":""Rate limit exceeded. Max 30 requests/minute."",""error"":""Too Many Requests""}",0.306
2026-07-17T03:35:51.066982Z,drivers,drivers_by_observed_driver_number,"{""driver_number"": 30, ""session_key"": 11280}",0,http_429,"{""detail"":""Rate limit exceeded. Max 30 requests/minute."",""error"":""Too Many Requests""}",0.305
2026-07-17T03:35:51.477239Z,drivers,drivers_by_observed_driver_number,"{""driver_number"": 31, ""session_key"": 11280}",0,http_429,"{""detail"":""Rate limit exceeded. Max 30 requests/minute."",""error"":""Too Many Requests""}",0.309
2026-07-17T03:35:51.883210Z,drivers,drivers_by_observed_driver_number,"{""driver_number"": 41, ""session_key"": 11280}",0,http_429,"{""detail"":""Rate limit exceeded. Max 30 requests/minute."",""error"":""Too Many Requests""}",0.305
2026-07-17T03:35:52.291505Z,drivers,drivers_by_observed_driver_number,"{""driver_number"": 43, ""session_key"": 11280}",0,http_429,"{""detail"":""Rate limit exceeded. Max 30 requests/minute."",""error"":""Too Many Requests""}",0.307
2026-07-17T03:35:52.697189Z,drivers,drivers_by_observed_driver_number,"{""driver_number"": 44, ""session_key"": 11280}",0,http_429,"{""detail"":""Rate limit exceeded. Max 30 requests/minute."",""error"":""Too Many Requests""}",0.304
2026-07-17T03:35:53.102100Z,drivers,drivers_by_observed_driver_number,"{""driver_number"": 55, ""session_key"": 11280}",0,http_429,"{""detail"":""Rate limit exceeded. Max 30 requests/minute."",""error"":""Too Many Requests""}",0.304
2026-07-17T03:35:53.506732Z,drivers,drivers_by_observed_driver_number,"{""driver_number"": 63, ""session_key"": 11280}",0,http_429,"{""detail"":""Rate limit exceeded. Max 30 requests/minute."",""error"":""Too Many Requests""}",0.303
2026-07-17T03:35:53.911684Z,drivers,drivers_by_observed_driver_number,"{""driver_number"": 77, ""session_key"": 11280}",0,http_429,"{""detail"":""Rate limit exceeded. Max 30 requests/minute."",""error"":""Too Many Requests""}",0.304
2026-07-17T03:35:54.316691Z,drivers,drivers_by_observed_driver_number,"{""driver_number"": 81, ""session_key"": 11280}",0,http_429,"{""detail"":""Rate limit exceeded. Max 30 requests/minute."",""error"":""Too Many Requests""}",0.304
2026-07-17T03:35:54.725670Z,drivers,drivers_by_observed_driver_number,"{""driver_number"": 87, ""session_key"": 11280}",0,http_429,"{""detail"":""Rate limit exceeded. Max 30 requests/minute."",""error"":""Too Many Requests""}",0.308
2026-07-17T03:35:55.130934Z,drivers,drivers_by_observed_driver_number,"{""driver_number"": 241, ""session_key"": 11280}",0,http_429,"{""detail"":""Rate limit exceeded. Max 30 requests/minute."",""error"":""Too Many Requests""}",0.304
2026-07-17T03:35:55.535260Z,drivers,drivers_by_observed_driver_number,"{""driver_number"": 243, ""session_key"": 11280}",0,http_429,"{""detail"":""Rate limit exceeded. Max 30 requests/minute."",""error"":""Too Many Requests""}",0.303
2026-07-17T03:35:55.941673Z,drivers,drivers_by_observed_driver_number,"{""driver_number"": 247, ""session_key"": 11280}",0,http_429,"{""detail"":""Rate limit exceeded. Max 30 requests/minute."",""error"":""Too Many Requests""}",0.305
2026-07-17T03:35:56.350627Z,team_radio,team_radio_by_session_key_opportunistic,"{""session_key"": 11280}",0,http_429,"{""detail"":""Rate limit exceeded. Max 30 requests/minute."",""error"":""Too Many Requests""}",0.307
2026-07-17T03:35:56.756150Z,weather,weather_by_session_key,"{""session_key"": 11281}",0,http_429,"{""detail"":""Rate limit exceeded. Max 30 requests/minute."",""error"":""Too Many Requests""}",0.304
2026-07-17T03:35:57.161787Z,race_control,race_control_by_session_key,"{""session_key"": 11281}",0,http_429,"{""detail"":""Rate limit exceeded. Max 30 requests/minute."",""error"":""Too Many Requests""}",0.304
2026-07-17T03:35:57.566106Z,intervals,intervals_by_session_key,"{""session_key"": 11281}",0,http_429,"{""detail"":""Rate limit exceeded. Max 30 requests/minute."",""error"":""Too Many Requests""}",0.303
2026-07-17T03:35:57.972350Z,position,position_by_session_key,"{""session_key"": 11281}",0,http_429,"{""detail"":""Rate limit exceeded. Max 30 requests/minute."",""error"":""Too Many Requests""}",0.305
2026-07-17T03:35:58.381372Z,position,position_by_meeting_key_fallback,"{""meeting_key"": 1285}",0,http_429,"{""detail"":""Rate limit exceeded. Max 30 requests/minute."",""error"":""Too Many Requests""}",0.308
2026-07-17T03:35:58.787096Z,stints,stints_by_session_key,"{""session_key"": 11281}",0,http_429,"{""detail"":""Rate limit exceeded. Max 30 requests/minute."",""error"":""Too Many Requests""}",0.304
2026-07-17T03:35:58.888374Z,pit,skip_non_race_like_session,"{""session_key"": 11281}",0,skipped_not_applicable,pit endpoint is only treated as required for race/sprint-like sessions,0.0
2026-07-17T03:35:59.195219Z,starting_grid,starting_grid_by_session_key,"{""session_key"": 11281}",0,http_429,"{""detail"":""Rate limit exceeded. Max 30 requests/minute."",""error"":""Too Many Requests""}",0.307
2026-07-17T03:35:59.613082Z,drivers,drivers_by_session_key,"{""session_key"": 11281}",0,http_429,"{""detail"":""Rate limit exceeded. Max 30 requests/minute."",""error"":""Too Many Requests""}",0.317
2026-07-17T03:36:00.036186Z,drivers,drivers_by_observed_driver_number,"{""driver_number"": 1, ""session_key"": 11281}",0,http_429,"{""detail"":""Rate limit exceeded. Max 30 requests/minute."",""error"":""Too Many Requests""}",0.316
2026-07-17T03:36:00.444476Z,drivers,drivers_by_observed_driver_number,"{""driver_number"": 3, ""session_key"": 11281}",1,pass,,0.307
2026-07-17T03:36:00.851270Z,drivers,drivers_by_observed_driver_number,"{""driver_number"": 5, ""session_key"": 11281}",1,pass,,0.306
2026-07-17T03:36:01.258999Z,drivers,drivers_by_observed_driver_number,"{""driver_number"": 6, ""session_key"": 11281}",1,pass,,0.307
2026-07-17T03:36:01.668129Z,drivers,drivers_by_observed_driver_number,"{""driver_number"": 10, ""session_key"": 11281}",1,pass,,0.308
2026-07-17T03:36:02.075149Z,drivers,drivers_by_observed_driver_number,"{""driver_number"": 11, ""session_key"": 11281}",1,pass,,0.306
2026-07-17T03:36:02.483755Z,drivers,drivers_by_observed_driver_number,"{""driver_number"": 12, ""session_key"": 11281}",1,pass,,0.307
2026-07-17T03:36:02.891027Z,drivers,drivers_by_observed_driver_number,"{""driver_number"": 14, ""session_key"": 11281}",1,pass,,0.306
2026-07-17T03:36:03.308173Z,drivers,drivers_by_observed_driver_number,"{""driver_number"": 16, ""session_key"": 11281}",1,pass,,0.316
2026-07-17T03:36:03.716573Z,drivers,drivers_by_observed_driver_number,"{""driver_number"": 18, ""session_key"": 11281}",1,pass,,0.307
2026-07-17T03:36:04.124082Z,drivers,drivers_by_observed_driver_number,"{""driver_number"": 23, ""session_key"": 11281}",1,pass,,0.306
2026-07-17T03:36:04.541918Z,drivers,drivers_by_observed_driver_number,"{""driver_number"": 27, ""session_key"": 11281}",1,pass,,0.317
2026-07-17T03:36:04.952399Z,drivers,drivers_by_observed_driver_number,"{""driver_number"": 30, ""session_key"": 11281}",1,pass,,0.309
2026-07-17T03:36:05.361556Z,drivers,drivers_by_observed_driver_number,"{""driver_number"": 31, ""session_key"": 11281}",1,pass,,0.308
2026-07-17T03:36:05.777985Z,drivers,drivers_by_observed_driver_number,"{""driver_number"": 41, ""session_key"": 11281}",1,pass,,0.315
2026-07-17T03:36:06.187176Z,drivers,drivers_by_observed_driver_number,"{""driver_number"": 43, ""session_key"": 11281}",1,pass,,0.308
2026-07-17T03:36:06.595589Z,drivers,drivers_by_observed_driver_number,"{""driver_number"": 44, ""session_key"": 11281}",1,pass,,0.307
2026-07-17T03:36:07.004645Z,drivers,drivers_by_observed_driver_number,"{""driver_number"": 55, ""session_key"": 11281}",1,pass,,0.308
2026-07-17T03:36:07.416378Z,drivers,drivers_by_observed_driver_number,"{""driver_number"": 63, ""session_key"": 11281}",1,pass,,0.311
2026-07-17T03:36:07.823275Z,drivers,drivers_by_observed_driver_number,"{""driver_number"": 77, ""session_key"": 11281}",1,pass,,0.306
2026-07-17T03:36:08.230860Z,drivers,drivers_by_observed_driver_number,"{""driver_number"": 81, ""session_key"": 11281}",1,pass,,0.306
2026-07-17T03:36:08.638951Z,drivers,drivers_by_observed_driver_number,"{""driver_number"": 87, ""session_key"": 11281}",1,pass,,0.307
2026-07-17T03:36:09.045685Z,drivers,drivers_by_observed_driver_number,"{""driver_number"": 241, ""session_key"": 11281}",0,http_404,"{""detail"":""No results found.""}",0.306
2026-07-17T03:36:09.452284Z,drivers,drivers_by_observed_driver_number,"{""driver_number"": 243, ""session_key"": 11281}",0,http_404,"{""detail"":""No results found.""}",0.305
2026-07-17T03:36:09.858850Z,drivers,drivers_by_observed_driver_number,"{""driver_number"": 247, ""session_key"": 11281}",0,http_404,"{""detail"":""No results found.""}",0.305
2026-07-17T03:36:10.269243Z,team_radio,team_radio_by_session_key_opportunistic,"{""session_key"": 11281}",0,http_404,"{""detail"":""No results found.""}",0.306
2026-07-17T03:36:10.681242Z,weather,weather_by_session_key,"{""session_key"": 11282}",77,pass,,0.311
2026-07-17T03:36:11.093795Z,race_control,race_control_by_session_key,"{""session_key"": 11282}",65,pass,,0.311
2026-07-17T03:36:11.505417Z,intervals,intervals_by_session_key,"{""session_key"": 11282}",0,http_404,"{""detail"":""No results found.""}",0.31
2026-07-17T03:36:11.981407Z,position,position_by_session_key,"{""session_key"": 11282}",1035,pass,,0.375
2026-07-17T03:36:12.391885Z,stints,stints_by_session_key,"{""session_key"": 11282}",56,pass,,0.308
2026-07-17T03:36:12.797486Z,pit,pit_by_session_key,"{""session_key"": 11282}",0,http_429,"{""detail"":""Rate limit exceeded. Max 30 requests/minute."",""error"":""Too Many Requests""}",0.304
2026-07-17T03:36:13.202379Z,starting_grid,starting_grid_by_session_key,"{""session_key"": 11282}",0,http_429,"{""detail"":""Rate limit exceeded. Max 30 requests/minute."",""error"":""Too Many Requests""}",0.304
2026-07-17T03:36:13.611535Z,drivers,drivers_by_session_key,"{""session_key"": 11282}",0,http_429,"{""detail"":""Rate limit exceeded. Max 30 requests/minute."",""error"":""Too Many Requests""}",0.308
2026-07-17T03:36:14.023234Z,drivers,drivers_by_observed_driver_number,"{""driver_number"": 1, ""session_key"": 11282}",0,http_429,"{""detail"":""Rate limit exceeded. Max 30 requests/minute."",""error"":""Too Many Requests""}",0.304
2026-07-17T03:36:14.427941Z,drivers,drivers_by_observed_driver_number,"{""driver_number"": 3, ""session_key"": 11282}",0,http_429,"{""detail"":""Rate limit exceeded. Max 30 requests/minute."",""error"":""Too Many Requests""}",0.304
2026-07-17T03:36:14.833274Z,drivers,drivers_by_observed_driver_number,"{""driver_number"": 5, ""session_key"": 11282}",0,http_429,"{""detail"":""Rate limit exceeded. Max 30 requests/minute."",""error"":""Too Many Requests""}",0.304
2026-07-17T03:36:15.249222Z,drivers,drivers_by_observed_driver_number,"{""driver_number"": 6, ""session_key"": 11282}",0,http_429,"{""detail"":""Rate limit exceeded. Max 30 requests/minute."",""error"":""Too Many Requests""}",0.315
2026-07-17T03:36:15.658018Z,drivers,drivers_by_observed_driver_number,"{""driver_number"": 10, ""session_key"": 11282}",0,http_429,"{""detail"":""Rate limit exceeded. Max 30 requests/minute."",""error"":""Too Many Requests""}",0.308
2026-07-17T03:36:16.065898Z,drivers,drivers_by_observed_driver_number,"{""driver_number"": 11, ""session_key"": 11282}",0,http_429,"{""detail"":""Rate limit exceeded. Max 30 requests/minute."",""error"":""Too Many Requests""}",0.307
2026-07-17T03:36:16.471818Z,drivers,drivers_by_observed_driver_number,"{""driver_number"": 12, ""session_key"": 11282}",0,http_429,"{""detail"":""Rate limit exceeded. Max 30 requests/minute."",""error"":""Too Many Requests""}",0.305
2026-07-17T03:36:16.881377Z,drivers,drivers_by_observed_driver_number,"{""driver_number"": 14, ""session_key"": 11282}",0,http_429,"{""detail"":""Rate limit exceeded. Max 30 requests/minute."",""error"":""Too Many Requests""}",0.308
2026-07-17T03:36:17.287949Z,drivers,drivers_by_observed_driver_number,"{""driver_number"": 16, ""session_key"": 11282}",0,http_429,"{""detail"":""Rate limit exceeded. Max 30 requests/minute."",""error"":""Too Many Requests""}",0.305
2026-07-17T03:36:17.693008Z,drivers,drivers_by_observed_driver_number,"{""driver_number"": 18, ""session_key"": 11282}",0,http_429,"{""detail"":""Rate limit exceeded. Max 30 requests/minute."",""error"":""Too Many Requests""}",0.304
2026-07-17T03:36:18.098877Z,drivers,drivers_by_observed_driver_number,"{""driver_number"": 23, ""session_key"": 11282}",0,http_429,"{""detail"":""Rate limit exceeded. Max 30 requests/minute."",""error"":""Too Many Requests""}",0.305
2026-07-17T03:36:18.505207Z,drivers,drivers_by_observed_driver_number,"{""driver_number"": 27, ""session_key"": 11282}",0,http_429,"{""detail"":""Rate limit exceeded. Max 30 requests/minute."",""error"":""Too Many Requests""}",0.305
2026-07-17T03:36:18.909086Z,drivers,drivers_by_observed_driver_number,"{""driver_number"": 30, ""session_key"": 11282}",0,http_429,"{""detail"":""Rate limit exceeded. Max 30 requests/minute."",""error"":""Too Many Requests""}",0.303
2026-07-17T03:36:19.313939Z,drivers,drivers_by_observed_driver_number,"{""driver_number"": 31, ""session_key"": 11282}",0,http_429,"{""detail"":""Rate limit exceeded. Max 30 requests/minute."",""error"":""Too Many Requests""}",0.304
2026-07-17T03:36:19.718646Z,drivers,drivers_by_observed_driver_number,"{""driver_number"": 41, ""session_key"": 11282}",0,http_429,"{""detail"":""Rate limit exceeded. Max 30 requests/minute."",""error"":""Too Many Requests""}",0.304
2026-07-17T03:36:20.126395Z,drivers,drivers_by_observed_driver_number,"{""driver_number"": 43, ""session_key"": 11282}",0,http_429,"{""detail"":""Rate limit exceeded. Max 30 requests/minute."",""error"":""Too Many Requests""}",0.307
2026-07-17T03:36:20.542622Z,drivers,drivers_by_observed_driver_number,"{""driver_number"": 44, ""session_key"": 11282}",0,http_429,"{""detail"":""Rate limit exceeded. Max 30 requests/minute."",""error"":""Too Many Requests""}",0.315
2026-07-17T03:36:20.948025Z,drivers,drivers_by_observed_driver_number,"{""driver_number"": 55, ""session_key"": 11282}",0,http_429,"{""detail"":""Rate limit exceeded. Max 30 requests/minute."",""error"":""Too Many Requests""}",0.304
2026-07-17T03:36:21.352093Z,drivers,drivers_by_observed_driver_number,"{""driver_number"": 63, ""session_key"": 11282}",0,http_429,"{""detail"":""Rate limit exceeded. Max 30 requests/minute."",""error"":""Too Many Requests""}",0.303
2026-07-17T03:36:21.760328Z,drivers,drivers_by_observed_driver_number,"{""driver_number"": 77, ""session_key"": 11282}",0,http_429,"{""detail"":""Rate limit exceeded. Max 30 requests/minute."",""error"":""Too Many Requests""}",0.307
2026-07-17T03:36:22.166787Z,drivers,drivers_by_observed_driver_number,"{""driver_number"": 81, ""session_key"": 11282}",0,http_429,"{""detail"":""Rate limit exceeded. Max 30 requests/minute."",""error"":""Too Many Requests""}",0.305
2026-07-17T03:36:22.570998Z,drivers,drivers_by_observed_driver_number,"{""driver_number"": 87, ""session_key"": 11282}",0,http_429,"{""detail"":""Rate limit exceeded. Max 30 requests/minute."",""error"":""Too Many Requests""}",0.303
2026-07-17T03:36:22.975238Z,drivers,drivers_by_observed_driver_number,"{""driver_number"": 241, ""session_key"": 11282}",0,http_429,"{""detail"":""Rate limit exceeded. Max 30 requests/minute."",""error"":""Too Many Requests""}",0.303
2026-07-17T03:36:23.382471Z,drivers,drivers_by_observed_driver_number,"{""driver_number"": 243, ""session_key"": 11282}",0,http_429,"{""detail"":""Rate limit exceeded. Max 30 requests/minute."",""error"":""Too Many Requests""}",0.306
2026-07-17T03:36:23.790895Z,drivers,drivers_by_observed_driver_number,"{""driver_number"": 247, ""session_key"": 11282}",0,http_429,"{""detail"":""Rate limit exceeded. Max 30 requests/minute."",""error"":""Too Many Requests""}",0.307
2026-07-17T03:36:24.196595Z,team_radio,team_radio_by_session_key_opportunistic,"{""session_key"": 11282}",0,http_429,"{""detail"":""Rate limit exceeded. Max 30 requests/minute."",""error"":""Too Many Requests""}",0.304
2026-07-17T03:36:24.605119Z,weather,weather_by_session_key,"{""session_key"": 11286}",0,http_429,"{""detail"":""Rate limit exceeded. Max 30 requests/minute."",""error"":""Too Many Requests""}",0.307
2026-07-17T03:36:25.011372Z,race_control,race_control_by_session_key,"{""session_key"": 11286}",0,http_429,"{""detail"":""Rate limit exceeded. Max 30 requests/minute."",""error"":""Too Many Requests""}",0.305
2026-07-17T03:36:25.416883Z,intervals,intervals_by_session_key,"{""session_key"": 11286}",0,http_429,"{""detail"":""Rate limit exceeded. Max 30 requests/minute."",""error"":""Too Many Requests""}",0.304
2026-07-17T03:36:25.821891Z,position,position_by_session_key,"{""session_key"": 11286}",0,http_429,"{""detail"":""Rate limit exceeded. Max 30 requests/minute."",""error"":""Too Many Requests""}",0.304
2026-07-17T03:36:26.226249Z,position,position_by_meeting_key_fallback,"{""meeting_key"": 1285}",0,http_429,"{""detail"":""Rate limit exceeded. Max 30 requests/minute."",""error"":""Too Many Requests""}",0.303
2026-07-17T03:36:26.631198Z,stints,stints_by_session_key,"{""session_key"": 11286}",0,http_429,"{""detail"":""Rate limit exceeded. Max 30 requests/minute."",""error"":""Too Many Requests""}",0.304
2026-07-17T03:36:27.047173Z,pit,pit_by_session_key,"{""session_key"": 11286}",0,http_429,"{""detail"":""Rate limit exceeded. Max 30 requests/minute."",""error"":""Too Many Requests""}",0.315
2026-07-17T03:36:27.459317Z,starting_grid,starting_grid_by_session_key,"{""session_key"": 11286}",0,http_429,"{""detail"":""Rate limit exceeded. Max 30 requests/minute."",""error"":""Too Many Requests""}",0.311
2026-07-17T03:36:27.864394Z,drivers,drivers_by_session_key,"{""session_key"": 11286}",0,http_429,"{""detail"":""Rate limit exceeded. Max 30 requests/minute."",""error"":""Too Many Requests""}",0.304
2026-07-17T03:36:28.276594Z,drivers,drivers_by_observed_driver_number,"{""driver_number"": 1, ""session_key"": 11286}",0,http_429,"{""detail"":""Rate limit exceeded. Max 30 requests/minute."",""error"":""Too Many Requests""}",0.305
2026-07-17T03:36:28.682069Z,drivers,drivers_by_observed_driver_number,"{""driver_number"": 3, ""session_key"": 11286}",0,http_429,"{""detail"":""Rate limit exceeded. Max 30 requests/minute."",""error"":""Too Many Requests""}",0.304
2026-07-17T03:36:29.090017Z,drivers,drivers_by_observed_driver_number,"{""driver_number"": 5, ""session_key"": 11286}",0,http_429,"{""detail"":""Rate limit exceeded. Max 30 requests/minute."",""error"":""Too Many Requests""}",0.307
2026-07-17T03:36:29.497125Z,drivers,drivers_by_observed_driver_number,"{""driver_number"": 6, ""session_key"": 11286}",0,http_429,"{""detail"":""Rate limit exceeded. Max 30 requests/minute."",""error"":""Too Many Requests""}",0.306
2026-07-17T03:36:29.900778Z,drivers,drivers_by_observed_driver_number,"{""driver_number"": 10, ""session_key"": 11286}",0,http_429,"{""detail"":""Rate limit exceeded. Max 30 requests/minute."",""error"":""Too Many Requests""}",0.303
2026-07-17T03:36:30.306782Z,drivers,drivers_by_observed_driver_number,"{""driver_number"": 11, ""session_key"": 11286}",0,http_429,"{""detail"":""Rate limit exceeded. Max 30 requests/minute."",""error"":""Too Many Requests""}",0.305
2026-07-17T03:36:30.712615Z,drivers,drivers_by_observed_driver_number,"{""driver_number"": 12, ""session_key"": 11286}",0,http_429,"{""detail"":""Rate limit exceeded. Max 30 requests/minute."",""error"":""Too Many Requests""}",0.305
2026-07-17T03:36:31.116853Z,drivers,drivers_by_observed_driver_number,"{""driver_number"": 14, ""session_key"": 11286}",0,http_429,"{""detail"":""Rate limit exceeded. Max 30 requests/minute."",""error"":""Too Many Requests""}",0.303
2026-07-17T03:36:31.522265Z,drivers,drivers_by_observed_driver_number,"{""driver_number"": 16, ""session_key"": 11286}",0,http_429,"{""detail"":""Rate limit exceeded. Max 30 requests/minute."",""error"":""Too Many Requests""}",0.304
2026-07-17T03:36:31.927366Z,drivers,drivers_by_observed_driver_number,"{""driver_number"": 18, ""session_key"": 11286}",0,http_429,"{""detail"":""Rate limit exceeded. Max 30 requests/minute."",""error"":""Too Many Requests""}",0.304
2026-07-17T03:36:32.332535Z,drivers,drivers_by_observed_driver_number,"{""driver_number"": 23, ""session_key"": 11286}",0,http_429,"{""detail"":""Rate limit exceeded. Max 30 requests/minute."",""error"":""Too Many Requests""}",0.304
2026-07-17T03:36:32.735865Z,drivers,drivers_by_observed_driver_number,"{""driver_number"": 27, ""session_key"": 11286}",0,http_429,"{""detail"":""Rate limit exceeded. Max 30 requests/minute."",""error"":""Too Many Requests""}",0.302
2026-07-17T03:36:33.140729Z,drivers,drivers_by_observed_driver_number,"{""driver_number"": 30, ""session_key"": 11286}",0,http_429,"{""detail"":""Rate limit exceeded. Max 30 requests/minute."",""error"":""Too Many Requests""}",0.304
2026-07-17T03:36:33.552638Z,drivers,drivers_by_observed_driver_number,"{""driver_number"": 31, ""session_key"": 11286}",0,http_429,"{""detail"":""Rate limit exceeded. Max 30 requests/minute."",""error"":""Too Many Requests""}",0.311
2026-07-17T03:36:33.958832Z,drivers,drivers_by_observed_driver_number,"{""driver_number"": 41, ""session_key"": 11286}",0,http_429,"{""detail"":""Rate limit exceeded. Max 30 requests/minute."",""error"":""Too Many Requests""}",0.305
2026-07-17T03:36:34.364852Z,drivers,drivers_by_observed_driver_number,"{""driver_number"": 43, ""session_key"": 11286}",0,http_429,"{""detail"":""Rate limit exceeded. Max 30 requests/minute."",""error"":""Too Many Requests""}",0.305
2026-07-17T03:36:34.772436Z,drivers,drivers_by_observed_driver_number,"{""driver_number"": 44, ""session_key"": 11286}",0,http_429,"{""detail"":""Rate limit exceeded. Max 30 requests/minute."",""error"":""Too Many Requests""}",0.306
2026-07-17T03:36:35.179389Z,drivers,drivers_by_observed_driver_number,"{""driver_number"": 55, ""session_key"": 11286}",0,http_429,"{""detail"":""Rate limit exceeded. Max 30 requests/minute."",""error"":""Too Many Requests""}",0.306
2026-07-17T03:36:35.585810Z,drivers,drivers_by_observed_driver_number,"{""driver_number"": 63, ""session_key"": 11286}",0,http_429,"{""detail"":""Rate limit exceeded. Max 30 requests/minute."",""error"":""Too Many Requests""}",0.305
2026-07-17T03:36:35.989466Z,drivers,drivers_by_observed_driver_number,"{""driver_number"": 77, ""session_key"": 11286}",0,http_429,"{""detail"":""Rate limit exceeded. Max 30 requests/minute."",""error"":""Too Many Requests""}",0.303
2026-07-17T03:36:36.393614Z,drivers,drivers_by_observed_driver_number,"{""driver_number"": 81, ""session_key"": 11286}",0,http_429,"{""detail"":""Rate limit exceeded. Max 30 requests/minute."",""error"":""Too Many Requests""}",0.303
2026-07-17T03:36:36.802136Z,drivers,drivers_by_observed_driver_number,"{""driver_number"": 87, ""session_key"": 11286}",0,http_429,"{""detail"":""Rate limit exceeded. Max 30 requests/minute."",""error"":""Too Many Requests""}",0.307
2026-07-17T03:36:37.206271Z,drivers,drivers_by_observed_driver_number,"{""driver_number"": 241, ""session_key"": 11286}",0,http_429,"{""detail"":""Rate limit exceeded. Max 30 requests/minute."",""error"":""Too Many Requests""}",0.303
2026-07-17T03:36:37.610405Z,drivers,drivers_by_observed_driver_number,"{""driver_number"": 243, ""session_key"": 11286}",0,http_429,"{""detail"":""Rate limit exceeded. Max 30 requests/minute."",""error"":""Too Many Requests""}",0.303
2026-07-17T03:36:38.015570Z,drivers,drivers_by_observed_driver_number,"{""driver_number"": 247, ""session_key"": 11286}",0,http_429,"{""detail"":""Rate limit exceeded. Max 30 requests/minute."",""error"":""Too Many Requests""}",0.304
2026-07-17T03:36:38.433849Z,team_radio,team_radio_by_session_key_opportunistic,"{""session_key"": 11286}",0,http_429,"{""detail"":""Rate limit exceeded. Max 30 requests/minute."",""error"":""Too Many Requests""}",0.317
2026-07-17T03:36:38.843844Z,weather,weather_by_session_key,"{""session_key"": 11287}",0,http_429,"{""detail"":""Rate limit exceeded. Max 30 requests/minute."",""error"":""Too Many Requests""}",0.309
2026-07-17T03:36:39.248727Z,race_control,race_control_by_session_key,"{""session_key"": 11287}",0,http_429,"{""detail"":""Rate limit exceeded. Max 30 requests/minute."",""error"":""Too Many Requests""}",0.304
2026-07-17T03:36:39.656325Z,intervals,intervals_by_session_key,"{""session_key"": 11287}",0,http_429,"{""detail"":""Rate limit exceeded. Max 30 requests/minute."",""error"":""Too Many Requests""}",0.306
2026-07-17T03:36:40.069014Z,position,position_by_session_key,"{""session_key"": 11287}",0,http_429,"{""detail"":""Rate limit exceeded. Max 30 requests/minute."",""error"":""Too Many Requests""}",0.312
2026-07-17T03:36:40.477597Z,position,position_by_meeting_key_fallback,"{""meeting_key"": 1285}",0,http_429,"{""detail"":""Rate limit exceeded. Max 30 requests/minute."",""error"":""Too Many Requests""}",0.307
2026-07-17T03:36:40.884466Z,stints,stints_by_session_key,"{""session_key"": 11287}",0,http_429,"{""detail"":""Rate limit exceeded. Max 30 requests/minute."",""error"":""Too Many Requests""}",0.306
2026-07-17T03:36:40.985727Z,pit,skip_non_race_like_session,"{""session_key"": 11287}",0,skipped_not_applicable,pit endpoint is only treated as required for race/sprint-like sessions,0.0
2026-07-17T03:36:41.289602Z,starting_grid,starting_grid_by_session_key,"{""session_key"": 11287}",0,http_429,"{""detail"":""Rate limit exceeded. Max 30 requests/minute."",""error"":""Too Many Requests""}",0.304
2026-07-17T03:36:41.705022Z,drivers,drivers_by_session_key,"{""session_key"": 11287}",0,http_429,"{""detail"":""Rate limit exceeded. Max 30 requests/minute."",""error"":""Too Many Requests""}",0.314
2026-07-17T03:36:42.121244Z,drivers,drivers_by_observed_driver_number,"{""driver_number"": 1, ""session_key"": 11287}",0,http_429,"{""detail"":""Rate limit exceeded. Max 30 requests/minute."",""error"":""Too Many Requests""}",0.309
2026-07-17T03:36:42.533392Z,drivers,drivers_by_observed_driver_number,"{""driver_number"": 3, ""session_key"": 11287}",0,http_429,"{""detail"":""Rate limit exceeded. Max 30 requests/minute."",""error"":""Too Many Requests""}",0.311
2026-07-17T03:36:42.937255Z,drivers,drivers_by_observed_driver_number,"{""driver_number"": 5, ""session_key"": 11287}",0,http_429,"{""detail"":""Rate limit exceeded. Max 30 requests/minute."",""error"":""Too Many Requests""}",0.303
2026-07-17T03:36:43.342017Z,drivers,drivers_by_observed_driver_number,"{""driver_number"": 6, ""session_key"": 11287}",0,http_429,"{""detail"":""Rate limit exceeded. Max 30 requests/minute."",""error"":""Too Many Requests""}",0.304
2026-07-17T03:36:43.745984Z,drivers,drivers_by_observed_driver_number,"{""driver_number"": 10, ""session_key"": 11287}",0,http_429,"{""detail"":""Rate limit exceeded. Max 30 requests/minute."",""error"":""Too Many Requests""}",0.303
2026-07-17T03:36:44.151295Z,drivers,drivers_by_observed_driver_number,"{""driver_number"": 11, ""session_key"": 11287}",0,http_429,"{""detail"":""Rate limit exceeded. Max 30 requests/minute."",""error"":""Too Many Requests""}",0.304
2026-07-17T03:36:44.557369Z,drivers,drivers_by_observed_driver_number,"{""driver_number"": 12, ""session_key"": 11287}",0,http_429,"{""detail"":""Rate limit exceeded. Max 30 requests/minute."",""error"":""Too Many Requests""}",0.305
2026-07-17T03:36:44.962357Z,drivers,drivers_by_observed_driver_number,"{""driver_number"": 14, ""session_key"": 11287}",0,http_429,"{""detail"":""Rate limit exceeded. Max 30 requests/minute."",""error"":""Too Many Requests""}",0.304
2026-07-17T03:36:45.366320Z,drivers,drivers_by_observed_driver_number,"{""driver_number"": 16, ""session_key"": 11287}",0,http_429,"{""detail"":""Rate limit exceeded. Max 30 requests/minute."",""error"":""Too Many Requests""}",0.303
2026-07-17T03:36:45.771230Z,drivers,drivers_by_observed_driver_number,"{""driver_number"": 18, ""session_key"": 11287}",0,http_429,"{""detail"":""Rate limit exceeded. Max 30 requests/minute."",""error"":""Too Many Requests""}",0.304
2026-07-17T03:36:46.175241Z,drivers,drivers_by_observed_driver_number,"{""driver_number"": 23, ""session_key"": 11287}",0,http_429,"{""detail"":""Rate limit exceeded. Max 30 requests/minute."",""error"":""Too Many Requests""}",0.303
2026-07-17T03:36:46.579383Z,drivers,drivers_by_observed_driver_number,"{""driver_number"": 27, ""session_key"": 11287}",0,http_429,"{""detail"":""Rate limit exceeded. Max 30 requests/minute."",""error"":""Too Many Requests""}",0.303
2026-07-17T03:36:46.982747Z,drivers,drivers_by_observed_driver_number,"{""driver_number"": 30, ""session_key"": 11287}",0,http_429,"{""detail"":""Rate limit exceeded. Max 30 requests/minute."",""error"":""Too Many Requests""}",0.302
2026-07-17T03:36:47.388006Z,drivers,drivers_by_observed_driver_number,"{""driver_number"": 31, ""session_key"": 11287}",0,http_429,"{""detail"":""Rate limit exceeded. Max 30 requests/minute."",""error"":""Too Many Requests""}",0.304
2026-07-17T03:36:47.794774Z,drivers,drivers_by_observed_driver_number,"{""driver_number"": 41, ""session_key"": 11287}",0,http_429,"{""detail"":""Rate limit exceeded. Max 30 requests/minute."",""error"":""Too Many Requests""}",0.306
2026-07-17T03:36:48.198260Z,drivers,drivers_by_observed_driver_number,"{""driver_number"": 43, ""session_key"": 11287}",0,http_429,"{""detail"":""Rate limit exceeded. Max 30 requests/minute."",""error"":""Too Many Requests""}",0.302
2026-07-17T03:36:48.607220Z,drivers,drivers_by_observed_driver_number,"{""driver_number"": 44, ""session_key"": 11287}",0,http_429,"{""detail"":""Rate limit exceeded. Max 30 requests/minute."",""error"":""Too Many Requests""}",0.308
2026-07-17T03:36:49.011278Z,drivers,drivers_by_observed_driver_number,"{""driver_number"": 55, ""session_key"": 11287}",0,http_429,"{""detail"":""Rate limit exceeded. Max 30 requests/minute."",""error"":""Too Many Requests""}",0.303
2026-07-17T03:36:49.422529Z,drivers,drivers_by_observed_driver_number,"{""driver_number"": 63, ""session_key"": 11287}",0,http_429,"{""detail"":""Rate limit exceeded. Max 30 requests/minute."",""error"":""Too Many Requests""}",0.31
2026-07-17T03:36:49.826478Z,drivers,drivers_by_observed_driver_number,"{""driver_number"": 77, ""session_key"": 11287}",0,http_429,"{""detail"":""Rate limit exceeded. Max 30 requests/minute."",""error"":""Too Many Requests""}",0.303
2026-07-17T03:36:50.232303Z,drivers,drivers_by_observed_driver_number,"{""driver_number"": 81, ""session_key"": 11287}",0,http_429,"{""detail"":""Rate limit exceeded. Max 30 requests/minute."",""error"":""Too Many Requests""}",0.305
2026-07-17T03:36:50.641471Z,drivers,drivers_by_observed_driver_number,"{""driver_number"": 87, ""session_key"": 11287}",0,http_429,"{""detail"":""Rate limit exceeded. Max 30 requests/minute."",""error"":""Too Many Requests""}",0.308
2026-07-17T03:36:51.055610Z,drivers,drivers_by_observed_driver_number,"{""driver_number"": 241, ""session_key"": 11287}",0,http_429,"{""detail"":""Rate limit exceeded. Max 30 requests/minute."",""error"":""Too Many Requests""}",0.313
2026-07-17T03:36:51.463860Z,drivers,drivers_by_observed_driver_number,"{""driver_number"": 243, ""session_key"": 11287}",0,http_429,"{""detail"":""Rate limit exceeded. Max 30 requests/minute."",""error"":""Too Many Requests""}",0.307
2026-07-17T03:36:51.867434Z,drivers,drivers_by_observed_driver_number,"{""driver_number"": 247, ""session_key"": 11287}",0,http_429,"{""detail"":""Rate limit exceeded. Max 30 requests/minute."",""error"":""Too Many Requests""}",0.302
2026-07-17T03:36:52.273424Z,team_radio,team_radio_by_session_key_opportunistic,"{""session_key"": 11287}",0,http_429,"{""detail"":""Rate limit exceeded. Max 30 requests/minute."",""error"":""Too Many Requests""}",0.305
2026-07-17T03:36:52.677151Z,weather,weather_by_session_key,"{""session_key"": 11291}",0,http_429,"{""detail"":""Rate limit exceeded. Max 30 requests/minute."",""error"":""Too Many Requests""}",0.302
2026-07-17T03:36:53.084724Z,race_control,race_control_by_session_key,"{""session_key"": 11291}",0,http_429,"{""detail"":""Rate limit exceeded. Max 30 requests/minute."",""error"":""Too Many Requests""}",0.306
2026-07-17T03:36:53.490506Z,intervals,intervals_by_session_key,"{""session_key"": 11291}",0,http_429,"{""detail"":""Rate limit exceeded. Max 30 requests/minute."",""error"":""Too Many Requests""}",0.305
2026-07-17T03:36:53.895216Z,position,position_by_session_key,"{""session_key"": 11291}",0,http_429,"{""detail"":""Rate limit exceeded. Max 30 requests/minute."",""error"":""Too Many Requests""}",0.303
2026-07-17T03:36:54.300038Z,position,position_by_meeting_key_fallback,"{""meeting_key"": 1285}",0,http_429,"{""detail"":""Rate limit exceeded. Max 30 requests/minute."",""error"":""Too Many Requests""}",0.304
2026-07-17T03:36:54.704571Z,stints,stints_by_session_key,"{""session_key"": 11291}",0,http_429,"{""detail"":""Rate limit exceeded. Max 30 requests/minute."",""error"":""Too Many Requests""}",0.303
2026-07-17T03:36:55.110549Z,pit,pit_by_session_key,"{""session_key"": 11291}",0,http_429,"{""detail"":""Rate limit exceeded. Max 30 requests/minute."",""error"":""Too Many Requests""}",0.304
2026-07-17T03:36:55.514741Z,starting_grid,starting_grid_by_session_key,"{""session_key"": 11291}",0,http_429,"{""detail"":""Rate limit exceeded. Max 30 requests/minute."",""error"":""Too Many Requests""}",0.303
2026-07-17T03:36:55.922106Z,drivers,drivers_by_session_key,"{""session_key"": 11291}",0,http_429,"{""detail"":""Rate limit exceeded. Max 30 requests/minute."",""error"":""Too Many Requests""}",0.306
2026-07-17T03:36:56.335945Z,drivers,drivers_by_observed_driver_number,"{""driver_number"": 1, ""session_key"": 11291}",0,http_429,"{""detail"":""Rate limit exceeded. Max 30 requests/minute."",""error"":""Too Many Requests""}",0.306
2026-07-17T03:36:56.741804Z,drivers,drivers_by_observed_driver_number,"{""driver_number"": 3, ""session_key"": 11291}",0,http_429,"{""detail"":""Rate limit exceeded. Max 30 requests/minute."",""error"":""Too Many Requests""}",0.305
2026-07-17T03:36:57.145672Z,drivers,drivers_by_observed_driver_number,"{""driver_number"": 5, ""session_key"": 11291}",0,http_429,"{""detail"":""Rate limit exceeded. Max 30 requests/minute."",""error"":""Too Many Requests""}",0.303
2026-07-17T03:36:57.552203Z,drivers,drivers_by_observed_driver_number,"{""driver_number"": 6, ""session_key"": 11291}",0,http_429,"{""detail"":""Rate limit exceeded. Max 30 requests/minute."",""error"":""Too Many Requests""}",0.305
2026-07-17T03:36:57.957281Z,drivers,drivers_by_observed_driver_number,"{""driver_number"": 10, ""session_key"": 11291}",0,http_429,"{""detail"":""Rate limit exceeded. Max 30 requests/minute."",""error"":""Too Many Requests""}",0.304
2026-07-17T03:36:58.362589Z,drivers,drivers_by_observed_driver_number,"{""driver_number"": 11, ""session_key"": 11291}",0,http_429,"{""detail"":""Rate limit exceeded. Max 30 requests/minute."",""error"":""Too Many Requests""}",0.304
2026-07-17T03:36:58.769427Z,drivers,drivers_by_observed_driver_number,"{""driver_number"": 12, ""session_key"": 11291}",0,http_429,"{""detail"":""Rate limit exceeded. Max 30 requests/minute."",""error"":""Too Many Requests""}",0.306
2026-07-17T03:36:59.176082Z,drivers,drivers_by_observed_driver_number,"{""driver_number"": 14, ""session_key"": 11291}",0,http_429,"{""detail"":""Rate limit exceeded. Max 30 requests/minute."",""error"":""Too Many Requests""}",0.305
2026-07-17T03:36:59.582763Z,drivers,drivers_by_observed_driver_number,"{""driver_number"": 16, ""session_key"": 11291}",0,http_429,"{""detail"":""Rate limit exceeded. Max 30 requests/minute."",""error"":""Too Many Requests""}",0.306
2026-07-17T03:36:59.987970Z,drivers,drivers_by_observed_driver_number,"{""driver_number"": 18, ""session_key"": 11291}",0,http_429,"{""detail"":""Rate limit exceeded. Max 30 requests/minute."",""error"":""Too Many Requests""}",0.304
2026-07-17T03:37:00.394475Z,drivers,drivers_by_observed_driver_number,"{""driver_number"": 23, ""session_key"": 11291}",2,pass,,0.305
2026-07-17T03:37:00.806012Z,drivers,drivers_by_observed_driver_number,"{""driver_number"": 27, ""session_key"": 11291}",2,pass,,0.31
2026-07-17T03:37:01.212313Z,drivers,drivers_by_observed_driver_number,"{""driver_number"": 30, ""session_key"": 11291}",2,pass,,0.305
2026-07-17T03:37:01.618705Z,drivers,drivers_by_observed_driver_number,"{""driver_number"": 31, ""session_key"": 11291}",2,pass,,0.305
2026-07-17T03:37:02.025724Z,drivers,drivers_by_observed_driver_number,"{""driver_number"": 41, ""session_key"": 11291}",2,pass,,0.306
2026-07-17T03:37:02.438191Z,drivers,drivers_by_observed_driver_number,"{""driver_number"": 43, ""session_key"": 11291}",2,pass,,0.311
2026-07-17T03:37:02.845745Z,drivers,drivers_by_observed_driver_number,"{""driver_number"": 44, ""session_key"": 11291}",2,pass,,0.306
2026-07-17T03:37:03.255038Z,drivers,drivers_by_observed_driver_number,"{""driver_number"": 55, ""session_key"": 11291}",2,pass,,0.308
2026-07-17T03:37:03.664471Z,drivers,drivers_by_observed_driver_number,"{""driver_number"": 63, ""session_key"": 11291}",2,pass,,0.308
2026-07-17T03:37:04.071282Z,drivers,drivers_by_observed_driver_number,"{""driver_number"": 77, ""session_key"": 11291}",2,pass,,0.306
2026-07-17T03:37:04.478098Z,drivers,drivers_by_observed_driver_number,"{""driver_number"": 81, ""session_key"": 11291}",2,pass,,0.306
2026-07-17T03:37:04.885972Z,drivers,drivers_by_observed_driver_number,"{""driver_number"": 87, ""session_key"": 11291}",2,pass,,0.307
2026-07-17T03:37:05.294102Z,drivers,drivers_by_observed_driver_number,"{""driver_number"": 241, ""session_key"": 11291}",0,http_404,"{""detail"":""No results found.""}",0.307
2026-07-17T03:37:05.702956Z,drivers,drivers_by_observed_driver_number,"{""driver_number"": 243, ""session_key"": 11291}",0,http_404,"{""detail"":""No results found.""}",0.308
2026-07-17T03:37:06.117622Z,drivers,drivers_by_observed_driver_number,"{""driver_number"": 247, ""session_key"": 11291}",0,http_404,"{""detail"":""No results found.""}",0.313
2026-07-17T03:37:06.536726Z,team_radio,team_radio_by_session_key_opportunistic,"{""session_key"": 11291}",33,pass,,0.315
2026-07-17T03:37:06.948282Z,weather,weather_by_session_key,"{""session_key"": 11292}",80,pass,,0.31
2026-07-17T03:37:07.364100Z,race_control,race_control_by_session_key,"{""session_key"": 11292}",130,pass,,0.314
2026-07-17T03:37:07.772297Z,intervals,intervals_by_session_key,"{""session_key"": 11292}",0,http_404,"{""detail"":""No results found.""}",0.306
2026-07-17T03:37:08.207951Z,position,position_by_session_key,"{""session_key"": 11292}",1015,pass,,0.334
2026-07-17T03:37:08.621700Z,stints,stints_by_session_key,"{""session_key"": 11292}",81,pass,,0.312
2026-07-17T03:37:08.723664Z,pit,skip_non_race_like_session,"{""session_key"": 11292}",0,skipped_not_applicable,pit endpoint is only treated as required for race/sprint-like sessions,0.0
2026-07-17T03:37:09.029563Z,starting_grid,starting_grid_by_session_key,"{""session_key"": 11292}",0,http_404,"{""detail"":""No results found.""}",0.306
2026-07-17T03:37:09.437275Z,drivers,drivers_by_session_key,"{""session_key"": 11292}",22,pass,,0.307
2026-07-17T03:37:09.843231Z,team_radio,team_radio_by_session_key_opportunistic,"{""session_key"": 11292}",0,http_404,"{""detail"":""No results found.""}",0.304
2026-07-17T03:37:10.253594Z,weather,weather_by_session_key,"{""session_key"": 11293}",80,pass,,0.309
2026-07-17T03:37:10.664890Z,race_control,race_control_by_session_key,"{""session_key"": 11293}",110,pass,,0.309
2026-07-17T03:37:11.076525Z,intervals,intervals_by_session_key,"{""session_key"": 11293}",0,http_404,"{""detail"":""No results found.""}",0.31
2026-07-17T03:37:11.513420Z,position,position_by_session_key,"{""session_key"": 11293}",816,pass,,0.336
2026-07-17T03:37:11.926231Z,stints,stints_by_session_key,"{""session_key"": 11293}",91,pass,,0.31
2026-07-17T03:37:12.028158Z,pit,skip_non_race_like_session,"{""session_key"": 11293}",0,skipped_not_applicable,pit endpoint is only treated as required for race/sprint-like sessions,0.0
2026-07-17T03:37:12.334962Z,starting_grid,starting_grid_by_session_key,"{""session_key"": 11293}",0,http_404,"{""detail"":""No results found.""}",0.307
2026-07-17T03:37:12.740512Z,drivers,drivers_by_session_key,"{""session_key"": 11293}",0,http_429,"{""detail"":""Rate limit exceeded. Max 30 requests/minute."",""error"":""Too Many Requests""}",0.304
2026-07-17T03:37:13.155137Z,drivers,drivers_by_observed_driver_number,"{""driver_number"": 1, ""session_key"": 11293}",0,http_429,"{""detail"":""Rate limit exceeded. Max 30 requests/minute."",""error"":""Too Many Requests""}",0.306
2026-07-17T03:37:13.558899Z,drivers,drivers_by_observed_driver_number,"{""driver_number"": 3, ""session_key"": 11293}",0,http_429,"{""detail"":""Rate limit exceeded. Max 30 requests/minute."",""error"":""Too Many Requests""}",0.303
2026-07-17T03:37:13.962758Z,drivers,drivers_by_observed_driver_number,"{""driver_number"": 5, ""session_key"": 11293}",0,http_429,"{""detail"":""Rate limit exceeded. Max 30 requests/minute."",""error"":""Too Many Requests""}",0.303
2026-07-17T03:37:14.370028Z,drivers,drivers_by_observed_driver_number,"{""driver_number"": 6, ""session_key"": 11293}",0,http_429,"{""detail"":""Rate limit exceeded. Max 30 requests/minute."",""error"":""Too Many Requests""}",0.306
2026-07-17T03:37:14.774903Z,drivers,drivers_by_observed_driver_number,"{""driver_number"": 10, ""session_key"": 11293}",0,http_429,"{""detail"":""Rate limit exceeded. Max 30 requests/minute."",""error"":""Too Many Requests""}",0.304
2026-07-17T03:37:15.185549Z,drivers,drivers_by_observed_driver_number,"{""driver_number"": 11, ""session_key"": 11293}",0,http_429,"{""detail"":""Rate limit exceeded. Max 30 requests/minute."",""error"":""Too Many Requests""}",0.309
2026-07-17T03:37:15.596247Z,drivers,drivers_by_observed_driver_number,"{""driver_number"": 12, ""session_key"": 11293}",0,http_429,"{""detail"":""Rate limit exceeded. Max 30 requests/minute."",""error"":""Too Many Requests""}",0.31
2026-07-17T03:37:16.003636Z,drivers,drivers_by_observed_driver_number,"{""driver_number"": 14, ""session_key"": 11293}",0,http_429,"{""detail"":""Rate limit exceeded. Max 30 requests/minute."",""error"":""Too Many Requests""}",0.306
2026-07-17T03:37:16.408316Z,drivers,drivers_by_observed_driver_number,"{""driver_number"": 16, ""session_key"": 11293}",0,http_429,"{""detail"":""Rate limit exceeded. Max 30 requests/minute."",""error"":""Too Many Requests""}",0.304
2026-07-17T03:37:16.815721Z,drivers,drivers_by_observed_driver_number,"{""driver_number"": 18, ""session_key"": 11293}",0,http_429,"{""detail"":""Rate limit exceeded. Max 30 requests/minute."",""error"":""Too Many Requests""}",0.306
2026-07-17T03:37:17.220356Z,drivers,drivers_by_observed_driver_number,"{""driver_number"": 23, ""session_key"": 11293}",0,http_429,"{""detail"":""Rate limit exceeded. Max 30 requests/minute."",""error"":""Too Many Requests""}",0.303
2026-07-17T03:37:17.626496Z,drivers,drivers_by_observed_driver_number,"{""driver_number"": 27, ""session_key"": 11293}",0,http_429,"{""detail"":""Rate limit exceeded. Max 30 requests/minute."",""error"":""Too Many Requests""}",0.305
2026-07-17T03:37:18.041206Z,drivers,drivers_by_observed_driver_number,"{""driver_number"": 30, ""session_key"": 11293}",0,http_429,"{""detail"":""Rate limit exceeded. Max 30 requests/minute."",""error"":""Too Many Requests""}",0.314
2026-07-17T03:37:18.450271Z,drivers,drivers_by_observed_driver_number,"{""driver_number"": 31, ""session_key"": 11293}",0,http_429,"{""detail"":""Rate limit exceeded. Max 30 requests/minute."",""error"":""Too Many Requests""}",0.308
2026-07-17T03:37:18.854111Z,drivers,drivers_by_observed_driver_number,"{""driver_number"": 41, ""session_key"": 11293}",0,http_429,"{""detail"":""Rate limit exceeded. Max 30 requests/minute."",""error"":""Too Many Requests""}",0.303
2026-07-17T03:37:19.261271Z,drivers,drivers_by_observed_driver_number,"{""driver_number"": 43, ""session_key"": 11293}",0,http_429,"{""detail"":""Rate limit exceeded. Max 30 requests/minute."",""error"":""Too Many Requests""}",0.306
2026-07-17T03:37:19.669542Z,drivers,drivers_by_observed_driver_number,"{""driver_number"": 44, ""session_key"": 11293}",0,http_429,"{""detail"":""Rate limit exceeded. Max 30 requests/minute."",""error"":""Too Many Requests""}",0.307
2026-07-17T03:37:20.080287Z,drivers,drivers_by_observed_driver_number,"{""driver_number"": 55, ""session_key"": 11293}",0,http_429,"{""detail"":""Rate limit exceeded. Max 30 requests/minute."",""error"":""Too Many Requests""}",0.31
2026-07-17T03:37:20.485825Z,drivers,drivers_by_observed_driver_number,"{""driver_number"": 63, ""session_key"": 11293}",0,http_429,"{""detail"":""Rate limit exceeded. Max 30 requests/minute."",""error"":""Too Many Requests""}",0.304
2026-07-17T03:37:20.890725Z,drivers,drivers_by_observed_driver_number,"{""driver_number"": 77, ""session_key"": 11293}",0,http_429,"{""detail"":""Rate limit exceeded. Max 30 requests/minute."",""error"":""Too Many Requests""}",0.304
2026-07-17T03:37:21.296253Z,drivers,drivers_by_observed_driver_number,"{""driver_number"": 81, ""session_key"": 11293}",0,http_429,"{""detail"":""Rate limit exceeded. Max 30 requests/minute."",""error"":""Too Many Requests""}",0.304
2026-07-17T03:37:21.701867Z,drivers,drivers_by_observed_driver_number,"{""driver_number"": 87, ""session_key"": 11293}",0,http_429,"{""detail"":""Rate limit exceeded. Max 30 requests/minute."",""error"":""Too Many Requests""}",0.304
2026-07-17T03:37:22.106459Z,drivers,drivers_by_observed_driver_number,"{""driver_number"": 241, ""session_key"": 11293}",0,http_429,"{""detail"":""Rate limit exceeded. Max 30 requests/minute."",""error"":""Too Many Requests""}",0.303
2026-07-17T03:37:22.524086Z,drivers,drivers_by_observed_driver_number,"{""driver_number"": 243, ""session_key"": 11293}",0,http_429,"{""detail"":""Rate limit exceeded. Max 30 requests/minute."",""error"":""Too Many Requests""}",0.317
2026-07-17T03:37:22.932076Z,drivers,drivers_by_observed_driver_number,"{""driver_number"": 247, ""session_key"": 11293}",0,http_429,"{""detail"":""Rate limit exceeded. Max 30 requests/minute."",""error"":""Too Many Requests""}",0.307
2026-07-17T03:37:23.339442Z,team_radio,team_radio_by_session_key_opportunistic,"{""session_key"": 11293}",0,http_429,"{""detail"":""Rate limit exceeded. Max 30 requests/minute."",""error"":""Too Many Requests""}",0.306
2026-07-17T03:37:23.750318Z,weather,weather_by_session_key,"{""session_key"": 11294}",0,http_429,"{""detail"":""Rate limit exceeded. Max 30 requests/minute."",""error"":""Too Many Requests""}",0.31
2026-07-17T03:37:24.164001Z,race_control,race_control_by_session_key,"{""session_key"": 11294}",0,http_429,"{""detail"":""Rate limit exceeded. Max 30 requests/minute."",""error"":""Too Many Requests""}",0.312
2026-07-17T03:37:24.571225Z,intervals,intervals_by_session_key,"{""session_key"": 11294}",0,http_429,"{""detail"":""Rate limit exceeded. Max 30 requests/minute."",""error"":""Too Many Requests""}",0.306
2026-07-17T03:37:24.991889Z,position,position_by_session_key,"{""session_key"": 11294}",0,http_429,"{""detail"":""Rate limit exceeded. Max 30 requests/minute."",""error"":""Too Many Requests""}",0.319
2026-07-17T03:37:25.399267Z,position,position_by_meeting_key_fallback,"{""meeting_key"": 1286}",0,http_429,"{""detail"":""Rate limit exceeded. Max 30 requests/minute."",""error"":""Too Many Requests""}",0.306
2026-07-17T03:37:25.804474Z,stints,stints_by_session_key,"{""session_key"": 11294}",0,http_429,"{""detail"":""Rate limit exceeded. Max 30 requests/minute."",""error"":""Too Many Requests""}",0.304
2026-07-17T03:37:25.905787Z,pit,skip_non_race_like_session,"{""session_key"": 11294}",0,skipped_not_applicable,pit endpoint is only treated as required for race/sprint-like sessions,0.0
2026-07-17T03:37:26.212694Z,starting_grid,starting_grid_by_session_key,"{""session_key"": 11294}",0,http_429,"{""detail"":""Rate limit exceeded. Max 30 requests/minute."",""error"":""Too Many Requests""}",0.307
2026-07-17T03:37:26.617453Z,drivers,drivers_by_session_key,"{""session_key"": 11294}",0,http_429,"{""detail"":""Rate limit exceeded. Max 30 requests/minute."",""error"":""Too Many Requests""}",0.304
2026-07-17T03:37:27.027608Z,drivers,drivers_by_observed_driver_number,"{""driver_number"": 1, ""session_key"": 11294}",0,http_429,"{""detail"":""Rate limit exceeded. Max 30 requests/minute."",""error"":""Too Many Requests""}",0.302
2026-07-17T03:37:27.431398Z,drivers,drivers_by_observed_driver_number,"{""driver_number"": 3, ""session_key"": 11294}",0,http_429,"{""detail"":""Rate limit exceeded. Max 30 requests/minute."",""error"":""Too Many Requests""}",0.303
2026-07-17T03:37:27.835650Z,drivers,drivers_by_observed_driver_number,"{""driver_number"": 5, ""session_key"": 11294}",0,http_429,"{""detail"":""Rate limit exceeded. Max 30 requests/minute."",""error"":""Too Many Requests""}",0.303
2026-07-17T03:37:28.242134Z,drivers,drivers_by_observed_driver_number,"{""driver_number"": 6, ""session_key"": 11294}",0,http_429,"{""detail"":""Rate limit exceeded. Max 30 requests/minute."",""error"":""Too Many Requests""}",0.305
2026-07-17T03:37:28.647812Z,drivers,drivers_by_observed_driver_number,"{""driver_number"": 10, ""session_key"": 11294}",0,http_429,"{""detail"":""Rate limit exceeded. Max 30 requests/minute."",""error"":""Too Many Requests""}",0.305
2026-07-17T03:37:29.051909Z,drivers,drivers_by_observed_driver_number,"{""driver_number"": 11, ""session_key"": 11294}",0,http_429,"{""detail"":""Rate limit exceeded. Max 30 requests/minute."",""error"":""Too Many Requests""}",0.303
2026-07-17T03:37:29.457273Z,drivers,drivers_by_observed_driver_number,"{""driver_number"": 12, ""session_key"": 11294}",0,http_429,"{""detail"":""Rate limit exceeded. Max 30 requests/minute."",""error"":""Too Many Requests""}",0.304
2026-07-17T03:37:29.861742Z,drivers,drivers_by_observed_driver_number,"{""driver_number"": 14, ""session_key"": 11294}",0,http_429,"{""detail"":""Rate limit exceeded. Max 30 requests/minute."",""error"":""Too Many Requests""}",0.303
2026-07-17T03:37:30.265406Z,drivers,drivers_by_observed_driver_number,"{""driver_number"": 16, ""session_key"": 11294}",0,http_429,"{""detail"":""Rate limit exceeded. Max 30 requests/minute."",""error"":""Too Many Requests""}",0.302
2026-07-17T03:37:30.672185Z,drivers,drivers_by_observed_driver_number,"{""driver_number"": 18, ""session_key"": 11294}",0,http_429,"{""detail"":""Rate limit exceeded. Max 30 requests/minute."",""error"":""Too Many Requests""}",0.306
2026-07-17T03:37:31.076658Z,drivers,drivers_by_observed_driver_number,"{""driver_number"": 23, ""session_key"": 11294}",0,http_429,"{""detail"":""Rate limit exceeded. Max 30 requests/minute."",""error"":""Too Many Requests""}",0.303
2026-07-17T03:37:31.485382Z,drivers,drivers_by_observed_driver_number,"{""driver_number"": 27, ""session_key"": 11294}",0,http_429,"{""detail"":""Rate limit exceeded. Max 30 requests/minute."",""error"":""Too Many Requests""}",0.308
2026-07-17T03:37:31.895488Z,drivers,drivers_by_observed_driver_number,"{""driver_number"": 30, ""session_key"": 11294}",0,http_429,"{""detail"":""Rate limit exceeded. Max 30 requests/minute."",""error"":""Too Many Requests""}",0.309
2026-07-17T03:37:32.300259Z,drivers,drivers_by_observed_driver_number,"{""driver_number"": 31, ""session_key"": 11294}",0,http_429,"{""detail"":""Rate limit exceeded. Max 30 requests/minute."",""error"":""Too Many Requests""}",0.304
2026-07-17T03:37:32.708004Z,drivers,drivers_by_observed_driver_number,"{""driver_number"": 41, ""session_key"": 11294}",0,http_429,"{""detail"":""Rate limit exceeded. Max 30 requests/minute."",""error"":""Too Many Requests""}",0.307
2026-07-17T03:37:33.114415Z,drivers,drivers_by_observed_driver_number,"{""driver_number"": 43, ""session_key"": 11294}",0,http_429,"{""detail"":""Rate limit exceeded. Max 30 requests/minute."",""error"":""Too Many Requests""}",0.305
2026-07-17T03:37:33.519354Z,drivers,drivers_by_observed_driver_number,"{""driver_number"": 44, ""session_key"": 11294}",0,http_429,"{""detail"":""Rate limit exceeded. Max 30 requests/minute."",""error"":""Too Many Requests""}",0.304
2026-07-17T03:37:33.924896Z,drivers,drivers_by_observed_driver_number,"{""driver_number"": 55, ""session_key"": 11294}",0,http_429,"{""detail"":""Rate limit exceeded. Max 30 requests/minute."",""error"":""Too Many Requests""}",0.304
2026-07-17T03:37:34.330009Z,drivers,drivers_by_observed_driver_number,"{""driver_number"": 63, ""session_key"": 11294}",0,http_429,"{""detail"":""Rate limit exceeded. Max 30 requests/minute."",""error"":""Too Many Requests""}",0.304
2026-07-17T03:37:34.743192Z,drivers,drivers_by_observed_driver_number,"{""driver_number"": 77, ""session_key"": 11294}",0,http_429,"{""detail"":""Rate limit exceeded. Max 30 requests/minute."",""error"":""Too Many Requests""}",0.312
2026-07-17T03:37:35.150191Z,drivers,drivers_by_observed_driver_number,"{""driver_number"": 81, ""session_key"": 11294}",0,http_429,"{""detail"":""Rate limit exceeded. Max 30 requests/minute."",""error"":""Too Many Requests""}",0.306
2026-07-17T03:37:35.556831Z,drivers,drivers_by_observed_driver_number,"{""driver_number"": 87, ""session_key"": 11294}",0,http_429,"{""detail"":""Rate limit exceeded. Max 30 requests/minute."",""error"":""Too Many Requests""}",0.305
2026-07-17T03:37:35.960986Z,drivers,drivers_by_observed_driver_number,"{""driver_number"": 241, ""session_key"": 11294}",0,http_429,"{""detail"":""Rate limit exceeded. Max 30 requests/minute."",""error"":""Too Many Requests""}",0.303
2026-07-17T03:37:36.366758Z,drivers,drivers_by_observed_driver_number,"{""driver_number"": 243, ""session_key"": 11294}",0,http_429,"{""detail"":""Rate limit exceeded. Max 30 requests/minute."",""error"":""Too Many Requests""}",0.305
2026-07-17T03:37:36.777781Z,drivers,drivers_by_observed_driver_number,"{""driver_number"": 247, ""session_key"": 11294}",0,http_429,"{""detail"":""Rate limit exceeded. Max 30 requests/minute."",""error"":""Too Many Requests""}",0.31
2026-07-17T03:37:37.184108Z,team_radio,team_radio_by_session_key_opportunistic,"{""session_key"": 11294}",0,http_429,"{""detail"":""Rate limit exceeded. Max 30 requests/minute."",""error"":""Too Many Requests""}",0.305
2026-07-17T03:37:37.601770Z,weather,weather_by_session_key,"{""session_key"": 11295}",0,http_429,"{""detail"":""Rate limit exceeded. Max 30 requests/minute."",""error"":""Too Many Requests""}",0.316
2026-07-17T03:37:38.010573Z,race_control,race_control_by_session_key,"{""session_key"": 11295}",0,http_429,"{""detail"":""Rate limit exceeded. Max 30 requests/minute."",""error"":""Too Many Requests""}",0.308
2026-07-17T03:37:38.416305Z,intervals,intervals_by_session_key,"{""session_key"": 11295}",0,http_429,"{""detail"":""Rate limit exceeded. Max 30 requests/minute."",""error"":""Too Many Requests""}",0.305
2026-07-17T03:37:38.821196Z,position,position_by_session_key,"{""session_key"": 11295}",0,http_429,"{""detail"":""Rate limit exceeded. Max 30 requests/minute."",""error"":""Too Many Requests""}",0.304
2026-07-17T03:37:39.227397Z,position,position_by_meeting_key_fallback,"{""meeting_key"": 1286}",0,http_429,"{""detail"":""Rate limit exceeded. Max 30 requests/minute."",""error"":""Too Many Requests""}",0.305
2026-07-17T03:37:39.633879Z,stints,stints_by_session_key,"{""session_key"": 11295}",0,http_429,"{""detail"":""Rate limit exceeded. Max 30 requests/minute."",""error"":""Too Many Requests""}",0.305
2026-07-17T03:37:39.735379Z,pit,skip_non_race_like_session,"{""session_key"": 11295}",0,skipped_not_applicable,pit endpoint is only treated as required for race/sprint-like sessions,0.0
2026-07-17T03:37:40.044320Z,starting_grid,starting_grid_by_session_key,"{""session_key"": 11295}",0,http_429,"{""detail"":""Rate limit exceeded. Max 30 requests/minute."",""error"":""Too Many Requests""}",0.309
2026-07-17T03:37:40.449756Z,drivers,drivers_by_session_key,"{""session_key"": 11295}",0,http_429,"{""detail"":""Rate limit exceeded. Max 30 requests/minute."",""error"":""Too Many Requests""}",0.304
2026-07-17T03:37:40.861023Z,drivers,drivers_by_observed_driver_number,"{""driver_number"": 1, ""session_key"": 11295}",0,http_429,"{""detail"":""Rate limit exceeded. Max 30 requests/minute."",""error"":""Too Many Requests""}",0.303
2026-07-17T03:37:41.268780Z,drivers,drivers_by_observed_driver_number,"{""driver_number"": 3, ""session_key"": 11295}",0,http_429,"{""detail"":""Rate limit exceeded. Max 30 requests/minute."",""error"":""Too Many Requests""}",0.307
2026-07-17T03:37:41.675367Z,drivers,drivers_by_observed_driver_number,"{""driver_number"": 5, ""session_key"": 11295}",0,http_429,"{""detail"":""Rate limit exceeded. Max 30 requests/minute."",""error"":""Too Many Requests""}",0.305
2026-07-17T03:37:42.089496Z,drivers,drivers_by_observed_driver_number,"{""driver_number"": 6, ""session_key"": 11295}",0,http_429,"{""detail"":""Rate limit exceeded. Max 30 requests/minute."",""error"":""Too Many Requests""}",0.313
2026-07-17T03:37:42.495695Z,drivers,drivers_by_observed_driver_number,"{""driver_number"": 10, ""session_key"": 11295}",0,http_429,"{""detail"":""Rate limit exceeded. Max 30 requests/minute."",""error"":""Too Many Requests""}",0.305
2026-07-17T03:37:42.900266Z,drivers,drivers_by_observed_driver_number,"{""driver_number"": 11, ""session_key"": 11295}",0,http_429,"{""detail"":""Rate limit exceeded. Max 30 requests/minute."",""error"":""Too Many Requests""}",0.303
2026-07-17T03:37:43.307946Z,drivers,drivers_by_observed_driver_number,"{""driver_number"": 12, ""session_key"": 11295}",0,http_429,"{""detail"":""Rate limit exceeded. Max 30 requests/minute."",""error"":""Too Many Requests""}",0.307
2026-07-17T03:37:43.711890Z,drivers,drivers_by_observed_driver_number,"{""driver_number"": 14, ""session_key"": 11295}",0,http_429,"{""detail"":""Rate limit exceeded. Max 30 requests/minute."",""error"":""Too Many Requests""}",0.303
2026-07-17T03:37:44.117818Z,drivers,drivers_by_observed_driver_number,"{""driver_number"": 16, ""session_key"": 11295}",0,http_429,"{""detail"":""Rate limit exceeded. Max 30 requests/minute."",""error"":""Too Many Requests""}",0.305
2026-07-17T03:37:44.524526Z,drivers,drivers_by_observed_driver_number,"{""driver_number"": 18, ""session_key"": 11295}",0,http_429,"{""detail"":""Rate limit exceeded. Max 30 requests/minute."",""error"":""Too Many Requests""}",0.306
2026-07-17T03:37:44.930413Z,drivers,drivers_by_observed_driver_number,"{""driver_number"": 23, ""session_key"": 11295}",0,http_429,"{""detail"":""Rate limit exceeded. Max 30 requests/minute."",""error"":""Too Many Requests""}",0.305
2026-07-17T03:37:45.336676Z,drivers,drivers_by_observed_driver_number,"{""driver_number"": 27, ""session_key"": 11295}",0,http_429,"{""detail"":""Rate limit exceeded. Max 30 requests/minute."",""error"":""Too Many Requests""}",0.305
2026-07-17T03:37:45.740620Z,drivers,drivers_by_observed_driver_number,"{""driver_number"": 30, ""session_key"": 11295}",0,http_429,"{""detail"":""Rate limit exceeded. Max 30 requests/minute."",""error"":""Too Many Requests""}",0.303
2026-07-17T03:37:46.148357Z,drivers,drivers_by_observed_driver_number,"{""driver_number"": 31, ""session_key"": 11295}",0,http_429,"{""detail"":""Rate limit exceeded. Max 30 requests/minute."",""error"":""Too Many Requests""}",0.307
2026-07-17T03:37:46.555284Z,drivers,drivers_by_observed_driver_number,"{""driver_number"": 41, ""session_key"": 11295}",0,http_429,"{""detail"":""Rate limit exceeded. Max 30 requests/minute."",""error"":""Too Many Requests""}",0.306
2026-07-17T03:37:46.968171Z,drivers,drivers_by_observed_driver_number,"{""driver_number"": 43, ""session_key"": 11295}",0,http_429,"{""detail"":""Rate limit exceeded. Max 30 requests/minute."",""error"":""Too Many Requests""}",0.312
2026-07-17T03:37:47.383193Z,drivers,drivers_by_observed_driver_number,"{""driver_number"": 44, ""session_key"": 11295}",0,http_429,"{""detail"":""Rate limit exceeded. Max 30 requests/minute."",""error"":""Too Many Requests""}",0.314
2026-07-17T03:37:47.789466Z,drivers,drivers_by_observed_driver_number,"{""driver_number"": 55, ""session_key"": 11295}",0,http_429,"{""detail"":""Rate limit exceeded. Max 30 requests/minute."",""error"":""Too Many Requests""}",0.305
2026-07-17T03:37:48.197530Z,drivers,drivers_by_observed_driver_number,"{""driver_number"": 63, ""session_key"": 11295}",0,http_429,"{""detail"":""Rate limit exceeded. Max 30 requests/minute."",""error"":""Too Many Requests""}",0.307
2026-07-17T03:37:48.603418Z,drivers,drivers_by_observed_driver_number,"{""driver_number"": 77, ""session_key"": 11295}",0,http_429,"{""detail"":""Rate limit exceeded. Max 30 requests/minute."",""error"":""Too Many Requests""}",0.305
2026-07-17T03:37:49.011720Z,drivers,drivers_by_observed_driver_number,"{""driver_number"": 81, ""session_key"": 11295}",0,http_429,"{""detail"":""Rate limit exceeded. Max 30 requests/minute."",""error"":""Too Many Requests""}",0.307
2026-07-17T03:37:49.416720Z,drivers,drivers_by_observed_driver_number,"{""driver_number"": 87, ""session_key"": 11295}",0,http_429,"{""detail"":""Rate limit exceeded. Max 30 requests/minute."",""error"":""Too Many Requests""}",0.304
2026-07-17T03:37:49.822964Z,drivers,drivers_by_observed_driver_number,"{""driver_number"": 241, ""session_key"": 11295}",0,http_429,"{""detail"":""Rate limit exceeded. Max 30 requests/minute."",""error"":""Too Many Requests""}",0.305
2026-07-17T03:37:50.227717Z,drivers,drivers_by_observed_driver_number,"{""driver_number"": 243, ""session_key"": 11295}",0,http_429,"{""detail"":""Rate limit exceeded. Max 30 requests/minute."",""error"":""Too Many Requests""}",0.304
2026-07-17T03:37:50.636242Z,drivers,drivers_by_observed_driver_number,"{""driver_number"": 247, ""session_key"": 11295}",0,http_429,"{""detail"":""Rate limit exceeded. Max 30 requests/minute."",""error"":""Too Many Requests""}",0.307
2026-07-17T03:37:51.046888Z,team_radio,team_radio_by_session_key_opportunistic,"{""session_key"": 11295}",0,http_429,"{""detail"":""Rate limit exceeded. Max 30 requests/minute."",""error"":""Too Many Requests""}",0.309
2026-07-17T03:37:51.461167Z,weather,weather_by_session_key,"{""session_key"": 11299}",0,http_429,"{""detail"":""Rate limit exceeded. Max 30 requests/minute."",""error"":""Too Many Requests""}",0.313
2026-07-17T03:37:51.869258Z,race_control,race_control_by_session_key,"{""session_key"": 11299}",0,http_429,"{""detail"":""Rate limit exceeded. Max 30 requests/minute."",""error"":""Too Many Requests""}",0.307
2026-07-17T03:37:52.276082Z,intervals,intervals_by_session_key,"{""session_key"": 11299}",0,http_429,"{""detail"":""Rate limit exceeded. Max 30 requests/minute."",""error"":""Too Many Requests""}",0.306
2026-07-17T03:37:52.681466Z,position,position_by_session_key,"{""session_key"": 11299}",0,http_429,"{""detail"":""Rate limit exceeded. Max 30 requests/minute."",""error"":""Too Many Requests""}",0.304
2026-07-17T03:37:53.085586Z,position,position_by_meeting_key_fallback,"{""meeting_key"": 1286}",0,http_429,"{""detail"":""Rate limit exceeded. Max 30 requests/minute."",""error"":""Too Many Requests""}",0.303
2026-07-17T03:37:53.501568Z,stints,stints_by_session_key,"{""session_key"": 11299}",0,http_429,"{""detail"":""Rate limit exceeded. Max 30 requests/minute."",""error"":""Too Many Requests""}",0.315
2026-07-17T03:37:53.909016Z,pit,pit_by_session_key,"{""session_key"": 11299}",0,http_429,"{""detail"":""Rate limit exceeded. Max 30 requests/minute."",""error"":""Too Many Requests""}",0.306
2026-07-17T03:37:54.317944Z,starting_grid,starting_grid_by_session_key,"{""session_key"": 11299}",0,http_429,"{""detail"":""Rate limit exceeded. Max 30 requests/minute."",""error"":""Too Many Requests""}",0.308
2026-07-17T03:37:54.721826Z,drivers,drivers_by_session_key,"{""session_key"": 11299}",0,http_429,"{""detail"":""Rate limit exceeded. Max 30 requests/minute."",""error"":""Too Many Requests""}",0.303
2026-07-17T03:37:55.136154Z,drivers,drivers_by_observed_driver_number,"{""driver_number"": 1, ""session_key"": 11299}",0,http_429,"{""detail"":""Rate limit exceeded. Max 30 requests/minute."",""error"":""Too Many Requests""}",0.306
2026-07-17T03:37:55.541263Z,drivers,drivers_by_observed_driver_number,"{""driver_number"": 3, ""session_key"": 11299}",0,http_429,"{""detail"":""Rate limit exceeded. Max 30 requests/minute."",""error"":""Too Many Requests""}",0.304
2026-07-17T03:37:55.947860Z,drivers,drivers_by_observed_driver_number,"{""driver_number"": 5, ""session_key"": 11299}",0,http_429,"{""detail"":""Rate limit exceeded. Max 30 requests/minute."",""error"":""Too Many Requests""}",0.305
2026-07-17T03:37:56.353391Z,drivers,drivers_by_observed_driver_number,"{""driver_number"": 6, ""session_key"": 11299}",0,http_429,"{""detail"":""Rate limit exceeded. Max 30 requests/minute."",""error"":""Too Many Requests""}",0.304
2026-07-17T03:37:56.767286Z,drivers,drivers_by_observed_driver_number,"{""driver_number"": 10, ""session_key"": 11299}",0,http_429,"{""detail"":""Rate limit exceeded. Max 30 requests/minute."",""error"":""Too Many Requests""}",0.313
2026-07-17T03:37:57.172852Z,drivers,drivers_by_observed_driver_number,"{""driver_number"": 11, ""session_key"": 11299}",0,http_429,"{""detail"":""Rate limit exceeded. Max 30 requests/minute."",""error"":""Too Many Requests""}",0.304
2026-07-17T03:37:57.577675Z,drivers,drivers_by_observed_driver_number,"{""driver_number"": 12, ""session_key"": 11299}",0,http_429,"{""detail"":""Rate limit exceeded. Max 30 requests/minute."",""error"":""Too Many Requests""}",0.304
2026-07-17T03:37:57.981710Z,drivers,drivers_by_observed_driver_number,"{""driver_number"": 14, ""session_key"": 11299}",0,http_429,"{""detail"":""Rate limit exceeded. Max 30 requests/minute."",""error"":""Too Many Requests""}",0.303
2026-07-17T03:37:58.386611Z,drivers,drivers_by_observed_driver_number,"{""driver_number"": 16, ""session_key"": 11299}",0,http_429,"{""detail"":""Rate limit exceeded. Max 30 requests/minute."",""error"":""Too Many Requests""}",0.304
2026-07-17T03:37:58.792391Z,drivers,drivers_by_observed_driver_number,"{""driver_number"": 18, ""session_key"": 11299}",0,http_429,"{""detail"":""Rate limit exceeded. Max 30 requests/minute."",""error"":""Too Many Requests""}",0.305
2026-07-17T03:37:59.199924Z,drivers,drivers_by_observed_driver_number,"{""driver_number"": 23, ""session_key"": 11299}",0,http_429,"{""detail"":""Rate limit exceeded. Max 30 requests/minute."",""error"":""Too Many Requests""}",0.306
2026-07-17T03:37:59.609402Z,drivers,drivers_by_observed_driver_number,"{""driver_number"": 27, ""session_key"": 11299}",0,http_429,"{""detail"":""Rate limit exceeded. Max 30 requests/minute."",""error"":""Too Many Requests""}",0.308
2026-07-17T03:38:00.014480Z,drivers,drivers_by_observed_driver_number,"{""driver_number"": 30, ""session_key"": 11299}",0,http_429,"{""detail"":""Rate limit exceeded. Max 30 requests/minute."",""error"":""Too Many Requests""}",0.304
2026-07-17T03:38:00.420704Z,drivers,drivers_by_observed_driver_number,"{""driver_number"": 31, ""session_key"": 11299}",2,pass,,0.305
2026-07-17T03:38:00.827516Z,drivers,drivers_by_observed_driver_number,"{""driver_number"": 41, ""session_key"": 11299}",1,pass,,0.306
2026-07-17T03:38:01.236885Z,drivers,drivers_by_observed_driver_number,"{""driver_number"": 43, ""session_key"": 11299}",2,pass,,0.308
2026-07-17T03:38:01.646014Z,drivers,drivers_by_observed_driver_number,"{""driver_number"": 44, ""session_key"": 11299}",2,pass,,0.308
2026-07-17T03:38:02.053448Z,drivers,drivers_by_observed_driver_number,"{""driver_number"": 55, ""session_key"": 11299}",2,pass,,0.306
2026-07-17T03:38:02.469966Z,drivers,drivers_by_observed_driver_number,"{""driver_number"": 63, ""session_key"": 11299}",2,pass,,0.315
2026-07-17T03:38:02.882775Z,drivers,drivers_by_observed_driver_number,"{""driver_number"": 77, ""session_key"": 11299}",1,pass,,0.312
2026-07-17T03:38:03.296350Z,drivers,drivers_by_observed_driver_number,"{""driver_number"": 81, ""session_key"": 11299}",2,pass,,0.312
2026-07-17T03:38:03.706143Z,drivers,drivers_by_observed_driver_number,"{""driver_number"": 87, ""session_key"": 11299}",2,pass,,0.309
2026-07-17T03:38:04.113674Z,drivers,drivers_by_observed_driver_number,"{""driver_number"": 241, ""session_key"": 11299}",0,http_404,"{""detail"":""No results found.""}",0.306
2026-07-17T03:38:04.525019Z,drivers,drivers_by_observed_driver_number,"{""driver_number"": 243, ""session_key"": 11299}",0,http_404,"{""detail"":""No results found.""}",0.31
2026-07-17T03:38:04.932746Z,drivers,drivers_by_observed_driver_number,"{""driver_number"": 247, ""session_key"": 11299}",0,http_404,"{""detail"":""No results found.""}",0.307
2026-07-17T03:38:05.347558Z,team_radio,team_radio_by_session_key_opportunistic,"{""session_key"": 11299}",36,pass,,0.311
2026-07-17T03:38:05.760375Z,weather,weather_by_session_key,"{""session_key"": 11300}",84,pass,,0.311
2026-07-17T03:38:06.170583Z,race_control,race_control_by_session_key,"{""session_key"": 11300}",25,pass,,0.308
2026-07-17T03:38:06.578235Z,intervals,intervals_by_session_key,"{""session_key"": 11300}",0,http_404,"{""detail"":""No results found.""}",0.306
2026-07-17T03:38:07.006207Z,position,position_by_session_key,"{""session_key"": 11300}",612,pass,,0.327
2026-07-17T03:38:07.421651Z,stints,stints_by_session_key,"{""session_key"": 11300}",115,pass,,0.313
2026-07-17T03:38:07.523566Z,pit,skip_non_race_like_session,"{""session_key"": 11300}",0,skipped_not_applicable,pit endpoint is only treated as required for race/sprint-like sessions,0.0
2026-07-17T03:38:07.828398Z,starting_grid,starting_grid_by_session_key,"{""session_key"": 11300}",0,http_404,"{""detail"":""No results found.""}",0.305
2026-07-17T03:38:08.236034Z,drivers,drivers_by_session_key,"{""session_key"": 11300}",21,pass,,0.306
2026-07-17T03:38:08.644842Z,team_radio,team_radio_by_session_key_opportunistic,"{""session_key"": 11300}",6,pass,,0.307
2026-07-17T03:38:09.056623Z,weather,weather_by_session_key,"{""session_key"": 11301}",85,pass,,0.31
2026-07-17T03:38:09.467007Z,race_control,race_control_by_session_key,"{""session_key"": 11301}",52,pass,,0.308
2026-07-17T03:38:09.880237Z,intervals,intervals_by_session_key,"{""session_key"": 11301}",0,http_404,"{""detail"":""No results found.""}",0.311
2026-07-17T03:38:10.301135Z,position,position_by_session_key,"{""session_key"": 11301}",424,pass,,0.32
2026-07-17T03:38:10.715556Z,stints,stints_by_session_key,"{""session_key"": 11301}",118,pass,,0.312
2026-07-17T03:38:10.817550Z,pit,skip_non_race_like_session,"{""session_key"": 11301}",0,skipped_not_applicable,pit endpoint is only treated as required for race/sprint-like sessions,0.0
2026-07-17T03:38:11.122584Z,starting_grid,starting_grid_by_session_key,"{""session_key"": 11301}",0,http_404,"{""detail"":""No results found.""}",0.305
2026-07-17T03:38:11.531239Z,drivers,drivers_by_session_key,"{""session_key"": 11301}",22,pass,,0.307
2026-07-17T03:38:11.948158Z,team_radio,team_radio_by_session_key_opportunistic,"{""session_key"": 11301}",6,pass,,0.315
2026-07-17T03:38:12.365077Z,weather,weather_by_session_key,"{""session_key"": 11302}",81,pass,,0.315
2026-07-17T03:38:12.770431Z,race_control,race_control_by_session_key,"{""session_key"": 11302}",0,http_429,"{""detail"":""Rate limit exceeded. Max 30 requests/minute."",""error"":""Too Many Requests""}",0.303
2026-07-17T03:38:13.175685Z,intervals,intervals_by_session_key,"{""session_key"": 11302}",0,http_429,"{""detail"":""Rate limit exceeded. Max 30 requests/minute."",""error"":""Too Many Requests""}",0.304
2026-07-17T03:38:13.580159Z,position,position_by_session_key,"{""session_key"": 11302}",0,http_429,"{""detail"":""Rate limit exceeded. Max 30 requests/minute."",""error"":""Too Many Requests""}",0.303
2026-07-17T03:38:13.988640Z,position,position_by_meeting_key_fallback,"{""meeting_key"": 1287}",0,http_429,"{""detail"":""Rate limit exceeded. Max 30 requests/minute."",""error"":""Too Many Requests""}",0.307
2026-07-17T03:38:14.394391Z,stints,stints_by_session_key,"{""session_key"": 11302}",0,http_429,"{""detail"":""Rate limit exceeded. Max 30 requests/minute."",""error"":""Too Many Requests""}",0.304
2026-07-17T03:38:14.495682Z,pit,skip_non_race_like_session,"{""session_key"": 11302}",0,skipped_not_applicable,pit endpoint is only treated as required for race/sprint-like sessions,0.0
2026-07-17T03:38:14.802878Z,starting_grid,starting_grid_by_session_key,"{""session_key"": 11302}",0,http_429,"{""detail"":""Rate limit exceeded. Max 30 requests/minute."",""error"":""Too Many Requests""}",0.307
2026-07-17T03:38:15.207833Z,drivers,drivers_by_session_key,"{""session_key"": 11302}",0,http_429,"{""detail"":""Rate limit exceeded. Max 30 requests/minute."",""error"":""Too Many Requests""}",0.304
2026-07-17T03:38:15.620870Z,drivers,drivers_by_observed_driver_number,"{""driver_number"": 1, ""session_key"": 11302}",0,http_429,"{""detail"":""Rate limit exceeded. Max 30 requests/minute."",""error"":""Too Many Requests""}",0.303
2026-07-17T03:38:16.027616Z,drivers,drivers_by_observed_driver_number,"{""driver_number"": 3, ""session_key"": 11302}",0,http_429,"{""detail"":""Rate limit exceeded. Max 30 requests/minute."",""error"":""Too Many Requests""}",0.306
2026-07-17T03:38:16.433141Z,drivers,drivers_by_observed_driver_number,"{""driver_number"": 5, ""session_key"": 11302}",0,http_429,"{""detail"":""Rate limit exceeded. Max 30 requests/minute."",""error"":""Too Many Requests""}",0.304
2026-07-17T03:38:16.843032Z,drivers,drivers_by_observed_driver_number,"{""driver_number"": 6, ""session_key"": 11302}",0,http_429,"{""detail"":""Rate limit exceeded. Max 30 requests/minute."",""error"":""Too Many Requests""}",0.309
2026-07-17T03:38:17.249585Z,drivers,drivers_by_observed_driver_number,"{""driver_number"": 10, ""session_key"": 11302}",0,http_429,"{""detail"":""Rate limit exceeded. Max 30 requests/minute."",""error"":""Too Many Requests""}",0.305
2026-07-17T03:38:17.654641Z,drivers,drivers_by_observed_driver_number,"{""driver_number"": 11, ""session_key"": 11302}",0,http_429,"{""detail"":""Rate limit exceeded. Max 30 requests/minute."",""error"":""Too Many Requests""}",0.304
2026-07-17T03:38:18.061708Z,drivers,drivers_by_observed_driver_number,"{""driver_number"": 12, ""session_key"": 11302}",0,http_429,"{""detail"":""Rate limit exceeded. Max 30 requests/minute."",""error"":""Too Many Requests""}",0.306
2026-07-17T03:38:18.466780Z,drivers,drivers_by_observed_driver_number,"{""driver_number"": 14, ""session_key"": 11302}",0,http_429,"{""detail"":""Rate limit exceeded. Max 30 requests/minute."",""error"":""Too Many Requests""}",0.304
2026-07-17T03:38:18.871306Z,drivers,drivers_by_observed_driver_number,"{""driver_number"": 16, ""session_key"": 11302}",0,http_429,"{""detail"":""Rate limit exceeded. Max 30 requests/minute."",""error"":""Too Many Requests""}",0.303
2026-07-17T03:38:19.276141Z,drivers,drivers_by_observed_driver_number,"{""driver_number"": 18, ""session_key"": 11302}",0,http_429,"{""detail"":""Rate limit exceeded. Max 30 requests/minute."",""error"":""Too Many Requests""}",0.304
2026-07-17T03:38:19.683026Z,drivers,drivers_by_observed_driver_number,"{""driver_number"": 23, ""session_key"": 11302}",0,http_429,"{""detail"":""Rate limit exceeded. Max 30 requests/minute."",""error"":""Too Many Requests""}",0.306
2026-07-17T03:38:20.093620Z,drivers,drivers_by_observed_driver_number,"{""driver_number"": 25, ""session_key"": 11302}",0,http_429,"{""detail"":""Rate limit exceeded. Max 30 requests/minute."",""error"":""Too Many Requests""}",0.309
2026-07-17T03:38:20.505421Z,drivers,drivers_by_observed_driver_number,"{""driver_number"": 27, ""session_key"": 11302}",0,http_429,"{""detail"":""Rate limit exceeded. Max 30 requests/minute."",""error"":""Too Many Requests""}",0.311
2026-07-17T03:38:20.910564Z,drivers,drivers_by_observed_driver_number,"{""driver_number"": 30, ""session_key"": 11302}",0,http_429,"{""detail"":""Rate limit exceeded. Max 30 requests/minute."",""error"":""Too Many Requests""}",0.304
2026-07-17T03:38:21.316353Z,drivers,drivers_by_observed_driver_number,"{""driver_number"": 31, ""session_key"": 11302}",0,http_429,"{""detail"":""Rate limit exceeded. Max 30 requests/minute."",""error"":""Too Many Requests""}",0.305
2026-07-17T03:38:21.723020Z,drivers,drivers_by_observed_driver_number,"{""driver_number"": 36, ""session_key"": 11302}",0,http_429,"{""detail"":""Rate limit exceeded. Max 30 requests/minute."",""error"":""Too Many Requests""}",0.305
2026-07-17T03:38:22.127370Z,drivers,drivers_by_observed_driver_number,"{""driver_number"": 38, ""session_key"": 11302}",0,http_429,"{""detail"":""Rate limit exceeded. Max 30 requests/minute."",""error"":""Too Many Requests""}",0.303
2026-07-17T03:38:22.532264Z,drivers,drivers_by_observed_driver_number,"{""driver_number"": 41, ""session_key"": 11302}",0,http_429,"{""detail"":""Rate limit exceeded. Max 30 requests/minute."",""error"":""Too Many Requests""}",0.304
2026-07-17T03:38:22.939085Z,drivers,drivers_by_observed_driver_number,"{""driver_number"": 43, ""session_key"": 11302}",0,http_429,"{""detail"":""Rate limit exceeded. Max 30 requests/minute."",""error"":""Too Many Requests""}",0.306
2026-07-17T03:38:23.360114Z,drivers,drivers_by_observed_driver_number,"{""driver_number"": 44, ""session_key"": 11302}",0,http_429,"{""detail"":""Rate limit exceeded. Max 30 requests/minute."",""error"":""Too Many Requests""}",0.32
2026-07-17T03:38:23.772983Z,drivers,drivers_by_observed_driver_number,"{""driver_number"": 46, ""session_key"": 11302}",0,http_429,"{""detail"":""Rate limit exceeded. Max 30 requests/minute."",""error"":""Too Many Requests""}",0.312
2026-07-17T03:38:24.208735Z,drivers,drivers_by_observed_driver_number,"{""driver_number"": 55, ""session_key"": 11302}",0,http_429,"{""detail"":""Rate limit exceeded. Max 30 requests/minute."",""error"":""Too Many Requests""}",0.335
2026-07-17T03:38:24.618161Z,drivers,drivers_by_observed_driver_number,"{""driver_number"": 63, ""session_key"": 11302}",0,http_429,"{""detail"":""Rate limit exceeded. Max 30 requests/minute."",""error"":""Too Many Requests""}",0.308
2026-07-17T03:38:25.029954Z,drivers,drivers_by_observed_driver_number,"{""driver_number"": 67, ""session_key"": 11302}",0,http_429,"{""detail"":""Rate limit exceeded. Max 30 requests/minute."",""error"":""Too Many Requests""}",0.311
2026-07-17T03:38:25.435710Z,drivers,drivers_by_observed_driver_number,"{""driver_number"": 72, ""session_key"": 11302}",0,http_429,"{""detail"":""Rate limit exceeded. Max 30 requests/minute."",""error"":""Too Many Requests""}",0.305
2026-07-17T03:38:25.842453Z,drivers,drivers_by_observed_driver_number,"{""driver_number"": 77, ""session_key"": 11302}",0,http_429,"{""detail"":""Rate limit exceeded. Max 30 requests/minute."",""error"":""Too Many Requests""}",0.306
2026-07-17T03:38:26.248716Z,drivers,drivers_by_observed_driver_number,"{""driver_number"": 81, ""session_key"": 11302}",0,http_429,"{""detail"":""Rate limit exceeded. Max 30 requests/minute."",""error"":""Too Many Requests""}",0.305
2026-07-17T03:38:26.657814Z,drivers,drivers_by_observed_driver_number,"{""driver_number"": 87, ""session_key"": 11302}",0,http_429,"{""detail"":""Rate limit exceeded. Max 30 requests/minute."",""error"":""Too Many Requests""}",0.308
2026-07-17T03:38:27.063875Z,drivers,drivers_by_observed_driver_number,"{""driver_number"": 97, ""session_key"": 11302}",0,http_429,"{""detail"":""Rate limit exceeded. Max 30 requests/minute."",""error"":""Too Many Requests""}",0.305
2026-07-17T03:38:27.472209Z,drivers,drivers_by_observed_driver_number,"{""driver_number"": 241, ""session_key"": 11302}",0,http_429,"{""detail"":""Rate limit exceeded. Max 30 requests/minute."",""error"":""Too Many Requests""}",0.307
2026-07-17T03:38:27.880223Z,drivers,drivers_by_observed_driver_number,"{""driver_number"": 243, ""session_key"": 11302}",0,http_429,"{""detail"":""Rate limit exceeded. Max 30 requests/minute."",""error"":""Too Many Requests""}",0.307
2026-07-17T03:38:28.284681Z,drivers,drivers_by_observed_driver_number,"{""driver_number"": 247, ""session_key"": 11302}",0,http_429,"{""detail"":""Rate limit exceeded. Max 30 requests/minute."",""error"":""Too Many Requests""}",0.303
2026-07-17T03:38:28.692730Z,team_radio,team_radio_by_session_key_opportunistic,"{""session_key"": 11302}",0,http_429,"{""detail"":""Rate limit exceeded. Max 30 requests/minute."",""error"":""Too Many Requests""}",0.307
2026-07-17T03:38:29.097679Z,weather,weather_by_session_key,"{""session_key"": 11303}",0,http_429,"{""detail"":""Rate limit exceeded. Max 30 requests/minute."",""error"":""Too Many Requests""}",0.304
2026-07-17T03:38:29.509016Z,race_control,race_control_by_session_key,"{""session_key"": 11303}",0,http_429,"{""detail"":""Rate limit exceeded. Max 30 requests/minute."",""error"":""Too Many Requests""}",0.31
2026-07-17T03:38:29.913990Z,intervals,intervals_by_session_key,"{""session_key"": 11303}",0,http_429,"{""detail"":""Rate limit exceeded. Max 30 requests/minute."",""error"":""Too Many Requests""}",0.304
2026-07-17T03:38:30.319810Z,position,position_by_session_key,"{""session_key"": 11303}",0,http_429,"{""detail"":""Rate limit exceeded. Max 30 requests/minute."",""error"":""Too Many Requests""}",0.305
2026-07-17T03:38:30.725735Z,position,position_by_meeting_key_fallback,"{""meeting_key"": 1287}",0,http_429,"{""detail"":""Rate limit exceeded. Max 30 requests/minute."",""error"":""Too Many Requests""}",0.305
2026-07-17T03:38:31.133655Z,stints,stints_by_session_key,"{""session_key"": 11303}",0,http_429,"{""detail"":""Rate limit exceeded. Max 30 requests/minute."",""error"":""Too Many Requests""}",0.307
2026-07-17T03:38:31.234997Z,pit,skip_non_race_like_session,"{""session_key"": 11303}",0,skipped_not_applicable,pit endpoint is only treated as required for race/sprint-like sessions,0.0
2026-07-17T03:38:31.543356Z,starting_grid,starting_grid_by_session_key,"{""session_key"": 11303}",0,http_429,"{""detail"":""Rate limit exceeded. Max 30 requests/minute."",""error"":""Too Many Requests""}",0.308
2026-07-17T03:38:31.950950Z,drivers,drivers_by_session_key,"{""session_key"": 11303}",0,http_429,"{""detail"":""Rate limit exceeded. Max 30 requests/minute."",""error"":""Too Many Requests""}",0.306
2026-07-17T03:38:32.378656Z,drivers,drivers_by_observed_driver_number,"{""driver_number"": 1, ""session_key"": 11303}",0,http_429,"{""detail"":""Rate limit exceeded. Max 30 requests/minute."",""error"":""Too Many Requests""}",0.318
2026-07-17T03:38:32.785369Z,drivers,drivers_by_observed_driver_number,"{""driver_number"": 3, ""session_key"": 11303}",0,http_429,"{""detail"":""Rate limit exceeded. Max 30 requests/minute."",""error"":""Too Many Requests""}",0.306
2026-07-17T03:38:33.192547Z,drivers,drivers_by_observed_driver_number,"{""driver_number"": 5, ""session_key"": 11303}",0,http_429,"{""detail"":""Rate limit exceeded. Max 30 requests/minute."",""error"":""Too Many Requests""}",0.306
2026-07-17T03:38:33.597167Z,drivers,drivers_by_observed_driver_number,"{""driver_number"": 6, ""session_key"": 11303}",0,http_429,"{""detail"":""Rate limit exceeded. Max 30 requests/minute."",""error"":""Too Many Requests""}",0.303
2026-07-17T03:38:34.010131Z,drivers,drivers_by_observed_driver_number,"{""driver_number"": 10, ""session_key"": 11303}",0,http_429,"{""detail"":""Rate limit exceeded. Max 30 requests/minute."",""error"":""Too Many Requests""}",0.312
2026-07-17T03:38:34.416374Z,drivers,drivers_by_observed_driver_number,"{""driver_number"": 11, ""session_key"": 11303}",0,http_429,"{""detail"":""Rate limit exceeded. Max 30 requests/minute."",""error"":""Too Many Requests""}",0.305
2026-07-17T03:38:34.822265Z,drivers,drivers_by_observed_driver_number,"{""driver_number"": 12, ""session_key"": 11303}",0,http_429,"{""detail"":""Rate limit exceeded. Max 30 requests/minute."",""error"":""Too Many Requests""}",0.305
2026-07-17T03:38:35.229222Z,drivers,drivers_by_observed_driver_number,"{""driver_number"": 14, ""session_key"": 11303}",0,http_429,"{""detail"":""Rate limit exceeded. Max 30 requests/minute."",""error"":""Too Many Requests""}",0.306
2026-07-17T03:38:35.634877Z,drivers,drivers_by_observed_driver_number,"{""driver_number"": 16, ""session_key"": 11303}",0,http_429,"{""detail"":""Rate limit exceeded. Max 30 requests/minute."",""error"":""Too Many Requests""}",0.304
2026-07-17T03:38:36.046448Z,drivers,drivers_by_observed_driver_number,"{""driver_number"": 18, ""session_key"": 11303}",0,http_429,"{""detail"":""Rate limit exceeded. Max 30 requests/minute."",""error"":""Too Many Requests""}",0.31
2026-07-17T03:38:36.451895Z,drivers,drivers_by_observed_driver_number,"{""driver_number"": 23, ""session_key"": 11303}",0,http_429,"{""detail"":""Rate limit exceeded. Max 30 requests/minute."",""error"":""Too Many Requests""}",0.304
2026-07-17T03:38:36.859078Z,drivers,drivers_by_observed_driver_number,"{""driver_number"": 25, ""session_key"": 11303}",0,http_429,"{""detail"":""Rate limit exceeded. Max 30 requests/minute."",""error"":""Too Many Requests""}",0.306
2026-07-17T03:38:37.263643Z,drivers,drivers_by_observed_driver_number,"{""driver_number"": 27, ""session_key"": 11303}",0,http_429,"{""detail"":""Rate limit exceeded. Max 30 requests/minute."",""error"":""Too Many Requests""}",0.303
2026-07-17T03:38:37.668094Z,drivers,drivers_by_observed_driver_number,"{""driver_number"": 30, ""session_key"": 11303}",0,http_429,"{""detail"":""Rate limit exceeded. Max 30 requests/minute."",""error"":""Too Many Requests""}",0.303
2026-07-17T03:38:38.072261Z,drivers,drivers_by_observed_driver_number,"{""driver_number"": 31, ""session_key"": 11303}",0,http_429,"{""detail"":""Rate limit exceeded. Max 30 requests/minute."",""error"":""Too Many Requests""}",0.303
2026-07-17T03:38:38.476818Z,drivers,drivers_by_observed_driver_number,"{""driver_number"": 36, ""session_key"": 11303}",0,http_429,"{""detail"":""Rate limit exceeded. Max 30 requests/minute."",""error"":""Too Many Requests""}",0.303
2026-07-17T03:38:38.884308Z,drivers,drivers_by_observed_driver_number,"{""driver_number"": 38, ""session_key"": 11303}",0,http_429,"{""detail"":""Rate limit exceeded. Max 30 requests/minute."",""error"":""Too Many Requests""}",0.306
2026-07-17T03:38:39.295807Z,drivers,drivers_by_observed_driver_number,"{""driver_number"": 41, ""session_key"": 11303}",0,http_429,"{""detail"":""Rate limit exceeded. Max 30 requests/minute."",""error"":""Too Many Requests""}",0.31
2026-07-17T03:38:39.702425Z,drivers,drivers_by_observed_driver_number,"{""driver_number"": 43, ""session_key"": 11303}",0,http_429,"{""detail"":""Rate limit exceeded. Max 30 requests/minute."",""error"":""Too Many Requests""}",0.306
2026-07-17T03:38:40.110371Z,drivers,drivers_by_observed_driver_number,"{""driver_number"": 44, ""session_key"": 11303}",0,http_429,"{""detail"":""Rate limit exceeded. Max 30 requests/minute."",""error"":""Too Many Requests""}",0.307
2026-07-17T03:38:40.526434Z,drivers,drivers_by_observed_driver_number,"{""driver_number"": 46, ""session_key"": 11303}",0,http_429,"{""detail"":""Rate limit exceeded. Max 30 requests/minute."",""error"":""Too Many Requests""}",0.315
2026-07-17T03:38:40.934259Z,drivers,drivers_by_observed_driver_number,"{""driver_number"": 55, ""session_key"": 11303}",0,http_429,"{""detail"":""Rate limit exceeded. Max 30 requests/minute."",""error"":""Too Many Requests""}",0.307
2026-07-17T03:38:41.338236Z,drivers,drivers_by_observed_driver_number,"{""driver_number"": 63, ""session_key"": 11303}",0,http_429,"{""detail"":""Rate limit exceeded. Max 30 requests/minute."",""error"":""Too Many Requests""}",0.303
2026-07-17T03:38:41.748589Z,drivers,drivers_by_observed_driver_number,"{""driver_number"": 67, ""session_key"": 11303}",0,http_429,"{""detail"":""Rate limit exceeded. Max 30 requests/minute."",""error"":""Too Many Requests""}",0.309
2026-07-17T03:38:42.154636Z,drivers,drivers_by_observed_driver_number,"{""driver_number"": 72, ""session_key"": 11303}",0,http_429,"{""detail"":""Rate limit exceeded. Max 30 requests/minute."",""error"":""Too Many Requests""}",0.305
2026-07-17T03:38:42.559752Z,drivers,drivers_by_observed_driver_number,"{""driver_number"": 77, ""session_key"": 11303}",0,http_429,"{""detail"":""Rate limit exceeded. Max 30 requests/minute."",""error"":""Too Many Requests""}",0.304
2026-07-17T03:38:42.965133Z,drivers,drivers_by_observed_driver_number,"{""driver_number"": 81, ""session_key"": 11303}",0,http_429,"{""detail"":""Rate limit exceeded. Max 30 requests/minute."",""error"":""Too Many Requests""}",0.304
2026-07-17T03:38:43.369832Z,drivers,drivers_by_observed_driver_number,"{""driver_number"": 87, ""session_key"": 11303}",0,http_429,"{""detail"":""Rate limit exceeded. Max 30 requests/minute."",""error"":""Too Many Requests""}",0.303
2026-07-17T03:38:43.774369Z,drivers,drivers_by_observed_driver_number,"{""driver_number"": 97, ""session_key"": 11303}",0,http_429,"{""detail"":""Rate limit exceeded. Max 30 requests/minute."",""error"":""Too Many Requests""}",0.303
2026-07-17T03:38:44.178095Z,drivers,drivers_by_observed_driver_number,"{""driver_number"": 241, ""session_key"": 11303}",0,http_429,"{""detail"":""Rate limit exceeded. Max 30 requests/minute."",""error"":""Too Many Requests""}",0.303
2026-07-17T03:38:44.581702Z,drivers,drivers_by_observed_driver_number,"{""driver_number"": 243, ""session_key"": 11303}",0,http_429,"{""detail"":""Rate limit exceeded. Max 30 requests/minute."",""error"":""Too Many Requests""}",0.302
2026-07-17T03:38:44.986167Z,drivers,drivers_by_observed_driver_number,"{""driver_number"": 247, ""session_key"": 11303}",0,http_429,"{""detail"":""Rate limit exceeded. Max 30 requests/minute."",""error"":""Too Many Requests""}",0.303
2026-07-17T03:38:45.394852Z,team_radio,team_radio_by_session_key_opportunistic,"{""session_key"": 11303}",0,http_429,"{""detail"":""Rate limit exceeded. Max 30 requests/minute."",""error"":""Too Many Requests""}",0.307
2026-07-17T03:38:45.798542Z,weather,weather_by_session_key,"{""session_key"": 11307}",0,http_429,"{""detail"":""Rate limit exceeded. Max 30 requests/minute."",""error"":""Too Many Requests""}",0.302
2026-07-17T03:38:46.204781Z,race_control,race_control_by_session_key,"{""session_key"": 11307}",0,http_429,"{""detail"":""Rate limit exceeded. Max 30 requests/minute."",""error"":""Too Many Requests""}",0.305
2026-07-17T03:38:46.611076Z,intervals,intervals_by_session_key,"{""session_key"": 11307}",0,http_429,"{""detail"":""Rate limit exceeded. Max 30 requests/minute."",""error"":""Too Many Requests""}",0.305
2026-07-17T03:38:47.017382Z,position,position_by_session_key,"{""session_key"": 11307}",0,http_429,"{""detail"":""Rate limit exceeded. Max 30 requests/minute."",""error"":""Too Many Requests""}",0.305
2026-07-17T03:38:47.422030Z,position,position_by_meeting_key_fallback,"{""meeting_key"": 1287}",0,http_429,"{""detail"":""Rate limit exceeded. Max 30 requests/minute."",""error"":""Too Many Requests""}",0.303
2026-07-17T03:38:47.829718Z,stints,stints_by_session_key,"{""session_key"": 11307}",0,http_429,"{""detail"":""Rate limit exceeded. Max 30 requests/minute."",""error"":""Too Many Requests""}",0.306
2026-07-17T03:38:48.236909Z,pit,pit_by_session_key,"{""session_key"": 11307}",0,http_429,"{""detail"":""Rate limit exceeded. Max 30 requests/minute."",""error"":""Too Many Requests""}",0.306
2026-07-17T03:38:48.642984Z,starting_grid,starting_grid_by_session_key,"{""session_key"": 11307}",0,http_429,"{""detail"":""Rate limit exceeded. Max 30 requests/minute."",""error"":""Too Many Requests""}",0.305
2026-07-17T03:38:49.051985Z,drivers,drivers_by_session_key,"{""session_key"": 11307}",0,http_429,"{""detail"":""Rate limit exceeded. Max 30 requests/minute."",""error"":""Too Many Requests""}",0.308
2026-07-17T03:38:49.466336Z,drivers,drivers_by_observed_driver_number,"{""driver_number"": 1, ""session_key"": 11307}",0,http_429,"{""detail"":""Rate limit exceeded. Max 30 requests/minute."",""error"":""Too Many Requests""}",0.305
2026-07-17T03:38:49.871768Z,drivers,drivers_by_observed_driver_number,"{""driver_number"": 3, ""session_key"": 11307}",0,http_429,"{""detail"":""Rate limit exceeded. Max 30 requests/minute."",""error"":""Too Many Requests""}",0.304
2026-07-17T03:38:50.278737Z,drivers,drivers_by_observed_driver_number,"{""driver_number"": 5, ""session_key"": 11307}",0,http_429,"{""detail"":""Rate limit exceeded. Max 30 requests/minute."",""error"":""Too Many Requests""}",0.306
2026-07-17T03:38:50.691446Z,drivers,drivers_by_observed_driver_number,"{""driver_number"": 6, ""session_key"": 11307}",0,http_429,"{""detail"":""Rate limit exceeded. Max 30 requests/minute."",""error"":""Too Many Requests""}",0.312
2026-07-17T03:38:51.095826Z,drivers,drivers_by_observed_driver_number,"{""driver_number"": 10, ""session_key"": 11307}",0,http_429,"{""detail"":""Rate limit exceeded. Max 30 requests/minute."",""error"":""Too Many Requests""}",0.303
2026-07-17T03:38:51.503313Z,drivers,drivers_by_observed_driver_number,"{""driver_number"": 11, ""session_key"": 11307}",0,http_429,"{""detail"":""Rate limit exceeded. Max 30 requests/minute."",""error"":""Too Many Requests""}",0.306
2026-07-17T03:38:51.907886Z,drivers,drivers_by_observed_driver_number,"{""driver_number"": 12, ""session_key"": 11307}",0,http_429,"{""detail"":""Rate limit exceeded. Max 30 requests/minute."",""error"":""Too Many Requests""}",0.303
2026-07-17T03:38:52.315258Z,drivers,drivers_by_observed_driver_number,"{""driver_number"": 14, ""session_key"": 11307}",0,http_429,"{""detail"":""Rate limit exceeded. Max 30 requests/minute."",""error"":""Too Many Requests""}",0.306
2026-07-17T03:38:52.719371Z,drivers,drivers_by_observed_driver_number,"{""driver_number"": 16, ""session_key"": 11307}",0,http_429,"{""detail"":""Rate limit exceeded. Max 30 requests/minute."",""error"":""Too Many Requests""}",0.303
2026-07-17T03:38:53.130841Z,drivers,drivers_by_observed_driver_number,"{""driver_number"": 18, ""session_key"": 11307}",0,http_429,"{""detail"":""Rate limit exceeded. Max 30 requests/minute."",""error"":""Too Many Requests""}",0.31
2026-07-17T03:38:53.539286Z,drivers,drivers_by_observed_driver_number,"{""driver_number"": 23, ""session_key"": 11307}",0,http_429,"{""detail"":""Rate limit exceeded. Max 30 requests/minute."",""error"":""Too Many Requests""}",0.307
2026-07-17T03:38:53.944492Z,drivers,drivers_by_observed_driver_number,"{""driver_number"": 25, ""session_key"": 11307}",0,http_429,"{""detail"":""Rate limit exceeded. Max 30 requests/minute."",""error"":""Too Many Requests""}",0.304
2026-07-17T03:38:54.349001Z,drivers,drivers_by_observed_driver_number,"{""driver_number"": 27, ""session_key"": 11307}",0,http_429,"{""detail"":""Rate limit exceeded. Max 30 requests/minute."",""error"":""Too Many Requests""}",0.303
2026-07-17T03:38:54.766760Z,drivers,drivers_by_observed_driver_number,"{""driver_number"": 30, ""session_key"": 11307}",0,http_429,"{""detail"":""Rate limit exceeded. Max 30 requests/minute."",""error"":""Too Many Requests""}",0.317
2026-07-17T03:38:55.176254Z,drivers,drivers_by_observed_driver_number,"{""driver_number"": 31, ""session_key"": 11307}",0,http_429,"{""detail"":""Rate limit exceeded. Max 30 requests/minute."",""error"":""Too Many Requests""}",0.308
2026-07-17T03:38:55.586450Z,drivers,drivers_by_observed_driver_number,"{""driver_number"": 36, ""session_key"": 11307}",0,http_429,"{""detail"":""Rate limit exceeded. Max 30 requests/minute."",""error"":""Too Many Requests""}",0.309
2026-07-17T03:38:56.127258Z,drivers,drivers_by_observed_driver_number,"{""driver_number"": 38, ""session_key"": 11307}",0,http_429,"{""detail"":""Rate limit exceeded. Max 30 requests/minute."",""error"":""Too Many Requests""}",0.44
2026-07-17T03:38:56.621910Z,drivers,drivers_by_observed_driver_number,"{""driver_number"": 41, ""session_key"": 11307}",0,http_429,"{""detail"":""Rate limit exceeded. Max 30 requests/minute."",""error"":""Too Many Requests""}",0.393
2026-07-17T03:38:57.118820Z,drivers,drivers_by_observed_driver_number,"{""driver_number"": 43, ""session_key"": 11307}",0,http_429,"{""detail"":""Rate limit exceeded. Max 30 requests/minute."",""error"":""Too Many Requests""}",0.396
2026-07-17T03:38:57.657862Z,drivers,drivers_by_observed_driver_number,"{""driver_number"": 44, ""session_key"": 11307}",0,http_429,"{""detail"":""Rate limit exceeded. Max 30 requests/minute."",""error"":""Too Many Requests""}",0.438
2026-07-17T03:38:58.081251Z,drivers,drivers_by_observed_driver_number,"{""driver_number"": 46, ""session_key"": 11307}",0,http_429,"{""detail"":""Rate limit exceeded. Max 30 requests/minute."",""error"":""Too Many Requests""}",0.322
2026-07-17T03:38:58.621216Z,drivers,drivers_by_observed_driver_number,"{""driver_number"": 55, ""session_key"": 11307}",0,http_429,"{""detail"":""Rate limit exceeded. Max 30 requests/minute."",""error"":""Too Many Requests""}",0.439
2026-07-17T03:38:59.117925Z,drivers,drivers_by_observed_driver_number,"{""driver_number"": 63, ""session_key"": 11307}",0,http_429,"{""detail"":""Rate limit exceeded. Max 30 requests/minute."",""error"":""Too Many Requests""}",0.396
2026-07-17T03:38:59.611978Z,drivers,drivers_by_observed_driver_number,"{""driver_number"": 67, ""session_key"": 11307}",0,http_429,"{""detail"":""Rate limit exceeded. Max 30 requests/minute."",""error"":""Too Many Requests""}",0.393
2026-07-17T03:39:00.121814Z,drivers,drivers_by_observed_driver_number,"{""driver_number"": 72, ""session_key"": 11307}",0,http_404,"{""detail"":""No results found.""}",0.409
2026-07-17T03:39:00.529566Z,drivers,drivers_by_observed_driver_number,"{""driver_number"": 77, ""session_key"": 11307}",1,pass,,0.307
2026-07-17T03:39:01.024249Z,drivers,drivers_by_observed_driver_number,"{""driver_number"": 81, ""session_key"": 11307}",1,pass,,0.393
2026-07-17T03:39:01.566926Z,drivers,drivers_by_observed_driver_number,"{""driver_number"": 87, ""session_key"": 11307}",1,pass,,0.441
2026-07-17T03:39:02.003849Z,drivers,drivers_by_observed_driver_number,"{""driver_number"": 97, ""session_key"": 11307}",0,http_404,"{""detail"":""No results found.""}",0.336
2026-07-17T03:39:02.414633Z,drivers,drivers_by_observed_driver_number,"{""driver_number"": 241, ""session_key"": 11307}",0,http_404,"{""detail"":""No results found.""}",0.31
2026-07-17T03:39:02.922665Z,drivers,drivers_by_observed_driver_number,"{""driver_number"": 243, ""session_key"": 11307}",0,http_404,"{""detail"":""No results found.""}",0.407
2026-07-17T03:39:03.330821Z,drivers,drivers_by_observed_driver_number,"{""driver_number"": 247, ""session_key"": 11307}",0,http_404,"{""detail"":""No results found.""}",0.307
2026-07-17T03:39:03.740312Z,team_radio,team_radio_by_session_key_opportunistic,"{""session_key"": 11307}",40,pass,,0.306
2026-07-17T03:39:04.152017Z,weather,weather_by_session_key,"{""session_key"": 11308}",77,pass,,0.31
2026-07-17T03:39:04.561496Z,race_control,race_control_by_session_key,"{""session_key"": 11308}",55,pass,,0.308
2026-07-17T03:39:05.059387Z,intervals,intervals_by_session_key,"{""session_key"": 11308}",0,http_404,"{""detail"":""No results found.""}",0.396
2026-07-17T03:39:05.485894Z,position,position_by_session_key,"{""session_key"": 11308}",640,pass,,0.325
2026-07-17T03:39:05.907557Z,stints,stints_by_session_key,"{""session_key"": 11308}",99,pass,,0.32
2026-07-17T03:39:06.009542Z,pit,skip_non_race_like_session,"{""session_key"": 11308}",0,skipped_not_applicable,pit endpoint is only treated as required for race/sprint-like sessions,0.0
2026-07-17T03:39:06.327760Z,starting_grid,starting_grid_by_session_key,"{""session_key"": 11308}",0,http_404,"{""detail"":""No results found.""}",0.318
2026-07-17T03:39:06.823346Z,drivers,drivers_by_session_key,"{""session_key"": 11308}",22,pass,,0.394
2026-07-17T03:39:07.233195Z,team_radio,team_radio_by_session_key_opportunistic,"{""session_key"": 11308}",13,pass,,0.308
2026-07-17T03:39:07.655770Z,weather,weather_by_session_key,"{""session_key"": 11309}",81,pass,,0.32
2026-07-17T03:39:08.065781Z,race_control,race_control_by_session_key,"{""session_key"": 11309}",53,pass,,0.308
2026-07-17T03:39:08.608137Z,intervals,intervals_by_session_key,"{""session_key"": 11309}",0,http_404,"{""detail"":""No results found.""}",0.44
2026-07-17T03:39:09.034550Z,position,position_by_session_key,"{""session_key"": 11309}",509,pass,,0.325
2026-07-17T03:39:09.448571Z,stints,stints_by_session_key,"{""session_key"": 11309}",109,pass,,0.312
2026-07-17T03:39:09.550549Z,pit,skip_non_race_like_session,"{""session_key"": 11309}",0,skipped_not_applicable,pit endpoint is only treated as required for race/sprint-like sessions,0.0
2026-07-17T03:39:09.992352Z,starting_grid,starting_grid_by_session_key,"{""session_key"": 11309}",0,http_404,"{""detail"":""No results found.""}",0.442
2026-07-17T03:39:10.511495Z,drivers,drivers_by_session_key,"{""session_key"": 11309}",22,pass,,0.418
2026-07-17T03:39:10.922888Z,team_radio,team_radio_by_session_key_opportunistic,"{""session_key"": 11309}",0,http_404,"{""detail"":""No results found.""}",0.309
2026-07-17T03:39:11.332828Z,weather,weather_by_session_key,"{""session_key"": 11310}",81,pass,,0.309
2026-07-17T03:39:11.741984Z,race_control,race_control_by_session_key,"{""session_key"": 11310}",21,pass,,0.307
2026-07-17T03:39:12.208580Z,intervals,intervals_by_session_key,"{""session_key"": 11310}",0,http_404,"{""detail"":""No results found.""}",0.365
2026-07-17T03:39:12.765910Z,position,position_by_session_key,"{""session_key"": 11310}",475,pass,,0.456
2026-07-17T03:39:13.176825Z,stints,stints_by_session_key,"{""session_key"": 11310}",116,pass,,0.309
2026-07-17T03:39:13.278787Z,pit,skip_non_race_like_session,"{""session_key"": 11310}",0,skipped_not_applicable,pit endpoint is only treated as required for race/sprint-like sessions,0.0
2026-07-17T03:39:13.630761Z,starting_grid,starting_grid_by_session_key,"{""session_key"": 11310}",0,http_429,"{""detail"":""Rate limit exceeded. Max 30 requests/minute."",""error"":""Too Many Requests""}",0.352
2026-07-17T03:39:14.037730Z,drivers,drivers_by_session_key,"{""session_key"": 11310}",0,http_429,"{""detail"":""Rate limit exceeded. Max 30 requests/minute."",""error"":""Too Many Requests""}",0.306
2026-07-17T03:39:14.553927Z,drivers,drivers_by_observed_driver_number,"{""driver_number"": 1, ""session_key"": 11310}",0,http_429,"{""detail"":""Rate limit exceeded. Max 30 requests/minute."",""error"":""Too Many Requests""}",0.405
2026-07-17T03:39:14.957779Z,drivers,drivers_by_observed_driver_number,"{""driver_number"": 3, ""session_key"": 11310}",0,http_429,"{""detail"":""Rate limit exceeded. Max 30 requests/minute."",""error"":""Too Many Requests""}",0.303
2026-07-17T03:39:15.363803Z,drivers,drivers_by_observed_driver_number,"{""driver_number"": 5, ""session_key"": 11310}",0,http_429,"{""detail"":""Rate limit exceeded. Max 30 requests/minute."",""error"":""Too Many Requests""}",0.305
2026-07-17T03:39:15.902310Z,drivers,drivers_by_observed_driver_number,"{""driver_number"": 6, ""session_key"": 11310}",0,http_429,"{""detail"":""Rate limit exceeded. Max 30 requests/minute."",""error"":""Too Many Requests""}",0.437
2026-07-17T03:39:16.307933Z,drivers,drivers_by_observed_driver_number,"{""driver_number"": 10, ""session_key"": 11310}",0,http_429,"{""detail"":""Rate limit exceeded. Max 30 requests/minute."",""error"":""Too Many Requests""}",0.304
2026-07-17T03:39:16.712759Z,drivers,drivers_by_observed_driver_number,"{""driver_number"": 11, ""session_key"": 11310}",0,http_429,"{""detail"":""Rate limit exceeded. Max 30 requests/minute."",""error"":""Too Many Requests""}",0.304
2026-07-17T03:39:17.118133Z,drivers,drivers_by_observed_driver_number,"{""driver_number"": 12, ""session_key"": 11310}",0,http_429,"{""detail"":""Rate limit exceeded. Max 30 requests/minute."",""error"":""Too Many Requests""}",0.304
2026-07-17T03:39:17.526265Z,drivers,drivers_by_observed_driver_number,"{""driver_number"": 14, ""session_key"": 11310}",0,http_429,"{""detail"":""Rate limit exceeded. Max 30 requests/minute."",""error"":""Too Many Requests""}",0.307
2026-07-17T03:39:17.936911Z,drivers,drivers_by_observed_driver_number,"{""driver_number"": 16, ""session_key"": 11310}",0,http_429,"{""detail"":""Rate limit exceeded. Max 30 requests/minute."",""error"":""Too Many Requests""}",0.309
2026-07-17T03:39:18.344669Z,drivers,drivers_by_observed_driver_number,"{""driver_number"": 18, ""session_key"": 11310}",0,http_429,"{""detail"":""Rate limit exceeded. Max 30 requests/minute."",""error"":""Too Many Requests""}",0.307
2026-07-17T03:39:18.835801Z,drivers,drivers_by_observed_driver_number,"{""driver_number"": 23, ""session_key"": 11310}",0,http_429,"{""detail"":""Rate limit exceeded. Max 30 requests/minute."",""error"":""Too Many Requests""}",0.39
2026-07-17T03:39:19.240542Z,drivers,drivers_by_observed_driver_number,"{""driver_number"": 25, ""session_key"": 11310}",0,http_429,"{""detail"":""Rate limit exceeded. Max 30 requests/minute."",""error"":""Too Many Requests""}",0.304
2026-07-17T03:39:19.646803Z,drivers,drivers_by_observed_driver_number,"{""driver_number"": 27, ""session_key"": 11310}",0,http_429,"{""detail"":""Rate limit exceeded. Max 30 requests/minute."",""error"":""Too Many Requests""}",0.305
2026-07-17T03:39:20.053335Z,drivers,drivers_by_observed_driver_number,"{""driver_number"": 30, ""session_key"": 11310}",0,http_429,"{""detail"":""Rate limit exceeded. Max 30 requests/minute."",""error"":""Too Many Requests""}",0.305
2026-07-17T03:39:20.463313Z,drivers,drivers_by_observed_driver_number,"{""driver_number"": 31, ""session_key"": 11310}",0,http_429,"{""detail"":""Rate limit exceeded. Max 30 requests/minute."",""error"":""Too Many Requests""}",0.309
2026-07-17T03:39:20.873840Z,drivers,drivers_by_observed_driver_number,"{""driver_number"": 34, ""session_key"": 11310}",0,http_429,"{""detail"":""Rate limit exceeded. Max 30 requests/minute."",""error"":""Too Many Requests""}",0.309
2026-07-17T03:39:21.281264Z,drivers,drivers_by_observed_driver_number,"{""driver_number"": 36, ""session_key"": 11310}",0,http_429,"{""detail"":""Rate limit exceeded. Max 30 requests/minute."",""error"":""Too Many Requests""}",0.306
2026-07-17T03:39:21.688243Z,drivers,drivers_by_observed_driver_number,"{""driver_number"": 38, ""session_key"": 11310}",0,http_429,"{""detail"":""Rate limit exceeded. Max 30 requests/minute."",""error"":""Too Many Requests""}",0.306
2026-07-17T03:39:22.092715Z,drivers,drivers_by_observed_driver_number,"{""driver_number"": 41, ""session_key"": 11310}",0,http_429,"{""detail"":""Rate limit exceeded. Max 30 requests/minute."",""error"":""Too Many Requests""}",0.303
2026-07-17T03:39:22.501150Z,drivers,drivers_by_observed_driver_number,"{""driver_number"": 43, ""session_key"": 11310}",0,http_429,"{""detail"":""Rate limit exceeded. Max 30 requests/minute."",""error"":""Too Many Requests""}",0.307
2026-07-17T03:39:22.916932Z,drivers,drivers_by_observed_driver_number,"{""driver_number"": 44, ""session_key"": 11310}",0,http_429,"{""detail"":""Rate limit exceeded. Max 30 requests/minute."",""error"":""Too Many Requests""}",0.315
2026-07-17T03:39:23.325415Z,drivers,drivers_by_observed_driver_number,"{""driver_number"": 46, ""session_key"": 11310}",0,http_429,"{""detail"":""Rate limit exceeded. Max 30 requests/minute."",""error"":""Too Many Requests""}",0.307
2026-07-17T03:39:23.730659Z,drivers,drivers_by_observed_driver_number,"{""driver_number"": 50, ""session_key"": 11310}",0,http_429,"{""detail"":""Rate limit exceeded. Max 30 requests/minute."",""error"":""Too Many Requests""}",0.304
2026-07-17T03:39:24.136530Z,drivers,drivers_by_observed_driver_number,"{""driver_number"": 55, ""session_key"": 11310}",0,http_429,"{""detail"":""Rate limit exceeded. Max 30 requests/minute."",""error"":""Too Many Requests""}",0.305
2026-07-17T03:39:24.540624Z,drivers,drivers_by_observed_driver_number,"{""driver_number"": 63, ""session_key"": 11310}",0,http_429,"{""detail"":""Rate limit exceeded. Max 30 requests/minute."",""error"":""Too Many Requests""}",0.303
2026-07-17T03:39:24.945226Z,drivers,drivers_by_observed_driver_number,"{""driver_number"": 67, ""session_key"": 11310}",0,http_429,"{""detail"":""Rate limit exceeded. Max 30 requests/minute."",""error"":""Too Many Requests""}",0.303
2026-07-17T03:39:25.350266Z,drivers,drivers_by_observed_driver_number,"{""driver_number"": 72, ""session_key"": 11310}",0,http_429,"{""detail"":""Rate limit exceeded. Max 30 requests/minute."",""error"":""Too Many Requests""}",0.304
2026-07-17T03:39:25.755562Z,drivers,drivers_by_observed_driver_number,"{""driver_number"": 77, ""session_key"": 11310}",0,http_429,"{""detail"":""Rate limit exceeded. Max 30 requests/minute."",""error"":""Too Many Requests""}",0.304
2026-07-17T03:39:26.162170Z,drivers,drivers_by_observed_driver_number,"{""driver_number"": 81, ""session_key"": 11310}",0,http_429,"{""detail"":""Rate limit exceeded. Max 30 requests/minute."",""error"":""Too Many Requests""}",0.305
2026-07-17T03:39:26.567305Z,drivers,drivers_by_observed_driver_number,"{""driver_number"": 87, ""session_key"": 11310}",0,http_429,"{""detail"":""Rate limit exceeded. Max 30 requests/minute."",""error"":""Too Many Requests""}",0.304
2026-07-17T03:39:26.973689Z,drivers,drivers_by_observed_driver_number,"{""driver_number"": 90, ""session_key"": 11310}",0,http_429,"{""detail"":""Rate limit exceeded. Max 30 requests/minute."",""error"":""Too Many Requests""}",0.305
2026-07-17T03:39:27.378199Z,drivers,drivers_by_observed_driver_number,"{""driver_number"": 97, ""session_key"": 11310}",0,http_429,"{""detail"":""Rate limit exceeded. Max 30 requests/minute."",""error"":""Too Many Requests""}",0.303
2026-07-17T03:39:27.783233Z,drivers,drivers_by_observed_driver_number,"{""driver_number"": 241, ""session_key"": 11310}",0,http_429,"{""detail"":""Rate limit exceeded. Max 30 requests/minute."",""error"":""Too Many Requests""}",0.304
2026-07-17T03:39:28.188620Z,drivers,drivers_by_observed_driver_number,"{""driver_number"": 243, ""session_key"": 11310}",0,http_429,"{""detail"":""Rate limit exceeded. Max 30 requests/minute."",""error"":""Too Many Requests""}",0.304
2026-07-17T03:39:28.597889Z,drivers,drivers_by_observed_driver_number,"{""driver_number"": 247, ""session_key"": 11310}",0,http_429,"{""detail"":""Rate limit exceeded. Max 30 requests/minute."",""error"":""Too Many Requests""}",0.308
2026-07-17T03:39:29.140468Z,team_radio,team_radio_by_session_key_opportunistic,"{""session_key"": 11310}",0,http_429,"{""detail"":""Rate limit exceeded. Max 30 requests/minute."",""error"":""Too Many Requests""}",0.441
2026-07-17T03:39:29.548734Z,weather,weather_by_session_key,"{""session_key"": 11311}",0,http_429,"{""detail"":""Rate limit exceeded. Max 30 requests/minute."",""error"":""Too Many Requests""}",0.307
2026-07-17T03:39:29.955734Z,race_control,race_control_by_session_key,"{""session_key"": 11311}",0,http_429,"{""detail"":""Rate limit exceeded. Max 30 requests/minute."",""error"":""Too Many Requests""}",0.306
2026-07-17T03:39:30.361073Z,intervals,intervals_by_session_key,"{""session_key"": 11311}",0,http_429,"{""detail"":""Rate limit exceeded. Max 30 requests/minute."",""error"":""Too Many Requests""}",0.304
2026-07-17T03:39:30.774278Z,position,position_by_session_key,"{""session_key"": 11311}",0,http_429,"{""detail"":""Rate limit exceeded. Max 30 requests/minute."",""error"":""Too Many Requests""}",0.312
2026-07-17T03:39:31.182407Z,position,position_by_meeting_key_fallback,"{""meeting_key"": 1288}",0,http_429,"{""detail"":""Rate limit exceeded. Max 30 requests/minute."",""error"":""Too Many Requests""}",0.307
2026-07-17T03:39:31.654525Z,stints,stints_by_session_key,"{""session_key"": 11311}",0,http_429,"{""detail"":""Rate limit exceeded. Max 30 requests/minute."",""error"":""Too Many Requests""}",0.371
2026-07-17T03:39:31.755966Z,pit,skip_non_race_like_session,"{""session_key"": 11311}",0,skipped_not_applicable,pit endpoint is only treated as required for race/sprint-like sessions,0.0
2026-07-17T03:39:32.059330Z,starting_grid,starting_grid_by_session_key,"{""session_key"": 11311}",0,http_429,"{""detail"":""Rate limit exceeded. Max 30 requests/minute."",""error"":""Too Many Requests""}",0.303
2026-07-17T03:39:32.465118Z,drivers,drivers_by_session_key,"{""session_key"": 11311}",0,http_429,"{""detail"":""Rate limit exceeded. Max 30 requests/minute."",""error"":""Too Many Requests""}",0.305
2026-07-17T03:39:32.879216Z,drivers,drivers_by_observed_driver_number,"{""driver_number"": 1, ""session_key"": 11311}",0,http_429,"{""detail"":""Rate limit exceeded. Max 30 requests/minute."",""error"":""Too Many Requests""}",0.304
2026-07-17T03:39:33.290891Z,drivers,drivers_by_observed_driver_number,"{""driver_number"": 3, ""session_key"": 11311}",0,http_429,"{""detail"":""Rate limit exceeded. Max 30 requests/minute."",""error"":""Too Many Requests""}",0.31
2026-07-17T03:39:33.696980Z,drivers,drivers_by_observed_driver_number,"{""driver_number"": 5, ""session_key"": 11311}",0,http_429,"{""detail"":""Rate limit exceeded. Max 30 requests/minute."",""error"":""Too Many Requests""}",0.305
2026-07-17T03:39:34.102482Z,drivers,drivers_by_observed_driver_number,"{""driver_number"": 6, ""session_key"": 11311}",0,http_429,"{""detail"":""Rate limit exceeded. Max 30 requests/minute."",""error"":""Too Many Requests""}",0.304
2026-07-17T03:39:34.508240Z,drivers,drivers_by_observed_driver_number,"{""driver_number"": 10, ""session_key"": 11311}",0,http_429,"{""detail"":""Rate limit exceeded. Max 30 requests/minute."",""error"":""Too Many Requests""}",0.305
2026-07-17T03:39:34.913848Z,drivers,drivers_by_observed_driver_number,"{""driver_number"": 11, ""session_key"": 11311}",0,http_429,"{""detail"":""Rate limit exceeded. Max 30 requests/minute."",""error"":""Too Many Requests""}",0.304
2026-07-17T03:39:35.319026Z,drivers,drivers_by_observed_driver_number,"{""driver_number"": 12, ""session_key"": 11311}",0,http_429,"{""detail"":""Rate limit exceeded. Max 30 requests/minute."",""error"":""Too Many Requests""}",0.304
2026-07-17T03:39:35.723558Z,drivers,drivers_by_observed_driver_number,"{""driver_number"": 14, ""session_key"": 11311}",0,http_429,"{""detail"":""Rate limit exceeded. Max 30 requests/minute."",""error"":""Too Many Requests""}",0.303
2026-07-17T03:39:36.127527Z,drivers,drivers_by_observed_driver_number,"{""driver_number"": 16, ""session_key"": 11311}",0,http_429,"{""detail"":""Rate limit exceeded. Max 30 requests/minute."",""error"":""Too Many Requests""}",0.303
2026-07-17T03:39:36.532589Z,drivers,drivers_by_observed_driver_number,"{""driver_number"": 18, ""session_key"": 11311}",0,http_429,"{""detail"":""Rate limit exceeded. Max 30 requests/minute."",""error"":""Too Many Requests""}",0.304
2026-07-17T03:39:36.942027Z,drivers,drivers_by_observed_driver_number,"{""driver_number"": 23, ""session_key"": 11311}",0,http_429,"{""detail"":""Rate limit exceeded. Max 30 requests/minute."",""error"":""Too Many Requests""}",0.308
2026-07-17T03:39:37.347400Z,drivers,drivers_by_observed_driver_number,"{""driver_number"": 25, ""session_key"": 11311}",0,http_429,"{""detail"":""Rate limit exceeded. Max 30 requests/minute."",""error"":""Too Many Requests""}",0.304
2026-07-17T03:39:37.752999Z,drivers,drivers_by_observed_driver_number,"{""driver_number"": 27, ""session_key"": 11311}",0,http_429,"{""detail"":""Rate limit exceeded. Max 30 requests/minute."",""error"":""Too Many Requests""}",0.304
2026-07-17T03:39:38.158300Z,drivers,drivers_by_observed_driver_number,"{""driver_number"": 30, ""session_key"": 11311}",0,http_429,"{""detail"":""Rate limit exceeded. Max 30 requests/minute."",""error"":""Too Many Requests""}",0.304
2026-07-17T03:39:38.565604Z,drivers,drivers_by_observed_driver_number,"{""driver_number"": 31, ""session_key"": 11311}",0,http_429,"{""detail"":""Rate limit exceeded. Max 30 requests/minute."",""error"":""Too Many Requests""}",0.306
2026-07-17T03:39:38.972771Z,drivers,drivers_by_observed_driver_number,"{""driver_number"": 34, ""session_key"": 11311}",0,http_429,"{""detail"":""Rate limit exceeded. Max 30 requests/minute."",""error"":""Too Many Requests""}",0.306
2026-07-17T03:39:39.382861Z,drivers,drivers_by_observed_driver_number,"{""driver_number"": 36, ""session_key"": 11311}",0,http_429,"{""detail"":""Rate limit exceeded. Max 30 requests/minute."",""error"":""Too Many Requests""}",0.309
2026-07-17T03:39:39.791474Z,drivers,drivers_by_observed_driver_number,"{""driver_number"": 38, ""session_key"": 11311}",0,http_429,"{""detail"":""Rate limit exceeded. Max 30 requests/minute."",""error"":""Too Many Requests""}",0.307
2026-07-17T03:39:40.201787Z,drivers,drivers_by_observed_driver_number,"{""driver_number"": 41, ""session_key"": 11311}",0,http_429,"{""detail"":""Rate limit exceeded. Max 30 requests/minute."",""error"":""Too Many Requests""}",0.309
2026-07-17T03:39:40.607321Z,drivers,drivers_by_observed_driver_number,"{""driver_number"": 43, ""session_key"": 11311}",0,http_429,"{""detail"":""Rate limit exceeded. Max 30 requests/minute."",""error"":""Too Many Requests""}",0.304
2026-07-17T03:39:41.011540Z,drivers,drivers_by_observed_driver_number,"{""driver_number"": 44, ""session_key"": 11311}",0,http_429,"{""detail"":""Rate limit exceeded. Max 30 requests/minute."",""error"":""Too Many Requests""}",0.303
2026-07-17T03:39:41.417950Z,drivers,drivers_by_observed_driver_number,"{""driver_number"": 46, ""session_key"": 11311}",0,http_429,"{""detail"":""Rate limit exceeded. Max 30 requests/minute."",""error"":""Too Many Requests""}",0.305
2026-07-17T03:39:41.830269Z,drivers,drivers_by_observed_driver_number,"{""driver_number"": 50, ""session_key"": 11311}",0,http_429,"{""detail"":""Rate limit exceeded. Max 30 requests/minute."",""error"":""Too Many Requests""}",0.311
2026-07-17T03:39:42.234726Z,drivers,drivers_by_observed_driver_number,"{""driver_number"": 55, ""session_key"": 11311}",0,http_429,"{""detail"":""Rate limit exceeded. Max 30 requests/minute."",""error"":""Too Many Requests""}",0.303
2026-07-17T03:39:42.639200Z,drivers,drivers_by_observed_driver_number,"{""driver_number"": 63, ""session_key"": 11311}",0,http_429,"{""detail"":""Rate limit exceeded. Max 30 requests/minute."",""error"":""Too Many Requests""}",0.303
2026-07-17T03:39:43.053453Z,drivers,drivers_by_observed_driver_number,"{""driver_number"": 67, ""session_key"": 11311}",0,http_429,"{""detail"":""Rate limit exceeded. Max 30 requests/minute."",""error"":""Too Many Requests""}",0.313
2026-07-17T03:39:43.458272Z,drivers,drivers_by_observed_driver_number,"{""driver_number"": 72, ""session_key"": 11311}",0,http_429,"{""detail"":""Rate limit exceeded. Max 30 requests/minute."",""error"":""Too Many Requests""}",0.304
2026-07-17T03:39:43.867325Z,drivers,drivers_by_observed_driver_number,"{""driver_number"": 77, ""session_key"": 11311}",0,http_429,"{""detail"":""Rate limit exceeded. Max 30 requests/minute."",""error"":""Too Many Requests""}",0.308
2026-07-17T03:39:44.281768Z,drivers,drivers_by_observed_driver_number,"{""driver_number"": 81, ""session_key"": 11311}",0,http_429,"{""detail"":""Rate limit exceeded. Max 30 requests/minute."",""error"":""Too Many Requests""}",0.313
2026-07-17T03:39:44.689276Z,drivers,drivers_by_observed_driver_number,"{""driver_number"": 87, ""session_key"": 11311}",0,http_429,"{""detail"":""Rate limit exceeded. Max 30 requests/minute."",""error"":""Too Many Requests""}",0.306
2026-07-17T03:39:45.097726Z,drivers,drivers_by_observed_driver_number,"{""driver_number"": 90, ""session_key"": 11311}",0,http_429,"{""detail"":""Rate limit exceeded. Max 30 requests/minute."",""error"":""Too Many Requests""}",0.307
2026-07-17T03:39:45.502220Z,drivers,drivers_by_observed_driver_number,"{""driver_number"": 97, ""session_key"": 11311}",0,http_429,"{""detail"":""Rate limit exceeded. Max 30 requests/minute."",""error"":""Too Many Requests""}",0.303
2026-07-17T03:39:45.914269Z,drivers,drivers_by_observed_driver_number,"{""driver_number"": 241, ""session_key"": 11311}",0,http_429,"{""detail"":""Rate limit exceeded. Max 30 requests/minute."",""error"":""Too Many Requests""}",0.311
2026-07-17T03:39:46.319549Z,drivers,drivers_by_observed_driver_number,"{""driver_number"": 243, ""session_key"": 11311}",0,http_429,"{""detail"":""Rate limit exceeded. Max 30 requests/minute."",""error"":""Too Many Requests""}",0.304
2026-07-17T03:39:46.725198Z,drivers,drivers_by_observed_driver_number,"{""driver_number"": 247, ""session_key"": 11311}",0,http_429,"{""detail"":""Rate limit exceeded. Max 30 requests/minute."",""error"":""Too Many Requests""}",0.304
2026-07-17T03:39:47.130598Z,team_radio,team_radio_by_session_key_opportunistic,"{""session_key"": 11311}",0,http_429,"{""detail"":""Rate limit exceeded. Max 30 requests/minute."",""error"":""Too Many Requests""}",0.304
2026-07-17T03:39:47.535339Z,weather,weather_by_session_key,"{""session_key"": 11315}",0,http_429,"{""detail"":""Rate limit exceeded. Max 30 requests/minute."",""error"":""Too Many Requests""}",0.303
2026-07-17T03:39:47.943099Z,race_control,race_control_by_session_key,"{""session_key"": 11315}",0,http_429,"{""detail"":""Rate limit exceeded. Max 30 requests/minute."",""error"":""Too Many Requests""}",0.307
2026-07-17T03:39:48.347880Z,intervals,intervals_by_session_key,"{""session_key"": 11315}",0,http_429,"{""detail"":""Rate limit exceeded. Max 30 requests/minute."",""error"":""Too Many Requests""}",0.304
2026-07-17T03:39:48.754765Z,position,position_by_session_key,"{""session_key"": 11315}",0,http_429,"{""detail"":""Rate limit exceeded. Max 30 requests/minute."",""error"":""Too Many Requests""}",0.306
2026-07-17T03:39:49.159835Z,position,position_by_meeting_key_fallback,"{""meeting_key"": 1288}",0,http_429,"{""detail"":""Rate limit exceeded. Max 30 requests/minute."",""error"":""Too Many Requests""}",0.304
2026-07-17T03:39:49.958290Z,stints,stints_by_session_key,"{""session_key"": 11315}",0,http_429,"{""detail"":""Rate limit exceeded. Max 30 requests/minute."",""error"":""Too Many Requests""}",0.697
2026-07-17T03:39:50.364141Z,pit,pit_by_session_key,"{""session_key"": 11315}",0,http_429,"{""detail"":""Rate limit exceeded. Max 30 requests/minute."",""error"":""Too Many Requests""}",0.305
2026-07-17T03:39:50.768779Z,starting_grid,starting_grid_by_session_key,"{""session_key"": 11315}",0,http_429,"{""detail"":""Rate limit exceeded. Max 30 requests/minute."",""error"":""Too Many Requests""}",0.303
2026-07-17T03:39:51.180429Z,drivers,drivers_by_session_key,"{""session_key"": 11315}",0,http_429,"{""detail"":""Rate limit exceeded. Max 30 requests/minute."",""error"":""Too Many Requests""}",0.309
2026-07-17T03:39:51.595656Z,drivers,drivers_by_observed_driver_number,"{""driver_number"": 1, ""session_key"": 11315}",0,http_429,"{""detail"":""Rate limit exceeded. Max 30 requests/minute."",""error"":""Too Many Requests""}",0.305
2026-07-17T03:39:52.002657Z,drivers,drivers_by_observed_driver_number,"{""driver_number"": 3, ""session_key"": 11315}",0,http_429,"{""detail"":""Rate limit exceeded. Max 30 requests/minute."",""error"":""Too Many Requests""}",0.306
2026-07-17T03:39:52.410030Z,drivers,drivers_by_observed_driver_number,"{""driver_number"": 5, ""session_key"": 11315}",0,http_429,"{""detail"":""Rate limit exceeded. Max 30 requests/minute."",""error"":""Too Many Requests""}",0.306
2026-07-17T03:39:52.813990Z,drivers,drivers_by_observed_driver_number,"{""driver_number"": 6, ""session_key"": 11315}",0,http_429,"{""detail"":""Rate limit exceeded. Max 30 requests/minute."",""error"":""Too Many Requests""}",0.303
2026-07-17T03:39:53.219595Z,drivers,drivers_by_observed_driver_number,"{""driver_number"": 10, ""session_key"": 11315}",0,http_429,"{""detail"":""Rate limit exceeded. Max 30 requests/minute."",""error"":""Too Many Requests""}",0.304
2026-07-17T03:39:53.623657Z,drivers,drivers_by_observed_driver_number,"{""driver_number"": 11, ""session_key"": 11315}",0,http_429,"{""detail"":""Rate limit exceeded. Max 30 requests/minute."",""error"":""Too Many Requests""}",0.303
2026-07-17T03:39:54.031308Z,drivers,drivers_by_observed_driver_number,"{""driver_number"": 12, ""session_key"": 11315}",0,http_429,"{""detail"":""Rate limit exceeded. Max 30 requests/minute."",""error"":""Too Many Requests""}",0.306
2026-07-17T03:39:54.436428Z,drivers,drivers_by_observed_driver_number,"{""driver_number"": 14, ""session_key"": 11315}",0,http_429,"{""detail"":""Rate limit exceeded. Max 30 requests/minute."",""error"":""Too Many Requests""}",0.304
2026-07-17T03:39:54.843723Z,drivers,drivers_by_observed_driver_number,"{""driver_number"": 16, ""session_key"": 11315}",0,http_429,"{""detail"":""Rate limit exceeded. Max 30 requests/minute."",""error"":""Too Many Requests""}",0.306
2026-07-17T03:39:55.252334Z,drivers,drivers_by_observed_driver_number,"{""driver_number"": 18, ""session_key"": 11315}",0,http_429,"{""detail"":""Rate limit exceeded. Max 30 requests/minute."",""error"":""Too Many Requests""}",0.307
2026-07-17T03:39:55.660456Z,drivers,drivers_by_observed_driver_number,"{""driver_number"": 23, ""session_key"": 11315}",0,http_429,"{""detail"":""Rate limit exceeded. Max 30 requests/minute."",""error"":""Too Many Requests""}",0.307
2026-07-17T03:39:56.075858Z,drivers,drivers_by_observed_driver_number,"{""driver_number"": 25, ""session_key"": 11315}",0,http_429,"{""detail"":""Rate limit exceeded. Max 30 requests/minute."",""error"":""Too Many Requests""}",0.314
2026-07-17T03:39:56.483470Z,drivers,drivers_by_observed_driver_number,"{""driver_number"": 27, ""session_key"": 11315}",0,http_429,"{""detail"":""Rate limit exceeded. Max 30 requests/minute."",""error"":""Too Many Requests""}",0.306
2026-07-17T03:39:56.893366Z,drivers,drivers_by_observed_driver_number,"{""driver_number"": 30, ""session_key"": 11315}",0,http_429,"{""detail"":""Rate limit exceeded. Max 30 requests/minute."",""error"":""Too Many Requests""}",0.309
2026-07-17T03:39:57.298729Z,drivers,drivers_by_observed_driver_number,"{""driver_number"": 31, ""session_key"": 11315}",0,http_429,"{""detail"":""Rate limit exceeded. Max 30 requests/minute."",""error"":""Too Many Requests""}",0.304
2026-07-17T03:39:57.704030Z,drivers,drivers_by_observed_driver_number,"{""driver_number"": 34, ""session_key"": 11315}",0,http_429,"{""detail"":""Rate limit exceeded. Max 30 requests/minute."",""error"":""Too Many Requests""}",0.304
2026-07-17T03:39:58.109349Z,drivers,drivers_by_observed_driver_number,"{""driver_number"": 36, ""session_key"": 11315}",0,http_429,"{""detail"":""Rate limit exceeded. Max 30 requests/minute."",""error"":""Too Many Requests""}",0.304
2026-07-17T03:39:58.513961Z,drivers,drivers_by_observed_driver_number,"{""driver_number"": 38, ""session_key"": 11315}",0,http_429,"{""detail"":""Rate limit exceeded. Max 30 requests/minute."",""error"":""Too Many Requests""}",0.303
2026-07-17T03:39:58.919028Z,drivers,drivers_by_observed_driver_number,"{""driver_number"": 41, ""session_key"": 11315}",0,http_429,"{""detail"":""Rate limit exceeded. Max 30 requests/minute."",""error"":""Too Many Requests""}",0.304
2026-07-17T03:39:59.323719Z,drivers,drivers_by_observed_driver_number,"{""driver_number"": 43, ""session_key"": 11315}",0,http_429,"{""detail"":""Rate limit exceeded. Max 30 requests/minute."",""error"":""Too Many Requests""}",0.303
2026-07-17T03:39:59.727346Z,drivers,drivers_by_observed_driver_number,"{""driver_number"": 44, ""session_key"": 11315}",0,http_429,"{""detail"":""Rate limit exceeded. Max 30 requests/minute."",""error"":""Too Many Requests""}",0.302
2026-07-17T03:40:00.141707Z,drivers,drivers_by_observed_driver_number,"{""driver_number"": 46, ""session_key"": 11315}",0,http_404,"{""detail"":""No results found.""}",0.313
2026-07-17T03:40:00.552907Z,drivers,drivers_by_observed_driver_number,"{""driver_number"": 50, ""session_key"": 11315}",0,http_404,"{""detail"":""No results found.""}",0.31
2026-07-17T03:40:00.964911Z,drivers,drivers_by_observed_driver_number,"{""driver_number"": 55, ""session_key"": 11315}",2,pass,,0.311
2026-07-17T03:40:01.380161Z,drivers,drivers_by_observed_driver_number,"{""driver_number"": 63, ""session_key"": 11315}",2,pass,,0.314
2026-07-17T03:40:01.788575Z,drivers,drivers_by_observed_driver_number,"{""driver_number"": 67, ""session_key"": 11315}",0,http_404,"{""detail"":""No results found.""}",0.307
2026-07-17T03:40:02.195324Z,drivers,drivers_by_observed_driver_number,"{""driver_number"": 72, ""session_key"": 11315}",0,http_404,"{""detail"":""No results found.""}",0.306
2026-07-17T03:40:02.603704Z,drivers,drivers_by_observed_driver_number,"{""driver_number"": 77, ""session_key"": 11315}",1,pass,,0.307
2026-07-17T03:40:03.011443Z,drivers,drivers_by_observed_driver_number,"{""driver_number"": 81, ""session_key"": 11315}",2,pass,,0.306
2026-07-17T03:40:03.423310Z,drivers,drivers_by_observed_driver_number,"{""driver_number"": 87, ""session_key"": 11315}",2,pass,,0.311
2026-07-17T03:40:03.835372Z,drivers,drivers_by_observed_driver_number,"{""driver_number"": 90, ""session_key"": 11315}",0,http_404,"{""detail"":""No results found.""}",0.311
2026-07-17T03:40:04.243303Z,drivers,drivers_by_observed_driver_number,"{""driver_number"": 97, ""session_key"": 11315}",0,http_404,"{""detail"":""No results found.""}",0.307
2026-07-17T03:40:04.661363Z,drivers,drivers_by_observed_driver_number,"{""driver_number"": 241, ""session_key"": 11315}",0,http_404,"{""detail"":""No results found.""}",0.317
2026-07-17T03:40:05.070192Z,drivers,drivers_by_observed_driver_number,"{""driver_number"": 243, ""session_key"": 11315}",0,http_404,"{""detail"":""No results found.""}",0.308
2026-07-17T03:40:05.477207Z,drivers,drivers_by_observed_driver_number,"{""driver_number"": 247, ""session_key"": 11315}",0,http_404,"{""detail"":""No results found.""}",0.306
2026-07-17T03:40:05.890375Z,team_radio,team_radio_by_session_key_opportunistic,"{""session_key"": 11315}",23,pass,,0.31
2026-07-17T03:40:06.306204Z,weather,weather_by_session_key,"{""session_key"": 11316}",84,pass,,0.314
2026-07-17T03:40:06.714922Z,race_control,race_control_by_session_key,"{""session_key"": 11316}",36,pass,,0.307
2026-07-17T03:40:07.121581Z,intervals,intervals_by_session_key,"{""session_key"": 11316}",0,http_404,"{""detail"":""No results found.""}",0.305
2026-07-17T03:40:07.554955Z,position,position_by_session_key,"{""session_key"": 11316}",788,pass,,0.332
2026-07-17T03:40:07.969710Z,stints,stints_by_session_key,"{""session_key"": 11316}",92,pass,,0.313
2026-07-17T03:40:08.071667Z,pit,skip_non_race_like_session,"{""session_key"": 11316}",0,skipped_not_applicable,pit endpoint is only treated as required for race/sprint-like sessions,0.0
2026-07-17T03:40:08.379762Z,starting_grid,starting_grid_by_session_key,"{""session_key"": 11316}",0,http_404,"{""detail"":""No results found.""}",0.308
2026-07-17T03:40:08.790524Z,drivers,drivers_by_session_key,"{""session_key"": 11316}",22,pass,,0.309
2026-07-17T03:40:09.208286Z,team_radio,team_radio_by_session_key_opportunistic,"{""session_key"": 11316}",9,pass,,0.316
2026-07-17T03:40:09.620561Z,weather,weather_by_session_key,"{""session_key"": 11317}",60,pass,,0.31
2026-07-17T03:40:10.031145Z,race_control,race_control_by_session_key,"{""session_key"": 11317}",64,pass,,0.309
2026-07-17T03:40:10.438348Z,intervals,intervals_by_session_key,"{""session_key"": 11317}",0,http_404,"{""detail"":""No results found.""}",0.305
2026-07-17T03:40:10.865101Z,position,position_by_session_key,"{""session_key"": 11317}",839,pass,,0.325
2026-07-17T03:40:11.280277Z,stints,stints_by_session_key,"{""session_key"": 11317}",63,pass,,0.313
2026-07-17T03:40:11.689013Z,pit,pit_by_session_key,"{""session_key"": 11317}",63,pass,,0.307
2026-07-17T03:40:12.097608Z,starting_grid,starting_grid_by_session_key,"{""session_key"": 11317}",22,pass,,0.307
2026-07-17T03:40:12.502298Z,drivers,drivers_by_session_key,"{""session_key"": 11317}",0,http_429,"{""detail"":""Rate limit exceeded. Max 30 requests/minute."",""error"":""Too Many Requests""}",0.303
2026-07-17T03:40:12.919180Z,drivers,drivers_by_observed_driver_number,"{""driver_number"": 1, ""session_key"": 11317}",0,http_429,"{""detail"":""Rate limit exceeded. Max 30 requests/minute."",""error"":""Too Many Requests""}",0.305
2026-07-17T03:40:13.326291Z,drivers,drivers_by_observed_driver_number,"{""driver_number"": 3, ""session_key"": 11317}",0,http_429,"{""detail"":""Rate limit exceeded. Max 30 requests/minute."",""error"":""Too Many Requests""}",0.306
2026-07-17T03:40:13.735891Z,drivers,drivers_by_observed_driver_number,"{""driver_number"": 5, ""session_key"": 11317}",0,http_429,"{""detail"":""Rate limit exceeded. Max 30 requests/minute."",""error"":""Too Many Requests""}",0.308
2026-07-17T03:40:14.145744Z,drivers,drivers_by_observed_driver_number,"{""driver_number"": 6, ""session_key"": 11317}",0,http_429,"{""detail"":""Rate limit exceeded. Max 30 requests/minute."",""error"":""Too Many Requests""}",0.309
2026-07-17T03:40:14.553843Z,drivers,drivers_by_observed_driver_number,"{""driver_number"": 10, ""session_key"": 11317}",0,http_429,"{""detail"":""Rate limit exceeded. Max 30 requests/minute."",""error"":""Too Many Requests""}",0.307
2026-07-17T03:40:14.966733Z,drivers,drivers_by_observed_driver_number,"{""driver_number"": 11, ""session_key"": 11317}",0,http_429,"{""detail"":""Rate limit exceeded. Max 30 requests/minute."",""error"":""Too Many Requests""}",0.312
2026-07-17T03:40:15.371410Z,drivers,drivers_by_observed_driver_number,"{""driver_number"": 12, ""session_key"": 11317}",0,http_429,"{""detail"":""Rate limit exceeded. Max 30 requests/minute."",""error"":""Too Many Requests""}",0.304
2026-07-17T03:40:15.778292Z,drivers,drivers_by_observed_driver_number,"{""driver_number"": 14, ""session_key"": 11317}",0,http_429,"{""detail"":""Rate limit exceeded. Max 30 requests/minute."",""error"":""Too Many Requests""}",0.306
2026-07-17T03:40:16.182816Z,drivers,drivers_by_observed_driver_number,"{""driver_number"": 16, ""session_key"": 11317}",0,http_429,"{""detail"":""Rate limit exceeded. Max 30 requests/minute."",""error"":""Too Many Requests""}",0.303
2026-07-17T03:40:16.588250Z,drivers,drivers_by_observed_driver_number,"{""driver_number"": 18, ""session_key"": 11317}",0,http_429,"{""detail"":""Rate limit exceeded. Max 30 requests/minute."",""error"":""Too Many Requests""}",0.304
2026-07-17T03:40:16.993260Z,drivers,drivers_by_observed_driver_number,"{""driver_number"": 23, ""session_key"": 11317}",0,http_429,"{""detail"":""Rate limit exceeded. Max 30 requests/minute."",""error"":""Too Many Requests""}",0.304
2026-07-17T03:40:17.399029Z,drivers,drivers_by_observed_driver_number,"{""driver_number"": 25, ""session_key"": 11317}",0,http_429,"{""detail"":""Rate limit exceeded. Max 30 requests/minute."",""error"":""Too Many Requests""}",0.305
2026-07-17T03:40:17.802885Z,drivers,drivers_by_observed_driver_number,"{""driver_number"": 27, ""session_key"": 11317}",0,http_429,"{""detail"":""Rate limit exceeded. Max 30 requests/minute."",""error"":""Too Many Requests""}",0.303
2026-07-17T03:40:18.208351Z,drivers,drivers_by_observed_driver_number,"{""driver_number"": 30, ""session_key"": 11317}",0,http_429,"{""detail"":""Rate limit exceeded. Max 30 requests/minute."",""error"":""Too Many Requests""}",0.304
2026-07-17T03:40:18.613274Z,drivers,drivers_by_observed_driver_number,"{""driver_number"": 31, ""session_key"": 11317}",0,http_429,"{""detail"":""Rate limit exceeded. Max 30 requests/minute."",""error"":""Too Many Requests""}",0.304
2026-07-17T03:40:19.018347Z,drivers,drivers_by_observed_driver_number,"{""driver_number"": 34, ""session_key"": 11317}",0,http_429,"{""detail"":""Rate limit exceeded. Max 30 requests/minute."",""error"":""Too Many Requests""}",0.304
2026-07-17T03:40:19.424922Z,drivers,drivers_by_observed_driver_number,"{""driver_number"": 36, ""session_key"": 11317}",0,http_429,"{""detail"":""Rate limit exceeded. Max 30 requests/minute."",""error"":""Too Many Requests""}",0.305
2026-07-17T03:40:19.834702Z,drivers,drivers_by_observed_driver_number,"{""driver_number"": 38, ""session_key"": 11317}",0,http_429,"{""detail"":""Rate limit exceeded. Max 30 requests/minute."",""error"":""Too Many Requests""}",0.309
2026-07-17T03:40:20.240212Z,drivers,drivers_by_observed_driver_number,"{""driver_number"": 41, ""session_key"": 11317}",0,http_429,"{""detail"":""Rate limit exceeded. Max 30 requests/minute."",""error"":""Too Many Requests""}",0.304
2026-07-17T03:40:20.646753Z,drivers,drivers_by_observed_driver_number,"{""driver_number"": 43, ""session_key"": 11317}",0,http_429,"{""detail"":""Rate limit exceeded. Max 30 requests/minute."",""error"":""Too Many Requests""}",0.305
2026-07-17T03:40:21.051781Z,drivers,drivers_by_observed_driver_number,"{""driver_number"": 44, ""session_key"": 11317}",0,http_429,"{""detail"":""Rate limit exceeded. Max 30 requests/minute."",""error"":""Too Many Requests""}",0.304
2026-07-17T03:40:21.460543Z,drivers,drivers_by_observed_driver_number,"{""driver_number"": 46, ""session_key"": 11317}",0,http_429,"{""detail"":""Rate limit exceeded. Max 30 requests/minute."",""error"":""Too Many Requests""}",0.308
2026-07-17T03:40:21.878016Z,drivers,drivers_by_observed_driver_number,"{""driver_number"": 50, ""session_key"": 11317}",0,http_429,"{""detail"":""Rate limit exceeded. Max 30 requests/minute."",""error"":""Too Many Requests""}",0.316
2026-07-17T03:40:22.289904Z,drivers,drivers_by_observed_driver_number,"{""driver_number"": 55, ""session_key"": 11317}",0,http_429,"{""detail"":""Rate limit exceeded. Max 30 requests/minute."",""error"":""Too Many Requests""}",0.311
2026-07-17T03:40:22.695161Z,drivers,drivers_by_observed_driver_number,"{""driver_number"": 63, ""session_key"": 11317}",0,http_429,"{""detail"":""Rate limit exceeded. Max 30 requests/minute."",""error"":""Too Many Requests""}",0.304
2026-07-17T03:40:23.100078Z,drivers,drivers_by_observed_driver_number,"{""driver_number"": 67, ""session_key"": 11317}",0,http_429,"{""detail"":""Rate limit exceeded. Max 30 requests/minute."",""error"":""Too Many Requests""}",0.304
2026-07-17T03:40:23.505122Z,drivers,drivers_by_observed_driver_number,"{""driver_number"": 72, ""session_key"": 11317}",0,http_429,"{""detail"":""Rate limit exceeded. Max 30 requests/minute."",""error"":""Too Many Requests""}",0.304
2026-07-17T03:40:23.909755Z,drivers,drivers_by_observed_driver_number,"{""driver_number"": 77, ""session_key"": 11317}",0,http_429,"{""detail"":""Rate limit exceeded. Max 30 requests/minute."",""error"":""Too Many Requests""}",0.303
2026-07-17T03:40:24.315843Z,drivers,drivers_by_observed_driver_number,"{""driver_number"": 81, ""session_key"": 11317}",0,http_429,"{""detail"":""Rate limit exceeded. Max 30 requests/minute."",""error"":""Too Many Requests""}",0.305
2026-07-17T03:40:24.725625Z,drivers,drivers_by_observed_driver_number,"{""driver_number"": 87, ""session_key"": 11317}",0,http_429,"{""detail"":""Rate limit exceeded. Max 30 requests/minute."",""error"":""Too Many Requests""}",0.308
2026-07-17T03:40:25.141750Z,drivers,drivers_by_observed_driver_number,"{""driver_number"": 90, ""session_key"": 11317}",0,http_429,"{""detail"":""Rate limit exceeded. Max 30 requests/minute."",""error"":""Too Many Requests""}",0.315
2026-07-17T03:40:25.551739Z,drivers,drivers_by_observed_driver_number,"{""driver_number"": 97, ""session_key"": 11317}",0,http_429,"{""detail"":""Rate limit exceeded. Max 30 requests/minute."",""error"":""Too Many Requests""}",0.309
2026-07-17T03:40:25.957786Z,drivers,drivers_by_observed_driver_number,"{""driver_number"": 241, ""session_key"": 11317}",0,http_429,"{""detail"":""Rate limit exceeded. Max 30 requests/minute."",""error"":""Too Many Requests""}",0.305
2026-07-17T03:40:26.363621Z,drivers,drivers_by_observed_driver_number,"{""driver_number"": 243, ""session_key"": 11317}",0,http_429,"{""detail"":""Rate limit exceeded. Max 30 requests/minute."",""error"":""Too Many Requests""}",0.304
2026-07-17T03:40:26.773210Z,drivers,drivers_by_observed_driver_number,"{""driver_number"": 247, ""session_key"": 11317}",0,http_429,"{""detail"":""Rate limit exceeded. Max 30 requests/minute."",""error"":""Too Many Requests""}",0.308
2026-07-17T03:40:27.182898Z,team_radio,team_radio_by_session_key_opportunistic,"{""session_key"": 11317}",0,http_429,"{""detail"":""Rate limit exceeded. Max 30 requests/minute."",""error"":""Too Many Requests""}",0.308
2026-07-17T03:40:27.589164Z,weather,weather_by_session_key,"{""session_key"": 11321}",0,http_429,"{""detail"":""Rate limit exceeded. Max 30 requests/minute."",""error"":""Too Many Requests""}",0.305
2026-07-17T03:40:27.994730Z,race_control,race_control_by_session_key,"{""session_key"": 11321}",0,http_429,"{""detail"":""Rate limit exceeded. Max 30 requests/minute."",""error"":""Too Many Requests""}",0.304
2026-07-17T03:40:28.405186Z,intervals,intervals_by_session_key,"{""session_key"": 11321}",0,http_429,"{""detail"":""Rate limit exceeded. Max 30 requests/minute."",""error"":""Too Many Requests""}",0.309
2026-07-17T03:40:28.817889Z,position,position_by_session_key,"{""session_key"": 11321}",0,http_429,"{""detail"":""Rate limit exceeded. Max 30 requests/minute."",""error"":""Too Many Requests""}",0.311
2026-07-17T03:40:29.225195Z,position,position_by_meeting_key_fallback,"{""meeting_key"": 1289}",0,http_429,"{""detail"":""Rate limit exceeded. Max 30 requests/minute."",""error"":""Too Many Requests""}",0.306
2026-07-17T03:40:29.630501Z,stints,stints_by_session_key,"{""session_key"": 11321}",0,http_429,"{""detail"":""Rate limit exceeded. Max 30 requests/minute."",""error"":""Too Many Requests""}",0.304
2026-07-17T03:40:30.037753Z,pit,pit_by_session_key,"{""session_key"": 11321}",0,http_429,"{""detail"":""Rate limit exceeded. Max 30 requests/minute."",""error"":""Too Many Requests""}",0.306
2026-07-17T03:40:30.447258Z,starting_grid,starting_grid_by_session_key,"{""session_key"": 11321}",0,http_429,"{""detail"":""Rate limit exceeded. Max 30 requests/minute."",""error"":""Too Many Requests""}",0.308
2026-07-17T03:40:30.854084Z,drivers,drivers_by_session_key,"{""session_key"": 11321}",0,http_429,"{""detail"":""Rate limit exceeded. Max 30 requests/minute."",""error"":""Too Many Requests""}",0.305
2026-07-17T03:40:31.269446Z,drivers,drivers_by_observed_driver_number,"{""driver_number"": 1, ""session_key"": 11321}",0,http_429,"{""detail"":""Rate limit exceeded. Max 30 requests/minute."",""error"":""Too Many Requests""}",0.303
2026-07-17T03:40:31.675627Z,drivers,drivers_by_observed_driver_number,"{""driver_number"": 3, ""session_key"": 11321}",0,http_429,"{""detail"":""Rate limit exceeded. Max 30 requests/minute."",""error"":""Too Many Requests""}",0.305
2026-07-17T03:40:32.085932Z,drivers,drivers_by_observed_driver_number,"{""driver_number"": 5, ""session_key"": 11321}",0,http_429,"{""detail"":""Rate limit exceeded. Max 30 requests/minute."",""error"":""Too Many Requests""}",0.309
2026-07-17T03:40:32.491368Z,drivers,drivers_by_observed_driver_number,"{""driver_number"": 6, ""session_key"": 11321}",0,http_429,"{""detail"":""Rate limit exceeded. Max 30 requests/minute."",""error"":""Too Many Requests""}",0.304
2026-07-17T03:40:32.895350Z,drivers,drivers_by_observed_driver_number,"{""driver_number"": 10, ""session_key"": 11321}",0,http_429,"{""detail"":""Rate limit exceeded. Max 30 requests/minute."",""error"":""Too Many Requests""}",0.303
2026-07-17T03:40:33.302372Z,drivers,drivers_by_observed_driver_number,"{""driver_number"": 11, ""session_key"": 11321}",0,http_429,"{""detail"":""Rate limit exceeded. Max 30 requests/minute."",""error"":""Too Many Requests""}",0.306
2026-07-17T03:40:33.709470Z,drivers,drivers_by_observed_driver_number,"{""driver_number"": 12, ""session_key"": 11321}",0,http_429,"{""detail"":""Rate limit exceeded. Max 30 requests/minute."",""error"":""Too Many Requests""}",0.306
2026-07-17T03:40:34.116362Z,drivers,drivers_by_observed_driver_number,"{""driver_number"": 14, ""session_key"": 11321}",0,http_429,"{""detail"":""Rate limit exceeded. Max 30 requests/minute."",""error"":""Too Many Requests""}",0.306
2026-07-17T03:40:34.526335Z,drivers,drivers_by_observed_driver_number,"{""driver_number"": 16, ""session_key"": 11321}",0,http_429,"{""detail"":""Rate limit exceeded. Max 30 requests/minute."",""error"":""Too Many Requests""}",0.309
2026-07-17T03:40:34.934761Z,drivers,drivers_by_observed_driver_number,"{""driver_number"": 18, ""session_key"": 11321}",0,http_429,"{""detail"":""Rate limit exceeded. Max 30 requests/minute."",""error"":""Too Many Requests""}",0.307
2026-07-17T03:40:35.341085Z,drivers,drivers_by_observed_driver_number,"{""driver_number"": 23, ""session_key"": 11321}",0,http_429,"{""detail"":""Rate limit exceeded. Max 30 requests/minute."",""error"":""Too Many Requests""}",0.305
2026-07-17T03:40:35.745792Z,drivers,drivers_by_observed_driver_number,"{""driver_number"": 25, ""session_key"": 11321}",0,http_429,"{""detail"":""Rate limit exceeded. Max 30 requests/minute."",""error"":""Too Many Requests""}",0.303
2026-07-17T03:40:36.159824Z,drivers,drivers_by_observed_driver_number,"{""driver_number"": 27, ""session_key"": 11321}",0,http_429,"{""detail"":""Rate limit exceeded. Max 30 requests/minute."",""error"":""Too Many Requests""}",0.313
2026-07-17T03:40:36.564805Z,drivers,drivers_by_observed_driver_number,"{""driver_number"": 30, ""session_key"": 11321}",0,http_429,"{""detail"":""Rate limit exceeded. Max 30 requests/minute."",""error"":""Too Many Requests""}",0.304
2026-07-17T03:40:36.970365Z,drivers,drivers_by_observed_driver_number,"{""driver_number"": 31, ""session_key"": 11321}",0,http_429,"{""detail"":""Rate limit exceeded. Max 30 requests/minute."",""error"":""Too Many Requests""}",0.304
2026-07-17T03:40:37.378033Z,drivers,drivers_by_observed_driver_number,"{""driver_number"": 34, ""session_key"": 11321}",0,http_429,"{""detail"":""Rate limit exceeded. Max 30 requests/minute."",""error"":""Too Many Requests""}",0.306
2026-07-17T03:40:37.787368Z,drivers,drivers_by_observed_driver_number,"{""driver_number"": 36, ""session_key"": 11321}",0,http_429,"{""detail"":""Rate limit exceeded. Max 30 requests/minute."",""error"":""Too Many Requests""}",0.308
2026-07-17T03:40:38.193256Z,drivers,drivers_by_observed_driver_number,"{""driver_number"": 38, ""session_key"": 11321}",0,http_429,"{""detail"":""Rate limit exceeded. Max 30 requests/minute."",""error"":""Too Many Requests""}",0.305
2026-07-17T03:40:38.599077Z,drivers,drivers_by_observed_driver_number,"{""driver_number"": 41, ""session_key"": 11321}",0,http_429,"{""detail"":""Rate limit exceeded. Max 30 requests/minute."",""error"":""Too Many Requests""}",0.305
2026-07-17T03:40:39.007732Z,drivers,drivers_by_observed_driver_number,"{""driver_number"": 43, ""session_key"": 11321}",0,http_429,"{""detail"":""Rate limit exceeded. Max 30 requests/minute."",""error"":""Too Many Requests""}",0.307
2026-07-17T03:40:39.420918Z,drivers,drivers_by_observed_driver_number,"{""driver_number"": 44, ""session_key"": 11321}",0,http_429,"{""detail"":""Rate limit exceeded. Max 30 requests/minute."",""error"":""Too Many Requests""}",0.312
2026-07-17T03:40:39.826586Z,drivers,drivers_by_observed_driver_number,"{""driver_number"": 46, ""session_key"": 11321}",0,http_429,"{""detail"":""Rate limit exceeded. Max 30 requests/minute."",""error"":""Too Many Requests""}",0.304
2026-07-17T03:40:40.231286Z,drivers,drivers_by_observed_driver_number,"{""driver_number"": 50, ""session_key"": 11321}",0,http_429,"{""detail"":""Rate limit exceeded. Max 30 requests/minute."",""error"":""Too Many Requests""}",0.303
2026-07-17T03:40:40.638800Z,drivers,drivers_by_observed_driver_number,"{""driver_number"": 55, ""session_key"": 11321}",0,http_429,"{""detail"":""Rate limit exceeded. Max 30 requests/minute."",""error"":""Too Many Requests""}",0.306
2026-07-17T03:40:41.043568Z,drivers,drivers_by_observed_driver_number,"{""driver_number"": 63, ""session_key"": 11321}",0,http_429,"{""detail"":""Rate limit exceeded. Max 30 requests/minute."",""error"":""Too Many Requests""}",0.303
2026-07-17T03:40:41.453591Z,drivers,drivers_by_observed_driver_number,"{""driver_number"": 67, ""session_key"": 11321}",0,http_429,"{""detail"":""Rate limit exceeded. Max 30 requests/minute."",""error"":""Too Many Requests""}",0.309
2026-07-17T03:40:41.862682Z,drivers,drivers_by_observed_driver_number,"{""driver_number"": 72, ""session_key"": 11321}",0,http_429,"{""detail"":""Rate limit exceeded. Max 30 requests/minute."",""error"":""Too Many Requests""}",0.308
2026-07-17T03:40:42.269515Z,drivers,drivers_by_observed_driver_number,"{""driver_number"": 77, ""session_key"": 11321}",0,http_429,"{""detail"":""Rate limit exceeded. Max 30 requests/minute."",""error"":""Too Many Requests""}",0.306
2026-07-17T03:40:42.676395Z,drivers,drivers_by_observed_driver_number,"{""driver_number"": 81, ""session_key"": 11321}",0,http_429,"{""detail"":""Rate limit exceeded. Max 30 requests/minute."",""error"":""Too Many Requests""}",0.306
2026-07-17T03:40:43.081763Z,drivers,drivers_by_observed_driver_number,"{""driver_number"": 87, ""session_key"": 11321}",0,http_429,"{""detail"":""Rate limit exceeded. Max 30 requests/minute."",""error"":""Too Many Requests""}",0.304
2026-07-17T03:40:43.487586Z,drivers,drivers_by_observed_driver_number,"{""driver_number"": 90, ""session_key"": 11321}",0,http_429,"{""detail"":""Rate limit exceeded. Max 30 requests/minute."",""error"":""Too Many Requests""}",0.305
2026-07-17T03:40:43.892674Z,drivers,drivers_by_observed_driver_number,"{""driver_number"": 97, ""session_key"": 11321}",0,http_429,"{""detail"":""Rate limit exceeded. Max 30 requests/minute."",""error"":""Too Many Requests""}",0.304
2026-07-17T03:40:44.297886Z,drivers,drivers_by_observed_driver_number,"{""driver_number"": 241, ""session_key"": 11321}",0,http_429,"{""detail"":""Rate limit exceeded. Max 30 requests/minute."",""error"":""Too Many Requests""}",0.304
2026-07-17T03:40:44.704750Z,drivers,drivers_by_observed_driver_number,"{""driver_number"": 243, ""session_key"": 11321}",0,http_429,"{""detail"":""Rate limit exceeded. Max 30 requests/minute."",""error"":""Too Many Requests""}",0.306
2026-07-17T03:40:45.111459Z,drivers,drivers_by_observed_driver_number,"{""driver_number"": 247, ""session_key"": 11321}",0,http_429,"{""detail"":""Rate limit exceeded. Max 30 requests/minute."",""error"":""Too Many Requests""}",0.305
2026-07-17T03:40:45.518269Z,team_radio,team_radio_by_session_key_opportunistic,"{""session_key"": 11321}",0,http_429,"{""detail"":""Rate limit exceeded. Max 30 requests/minute."",""error"":""Too Many Requests""}",0.305
2026-07-17T03:40:45.924266Z,weather,weather_by_session_key,"{""session_key"": 11322}",0,http_429,"{""detail"":""Rate limit exceeded. Max 30 requests/minute."",""error"":""Too Many Requests""}",0.305
2026-07-17T03:40:46.329398Z,race_control,race_control_by_session_key,"{""session_key"": 11322}",0,http_429,"{""detail"":""Rate limit exceeded. Max 30 requests/minute."",""error"":""Too Many Requests""}",0.304
2026-07-17T03:40:46.735515Z,intervals,intervals_by_session_key,"{""session_key"": 11322}",0,http_429,"{""detail"":""Rate limit exceeded. Max 30 requests/minute."",""error"":""Too Many Requests""}",0.305
2026-07-17T03:40:47.148544Z,position,position_by_session_key,"{""session_key"": 11322}",0,http_429,"{""detail"":""Rate limit exceeded. Max 30 requests/minute."",""error"":""Too Many Requests""}",0.312
2026-07-17T03:40:47.556987Z,position,position_by_meeting_key_fallback,"{""meeting_key"": 1289}",0,http_429,"{""detail"":""Rate limit exceeded. Max 30 requests/minute."",""error"":""Too Many Requests""}",0.307
2026-07-17T03:40:47.963486Z,stints,stints_by_session_key,"{""session_key"": 11322}",0,http_429,"{""detail"":""Rate limit exceeded. Max 30 requests/minute."",""error"":""Too Many Requests""}",0.305
2026-07-17T03:40:48.064780Z,pit,skip_non_race_like_session,"{""session_key"": 11322}",0,skipped_not_applicable,pit endpoint is only treated as required for race/sprint-like sessions,0.0
2026-07-17T03:40:48.370451Z,starting_grid,starting_grid_by_session_key,"{""session_key"": 11322}",0,http_429,"{""detail"":""Rate limit exceeded. Max 30 requests/minute."",""error"":""Too Many Requests""}",0.305
2026-07-17T03:40:48.776298Z,drivers,drivers_by_session_key,"{""session_key"": 11322}",0,http_429,"{""detail"":""Rate limit exceeded. Max 30 requests/minute."",""error"":""Too Many Requests""}",0.305
2026-07-17T03:40:49.191595Z,drivers,drivers_by_observed_driver_number,"{""driver_number"": 1, ""session_key"": 11322}",0,http_429,"{""detail"":""Rate limit exceeded. Max 30 requests/minute."",""error"":""Too Many Requests""}",0.304
2026-07-17T03:40:49.596322Z,drivers,drivers_by_observed_driver_number,"{""driver_number"": 3, ""session_key"": 11322}",0,http_429,"{""detail"":""Rate limit exceeded. Max 30 requests/minute."",""error"":""Too Many Requests""}",0.303
2026-07-17T03:40:50.021120Z,drivers,drivers_by_observed_driver_number,"{""driver_number"": 5, ""session_key"": 11322}",0,http_429,"{""detail"":""Rate limit exceeded. Max 30 requests/minute."",""error"":""Too Many Requests""}",0.324
2026-07-17T03:40:50.426899Z,drivers,drivers_by_observed_driver_number,"{""driver_number"": 6, ""session_key"": 11322}",0,http_429,"{""detail"":""Rate limit exceeded. Max 30 requests/minute."",""error"":""Too Many Requests""}",0.305
2026-07-17T03:40:50.839409Z,drivers,drivers_by_observed_driver_number,"{""driver_number"": 10, ""session_key"": 11322}",0,http_429,"{""detail"":""Rate limit exceeded. Max 30 requests/minute."",""error"":""Too Many Requests""}",0.311
2026-07-17T03:40:51.243884Z,drivers,drivers_by_observed_driver_number,"{""driver_number"": 11, ""session_key"": 11322}",0,http_429,"{""detail"":""Rate limit exceeded. Max 30 requests/minute."",""error"":""Too Many Requests""}",0.303
2026-07-17T03:40:51.648267Z,drivers,drivers_by_observed_driver_number,"{""driver_number"": 12, ""session_key"": 11322}",0,http_429,"{""detail"":""Rate limit exceeded. Max 30 requests/minute."",""error"":""Too Many Requests""}",0.303
2026-07-17T03:40:52.054658Z,drivers,drivers_by_observed_driver_number,"{""driver_number"": 14, ""session_key"": 11322}",0,http_429,"{""detail"":""Rate limit exceeded. Max 30 requests/minute."",""error"":""Too Many Requests""}",0.305
2026-07-17T03:40:52.458290Z,drivers,drivers_by_observed_driver_number,"{""driver_number"": 16, ""session_key"": 11322}",0,http_429,"{""detail"":""Rate limit exceeded. Max 30 requests/minute."",""error"":""Too Many Requests""}",0.302
2026-07-17T03:40:52.862400Z,drivers,drivers_by_observed_driver_number,"{""driver_number"": 18, ""session_key"": 11322}",0,http_429,"{""detail"":""Rate limit exceeded. Max 30 requests/minute."",""error"":""Too Many Requests""}",0.303
2026-07-17T03:40:53.265948Z,drivers,drivers_by_observed_driver_number,"{""driver_number"": 23, ""session_key"": 11322}",0,http_429,"{""detail"":""Rate limit exceeded. Max 30 requests/minute."",""error"":""Too Many Requests""}",0.302
2026-07-17T03:40:53.670112Z,drivers,drivers_by_observed_driver_number,"{""driver_number"": 25, ""session_key"": 11322}",0,http_429,"{""detail"":""Rate limit exceeded. Max 30 requests/minute."",""error"":""Too Many Requests""}",0.303
2026-07-17T03:40:54.076121Z,drivers,drivers_by_observed_driver_number,"{""driver_number"": 27, ""session_key"": 11322}",0,http_429,"{""detail"":""Rate limit exceeded. Max 30 requests/minute."",""error"":""Too Many Requests""}",0.305
2026-07-17T03:40:54.481744Z,drivers,drivers_by_observed_driver_number,"{""driver_number"": 30, ""session_key"": 11322}",0,http_429,"{""detail"":""Rate limit exceeded. Max 30 requests/minute."",""error"":""Too Many Requests""}",0.304
2026-07-17T03:40:54.887124Z,drivers,drivers_by_observed_driver_number,"{""driver_number"": 31, ""session_key"": 11322}",0,http_429,"{""detail"":""Rate limit exceeded. Max 30 requests/minute."",""error"":""Too Many Requests""}",0.304
2026-07-17T03:40:55.302144Z,drivers,drivers_by_observed_driver_number,"{""driver_number"": 34, ""session_key"": 11322}",0,http_429,"{""detail"":""Rate limit exceeded. Max 30 requests/minute."",""error"":""Too Many Requests""}",0.314
2026-07-17T03:40:55.709690Z,drivers,drivers_by_observed_driver_number,"{""driver_number"": 36, ""session_key"": 11322}",0,http_429,"{""detail"":""Rate limit exceeded. Max 30 requests/minute."",""error"":""Too Many Requests""}",0.306
2026-07-17T03:40:56.114659Z,drivers,drivers_by_observed_driver_number,"{""driver_number"": 38, ""session_key"": 11322}",0,http_429,"{""detail"":""Rate limit exceeded. Max 30 requests/minute."",""error"":""Too Many Requests""}",0.304
2026-07-17T03:40:56.520197Z,drivers,drivers_by_observed_driver_number,"{""driver_number"": 41, ""session_key"": 11322}",0,http_429,"{""detail"":""Rate limit exceeded. Max 30 requests/minute."",""error"":""Too Many Requests""}",0.304
2026-07-17T03:40:56.927002Z,drivers,drivers_by_observed_driver_number,"{""driver_number"": 43, ""session_key"": 11322}",0,http_429,"{""detail"":""Rate limit exceeded. Max 30 requests/minute."",""error"":""Too Many Requests""}",0.305
2026-07-17T03:40:57.332001Z,drivers,drivers_by_observed_driver_number,"{""driver_number"": 44, ""session_key"": 11322}",0,http_429,"{""detail"":""Rate limit exceeded. Max 30 requests/minute."",""error"":""Too Many Requests""}",0.304
2026-07-17T03:40:57.738839Z,drivers,drivers_by_observed_driver_number,"{""driver_number"": 46, ""session_key"": 11322}",0,http_429,"{""detail"":""Rate limit exceeded. Max 30 requests/minute."",""error"":""Too Many Requests""}",0.306
2026-07-17T03:40:58.143070Z,drivers,drivers_by_observed_driver_number,"{""driver_number"": 50, ""session_key"": 11322}",0,http_429,"{""detail"":""Rate limit exceeded. Max 30 requests/minute."",""error"":""Too Many Requests""}",0.303
2026-07-17T03:40:58.552446Z,drivers,drivers_by_observed_driver_number,"{""driver_number"": 55, ""session_key"": 11322}",0,http_429,"{""detail"":""Rate limit exceeded. Max 30 requests/minute."",""error"":""Too Many Requests""}",0.308
2026-07-17T03:40:58.957408Z,drivers,drivers_by_observed_driver_number,"{""driver_number"": 63, ""session_key"": 11322}",0,http_429,"{""detail"":""Rate limit exceeded. Max 30 requests/minute."",""error"":""Too Many Requests""}",0.304
2026-07-17T03:40:59.362992Z,drivers,drivers_by_observed_driver_number,"{""driver_number"": 67, ""session_key"": 11322}",0,http_429,"{""detail"":""Rate limit exceeded. Max 30 requests/minute."",""error"":""Too Many Requests""}",0.304
2026-07-17T03:40:59.767553Z,drivers,drivers_by_observed_driver_number,"{""driver_number"": 72, ""session_key"": 11322}",0,http_429,"{""detail"":""Rate limit exceeded. Max 30 requests/minute."",""error"":""Too Many Requests""}",0.303
2026-07-17T03:41:00.180719Z,drivers,drivers_by_observed_driver_number,"{""driver_number"": 77, ""session_key"": 11322}",2,pass,,0.312
2026-07-17T03:41:00.596613Z,drivers,drivers_by_observed_driver_number,"{""driver_number"": 81, ""session_key"": 11322}",2,pass,,0.315
2026-07-17T03:41:01.002795Z,drivers,drivers_by_observed_driver_number,"{""driver_number"": 87, ""session_key"": 11322}",2,pass,,0.305
2026-07-17T03:41:01.409010Z,drivers,drivers_by_observed_driver_number,"{""driver_number"": 90, ""session_key"": 11322}",0,http_404,"{""detail"":""No results found.""}",0.305
2026-07-17T03:41:01.820486Z,drivers,drivers_by_observed_driver_number,"{""driver_number"": 97, ""session_key"": 11322}",0,http_404,"{""detail"":""No results found.""}",0.31
2026-07-17T03:41:02.226738Z,drivers,drivers_by_observed_driver_number,"{""driver_number"": 241, ""session_key"": 11322}",0,http_404,"{""detail"":""No results found.""}",0.305
2026-07-17T03:41:02.632198Z,drivers,drivers_by_observed_driver_number,"{""driver_number"": 243, ""session_key"": 11322}",0,http_404,"{""detail"":""No results found.""}",0.304
2026-07-17T03:41:03.040807Z,drivers,drivers_by_observed_driver_number,"{""driver_number"": 247, ""session_key"": 11322}",0,http_404,"{""detail"":""No results found.""}",0.307
2026-07-17T03:41:03.450076Z,team_radio,team_radio_by_session_key_opportunistic,"{""session_key"": 11322}",12,pass,,0.306
2026-07-17T03:41:03.862835Z,weather,weather_by_session_key,"{""session_key"": 11326}",156,pass,,0.311
2026-07-17T03:41:04.282188Z,race_control,race_control_by_session_key,"{""session_key"": 11326}",250,pass,,0.317
2026-07-17T03:41:06.145188Z,intervals,intervals_by_session_key,"{""session_key"": 11326}",28253,pass,,1.761
2026-07-17T03:41:06.580130Z,position,position_by_session_key,"{""session_key"": 11326}",467,pass,,0.33
2026-07-17T03:41:06.994545Z,stints,stints_by_session_key,"{""session_key"": 11326}",73,pass,,0.312
2026-07-17T03:41:07.406185Z,pit,pit_by_session_key,"{""session_key"": 11326}",51,pass,,0.31
2026-07-17T03:41:07.813036Z,starting_grid,starting_grid_by_session_key,"{""session_key"": 11326}",0,http_404,"{""detail"":""No results found.""}",0.305
2026-07-17T03:41:08.220318Z,drivers,drivers_by_session_key,"{""session_key"": 11326}",22,pass,,0.306
2026-07-17T03:41:08.631190Z,team_radio,team_radio_by_session_key_opportunistic,"{""session_key"": 11326}",20,pass,,0.309
