date,session_key,driver_number,meeting_key,interval,gap_to_leader
2026-08-22T09:18:59.025000+00:00,11348,63,1292,0.0,0.0
2026-08-22T09:18:59.796000+00:00,11348,63,1292,0.0,0.0
2026-08-22T10:03:12.576000+00:00,11348,87,1292,0.631,
2026-08-22T10:03:12.935000+00:00,11348,18,1292,0.478,
2026-08-22T10:03:13.529000+00:00,11348,77,1292,0.638,
2026-08-22T10:03:15.936000+00:00,11348,1,1292,0.227,0.227
2026-08-22T10:03:16.086000+00:00,11348,16,1292,0.179,0.406
2026-08-22T10:03:16.151000+00:00,11348,81,1292,0.058,0.464
2026-08-22T10:03:16.391000+00:00,11348,3,1292,,0.71
2026-08-22T10:03:16.425000+00:00,11348,12,1292,0.27,0.734
2026-08-22T10:03:16.612000+00:00,11348,44,1292,0.233,0.943
2026-08-22T10:03:16.612000+00:00,11348,10,1292,,0.941
2026-08-22T10:03:16.875000+00:00,11348,5,1292,0.228,1.169
2026-08-22T10:03:17.084000+00:00,11348,41,1292,0.163,1.332
2026-08-22T10:03:17.139000+00:00,11348,22,1292,,1.458
2026-08-22T10:03:17.156000+00:00,11348,30,1292,0.133,1.465
2026-08-22T10:03:17.359000+00:00,11348,43,1292,0.21,1.668
2026-08-22T10:03:17.469000+00:00,11348,23,1292,,1.802
2026-08-22T10:03:17.469000+00:00,11348,31,1292,,1.801
2026-08-22T10:03:17.543000+00:00,11348,27,1292,0.195,1.863
2026-08-22T10:03:17.807000+00:00,11348,87,1292,0.307,2.109
2026-08-22T10:03:17.970000+00:00,11348,18,1292,0.192,2.301
2026-08-22T10:03:18.313000+00:00,11348,1,1292,0.238,0.238
2026-08-22T10:03:18.491000+00:00,11348,77,1292,0.503,2.804
2026-08-22T10:03:18.641000+00:00,11348,16,1292,0.266,0.504
2026-08-22T10:03:18.864000+00:00,11348,81,1292,0.212,0.716
2026-08-22T10:03:19.091000+00:00,11348,12,1292,0.11,0.826
2026-08-22T10:03:19.172000+00:00,11348,3,1292,0.104,0.93
2026-08-22T10:03:19.463000+00:00,11348,44,1292,0.25,1.18
2026-08-22T10:03:19.794000+00:00,11348,10,1292,0.281,1.461
2026-08-22T10:03:19.827000+00:00,11348,5,1292,0.021,1.482
2026-08-22T10:03:20.160000+00:00,11348,30,1292,0.348,1.83
2026-08-22T10:03:20.250000+00:00,11348,41,1292,0.276,1.758
2026-08-22T10:03:20.369000+00:00,11348,22,1292,0.214,2.044
2026-08-22T10:03:20.448000+00:00,11348,43,1292,0.069,2.113
2026-08-22T10:03:20.512000+00:00,11348,31,1292,0.073,2.186
2026-08-22T10:03:20.754000+00:00,11348,27,1292,,2.397
2026-08-22T10:03:20.763000+00:00,11348,23,1292,0.204,2.39
2026-08-22T10:03:20.912000+00:00,11348,87,1292,0.184,2.581
2026-08-22T10:03:21.251000+00:00,11348,18,1292,0.353,2.934
2026-08-22T10:03:21.458000+00:00,11348,77,1292,0.196,3.13
2026-08-22T10:03:23.582000+00:00,11348,1,1292,0.257,0.257
2026-08-22T10:03:24.014000+00:00,11348,16,1292,0.373,0.63
2026-08-22T10:03:24.269000+00:00,11348,12,1292,0.231,0.861
2026-08-22T10:03:24.412000+00:00,11348,81,1292,0.165,1.026
2026-08-22T10:03:24.612000+00:00,11348,3,1292,0.23,1.256
2026-08-22T10:03:24.849000+00:00,11348,44,1292,0.262,1.518
2026-08-22T10:03:25.106000+00:00,11348,10,1292,0.224,1.742
2026-08-22T10:03:25.306000+00:00,11348,5,1292,0.186,1.928
2026-08-22T10:03:25.526000+00:00,11348,41,1292,0.179,2.107
2026-08-22T10:03:25.569000+00:00,11348,30,1292,0.047,2.154
2026-08-22T10:03:25.840000+00:00,11348,43,1292,0.359,2.513
2026-08-22T10:03:25.972000+00:00,11348,22,1292,0.125,2.638
2026-08-22T10:03:26.212000+00:00,11348,1,1292,0.3,0.3
2026-08-22T10:03:26.241000+00:00,11348,31,1292,0.245,2.883
2026-08-22T10:03:26.385000+00:00,11348,23,1292,0.099,2.982
2026-08-22T10:03:26.469000+00:00,11348,27,1292,0.13,3.112
2026-08-22T10:03:26.633000+00:00,11348,87,1292,0.089,3.201
2026-08-22T10:03:26.662000+00:00,11348,16,1292,0.389,0.689
2026-08-22T10:03:26.773000+00:00,11348,18,1292,0.189,3.39
2026-08-22T10:03:26.826000+00:00,11348,12,1292,0.194,0.883
2026-08-22T10:03:26.891000+00:00,11348,77,1292,0.137,3.527
2026-08-22T10:03:27.050000+00:00,11348,81,1292,0.241,1.124
2026-08-22T10:03:27.388000+00:00,11348,3,1292,0.267,1.391
2026-08-22T10:03:27.606000+00:00,11348,44,1292,0.292,1.683
2026-08-22T10:03:27.950000+00:00,11348,10,1292,0.282,1.965
2026-08-22T10:03:28.123000+00:00,11348,5,1292,0.201,2.166
2026-08-22T10:03:28.216000+00:00,11348,41,1292,0.083,2.249
2026-08-22T10:03:28.294000+00:00,11348,30,1292,0.09,2.339
2026-08-22T10:03:28.575000+00:00,11348,43,1292,0.318,2.657
2026-08-22T10:03:28.794000+00:00,11348,22,1292,0.235,2.892
2026-08-22T10:03:29.310000+00:00,11348,31,1292,0.29,3.182
2026-08-22T10:03:29.466000+00:00,11348,1,1292,0.325,0.325
2026-08-22T10:03:29.513000+00:00,11348,87,1292,0.195,3.377
2026-08-22T10:03:29.513000+00:00,11348,23,1292,0.03,3.407
2026-08-22T10:03:29.606000+00:00,11348,27,1292,0.177,3.584
2026-08-22T10:03:29.794000+00:00,11348,16,1292,0.379,0.704
2026-08-22T10:03:29.872000+00:00,11348,18,1292,0.253,3.837
2026-08-22T10:03:29.950000+00:00,11348,77,1292,0.158,3.995
2026-08-22T10:03:30.060000+00:00,11348,12,1292,0.291,0.995
2026-08-22T10:03:30.403000+00:00,11348,81,1292,0.291,1.286
2026-08-22T10:03:30.638000+00:00,11348,3,1292,0.274,1.56
2026-08-22T10:03:30.997000+00:00,11348,44,1292,0.332,1.892
2026-08-22T10:03:31.326000+00:00,11348,10,1292,0.367,2.259
2026-08-22T10:03:31.653000+00:00,11348,5,1292,0.32,2.579
2026-08-22T10:03:31.888000+00:00,11348,41,1292,0.226,2.805
2026-08-22T10:03:31.919000+00:00,11348,30,1292,0.012,2.817
2026-08-22T10:03:32.216000+00:00,11348,43,1292,0.348,3.165
2026-08-22T10:03:32.497000+00:00,11348,22,1292,0.261,3.426
2026-08-22T10:03:32.794000+00:00,11348,31,1292,0.291,3.717
2026-08-22T10:03:32.950000+00:00,11348,87,1292,0.157,3.874
2026-08-22T10:03:33.138000+00:00,11348,23,1292,0.171,4.045
2026-08-22T10:03:33.294000+00:00,11348,27,1292,0.169,4.214
2026-08-22T10:03:33.497000+00:00,11348,55,1292,6.619,10.146
2026-08-22T10:03:33.606000+00:00,11348,18,1292,0.333,4.547
2026-08-22T10:03:33.841000+00:00,11348,1,1292,0.535,0.535
2026-08-22T10:03:33.877000+00:00,11348,14,1292,0.412,10.558
2026-08-22T10:03:33.970000+00:00,11348,77,1292,0.304,4.851
2026-08-22T10:03:34.217000+00:00,11348,16,1292,0.368,0.903
2026-08-22T10:03:34.625000+00:00,11348,12,1292,0.407,1.31
2026-08-22T10:03:34.877000+00:00,11348,81,1292,0.256,1.566
2026-08-22T10:03:35.143000+00:00,11348,3,1292,0.283,1.849
2026-08-22T10:03:35.671000+00:00,11348,44,1292,0.513,2.362
2026-08-22T10:03:36.060000+00:00,11348,10,1292,0.386,2.748
2026-08-22T10:03:36.292000+00:00,11348,55,1292,6.388,10.383
2026-08-22T10:03:36.412000+00:00,11348,5,1292,0.328,3.076
2026-08-22T10:03:36.623000+00:00,11348,41,1292,0.221,3.297
2026-08-22T10:03:36.662000+00:00,11348,30,1292,0.018,3.315
2026-08-22T10:03:36.725000+00:00,11348,14,1292,0.397,10.78
2026-08-22T10:03:36.991000+00:00,11348,43,1292,0.345,3.66
2026-08-22T10:03:37.226000+00:00,11348,22,1292,0.255,3.915
2026-08-22T10:03:37.569000+00:00,11348,31,1292,0.352,4.267
2026-08-22T10:03:37.593000+00:00,11348,1,1292,0.671,0.671
2026-08-22T10:03:37.700000+00:00,11348,87,1292,0.109,4.376
2026-08-22T10:03:37.808000+00:00,11348,16,1292,0.211,0.882
2026-08-22T10:03:37.958000+00:00,11348,23,1292,0.262,4.638
2026-08-22T10:03:38.142000+00:00,11348,27,1292,0.182,4.82
2026-08-22T10:03:38.241000+00:00,11348,12,1292,0.446,1.328
2026-08-22T10:03:38.291000+00:00,11348,18,1292,0.17,4.99
2026-08-22T10:03:38.525000+00:00,11348,81,1292,0.28,1.608
2026-08-22T10:03:38.845000+00:00,11348,77,1292,0.56,5.55
2026-08-22T10:03:38.892000+00:00,11348,3,1292,0.338,1.946
2026-08-22T10:03:39.370000+00:00,11348,44,1292,0.506,2.452
2026-08-22T10:03:39.599000+00:00,11348,55,1292,5.653,10.504
2026-08-22T10:03:39.745000+00:00,11348,10,1292,0.388,2.84
2026-08-22T10:03:39.829000+00:00,11348,14,1292,0.255,10.759
2026-08-22T10:03:40.070000+00:00,11348,5,1292,0.299,3.139
2026-08-22T10:03:40.405000+00:00,11348,41,1292,0.338,3.477
2026-08-22T10:03:40.461000+00:00,11348,30,1292,0.037,3.514
2026-08-22T10:03:40.668000+00:00,11348,43,1292,0.24,3.754
2026-08-22T10:03:40.752000+00:00,11348,1,1292,0.659,0.659
2026-08-22T10:03:40.877000+00:00,11348,16,1292,0.158,0.817
2026-08-22T10:03:40.969000+00:00,11348,22,1292,0.291,4.045
2026-08-22T10:03:41.291000+00:00,11348,31,1292,0.319,4.364
2026-08-22T10:03:41.353000+00:00,11348,12,1292,0.485,1.302
2026-08-22T10:03:41.525000+00:00,11348,87,1292,0.21,4.574
2026-08-22T10:03:41.641000+00:00,11348,81,1292,0.27,1.572
2026-08-22T10:03:41.641000+00:00,11348,23,1292,0.142,4.716
2026-08-22T10:03:41.943000+00:00,11348,1,1292,0.606,0.606
2026-08-22T10:03:41.970000+00:00,11348,27,1292,0.287,5.003
2026-08-22T10:03:42.030000+00:00,11348,3,1292,0.377,1.949
2026-08-22T10:03:42.072000+00:00,11348,16,1292,0.209,0.815
2026-08-22T10:03:42.104000+00:00,11348,18,1292,0.188,5.191
2026-08-22T10:03:42.523000+00:00,11348,44,1292,0.514,2.463
2026-08-22T10:03:42.527000+00:00,11348,12,1292,0.467,1.282
2026-08-22T10:03:42.755000+00:00,11348,77,1292,0.631,5.822
2026-08-22T10:03:42.809000+00:00,11348,81,1292,0.258,1.54
2026-08-22T10:03:42.873000+00:00,11348,10,1292,0.36,2.823
2026-08-22T10:03:43.163000+00:00,11348,5,1292,0.267,3.09
2026-08-22T10:03:43.212000+00:00,11348,3,1292,0.41,1.95
2026-08-22T10:03:43.542000+00:00,11348,41,1292,0.357,3.447
2026-08-22T10:03:43.642000+00:00,11348,30,1292,0.127,3.574
2026-08-22T10:03:43.695000+00:00,11348,44,1292,0.481,2.431
2026-08-22T10:03:43.894000+00:00,11348,43,1292,0.236,3.81
2026-08-22T10:03:44.212000+00:00,11348,55,1292,5.188,10.738
2026-08-22T10:03:44.305000+00:00,11348,10,1292,0.423,2.854
2026-08-22T10:03:44.329000+00:00,11348,22,1292,0.31,4.12
2026-08-22T10:03:44.380000+00:00,11348,5,1292,0.229,3.083
2026-08-22T10:03:44.493000+00:00,11348,31,1292,0.304,4.424
2026-08-22T10:03:44.545000+00:00,11348,14,1292,0.473,11.211
2026-08-22T10:03:44.626000+00:00,11348,87,1292,0.158,4.582
2026-08-22T10:03:44.692000+00:00,11348,41,1292,0.334,3.417
2026-08-22T10:03:44.854000+00:00,11348,23,1292,0.212,4.794
2026-08-22T10:03:44.854000+00:00,11348,30,1292,0.183,3.6
2026-08-22T10:03:45.149000+00:00,11348,43,1292,0.254,3.854
2026-08-22T10:03:45.161000+00:00,11348,27,1292,0.278,5.072
2026-08-22T10:03:45.380000+00:00,11348,18,1292,0.248,5.32
2026-08-22T10:03:45.412000+00:00,11348,22,1292,0.282,4.136
2026-08-22T10:03:45.412000+00:00,11348,1,1292,0.715,0.715
2026-08-22T10:03:45.750000+00:00,11348,16,1292,0.288,1.003
2026-08-22T10:03:45.795000+00:00,11348,31,1292,0.35,4.486
2026-08-22T10:03:45.973000+00:00,11348,77,1292,0.591,5.911
2026-08-22T10:03:45.988000+00:00,11348,87,1292,0.184,4.67
2026-08-22T10:03:46.053000+00:00,11348,12,1292,0.378,1.381
2026-08-22T10:03:46.189000+00:00,11348,23,1292,0.23,4.9
2026-08-22T10:03:46.361000+00:00,11348,27,1292,0.188,5.088
2026-08-22T10:03:46.408000+00:00,11348,81,1292,0.29,1.671
2026-08-22T10:03:46.783000+00:00,11348,18,1292,0.344,5.432
2026-08-22T10:03:46.876000+00:00,11348,3,1292,0.465,2.136
2026-08-22T10:03:47.220000+00:00,11348,77,1292,0.521,5.953
2026-08-22T10:03:47.376000+00:00,11348,44,1292,0.502,2.638
2026-08-22T10:03:47.720000+00:00,11348,55,1292,4.986,10.808
2026-08-22T10:03:47.892000+00:00,11348,10,1292,0.533,3.171
2026-08-22T10:03:48.091000+00:00,11348,5,1292,0.234,3.405
2026-08-22T10:03:48.312000+00:00,11348,14,1292,0.578,11.386
2026-08-22T10:03:48.543000+00:00,11348,41,1292,0.422,3.827
2026-08-22T10:03:48.735000+00:00,11348,30,1292,0.205,4.032
2026-08-22T10:03:49.012000+00:00,11348,43,1292,0.261,4.293
2026-08-22T10:03:49.294000+00:00,11348,22,1292,0.318,4.611
2026-08-22T10:03:49.440000+00:00,11348,1,1292,0.826,0.826
2026-08-22T10:03:49.569000+00:00,11348,31,1292,0.261,4.872
2026-08-22T10:03:49.732000+00:00,11348,16,1292,0.275,1.101
2026-08-22T10:03:49.822000+00:00,11348,87,1292,0.258,5.13
2026-08-22T10:03:50.144000+00:00,11348,12,1292,0.393,1.494
2026-08-22T10:03:50.160000+00:00,11348,23,1292,0.323,5.453
2026-08-22T10:03:50.412000+00:00,11348,81,1292,0.285,1.779
2026-08-22T10:03:50.446000+00:00,11348,27,1292,0.309,5.762
2026-08-22T10:03:50.767000+00:00,11348,18,1292,0.289,6.051
2026-08-22T10:03:50.798000+00:00,11348,3,1292,0.417,2.196
2026-08-22T10:03:50.869000+00:00,11348,55,1292,4.883,10.794
2026-08-22T10:03:51.203000+00:00,11348,77,1292,0.454,6.505
2026-08-22T10:03:51.409000+00:00,11348,44,1292,0.594,2.79
2026-08-22T10:03:51.487000+00:00,11348,14,1292,0.631,11.425
2026-08-22T10:03:51.950000+00:00,11348,10,1292,0.519,3.309
2026-08-22T10:03:52.031000+00:00,11348,55,1292,4.827,10.78
2026-08-22T10:03:52.269000+00:00,11348,5,1292,0.337,3.646
2026-08-22T10:03:52.634000+00:00,11348,41,1292,0.349,3.995
2026-08-22T10:03:52.645000+00:00,11348,1,1292,0.883,0.883
2026-08-22T10:03:52.725000+00:00,11348,14,1292,0.681,11.461
2026-08-22T10:03:52.896000+00:00,11348,30,1292,0.265,4.26
2026-08-22T10:03:53.086000+00:00,11348,16,1292,0.414,1.297
2026-08-22T10:03:53.324000+00:00,11348,43,1292,0.425,4.685
2026-08-22T10:03:53.459000+00:00,11348,12,1292,0.388,1.685
2026-08-22T10:03:53.592000+00:00,11348,22,1292,0.288,4.973
2026-08-22T10:03:53.760000+00:00,11348,81,1292,0.297,1.982
2026-08-22T10:03:53.905000+00:00,11348,31,1292,0.321,5.294
2026-08-22T10:03:54.169000+00:00,11348,87,1292,0.253,5.547
2026-08-22T10:03:54.244000+00:00,11348,3,1292,0.431,2.413
2026-08-22T10:03:54.594000+00:00,11348,23,1292,0.414,5.961
2026-08-22T10:03:54.809000+00:00,11348,44,1292,0.606,3.019
2026-08-22T10:03:54.851000+00:00,11348,27,1292,0.28,6.241
2026-08-22T10:03:55.109000+00:00,11348,18,1292,0.241,6.482
2026-08-22T10:03:55.285000+00:00,11348,10,1292,0.491,3.51
2026-08-22T10:03:55.566000+00:00,11348,77,1292,0.445,6.927
2026-08-22T10:03:55.566000+00:00,11348,55,1292,4.363,10.868
2026-08-22T10:03:55.629000+00:00,11348,5,1292,0.344,3.854
2026-08-22T10:03:56.097000+00:00,11348,41,1292,0.465,4.319
2026-08-22T10:03:56.254000+00:00,11348,14,1292,0.71,11.578
2026-08-22T10:03:56.379000+00:00,11348,30,1292,0.271,4.59
2026-08-22T10:03:56.738000+00:00,11348,43,1292,0.384,4.974
2026-08-22T10:03:56.988000+00:00,11348,1,1292,0.941,0.941
2026-08-22T10:03:57.035000+00:00,11348,22,1292,0.298,5.272
2026-08-22T10:03:57.426000+00:00,11348,31,1292,0.387,5.659
2026-08-22T10:03:57.613000+00:00,11348,16,1292,0.595,1.536
2026-08-22T10:03:57.769000+00:00,11348,87,1292,0.324,5.983
2026-08-22T10:03:57.894000+00:00,11348,12,1292,0.305,1.841
2026-08-22T10:03:58.051000+00:00,11348,23,1292,0.306,6.289
2026-08-22T10:03:58.379000+00:00,11348,81,1292,0.478,2.319
2026-08-22T10:03:58.394000+00:00,11348,27,1292,0.354,6.643
2026-08-22T10:03:58.724000+00:00,11348,3,1292,0.306,2.625
2026-08-22T10:03:58.724000+00:00,11348,18,1292,0.274,6.917
2026-08-22T10:03:59.191000+00:00,11348,77,1292,0.506,7.423
2026-08-22T10:03:59.363000+00:00,11348,44,1292,0.669,3.294
2026-08-22T10:03:59.629000+00:00,11348,55,1292,4.077,11.004
2026-08-22T10:03:59.847000+00:00,11348,1,1292,1.071,1.071
2026-08-22T10:03:59.847000+00:00,11348,10,1292,0.531,3.825
2026-08-22T10:04:00.207000+00:00,11348,14,1292,0.577,11.581
2026-08-22T10:04:00.269000+00:00,11348,5,1292,0.393,4.218
2026-08-22T10:04:00.457000+00:00,11348,16,1292,0.588,1.659
2026-08-22T10:04:00.660000+00:00,11348,12,1292,0.219,1.878
2026-08-22T10:04:00.863000+00:00,11348,41,1292,0.603,4.821
2026-08-22T10:04:01.019000+00:00,11348,30,1292,0.155,4.976
2026-08-22T10:04:01.191000+00:00,11348,81,1292,0.539,2.417
2026-08-22T10:04:01.457000+00:00,11348,3,1292,0.266,2.683
2026-08-22T10:04:01.504000+00:00,11348,43,1292,0.485,5.461
2026-08-22T10:04:01.894000+00:00,11348,22,1292,0.358,5.819
2026-08-22T10:04:02.238000+00:00,11348,31,1292,0.381,6.2
2026-08-22T10:04:02.285000+00:00,11348,44,1292,0.83,3.513
2026-08-22T10:04:02.582000+00:00,11348,87,1292,0.294,6.494
2026-08-22T10:04:02.738000+00:00,11348,1,1292,1.162,1.162
2026-08-22T10:04:02.805000+00:00,11348,10,1292,0.519,4.032
2026-08-22T10:04:02.972000+00:00,11348,55,1292,3.799,11.222
2026-08-22T10:04:03.004000+00:00,11348,23,1292,0.49,6.984
2026-08-22T10:04:03.254000+00:00,11348,5,1292,0.448,4.48
2026-08-22T10:04:03.363000+00:00,11348,16,1292,0.646,1.808
2026-08-22T10:04:03.414000+00:00,11348,27,1292,0.327,7.311
2026-08-22T10:04:03.588000+00:00,11348,14,1292,0.587,11.809
2026-08-22T10:04:03.776000+00:00,11348,41,1292,0.409,4.889
2026-08-22T10:04:03.869000+00:00,11348,18,1292,0.378,7.689
2026-08-22T10:04:03.894000+00:00,11348,12,1292,0.461,2.269
2026-08-22T10:04:03.915000+00:00,11348,30,1292,0.161,5.05
2026-08-22T10:04:04.025000+00:00,11348,77,1292,0.279,7.968
2026-08-22T10:04:04.212000+00:00,11348,81,1292,0.382,2.651
2026-08-22T10:04:04.491000+00:00,11348,43,1292,0.639,5.689
2026-08-22T10:04:04.625000+00:00,11348,3,1292,0.388,3.039
2026-08-22T10:04:04.751000+00:00,11348,22,1292,0.299,5.988
2026-08-22T10:04:05.178000+00:00,11348,44,1292,0.583,3.622
2026-08-22T10:04:05.335000+00:00,11348,31,1292,0.537,6.525
2026-08-22T10:04:05.678000+00:00,11348,87,1292,0.401,6.926
2026-08-22T10:04:05.850000+00:00,11348,10,1292,0.653,4.275
2026-08-22T10:04:06.069000+00:00,11348,23,1292,0.366,7.292
2026-08-22T10:04:06.288000+00:00,11348,5,1292,0.429,4.704
2026-08-22T10:04:06.366000+00:00,11348,27,1292,0.305,7.597
2026-08-22T10:04:06.788000+00:00,11348,18,1292,0.404,8.001
2026-08-22T10:04:07.038000+00:00,11348,41,1292,0.762,5.466
2026-08-22T10:04:07.085000+00:00,11348,30,1292,0.035,5.501
2026-08-22T10:04:07.288000+00:00,11348,77,1292,0.482,8.483
2026-08-22T10:04:07.553000+00:00,11348,55,1292,3.488,11.456
2026-08-22T10:04:07.678000+00:00,11348,1,1292,1.157,1.157
2026-08-22T10:04:07.694000+00:00,11348,43,1292,0.628,6.129
2026-08-22T10:04:08.069000+00:00,11348,22,1292,0.364,6.493
2026-08-22T10:04:08.116000+00:00,11348,14,1292,0.602,12.058
2026-08-22T10:04:08.335000+00:00,11348,31,1292,0.297,6.79
2026-08-22T10:04:08.366000+00:00,11348,16,1292,0.667,1.824
2026-08-22T10:04:08.835000+00:00,11348,87,1292,0.472,7.262
2026-08-22T10:04:08.866000+00:00,11348,12,1292,0.498,2.322
2026-08-22T10:04:09.303000+00:00,11348,81,1292,0.399,2.721
2026-08-22T10:04:09.303000+00:00,11348,23,1292,0.484,7.746
2026-08-22T10:04:09.445000+00:00,11348,3,1292,0.191,2.912
2026-08-22T10:04:09.727000+00:00,11348,27,1292,0.406,8.152
2026-08-22T10:04:09.928000+00:00,11348,18,1292,0.183,8.335
2026-08-22T10:04:10.185000+00:00,11348,44,1292,0.733,3.645
2026-08-22T10:04:10.491000+00:00,11348,55,1292,3.226,11.709
2026-08-22T10:04:10.491000+00:00,11348,77,1292,0.578,8.913
2026-08-22T10:04:10.545000+00:00,11348,1,1292,1.234,1.234
2026-08-22T10:04:10.842000+00:00,11348,10,1292,0.663,4.308
2026-08-22T10:04:11.052000+00:00,11348,14,1292,0.569,12.278
2026-08-22T10:04:11.181000+00:00,11348,16,1292,0.625,1.859
2026-08-22T10:04:11.412000+00:00,11348,5,1292,0.565,4.873
2026-08-22T10:04:11.773000+00:00,11348,12,1292,0.557,2.416
2026-08-22T10:04:11.991000+00:00,11348,41,1292,0.559,5.432
2026-08-22T10:04:12.069000+00:00,11348,30,1292,0.101,5.533
2026-08-22T10:04:12.141000+00:00,11348,81,1292,0.39,2.806
2026-08-22T10:04:12.470000+00:00,11348,3,1292,0.311,3.117
2026-08-22T10:04:12.752000+00:00,11348,43,1292,0.685,6.218
2026-08-22T10:04:13.127000+00:00,11348,22,1292,0.376,6.594
2026-08-22T10:04:13.187000+00:00,11348,44,1292,0.734,3.851
2026-08-22T10:04:13.487000+00:00,11348,31,1292,0.337,6.931
2026-08-22T10:04:13.492000+00:00,11348,55,1292,3.027,11.94
2026-08-22T10:04:13.805000+00:00,11348,10,1292,0.615,4.466
2026-08-22T10:04:13.821000+00:00,11348,87,1292,0.354,7.285
2026-08-22T10:04:13.992000+00:00,11348,14,1292,0.509,12.449
2026-08-22T10:04:14.336000+00:00,11348,5,1292,0.557,5.023
2026-08-22T10:04:14.367000+00:00,11348,23,1292,0.539,7.824
2026-08-22T10:04:14.774000+00:00,11348,27,1292,0.402,8.226
2026-08-22T10:04:14.789000+00:00,11348,41,1292,0.429,5.452
2026-08-22T10:04:15.039000+00:00,11348,18,1292,0.276,8.502
2026-08-22T10:04:15.164000+00:00,11348,30,1292,0.376,5.828
2026-08-22T10:04:15.617000+00:00,11348,77,1292,0.569,9.071
2026-08-22T10:04:15.617000+00:00,11348,1,1292,1.224,1.224
2026-08-22T10:04:15.952000+00:00,11348,43,1292,0.788,6.616
2026-08-22T10:04:16.326000+00:00,11348,16,1292,0.703,1.927
2026-08-22T10:04:16.376000+00:00,11348,22,1292,0.422,7.038
2026-08-22T10:04:16.809000+00:00,11348,31,1292,0.431,7.469
2026-08-22T10:04:16.870000+00:00,11348,12,1292,0.545,2.472
2026-08-22T10:04:17.295000+00:00,11348,87,1292,0.498,7.967
2026-08-22T10:04:17.391000+00:00,11348,81,1292,0.54,3.012
2026-08-22T10:04:17.743000+00:00,11348,23,1292,0.429,8.396
2026-08-22T10:04:17.809000+00:00,11348,3,1292,0.403,3.415
2026-08-22T10:04:18.067000+00:00,11348,27,1292,0.347,8.743
2026-08-22T10:04:18.326000+00:00,11348,44,1292,0.516,3.931
2026-08-22T10:04:18.454000+00:00,11348,18,1292,0.387,9.13
2026-08-22T10:04:18.596000+00:00,11348,55,1292,2.992,12.063
2026-08-22T10:04:18.876000+00:00,11348,77,1292,0.421,9.551
2026-08-22T10:04:18.985000+00:00,11348,10,1292,0.632,4.563
2026-08-22T10:04:19.116000+00:00,11348,14,1292,0.518,12.581
2026-08-22T10:04:19.513000+00:00,11348,1,1292,1.185,1.185
2026-08-22T10:04:19.593000+00:00,11348,5,1292,0.62,5.183
2026-08-22T10:04:20.226000+00:00,11348,16,1292,0.722,1.907
2026-08-22T10:04:20.522000+00:00,11348,41,1292,0.905,6.088
2026-08-22T10:04:20.694000+00:00,11348,30,1292,0.207,6.295
2026-08-22T10:04:20.804000+00:00,11348,12,1292,0.579,2.486
2026-08-22T10:04:21.241000+00:00,11348,43,1292,0.551,6.846
2026-08-22T10:04:21.366000+00:00,11348,81,1292,0.568,3.054
2026-08-22T10:04:21.462000+00:00,11348,55,1292,2.576,12.127
2026-08-22T10:04:21.694000+00:00,11348,22,1292,0.458,7.304
2026-08-22T10:04:21.742000+00:00,11348,3,1292,0.37,3.424
2026-08-22T10:04:21.976000+00:00,11348,14,1292,0.522,12.649
2026-08-22T10:04:22.147000+00:00,11348,31,1292,0.445,7.749
2026-08-22T10:04:22.304000+00:00,11348,44,1292,0.573,3.997
2026-08-22T10:04:22.729000+00:00,11348,87,1292,0.585,8.334
2026-08-22T10:04:22.986000+00:00,11348,10,1292,0.681,4.678
2026-08-22T10:04:23.149000+00:00,11348,23,1292,0.417,8.751
2026-08-22T10:04:23.558000+00:00,11348,5,1292,0.579,5.257
2026-08-22T10:04:23.577000+00:00,11348,27,1292,0.428,9.179
2026-08-22T10:04:23.641000+00:00,11348,1,1292,1.171,1.171
2026-08-22T10:04:23.907000+00:00,11348,18,1292,0.337,9.516
2026-08-22T10:04:24.314000+00:00,11348,16,1292,0.7,1.871
2026-08-22T10:04:24.326000+00:00,11348,77,1292,0.423,9.939
2026-08-22T10:04:24.466000+00:00,11348,41,1292,0.884,6.141
2026-08-22T10:04:24.800000+00:00,11348,30,1292,0.336,6.477
2026-08-22T10:04:24.995000+00:00,11348,12,1292,0.672,2.543
2026-08-22T10:04:25.323000+00:00,11348,43,1292,0.532,7.009
2026-08-22T10:04:25.570000+00:00,11348,81,1292,0.614,3.157
2026-08-22T10:04:25.692000+00:00,11348,22,1292,0.369,7.378
2026-08-22T10:04:26.069000+00:00,11348,3,1292,0.434,3.591
2026-08-22T10:04:26.229000+00:00,11348,31,1292,0.54,7.918
2026-08-22T10:04:26.642000+00:00,11348,44,1292,0.545,4.136
2026-08-22T10:04:26.744000+00:00,11348,55,1292,2.4,12.339
2026-08-22T10:04:26.943000+00:00,11348,87,1292,0.606,8.524
2026-08-22T10:04:26.943000+00:00,11348,1,1292,1.149,1.149
2026-08-22T10:04:27.270000+00:00,11348,14,1292,0.441,12.78
2026-08-22T10:04:27.359000+00:00,11348,23,1292,0.475,8.999
2026-08-22T10:04:27.393000+00:00,11348,10,1292,0.758,4.894
2026-08-22T10:04:27.613000+00:00,11348,16,1292,0.692,1.841
2026-08-22T10:04:27.686000+00:00,11348,27,1292,0.371,9.37
2026-08-22T10:04:27.872000+00:00,11348,5,1292,0.519,5.413
2026-08-22T10:04:28.057000+00:00,11348,18,1292,0.37,9.74
2026-08-22T10:04:28.291000+00:00,11348,12,1292,0.673,2.514
2026-08-22T10:04:28.440000+00:00,11348,77,1292,0.401,10.141
2026-08-22T10:04:28.826000+00:00,11348,41,1292,0.958,6.371
2026-08-22T10:04:28.894000+00:00,11348,81,1292,0.609,3.123
2026-08-22T10:04:29.169000+00:00,11348,1,1292,1.145,1.145
2026-08-22T10:04:29.242000+00:00,11348,30,1292,0.413,6.784
2026-08-22T10:04:29.339000+00:00,11348,3,1292,0.46,3.583
2026-08-22T10:04:29.683000+00:00,11348,63,1292,0.0,0.0
2026-08-22T10:04:29.792000+00:00,11348,43,1292,0.553,7.337
2026-08-22T10:04:29.839000+00:00,11348,16,1292,0.664,1.809
2026-08-22T10:04:29.902000+00:00,11348,44,1292,0.552,4.135
2026-08-22T10:04:30.136000+00:00,11348,22,1292,0.352,7.689
2026-08-22T10:04:30.183000+00:00,11348,1,1292,1.132,1.132
2026-08-22T10:04:30.511000+00:00,11348,12,1292,0.661,2.47
2026-08-22T10:04:30.667000+00:00,11348,31,1292,0.479,8.168
2026-08-22T10:04:30.667000+00:00,11348,10,1292,0.771,4.906
2026-08-22T10:04:30.714000+00:00,11348,55,1292,2.255,12.396
2026-08-22T10:04:30.824000+00:00,11348,1,1292,1.112,1.112
2026-08-22T10:04:30.824000+00:00,11348,16,1292,0.634,1.766
2026-08-22T10:04:31.126000+00:00,11348,81,1292,0.604,3.074
2026-08-22T10:04:31.152000+00:00,11348,5,1292,0.502,5.408
2026-08-22T10:04:31.205000+00:00,11348,14,1292,0.487,12.883
2026-08-22T10:04:31.235000+00:00,11348,87,1292,0.587,8.755
2026-08-22T10:04:31.414000+00:00,11348,16,1292,0.61,1.722
2026-08-22T10:04:31.485000+00:00,11348,12,1292,0.668,2.434
2026-08-22T10:04:31.569000+00:00,11348,3,1292,0.47,3.544
2026-08-22T10:04:31.798000+00:00,11348,23,1292,0.559,9.314
2026-08-22T10:04:32.091000+00:00,11348,81,1292,0.592,3.026
2026-08-22T10:04:32.113000+00:00,11348,12,1292,0.681,2.403
2026-08-22T10:04:32.145000+00:00,11348,41,1292,0.957,6.365
2026-08-22T10:04:32.155000+00:00,11348,44,1292,0.574,4.118
2026-08-22T10:04:32.171000+00:00,11348,27,1292,0.405,9.719
2026-08-22T10:04:32.488000+00:00,11348,18,1292,0.311,10.03
2026-08-22T10:04:32.550000+00:00,11348,30,1292,0.424,6.789
2026-08-22T10:04:32.566000+00:00,11348,3,1292,0.478,3.504
2026-08-22T10:04:32.666000+00:00,11348,81,1292,0.579,2.982
2026-08-22T10:04:32.892000+00:00,11348,10,1292,0.747,4.865
2026-08-22T10:04:32.991000+00:00,11348,77,1292,0.501,10.531
2026-08-22T10:04:33.041000+00:00,11348,1,1292,1.02,1.02
2026-08-22T10:04:33.092000+00:00,11348,43,1292,0.536,7.325
2026-08-22T10:04:33.115000+00:00,11348,44,1292,0.568,4.072
2026-08-22T10:04:33.191000+00:00,11348,3,1292,0.485,3.467
2026-08-22T10:04:33.423000+00:00,11348,5,1292,0.512,5.377
2026-08-22T10:04:33.449000+00:00,11348,22,1292,0.354,7.679
2026-08-22T10:04:33.553000+00:00,11348,16,1292,0.514,1.534
2026-08-22T10:04:33.714000+00:00,11348,44,1292,0.554,4.021
2026-08-22T10:04:33.851000+00:00,11348,10,1292,0.74,4.812
2026-08-22T10:04:33.970000+00:00,11348,31,1292,0.521,8.2
2026-08-22T10:04:34.310000+00:00,11348,12,1292,0.747,2.281
2026-08-22T10:04:34.347000+00:00,11348,41,1292,0.951,6.328
2026-08-22T10:04:34.412000+00:00,11348,5,1292,0.533,5.345
2026-08-22T10:04:34.445000+00:00,11348,10,1292,0.735,4.756
2026-08-22T10:04:34.541000+00:00,11348,87,1292,0.568,8.768
2026-08-22T10:04:34.827000+00:00,11348,81,1292,0.526,2.807
2026-08-22T10:04:34.849000+00:00,11348,30,1292,0.477,6.805
2026-08-22T10:04:35.030000+00:00,11348,5,1292,0.558,5.314
2026-08-22T10:04:35.044000+00:00,11348,55,1292,2.048,12.579
2026-08-22T10:04:35.062000+00:00,11348,23,1292,0.533,9.301
2026-08-22T10:04:35.213000+00:00,11348,1,1292,1.101,1.101
2026-08-22T10:04:35.314000+00:00,11348,43,1292,0.465,7.27
2026-08-22T10:04:35.349000+00:00,11348,41,1292,0.947,6.292
2026-08-22T10:04:35.427000+00:00,11348,3,1292,0.564,3.371
2026-08-22T10:04:35.518000+00:00,11348,14,1292,0.483,13.062
2026-08-22T10:04:35.586000+00:00,11348,27,1292,0.498,9.799
2026-08-22T10:04:35.727000+00:00,11348,22,1292,0.396,7.666
2026-08-22T10:04:35.765000+00:00,11348,16,1292,0.531,1.632
2026-08-22T10:04:35.828000+00:00,11348,18,1292,0.262,10.061
2026-08-22T10:04:35.850000+00:00,11348,44,1292,0.443,3.814
2026-08-22T10:04:35.876000+00:00,11348,30,1292,0.532,6.824
2026-08-22T10:04:35.941000+00:00,11348,41,1292,0.944,6.258
2026-08-22T10:04:36.269000+00:00,11348,31,1292,0.529,8.195
2026-08-22T10:04:36.269000+00:00,11348,43,1292,0.381,7.205
2026-08-22T10:04:36.312000+00:00,11348,77,1292,0.484,10.545
2026-08-22T10:04:36.397000+00:00,11348,12,1292,0.671,2.303
2026-08-22T10:04:36.527000+00:00,11348,30,1292,0.574,6.832
2026-08-22T10:04:36.547000+00:00,11348,10,1292,0.714,4.528
2026-08-22T10:04:36.732000+00:00,11348,22,1292,0.459,7.664
2026-08-22T10:04:36.843000+00:00,11348,43,1292,0.31,7.142
2026-08-22T10:04:36.851000+00:00,11348,87,1292,0.56,8.755
2026-08-22T10:04:36.950000+00:00,11348,81,1292,0.572,2.875
2026-08-22T10:04:37.242000+00:00,11348,5,1292,0.673,5.201
2026-08-22T10:04:37.242000+00:00,11348,31,1292,0.496,8.16
2026-08-22T10:04:37.273000+00:00,11348,23,1292,0.493,9.248
2026-08-22T10:04:37.351000+00:00,11348,22,1292,0.523,7.665
2026-08-22T10:04:37.628000+00:00,11348,3,1292,0.644,3.519
2026-08-22T10:04:37.770000+00:00,11348,87,1292,0.554,8.714
2026-08-22T10:04:37.817000+00:00,11348,31,1292,0.453,8.118
2026-08-22T10:04:37.852000+00:00,11348,27,1292,0.58,9.828
2026-08-22T10:04:38.070000+00:00,11348,18,1292,0.206,10.034
2026-08-22T10:04:38.146000+00:00,11348,44,1292,0.495,4.014
2026-08-22T10:04:38.169000+00:00,11348,41,1292,0.94,6.141
2026-08-22T10:04:38.263000+00:00,11348,23,1292,0.488,9.202
2026-08-22T10:04:38.348000+00:00,11348,55,1292,2.031,12.576
2026-08-22T10:04:38.399000+00:00,11348,87,1292,0.549,8.667
2026-08-22T10:04:38.529000+00:00,11348,77,1292,0.467,10.501
2026-08-22T10:04:38.755000+00:00,11348,10,1292,0.638,4.652
2026-08-22T10:04:38.833000+00:00,11348,30,1292,0.671,6.812
2026-08-22T10:04:38.848000+00:00,11348,14,1292,0.503,13.079
2026-08-22T10:04:38.859000+00:00,11348,23,1292,0.495,9.162
2026-08-22T10:04:38.870000+00:00,11348,27,1292,0.606,9.808
2026-08-22T10:04:38.974000+00:00,11348,43,1292,0.13,6.942
2026-08-22T10:04:39.042000+00:00,11348,18,1292,0.177,9.985
2026-08-22T10:04:39.357000+00:00,11348,5,1292,0.585,5.237
2026-08-22T10:04:39.471000+00:00,11348,27,1292,0.618,9.78
2026-08-22T10:04:39.512000+00:00,11348,77,1292,0.463,10.448
2026-08-22T10:04:39.627000+00:00,11348,18,1292,0.152,9.932
2026-08-22T10:04:39.692000+00:00,11348,22,1292,0.723,
2026-08-22T10:04:40.094000+00:00,11348,31,1292,0.396,8.061
2026-08-22T10:04:40.099000+00:00,11348,77,1292,0.46,10.392
2026-08-22T10:04:40.253000+00:00,11348,41,1292,0.904,
2026-08-22T10:04:40.277000+00:00,11348,1,1292,1.172,1.172
2026-08-22T10:04:40.569000+00:00,11348,87,1292,0.491,8.552
2026-08-22T10:04:40.592000+00:00,11348,55,1292,2.049,12.55
2026-08-22T10:04:40.892000+00:00,11348,16,1292,0.62,1.792
2026-08-22T10:04:41.086000+00:00,11348,23,1292,0.493,9.045
2026-08-22T10:04:41.092000+00:00,11348,30,1292,0.849,6.99
2026-08-22T10:04:41.117000+00:00,11348,14,1292,0.506,13.056
2026-08-22T10:04:41.313000+00:00,11348,43,1292,0.243,7.233
2026-08-22T10:04:41.395000+00:00,11348,12,1292,0.478,2.27
2026-08-22T10:04:41.577000+00:00,11348,55,1292,2.08,12.528
2026-08-22T10:04:41.689000+00:00,11348,27,1292,0.608,9.653
2026-08-22T10:04:41.785000+00:00,11348,18,1292,0.091,9.744
2026-08-22T10:04:41.894000+00:00,11348,22,1292,0.568,7.801
2026-08-22T10:04:42.093000+00:00,11348,81,1292,0.703,2.973
2026-08-22T10:04:42.108000+00:00,11348,14,1292,0.49,13.018
2026-08-22T10:04:42.212000+00:00,11348,55,1292,2.115,12.507
2026-08-22T10:04:42.273000+00:00,11348,77,1292,0.512,10.256
2026-08-22T10:04:42.512000+00:00,11348,31,1292,0.606,8.407
2026-08-22T10:04:42.634000+00:00,11348,3,1292,0.551,3.524
2026-08-22T10:04:42.680000+00:00,11348,14,1292,0.473,12.98
2026-08-22T10:04:42.879000+00:00,11348,1,1292,1.206,1.206
2026-08-22T10:04:43.025000+00:00,11348,87,1292,0.51,8.917
2026-08-22T10:04:43.192000+00:00,11348,44,1292,0.561,4.085
2026-08-22T10:04:43.443000+00:00,11348,23,1292,0.433,9.35
2026-08-22T10:04:43.494000+00:00,11348,16,1292,0.612,1.818
2026-08-22T10:04:43.883000+00:00,11348,27,1292,0.436,9.786
2026-08-22T10:04:43.949000+00:00,11348,12,1292,0.462,2.28
2026-08-22T10:04:43.969000+00:00,11348,18,1292,0.088,9.874
2026-08-22T10:04:44.050000+00:00,11348,10,1292,0.86,4.945
2026-08-22T10:04:44.445000+00:00,11348,55,1292,2.168,12.424
2026-08-22T10:04:44.512000+00:00,11348,5,1292,0.444,5.389
2026-08-22T10:04:44.672000+00:00,11348,81,1292,0.725,3.005
2026-08-22T10:04:44.692000+00:00,11348,77,1292,0.717,10.591
2026-08-22T10:04:44.870000+00:00,11348,14,1292,0.414,12.838
2026-08-22T10:04:45.197000+00:00,11348,3,1292,0.529,3.534
2026-08-22T10:04:45.449000+00:00,11348,41,1292,0.956,6.345
2026-08-22T10:04:45.794000+00:00,11348,44,1292,0.599,4.133
2026-08-22T10:04:45.859000+00:00,11348,1,1292,1.123,1.123
2026-08-22T10:04:46.329000+00:00,11348,30,1292,0.878,7.223
2026-08-22T10:04:46.491000+00:00,11348,16,1292,0.608,1.731
2026-08-22T10:04:46.646000+00:00,11348,55,1292,1.912,12.503
2026-08-22T10:04:46.706000+00:00,11348,43,1292,0.319,7.542
2026-08-22T10:04:46.771000+00:00,11348,10,1292,0.931,5.064
2026-08-22T10:04:46.992000+00:00,11348,12,1292,0.459,2.19
2026-08-22T10:04:47.040000+00:00,11348,22,1292,0.36,7.902
2026-08-22T10:04:47.092000+00:00,11348,14,1292,0.426,12.929
2026-08-22T10:04:47.131000+00:00,11348,5,1292,0.386,5.45
2026-08-22T10:04:47.612000+00:00,11348,81,1292,0.666,2.856
2026-08-22T10:04:47.695000+00:00,11348,31,1292,0.684,8.586
2026-08-22T10:04:48.127000+00:00,11348,41,1292,0.981,6.431
2026-08-22T10:04:48.150000+00:00,11348,87,1292,0.44,9.026
2026-08-22T10:04:48.256000+00:00,11348,3,1292,0.646,3.502
2026-08-22T10:04:48.726000+00:00,11348,23,1292,0.58,9.606
2026-08-22T10:04:48.942000+00:00,11348,44,1292,0.647,4.149
2026-08-22T10:04:48.989000+00:00,11348,30,1292,0.851,7.282
2026-08-22T10:04:49.070000+00:00,11348,18,1292,0.37,9.976
2026-08-22T10:04:49.349000+00:00,11348,43,1292,0.405,7.687
2026-08-22T10:04:49.400000+00:00,11348,27,1292,0.331,10.307
2026-08-22T10:04:49.688000+00:00,11348,22,1292,0.34,8.027
2026-08-22T10:04:49.869000+00:00,11348,77,1292,0.467,10.774
2026-08-22T10:04:49.912000+00:00,11348,10,1292,1.017,5.166
2026-08-22T10:04:50.015000+00:00,11348,1,1292,1.165,1.165
2026-08-22T10:04:50.353000+00:00,11348,31,1292,0.653,8.68
2026-08-22T10:04:50.353000+00:00,11348,5,1292,0.433,5.599
2026-08-22T10:04:50.695000+00:00,11348,16,1292,0.684,1.849
2026-08-22T10:04:50.808000+00:00,11348,87,1292,0.452,9.132
2026-08-22T10:04:51.149000+00:00,11348,12,1292,0.452,2.301
2026-08-22T10:04:51.413000+00:00,11348,41,1292,1.003,6.602
2026-08-22T10:04:51.440000+00:00,11348,23,1292,0.629,9.761
2026-08-22T10:04:51.709000+00:00,11348,55,1292,1.843,12.617
2026-08-22T10:04:51.776000+00:00,11348,81,1292,0.631,2.932
2026-08-22T10:04:51.813000+00:00,11348,18,1292,0.393,10.154
2026-08-22T10:04:52.043000+00:00,11348,30,1292,0.69,7.292
2026-08-22T10:04:52.166000+00:00,11348,14,1292,0.437,13.054
2026-08-22T10:04:52.254000+00:00,11348,27,1292,0.432,10.586
2026-08-22T10:04:52.469000+00:00,11348,3,1292,0.664,3.596
2026-08-22T10:04:52.569000+00:00,11348,77,1292,0.316,10.902
2026-08-22T10:04:52.612000+00:00,11348,43,1292,0.599,7.891
2026-08-22T10:04:52.973000+00:00,11348,22,1292,0.33,8.221
2026-08-22T10:04:53.212000+00:00,11348,44,1292,0.769,4.365
2026-08-22T10:04:53.492000+00:00,11348,31,1292,0.539,8.76
2026-08-22T10:04:53.547000+00:00,11348,1,1292,1.183,1.183
2026-08-22T10:04:54.028000+00:00,11348,87,1292,0.533,9.293
2026-08-22T10:04:54.270000+00:00,11348,16,1292,0.715,1.898
2026-08-22T10:04:54.369000+00:00,11348,55,1292,1.81,12.712
2026-08-22T10:04:54.453000+00:00,11348,10,1292,1.247,5.612
2026-08-22T10:04:54.693000+00:00,11348,23,1292,0.643,9.936
2026-08-22T10:04:54.712000+00:00,11348,12,1292,0.429,2.327
2026-08-22T10:04:54.778000+00:00,11348,14,1292,0.38,13.092
2026-08-22T10:04:54.827000+00:00,11348,5,1292,0.356,5.968
2026-08-22T10:04:55.070000+00:00,11348,18,1292,0.39,10.326
2026-08-22T10:04:55.352000+00:00,11348,81,1292,0.665,2.992
2026-08-22T10:04:55.612000+00:00,11348,27,1292,0.535,10.861
2026-08-22T10:04:55.745000+00:00,11348,41,1292,0.911,6.879
2026-08-22T10:04:55.954000+00:00,11348,77,1292,0.349,11.21
2026-08-22T10:04:55.973000+00:00,11348,3,1292,0.598,3.59
2026-08-22T10:04:56.469000+00:00,11348,30,1292,0.746,7.625
2026-08-22T10:04:56.777000+00:00,11348,1,1292,1.258,1.258
2026-08-22T10:04:56.814000+00:00,11348,44,1292,0.852,4.442
2026-08-22T10:04:57.142000+00:00,11348,43,1292,0.67,8.295
2026-08-22T10:04:57.474000+00:00,11348,16,1292,0.673,1.931
2026-08-22T10:04:57.474000+00:00,11348,22,1292,0.321,8.616
2026-08-22T10:04:57.474000+00:00,11348,55,1292,1.517,12.727
2026-08-22T10:04:57.785000+00:00,11348,12,1292,0.337,2.268
2026-08-22T10:04:57.929000+00:00,11348,14,1292,0.451,13.178
2026-08-22T10:04:58.009000+00:00,11348,1,1292,1.297,1.297
2026-08-22T10:04:58.044000+00:00,11348,31,1292,0.601,9.217
2026-08-22T10:04:58.081000+00:00,11348,10,1292,1.263,5.705
2026-08-22T10:04:58.424000+00:00,11348,87,1292,0.341,9.558
2026-08-22T10:04:58.486000+00:00,11348,5,1292,0.369,6.074
2026-08-22T10:04:58.517000+00:00,11348,81,1292,0.739,3.007
2026-08-22T10:04:58.685000+00:00,11348,16,1292,0.644,1.941
2026-08-22T10:04:58.958000+00:00,11348,12,1292,0.282,2.223
2026-08-22T10:04:59.094000+00:00,11348,3,1292,0.555,3.562
2026-08-22T10:04:59.137000+00:00,11348,23,1292,0.736,10.294
2026-08-22T10:04:59.313000+00:00,11348,41,1292,0.866,6.94
2026-08-22T10:04:59.592000+00:00,11348,18,1292,0.426,10.72
2026-08-22T10:04:59.723000+00:00,11348,81,1292,0.782,3.005
2026-08-22T10:05:00.029000+00:00,11348,44,1292,0.936,4.498
2026-08-22T10:05:00.069000+00:00,11348,30,1292,0.751,7.691
2026-08-22T10:05:00.205000+00:00,11348,27,1292,0.626,11.346
2026-08-22T10:05:00.293000+00:00,11348,3,1292,0.542,3.547
2026-08-22T10:05:00.580000+00:00,11348,77,1292,0.372,11.718
2026-08-22T10:05:00.736000+00:00,11348,43,1292,0.675,8.366
2026-08-22T10:05:01.023000+00:00,11348,22,1292,0.285,8.651
2026-08-22T10:05:01.244000+00:00,11348,10,1292,1.233,5.731
2026-08-22T10:05:01.259000+00:00,11348,44,1292,0.97,4.517
2026-08-22T10:05:01.291000+00:00,11348,1,1292,1.075,1.075
2026-08-22T10:05:01.588000+00:00,11348,5,1292,0.341,6.072
2026-08-22T10:05:01.749000+00:00,11348,31,1292,0.714,9.365
2026-08-22T10:05:01.799000+00:00,11348,55,1292,1.23,12.948
2026-08-22T10:05:02.028000+00:00,11348,87,1292,0.262,9.627
2026-08-22T10:05:02.073000+00:00,11348,16,1292,0.8,1.875
2026-08-22T10:05:02.261000+00:00,11348,14,1292,0.464,13.412
2026-08-22T10:05:02.472000+00:00,11348,41,1292,,6.938
2026-08-22T10:05:02.472000+00:00,11348,10,1292,1.219,5.736
2026-08-22T10:05:02.477000+00:00,11348,12,1292,0.383,2.258
2026-08-22T10:05:02.752000+00:00,11348,23,1292,0.745,10.372
2026-08-22T10:05:02.768000+00:00,11348,5,1292,0.316,6.052
2026-08-22T10:05:03.115000+00:00,11348,81,1292,0.646,2.904
2026-08-22T10:05:03.171000+00:00,11348,18,1292,0.454,10.826
2026-08-22T10:05:03.212000+00:00,11348,30,1292,0.738,7.676
2026-08-22T10:05:03.668000+00:00,11348,41,1292,0.872,6.924
2026-08-22T10:05:03.741000+00:00,11348,3,1292,0.638,3.542
2026-08-22T10:05:03.891000+00:00,11348,43,1292,0.676,8.352
2026-08-22T10:05:03.929000+00:00,11348,27,1292,0.734,11.56
2026-08-22T10:05:04.144000+00:00,11348,22,1292,0.241,8.593
2026-08-22T10:05:04.326000+00:00,11348,77,1292,0.322,11.882
2026-08-22T10:05:04.371000+00:00,11348,30,1292,0.726,7.65
2026-08-22T10:05:04.793000+00:00,11348,44,1292,1.045,4.587
2026-08-22T10:05:04.944000+00:00,11348,31,1292,0.82,9.413
2026-08-22T10:05:05.069000+00:00,11348,43,1292,0.687,8.337
2026-08-22T10:05:05.092000+00:00,11348,1,1292,0.927,0.927
2026-08-22T10:05:05.145000+00:00,11348,87,1292,0.198,9.611
2026-08-22T10:05:05.293000+00:00,11348,22,1292,0.238,8.575
2026-08-22T10:05:05.382000+00:00,11348,55,1292,1.13,13.012
2026-08-22T10:05:05.843000+00:00,11348,23,1292,0.711,10.322
2026-08-22T10:05:05.843000+00:00,11348,14,1292,0.47,13.482
2026-08-22T10:05:05.994000+00:00,11348,16,1292,0.895,1.822
2026-08-22T10:05:06.042000+00:00,11348,10,1292,1.235,5.822
2026-08-22T10:05:06.185000+00:00,11348,31,1292,0.844,9.419
2026-08-22T10:05:06.319000+00:00,11348,5,1292,0.252,6.074
2026-08-22T10:05:06.361000+00:00,11348,87,1292,0.202,9.621
2026-08-22T10:05:06.394000+00:00,11348,18,1292,0.557,10.879
2026-08-22T10:05:06.492000+00:00,11348,12,1292,0.487,2.309
2026-08-22T10:05:07.055000+00:00,11348,81,1292,0.537,2.846
2026-08-22T10:05:07.072000+00:00,11348,23,1292,0.684,10.305
2026-08-22T10:05:07.343000+00:00,11348,41,1292,1.023,7.097
2026-08-22T10:05:07.369000+00:00,11348,27,1292,0.924,11.803
2026-08-22T10:05:07.554000+00:00,11348,77,1292,0.231,12.034
2026-08-22T10:05:07.627000+00:00,11348,18,1292,0.604,10.909
2026-08-22T10:05:07.728000+00:00,11348,3,1292,0.696,
2026-08-22T10:05:07.992000+00:00,11348,30,1292,0.693,7.79
2026-08-22T10:05:08.276000+00:00,11348,1,1292,0.905,0.905
2026-08-22T10:05:08.497000+00:00,11348,55,1292,0.943,12.977
2026-08-22T10:05:08.628000+00:00,11348,27,1292,0.991,11.9
2026-08-22T10:05:08.748000+00:00,11348,43,1292,0.717,8.507
2026-08-22T10:05:08.844000+00:00,11348,44,1292,1.066,4.608
2026-08-22T10:05:08.896000+00:00,11348,77,1292,0.224,12.124
2026-08-22T10:05:09.032000+00:00,11348,14,1292,0.544,13.521
2026-08-22T10:05:09.063000+00:00,11348,22,1292,0.346,8.853
2026-08-22T10:05:09.213000+00:00,11348,16,1292,0.928,1.833
2026-08-22T10:05:09.734000+00:00,11348,55,1292,0.833,12.957
2026-08-22T10:05:09.773000+00:00,11348,31,1292,0.698,9.551
2026-08-22T10:05:09.843000+00:00,11348,12,1292,0.623,2.456
2026-08-22T10:05:10.047000+00:00,11348,10,1292,1.255,5.863
2026-08-22T10:05:10.087000+00:00,11348,87,1292,0.332,9.883
2026-08-22T10:05:10.291000+00:00,11348,14,1292,0.568,13.525
2026-08-22T10:05:10.327000+00:00,11348,81,1292,0.495,2.951
2026-08-22T10:05:10.356000+00:00,11348,5,1292,0.285,6.148
2026-08-22T10:05:10.675000+00:00,11348,23,1292,0.567,10.45
2026-08-22T10:05:11.064000+00:00,11348,3,1292,0.738,3.689
2026-08-22T10:05:11.219000+00:00,11348,18,1292,0.541,10.991
2026-08-22T10:05:11.391000+00:00,11348,41,1292,1.048,7.196
2026-08-22T10:05:12.009000+00:00,11348,44,1292,0.922,4.611
2026-08-22T10:05:12.041000+00:00,11348,30,1292,0.668,7.864
2026-08-22T10:05:12.277000+00:00,11348,27,1292,1.092,12.083
2026-08-22T10:05:12.610000+00:00,11348,1,1292,0.908,0.908
2026-08-22T10:05:12.692000+00:00,11348,77,1292,0.393,12.476
2026-08-22T10:05:12.827000+00:00,11348,43,1292,0.769,8.633
2026-08-22T10:05:13.170000+00:00,11348,22,1292,0.369,9.002
2026-08-22T10:05:13.292000+00:00,11348,55,1292,0.611,13.087
2026-08-22T10:05:13.392000+00:00,11348,10,1292,1.41,6.021
2026-08-22T10:05:13.592000+00:00,11348,16,1292,0.989,1.897
2026-08-22T10:05:13.720000+00:00,11348,5,1292,0.298,6.319
2026-08-22T10:05:13.812000+00:00,11348,14,1292,0.504,13.591
2026-08-22T10:05:13.854000+00:00,11348,31,1292,0.687,9.689
2026-08-22T10:05:14.251000+00:00,11348,12,1292,0.646,2.543
2026-08-22T10:05:14.299000+00:00,11348,87,1292,0.384,10.073
2026-08-22T10:05:14.842000+00:00,11348,41,1292,1.084,7.403
2026-08-22T10:05:14.846000+00:00,11348,81,1292,0.578,3.121
2026-08-22T10:05:14.894000+00:00,11348,23,1292,0.622,10.695
2026-08-22T10:05:15.276000+00:00,11348,18,1292,0.4,11.095
2026-08-22T10:05:15.428000+00:00,11348,1,1292,0.994,0.994
2026-08-22T10:05:15.451000+00:00,11348,30,1292,0.671,8.074
2026-08-22T10:05:15.533000+00:00,11348,3,1292,0.705,3.826
2026-08-22T10:05:16.126000+00:00,11348,43,1292,0.685,8.759
2026-08-22T10:05:16.445000+00:00,11348,16,1292,0.98,1.974
2026-08-22T10:05:16.480000+00:00,11348,44,1292,0.957,4.783
2026-08-22T10:05:16.534000+00:00,11348,27,1292,1.253,12.348
2026-08-22T10:05:16.550000+00:00,11348,22,1292,0.439,9.198
2026-08-22T10:05:16.928000+00:00,11348,77,1292,0.398,12.746
2026-08-22T10:05:16.945000+00:00,11348,12,1292,0.531,2.505
2026-08-22T10:05:17.313000+00:00,11348,31,1292,0.742,9.94
2026-08-22T10:05:17.474000+00:00,11348,55,1292,0.493,13.239
2026-08-22T10:05:17.663000+00:00,11348,81,1292,0.707,3.212
2026-08-22T10:05:17.716000+00:00,11348,87,1292,0.4,10.34
2026-08-22T10:05:17.772000+00:00,11348,14,1292,0.352,
2026-08-22T10:05:17.929000+00:00,11348,10,1292,1.461,6.244
2026-08-22T10:05:18.344000+00:00,11348,5,1292,0.372,6.616
2026-08-22T10:05:18.397000+00:00,11348,3,1292,0.677,3.889
2026-08-22T10:05:18.398000+00:00,11348,1,1292,1.079,1.079
2026-08-22T10:05:18.398000+00:00,11348,23,1292,0.598,10.938
2026-08-22T10:05:18.817000+00:00,11348,18,1292,0.499,11.437
2026-08-22T10:05:19.292000+00:00,11348,41,1292,0.963,7.579
2026-08-22T10:05:19.326000+00:00,11348,44,1292,1.002,4.891
2026-08-22T10:05:19.328000+00:00,11348,16,1292,1.01,2.089
2026-08-22T10:05:19.927000+00:00,11348,12,1292,0.601,2.69
2026-08-22T10:05:20.043000+00:00,11348,27,1292,1.237,12.674
2026-08-22T10:05:20.058000+00:00,11348,30,1292,0.78,8.359
2026-08-22T10:05:20.469000+00:00,11348,77,1292,0.425,13.099
2026-08-22T10:05:20.695000+00:00,11348,81,1292,0.696,3.386
2026-08-22T10:05:20.710000+00:00,11348,43,1292,0.654,9.013
2026-08-22T10:05:20.870000+00:00,11348,10,1292,1.506,6.397
2026-08-22T10:05:20.891000+00:00,11348,55,1292,0.414,13.513
2026-08-22T10:05:21.213000+00:00,11348,22,1292,0.454,9.467
2026-08-22T10:05:21.230000+00:00,11348,14,1292,0.323,13.836
2026-08-22T10:05:21.278000+00:00,11348,5,1292,0.429,6.826
2026-08-22T10:05:21.324000+00:00,11348,3,1292,0.678,4.064
2026-08-22T10:05:21.927000+00:00,11348,31,1292,0.769,10.236
2026-08-22T10:05:22.142000+00:00,11348,41,1292,0.88,7.706
2026-08-22T10:05:22.292000+00:00,11348,44,1292,0.969,5.033
2026-08-22T10:05:22.393000+00:00,11348,87,1292,0.472,10.708
2026-08-22T10:05:22.941000+00:00,11348,30,1292,0.789,8.495
2026-08-22T10:05:23.095000+00:00,11348,23,1292,0.671,11.379
2026-08-22T10:05:23.436000+00:00,11348,1,1292,1.168,1.168
2026-08-22T10:05:23.470000+00:00,11348,18,1292,0.397,11.776
2026-08-22T10:05:23.655000+00:00,11348,43,1292,0.707,9.202
2026-08-22T10:05:23.827000+00:00,11348,10,1292,1.545,6.578
2026-08-22T10:05:23.976000+00:00,11348,22,1292,0.351,9.553
2026-08-22T10:05:24.392000+00:00,11348,16,1292,0.959,2.127
2026-08-22T10:05:24.392000+00:00,11348,5,1292,0.57,7.148
2026-08-22T10:05:24.731000+00:00,11348,27,1292,1.25,13.026
2026-08-22T10:05:24.894000+00:00,11348,31,1292,0.897,10.45
2026-08-22T10:05:24.928000+00:00,11348,12,1292,0.537,2.664
2026-08-22T10:05:25.170000+00:00,11348,41,1292,0.776,7.924
2026-08-22T10:05:25.170000+00:00,11348,77,1292,0.446,13.472
2026-08-22T10:05:25.472000+00:00,11348,87,1292,0.554,11.004
2026-08-22T10:05:25.666000+00:00,11348,55,1292,0.494,13.966
2026-08-22T10:05:25.777000+00:00,11348,81,1292,0.762,3.426
2026-08-22T10:05:25.793000+00:00,11348,14,1292,0.121,14.087
2026-08-22T10:05:25.953000+00:00,11348,30,1292,0.776,8.7
2026-08-22T10:05:26.026000+00:00,11348,23,1292,0.584,11.588
2026-08-22T10:05:26.312000+00:00,11348,1,1292,1.233,1.233
2026-08-22T10:05:26.413000+00:00,11348,3,1292,0.724,4.15
2026-08-22T10:05:26.426000+00:00,11348,18,1292,0.39,11.978
2026-08-22T10:05:26.691000+00:00,11348,43,1292,0.705,9.405
2026-08-22T10:05:27.140000+00:00,11348,22,1292,0.487,9.892
2026-08-22T10:05:27.229000+00:00,11348,16,1292,0.912,2.145
2026-08-22T10:05:27.396000+00:00,11348,44,1292,0.968,5.118
2026-08-22T10:05:27.811000+00:00,11348,12,1292,0.603,2.748
2026-08-22T10:05:27.842000+00:00,11348,27,1292,1.402,13.38
2026-08-22T10:05:27.892000+00:00,11348,31,1292,0.772,10.664
2026-08-22T10:05:28.244000+00:00,11348,77,1292,0.375,13.755
2026-08-22T10:05:28.492000+00:00,11348,87,1292,0.57,11.234
2026-08-22T10:05:28.569000+00:00,11348,14,1292,0.373,14.128
2026-08-22T10:05:28.641000+00:00,11348,81,1292,0.826,3.574
2026-08-22T10:05:28.774000+00:00,11348,55,1292,0.162,14.29
2026-08-22T10:05:28.942000+00:00,11348,10,1292,1.527,6.645
2026-08-22T10:05:29.143000+00:00,11348,23,1292,0.648,11.882
2026-08-22T10:05:29.392000+00:00,11348,3,1292,0.763,4.337
2026-08-22T10:05:29.507000+00:00,11348,18,1292,0.378,12.26
2026-08-22T10:05:29.571000+00:00,11348,5,1292,0.669,7.314
2026-08-22T10:05:30.260000+00:00,11348,41,1292,0.7,8.014
2026-08-22T10:05:30.327000+00:00,11348,44,1292,0.936,5.273
2026-08-22T10:05:30.823000+00:00,11348,27,1292,1.311,13.571
2026-08-22T10:05:31.030000+00:00,11348,30,1292,0.763,8.777
2026-08-22T10:05:31.315000+00:00,11348,77,1292,0.485,14.056
2026-08-22T10:05:31.342000+00:00,11348,1,1292,1.221,1.221
2026-08-22T10:05:31.778000+00:00,11348,14,1292,0.42,14.476
2026-08-22T10:05:31.814000+00:00,11348,43,1292,0.706,9.483
2026-08-22T10:05:31.890000+00:00,11348,10,1292,1.538,6.811
2026-08-22T10:05:32.013000+00:00,11348,55,1292,0.244,14.72
2026-08-22T10:05:32.271000+00:00,11348,16,1292,0.906,2.127
2026-08-22T10:05:32.313000+00:00,11348,22,1292,0.578,10.061
2026-08-22T10:05:32.492000+00:00,11348,5,1292,0.628,7.439
2026-08-22T10:05:32.912000+00:00,11348,12,1292,0.679,2.806
2026-08-22T10:05:33.070000+00:00,11348,31,1292,0.713,10.774
2026-08-22T10:05:33.347000+00:00,11348,41,1292,0.852,8.291
2026-08-22T10:05:33.570000+00:00,11348,87,1292,0.53,11.304
2026-08-22T10:05:33.726000+00:00,11348,81,1292,0.829,3.635
2026-08-22T10:05:34.158000+00:00,11348,30,1292,0.782,9.073
2026-08-22T10:05:34.277000+00:00,11348,23,1292,0.685,11.989
2026-08-22T10:05:34.558000+00:00,11348,3,1292,0.843,4.478
2026-08-22T10:05:34.693000+00:00,11348,18,1292,0.443,12.432
2026-08-22T10:05:34.866000+00:00,11348,43,1292,0.732,9.805
2026-08-22T10:05:35.291000+00:00,11348,1,1292,1.253,1.253
2026-08-22T10:05:35.344000+00:00,11348,22,1292,0.484,10.289
2026-08-22T10:05:35.423000+00:00,11348,44,1292,0.858,5.336
2026-08-22T10:05:36.029000+00:00,11348,27,1292,1.315,13.747
2026-08-22T10:05:36.082000+00:00,11348,31,1292,0.733,11.022
2026-08-22T10:05:36.174000+00:00,11348,16,1292,0.883,2.136
2026-08-22T10:05:36.513000+00:00,11348,77,1292,0.5,14.247
2026-08-22T10:05:36.691000+00:00,11348,87,1292,0.576,11.598
2026-08-22T10:05:36.853000+00:00,11348,12,1292,0.65,2.786
2026-08-22T10:05:36.892000+00:00,11348,55,1292,0.382,14.629
2026-08-22T10:05:36.976000+00:00,11348,14,1292,0.061,14.69
2026-08-22T10:05:36.976000+00:00,11348,10,1292,1.525,6.861
2026-08-22T10:05:37.270000+00:00,11348,23,1292,0.605,12.203
2026-08-22T10:05:37.627000+00:00,11348,5,1292,0.652,7.513
2026-08-22T10:05:37.645000+00:00,11348,81,1292,0.822,3.608
2026-08-22T10:05:37.777000+00:00,11348,18,1292,0.52,12.723
2026-08-22T10:05:38.526000+00:00,11348,3,1292,0.88,4.488
2026-08-22T10:05:38.535000+00:00,11348,41,1292,0.912,8.425
2026-08-22T10:05:39.042000+00:00,11348,27,1292,1.241,13.964
2026-08-22T10:05:39.344000+00:00,11348,30,1292,0.83,9.255
2026-08-22T10:05:39.373000+00:00,11348,1,1292,1.229,1.229
2026-08-22T10:05:39.413000+00:00,11348,44,1292,0.889,5.377
2026-08-22T10:05:39.610000+00:00,11348,77,1292,0.581,14.545
2026-08-22T10:05:39.975000+00:00,11348,55,1292,0.373,14.918
2026-08-22T10:05:39.992000+00:00,11348,14,1292,0.014,14.932
2026-08-22T10:05:40.076000+00:00,11348,43,1292,0.739,9.994
2026-08-22T10:05:40.153000+00:00,11348,16,1292,0.834,2.063
2026-08-22T10:05:40.588000+00:00,11348,22,1292,0.472,10.466
2026-08-22T10:05:40.975000+00:00,11348,12,1292,0.786,2.849
2026-08-22T10:05:41.015000+00:00,11348,10,1292,1.605,6.982
2026-08-22T10:05:41.286000+00:00,11348,31,1292,0.678,11.144
2026-08-22T10:05:41.558000+00:00,11348,5,1292,0.548,7.53
2026-08-22T10:05:41.751000+00:00,11348,81,1292,0.812,3.661
2026-08-22T10:05:41.826000+00:00,11348,87,1292,0.581,11.725
2026-08-22T10:05:42.533000+00:00,11348,23,1292,0.71,12.435
2026-08-22T10:05:42.544000+00:00,11348,41,1292,0.969,8.499
2026-08-22T10:05:42.628000+00:00,11348,1,1292,1.21,1.21
2026-08-22T10:05:42.791000+00:00,11348,3,1292,0.974,4.635
2026-08-22T10:05:42.970000+00:00,11348,18,1292,0.433,12.868
2026-08-22T10:05:43.311000+00:00,11348,30,1292,0.781,9.28
2026-08-22T10:05:43.432000+00:00,11348,16,1292,0.814,2.024
2026-08-22T10:05:43.626000+00:00,11348,44,1292,0.856,5.491
2026-08-22T10:05:44.092000+00:00,11348,43,1292,0.795,10.075
2026-08-22T10:05:44.199000+00:00,11348,27,1292,1.228,14.096
2026-08-22T10:05:44.241000+00:00,11348,12,1292,0.812,2.836
2026-08-22T10:05:44.602000+00:00,11348,22,1292,0.484,10.559
2026-08-22T10:05:44.836000+00:00,11348,77,1292,0.635,14.731
2026-08-22T10:05:44.899000+00:00,11348,1,1292,1.215,1.215
2026-08-22T10:05:45.071000+00:00,11348,81,1292,0.805,3.641
2026-08-22T10:05:45.243000+00:00,11348,31,1292,0.674,11.233
2026-08-22T10:05:45.274000+00:00,11348,10,1292,1.645,7.136
2026-08-22T10:05:45.399000+00:00,11348,63,1292,0.0,0.0
2026-08-22T10:05:45.601000+00:00,11348,14,1292,0.759,15.49
2026-08-22T10:05:45.670000+00:00,11348,16,1292,0.776,1.991
2026-08-22T10:05:45.818000+00:00,11348,5,1292,0.547,7.683
2026-08-22T10:05:45.859000+00:00,11348,87,1292,0.599,11.832
2026-08-22T10:05:45.970000+00:00,11348,1,1292,1.223,1.223
2026-08-22T10:05:46.064000+00:00,11348,3,1292,1.004,4.645
2026-08-22T10:05:46.160000+00:00,11348,55,1292,0.582,16.072
2026-08-22T10:05:46.470000+00:00,11348,12,1292,0.804,2.795
2026-08-22T10:05:46.583000+00:00,11348,1,1292,1.228,1.228
2026-08-22T10:05:46.704000+00:00,11348,23,1292,0.804,12.636
2026-08-22T10:05:46.718000+00:00,11348,16,1292,0.731,1.954
2026-08-22T10:05:46.892000+00:00,11348,41,1292,1.05,8.733
2026-08-22T10:05:46.929000+00:00,11348,44,1292,0.85,5.495
2026-08-22T10:05:47.099000+00:00,11348,18,1292,0.418,13.054
2026-08-22T10:05:47.323000+00:00,11348,81,1292,0.81,3.605
2026-08-22T10:05:47.337000+00:00,11348,16,1292,0.69,1.918
2026-08-22T10:05:47.501000+00:00,11348,12,1292,0.808,2.762
2026-08-22T10:05:47.682000+00:00,11348,30,1292,0.807,9.54
2026-08-22T10:05:48.112000+00:00,11348,12,1292,0.813,2.731
2026-08-22T10:05:48.270000+00:00,11348,27,1292,1.198,14.252
2026-08-22T10:05:48.285000+00:00,11348,81,1292,0.814,3.576
2026-08-22T10:05:48.302000+00:00,11348,3,1292,1.034,4.639
2026-08-22T10:05:48.379000+00:00,11348,43,1292,0.692,10.232
2026-08-22T10:05:48.566000+00:00,11348,10,1292,1.65,7.145
2026-08-22T10:05:48.942000+00:00,11348,81,1292,0.818,3.549
2026-08-22T10:05:48.973000+00:00,11348,1,1292,1.23,1.23
2026-08-22T10:05:48.988000+00:00,11348,77,1292,0.615,14.867
2026-08-22T10:05:49.004000+00:00,11348,22,1292,0.573,10.805
2026-08-22T10:05:49.098000+00:00,11348,5,1292,0.537,7.682
2026-08-22T10:05:49.145000+00:00,11348,44,1292,0.83,5.469
2026-08-22T10:05:49.332000+00:00,11348,3,1292,1.053,4.629
2026-08-22T10:05:49.457000+00:00,11348,16,1292,0.553,1.783
2026-08-22T10:05:49.598000+00:00,11348,14,1292,0.704,15.571
2026-08-22T10:05:49.613000+00:00,11348,31,1292,0.668,11.473
2026-08-22T10:05:49.992000+00:00,11348,3,1292,1.063,4.612
2026-08-22T10:05:50.142000+00:00,11348,41,1292,1.053,8.735
2026-08-22T10:05:50.147000+00:00,11348,44,1292,0.801,5.43
2026-08-22T10:05:50.182000+00:00,11348,87,1292,0.59,12.063
2026-08-22T10:05:50.192000+00:00,11348,55,1292,0.613,16.184
2026-08-22T10:05:50.292000+00:00,11348,12,1292,0.833,2.616
2026-08-22T10:05:50.743000+00:00,11348,44,1292,0.78,5.392
2026-08-22T10:05:50.819000+00:00,11348,10,1292,1.652,7.121
2026-08-22T10:05:50.895000+00:00,11348,1,1292,1.188,1.188
2026-08-22T10:05:50.975000+00:00,11348,30,1292,0.813,9.548
2026-08-22T10:05:51.043000+00:00,11348,23,1292,0.851,12.914
2026-08-22T10:05:51.127000+00:00,11348,81,1292,0.83,3.446
2026-08-22T10:05:51.359000+00:00,11348,5,1292,0.534,7.655
2026-08-22T10:05:51.373000+00:00,11348,18,1292,0.319,13.233
2026-08-22T10:05:51.504000+00:00,11348,16,1292,0.602,1.79
2026-08-22T10:05:51.635000+00:00,11348,43,1292,0.657,10.205
2026-08-22T10:05:51.792000+00:00,11348,10,1292,1.665,7.095
2026-08-22T10:05:52.192000+00:00,11348,3,1292,1.069,4.515
2026-08-22T10:05:52.242000+00:00,11348,22,1292,0.609,10.814
2026-08-22T10:05:52.331000+00:00,11348,12,1292,0.827,2.617
2026-08-22T10:05:52.344000+00:00,11348,5,1292,0.535,7.63
2026-08-22T10:05:52.369000+00:00,11348,41,1292,1.043,8.698
2026-08-22T10:05:52.418000+00:00,11348,10,1292,1.672,7.064
2026-08-22T10:05:52.672000+00:00,11348,27,1292,1.296,14.529
2026-08-22T10:05:52.954000+00:00,11348,44,1292,0.729,5.244
2026-08-22T10:05:52.974000+00:00,11348,31,1292,0.706,11.52
2026-08-22T10:05:52.996000+00:00,11348,5,1292,0.542,7.606
2026-08-22T10:05:53.128000+00:00,11348,81,1292,0.798,3.415
2026-08-22T10:05:53.216000+00:00,11348,30,1292,0.829,9.527
2026-08-22T10:05:53.232000+00:00,11348,77,1292,0.563,15.092
2026-08-22T10:05:53.359000+00:00,11348,41,1292,1.03,8.66
2026-08-22T10:05:53.526000+00:00,11348,87,1292,0.582,12.102
2026-08-22T10:05:53.819000+00:00,11348,43,1292,0.607,10.134
2026-08-22T10:05:53.992000+00:00,11348,41,1292,1.019,8.625
2026-08-22T10:05:54.014000+00:00,11348,14,1292,0.791,15.883
2026-08-22T10:05:54.225000+00:00,11348,30,1292,0.852,9.512
2026-08-22T10:05:54.330000+00:00,11348,3,1292,1.183,4.598
2026-08-22T10:05:54.344000+00:00,11348,23,1292,0.821,12.923
2026-08-22T10:05:54.453000+00:00,11348,22,1292,0.621,10.755
2026-08-22T10:05:54.666000+00:00,11348,10,1292,1.666,6.91
2026-08-22T10:05:54.722000+00:00,11348,18,1292,0.346,13.269
2026-08-22T10:05:54.722000+00:00,11348,55,1292,0.669,16.552
2026-08-22T10:05:54.813000+00:00,11348,43,1292,0.555,10.067
2026-08-22T10:05:54.848000+00:00,11348,30,1292,0.875,9.5
2026-08-22T10:05:54.971000+00:00,11348,44,1292,0.673,5.271
2026-08-22T10:05:55.177000+00:00,11348,5,1292,0.597,7.507
2026-08-22T10:05:55.194000+00:00,11348,31,1292,0.749,11.504
2026-08-22T10:05:55.358000+00:00,11348,43,1292,0.503,10.003
2026-08-22T10:05:55.393000+00:00,11348,22,1292,0.636,10.703
2026-08-22T10:05:55.787000+00:00,11348,87,1292,0.579,12.083
2026-08-22T10:05:55.870000+00:00,11348,1,1292,1.197,1.197
2026-08-22T10:05:56.026000+00:00,11348,22,1292,0.655,10.658
2026-08-22T10:05:56.070000+00:00,11348,27,1292,1.37,14.639
2026-08-22T10:05:56.163000+00:00,11348,41,1292,0.988,8.495
2026-08-22T10:05:56.179000+00:00,11348,31,1292,0.758,11.461
2026-08-22T10:05:56.542000+00:00,11348,16,1292,0.644,1.841
2026-08-22T10:05:56.542000+00:00,11348,77,1292,0.476,15.115
2026-08-22T10:05:56.597000+00:00,11348,23,1292,0.804,12.887
2026-08-22T10:05:56.711000+00:00,11348,10,1292,1.745,7.016
2026-08-22T10:05:56.742000+00:00,11348,87,1292,0.58,12.041
2026-08-22T10:05:56.778000+00:00,11348,31,1292,,11.416
2026-08-22T10:05:56.911000+00:00,11348,18,1292,0.349,13.236
2026-08-22T10:05:57.114000+00:00,11348,30,1292,0.938,9.433
2026-08-22T10:05:57.260000+00:00,11348,5,1292,0.528,7.544
2026-08-22T10:05:57.269000+00:00,11348,12,1292,0.741,2.582
2026-08-22T10:05:57.345000+00:00,11348,87,1292,0.583,11.999
2026-08-22T10:05:57.364000+00:00,11348,14,1292,0.825,15.94
2026-08-22T10:05:57.426000+00:00,11348,43,1292,0.314,9.747
2026-08-22T10:05:57.558000+00:00,11348,23,1292,0.815,12.856
2026-08-22T10:05:57.880000+00:00,11348,18,1292,0.327,13.183
2026-08-22T10:05:57.983000+00:00,11348,55,1292,0.62,16.56
2026-08-22T10:05:58.123000+00:00,11348,81,1292,0.848,3.43
2026-08-22T10:05:58.148000+00:00,11348,41,1292,0.908,8.452
2026-08-22T10:05:58.173000+00:00,11348,23,1292,0.831,12.83
2026-08-22T10:05:58.194000+00:00,11348,22,1292,0.754,10.501
2026-08-22T10:05:58.511000+00:00,11348,1,1292,1.189,1.189
2026-08-22T10:05:58.512000+00:00,11348,27,1292,1.534,14.77
2026-08-22T10:05:58.512000+00:00,11348,18,1292,0.297,13.127
2026-08-22T10:05:58.759000+00:00,11348,77,1292,0.302,15.072
2026-08-22T10:05:58.942000+00:00,11348,31,1292,0.744,11.245
2026-08-22T10:05:59.107000+00:00,11348,16,1292,0.65,1.839
2026-08-22T10:05:59.247000+00:00,11348,30,1292,1.103,9.555
2026-08-22T10:05:59.292000+00:00,11348,3,1292,1.146,4.576
2026-08-22T10:05:59.526000+00:00,11348,87,1292,0.618,11.863
2026-08-22T10:05:59.570000+00:00,11348,27,1292,1.678,14.861
2026-08-22T10:05:59.626000+00:00,11348,43,1292,0.313,9.868
2026-08-22T10:05:59.626000+00:00,11348,14,1292,0.864,15.936
2026-08-22T10:05:59.732000+00:00,11348,77,1292,0.158,15.019
2026-08-22T10:05:59.794000+00:00,11348,12,1292,0.706,2.545
2026-08-22T10:05:59.953000+00:00,11348,44,1292,0.703,5.279
2026-08-22T10:06:00.203000+00:00,11348,55,1292,0.567,16.503
2026-08-22T10:06:00.270000+00:00,11348,27,1292,1.794,14.921
2026-08-22T10:06:00.344000+00:00,11348,77,1292,0.049,14.97
2026-08-22T10:06:00.369000+00:00,11348,22,1292,0.783,10.651
2026-08-22T10:06:00.389000+00:00,11348,23,1292,0.858,12.721
2026-08-22T10:06:00.595000+00:00,11348,14,1292,0.888,15.907
2026-08-22T10:06:00.626000+00:00,11348,18,1292,0.227,12.948
2026-08-22T10:06:00.673000+00:00,11348,81,1292,0.857,3.402
2026-08-22T10:06:01.154000+00:00,11348,31,1292,0.79,11.441
2026-08-22T10:06:01.169000+00:00,11348,55,1292,0.549,16.456
2026-08-22T10:06:01.315000+00:00,11348,14,1292,0.905,15.875
2026-08-22T10:06:01.320000+00:00,11348,1,1292,1.13,1.13
2026-08-22T10:06:01.777000+00:00,11348,55,1292,0.538,16.413
2026-08-22T10:06:01.823000+00:00,11348,3,1292,1.157,4.559
2026-08-22T10:06:01.851000+00:00,11348,87,1292,0.688,12.129
2026-08-22T10:06:01.893000+00:00,11348,10,1292,1.916,7.195
2026-08-22T10:06:02.026000+00:00,11348,16,1292,0.713,1.843
2026-08-22T10:06:02.241000+00:00,11348,5,1292,0.385,7.58
2026-08-22T10:06:02.488000+00:00,11348,77,1292,1.846,14.794
2026-08-22T10:06:02.552000+00:00,11348,44,1292,0.733,5.292
2026-08-22T10:06:02.642000+00:00,11348,23,1292,0.801,12.93
2026-08-22T10:06:02.660000+00:00,11348,12,1292,0.655,2.498
2026-08-22T10:06:02.754000+00:00,11348,27,1292,0.29,15.084
2026-08-22T10:06:02.942000+00:00,11348,18,1292,0.283,13.213
2026-08-22T10:06:03.316000+00:00,11348,41,1292,1.039,8.619
2026-08-22T10:06:03.419000+00:00,11348,14,1292,0.667,15.751
2026-08-22T10:06:03.507000+00:00,11348,81,1292,0.837,3.335
2026-08-22T10:06:03.915000+00:00,11348,55,1292,0.507,16.258
2026-08-22T10:06:04.327000+00:00,11348,30,1292,1.031,9.65
2026-08-22T10:06:04.483000+00:00,11348,10,1292,1.943,7.235
2026-08-22T10:06:04.811000+00:00,11348,77,1292,1.769,14.982
2026-08-22T10:06:04.870000+00:00,11348,3,1292,1.255,4.59
2026-08-22T10:06:04.913000+00:00,11348,5,1292,0.374,7.609
2026-08-22T10:06:04.914000+00:00,11348,43,1292,0.521,10.171
2026-08-22T10:06:05.147000+00:00,11348,27,1292,0.438,15.42
2026-08-22T10:06:05.467000+00:00,11348,1,1292,1.241,1.241
2026-08-22T10:06:05.471000+00:00,11348,22,1292,0.597,10.768
2026-08-22T10:06:05.527000+00:00,11348,14,1292,0.37,15.79
2026-08-22T10:06:05.572000+00:00,11348,44,1292,0.79,5.38
2026-08-22T10:06:05.912000+00:00,11348,41,1292,1.055,8.664
2026-08-22T10:06:06.094000+00:00,11348,55,1292,0.601,16.391
2026-08-22T10:06:06.157000+00:00,11348,16,1292,0.715,1.956
2026-08-22T10:06:06.227000+00:00,11348,31,1292,0.774,11.542
2026-08-22T10:06:06.851000+00:00,11348,12,1292,0.663,2.619
2026-08-22T10:06:06.851000+00:00,11348,87,1292,0.622,12.164
2026-08-22T10:06:06.961000+00:00,11348,30,1292,0.976,9.64
2026-08-22T10:06:07.514000+00:00,11348,43,1292,0.612,10.252
2026-08-22T10:06:07.523000+00:00,11348,10,1292,1.959,7.339
2026-08-22T10:06:07.612000+00:00,11348,81,1292,0.778,3.397
2026-08-22T10:06:07.815000+00:00,11348,23,1292,0.949,13.113
2026-08-22T10:06:07.970000+00:00,11348,5,1292,0.476,7.815
2026-08-22T10:06:08.026000+00:00,11348,18,1292,0.224,13.337
2026-08-22T10:06:08.070000+00:00,11348,22,1292,0.571,10.823
2026-08-22T10:06:08.842000+00:00,11348,31,1292,0.742,11.565
2026-08-22T10:06:08.972000+00:00,11348,1,1292,1.253,1.253
2026-08-22T10:06:09.011000+00:00,11348,3,1292,1.403,4.8
2026-08-22T10:06:09.058000+00:00,11348,41,1292,1.062,8.877
2026-08-22T10:06:09.449000+00:00,11348,87,1292,0.635,12.2
2026-08-22T10:06:09.703000+00:00,11348,16,1292,0.747,2.0
2026-08-22T10:06:09.777000+00:00,11348,44,1292,0.773,5.573
2026-08-22T10:06:09.810000+00:00,11348,77,1292,1.786,15.123
2026-08-22T10:06:09.957000+00:00,11348,30,1292,0.921,9.798
2026-08-22T10:06:10.345000+00:00,11348,12,1292,0.66,2.66
2026-08-22T10:06:10.392000+00:00,11348,27,1292,0.592,15.715
2026-08-22T10:06:10.460000+00:00,11348,23,1292,0.994,13.194
2026-08-22T10:06:10.643000+00:00,11348,43,1292,0.675,10.473
2026-08-22T10:06:10.740000+00:00,11348,18,1292,0.279,13.473
2026-08-22T10:06:10.749000+00:00,11348,14,1292,0.348,16.063
2026-08-22T10:06:11.147000+00:00,11348,81,1292,0.789,3.449
2026-08-22T10:06:11.194000+00:00,11348,22,1292,0.559,11.032
2026-08-22T10:06:11.279000+00:00,11348,55,1292,0.513,16.576
2026-08-22T10:06:11.865000+00:00,11348,31,1292,0.661,11.693
2026-08-22T10:06:11.875000+00:00,11348,10,1292,2.11,7.683
2026-08-22T10:06:12.113000+00:00,11348,1,1292,1.27,1.27
2026-08-22T10:06:12.348000+00:00,11348,5,1292,0.465,8.148
2026-08-22T10:06:12.471000+00:00,11348,77,1292,1.727,15.2
2026-08-22T10:06:12.492000+00:00,11348,87,1292,0.606,12.299
2026-08-22T10:06:12.550000+00:00,11348,3,1292,1.396,4.845
2026-08-22T10:06:12.842000+00:00,11348,16,1292,0.737,2.007
2026-08-22T10:06:13.114000+00:00,11348,27,1292,0.653,15.853
2026-08-22T10:06:13.313000+00:00,11348,1,1292,1.277,1.277
2026-08-22T10:06:13.340000+00:00,11348,41,1292,0.972,9.12
2026-08-22T10:06:13.344000+00:00,11348,44,1292,0.782,5.627
2026-08-22T10:06:13.392000+00:00,11348,14,1292,0.274,16.127
2026-08-22T10:06:13.440000+00:00,11348,12,1292,0.604,2.611
2026-08-22T10:06:13.559000+00:00,11348,23,1292,1.09,13.389
2026-08-22T10:06:13.914000+00:00,11348,18,1292,0.342,13.731
2026-08-22T10:06:13.914000+00:00,11348,55,1292,0.536,16.663
2026-08-22T10:06:14.026000+00:00,11348,16,1292,0.72,1.997
2026-08-22T10:06:14.270000+00:00,11348,81,1292,0.818,3.429
2026-08-22T10:06:14.326000+00:00,11348,30,1292,1.012,10.132
2026-08-22T10:06:14.575000+00:00,11348,12,1292,0.57,2.567
2026-08-22T10:06:15.038000+00:00,11348,43,1292,0.702,10.834
2026-08-22T10:06:15.443000+00:00,11348,10,1292,2.112,7.739
2026-08-22T10:06:15.443000+00:00,11348,81,1292,0.821,3.388
2026-08-22T10:06:15.603000+00:00,11348,22,1292,0.576,11.41
2026-08-22T10:06:15.643000+00:00,11348,77,1292,1.739,15.47
2026-08-22T10:06:15.777000+00:00,11348,3,1292,1.492,4.921
2026-08-22T10:06:15.977000+00:00,11348,5,1292,0.494,8.233
2026-08-22T10:06:16.355000+00:00,11348,31,1292,0.733,12.143
2026-08-22T10:06:16.445000+00:00,11348,27,1292,0.778,16.248
2026-08-22T10:06:16.513000+00:00,11348,44,1292,0.729,5.65
2026-08-22T10:06:16.570000+00:00,11348,1,1292,1.074,1.074
2026-08-22T10:06:16.624000+00:00,11348,14,1292,0.218,16.466
2026-08-22T10:06:16.751000+00:00,11348,87,1292,0.393,12.536
2026-08-22T10:06:16.888000+00:00,11348,41,1292,0.961,9.194
2026-08-22T10:06:16.972000+00:00,11348,3,1292,1.56,4.948
2026-08-22T10:06:17.105000+00:00,11348,55,1292,0.457,16.923
2026-08-22T10:06:17.295000+00:00,11348,16,1292,0.723,1.797
2026-08-22T10:06:17.681000+00:00,11348,44,1292,0.697,5.645
2026-08-22T10:06:17.909000+00:00,11348,30,1292,1.014,10.208
2026-08-22T10:06:17.948000+00:00,11348,23,1292,1.214,13.75
2026-08-22T10:06:17.964000+00:00,11348,12,1292,0.671,2.468
2026-08-22T10:06:18.258000+00:00,11348,18,1292,0.305,14.055
2026-08-22T10:06:18.586000+00:00,11348,10,1292,2.094,7.744
2026-08-22T10:06:18.687000+00:00,11348,81,1292,0.703,3.171
2026-08-22T10:06:18.874000+00:00,11348,43,1292,0.705,10.913
2026-08-22T10:06:19.070000+00:00,11348,5,1292,0.512,8.256
2026-08-22T10:06:19.170000+00:00,11348,22,1292,0.564,11.477
2026-08-22T10:06:19.771000+00:00,11348,10,1292,2.086,7.731
2026-08-22T10:06:19.960000+00:00,11348,31,1292,0.805,12.282
2026-08-22T10:06:20.041000+00:00,11348,41,1292,0.943,9.199
2026-08-22T10:06:20.044000+00:00,11348,77,1292,1.782,15.837
2026-08-22T10:06:20.263000+00:00,11348,5,1292,0.484,8.215
2026-08-22T10:06:20.328000+00:00,11348,87,1292,0.327,12.609
2026-08-22T10:06:20.398000+00:00,11348,3,1292,1.712,4.883
2026-08-22T10:06:20.448000+00:00,11348,1,1292,0.887,0.887
2026-08-22T10:06:21.016000+00:00,11348,44,1292,0.639,5.522
2026-08-22T10:06:21.043000+00:00,11348,30,1292,1.007,10.206
2026-08-22T10:06:21.134000+00:00,11348,27,1292,1.105,16.942
2026-08-22T10:06:21.147000+00:00,11348,16,1292,0.699,1.586
2026-08-22T10:06:21.147000+00:00,11348,14,1292,0.024,16.966
2026-08-22T10:06:21.228000+00:00,11348,41,1292,0.974,9.189
2026-08-22T10:06:21.513000+00:00,11348,23,1292,1.208,13.817
2026-08-22T10:06:21.570000+00:00,11348,55,1292,0.428,17.394
2026-08-22T10:06:21.744000+00:00,11348,43,1292,0.7,10.906
2026-08-22T10:06:21.843000+00:00,11348,18,1292,0.34,14.157
2026-08-22T10:06:21.961000+00:00,11348,12,1292,0.786,2.372
2026-08-22T10:06:22.215000+00:00,11348,30,1292,0.987,10.176
2026-08-22T10:06:22.316000+00:00,11348,22,1292,0.554,11.46
2026-08-22T10:06:22.543000+00:00,11348,81,1292,0.605,2.977
2026-08-22T10:06:22.912000+00:00,11348,43,1292,0.708,10.884
2026-08-22T10:06:23.193000+00:00,11348,10,1292,2.172,7.694
2026-08-22T10:06:23.208000+00:00,11348,31,1292,0.918,12.378
2026-08-22T10:06:23.443000+00:00,11348,87,1292,0.225,12.603
2026-08-22T10:06:23.490000+00:00,11348,22,1292,0.551,11.435
2026-08-22T10:06:23.599000+00:00,11348,5,1292,0.406,8.1
2026-08-22T10:06:23.630000+00:00,11348,1,1292,0.868,0.868
2026-08-22T10:06:23.677000+00:00,11348,77,1292,1.813,15.97
2026-08-22T10:06:24.267000+00:00,11348,3,1292,1.735,4.712
2026-08-22T10:06:24.343000+00:00,11348,16,1292,0.722,1.59
2026-08-22T10:06:24.470000+00:00,11348,31,1292,0.972,12.407
2026-08-22T10:06:24.642000+00:00,11348,23,1292,1.198,13.801
2026-08-22T10:06:24.655000+00:00,11348,87,1292,0.191,12.598
2026-08-22T10:06:24.768000+00:00,11348,41,1292,1.15,9.25
2026-08-22T10:06:24.945000+00:00,11348,44,1292,0.645,5.357
2026-08-22T10:06:24.970000+00:00,11348,27,1292,1.291,17.261
2026-08-22T10:06:24.995000+00:00,11348,14,1292,0.017,17.278
2026-08-22T10:06:25.046000+00:00,11348,18,1292,0.412,14.213
2026-08-22T10:06:25.181000+00:00,11348,12,1292,0.826,2.416
2026-08-22T10:06:25.197000+00:00,11348,55,1292,0.22,17.498
2026-08-22T10:06:25.628000+00:00,11348,30,1292,0.876,10.126
2026-08-22T10:06:25.767000+00:00,11348,81,1292,0.6,3.016
2026-08-22T10:06:25.828000+00:00,11348,23,1292,1.195,13.793
2026-08-22T10:06:26.248000+00:00,11348,18,1292,0.435,14.228
2026-08-22T10:06:26.375000+00:00,11348,43,1292,0.741,10.867
2026-08-22T10:06:26.952000+00:00,11348,77,1292,1.826,16.039
2026-08-22T10:06:27.242000+00:00,11348,22,1292,0.658,11.525
2026-08-22T10:06:27.383000+00:00,11348,10,1292,2.212,7.569
2026-08-22T10:06:27.616000+00:00,11348,3,1292,1.766,4.782
2026-08-22T10:06:27.643000+00:00,11348,5,1292,0.449,8.018
2026-08-22T10:06:28.175000+00:00,11348,31,1292,0.893,12.418
2026-08-22T10:06:28.227000+00:00,11348,1,1292,0.88,0.88
2026-08-22T10:06:28.328000+00:00,11348,77,1292,1.823,16.051
2026-08-22T10:06:28.361000+00:00,11348,44,1292,0.581,5.363
2026-08-22T10:06:28.448000+00:00,11348,14,1292,1.313,17.352
2026-08-22T10:06:28.463000+00:00,11348,87,1292,0.329,12.747
2026-08-22T10:06:28.513000+00:00,11348,27,1292,0.287,17.639
2026-08-22T10:06:28.613000+00:00,11348,55,1292,0.158,17.797
2026-08-22T10:06:28.756000+00:00,11348,41,1292,1.166,9.184
2026-08-22T10:06:28.813000+00:00,11348,16,1292,0.87,1.75
2026-08-22T10:06:29.373000+00:00,11348,14,1292,1.282,17.333
2026-08-22T10:06:29.387000+00:00,11348,23,1292,1.115,13.862
2026-08-22T10:06:29.560000+00:00,11348,30,1292,0.816,10.0
2026-08-22T10:06:29.571000+00:00,11348,12,1292,0.768,2.518
2026-08-22T10:06:29.728000+00:00,11348,18,1292,0.354,14.216
2026-08-22T10:06:29.777000+00:00,11348,27,1292,0.403,17.736
2026-08-22T10:06:29.942000+00:00,11348,55,1292,0.164,17.9
2026-08-22T10:06:30.228000+00:00,11348,81,1292,0.622,3.14
2026-08-22T10:06:30.359000+00:00,11348,43,1292,0.807,10.807
2026-08-22T10:06:30.392000+00:00,11348,10,1292,2.282,7.645
2026-08-22T10:06:30.813000+00:00,11348,5,1292,0.394,8.039
2026-08-22T10:06:30.827000+00:00,11348,1,1292,1.007,1.007
2026-08-22T10:06:31.092000+00:00,11348,22,1292,0.744,11.551
2026-08-22T10:06:31.626000+00:00,11348,16,1292,0.808,1.815
2026-08-22T10:06:31.644000+00:00,11348,77,1292,1.928,16.144
2026-08-22T10:06:32.077000+00:00,11348,3,1292,1.787,4.927
2026-08-22T10:06:32.077000+00:00,11348,31,1292,0.904,12.455
2026-08-22T10:06:32.077000+00:00,11348,41,1292,1.241,9.28
2026-08-22T10:06:32.296000+00:00,11348,12,1292,0.681,2.496
2026-08-22T10:06:32.359000+00:00,11348,87,1292,0.354,12.809
2026-08-22T10:06:32.577000+00:00,11348,44,1292,0.588,5.515
2026-08-22T10:06:32.843000+00:00,11348,14,1292,1.197,17.341
2026-08-22T10:06:32.906000+00:00,11348,30,1292,0.864,10.144
2026-08-22T10:06:32.968000+00:00,11348,81,1292,0.682,3.178
2026-08-22T10:06:33.327000+00:00,11348,27,1292,0.475,17.816
2026-08-22T10:06:33.494000+00:00,11348,23,1292,1.112,13.921
2026-08-22T10:06:33.686000+00:00,11348,43,1292,0.78,10.924
2026-08-22T10:06:33.728000+00:00,11348,1,1292,1.115,1.115
2026-08-22T10:06:33.769000+00:00,11348,55,1292,0.45,18.266
2026-08-22T10:06:33.777000+00:00,11348,18,1292,0.284,14.205
2026-08-22T10:06:34.447000+00:00,11348,22,1292,0.762,11.686
2026-08-22T10:06:34.526000+00:00,11348,16,1292,0.802,1.917
2026-08-22T10:06:34.754000+00:00,11348,3,1292,1.78,4.958
2026-08-22T10:06:34.972000+00:00,11348,10,1292,2.371,7.886
2026-08-22T10:06:35.296000+00:00,11348,12,1292,0.748,2.665
2026-08-22T10:06:35.345000+00:00,11348,5,1292,0.399,8.285
2026-08-22T10:06:35.357000+00:00,11348,31,1292,0.919,12.605
2026-08-22T10:06:35.427000+00:00,11348,44,1292,0.664,5.622
2026-08-22T10:06:35.697000+00:00,11348,77,1292,1.932,16.137
2026-08-22T10:06:35.796000+00:00,11348,87,1292,0.43,13.035
2026-08-22T10:06:35.974000+00:00,11348,81,1292,0.693,3.358
2026-08-22T10:06:36.528000+00:00,11348,41,1292,1.162,9.447
2026-08-22T10:06:36.758000+00:00,11348,14,1292,1.062,17.199
2026-08-22T10:06:36.908000+00:00,11348,23,1292,1.105,14.14
2026-08-22T10:06:37.250000+00:00,11348,18,1292,0.355,14.495
2026-08-22T10:06:37.481000+00:00,11348,27,1292,0.656,17.855
2026-08-22T10:06:37.513000+00:00,11348,30,1292,0.998,10.445
2026-08-22T10:06:37.688000+00:00,11348,3,1292,1.7,5.058
2026-08-22T10:06:37.844000+00:00,11348,10,1292,2.422,8.044
2026-08-22T10:06:37.906000+00:00,11348,55,1292,0.499,18.354
2026-08-22T10:06:38.203000+00:00,11348,5,1292,0.341,8.385
2026-08-22T10:06:38.344000+00:00,11348,44,1292,,5.722
2026-08-22T10:06:38.375000+00:00,11348,43,1292,0.874,11.319
2026-08-22T10:06:38.781000+00:00,11348,1,1292,1.119,1.119
2026-08-22T10:06:39.074000+00:00,11348,77,1292,1.826,16.321
2026-08-22T10:06:39.079000+00:00,11348,22,1292,0.684,12.003
2026-08-22T10:06:39.325000+00:00,11348,41,1292,1.132,9.517
2026-08-22T10:06:39.629000+00:00,11348,16,1292,0.865,1.984
2026-08-22T10:06:40.009000+00:00,11348,31,1292,,12.922
2026-08-22T10:06:40.137000+00:00,11348,14,1292,1.032,17.353
2026-08-22T10:06:40.344000+00:00,11348,12,1292,0.685,2.669
2026-08-22T10:06:40.348000+00:00,11348,30,1292,1.011,10.528
2026-08-22T10:06:40.426000+00:00,11348,87,1292,0.428,13.35
2026-08-22T10:06:40.818000+00:00,11348,27,1292,0.695,18.048
2026-08-22T10:06:40.870000+00:00,11348,10,1292,2.538,8.26
2026-08-22T10:06:41.042000+00:00,11348,81,1292,0.745,3.414
2026-08-22T10:06:41.295000+00:00,11348,43,1292,0.975,11.503
2026-08-22T10:06:41.363000+00:00,11348,55,1292,0.517,18.565
2026-08-22T10:06:41.376000+00:00,11348,5,1292,0.457,8.717
2026-08-22T10:06:41.513000+00:00,11348,23,1292,1.086,14.436
2026-08-22T10:06:41.529000+00:00,11348,1,1292,1.016,1.016
2026-08-22T10:06:41.886000+00:00,11348,18,1292,0.375,14.811
2026-08-22T10:06:41.952000+00:00,11348,11,1292,+2 LAPS,+2 LAPS
2026-08-22T10:06:42.011000+00:00,11348,22,1292,0.679,12.182
2026-08-22T10:06:42.404000+00:00,11348,16,1292,0.91,1.926
2026-08-22T10:06:42.477000+00:00,11348,41,1292,1.145,9.862
2026-08-22T10:06:42.735000+00:00,11348,3,1292,1.679,5.093
2026-08-22T10:06:42.992000+00:00,11348,31,1292,1.014,13.196
2026-08-22T10:06:43.134000+00:00,11348,12,1292,0.727,2.653
2026-08-22T10:06:43.377000+00:00,11348,30,1292,0.881,10.743
2026-08-22T10:06:43.428000+00:00,11348,44,1292,0.69,5.783
2026-08-22T10:06:43.480000+00:00,11348,87,1292,0.465,13.661
2026-08-22T10:06:43.623000+00:00,11348,77,1292,1.75,16.561
2026-08-22T10:06:43.852000+00:00,11348,81,1292,0.74,3.393
2026-08-22T10:06:44.341000+00:00,11348,43,1292,0.999,11.742
2026-08-22T10:06:44.509000+00:00,11348,23,1292,1.021,14.682
2026-08-22T10:06:44.644000+00:00,11348,14,1292,1.002,17.563
2026-08-22T10:06:44.812000+00:00,11348,18,1292,0.315,14.997
2026-08-22T10:06:45.012000+00:00,11348,22,1292,0.651,12.393
2026-08-22T10:06:45.326000+00:00,11348,27,1292,0.686,18.249
2026-08-22T10:06:45.624000+00:00,11348,3,1292,1.757,5.15
2026-08-22T10:06:45.914000+00:00,11348,10,1292,2.496,8.279
2026-08-22T10:06:45.958000+00:00,11348,55,1292,0.633,18.882
2026-08-22T10:06:46.029000+00:00,11348,31,1292,1.022,13.415
2026-08-22T10:06:46.251000+00:00,11348,44,1292,0.637,5.787
2026-08-22T10:06:46.523000+00:00,11348,87,1292,0.505,13.92
2026-08-22T10:06:46.570000+00:00,11348,5,1292,0.62,8.899
2026-08-22T10:06:46.595000+00:00,11348,77,1292,1.759,16.756
2026-08-22T10:06:46.628000+00:00,11348,1,1292,1.166,1.166
2026-08-22T10:06:47.527000+00:00,11348,41,1292,0.978,9.877
2026-08-22T10:06:47.541000+00:00,11348,16,1292,0.869,2.035
2026-08-22T10:06:47.543000+00:00,11348,14,1292,0.957,17.713
2026-08-22T10:06:47.615000+00:00,11348,23,1292,1.08,15.0
2026-08-22T10:06:47.992000+00:00,11348,18,1292,0.37,15.37
2026-08-22T10:06:48.195000+00:00,11348,12,1292,0.686,2.721
2026-08-22T10:06:48.370000+00:00,11348,30,1292,0.852,10.729
2026-08-22T10:06:48.392000+00:00,11348,27,1292,0.882,18.595
2026-08-22T10:06:48.892000+00:00,11348,10,1292,2.541,8.328
2026-08-22T10:06:48.981000+00:00,11348,55,1292,0.571,19.166
2026-08-22T10:06:49.116000+00:00,11348,81,1292,0.895,3.616
2026-08-22T10:06:49.470000+00:00,11348,43,1292,1.037,11.766
2026-08-22T10:06:49.496000+00:00,11348,5,1292,0.669,8.997
2026-08-22T10:06:49.670000+00:00,11348,77,1292,1.654,17.024
2026-08-22T10:06:50.170000+00:00,11348,22,1292,0.712,12.478
2026-08-22T10:06:50.443000+00:00,11348,41,1292,0.98,9.977
2026-08-22T10:06:50.527000+00:00,11348,1,1292,1.113,1.113
2026-08-22T10:06:50.570000+00:00,11348,14,1292,0.909,17.933
2026-08-22T10:06:50.714000+00:00,11348,3,1292,1.631,5.247
2026-08-22T10:06:51.170000+00:00,11348,31,1292,1.037,13.515
2026-08-22T10:06:51.370000+00:00,11348,44,1292,0.612,5.859
2026-08-22T10:06:51.392000+00:00,11348,27,1292,0.845,18.778
2026-08-22T10:06:51.412000+00:00,11348,30,1292,0.949,10.926
2026-08-22T10:06:51.443000+00:00,11348,16,1292,0.936,2.049
2026-08-22T10:06:51.589000+00:00,11348,87,1292,0.428,13.943
2026-08-22T10:06:52.068000+00:00,11348,55,1292,0.672,19.45
2026-08-22T10:06:52.111000+00:00,11348,12,1292,0.669,2.718
2026-08-22T10:06:52.376000+00:00,11348,43,1292,0.986,11.912
2026-08-22T10:06:52.736000+00:00,11348,23,1292,1.137,15.08
2026-08-22T10:06:52.970000+00:00,11348,81,1292,0.847,3.565
2026-08-22T10:06:53.111000+00:00,11348,22,1292,0.733,12.645
2026-08-22T10:06:53.157000+00:00,11348,18,1292,0.448,15.528
2026-08-22T10:06:53.992000+00:00,11348,10,1292,2.668,8.527
2026-08-22T10:06:54.092000+00:00,11348,31,1292,0.985,13.63
2026-08-22T10:06:54.610000+00:00,11348,1,1292,1.096,1.096
2026-08-22T10:06:54.688000+00:00,11348,3,1292,1.63,5.195
2026-08-22T10:06:54.688000+00:00,11348,87,1292,0.504,14.134
2026-08-22T10:06:54.688000+00:00,11348,5,1292,0.614,9.141
2026-08-22T10:06:54.766000+00:00,11348,77,1292,1.607,17.135
2026-08-22T10:06:55.266000+00:00,11348,44,1292,0.662,5.857
2026-08-22T10:06:55.485000+00:00,11348,16,1292,0.951,2.047
2026-08-22T10:06:55.625000+00:00,11348,41,1292,1.027,10.168
2026-08-22T10:06:55.672000+00:00,11348,23,1292,1.052,15.186
2026-08-22T10:06:55.766000+00:00,11348,14,1292,0.952,18.087
2026-08-22T10:06:56.141000+00:00,11348,18,1292,0.421,15.607
2026-08-22T10:06:56.231000+00:00,11348,12,1292,0.736,2.783
2026-08-22T10:06:56.553000+00:00,11348,30,1292,0.906,11.074
2026-08-22T10:06:56.695000+00:00,11348,27,1292,0.957,19.044
2026-08-22T10:06:57.113000+00:00,11348,81,1292,0.898,3.681
2026-08-22T10:06:57.324000+00:00,11348,55,1292,0.628,19.672
2026-08-22T10:06:57.628000+00:00,11348,43,1292,1.047,12.121
2026-08-22T10:06:57.777000+00:00,11348,77,1292,1.669,17.276
2026-08-22T10:06:57.811000+00:00,11348,1,1292,1.088,1.088
2026-08-22T10:06:57.928000+00:00,11348,10,1292,2.683,8.54
2026-08-22T10:06:58.311000+00:00,11348,22,1292,0.721,12.842
2026-08-22T10:06:58.570000+00:00,11348,5,1292,0.63,9.17
2026-08-22T10:06:58.627000+00:00,11348,14,1292,0.849,18.125
2026-08-22T10:06:58.748000+00:00,11348,3,1292,1.552,5.233
2026-08-22T10:06:58.774000+00:00,11348,16,1292,0.937,2.025
2026-08-22T10:06:59.258000+00:00,11348,31,1292,0.946,13.788
2026-08-22T10:06:59.386000+00:00,11348,44,1292,0.688,5.921
2026-08-22T10:06:59.487000+00:00,11348,12,1292,0.744,2.769
2026-08-22T10:06:59.628000+00:00,11348,41,1292,1.067,10.237
2026-08-22T10:06:59.756000+00:00,11348,27,1292,1.118,19.243
2026-08-22T10:06:59.881000+00:00,11348,87,1292,0.622,14.41
2026-08-22T10:07:00.068000+00:00,11348,1,1292,1.077,1.077
2026-08-22T10:07:00.302000+00:00,11348,55,1292,0.586,19.829
2026-08-22T10:07:00.396000+00:00,11348,81,1292,0.911,3.68
2026-08-22T10:07:00.474000+00:00,11348,30,1292,0.863,11.1
2026-08-22T10:07:00.677000+00:00,11348,63,1292,0.0,0.0
2026-08-22T10:07:00.896000+00:00,11348,23,1292,1.035,15.445
2026-08-22T10:07:00.959000+00:00,11348,16,1292,0.92,1.997
2026-08-22T10:07:01.063000+00:00,11348,1,1292,1.071,1.071
2026-08-22T10:07:01.394000+00:00,11348,18,1292,0.471,15.916
2026-08-22T10:07:01.587000+00:00,11348,43,1292,1.098,12.198
2026-08-22T10:07:01.796000+00:00,11348,12,1292,0.731,2.728
2026-08-22T10:07:01.846000+00:00,11348,1,1292,1.065,1.065
2026-08-22T10:07:01.964000+00:00,11348,3,1292,,5.232
2026-08-22T10:07:02.004000+00:00,11348,16,1292,0.896,1.967
2026-08-22T10:07:02.170000+00:00,11348,10,1292,2.797,8.718
2026-08-22T10:07:02.342000+00:00,11348,22,1292,0.725,12.923
2026-08-22T10:07:02.570000+00:00,11348,16,1292,0.871,1.936
2026-08-22T10:07:02.626000+00:00,11348,81,1292,0.916,3.644
2026-08-22T10:07:02.656000+00:00,11348,44,1292,0.686,5.918
2026-08-22T10:07:02.710000+00:00,11348,12,1292,0.732,2.699
2026-08-22T10:07:02.777000+00:00,11348,5,1292,0.612,9.33
2026-08-22T10:07:02.880000+00:00,11348,77,1292,1.494,17.41
2026-08-22T10:07:03.247000+00:00,11348,31,1292,0.956,13.879
2026-08-22T10:07:03.294000+00:00,11348,12,1292,0.739,2.675
2026-08-22T10:07:03.604000+00:00,11348,81,1292,0.918,3.617
2026-08-22T10:07:03.864000+00:00,11348,14,1292,0.961,18.371
2026-08-22T10:07:03.923000+00:00,11348,87,1292,0.627,14.506
2026-08-22T10:07:03.943000+00:00,11348,41,1292,1.178,10.508
2026-08-22T10:07:03.994000+00:00,11348,1,1292,1.038,1.038
2026-08-22T10:07:04.189000+00:00,11348,3,1292,1.58,5.224
2026-08-22T10:07:04.228000+00:00,11348,81,1292,0.919,3.594
2026-08-22T10:07:04.764000+00:00,11348,16,1292,0.78,1.818
2026-08-22T10:07:04.777000+00:00,11348,30,1292,0.8,11.308
2026-08-22T10:07:04.870000+00:00,11348,44,1292,0.667,5.891
2026-08-22T10:07:04.908000+00:00,11348,27,1292,1.063,19.434
2026-08-22T10:07:04.928000+00:00,11348,23,1292,1.025,15.531
2026-08-22T10:07:05.215000+00:00,11348,3,1292,1.6,5.217
2026-08-22T10:07:05.448000+00:00,11348,10,1292,2.813,8.731
2026-08-22T10:07:05.448000+00:00,11348,18,1292,0.529,16.06
2026-08-22T10:07:05.529000+00:00,11348,12,1292,0.754,2.572
2026-08-22T10:07:05.614000+00:00,11348,55,1292,0.699,20.133
2026-08-22T10:07:05.842000+00:00,11348,3,1292,1.615,5.209
2026-08-22T10:07:05.859000+00:00,11348,44,1292,0.631,5.848
2026-08-22T10:07:05.871000+00:00,11348,43,1292,1.123,12.431
2026-08-22T10:07:05.945000+00:00,11348,1,1292,0.993,0.993
2026-08-22T10:07:06.053000+00:00,11348,5,1292,0.597,9.328
2026-08-22T10:07:06.426000+00:00,11348,44,1292,0.593,5.802
2026-08-22T10:07:06.459000+00:00,11348,81,1292,0.938,3.51
2026-08-22T10:07:06.683000+00:00,11348,22,1292,0.659,13.09
2026-08-22T10:07:06.860000+00:00,11348,16,1292,0.837,1.83
2026-08-22T10:07:06.893000+00:00,11348,77,1292,1.437,17.497
2026-08-22T10:07:07.258000+00:00,11348,41,1292,1.189,10.517
2026-08-22T10:07:07.492000+00:00,11348,31,1292,0.95,14.04
2026-08-22T10:07:07.517000+00:00,11348,12,1292,0.721,2.551
2026-08-22T10:07:07.695000+00:00,11348,10,1292,2.828,8.719
2026-08-22T10:07:07.870000+00:00,11348,14,1292,0.984,18.481
2026-08-22T10:07:08.042000+00:00,11348,30,1292,0.805,11.322
2026-08-22T10:07:08.113000+00:00,11348,3,1292,1.658,5.168
2026-08-22T10:07:08.148000+00:00,11348,87,1292,0.656,14.696
2026-08-22T10:07:08.313000+00:00,11348,5,1292,,9.316
2026-08-22T10:07:08.413000+00:00,11348,81,1292,0.922,3.473
2026-08-22T10:07:08.544000+00:00,11348,44,1292,0.433,5.601
2026-08-22T10:07:08.688000+00:00,11348,10,1292,2.855,8.703
2026-08-22T10:07:08.993000+00:00,11348,27,1292,1.13,19.611
2026-08-22T10:07:09.171000+00:00,11348,43,1292,1.117,12.439
2026-08-22T10:07:09.243000+00:00,11348,23,1292,1.08,15.776
2026-08-22T10:07:09.304000+00:00,11348,5,1292,0.614,9.317
2026-08-22T10:07:09.326000+00:00,11348,10,1292,2.878,8.68
2026-08-22T10:07:09.492000+00:00,11348,41,1292,1.18,10.496
2026-08-22T10:07:09.641000+00:00,11348,55,1292,0.648,20.259
2026-08-22T10:07:09.735000+00:00,11348,18,1292,0.469,16.245
2026-08-22T10:07:09.811000+00:00,11348,22,1292,0.649,13.088
2026-08-22T10:07:09.929000+00:00,11348,5,1292,0.637,
2026-08-22T10:07:10.132000+00:00,11348,3,1292,1.705,5.178
2026-08-22T10:07:10.260000+00:00,11348,30,1292,0.802,11.298
2026-08-22T10:07:10.445000+00:00,11348,41,1292,1.156,10.473
2026-08-22T10:07:10.537000+00:00,11348,44,1292,0.415,5.593
2026-08-22T10:07:10.778000+00:00,11348,31,1292,0.984,14.072
2026-08-22T10:07:11.058000+00:00,11348,1,1292,1.03,1.03
2026-08-22T10:07:11.093000+00:00,11348,41,1292,1.131,10.448
2026-08-22T10:07:11.142000+00:00,11348,77,1292,1.438,17.683
2026-08-22T10:07:11.270000+00:00,11348,30,1292,0.805,11.278
2026-08-22T10:07:11.370000+00:00,11348,43,1292,1.102,12.4
2026-08-22T10:07:11.444000+00:00,11348,87,1292,0.655,14.727
2026-08-22T10:07:11.498000+00:00,11348,10,1292,2.949,8.55
2026-08-22T10:07:11.873000+00:00,11348,16,1292,0.802,1.832
2026-08-22T10:07:11.970000+00:00,11348,30,1292,0.813,11.261
2026-08-22T10:07:12.044000+00:00,11348,22,1292,0.643,13.043
2026-08-22T10:07:12.227000+00:00,11348,5,1292,0.737,9.287
2026-08-22T10:07:12.227000+00:00,11348,14,1292,1.095,18.778
2026-08-22T10:07:12.364000+00:00,11348,43,1292,1.093,12.371
2026-08-22T10:07:12.427000+00:00,11348,12,1292,0.572,2.404
2026-08-22T10:07:12.513000+00:00,11348,23,1292,1.059,15.786
2026-08-22T10:07:12.988000+00:00,11348,22,1292,0.63,13.001
2026-08-22T10:07:12.999000+00:00,11348,43,1292,1.079,12.34
2026-08-22T10:07:13.026000+00:00,11348,18,1292,0.514,16.3
2026-08-22T10:07:13.051000+00:00,11348,31,1292,1.023,14.066
2026-08-22T10:07:13.284000+00:00,11348,41,1292,1.06,10.347
2026-08-22T10:07:13.326000+00:00,11348,27,1292,1.111,19.889
2026-08-22T10:07:13.443000+00:00,11348,81,1292,1.02,3.424
2026-08-22T10:07:13.587000+00:00,11348,10,1292,3.034,8.627
2026-08-22T10:07:13.593000+00:00,11348,22,1292,0.623,12.963
2026-08-22T10:07:13.614000+00:00,11348,1,1292,1.038,1.038
2026-08-22T10:07:13.693000+00:00,11348,87,1292,0.647,14.713
2026-08-22T10:07:14.025000+00:00,11348,31,1292,1.033,14.034
2026-08-22T10:07:14.027000+00:00,11348,55,1292,0.703,20.592
2026-08-22T10:07:14.292000+00:00,11348,5,1292,0.72,9.347
2026-08-22T10:07:14.392000+00:00,11348,30,1292,0.84,11.187
2026-08-22T10:07:14.424000+00:00,11348,16,1292,0.8,1.838
2026-08-22T10:07:14.428000+00:00,11348,77,1292,1.416,17.716
2026-08-22T10:07:14.673000+00:00,11348,31,1292,1.035,13.998
2026-08-22T10:07:14.716000+00:00,11348,87,1292,0.64,14.674
2026-08-22T10:07:14.749000+00:00,11348,23,1292,1.039,15.752
2026-08-22T10:07:14.932000+00:00,11348,12,1292,0.525,2.363
2026-08-22T10:07:15.080000+00:00,11348,3,1292,1.646,5.07
2026-08-22T10:07:15.114000+00:00,11348,43,1292,0.992,12.179
2026-08-22T10:07:15.249000+00:00,11348,18,1292,0.535,16.287
2026-08-22T10:07:15.270000+00:00,11348,87,1292,0.635,14.633
2026-08-22T10:07:15.287000+00:00,11348,41,1292,0.966,10.313
2026-08-22T10:07:15.570000+00:00,11348,14,1292,1.13,18.846
2026-08-22T10:07:15.615000+00:00,11348,44,1292,0.5,5.57
2026-08-22T10:07:15.727000+00:00,11348,23,1292,1.05,15.724
2026-08-22T10:07:15.759000+00:00,11348,22,1292,0.639,12.818
2026-08-22T10:07:16+00:00,11348,81,1292,1.051,3.414
2026-08-22T10:07:16.153000+00:00,11348,30,1292,0.878,11.191
2026-08-22T10:07:16.244000+00:00,11348,18,1292,0.526,16.25
2026-08-22T10:07:16.313000+00:00,11348,23,1292,1.06,15.693
2026-08-22T10:07:16.524000+00:00,11348,1,1292,1.018,1.018
2026-08-22T10:07:16.686000+00:00,11348,77,1292,1.421,17.708
2026-08-22T10:07:16.734000+00:00,11348,27,1292,1.142,19.988
2026-08-22T10:07:16.777000+00:00,11348,31,1292,1.018,13.836
2026-08-22T10:07:16.826000+00:00,11348,18,1292,0.519,16.212
2026-08-22T10:07:17.228000+00:00,11348,43,1292,1.082,12.273
2026-08-22T10:07:17.254000+00:00,11348,16,1292,0.741,1.759
2026-08-22T10:07:17.317000+00:00,11348,55,1292,0.618,20.606
2026-08-22T10:07:17.411000+00:00,11348,87,1292,0.639,14.475
2026-08-22T10:07:17.661000+00:00,11348,3,1292,1.672,5.086
2026-08-22T10:07:17.676000+00:00,11348,77,1292,1.445,17.695
2026-08-22T10:07:17.817000+00:00,11348,12,1292,0.533,2.292
2026-08-22T10:07:17.848000+00:00,11348,14,1292,1.146,18.854
2026-08-22T10:07:17.864000+00:00,11348,22,1292,0.654,12.927
2026-08-22T10:07:18.161000+00:00,11348,44,1292,0.49,5.576
2026-08-22T10:07:18.338000+00:00,11348,77,1292,1.468,17.68
2026-08-22T10:07:18.511000+00:00,11348,23,1292,1.076,15.551
2026-08-22T10:07:18.638000+00:00,11348,10,1292,3.044,8.614
2026-08-22T10:07:18.826000+00:00,11348,14,1292,1.149,18.844
2026-08-22T10:07:18.854000+00:00,11348,81,1292,1.049,3.341
2026-08-22T10:07:18.927000+00:00,11348,31,1292,1.011,13.938
2026-08-22T10:07:19.013000+00:00,11348,18,1292,0.504,16.055
2026-08-22T10:07:19.062000+00:00,11348,27,1292,1.228,20.082
2026-08-22T10:07:19.296000+00:00,11348,5,1292,0.668,9.282
2026-08-22T10:07:19.570000+00:00,11348,14,1292,1.151,18.831
2026-08-22T10:07:19.574000+00:00,11348,55,1292,0.468,20.55
2026-08-22T10:07:19.655000+00:00,11348,87,1292,0.773,14.711
2026-08-22T10:07:20.146000+00:00,11348,27,1292,1.312,20.156
2026-08-22T10:07:20.357000+00:00,11348,41,1292,1.065,10.347
2026-08-22T10:07:20.475000+00:00,11348,55,1292,0.335,20.491
2026-08-22T10:07:20.551000+00:00,11348,1,1292,0.991,0.991
2026-08-22T10:07:20.564000+00:00,11348,77,1292,1.569,17.624
2026-08-22T10:07:20.585000+00:00,11348,3,1292,1.736,5.077
2026-08-22T10:07:20.641000+00:00,11348,23,1292,0.962,15.673
2026-08-22T10:07:20.827000+00:00,11348,27,1292,1.377,20.208
2026-08-22T10:07:21.078000+00:00,11348,55,1292,0.224,20.432
2026-08-22T10:07:21.115000+00:00,11348,18,1292,0.471,16.144
2026-08-22T10:07:21.181000+00:00,11348,44,1292,0.587,5.664
2026-08-22T10:07:21.244000+00:00,11348,30,1292,,11.225
2026-08-22T10:07:21.244000+00:00,11348,10,1292,3.089,8.665
2026-08-22T10:07:21.381000+00:00,11348,16,1292,0.832,1.823
2026-08-22T10:07:21.716000+00:00,11348,14,1292,1.154,18.778
2026-08-22T10:07:21.892000+00:00,11348,5,1292,0.663,9.328
2026-08-22T10:07:21.897000+00:00,11348,12,1292,0.516,2.339
2026-08-22T10:07:22.314000+00:00,11348,43,1292,1.071,12.296
2026-08-22T10:07:22.913000+00:00,11348,77,1292,1.72,17.864
2026-08-22T10:07:22.941000+00:00,11348,81,1292,0.991,3.33
2026-08-22T10:07:22.975000+00:00,11348,22,1292,0.611,12.907
2026-08-22T10:07:22.975000+00:00,11348,41,1292,1.069,10.397
2026-08-22T10:07:23.144000+00:00,11348,55,1292,1.413,20.191
2026-08-22T10:07:23.270000+00:00,11348,27,1292,0.149,20.34
2026-08-22T10:07:23.789000+00:00,11348,30,1292,0.824,11.221
2026-08-22T10:07:23.908000+00:00,11348,14,1292,1.08,18.944
2026-08-22T10:07:23.941000+00:00,11348,31,1292,1.007,13.914
2026-08-22T10:07:24.270000+00:00,11348,10,1292,3.085,8.749
2026-08-22T10:07:24.663000+00:00,11348,87,1292,0.715,14.629
2026-08-22T10:07:24.704000+00:00,11348,3,1292,1.822,5.152
2026-08-22T10:07:24.924000+00:00,11348,43,1292,1.122,12.343
2026-08-22T10:07:24.936000+00:00,11348,16,1292,0.874,1.865
2026-08-22T10:07:24.944000+00:00,11348,5,1292,0.688,9.437
2026-08-22T10:07:25.214000+00:00,11348,55,1292,1.338,20.282
2026-08-22T10:07:25.359000+00:00,11348,44,1292,0.644,5.796
2026-08-22T10:07:25.437000+00:00,11348,12,1292,0.482,2.347
2026-08-22T10:07:25.513000+00:00,11348,27,1292,0.293,20.575
2026-08-22T10:07:25.608000+00:00,11348,22,1292,0.622,12.965
2026-08-22T10:07:25.809000+00:00,11348,23,1292,1.148,15.777
2026-08-22T10:07:26.087000+00:00,11348,41,1292,1.137,10.574
2026-08-22T10:07:26.146000+00:00,11348,18,1292,0.337,16.114
2026-08-22T10:07:26.428000+00:00,11348,81,1292,1.005,3.352
2026-08-22T10:07:26.543000+00:00,11348,31,1292,1.001,13.966
2026-08-22T10:07:26.843000+00:00,11348,30,1292,0.719,11.293
2026-08-22T10:07:27.226000+00:00,11348,1,1292,1.017,1.017
2026-08-22T10:07:27.313000+00:00,11348,87,1292,0.728,14.694
2026-08-22T10:07:27.842000+00:00,11348,43,1292,1.04,12.333
2026-08-22T10:07:27.864000+00:00,11348,77,1292,1.725,17.839
2026-08-22T10:07:28.053000+00:00,11348,16,1292,0.86,1.877
2026-08-22T10:07:28.247000+00:00,11348,3,1292,1.801,5.153
2026-08-22T10:07:28.409000+00:00,11348,23,1292,1.15,15.844
2026-08-22T10:07:28.426000+00:00,11348,1,1292,1.033,1.033
2026-08-22T10:07:28.513000+00:00,11348,12,1292,0.426,2.303
2026-08-22T10:07:28.546000+00:00,11348,22,1292,0.7,13.033
2026-08-22T10:07:28.609000+00:00,11348,10,1292,3.252,9.048
2026-08-22T10:07:28.911000+00:00,11348,18,1292,0.474,16.318
2026-08-22T10:07:28.924000+00:00,11348,14,1292,1.06,18.899
2026-08-22T10:07:28.951000+00:00,11348,44,1292,0.698,5.851
2026-08-22T10:07:29.227000+00:00,11348,16,1292,0.833,1.866
2026-08-22T10:07:29.242000+00:00,11348,5,1292,0.643,9.691
2026-08-22T10:07:29.514000+00:00,11348,31,1292,0.954,13.987
2026-08-22T10:07:29.546000+00:00,11348,81,1292,1.055,3.358
2026-08-22T10:07:29.643000+00:00,11348,12,1292,0.404,2.27
2026-08-22T10:07:30.292000+00:00,11348,41,1292,1.038,10.729
2026-08-22T10:07:30.337000+00:00,11348,87,1292,0.822,14.809
2026-08-22T10:07:30.380000+00:00,11348,55,1292,1.456,20.355
2026-08-22T10:07:30.453000+00:00,11348,77,1292,1.558,17.876
2026-08-22T10:07:30.727000+00:00,11348,81,1292,1.075,3.345
2026-08-22T10:07:30.824000+00:00,11348,27,1292,0.442,20.797
2026-08-22T10:07:31.071000+00:00,11348,30,1292,0.795,11.524
2026-08-22T10:07:31.392000+00:00,11348,3,1292,1.856,5.214
2026-08-22T10:07:31.503000+00:00,11348,23,1292,1.173,15.982
2026-08-22T10:07:31.515000+00:00,11348,14,1292,1.056,18.932
2026-08-22T10:07:31.673000+00:00,11348,1,1292,0.855,0.855
2026-08-22T10:07:31.999000+00:00,11348,18,1292,,16.456
2026-08-22T10:07:32.146000+00:00,11348,44,1292,0.713,5.927
2026-08-22T10:07:32.170000+00:00,11348,43,1292,1.045,12.569
2026-08-22T10:07:32.192000+00:00,11348,10,1292,3.27,9.121
2026-08-22T10:07:32.443000+00:00,11348,16,1292,0.792,1.647
2026-08-22T10:07:32.613000+00:00,11348,3,1292,1.904,5.249
2026-08-22T10:07:32.813000+00:00,11348,22,1292,0.668,13.237
2026-08-22T10:07:32.888000+00:00,11348,5,1292,0.67,9.791
2026-08-22T10:07:32.991000+00:00,11348,55,1292,1.49,20.422
2026-08-22T10:07:33.054000+00:00,11348,12,1292,0.597,2.244
2026-08-22T10:07:33.327000+00:00,11348,44,1292,0.714,5.963
2026-08-22T10:07:33.546000+00:00,11348,77,1292,1.57,18.026
2026-08-22T10:07:33.546000+00:00,11348,27,1292,0.556,20.978
2026-08-22T10:07:33.780000+00:00,11348,31,1292,0.976,14.213
2026-08-22T10:07:33.843000+00:00,11348,41,1292,0.978,10.769
2026-08-22T10:07:33.905000+00:00,11348,81,1292,0.867,3.111
2026-08-22T10:07:34.546000+00:00,11348,87,1292,0.751,14.964
2026-08-22T10:07:34.608000+00:00,11348,14,1292,1.074,19.1
2026-08-22T10:07:34.671000+00:00,11348,30,1292,0.828,11.597
2026-08-22T10:07:35.364000+00:00,11348,10,1292,3.242,9.169
2026-08-22T10:07:35.483000+00:00,11348,1,1292,0.737,0.737
2026-08-22T10:07:35.702000+00:00,11348,43,1292,1.038,12.635
2026-08-22T10:07:35.858000+00:00,11348,23,1292,1.333,16.297
2026-08-22T10:07:35.999000+00:00,11348,3,1292,2.093,5.204
2026-08-22T10:07:36.015000+00:00,11348,55,1292,1.398,20.498
2026-08-22T10:07:36.062000+00:00,11348,5,1292,0.701,9.87
2026-08-22T10:07:36.265000+00:00,11348,16,1292,0.783,1.52
2026-08-22T10:07:36.280000+00:00,11348,18,1292,0.41,16.707
2026-08-22T10:07:36.343000+00:00,11348,22,1292,0.632,13.267
2026-08-22T10:07:36.562000+00:00,11348,10,1292,3.23,9.193
2026-08-22T10:07:36.718000+00:00,11348,27,1292,0.691,21.189
2026-08-22T10:07:36.733000+00:00,11348,44,1292,0.737,5.941
2026-08-22T10:07:36.952000+00:00,11348,12,1292,0.694,2.214
2026-08-22T10:07:37.030000+00:00,11348,41,1292,0.952,10.822
2026-08-22T10:07:37.280000+00:00,11348,5,1292,0.709,9.902
2026-08-22T10:07:37.358000+00:00,11348,31,1292,1.022,14.289
2026-08-22T10:07:37.718000+00:00,11348,81,1292,0.761,2.975
2026-08-22T10:07:37.798000+00:00,11348,30,1292,0.786,11.608
2026-08-22T10:07:37.870000+00:00,11348,77,1292,1.612,18.319
2026-08-22T10:07:38.111000+00:00,11348,87,1292,0.75,15.039
2026-08-22T10:07:38.249000+00:00,11348,41,1292,0.95,10.852
2026-08-22T10:07:38.627000+00:00,11348,1,1292,0.706,0.706
2026-08-22T10:07:38.809000+00:00,11348,43,1292,1.009,12.617
2026-08-22T10:07:38.828000+00:00,11348,14,1292,0.959,19.278
2026-08-22T10:07:38.958000+00:00,11348,30,1292,0.742,11.594
2026-08-22T10:07:39.429000+00:00,11348,23,1292,1.316,16.355
2026-08-22T10:07:39.460000+00:00,11348,22,1292,0.653,13.27
2026-08-22T10:07:39.479000+00:00,11348,16,1292,0.854,1.56
2026-08-22T10:07:39.901000+00:00,11348,18,1292,0.454,16.809
2026-08-22T10:07:39.913000+00:00,11348,3,1292,2.168,5.143
2026-08-22T10:07:39.952000+00:00,11348,43,1292,0.988,12.582
2026-08-22T10:07:40.071000+00:00,11348,10,1292,3.326,9.267
2026-08-22T10:07:40.194000+00:00,11348,12,1292,0.693,2.253
2026-08-22T10:07:40.464000+00:00,11348,55,1292,1.621,20.899
2026-08-22T10:07:40.627000+00:00,11348,31,1292,1.153,14.423
2026-08-22T10:07:40.627000+00:00,11348,22,1292,0.68,13.262
2026-08-22T10:07:40.685000+00:00,11348,5,1292,0.604,9.871
2026-08-22T10:07:40.693000+00:00,11348,44,1292,0.766,5.909
2026-08-22T10:07:40.906000+00:00,11348,81,1292,0.731,2.984
2026-08-22T10:07:41.101000+00:00,11348,27,1292,0.648,21.547
2026-08-22T10:07:41.308000+00:00,11348,87,1292,0.682,15.105
2026-08-22T10:07:41.545000+00:00,11348,77,1292,1.664,18.473
2026-08-22T10:07:41.848000+00:00,11348,41,1292,1.18,11.051
2026-08-22T10:07:41.852000+00:00,11348,31,1292,1.223,14.485
2026-08-22T10:07:42.342000+00:00,11348,30,1292,0.503,11.554
2026-08-22T10:07:42.453000+00:00,11348,14,1292,0.91,19.383
2026-08-22T10:07:42.501000+00:00,11348,87,1292,0.64,15.125
2026-08-22T10:07:42.595000+00:00,11348,23,1292,1.295,16.4
2026-08-22T10:07:43.033000+00:00,11348,1,1292,0.755,0.755
2026-08-22T10:07:43.078000+00:00,11348,18,1292,0.495,16.895
2026-08-22T10:07:43.097000+00:00,11348,3,1292,2.181,5.165
2026-08-22T10:07:43.340000+00:00,11348,43,1292,0.976,12.53
2026-08-22T10:07:43.810000+00:00,11348,44,1292,0.726,5.891
2026-08-22T10:07:43.810000+00:00,11348,23,1292,1.31,16.435
2026-08-22T10:07:43.934000+00:00,11348,16,1292,0.889,1.644
2026-08-22T10:07:44.059000+00:00,11348,55,1292,1.586,20.969
2026-08-22T10:07:44.090000+00:00,11348,22,1292,0.729,13.259
2026-08-22T10:07:44.090000+00:00,11348,10,1292,3.411,9.32
2026-08-22T10:07:44.309000+00:00,11348,18,1292,0.497,16.932
2026-08-22T10:07:44.668000+00:00,11348,5,1292,0.577,9.897
2026-08-22T10:07:44.715000+00:00,11348,12,1292,0.768,2.412
2026-08-22T10:07:44.731000+00:00,11348,77,1292,1.653,18.548
2026-08-22T10:07:44.812000+00:00,11348,27,1292,0.767,21.736
2026-08-22T10:07:45.246000+00:00,11348,31,1292,1.193,14.452
2026-08-22T10:07:45.403000+00:00,11348,81,1292,0.708,3.12
2026-08-22T10:07:45.684000+00:00,11348,14,1292,0.946,19.494
2026-08-22T10:07:45.871000+00:00,11348,41,1292,1.217,11.114
2026-08-22T10:07:45.918000+00:00,11348,1,1292,0.909,0.909
2026-08-22T10:07:45.918000+00:00,11348,77,1292,1.635,18.567
2026-08-22T10:07:45.965000+00:00,11348,87,1292,0.714,15.166
2026-08-22T10:07:46.262000+00:00,11348,30,1292,0.404,11.518
2026-08-22T10:07:46.778000+00:00,11348,16,1292,0.807,1.716
2026-08-22T10:07:46.934000+00:00,11348,14,1292,0.972,19.539
2026-08-22T10:07:47.309000+00:00,11348,55,1292,1.517,21.011
2026-08-22T10:07:47.356000+00:00,11348,43,1292,1.049,12.567
2026-08-22T10:07:47.387000+00:00,11348,23,1292,1.389,16.555
2026-08-22T10:07:47.403000+00:00,11348,10,1292,3.558,9.449
2026-08-22T10:07:47.450000+00:00,11348,12,1292,0.698,2.414
2026-08-22T10:07:47.559000+00:00,11348,3,1292,2.165,5.285
2026-08-22T10:07:47.825000+00:00,11348,18,1292,0.41,16.965
2026-08-22T10:07:47.996000+00:00,11348,5,1292,0.608,10.057
2026-08-22T10:07:48.012000+00:00,11348,22,1292,0.676,13.243
2026-08-22T10:07:48.231000+00:00,11348,81,1292,0.769,3.183
2026-08-22T10:07:48.293000+00:00,11348,27,1292,1.077,22.088
2026-08-22T10:07:48.356000+00:00,11348,44,1292,0.804,6.089
2026-08-22T10:07:48.387000+00:00,11348,55,1292,1.492,21.031
2026-08-22T10:07:49.047000+00:00,11348,1,1292,1.024,1.024
2026-08-22T10:07:49.170000+00:00,11348,41,1292,1.187,11.244
2026-08-22T10:07:49.213000+00:00,11348,31,1292,1.235,14.478
2026-08-22T10:07:49.397000+00:00,11348,77,1292,1.647,18.612
2026-08-22T10:07:49.596000+00:00,11348,27,1292,1.2,22.231
2026-08-22T10:07:49.689000+00:00,11348,16,1292,0.694,1.718
2026-08-22T10:07:49.743000+00:00,11348,30,1292,0.585,11.829
2026-08-22T10:07:49.959000+00:00,11348,87,1292,0.731,15.209
2026-08-22T10:07:50.334000+00:00,11348,14,1292,0.906,19.518
2026-08-22T10:07:50.384000+00:00,11348,3,1292,2.182,5.365
2026-08-22T10:07:50.460000+00:00,11348,12,1292,0.742,2.46
2026-08-22T10:07:50.643000+00:00,11348,43,1292,0.889,12.718
2026-08-22T10:07:51.209000+00:00,11348,44,1292,0.82,6.185
2026-08-22T10:07:51.303000+00:00,11348,22,1292,0.652,13.37
2026-08-22T10:07:51.368000+00:00,11348,81,1292,0.924,3.384
2026-08-22T10:07:51.413000+00:00,11348,23,1292,1.463,16.672
2026-08-22T10:07:51.859000+00:00,11348,18,1292,0.427,17.099
2026-08-22T10:07:51.886000+00:00,11348,55,1292,1.541,21.059
2026-08-22T10:07:51.942000+00:00,11348,10,1292,3.56,9.649
2026-08-22T10:07:52.498000+00:00,11348,31,1292,1.211,14.581
2026-08-22T10:07:52.574000+00:00,11348,5,1292,0.623,10.272
2026-08-22T10:07:53.035000+00:00,11348,27,1292,1.182,22.241
2026-08-22T10:07:53.329000+00:00,11348,87,1292,0.776,15.357
2026-08-22T10:07:53.375000+00:00,11348,3,1292,2.001,5.385
2026-08-22T10:07:53.484000+00:00,11348,77,1292,1.602,18.701
2026-08-22T10:07:53.711000+00:00,11348,41,1292,1.154,11.426
2026-08-22T10:07:53.971000+00:00,11348,1,1292,0.964,0.964
2026-08-22T10:07:54.165000+00:00,11348,44,1292,0.783,6.168
2026-08-22T10:07:54.265000+00:00,11348,14,1292,0.788,19.489
2026-08-22T10:07:54.427000+00:00,11348,30,1292,0.718,12.144
2026-08-22T10:07:54.744000+00:00,11348,23,1292,1.495,16.852
2026-08-22T10:07:54.779000+00:00,11348,16,1292,0.8,1.764
2026-08-22T10:07:54.857000+00:00,11348,10,1292,3.665,9.85
2026-08-22T10:07:55.228000+00:00,11348,18,1292,0.459,17.311
2026-08-22T10:07:55.344000+00:00,11348,43,1292,0.897,13.041
2026-08-22T10:07:55.445000+00:00,11348,12,1292,0.666,2.43
2026-08-22T10:07:55.460000+00:00,11348,5,1292,0.606,10.456
2026-08-22T10:07:55.871000+00:00,11348,55,1292,1.641,21.13
2026-08-22T10:07:56.013000+00:00,11348,22,1292,0.678,13.719
2026-08-22T10:07:56.433000+00:00,11348,81,1292,0.984,3.414
2026-08-22T10:07:56.570000+00:00,11348,41,1292,1.065,11.521
2026-08-22T10:07:56.772000+00:00,11348,1,1292,0.946,0.946
2026-08-22T10:07:56.909000+00:00,11348,77,1292,1.665,18.976
2026-08-22T10:07:57.056000+00:00,11348,27,1292,1.179,22.309
2026-08-22T10:07:57.103000+00:00,11348,31,1292,1.107,14.826
2026-08-22T10:07:57.290000+00:00,11348,30,1292,0.758,12.279
2026-08-22T10:07:57.525000+00:00,11348,16,1292,0.749,1.695
2026-08-22T10:07:57.587000+00:00,11348,14,1292,0.714,19.69
2026-08-22T10:07:57.853000+00:00,11348,10,1292,3.717,9.885
2026-08-22T10:07:57.932000+00:00,11348,87,1292,0.811,15.637
2026-08-22T10:07:58.227000+00:00,11348,12,1292,0.638,2.333
2026-08-22T10:07:58.262000+00:00,11348,43,1292,0.965,13.244
2026-08-22T10:07:58.473000+00:00,11348,3,1292,2.031,5.445
2026-08-22T10:07:58.531000+00:00,11348,5,1292,0.659,10.544
2026-08-22T10:07:58.875000+00:00,11348,22,1292,0.633,13.877
2026-08-22T10:07:59.159000+00:00,11348,55,1292,1.561,21.251
2026-08-22T10:07:59.259000+00:00,11348,81,1292,1.11,3.443
2026-08-22T10:07:59.292000+00:00,11348,44,1292,0.842,6.287
2026-08-22T10:07:59.418000+00:00,11348,23,1292,1.496,17.133
2026-08-22T10:07:59.592000+00:00,11348,41,1292,1.067,11.611
2026-08-22T10:07:59.833000+00:00,11348,18,1292,0.405,17.538
2026-08-22T10:08:00.093000+00:00,11348,31,1292,1.207,15.084
2026-08-22T10:08:00.324000+00:00,11348,27,1292,1.142,22.393
2026-08-22T10:08:00.424000+00:00,11348,30,1292,0.849,12.46
2026-08-22T10:08:00.930000+00:00,11348,87,1292,0.828,15.912
2026-08-22T10:08:01.271000+00:00,11348,43,1292,0.828,13.288
2026-08-22T10:08:01.370000+00:00,11348,3,1292,2.122,5.565
2026-08-22T10:08:01.508000+00:00,11348,77,1292,1.672,19.21
2026-08-22T10:08:01.870000+00:00,11348,1,1292,0.964,0.964
2026-08-22T10:08:01.970000+00:00,11348,22,1292,0.684,13.972
2026-08-22T10:08:02.178000+00:00,11348,44,1292,0.804,6.369
2026-08-22T10:08:02.230000+00:00,11348,14,1292,0.726,19.936
2026-08-22T10:08:02.408000+00:00,11348,23,1292,1.476,17.388
2026-08-22T10:08:02.627000+00:00,11348,16,1292,0.746,1.71
2026-08-22T10:08:02.813000+00:00,11348,18,1292,0.407,17.795
2026-08-22T10:08:02.930000+00:00,11348,10,1292,3.639,9.926
2026-08-22T10:08:03.124000+00:00,11348,31,1292,1.189,15.161
2026-08-22T10:08:03.265000+00:00,11348,12,1292,0.62,2.33
2026-08-22T10:08:03.693000+00:00,11348,5,1292,0.742,10.668
2026-08-22T10:08:03.915000+00:00,11348,55,1292,1.684,21.62
2026-08-22T10:08:03.971000+00:00,11348,87,1292,0.839,16.0
2026-08-22T10:08:04.414000+00:00,11348,81,1292,1.174,3.504
2026-08-22T10:08:04.446000+00:00,11348,77,1292,1.638,19.433
2026-08-22T10:08:04.700000+00:00,11348,41,1292,1.0,11.668
2026-08-22T10:08:04.793000+00:00,11348,27,1292,0.899,22.519
2026-08-22T10:08:05.168000+00:00,11348,14,1292,0.717,20.15
2026-08-22T10:08:05.497000+00:00,11348,30,1292,0.808,12.476
2026-08-22T10:08:05.497000+00:00,11348,23,1292,1.517,17.517
2026-08-22T10:08:05.810000+00:00,11348,10,1292,3.577,9.946
2026-08-22T10:08:05.825000+00:00,11348,1,1292,0.935,0.935
2026-08-22T10:08:05.950000+00:00,11348,18,1292,0.46,17.977
2026-08-22T10:08:06.403000+00:00,11348,43,1292,0.927,13.403
2026-08-22T10:08:06.450000+00:00,11348,3,1292,2.019,5.523
2026-08-22T10:08:06.700000+00:00,11348,16,1292,0.804,1.739
2026-08-22T10:08:06.762000+00:00,11348,5,1292,0.832,10.778
2026-08-22T10:08:06.997000+00:00,11348,55,1292,1.787,21.937
2026-08-22T10:08:07.168000+00:00,11348,12,1292,0.567,2.306
2026-08-22T10:08:07.184000+00:00,11348,22,1292,0.751,14.154
2026-08-22T10:08:07.340000+00:00,11348,44,1292,0.873,6.396
2026-08-22T10:08:07.465000+00:00,11348,77,1292,1.5,19.477
2026-08-22T10:08:07.575000+00:00,11348,41,1292,0.991,11.769
2026-08-22T10:08:07.840000+00:00,11348,27,1292,,22.836
2026-08-22T10:08:08.278000+00:00,11348,14,1292,0.799,20.276
2026-08-22T10:08:08.340000+00:00,11348,81,1292,1.205,3.511
2026-08-22T10:08:08.434000+00:00,11348,31,1292,1.226,15.38
2026-08-22T10:08:08.434000+00:00,11348,30,1292,0.825,12.594
2026-08-22T10:08:09.169000+00:00,11348,87,1292,0.772,16.152
2026-08-22T10:08:09.247000+00:00,11348,43,1292,0.823,13.417
2026-08-22T10:08:09.812000+00:00,11348,1,1292,0.922,0.922
2026-08-22T10:08:10.012000+00:00,11348,55,1292,1.754,22.03
2026-08-22T10:08:10.153000+00:00,11348,22,1292,0.893,14.31
2026-08-22T10:08:10.372000+00:00,11348,3,1292,2.02,5.531
2026-08-22T10:08:10.559000+00:00,11348,16,1292,0.8,1.722
2026-08-22T10:08:10.700000+00:00,11348,23,1292,1.521,17.673
2026-08-22T10:08:10.825000+00:00,11348,27,1292,0.825,22.855
2026-08-22T10:08:10.934000+00:00,11348,18,1292,0.25,17.923
2026-08-22T10:08:10.934000+00:00,11348,10,1292,3.615,10.011
2026-08-22T10:08:11.231000+00:00,11348,31,1292,1.123,15.433
2026-08-22T10:08:11.262000+00:00,11348,12,1292,0.635,2.357
2026-08-22T10:08:11.272000+00:00,11348,44,1292,0.916,6.447
2026-08-22T10:08:11.742000+00:00,11348,5,1292,0.803,10.814
2026-08-22T10:08:12.148000+00:00,11348,87,1292,0.894,16.327
2026-08-22T10:08:12.428000+00:00,11348,81,1292,1.202,3.559
2026-08-22T10:08:12.627000+00:00,11348,77,1292,1.689,19.612
2026-08-22T10:08:12.777000+00:00,11348,41,1292,1.053,11.867
2026-08-22T10:08:13.089000+00:00,11348,1,1292,0.901,0.901
2026-08-22T10:08:13.314000+00:00,11348,14,1292,0.688,20.3
2026-08-22T10:08:13.582000+00:00,11348,30,1292,0.81,12.677
2026-08-22T10:08:13.632000+00:00,11348,23,1292,1.475,17.802
2026-08-22T10:08:13.860000+00:00,11348,16,1292,0.793,1.694
2026-08-22T10:08:13.893000+00:00,11348,18,1292,0.264,18.066
2026-08-22T10:08:14.471000+00:00,11348,43,1292,0.883,13.56
2026-08-22T10:08:14.488000+00:00,11348,3,1292,2.033,5.592
2026-08-22T10:08:14.513000+00:00,11348,12,1292,0.633,2.327
2026-08-22T10:08:14.897000+00:00,11348,10,1292,3.635,10.082
2026-08-22T10:08:15.193000+00:00,11348,55,1292,1.881,22.181
2026-08-22T10:08:15.294000+00:00,11348,22,1292,0.814,14.374
2026-08-22T10:08:15.313000+00:00,11348,1,1292,0.886,0.886
2026-08-22T10:08:15.371000+00:00,11348,44,1292,0.876,6.468
2026-08-22T10:08:15.487000+00:00,11348,77,1292,1.603,19.669
2026-08-22T10:08:15.709000+00:00,11348,5,1292,0.796,10.878
2026-08-22T10:08:15.755000+00:00,11348,81,1292,1.216,3.543
2026-08-22T10:08:16.092000+00:00,11348,16,1292,0.776,1.662
2026-08-22T10:08:16.092000+00:00,11348,63,1292,0.0,0.0
2026-08-22T10:08:16.127000+00:00,11348,27,1292,0.942,23.123
2026-08-22T10:08:16.213000+00:00,11348,14,1292,0.727,20.396
2026-08-22T10:08:16.320000+00:00,11348,1,1292,0.877,0.877
2026-08-22T10:08:16.413000+00:00,11348,31,1292,1.111,15.485
2026-08-22T10:08:16.734000+00:00,11348,12,1292,0.612,2.274
2026-08-22T10:08:16.783000+00:00,11348,41,1292,1.052,11.93
2026-08-22T10:08:16.958000+00:00,11348,1,1292,0.874,0.874
2026-08-22T10:08:17.093000+00:00,11348,16,1292,0.755,1.632
2026-08-22T10:08:17.328000+00:00,11348,87,1292,0.936,16.421
2026-08-22T10:08:17.564000+00:00,11348,30,1292,0.802,12.732
2026-08-22T10:08:17.671000+00:00,11348,16,1292,0.733,1.607
2026-08-22T10:08:17.687000+00:00,11348,12,1292,0.609,2.241
2026-08-22T10:08:17.765000+00:00,11348,3,1292,2.041,5.584
2026-08-22T10:08:17.952000+00:00,11348,81,1292,1.25,3.524
2026-08-22T10:08:17.984000+00:00,11348,55,1292,1.773,22.169
2026-08-22T10:08:18.437000+00:00,11348,12,1292,0.61,2.217
2026-08-22T10:08:18.515000+00:00,11348,43,1292,0.882,13.614
2026-08-22T10:08:18.609000+00:00,11348,44,1292,0.863,6.447
2026-08-22T10:08:18.812000+00:00,11348,23,1292,1.465,17.886
2026-08-22T10:08:18.968000+00:00,11348,81,1292,1.273,3.514
2026-08-22T10:08:19.062000+00:00,11348,27,1292,1.056,23.225
2026-08-22T10:08:19.124000+00:00,11348,10,1292,3.75,10.218
2026-08-22T10:08:19.218000+00:00,11348,1,1292,0.854,0.854
2026-08-22T10:08:19.218000+00:00,11348,18,1292,0.416,18.302
2026-08-22T10:08:19.280000+00:00,11348,22,1292,0.824,14.438
2026-08-22T10:08:19.581000+00:00,11348,81,1292,1.293,3.51
2026-08-22T10:08:19.862000+00:00,11348,16,1292,0.649,1.503
2026-08-22T10:08:19.925000+00:00,11348,5,1292,0.807,11.025
2026-08-22T10:08:20.018000+00:00,11348,3,1292,2.082,5.606
2026-08-22T10:08:20.393000+00:00,11348,31,1292,1.114,15.552
2026-08-22T10:08:20.487000+00:00,11348,12,1292,,2.113
2026-08-22T10:08:20.726000+00:00,11348,77,1292,1.496,19.798
2026-08-22T10:08:20.853000+00:00,11348,44,1292,0.816,6.422
2026-08-22T10:08:21.003000+00:00,11348,41,1292,1.085,12.11
2026-08-22T10:08:21.086000+00:00,11348,3,1292,2.126,5.64
2026-08-22T10:08:21.225000+00:00,11348,1,1292,0.852,0.852
2026-08-22T10:08:21.395000+00:00,11348,87,1292,1.001,16.553
2026-08-22T10:08:21.483000+00:00,11348,14,1292,0.737,20.535
2026-08-22T10:08:21.778000+00:00,11348,3,1292,2.158,5.668
2026-08-22T10:08:21.844000+00:00,11348,81,1292,1.367,3.48
2026-08-22T10:08:21.844000+00:00,11348,30,1292,0.812,12.922
2026-08-22T10:08:21.844000+00:00,11348,44,1292,0.754,6.394
2026-08-22T10:08:21.859000+00:00,11348,16,1292,0.644,1.496
2026-08-22T10:08:22.387000+00:00,11348,12,1292,0.531,2.027
2026-08-22T10:08:22.394000+00:00,11348,10,1292,3.776,10.223
2026-08-22T10:08:22.470000+00:00,11348,44,1292,0.703,6.371
2026-08-22T10:08:22.661000+00:00,11348,43,1292,0.823,13.745
2026-08-22T10:08:22.828000+00:00,11348,23,1292,1.44,17.993
2026-08-22T10:08:23.214000+00:00,11348,5,1292,0.809,11.032
2026-08-22T10:08:23.283000+00:00,11348,55,1292,1.837,22.372
2026-08-22T10:08:23.292000+00:00,11348,18,1292,0.482,18.475
2026-08-22T10:08:23.478000+00:00,11348,22,1292,0.827,14.572
2026-08-22T10:08:23.777000+00:00,11348,81,1292,1.385,3.412
2026-08-22T10:08:24.094000+00:00,11348,3,1292,2.244,5.724
2026-08-22T10:08:24.142000+00:00,11348,27,1292,0.84,23.212
2026-08-22T10:08:24.263000+00:00,11348,41,1292,1.059,12.091
2026-08-22T10:08:24.571000+00:00,11348,31,1292,1.108,15.68
2026-08-22T10:08:24.632000+00:00,11348,44,1292,0.542,6.266
2026-08-22T10:08:24.644000+00:00,11348,10,1292,3.787,10.209
2026-08-22T10:08:24.728000+00:00,11348,77,1292,1.409,19.884
2026-08-22T10:08:25.112000+00:00,11348,30,1292,0.827,12.918
2026-08-22T10:08:25.459000+00:00,11348,5,1292,0.802,11.011
2026-08-22T10:08:25.512000+00:00,11348,14,1292,0.782,20.666
2026-08-22T10:08:25.588000+00:00,11348,87,1292,0.966,16.646
2026-08-22T10:08:25.644000+00:00,11348,10,1292,3.805,10.199
2026-08-22T10:08:25.893000+00:00,11348,43,1292,0.807,13.725
2026-08-22T10:08:26.142000+00:00,11348,3,1292,2.362,5.774
2026-08-22T10:08:26.260000+00:00,11348,10,1292,3.816,10.187
2026-08-22T10:08:26.299000+00:00,11348,1,1292,0.976,0.976
2026-08-22T10:08:26.440000+00:00,11348,5,1292,0.8,10.999
2026-08-22T10:08:26.487000+00:00,11348,41,1292,1.048,12.059
2026-08-22T10:08:26.612000+00:00,11348,44,1292,0.442,6.216
2026-08-22T10:08:26.753000+00:00,11348,22,1292,0.826,14.551
2026-08-22T10:08:26.971000+00:00,11348,16,1292,0.629,1.605
2026-08-22T10:08:27.096000+00:00,11348,5,1292,0.805,10.992
2026-08-22T10:08:27.096000+00:00,11348,23,1292,1.501,18.147
2026-08-22T10:08:27.300000+00:00,11348,55,1292,1.797,22.463
2026-08-22T10:08:27.362000+00:00,11348,30,1292,0.831,12.89
2026-08-22T10:08:27.362000+00:00,11348,12,1292,0.426,2.031
2026-08-22T10:08:27.518000+00:00,11348,41,1292,1.05,12.049
2026-08-22T10:08:27.550000+00:00,11348,18,1292,0.501,18.648
2026-08-22T10:08:27.909000+00:00,11348,31,1292,1.155,15.706
2026-08-22T10:08:28.096000+00:00,11348,43,1292,0.781,13.671
2026-08-22T10:08:28.143000+00:00,11348,41,1292,1.054,12.046
2026-08-22T10:08:28.237000+00:00,11348,27,1292,0.925,23.388
2026-08-22T10:08:28.346000+00:00,11348,30,1292,0.828,12.877
2026-08-22T10:08:28.487000+00:00,11348,10,1292,3.829,10.095
2026-08-22T10:08:29.003000+00:00,11348,1,1292,0.963,0.963
2026-08-22T10:08:29.018000+00:00,11348,30,1292,0.824,12.87
2026-08-22T10:08:29.018000+00:00,11348,81,1292,1.486,3.517
2026-08-22T10:08:29.018000+00:00,11348,87,1292,0.958,16.664
2026-08-22T10:08:29.034000+00:00,11348,22,1292,0.833,14.504
2026-08-22T10:08:29.065000+00:00,11348,77,1292,1.404,20.052
2026-08-22T10:08:29.112000+00:00,11348,43,1292,0.76,13.637
2026-08-22T10:08:29.300000+00:00,11348,5,1292,0.861,10.956
2026-08-22T10:08:29.472000+00:00,11348,16,1292,0.656,1.619
2026-08-22T10:08:29.722000+00:00,11348,43,1292,0.74,13.61
2026-08-22T10:08:29.753000+00:00,11348,14,1292,0.798,20.85
2026-08-22T10:08:29.863000+00:00,11348,12,1292,0.393,2.012
2026-08-22T10:08:29.925000+00:00,11348,22,1292,0.831,14.468
2026-08-22T10:08:30.159000+00:00,11348,31,1292,1.204,15.708
2026-08-22T10:08:30.315000+00:00,11348,23,1292,1.479,18.143
2026-08-22T10:08:30.362000+00:00,11348,41,1292,1.058,12.014
2026-08-22T10:08:30.503000+00:00,11348,10,1292,3.927,10.143
2026-08-22T10:08:30.956000+00:00,11348,22,1292,0.83,14.44
2026-08-22T10:08:30.956000+00:00,11348,18,1292,0.548,18.691
2026-08-22T10:08:31.081000+00:00,11348,87,1292,0.94,16.648
2026-08-22T10:08:31.534000+00:00,11348,3,1292,2.271,5.788
2026-08-22T10:08:31.690000+00:00,11348,31,1292,1.232,15.7
2026-08-22T10:08:31.784000+00:00,11348,30,1292,0.817,12.831
2026-08-22T10:08:31.784000+00:00,11348,5,1292,0.814,10.957
2026-08-22T10:08:31.800000+00:00,11348,81,1292,1.519,3.531
2026-08-22T10:08:31.815000+00:00,11348,55,1292,1.868,22.718
2026-08-22T10:08:31.815000+00:00,11348,44,1292,0.536,6.324
2026-08-22T10:08:31.847000+00:00,11348,31,1292,1.248,15.688
2026-08-22T10:08:31.956000+00:00,11348,1,1292,0.925,0.925
2026-08-22T10:08:31.972000+00:00,11348,43,1292,0.663,13.494
2026-08-22T10:08:32.065000+00:00,11348,87,1292,0.918,16.618
2026-08-22T10:08:32.268000+00:00,11348,77,1292,1.381,20.072
2026-08-22T10:08:32.364000+00:00,11348,16,1292,0.672,1.597
2026-08-22T10:08:32.389000+00:00,11348,41,1292,1.056,12.013
2026-08-22T10:08:32.456000+00:00,11348,27,1292,0.832,23.55
2026-08-22T10:08:32.571000+00:00,11348,23,1292,1.471,18.119
2026-08-22T10:08:32.721000+00:00,11348,87,1292,0.899,16.587
2026-08-22T10:08:32.728000+00:00,11348,22,1292,0.825,14.319
2026-08-22T10:08:32.774000+00:00,11348,12,1292,0.352,1.949
2026-08-22T10:08:33.071000+00:00,11348,14,1292,0.809,20.881
2026-08-22T10:08:33.095000+00:00,11348,18,1292,0.567,18.686
2026-08-22T10:08:33.230000+00:00,11348,30,1292,0.853,12.866
2026-08-22T10:08:33.565000+00:00,11348,23,1292,1.489,18.107
2026-08-22T10:08:33.643000+00:00,11348,3,1292,2.262,5.793
2026-08-22T10:08:33.953000+00:00,11348,31,1292,1.271,15.59
2026-08-22T10:08:33.953000+00:00,11348,43,1292,0.719,13.585
2026-08-22T10:08:34.110000+00:00,11348,18,1292,0.557,18.664
2026-08-22T10:08:34.234000+00:00,11348,23,1292,1.514,18.101
2026-08-22T10:08:34.254000+00:00,11348,81,1292,1.495,3.444
2026-08-22T10:08:34.254000+00:00,11348,44,1292,0.572,6.365
2026-08-22T10:08:34.486000+00:00,11348,77,1292,1.378,20.064
2026-08-22T10:08:34.725000+00:00,11348,18,1292,0.542,18.643
2026-08-22T10:08:34.772000+00:00,11348,22,1292,0.81,14.395
2026-08-22T10:08:34.797000+00:00,11348,87,1292,0.841,16.431
2026-08-22T10:08:34.929000+00:00,11348,55,1292,1.865,22.746
2026-08-22T10:08:35.313000+00:00,11348,14,1292,0.81,20.874
2026-08-22T10:08:35.513000+00:00,11348,77,1292,1.394,20.058
2026-08-22T10:08:35.594000+00:00,11348,10,1292,3.967,10.291
2026-08-22T10:08:35.673000+00:00,11348,1,1292,0.95,0.95
2026-08-22T10:08:35.814000+00:00,11348,27,1292,0.885,23.631
2026-08-22T10:08:35.975000+00:00,11348,31,1292,1.214,15.609
2026-08-22T10:08:36.137000+00:00,11348,77,1292,1.409,20.052
2026-08-22T10:08:36.327000+00:00,11348,14,1292,0.795,20.853
2026-08-22T10:08:36.354000+00:00,11348,5,1292,0.761,11.052
2026-08-22T10:08:36.408000+00:00,11348,23,1292,1.627,18.058
2026-08-22T10:08:36.470000+00:00,11348,16,1292,0.776,1.726
2026-08-22T10:08:36.527000+00:00,11348,3,1292,2.318,5.762
2026-08-22T10:08:36.848000+00:00,11348,12,1292,0.406,2.132
2026-08-22T10:08:36.942000+00:00,11348,18,1292,0.486,18.544
2026-08-22T10:08:36.942000+00:00,11348,87,1292,0.927,16.536
2026-08-22T10:08:36.947000+00:00,11348,14,1292,0.78,20.832
2026-08-22T10:08:37.148000+00:00,11348,44,1292,0.615,6.377
2026-08-22T10:08:37.148000+00:00,11348,55,1292,1.852,22.726
2026-08-22T10:08:37.508000+00:00,11348,41,1292,1.155,12.207
2026-08-22T10:08:38.127000+00:00,11348,27,1292,0.972,23.698
2026-08-22T10:08:38.171000+00:00,11348,55,1292,1.859,22.712
2026-08-22T10:08:38.215000+00:00,11348,10,1292,3.98,10.345
2026-08-22T10:08:38.271000+00:00,11348,81,1292,1.398,3.53
2026-08-22T10:08:38.388000+00:00,11348,77,1292,1.476,20.02
2026-08-22T10:08:38.434000+00:00,11348,30,1292,0.922,13.129
2026-08-22T10:08:38.528000+00:00,11348,23,1292,1.621,18.157
2026-08-22T10:08:38.794000+00:00,11348,55,1292,1.864,22.696
2026-08-22T10:08:38.966000+00:00,11348,5,1292,0.733,11.078
2026-08-22T10:08:39.091000+00:00,11348,43,1292,0.59,13.719
2026-08-22T10:08:39.091000+00:00,11348,18,1292,0.532,18.689
2026-08-22T10:08:39.122000+00:00,11348,14,1292,0.72,20.74
2026-08-22T10:08:39.184000+00:00,11348,1,1292,0.97,0.97
2026-08-22T10:08:39.200000+00:00,11348,27,1292,1.04,23.752
2026-08-22T10:08:39.722000+00:00,11348,22,1292,0.682,14.401
2026-08-22T10:08:39.869000+00:00,11348,27,1292,1.101,23.797
2026-08-22T10:08:40.013000+00:00,11348,16,1292,0.815,1.785
2026-08-22T10:08:40.096000+00:00,11348,41,1292,1.154,12.232
2026-08-22T10:08:40.393000+00:00,11348,12,1292,0.384,2.169
2026-08-22T10:08:40.543000+00:00,11348,77,1292,1.471,20.16
2026-08-22T10:08:40.699000+00:00,11348,3,1292,2.446,5.976
2026-08-22T10:08:40.945000+00:00,11348,55,1292,1.852,22.592
2026-08-22T10:08:41.013000+00:00,11348,30,1292,0.924,13.156
2026-08-22T10:08:41.041000+00:00,11348,31,1292,1.331,15.732
2026-08-22T10:08:41.142000+00:00,11348,14,1292,0.614,20.774
2026-08-22T10:08:41.159000+00:00,11348,10,1292,3.995,10.372
2026-08-22T10:08:41.272000+00:00,11348,44,1292,0.567,6.543
2026-08-22T10:08:41.649000+00:00,11348,43,1292,0.643,13.799
2026-08-22T10:08:41.801000+00:00,11348,81,1292,1.416,3.585
2026-08-22T10:08:41.892000+00:00,11348,87,1292,0.845,16.577
2026-08-22T10:08:41.944000+00:00,11348,5,1292,0.79,11.162
2026-08-22T10:08:42.286000+00:00,11348,27,1292,1.332,23.924
2026-08-22T10:08:42.295000+00:00,11348,1,1292,0.974,0.974
2026-08-22T10:08:42.314000+00:00,11348,22,1292,0.651,14.45
2026-08-22T10:08:42.983000+00:00,11348,55,1292,1.831,22.605
2026-08-22T10:08:43.143000+00:00,11348,16,1292,0.834,1.808
2026-08-22T10:08:43.153000+00:00,11348,41,1292,1.208,12.37
2026-08-22T10:08:43.446000+00:00,11348,1,1292,0.962,0.962
2026-08-22T10:08:43.524000+00:00,11348,12,1292,0.328,2.136
2026-08-22T10:08:43.638000+00:00,11348,31,1292,1.317,15.767
2026-08-22T10:08:43.674000+00:00,11348,23,1292,1.779,18.356
2026-08-22T10:08:44.057000+00:00,11348,30,1292,0.909,13.279
2026-08-22T10:08:44.142000+00:00,11348,18,1292,0.476,18.832
2026-08-22T10:08:44.231000+00:00,11348,3,1292,2.418,6.003
2026-08-22T10:08:44.283000+00:00,11348,16,1292,0.845,1.807
2026-08-22T10:08:44.408000+00:00,11348,27,1292,1.427,24.032
2026-08-22T10:08:44.514000+00:00,11348,87,1292,0.859,16.626
2026-08-22T10:08:44.627000+00:00,11348,12,1292,0.304,2.111
2026-08-22T10:08:44.667000+00:00,11348,43,1292,0.605,13.884
2026-08-22T10:08:44.835000+00:00,11348,44,1292,0.6,6.603
2026-08-22T10:08:44.970000+00:00,11348,81,1292,1.524,3.66
2026-08-22T10:08:45.390000+00:00,11348,22,1292,0.715,14.599
2026-08-22T10:08:45.524000+00:00,11348,77,1292,1.366,20.198
2026-08-22T10:08:45.528000+00:00,11348,10,1292,4.238,10.781
2026-08-22T10:08:46.210000+00:00,11348,81,1292,1.599,3.71
2026-08-22T10:08:46.224000+00:00,11348,14,1292,0.704,20.902
2026-08-22T10:08:46.229000+00:00,11348,5,1292,0.713,11.494
2026-08-22T10:08:46.259000+00:00,11348,23,1292,1.787,18.413
2026-08-22T10:08:46.777000+00:00,11348,31,1292,1.238,15.837
2026-08-22T10:08:46.793000+00:00,11348,1,1292,0.791,0.791
2026-08-22T10:08:46.808000+00:00,11348,18,1292,0.501,18.914
2026-08-22T10:08:47.324000+00:00,11348,41,1292,1.064,12.558
2026-08-22T10:08:47.449000+00:00,11348,3,1292,2.424,6.084
2026-08-22T10:08:47.527000+00:00,11348,16,1292,0.815,1.606
2026-08-22T10:08:47.543000+00:00,11348,87,1292,0.886,16.723
2026-08-22T10:08:47.980000+00:00,11348,44,1292,0.554,6.638
2026-08-22T10:08:48.027000+00:00,11348,12,1292,0.531,2.137
2026-08-22T10:08:48.043000+00:00,11348,55,1292,1.832,22.734
2026-08-22T10:08:48.136000+00:00,11348,77,1292,1.355,20.269
2026-08-22T10:08:48.277000+00:00,11348,30,1292,0.995,13.553
2026-08-22T10:08:48.636000+00:00,11348,3,1292,2.425,6.135
2026-08-22T10:08:48.809000+00:00,11348,14,1292,0.685,20.954
2026-08-22T10:08:48.886000+00:00,11348,43,1292,0.589,14.142
2026-08-22T10:08:49.074000+00:00,11348,10,1292,4.248,10.851
2026-08-22T10:08:49.136000+00:00,11348,44,1292,0.512,6.647
2026-08-22T10:08:49.293000+00:00,11348,23,1292,1.794,18.517
2026-08-22T10:08:49.449000+00:00,11348,81,1292,1.427,3.564
2026-08-22T10:08:49.621000+00:00,11348,22,1292,0.729,14.871
2026-08-22T10:08:49.636000+00:00,11348,27,1292,1.549,24.283
2026-08-22T10:08:49.808000+00:00,11348,18,1292,0.519,19.036
2026-08-22T10:08:49.840000+00:00,11348,5,1292,0.734,11.585
2026-08-22T10:08:50.558000+00:00,11348,1,1292,0.735,0.735
2026-08-22T10:08:50.683000+00:00,11348,55,1292,1.874,22.828
2026-08-22T10:08:50.828000+00:00,11348,41,1292,1.017,12.602
2026-08-22T10:08:50.855000+00:00,11348,31,1292,1.264,16.135
2026-08-22T10:08:51.246000+00:00,11348,77,1292,1.432,20.468
2026-08-22T10:08:51.293000+00:00,11348,16,1292,0.755,1.49
2026-08-22T10:08:51.652000+00:00,11348,87,1292,0.8,16.935
2026-08-22T10:08:51.840000+00:00,11348,14,1292,0.607,21.075
2026-08-22T10:08:51.855000+00:00,11348,30,1292,1.016,13.618
2026-08-22T10:08:51.980000+00:00,11348,12,1292,0.677,2.167
2026-08-22T10:08:52.043000+00:00,11348,3,1292,2.582,6.146
2026-08-22T10:08:52.230000+00:00,11348,10,1292,4.267,10.905
2026-08-22T10:08:52.308000+00:00,11348,27,1292,1.626,24.454
2026-08-22T10:08:52.433000+00:00,11348,43,1292,0.588,14.206
2026-08-22T10:08:52.449000+00:00,11348,44,1292,0.398,6.544
2026-08-22T10:08:52.980000+00:00,11348,5,1292,0.747,11.652
2026-08-22T10:08:53.136000+00:00,11348,22,1292,0.708,14.914
2026-08-22T10:08:53.328000+00:00,11348,81,1292,1.341,3.508
2026-08-22T10:08:53.433000+00:00,11348,10,1292,4.289,10.936
2026-08-22T10:08:53.625000+00:00,11348,23,1292,1.929,18.864
2026-08-22T10:08:53.683000+00:00,11348,55,1292,1.833,22.908
2026-08-22T10:08:53.752000+00:00,11348,1,1292,0.776,0.776
2026-08-22T10:08:54.045000+00:00,11348,41,1292,1.035,12.687
2026-08-22T10:08:54.126000+00:00,11348,18,1292,0.517,19.381
2026-08-22T10:08:54.188000+00:00,11348,5,1292,0.756,11.692
2026-08-22T10:08:54.460000+00:00,11348,31,1292,1.311,16.225
2026-08-22T10:08:54.559000+00:00,11348,16,1292,0.831,1.607
2026-08-22T10:08:54.981000+00:00,11348,30,1292,0.959,13.646
2026-08-22T10:08:55.246000+00:00,11348,41,1292,1.046,12.738
2026-08-22T10:08:55.262000+00:00,11348,87,1292,0.796,17.021
2026-08-22T10:08:55.262000+00:00,11348,12,1292,0.657,2.264
2026-08-22T10:08:55.271000+00:00,11348,27,1292,1.591,24.499
2026-08-22T10:08:55.593000+00:00,11348,43,1292,0.598,14.244
2026-08-22T10:08:55.593000+00:00,11348,77,1292,1.459,20.84
2026-08-22T10:08:55.998000+00:00,11348,3,1292,2.638,
2026-08-22T10:08:56.073000+00:00,11348,14,1292,0.488,21.328
2026-08-22T10:08:56.131000+00:00,11348,30,1292,0.911,13.649
2026-08-22T10:08:56.276000+00:00,11348,22,1292,0.691,14.935
2026-08-22T10:08:56.612000+00:00,11348,81,1292,1.374,3.638
2026-08-22T10:08:56.747000+00:00,11348,43,1292,0.618,14.267
2026-08-22T10:08:56.972000+00:00,11348,10,1292,4.534,11.078
2026-08-22T10:08:57.172000+00:00,11348,23,1292,1.923,18.944
2026-08-22T10:08:57.436000+00:00,11348,22,1292,0.684,14.951
2026-08-22T10:08:57.571000+00:00,11348,5,1292,0.596,11.674
2026-08-22T10:08:57.684000+00:00,11348,31,1292,1.416,16.351
2026-08-22T10:08:57.727000+00:00,11348,18,1292,0.559,19.503
2026-08-22T10:08:57.936000+00:00,11348,55,1292,1.886,23.214
2026-08-22T10:08:58.093000+00:00,11348,1,1292,0.795,0.795
2026-08-22T10:08:58.444000+00:00,11348,87,1292,0.768,17.119
2026-08-22T10:08:58.778000+00:00,11348,41,1292,1.184,12.858
2026-08-22T10:08:58.913000+00:00,11348,31,1292,1.467,16.418
2026-08-22T10:08:59.069000+00:00,11348,16,1292,0.961,1.756
2026-08-22T10:08:59.131000+00:00,11348,3,1292,2.526,6.164
2026-08-22T10:08:59.225000+00:00,11348,77,1292,1.507,21.01
2026-08-22T10:08:59.538000+00:00,11348,44,1292,0.414,6.578
2026-08-22T10:08:59.553000+00:00,11348,27,1292,1.619,24.833
2026-08-22T10:08:59.600000+00:00,11348,30,1292,0.832,13.69
2026-08-22T10:08:59.647000+00:00,11348,87,1292,0.751,17.169
2026-08-22T10:08:59.663000+00:00,11348,14,1292,0.427,21.437
2026-08-22T10:08:59.694000+00:00,11348,12,1292,0.638,2.394
2026-08-22T10:09:00.167000+00:00,11348,43,1292,0.582,14.272
2026-08-22T10:09:00.329000+00:00,11348,23,1292,1.878,18.997
2026-08-22T10:09:00.952000+00:00,11348,22,1292,0.695,14.967
2026-08-22T10:09:00.993000+00:00,11348,1,1292,0.897,0.897
2026-08-22T10:09:01.014000+00:00,11348,18,1292,0.63,19.627
2026-08-22T10:09:01.020000+00:00,11348,10,1292,4.618,11.162
2026-08-22T10:09:01.044000+00:00,11348,81,1292,1.351,3.745
2026-08-22T10:09:01.530000+00:00,11348,23,1292,1.865,19.034
2026-08-22T10:09:01.542000+00:00,11348,5,1292,0.559,11.721
2026-08-22T10:09:01.554000+00:00,11348,55,1292,1.878,23.315
2026-08-22T10:09:01.844000+00:00,11348,16,1292,0.921,1.818
2026-08-22T10:09:02.193000+00:00,11348,18,1292,0.659,19.693
2026-08-22T10:09:02.288000+00:00,11348,31,1292,1.409,16.376
2026-08-22T10:09:02.427000+00:00,11348,77,1292,1.461,21.088
2026-08-22T10:09:02.427000+00:00,11348,12,1292,0.573,2.391
2026-08-22T10:09:02.735000+00:00,11348,41,1292,1.198,12.919
2026-08-22T10:09:02.871000+00:00,11348,14,1292,0.469,21.557
2026-08-22T10:09:03.084000+00:00,11348,87,1292,0.818,17.194
2026-08-22T10:09:03.275000+00:00,11348,27,1292,1.726,25.041
2026-08-22T10:09:03.559000+00:00,11348,30,1292,0.824,13.743
2026-08-22T10:09:03.570000+00:00,11348,3,1292,2.508,6.253
2026-08-22T10:09:03.614000+00:00,11348,77,1292,1.419,21.112
2026-08-22T10:09:03.832000+00:00,11348,81,1292,1.399,3.79
2026-08-22T10:09:03.851000+00:00,11348,1,1292,0.853,0.853
2026-08-22T10:09:04.093000+00:00,11348,14,1292,0.499,21.611
2026-08-22T10:09:04.112000+00:00,11348,44,1292,0.55,6.803
2026-08-22T10:09:04.132000+00:00,11348,43,1292,0.553,14.296
2026-08-22T10:09:04.309000+00:00,11348,10,1292,4.759,11.337
2026-08-22T10:09:04.680000+00:00,11348,55,1292,1.803,23.36
2026-08-22T10:09:04.826000+00:00,11348,16,1292,0.959,1.812
2026-08-22T10:09:04.846000+00:00,11348,5,1292,0.554,11.891
2026-08-22T10:09:04.862000+00:00,11348,22,1292,0.738,15.034
2026-08-22T10:09:04.967000+00:00,11348,23,1292,1.88,19.074
2026-08-22T10:09:05.431000+00:00,11348,12,1292,0.61,2.422
2026-08-22T10:09:05.615000+00:00,11348,18,1292,0.645,19.719
2026-08-22T10:09:05.879000+00:00,11348,55,1292,1.772,23.383
2026-08-22T10:09:06.054000+00:00,11348,41,1292,1.218,13.109
2026-08-22T10:09:06.272000+00:00,11348,31,1292,1.425,16.459
2026-08-22T10:09:06.329000+00:00,11348,3,1292,2.502,6.292
2026-08-22T10:09:06.759000+00:00,11348,27,1292,2.027,25.387
2026-08-22T10:09:06.853000+00:00,11348,81,1292,1.383,3.805
2026-08-22T10:09:06.916000+00:00,11348,44,1292,0.566,6.858
2026-08-22T10:09:06.963000+00:00,11348,30,1292,0.858,13.967
2026-08-22T10:09:07.088000+00:00,11348,87,1292,0.783,17.242
2026-08-22T10:09:07.181000+00:00,11348,77,1292,1.529,21.248
2026-08-22T10:09:07.447000+00:00,11348,43,1292,0.479,14.446
2026-08-22T10:09:07.634000+00:00,11348,14,1292,,21.747
2026-08-22T10:09:08.025000+00:00,11348,27,1292,2.161,25.544
2026-08-22T10:09:08.166000+00:00,11348,22,1292,0.761,15.207
2026-08-22T10:09:08.879000+00:00,11348,10,1292,4.767,11.57
2026-08-22T10:09:08.918000+00:00,11348,1,1292,0.856,0.856
2026-08-22T10:09:09.047000+00:00,11348,23,1292,1.977,19.219
2026-08-22T10:09:09.250000+00:00,11348,3,1292,2.432,6.237
2026-08-22T10:09:09.355000+00:00,11348,55,1292,1.705,23.452
2026-08-22T10:09:09.457000+00:00,11348,5,1292,0.579,12.149
2026-08-22T10:09:09.572000+00:00,11348,31,1292,1.406,16.613
2026-08-22T10:09:09.661000+00:00,11348,18,1292,0.617,19.836
2026-08-22T10:09:09.871000+00:00,11348,44,1292,0.636,6.873
2026-08-22T10:09:09.871000+00:00,11348,16,1292,0.991,1.847
2026-08-22T10:09:10.414000+00:00,11348,12,1292,0.52,2.367
2026-08-22T10:09:10.424000+00:00,11348,87,1292,0.838,17.451
2026-08-22T10:09:10.626000+00:00,11348,41,1292,1.181,13.33
2026-08-22T10:09:11.235000+00:00,11348,77,1292,1.581,21.417
2026-08-22T10:09:11.412000+00:00,11348,27,1292,2.058,25.51
2026-08-22T10:09:11.573000+00:00,11348,30,1292,0.941,14.271
2026-08-22T10:09:11.744000+00:00,11348,14,1292,0.44,21.857
2026-08-22T10:09:11.744000+00:00,11348,1,1292,0.807,0.807
2026-08-22T10:09:11.812000+00:00,11348,10,1292,4.887,11.745
2026-08-22T10:09:11.893000+00:00,11348,81,1292,1.461,3.828
2026-08-22T10:09:12.101000+00:00,11348,43,1292,0.531,14.802
2026-08-22T10:09:12.410000+00:00,11348,5,1292,,12.324
2026-08-22T10:09:12.489000+00:00,11348,23,1292,2.053,19.504
2026-08-22T10:09:12.601000+00:00,11348,16,1292,0.902,1.709
2026-08-22T10:09:12.802000+00:00,11348,22,1292,0.692,15.494
2026-08-22T10:09:13.046000+00:00,11348,18,1292,0.588,20.092
2026-08-22T10:09:13.191000+00:00,11348,12,1292,0.59,2.299
2026-08-22T10:09:13.336000+00:00,11348,55,1292,1.669,23.526
2026-08-22T10:09:13.443000+00:00,11348,41,1292,1.09,13.414
2026-08-22T10:09:14.188000+00:00,11348,31,1292,1.398,16.892
2026-08-22T10:09:14.361000+00:00,11348,3,1292,2.469,6.297
2026-08-22T10:09:14.371000+00:00,11348,30,1292,0.925,14.339
2026-08-22T10:09:14.625000+00:00,11348,77,1292,1.55,21.642
2026-08-22T10:09:14.644000+00:00,11348,81,1292,1.459,3.758
2026-08-22T10:09:14.771000+00:00,11348,10,1292,4.894,11.767
2026-08-22T10:09:15.018000+00:00,11348,43,1292,0.624,14.963
2026-08-22T10:09:15.024000+00:00,11348,44,1292,0.654,6.951
2026-08-22T10:09:15.063000+00:00,11348,14,1292,0.453,22.095
2026-08-22T10:09:15.075000+00:00,11348,87,1292,0.865,17.757
2026-08-22T10:09:15.364000+00:00,11348,27,1292,2.024,25.55
2026-08-22T10:09:15.435000+00:00,11348,5,1292,0.655,12.422
2026-08-22T10:09:15.655000+00:00,11348,22,1292,0.681,15.644
2026-08-22T10:09:16.472000+00:00,11348,41,1292,1.054,13.476
2026-08-22T10:09:16.748000+00:00,11348,55,1292,1.689,23.784
2026-08-22T10:09:16.856000+00:00,11348,1,1292,0.952,0.952
2026-08-22T10:09:17.144000+00:00,11348,23,1292,2.083,19.84
2026-08-22T10:09:17.193000+00:00,11348,31,1292,1.515,17.159
2026-08-22T10:09:17.213000+00:00,11348,3,1292,2.559,6.317
2026-08-22T10:09:17.389000+00:00,11348,30,1292,0.924,14.4
2026-08-22T10:09:17.674000+00:00,11348,18,1292,0.526,20.366
2026-08-22T10:09:17.749000+00:00,11348,16,1292,0.878,1.83
2026-08-22T10:09:17.794000+00:00,11348,44,1292,0.599,6.916
2026-08-22T10:09:18.078000+00:00,11348,87,1292,0.905,18.064
2026-08-22T10:09:18.119000+00:00,11348,43,1292,0.719,15.119
2026-08-22T10:09:18.293000+00:00,11348,12,1292,0.576,2.406
2026-08-22T10:09:18.647000+00:00,11348,27,1292,1.894,25.678
2026-08-22T10:09:18.754000+00:00,11348,22,1292,0.622,15.741
2026-08-22T10:09:19.240000+00:00,11348,77,1292,,21.916
2026-08-22T10:09:19.662000+00:00,11348,14,1292,0.442,22.358
2026-08-22T10:09:19.834000+00:00,11348,81,1292,1.553,3.959
2026-08-22T10:09:19.881000+00:00,11348,10,1292,4.878,11.829
2026-08-22T10:09:20.115000+00:00,11348,23,1292,2.033,20.097
2026-08-22T10:09:20.271000+00:00,11348,31,1292,1.507,17.248
2026-08-22T10:09:20.552000+00:00,11348,18,1292,0.4,20.497
2026-08-22T10:09:20.599000+00:00,11348,5,1292,0.738,12.567
2026-08-22T10:09:20.724000+00:00,11348,1,1292,0.921,0.921
2026-08-22T10:09:21.131000+00:00,11348,87,1292,0.876,18.124
2026-08-22T10:09:21.381000+00:00,11348,55,1292,1.736,24.094
2026-08-22T10:09:21.631000+00:00,11348,16,1292,0.924,1.845
2026-08-22T10:09:21.662000+00:00,11348,41,1292,1.046,13.613
2026-08-22T10:09:22.146000+00:00,11348,77,1292,1.638,22.135
2026-08-22T10:09:22.177000+00:00,11348,12,1292,0.542,2.387
2026-08-22T10:09:22.256000+00:00,11348,3,1292,2.395,6.354
2026-08-22T10:09:22.506000+00:00,11348,30,1292,0.847,14.46
2026-08-22T10:09:22.615000+00:00,11348,14,1292,0.466,22.601
2026-08-22T10:09:22.693000+00:00,11348,10,1292,4.904,11.82
2026-08-22T10:09:22.958000+00:00,11348,44,1292,0.686,7.04
2026-08-22T10:09:23.171000+00:00,11348,27,1292,1.734,25.828
2026-08-22T10:09:23.227000+00:00,11348,43,1292,0.7,15.16
2026-08-22T10:09:23.314000+00:00,11348,23,1292,2.174,20.298
2026-08-22T10:09:23.514000+00:00,11348,5,1292,0.773,12.593
2026-08-22T10:09:23.779000+00:00,11348,81,1292,1.58,3.967
2026-08-22T10:09:23.915000+00:00,11348,18,1292,0.61,20.908
2026-08-22T10:09:23.942000+00:00,11348,22,1292,0.71,15.87
2026-08-22T10:09:24.393000+00:00,11348,55,1292,1.773,24.374
2026-08-22T10:09:24.605000+00:00,11348,41,1292,1.127,13.72
2026-08-22T10:09:24.759000+00:00,11348,1,1292,0.889,0.889
2026-08-22T10:09:25.221000+00:00,11348,77,1292,1.324,22.232
2026-08-22T10:09:25.440000+00:00,11348,31,1292,1.503,17.373
2026-08-22T10:09:25.455000+00:00,11348,30,1292,0.813,14.533
2026-08-22T10:09:25.706000+00:00,11348,16,1292,0.947,1.836
2026-08-22T10:09:25.783000+00:00,11348,14,1292,0.548,22.78
2026-08-22T10:09:26.111000+00:00,11348,43,1292,0.688,15.221
2026-08-22T10:09:26.158000+00:00,11348,3,1292,2.383,6.35
2026-08-22T10:09:26.158000+00:00,11348,27,1292,1.758,26.132
2026-08-22T10:09:26.330000+00:00,11348,87,1292,0.909,18.282
2026-08-22T10:09:26.330000+00:00,11348,12,1292,0.612,2.448
2026-08-22T10:09:26.877000+00:00,11348,44,1292,0.717,7.067
2026-08-22T10:09:26.955000+00:00,11348,22,1292,0.825,16.046
2026-08-22T10:09:27.502000+00:00,11348,55,1292,1.729,24.509
2026-08-22T10:09:27.862000+00:00,11348,10,1292,4.934,11.974
2026-08-22T10:09:27.912000+00:00,11348,81,1292,1.599,4.047
2026-08-22T10:09:27.986000+00:00,11348,1,1292,0.866,0.866
2026-08-22T10:09:28.361000+00:00,11348,31,1292,1.429,17.475
2026-08-22T10:09:28.471000+00:00,11348,23,1292,2.121,20.403
2026-08-22T10:09:28.643000+00:00,11348,5,1292,0.765,12.739
2026-08-22T10:09:28.924000+00:00,11348,16,1292,0.931,1.797
2026-08-22T10:09:29.003000+00:00,11348,18,1292,0.558,20.961
2026-08-22T10:09:29.127000+00:00,11348,27,1292,1.628,26.137
2026-08-22T10:09:29.299000+00:00,11348,87,1292,0.937,18.412
2026-08-22T10:09:29.565000+00:00,11348,12,1292,0.63,2.427
2026-08-22T10:09:29.768000+00:00,11348,41,1292,1.149,13.888
2026-08-22T10:09:30.228000+00:00,11348,1,1292,0.844,0.844
2026-08-22T10:09:30.271000+00:00,11348,3,1292,2.351,6.398
2026-08-22T10:09:30.425000+00:00,11348,77,1292,1.407,22.368
2026-08-22T10:09:30.616000+00:00,11348,30,1292,0.841,14.729
2026-08-22T10:09:30.880000+00:00,11348,14,1292,0.455,22.823
2026-08-22T10:09:30.993000+00:00,11348,44,1292,0.699,7.097
2026-08-22T10:09:31.056000+00:00,11348,63,1292,0.0,0.0
2026-08-22T10:09:31.151000+00:00,11348,16,1292,0.923,1.767
2026-08-22T10:09:31.175000+00:00,11348,81,1292,1.612,4.039
2026-08-22T10:09:31.234000+00:00,11348,1,1292,0.828,0.828
2026-08-22T10:09:31.297000+00:00,11348,23,1292,1.996,20.408
2026-08-22T10:09:31.355000+00:00,11348,43,1292,0.748,15.477
2026-08-22T10:09:31.750000+00:00,11348,12,1292,0.607,2.374
2026-08-22T10:09:31.953000+00:00,11348,1,1292,0.819,0.819
2026-08-22T10:09:31.953000+00:00,11348,10,1292,5.035,12.102
2026-08-22T10:09:31.985000+00:00,11348,18,1292,0.661,21.069
2026-08-22T10:09:32.126000+00:00,11348,16,1292,0.911,1.739
2026-08-22T10:09:32.188000+00:00,11348,22,1292,0.817,16.294
2026-08-22T10:09:32.628000+00:00,11348,5,1292,0.719,12.821
2026-08-22T10:09:32.728000+00:00,11348,55,1292,1.826,24.649
2026-08-22T10:09:32.743000+00:00,11348,12,1292,0.599,2.338
2026-08-22T10:09:32.743000+00:00,11348,16,1292,0.901,1.72
2026-08-22T10:09:33.293000+00:00,11348,77,1292,1.353,22.422
2026-08-22T10:09:33.348000+00:00,11348,12,1292,0.594,2.314
2026-08-22T10:09:33.429000+00:00,11348,81,1292,1.652,4.026
2026-08-22T10:09:33.530000+00:00,11348,31,1292,1.342,17.636
2026-08-22T10:09:33.543000+00:00,11348,3,1292,2.348,6.387
2026-08-22T10:09:33.771000+00:00,11348,41,1292,1.14,13.961
2026-08-22T10:09:33.844000+00:00,11348,14,1292,0.496,22.918
2026-08-22T10:09:34.044000+00:00,11348,1,1292,0.827,0.827
2026-08-22T10:09:34.213000+00:00,11348,44,1292,0.692,7.079
2026-08-22T10:09:34.444000+00:00,11348,81,1292,1.682,4.02
2026-08-22T10:09:34.471000+00:00,11348,27,1292,1.736,26.385
2026-08-22T10:09:34.512000+00:00,11348,87,1292,0.982,18.618
2026-08-22T10:09:34.593000+00:00,11348,30,1292,0.823,14.784
2026-08-22T10:09:34.875000+00:00,11348,16,1292,0.849,1.676
2026-08-22T10:09:35.043000+00:00,11348,81,1292,1.706,
2026-08-22T10:09:35.343000+00:00,11348,43,1292,0.77,15.554
2026-08-22T10:09:35.481000+00:00,11348,12,1292,0.586,2.262
2026-08-22T10:09:35.584000+00:00,11348,55,1292,1.783,24.701
2026-08-22T10:09:35.802000+00:00,11348,3,1292,2.383,6.409
2026-08-22T10:09:35.997000+00:00,11348,1,1292,0.8,0.8
2026-08-22T10:09:36.047000+00:00,11348,10,1292,5.077,12.174
2026-08-22T10:09:36.228000+00:00,11348,22,1292,0.869,16.423
2026-08-22T10:09:36.431000+00:00,11348,44,1292,0.648,7.057
2026-08-22T10:09:36.502000+00:00,11348,23,1292,2.004,20.622
2026-08-22T10:09:36.828000+00:00,11348,3,1292,2.425,6.445
2026-08-22T10:09:36.828000+00:00,11348,16,1292,0.837,1.637
2026-08-22T10:09:36.856000+00:00,11348,5,1292,0.806,12.98
2026-08-22T10:09:37.264000+00:00,11348,81,1292,1.795,4.057
2026-08-22T10:09:37.272000+00:00,11348,18,1292,0.762,21.384
2026-08-22T10:09:37.430000+00:00,11348,44,1292,0.578,7.023
2026-08-22T10:09:37.497000+00:00,11348,3,1292,2.46,6.48
2026-08-22T10:09:37.497000+00:00,11348,12,1292,0.62,2.257
2026-08-22T10:09:37.512000+00:00,11348,27,1292,1.869,26.57
2026-08-22T10:09:37.533000+00:00,11348,31,1292,1.3,17.723
2026-08-22T10:09:37.928000+00:00,11348,41,1292,1.084,14.064
2026-08-22T10:09:37.999000+00:00,11348,44,1292,0.512,6.992
2026-08-22T10:09:38.462000+00:00,11348,77,1292,1.176,22.56
2026-08-22T10:09:38.529000+00:00,11348,87,1292,0.997,18.72
2026-08-22T10:09:38.835000+00:00,11348,30,1292,0.908,14.972
2026-08-22T10:09:39.044000+00:00,11348,14,1292,0.599,23.159
2026-08-22T10:09:39.195000+00:00,11348,81,1292,1.726,3.983
2026-08-22T10:09:39.294000+00:00,11348,10,1292,5.099,12.178
2026-08-22T10:09:39.516000+00:00,11348,43,1292,0.679,15.651
2026-08-22T10:09:39.838000+00:00,11348,3,1292,2.552,6.609
2026-08-22T10:09:40.190000+00:00,11348,44,1292,0.27,6.879
2026-08-22T10:09:40.190000+00:00,11348,5,1292,0.816,12.994
2026-08-22T10:09:40.372000+00:00,11348,22,1292,0.88,16.531
2026-08-22T10:09:40.521000+00:00,11348,23,1292,,20.724
2026-08-22T10:09:40.780000+00:00,11348,55,1292,1.739,24.898
2026-08-22T10:09:41.059000+00:00,11348,1,1292,0.87,0.87
2026-08-22T10:09:41.172000+00:00,11348,41,1292,1.052,14.046
2026-08-22T10:09:41.325000+00:00,11348,18,1292,0.813,21.537
2026-08-22T10:09:41.553000+00:00,11348,10,1292,5.121,
2026-08-22T10:09:41.778000+00:00,11348,31,1292,1.367,17.898
2026-08-22T10:09:41.823000+00:00,11348,3,1292,2.629,6.612
2026-08-22T10:09:41.956000+00:00,11348,16,1292,0.904,1.774
2026-08-22T10:09:42.094000+00:00,11348,30,1292,0.934,14.98
2026-08-22T10:09:42.159000+00:00,11348,44,1292,0.332,6.944
2026-08-22T10:09:42.378000+00:00,11348,5,1292,0.803,12.981
2026-08-22T10:09:42.471000+00:00,11348,77,1292,1.123,22.66
2026-08-22T10:09:42.575000+00:00,11348,12,1292,0.599,2.373
2026-08-22T10:09:42.598000+00:00,11348,10,1292,5.154,12.177
2026-08-22T10:09:42.675000+00:00,11348,27,1292,1.876,26.774
2026-08-22T10:09:42.697000+00:00,11348,87,1292,0.927,18.825
2026-08-22T10:09:42.743000+00:00,11348,43,1292,0.64,15.62
2026-08-22T10:09:43.051000+00:00,11348,14,1292,0.584,23.244
2026-08-22T10:09:43.208000+00:00,11348,10,1292,5.183,12.175
2026-08-22T10:09:43.363000+00:00,11348,5,1292,0.799,12.976
2026-08-22T10:09:43.410000+00:00,11348,41,1292,1.041,14.022
2026-08-22T10:09:43.598000+00:00,11348,1,1292,0.813,0.813
2026-08-22T10:09:43.644000+00:00,11348,22,1292,0.893,16.513
2026-08-22T10:09:44.004000+00:00,11348,5,1292,0.803,12.978
2026-08-22T10:09:44.269000+00:00,11348,81,1292,1.711,4.084
2026-08-22T10:09:44.332000+00:00,11348,30,1292,0.939,14.961
2026-08-22T10:09:44.394000+00:00,11348,41,1292,1.031,14.007
2026-08-22T10:09:44.535000+00:00,11348,16,1292,0.947,1.76
2026-08-22T10:09:44.769000+00:00,11348,23,1292,2.072,20.897
2026-08-22T10:09:44.785000+00:00,11348,55,1292,1.733,24.977
2026-08-22T10:09:45.004000+00:00,11348,43,1292,0.605,15.566
2026-08-22T10:09:45.051000+00:00,11348,41,1292,1.018,13.996
2026-08-22T10:09:45.113000+00:00,11348,31,1292,1.433,17.946
2026-08-22T10:09:45.129000+00:00,11348,12,1292,0.589,2.349
2026-08-22T10:09:45.347000+00:00,11348,30,1292,0.947,14.954
2026-08-22T10:09:45.410000+00:00,11348,10,1292,5.309,12.188
2026-08-22T10:09:45.597000+00:00,11348,18,1292,0.825,21.722
2026-08-22T10:09:45.879000+00:00,11348,22,1292,0.928,16.494
2026-08-22T10:09:45.894000+00:00,11348,43,1292,0.562,15.516
2026-08-22T10:09:45.957000+00:00,11348,30,1292,0.961,14.957
2026-08-22T10:09:45.973000+00:00,11348,87,1292,0.9,18.846
2026-08-22T10:09:46.254000+00:00,11348,5,1292,0.831,13.019
2026-08-22T10:09:46.473000+00:00,11348,1,1292,0.841,0.841
2026-08-22T10:09:46.614000+00:00,11348,43,1292,0.517,15.474
2026-08-22T10:09:46.873000+00:00,11348,77,1292,1.104,22.826
2026-08-22T10:09:46.894000+00:00,11348,27,1292,1.994,26.971
2026-08-22T10:09:46.914000+00:00,11348,3,1292,2.51,6.594
2026-08-22T10:09:46.929000+00:00,11348,81,1292,1.687,4.036
2026-08-22T10:09:46.943000+00:00,11348,22,1292,0.958,16.474
2026-08-22T10:09:47.271000+00:00,11348,41,1292,0.964,13.983
2026-08-22T10:09:47.302000+00:00,11348,44,1292,0.495,7.089
2026-08-22T10:09:47.349000+00:00,11348,14,1292,0.638,23.464
2026-08-22T10:09:47.380000+00:00,11348,31,1292,1.468,17.962
2026-08-22T10:09:47.396000+00:00,11348,16,1292,0.871,1.712
2026-08-22T10:09:47.443000+00:00,11348,10,1292,5.263,12.207
2026-08-22T10:09:47.474000+00:00,11348,22,1292,0.987,16.461
2026-08-22T10:09:48.021000+00:00,11348,12,1292,0.652,2.364
2026-08-22T10:09:48.068000+00:00,11348,23,1292,2.059,20.905
2026-08-22T10:09:48.224000+00:00,11348,30,1292,1.01,14.993
2026-08-22T10:09:48.224000+00:00,11348,87,1292,0.877,18.839
2026-08-22T10:09:48.271000+00:00,11348,5,1292,0.842,13.049
2026-08-22T10:09:48.349000+00:00,11348,31,1292,1.488,
2026-08-22T10:09:48.573000+00:00,11348,43,1292,0.348,15.341
2026-08-22T10:09:48.914000+00:00,11348,18,1292,0.867,21.772
2026-08-22T10:09:48.962000+00:00,11348,31,1292,1.502,17.963
2026-08-22T10:09:49.095000+00:00,11348,55,1292,1.742,25.206
2026-08-22T10:09:49.188000+00:00,11348,41,1292,0.915,13.964
2026-08-22T10:09:49.204000+00:00,11348,87,1292,0.85,18.812
2026-08-22T10:09:49.313000+00:00,11348,3,1292,2.506,6.542
2026-08-22T10:09:49.673000+00:00,11348,22,1292,1.105,16.446
2026-08-22T10:09:49.673000+00:00,11348,81,1292,1.642,4.006
2026-08-22T10:09:49.798000+00:00,11348,87,1292,0.825,18.788
2026-08-22T10:09:49.876000+00:00,11348,44,1292,0.55,7.092
2026-08-22T10:09:49.970000+00:00,11348,77,1292,1.073,22.845
2026-08-22T10:09:50.175000+00:00,11348,30,1292,0.995,14.959
2026-08-22T10:09:50.271000+00:00,11348,23,1292,2.052,20.891
2026-08-22T10:09:50.477000+00:00,11348,1,1292,0.848,0.848
2026-08-22T10:09:50.617000+00:00,11348,43,1292,0.455,15.414
2026-08-22T10:09:50.644000+00:00,11348,14,1292,0.665,23.51
2026-08-22T10:09:51.071000+00:00,11348,27,1292,2.004,27.21
2026-08-22T10:09:51.160000+00:00,11348,18,1292,0.889,21.78
2026-08-22T10:09:51.228000+00:00,11348,31,1292,1.557,18.003
2026-08-22T10:09:51.252000+00:00,11348,23,1292,2.069,20.881
2026-08-22T10:09:51.429000+00:00,11348,16,1292,0.96,1.808
2026-08-22T10:09:51.746000+00:00,11348,22,1292,1.138,16.552
2026-08-22T10:09:51.887000+00:00,11348,23,1292,2.087,20.875
2026-08-22T10:09:51.918000+00:00,11348,87,1292,0.713,18.716
2026-08-22T10:09:52.058000+00:00,11348,12,1292,0.633,2.441
2026-08-22T10:09:52.165000+00:00,11348,18,1292,0.888,21.769
2026-08-22T10:09:52.217000+00:00,11348,77,1292,1.057,22.837
2026-08-22T10:09:52.293000+00:00,11348,3,1292,2.634,6.64
2026-08-22T10:09:52.357000+00:00,11348,55,1292,1.719,25.229
2026-08-22T10:09:52.573000+00:00,11348,10,1292,5.298,12.387
2026-08-22T10:09:52.793000+00:00,11348,18,1292,0.886,21.761
2026-08-22T10:09:52.876000+00:00,11348,44,1292,0.585,7.225
2026-08-22T10:09:52.896000+00:00,11348,14,1292,0.67,23.507
2026-08-22T10:09:53.217000+00:00,11348,5,1292,0.657,13.044
2026-08-22T10:09:53.228000+00:00,11348,77,1292,1.062,22.831
2026-08-22T10:09:53.271000+00:00,11348,31,1292,1.513,18.065
2026-08-22T10:09:53.673000+00:00,11348,81,1292,1.603,4.044
2026-08-22T10:09:53.872000+00:00,11348,77,1292,1.065,22.826
2026-08-22T10:09:53.925000+00:00,11348,14,1292,0.657,23.488
2026-08-22T10:09:53.973000+00:00,11348,1,1292,0.856,0.856
2026-08-22T10:09:54.115000+00:00,11348,23,1292,2.171,20.887
2026-08-22T10:09:54.115000+00:00,11348,87,1292,0.827,18.892
2026-08-22T10:09:54.353000+00:00,11348,41,1292,1.109,14.153
2026-08-22T10:09:54.471000+00:00,11348,14,1292,0.647,23.473
2026-08-22T10:09:54.644000+00:00,11348,55,1292,1.705,25.212
2026-08-22T10:09:54.943000+00:00,11348,27,1292,2.585,27.814
2026-08-22T10:09:54.971000+00:00,11348,18,1292,0.872,21.759
2026-08-22T10:09:54.971000+00:00,11348,16,1292,0.997,1.853
2026-08-22T10:09:55.156000+00:00,11348,10,1292,5.284,12.376
2026-08-22T10:09:55.367000+00:00,11348,30,1292,1.032,15.185
2026-08-22T10:09:55.572000+00:00,11348,55,1292,1.712,25.2
2026-08-22T10:09:55.593000+00:00,11348,12,1292,0.616,2.469
2026-08-22T10:09:55.827000+00:00,11348,43,1292,0.422,15.607
2026-08-22T10:09:55.845000+00:00,11348,5,1292,0.666,13.042
2026-08-22T10:09:56.092000+00:00,11348,77,1292,1.082,22.841
2026-08-22T10:09:56.198000+00:00,11348,55,1292,1.718,25.191
2026-08-22T10:09:56.225000+00:00,11348,23,1292,2.102,20.994
2026-08-22T10:09:56.428000+00:00,11348,3,1292,2.759,6.803
2026-08-22T10:09:56.688000+00:00,11348,14,1292,0.613,23.454
2026-08-22T10:09:56.739000+00:00,11348,22,1292,0.937,16.544
2026-08-22T10:09:56.928000+00:00,11348,41,1292,1.101,14.143
2026-08-22T10:09:56.997000+00:00,11348,44,1292,0.57,7.373
2026-08-22T10:09:57.049000+00:00,11348,18,1292,0.834,21.828
2026-08-22T10:09:57.075000+00:00,11348,1,1292,0.835,0.835
2026-08-22T10:09:57.217000+00:00,11348,81,1292,1.611,4.08
2026-08-22T10:09:57.928000+00:00,11348,30,1292,1.0,15.143
2026-08-22T10:09:58.098000+00:00,11348,16,1292,1.018,
2026-08-22T10:09:58.117000+00:00,11348,10,1292,5.252,12.477
2026-08-22T10:09:58.150000+00:00,11348,77,1292,1.126,22.954
2026-08-22T10:09:58.251000+00:00,11348,1,1292,0.806,0.806
2026-08-22T10:09:58.410000+00:00,11348,55,1292,1.731,25.185
2026-08-22T10:09:58.418000+00:00,11348,43,1292,0.483,15.626
2026-08-22T10:09:58.418000+00:00,11348,31,1292,1.685,18.229
2026-08-22T10:09:58.726000+00:00,11348,12,1292,0.563,2.416
2026-08-22T10:09:58.740000+00:00,11348,14,1292,0.551,23.505
2026-08-22T10:09:58.828000+00:00,11348,5,1292,0.699,13.176
2026-08-22T10:09:58.997000+00:00,11348,27,1292,4.418,29.63
2026-08-22T10:09:59.072000+00:00,11348,87,1292,0.653,18.882
2026-08-22T10:09:59.294000+00:00,11348,16,1292,1.028,1.834
2026-08-22T10:09:59.310000+00:00,11348,22,1292,0.911,16.537
2026-08-22T10:09:59.814000+00:00,11348,12,1292,0.535,2.369
2026-08-22T10:09:59.949000+00:00,11348,3,1292,2.736,6.816
2026-08-22T10:09:59.977000+00:00,11348,41,1292,1.157,14.333
2026-08-22T10:10:00.371000+00:00,11348,81,1292,1.706,4.122
2026-08-22T10:10:00.393000+00:00,11348,55,1292,1.667,25.172
2026-08-22T10:10:00.559000+00:00,11348,44,1292,0.626,7.442
2026-08-22T10:10:00.929000+00:00,11348,30,1292,0.918,15.251
2026-08-22T10:10:00.974000+00:00,11348,31,1292,1.66,18.197
2026-08-22T10:10:01.319000+00:00,11348,23,1292,2.263,21.145
2026-08-22T10:10:01.404000+00:00,11348,43,1292,0.518,15.769
2026-08-22T10:10:01.528000+00:00,11348,1,1292,0.656,0.656
2026-08-22T10:10:01.583000+00:00,11348,81,1292,1.768,4.137
2026-08-22T10:10:01.644000+00:00,11348,87,1292,0.674,18.871
2026-08-22T10:10:02.138000+00:00,11348,18,1292,0.803,21.948
2026-08-22T10:10:02.302000+00:00,11348,22,1292,0.893,16.662
2026-08-22T10:10:02.414000+00:00,11348,10,1292,5.419,12.792
2026-08-22T10:10:02.546000+00:00,11348,16,1292,1.008,1.664
2026-08-22T10:10:03.112000+00:00,11348,3,1292,2.718,6.84
2026-08-22T10:10:03.129000+00:00,11348,5,1292,0.692,13.484
2026-08-22T10:10:03.193000+00:00,11348,77,1292,1.038,22.986
2026-08-22T10:10:03.257000+00:00,11348,12,1292,0.736,2.4
2026-08-22T10:10:03.727000+00:00,11348,44,1292,0.648,7.488
2026-08-22T10:10:03.788000+00:00,11348,14,1292,0.609,23.595
2026-08-22T10:10:03.882000+00:00,11348,31,1292,1.579,18.241
2026-08-22T10:10:03.929000+00:00,11348,23,1292,2.286,21.157
2026-08-22T10:10:04.163000+00:00,11348,41,1292,1.047,14.531
2026-08-22T10:10:04.288000+00:00,11348,3,1292,2.704,6.841
2026-08-22T10:10:04.663000+00:00,11348,87,1292,0.775,19.016
2026-08-22T10:10:04.741000+00:00,11348,18,1292,0.814,21.971
2026-08-22T10:10:04.882000+00:00,11348,81,1292,1.614,4.014
2026-08-22T10:10:04.944000+00:00,11348,44,1292,0.654,7.495
2026-08-22T10:10:05.132000+00:00,11348,30,1292,0.991,15.522
2026-08-22T10:10:05.366000+00:00,11348,1,1292,0.564,0.564
2026-08-22T10:10:05.589000+00:00,11348,55,1292,1.82,25.415
2026-08-22T10:10:05.632000+00:00,11348,43,1292,0.497,16.019
2026-08-22T10:10:05.772000+00:00,11348,77,1292,1.037,23.008
2026-08-22T10:10:05.975000+00:00,11348,10,1292,5.422,12.864
2026-08-22T10:10:06.350000+00:00,11348,16,1292,0.952,1.516
2026-08-22T10:10:06.382000+00:00,11348,14,1292,0.584,23.592
2026-08-22T10:10:06.491000+00:00,11348,22,1292,0.864,16.883
2026-08-22T10:10:06.710000+00:00,11348,5,1292,0.71,13.574
2026-08-22T10:10:07.038000+00:00,11348,23,1292,2.338,21.354
2026-08-22T10:10:07.241000+00:00,11348,12,1292,0.884,
2026-08-22T10:10:07.632000+00:00,11348,3,1292,2.755,6.769
2026-08-22T10:10:07.710000+00:00,11348,41,1292,1.002,14.576
2026-08-22T10:10:07.851000+00:00,11348,18,1292,0.812,22.166
2026-08-22T10:10:08.195000+00:00,11348,31,1292,1.686,18.569
2026-08-22T10:10:08.214000+00:00,11348,55,1292,1.858,25.45
2026-08-22T10:10:08.294000+00:00,11348,44,1292,0.64,7.409
2026-08-22T10:10:08.626000+00:00,11348,1,1292,0.655,0.655
2026-08-22T10:10:08.719000+00:00,11348,30,1292,1.017,15.593
2026-08-22T10:10:08.735000+00:00,11348,81,1292,1.519,3.919
2026-08-22T10:10:08.860000+00:00,11348,77,1292,1.061,23.227
2026-08-22T10:10:08.915000+00:00,11348,87,1292,0.728,19.297
2026-08-22T10:10:09.165000+00:00,11348,10,1292,5.425,12.913
2026-08-22T10:10:09.211000+00:00,11348,43,1292,0.496,16.089
2026-08-22T10:10:09.372000+00:00,11348,14,1292,0.491,23.718
2026-08-22T10:10:09.729000+00:00,11348,16,1292,1.109,1.764
2026-08-22T10:10:09.851000+00:00,11348,5,1292,0.698,13.611
2026-08-22T10:10:10.054000+00:00,11348,22,1292,0.834,16.923
2026-08-22T10:10:10.364000+00:00,11348,10,1292,5.433,12.928
2026-08-22T10:10:10.471000+00:00,11348,12,1292,0.754,2.518
2026-08-22T10:10:10.851000+00:00,11348,41,1292,0.976,14.587
2026-08-22T10:10:11.061000+00:00,11348,5,1292,0.695,13.623
2026-08-22T10:10:11.275000+00:00,11348,55,1292,1.906,25.624
2026-08-22T10:10:11.275000+00:00,11348,23,1292,2.367,21.664
2026-08-22T10:10:11.504000+00:00,11348,3,1292,2.765,6.684
2026-08-22T10:10:11.795000+00:00,11348,31,1292,1.735,18.658
2026-08-22T10:10:11.845000+00:00,11348,30,1292,1.0,15.587
2026-08-22T10:10:11.928000+00:00,11348,81,1292,1.462,3.98
2026-08-22T10:10:12.029000+00:00,11348,41,1292,0.96,14.583
2026-08-22T10:10:12.153000+00:00,11348,18,1292,0.877,22.541
2026-08-22T10:10:12.172000+00:00,11348,44,1292,0.669,7.353
2026-08-22T10:10:12.328000+00:00,11348,43,1292,0.489,16.076
2026-08-22T10:10:12.532000+00:00,11348,87,1292,0.748,19.406
2026-08-22T10:10:13.015000+00:00,11348,30,1292,0.976,15.559
2026-08-22T10:10:13.043000+00:00,11348,1,1292,0.697,0.697
2026-08-22T10:10:13.160000+00:00,11348,22,1292,0.83,16.906
2026-08-22T10:10:13.196000+00:00,11348,77,1292,1.037,23.578
2026-08-22T10:10:13.525000+00:00,11348,43,1292,0.495,16.054
2026-08-22T10:10:13.643000+00:00,11348,14,1292,0.434,24.012
2026-08-22T10:10:13.933000+00:00,11348,10,1292,5.641,13.05
2026-08-22T10:10:14.252000+00:00,11348,16,1292,1.207,1.904
2026-08-22T10:10:14.332000+00:00,11348,22,1292,0.827,16.881
2026-08-22T10:10:14.543000+00:00,11348,5,1292,0.622,13.672
2026-08-22T10:10:14.710000+00:00,11348,3,1292,2.758,6.738
2026-08-22T10:10:14.884000+00:00,11348,23,1292,2.355,21.761
2026-08-22T10:10:15.037000+00:00,11348,31,1292,1.836,18.742
2026-08-22T10:10:15.044000+00:00,11348,12,1292,0.79,2.694
2026-08-22T10:10:15.325000+00:00,11348,44,1292,0.619,7.357
2026-08-22T10:10:15.572000+00:00,11348,55,1292,1.929,25.941
2026-08-22T10:10:15.587000+00:00,11348,41,1292,1.038,14.71
2026-08-22T10:10:15.710000+00:00,11348,87,1292,0.709,19.451
2026-08-22T10:10:15.831000+00:00,11348,18,1292,0.954,22.715
2026-08-22T10:10:15.918000+00:00,11348,1,1292,0.745,0.745
2026-08-22T10:10:16.214000+00:00,11348,31,1292,1.89,18.771
2026-08-22T10:10:16.402000+00:00,11348,81,1292,1.369,4.063
2026-08-22T10:10:16.480000+00:00,11348,30,1292,0.897,15.607
2026-08-22T10:10:16.824000+00:00,11348,77,1292,0.993,23.708
2026-08-22T10:10:16.918000+00:00,11348,87,1292,0.685,19.456
2026-08-22T10:10:16.933000+00:00,11348,43,1292,0.43,16.037
2026-08-22T10:10:17.074000+00:00,11348,16,1292,1.191,1.936
2026-08-22T10:10:17.242000+00:00,11348,14,1292,0.4,24.108
2026-08-22T10:10:17.771000+00:00,11348,22,1292,0.85,16.887
2026-08-22T10:10:17.817000+00:00,11348,12,1292,0.727,2.663
2026-08-22T10:10:17.919000+00:00,11348,10,1292,5.705,13.058
2026-08-22T10:10:18.045000+00:00,11348,23,1292,2.328,21.779
2026-08-22T10:10:18.495000+00:00,11348,5,1292,0.628,13.686
2026-08-22T10:10:18.893000+00:00,11348,1,1292,0.84,0.84
2026-08-22T10:10:19.063000+00:00,11348,18,1292,1.033,22.812
2026-08-22T10:10:19.126000+00:00,11348,3,1292,2.713,6.776
2026-08-22T10:10:19.142000+00:00,11348,55,1292,1.919,26.027
2026-08-22T10:10:19.160000+00:00,11348,81,1292,1.361,4.024
2026-08-22T10:10:19.238000+00:00,11348,23,1292,2.322,21.778
2026-08-22T10:10:19.572000+00:00,11348,31,1292,1.813,18.7
2026-08-22T10:10:19.614000+00:00,11348,41,1292,1.108,14.794
2026-08-22T10:10:19.895000+00:00,11348,44,1292,0.764,7.54
2026-08-22T10:10:20.006000+00:00,11348,77,1292,0.934,23.746
2026-08-22T10:10:20.054000+00:00,11348,16,1292,1.162,2.002
2026-08-22T10:10:20.296000+00:00,11348,18,1292,1.067,22.845
2026-08-22T10:10:20.371000+00:00,11348,87,1292,0.8,19.5
2026-08-22T10:10:20.428000+00:00,11348,14,1292,0.447,24.193
2026-08-22T10:10:20.446000+00:00,11348,30,1292,0.837,15.631
2026-08-22T10:10:20.845000+00:00,11348,12,1292,0.795,2.797
2026-08-22T10:10:20.871000+00:00,11348,43,1292,0.419,16.05
2026-08-22T10:10:21.194000+00:00,11348,77,1292,0.897,23.742
2026-08-22T10:10:21.217000+00:00,11348,10,1292,5.903,13.26
2026-08-22T10:10:21.670000+00:00,11348,14,1292,0.474,24.216
2026-08-22T10:10:21.733000+00:00,11348,5,1292,0.524,13.784
2026-08-22T10:10:21.743000+00:00,11348,22,1292,0.873,16.923
2026-08-22T10:10:21.925000+00:00,11348,3,1292,2.755,6.779
2026-08-22T10:10:22.143000+00:00,11348,81,1292,1.318,4.115
2026-08-22T10:10:22.278000+00:00,11348,55,1292,1.831,26.024
2026-08-22T10:10:22.674000+00:00,11348,23,1292,2.295,21.795
2026-08-22T10:10:22.766000+00:00,11348,44,1292,0.83,7.609
2026-08-22T10:10:22.898000+00:00,11348,41,1292,1.155,14.939
2026-08-22T10:10:23.460000+00:00,11348,55,1292,1.787,26.003
2026-08-22T10:10:23.572000+00:00,11348,31,1292,1.828,18.751
2026-08-22T10:10:23.691000+00:00,11348,30,1292,0.796,15.735
2026-08-22T10:10:23.694000+00:00,11348,18,1292,1.049,22.844
2026-08-22T10:10:24.023000+00:00,11348,1,1292,0.859,0.859
2026-08-22T10:10:24.294000+00:00,11348,43,1292,0.599,16.334
2026-08-22T10:10:24.394000+00:00,11348,87,1292,0.81,19.561
2026-08-22T10:10:24.778000+00:00,11348,77,1292,1.064,23.908
2026-08-22T10:10:24.904000+00:00,11348,3,1292,2.737,6.852
2026-08-22T10:10:24.994000+00:00,11348,22,1292,0.701,17.035
2026-08-22T10:10:25.254000+00:00,11348,16,1292,1.215,2.074
2026-08-22T10:10:25.254000+00:00,11348,14,1292,0.456,24.364
2026-08-22T10:10:25.728000+00:00,11348,44,1292,0.814,7.666
2026-08-22T10:10:25.775000+00:00,11348,10,1292,5.876,13.416
2026-08-22T10:10:25.947000+00:00,11348,12,1292,0.706,2.78
2026-08-22T10:10:26.369000+00:00,11348,5,1292,0.611,14.027
2026-08-22T10:10:26.837000+00:00,11348,23,1292,2.38,21.941
2026-08-22T10:10:26.963000+00:00,11348,31,1292,1.838,18.873
2026-08-22T10:10:27.009000+00:00,11348,1,1292,0.855,0.855
2026-08-22T10:10:27.009000+00:00,11348,55,1292,1.637,26.001
2026-08-22T10:10:27.353000+00:00,11348,81,1292,1.363,4.143
2026-08-22T10:10:27.587000+00:00,11348,41,1292,1.121,15.148
2026-08-22T10:10:27.744000+00:00,11348,18,1292,0.921,22.862
2026-08-22T10:10:27.744000+00:00,11348,87,1292,0.89,19.763
2026-08-22T10:10:28.041000+00:00,11348,16,1292,1.187,2.042
2026-08-22T10:10:28.431000+00:00,11348,30,1292,0.933,16.081
2026-08-22T10:10:28.666000+00:00,11348,10,1292,5.903,13.512
2026-08-22T10:10:28.712000+00:00,11348,12,1292,0.68,2.722
2026-08-22T10:10:28.837000+00:00,11348,77,1292,1.164,24.026
2026-08-22T10:10:29.072000+00:00,11348,43,1292,0.643,16.724
2026-08-22T10:10:29.259000+00:00,11348,14,1292,0.412,24.438
2026-08-22T10:10:29.384000+00:00,11348,5,1292,0.635,14.147
2026-08-22T10:10:29.681000+00:00,11348,22,1292,0.615,17.339
2026-08-22T10:10:30.041000+00:00,11348,3,1292,2.732,6.875
2026-08-22T10:10:30.103000+00:00,11348,23,1292,2.419,22.182
2026-08-22T10:10:30.134000+00:00,11348,81,1292,1.414,4.136
2026-08-22T10:10:30.322000+00:00,11348,41,1292,1.024,15.171
2026-08-22T10:10:30.900000+00:00,11348,55,1292,1.641,26.079
2026-08-22T10:10:30.994000+00:00,11348,44,1292,0.949,7.824
2026-08-22T10:10:31.025000+00:00,11348,18,1292,0.876,23.058
2026-08-22T10:10:31.319000+00:00,11348,30,1292,0.986,16.157
2026-08-22T10:10:31.494000+00:00,11348,31,1292,1.824,19.163
2026-08-22T10:10:31.646000+00:00,11348,10,1292,5.943,13.609
2026-08-22T10:10:32.096000+00:00,11348,43,1292,0.718,16.875
2026-08-22T10:10:32.096000+00:00,11348,1,1292,0.986,0.986
2026-08-22T10:10:32.246000+00:00,11348,77,1292,1.232,24.29
2026-08-22T10:10:32.360000+00:00,11348,5,1292,0.691,14.3
2026-08-22T10:10:32.417000+00:00,11348,87,1292,0.893,20.056
2026-08-22T10:10:32.609000+00:00,11348,14,1292,0.343,24.633
2026-08-22T10:10:32.609000+00:00,11348,22,1292,0.582,17.457
2026-08-22T10:10:32.922000+00:00,11348,3,1292,2.786,6.922
2026-08-22T10:10:33.250000+00:00,11348,16,1292,1.218,2.204
2026-08-22T10:10:33.453000+00:00,11348,41,1292,1.095,15.395
2026-08-22T10:10:33.844000+00:00,11348,12,1292,0.613,2.817
2026-08-22T10:10:33.891000+00:00,11348,44,1292,0.977,7.899
2026-08-22T10:10:34.250000+00:00,11348,55,1292,1.654,26.287
2026-08-22T10:10:34.344000+00:00,11348,30,1292,0.916,16.311
2026-08-22T10:10:34.500000+00:00,11348,31,1292,1.885,19.342
2026-08-22T10:10:34.891000+00:00,11348,23,1292,2.483,22.539
2026-08-22T10:10:35.109000+00:00,11348,43,1292,0.762,17.073
2026-08-22T10:10:35.423000+00:00,11348,81,1292,1.566,4.383
2026-08-22T10:10:35.453000+00:00,11348,87,1292,0.968,20.31
2026-08-22T10:10:35.656000+00:00,11348,18,1292,0.778,23.317
2026-08-22T10:10:35.734000+00:00,11348,22,1292,0.62,17.693
2026-08-22T10:10:35.945000+00:00,11348,1,1292,0.979,0.979
2026-08-22T10:10:36.135000+00:00,11348,11,1292,+1 LAP,+2 LAPS
2026-08-22T10:10:36.743000+00:00,11348,10,1292,5.762,13.586
2026-08-22T10:10:36.778000+00:00,11348,11,1292,+2 LAPS,+2 LAPS
2026-08-22T10:10:36.972000+00:00,11348,77,1292,1.306,24.623
2026-08-22T10:10:37.187000+00:00,11348,16,1292,1.235,2.214
2026-08-22T10:10:37.272000+00:00,11348,14,1292,0.286,24.909
2026-08-22T10:10:37.544000+00:00,11348,31,1292,1.818,19.511
2026-08-22T10:10:37.572000+00:00,11348,5,1292,0.806,14.392
2026-08-22T10:10:37.780000+00:00,11348,12,1292,0.593,2.807
2026-08-22T10:10:37.894000+00:00,11348,23,1292,2.409,22.719
2026-08-22T10:10:38.031000+00:00,11348,3,1292,2.6,6.983
2026-08-22T10:10:38.472000+00:00,11348,18,1292,0.603,23.322
2026-08-22T10:10:38.501000+00:00,11348,87,1292,0.944,20.455
2026-08-22T10:10:38.598000+00:00,11348,41,1292,1.028,15.42
2026-08-22T10:10:38.971000+00:00,11348,55,1292,1.712,26.621
2026-08-22T10:10:39.045000+00:00,11348,44,1292,1.039,8.022
2026-08-22T10:10:39.116000+00:00,11348,11,1292,+1 LAP,+2 LAPS
2026-08-22T10:10:39.372000+00:00,11348,81,1292,1.58,4.387
2026-08-22T10:10:39.495000+00:00,11348,30,1292,0.902,16.322
2026-08-22T10:10:39.615000+00:00,11348,10,1292,5.715,13.614
2026-08-22T10:10:39.945000+00:00,11348,77,1292,1.48,24.802
2026-08-22T10:10:40.032000+00:00,11348,1,1292,1.059,1.059
2026-08-22T10:10:40.271000+00:00,11348,14,1292,0.271,25.073
2026-08-22T10:10:40.372000+00:00,11348,43,1292,0.872,17.194
2026-08-22T10:10:40.389000+00:00,11348,5,1292,0.775,14.389
2026-08-22T10:10:40.928000+00:00,11348,22,1292,0.561,17.755
2026-08-22T10:10:41.020000+00:00,11348,23,1292,2.537,22.992
2026-08-22T10:10:41.199000+00:00,11348,16,1292,1.181,2.24
2026-08-22T10:10:41.495000+00:00,11348,41,1292,1.11,15.499
2026-08-22T10:10:41.651000+00:00,11348,18,1292,0.614,23.606
2026-08-22T10:10:41.932000+00:00,11348,12,1292,0.668,2.908
2026-08-22T10:10:41.948000+00:00,11348,3,1292,2.531,6.918
2026-08-22T10:10:41.963000+00:00,11348,55,1292,1.749,26.822
2026-08-22T10:10:42.362000+00:00,11348,30,1292,0.861,16.36
2026-08-22T10:10:42.832000+00:00,11348,31,1292,1.88,19.635
2026-08-22T10:10:43.032000+00:00,11348,44,1292,1.131,8.049
2026-08-22T10:10:43.133000+00:00,11348,77,1292,1.472,25.078
2026-08-22T10:10:43.304000+00:00,11348,1,1292,1.057,1.057
2026-08-22T10:10:43.320000+00:00,11348,43,1292,0.968,17.328
2026-08-22T10:10:43.445000+00:00,11348,14,1292,0.304,25.382
2026-08-22T10:10:43.554000+00:00,11348,81,1292,1.663,4.571
2026-08-22T10:10:43.726000+00:00,11348,87,1292,0.921,20.556
2026-08-22T10:10:43.917000+00:00,11348,22,1292,0.591,17.919
2026-08-22T10:10:44.460000+00:00,11348,16,1292,1.161,2.218
2026-08-22T10:10:44.784000+00:00,11348,10,1292,5.721,13.743
2026-08-22T10:10:45.125000+00:00,11348,55,1292,1.709,27.091
2026-08-22T10:10:45.143000+00:00,11348,12,1292,0.671,2.889
2026-08-22T10:10:45.563000+00:00,11348,1,1292,1.056,1.056
2026-08-22T10:10:45.614000+00:00,11348,5,1292,0.827,14.57
2026-08-22T10:10:45.683000+00:00,11348,31,1292,1.754,19.673
2026-08-22T10:10:45.961000+00:00,11348,3,1292,2.416,6.987
2026-08-22T10:10:46.145000+00:00,11348,63,1292,0.0,0.0
2026-08-22T10:10:46.248000+00:00,11348,23,1292,2.521,23.077
2026-08-22T10:10:46.728000+00:00,11348,1,1292,1.049,1.049
2026-08-22T10:10:46.894000+00:00,11348,87,1292,1.008,20.681
2026-08-22T10:10:46.928000+00:00,11348,16,1292,1.151,2.207
2026-08-22T10:10:46.928000+00:00,11348,41,1292,1.134,15.704
2026-08-22T10:10:46.928000+00:00,11348,81,1292,1.706,4.595
2026-08-22T10:10:46.928000+00:00,11348,18,1292,0.632,23.709
2026-08-22T10:10:47.214000+00:00,11348,44,1292,1.197,8.184
2026-08-22T10:10:47.214000+00:00,11348,1,1292,1.046,1.046
2026-08-22T10:10:47.360000+00:00,11348,12,1292,0.634,2.841
2026-08-22T10:10:47.545000+00:00,11348,30,1292,0.802,16.506
2026-08-22T10:10:47.695000+00:00,11348,16,1292,1.153,2.202
2026-08-22T10:10:48.297000+00:00,11348,12,1292,0.603,2.805
2026-08-22T10:10:48.544000+00:00,11348,77,1292,1.48,25.189
2026-08-22T10:10:48.581000+00:00,11348,16,1292,1.158,2.204
2026-08-22T10:10:48.587000+00:00,11348,14,1292,0.16,25.349
2026-08-22T10:10:48.645000+00:00,11348,43,1292,1.08,17.586
2026-08-22T10:10:48.766000+00:00,11348,10,1292,5.747,13.796
2026-08-22T10:10:49.029000+00:00,11348,12,1292,0.576,2.78
2026-08-22T10:10:49.077000+00:00,11348,23,1292,2.399,23.08
2026-08-22T10:10:49.094000+00:00,11348,81,1292,1.751,4.592
2026-08-22T10:10:49.215000+00:00,11348,22,1292,0.581,18.167
2026-08-22T10:10:49.252000+00:00,11348,3,1292,2.407,7.002
2026-08-22T10:10:49.415000+00:00,11348,1,1292,1.07,1.07
2026-08-22T10:10:49.625000+00:00,11348,5,1292,0.848,14.644
2026-08-22T10:10:49.844000+00:00,11348,18,1292,0.748,23.828
2026-08-22T10:10:50.094000+00:00,11348,81,1292,1.785,4.59
2026-08-22T10:10:50.343000+00:00,11348,55,1292,1.829,27.178
2026-08-22T10:10:50.460000+00:00,11348,44,1292,1.201,8.203
2026-08-22T10:10:50.595000+00:00,11348,16,1292,1.172,2.242
2026-08-22T10:10:50.765000+00:00,11348,81,1292,1.812,4.592
2026-08-22T10:10:50.794000+00:00,11348,41,1292,1.121,15.765
2026-08-22T10:10:50.845000+00:00,11348,31,1292,1.624,19.791
2026-08-22T10:10:51.077000+00:00,11348,12,1292,0.479,2.721
2026-08-22T10:10:51.196000+00:00,11348,77,1292,1.371,25.199
2026-08-22T10:10:51.410000+00:00,11348,1,1292,1.057,1.057
2026-08-22T10:10:51.515000+00:00,11348,3,1292,2.425,7.017
2026-08-22T10:10:51.554000+00:00,11348,30,1292,0.797,16.562
2026-08-22T10:10:51.554000+00:00,11348,14,1292,0.352,25.551
2026-08-22T10:10:51.914000+00:00,11348,87,1292,1.082,20.873
2026-08-22T10:10:52.544000+00:00,11348,3,1292,2.449,7.039
2026-08-22T10:10:52.612000+00:00,11348,16,1292,1.21,2.267
2026-08-22T10:10:52.691000+00:00,11348,43,1292,1.151,17.713
2026-08-22T10:10:52.715000+00:00,11348,44,1292,1.189,8.206
2026-08-22T10:10:52.994000+00:00,11348,81,1292,1.915,4.636
2026-08-22T10:10:53.017000+00:00,11348,10,1292,5.849,14.033
2026-08-22T10:10:53.094000+00:00,11348,12,1292,0.488,2.755
2026-08-22T10:10:53.194000+00:00,11348,3,1292,2.473,7.065
2026-08-22T10:10:53.215000+00:00,11348,55,1292,1.659,27.21
2026-08-22T10:10:53.232000+00:00,11348,22,1292,0.532,18.245
2026-08-22T10:10:53.709000+00:00,11348,44,1292,1.164,8.203
2026-08-22T10:10:53.815000+00:00,11348,5,1292,0.797,14.83
2026-08-22T10:10:54.303000+00:00,11348,44,1292,1.139,8.204
2026-08-22T10:10:54.334000+00:00,11348,23,1292,2.413,23.286
2026-08-22T10:10:54.881000+00:00,11348,31,1292,1.619,19.864
2026-08-22T10:10:54.897000+00:00,11348,81,1292,1.79,4.545
2026-08-22T10:10:54.959000+00:00,11348,41,1292,1.138,15.968
2026-08-22T10:10:55.037000+00:00,11348,18,1292,0.737,24.023
2026-08-22T10:10:55.740000+00:00,11348,30,1292,0.807,16.775
2026-08-22T10:10:55.772000+00:00,11348,3,1292,2.527,7.163
2026-08-22T10:10:56.006000+00:00,11348,87,1292,1.163,21.027
2026-08-22T10:10:56.318000+00:00,11348,10,1292,5.883,14.086
2026-08-22T10:10:56.443000+00:00,11348,77,1292,1.355,25.378
2026-08-22T10:10:56.522000+00:00,11348,1,1292,1.123,1.123
2026-08-22T10:10:56.568000+00:00,11348,44,1292,1.069,8.232
2026-08-22T10:10:56.818000+00:00,11348,14,1292,0.417,25.795
2026-08-22T10:10:56.990000+00:00,11348,43,1292,1.244,18.019
2026-08-22T10:10:57.115000+00:00,11348,5,1292,0.763,14.849
2026-08-22T10:10:57.426000+00:00,11348,22,1292,0.438,18.457
2026-08-22T10:10:57.515000+00:00,11348,3,1292,2.646,7.191
2026-08-22T10:10:57.625000+00:00,11348,16,1292,1.114,2.237
2026-08-22T10:10:58.223000+00:00,11348,41,1292,1.111,15.96
2026-08-22T10:10:58.223000+00:00,11348,12,1292,0.589,2.826
2026-08-22T10:10:58.348000+00:00,11348,23,1292,2.359,23.386
2026-08-22T10:10:58.457000+00:00,11348,55,1292,1.58,27.375
2026-08-22T10:10:58.573000+00:00,11348,44,1292,1.051,8.242
2026-08-22T10:10:58.590000+00:00,11348,10,1292,5.882,14.088
2026-08-22T10:10:59.038000+00:00,11348,30,1292,0.821,16.781
2026-08-22T10:10:59.038000+00:00,11348,31,1292,1.602,20.059
2026-08-22T10:10:59.056000+00:00,11348,1,1292,1.076,1.076
2026-08-22T10:10:59.117000+00:00,11348,18,1292,0.74,24.126
2026-08-22T10:10:59.329000+00:00,11348,5,1292,0.748,14.836
2026-08-22T10:10:59.588000+00:00,11348,10,1292,5.885,
2026-08-22T10:11:00.019000+00:00,11348,81,1292,1.81,4.636
2026-08-22T10:11:00.144000+00:00,11348,87,1292,1.12,21.179
2026-08-22T10:11:00.183000+00:00,11348,16,1292,1.123,2.199
2026-08-22T10:11:00.194000+00:00,11348,10,1292,5.882,14.086
2026-08-22T10:11:00.294000+00:00,11348,43,1292,1.252,18.033
2026-08-22T10:11:00.344000+00:00,11348,5,1292,0.744,14.832
2026-08-22T10:11:00.429000+00:00,11348,41,1292,1.1,15.936
2026-08-22T10:11:00.495000+00:00,11348,77,1292,1.401,25.527
2026-08-22T10:11:00.682000+00:00,11348,22,1292,0.412,18.445
2026-08-22T10:11:00.807000+00:00,11348,12,1292,0.616,2.815
2026-08-22T10:11:00.948000+00:00,11348,14,1292,0.434,25.961
2026-08-22T10:11:00.948000+00:00,11348,5,1292,0.75,14.836
2026-08-22T10:11:01.245000+00:00,11348,30,1292,0.825,16.761
2026-08-22T10:11:01.432000+00:00,11348,41,1292,,15.932
2026-08-22T10:11:01.948000+00:00,11348,1,1292,1.039,1.039
2026-08-22T10:11:02.073000+00:00,11348,41,1292,1.102,15.938
2026-08-22T10:11:02.260000+00:00,11348,30,1292,0.818,16.75
2026-08-22T10:11:02.354000+00:00,11348,31,1292,1.662,20.107
2026-08-22T10:11:02.432000+00:00,11348,10,1292,5.834,14.066
2026-08-22T10:11:02.464000+00:00,11348,55,1292,1.52,27.481
2026-08-22T10:11:02.479000+00:00,11348,43,1292,1.235,17.996
2026-08-22T10:11:02.573000+00:00,11348,3,1292,2.518,7.154
2026-08-22T10:11:02.620000+00:00,11348,81,1292,1.814,4.629
2026-08-22T10:11:02.620000+00:00,11348,23,1292,2.446,23.625
2026-08-22T10:11:02.870000+00:00,11348,30,1292,0.812,
2026-08-22T10:11:02.901000+00:00,11348,22,1292,0.392,18.388
2026-08-22T10:11:03.057000+00:00,11348,16,1292,1.126,2.165
2026-08-22T10:11:03.235000+00:00,11348,5,1292,0.811,14.877
2026-08-22T10:11:03.386000+00:00,11348,18,1292,0.766,24.391
2026-08-22T10:11:03.445000+00:00,11348,87,1292,1.098,21.205
2026-08-22T10:11:03.495000+00:00,11348,43,1292,1.226,17.976
2026-08-22T10:11:03.615000+00:00,11348,44,1292,1.057,8.211
2026-08-22T10:11:03.696000+00:00,11348,12,1292,0.613,2.778
2026-08-22T10:11:03.844000+00:00,11348,22,1292,0.361,18.337
2026-08-22T10:11:04.144000+00:00,11348,43,1292,1.211,17.961
2026-08-22T10:11:04.351000+00:00,11348,41,1292,1.097,15.974
2026-08-22T10:11:04.398000+00:00,11348,10,1292,5.821,14.063
2026-08-22T10:11:04.461000+00:00,11348,22,1292,0.333,18.294
2026-08-22T10:11:04.617000+00:00,11348,31,1292,1.725,20.113
2026-08-22T10:11:04.742000+00:00,11348,77,1292,1.389,25.78
2026-08-22T10:11:05.072000+00:00,11348,3,1292,2.48,7.109
2026-08-22T10:11:05.097000+00:00,11348,30,1292,0.797,16.771
2026-08-22T10:11:05.239000+00:00,11348,5,1292,0.84,14.903
2026-08-22T10:11:05.255000+00:00,11348,14,1292,0.49,26.27
2026-08-22T10:11:05.628000+00:00,11348,81,1292,1.939,4.717
2026-08-22T10:11:05.664000+00:00,11348,31,1292,1.778,20.115
2026-08-22T10:11:05.728000+00:00,11348,87,1292,1.093,21.206
2026-08-22T10:11:05.900000+00:00,11348,23,1292,2.437,23.642
2026-08-22T10:11:05.971000+00:00,11348,1,1292,1.042,1.042
2026-08-22T10:11:06.182000+00:00,11348,44,1292,1.075,8.184
2026-08-22T10:11:06.229000+00:00,11348,43,1292,1.118,17.889
2026-08-22T10:11:06.239000+00:00,11348,31,1292,1.827,20.121
2026-08-22T10:11:06.329000+00:00,11348,41,1292,1.09,15.993
2026-08-22T10:11:06.528000+00:00,11348,22,1292,0.289,18.178
2026-08-22T10:11:06.704000+00:00,11348,18,1292,0.805,24.447
2026-08-22T10:11:06.744000+00:00,11348,87,1292,1.086,21.201
2026-08-22T10:11:06.839000+00:00,11348,55,1292,1.556,27.826
2026-08-22T10:11:07.186000+00:00,11348,16,1292,1.166,2.208
2026-08-22T10:11:07.186000+00:00,11348,30,1292,0.835,16.828
2026-08-22T10:11:07.355000+00:00,11348,87,1292,1.075,21.196
2026-08-22T10:11:07.777000+00:00,11348,12,1292,0.627,2.835
2026-08-22T10:11:08.015000+00:00,11348,3,1292,2.392,
2026-08-22T10:11:08.059000+00:00,11348,77,1292,1.371,25.818
2026-08-22T10:11:08.131000+00:00,11348,23,1292,2.42,23.626
2026-08-22T10:11:08.194000+00:00,11348,43,1292,1.036,17.864
2026-08-22T10:11:08.520000+00:00,11348,31,1292,1.995,20.173
2026-08-22T10:11:08.545000+00:00,11348,14,1292,,26.308
2026-08-22T10:11:08.713000+00:00,11348,22,1292,0.505,18.369
2026-08-22T10:11:08.945000+00:00,11348,18,1292,0.827,24.453
2026-08-22T10:11:09.096000+00:00,11348,44,1292,1.1,8.209
2026-08-22T10:11:09.126000+00:00,11348,23,1292,2.416,23.617
2026-08-22T10:11:09.486000+00:00,11348,1,1292,1.015,1.015
2026-08-22T10:11:09.535000+00:00,11348,87,1292,1.008,21.181
2026-08-22T10:11:09.617000+00:00,11348,10,1292,6.002,14.213
2026-08-22T10:11:09.768000+00:00,11348,23,1292,2.418,23.614
2026-08-22T10:11:09.811000+00:00,11348,81,1292,2.044,4.879
2026-08-22T10:11:09.944000+00:00,11348,18,1292,0.826,24.443
2026-08-22T10:11:10.115000+00:00,11348,55,1292,1.554,27.862
2026-08-22T10:11:10.311000+00:00,11348,5,1292,0.706,14.919
2026-08-22T10:11:10.329000+00:00,11348,77,1292,1.364,25.817
2026-08-22T10:11:10.568000+00:00,11348,18,1292,0.822,24.436
2026-08-22T10:11:10.573000+00:00,11348,31,1292,1.848,20.217
2026-08-22T10:11:10.672000+00:00,11348,16,1292,1.184,2.199
2026-08-22T10:11:10.797000+00:00,11348,14,1292,0.47,26.287
2026-08-22T10:11:11.294000+00:00,11348,12,1292,0.62,2.819
2026-08-22T10:11:11.315000+00:00,11348,77,1292,1.371,25.814
2026-08-22T10:11:11.372000+00:00,11348,41,1292,1.068,15.987
2026-08-22T10:11:11.719000+00:00,11348,87,1292,1.14,21.357
2026-08-22T10:11:11.768000+00:00,11348,14,1292,0.445,26.259
2026-08-22T10:11:11.962000+00:00,11348,23,1292,2.45,23.631
2026-08-22T10:11:12.047000+00:00,11348,77,1292,1.376,25.812
2026-08-22T10:11:12.211000+00:00,11348,10,1292,6.028,14.212
2026-08-22T10:11:12.220000+00:00,11348,3,1292,2.382,7.261
2026-08-22T10:11:12.231000+00:00,11348,30,1292,0.867,16.854
2026-08-22T10:11:12.348000+00:00,11348,55,1292,1.552,27.839
2026-08-22T10:11:12.418000+00:00,11348,14,1292,0.426,26.238
2026-08-22T10:11:12.611000+00:00,11348,1,1292,0.984,0.984
2026-08-22T10:11:12.777000+00:00,11348,18,1292,0.793,24.424
2026-08-22T10:11:12.931000+00:00,11348,5,1292,0.716,14.928
2026-08-22T10:11:13.245000+00:00,11348,44,1292,1.043,8.304
2026-08-22T10:11:13.360000+00:00,11348,55,1292,1.566,27.825
2026-08-22T10:11:13.396000+00:00,11348,81,1292,2.093,4.912
2026-08-22T10:11:13.415000+00:00,11348,43,1292,1.161,18.015
2026-08-22T10:11:13.728000+00:00,11348,22,1292,0.315,18.33
2026-08-22T10:11:13.773000+00:00,11348,1,1292,0.95,0.95
2026-08-22T10:11:13.815000+00:00,11348,16,1292,1.205,2.189
2026-08-22T10:11:13.960000+00:00,11348,55,1292,1.579,27.817
2026-08-22T10:11:13.960000+00:00,11348,41,1292,1.051,15.979
2026-08-22T10:11:13.997000+00:00,11348,23,1292,2.316,23.673
2026-08-22T10:11:14.130000+00:00,11348,77,1292,1.366,25.79
2026-08-22T10:11:14.361000+00:00,11348,12,1292,0.564,2.753
2026-08-22T10:11:14.529000+00:00,11348,14,1292,0.392,26.182
2026-08-22T10:11:14.798000+00:00,11348,30,1292,0.84,16.819
2026-08-22T10:11:14.844000+00:00,11348,18,1292,0.834,24.507
2026-08-22T10:11:14.974000+00:00,11348,16,1292,1.219,2.169
2026-08-22T10:11:15.228000+00:00,11348,10,1292,6.112,14.321
2026-08-22T10:11:15.494000+00:00,11348,12,1292,0.529,2.698
2026-08-22T10:11:15.737000+00:00,11348,31,1292,1.978,20.308
2026-08-22T10:11:15.750000+00:00,11348,3,1292,2.341,7.253
2026-08-22T10:11:15.922000+00:00,11348,5,1292,0.693,15.014
2026-08-22T10:11:15.998000+00:00,11348,43,1292,1.193,18.012
2026-08-22T10:11:16.145000+00:00,11348,55,1292,1.629,27.811
2026-08-22T10:11:16.244000+00:00,11348,77,1292,1.388,25.895
2026-08-22T10:11:16.350000+00:00,11348,22,1292,0.359,18.371
2026-08-22T10:11:16.542000+00:00,11348,81,1292,2.186,4.939
2026-08-22T10:11:16.573000+00:00,11348,14,1292,0.347,26.242
2026-08-22T10:11:16.729000+00:00,11348,87,1292,1.007,21.315
2026-08-22T10:11:16.760000+00:00,11348,44,1292,1.051,
2026-08-22T10:11:17.026000+00:00,11348,1,1292,0.781,0.781
2026-08-22T10:11:17.073000+00:00,11348,41,1292,1.148,16.162
2026-08-22T10:11:17.760000+00:00,11348,81,1292,2.242,4.94
2026-08-22T10:11:17.807000+00:00,11348,30,1292,0.747,16.909
2026-08-22T10:11:18.166000+00:00,11348,55,1292,1.612,27.854
2026-08-22T10:11:18.213000+00:00,11348,16,1292,1.208,1.989
2026-08-22T10:11:18.291000+00:00,11348,31,1292,1.931,20.302
2026-08-22T10:11:18.869000+00:00,11348,3,1292,2.335,7.274
2026-08-22T10:11:18.885000+00:00,11348,12,1292,0.667,2.656
2026-08-22T10:11:18.994000+00:00,11348,43,1292,1.192,18.101
2026-08-22T10:11:19.166000+00:00,11348,23,1292,2.48,23.795
2026-08-22T10:11:19.323000+00:00,11348,87,1292,1.046,21.348
2026-08-22T10:11:19.401000+00:00,11348,22,1292,0.389,18.49
2026-08-22T10:11:19.527000+00:00,11348,10,1292,6.288,14.592
2026-08-22T10:11:19.932000+00:00,11348,44,1292,1.037,8.311
2026-08-22T10:11:19.932000+00:00,11348,18,1292,0.748,24.543
2026-08-22T10:11:20.084000+00:00,11348,3,1292,,7.275
2026-08-22T10:11:20.228000+00:00,11348,5,1292,0.697,15.289
2026-08-22T10:11:20.915000+00:00,11348,1,1292,0.728,0.728
2026-08-22T10:11:21.014000+00:00,11348,81,1292,2.112,4.768
2026-08-22T10:11:21.094000+00:00,11348,44,1292,1.018,8.293
2026-08-22T10:11:21.244000+00:00,11348,31,1292,1.854,20.344
2026-08-22T10:11:21.267000+00:00,11348,77,1292,1.326,25.869
2026-08-22T10:11:21.272000+00:00,11348,41,1292,1.064,16.353
2026-08-22T10:11:21.682000+00:00,11348,14,1292,0.422,26.291
2026-08-22T10:11:21.815000+00:00,11348,23,1292,2.484,23.832
2026-08-22T10:11:22.072000+00:00,11348,30,1292,0.792,17.145
2026-08-22T10:11:22.096000+00:00,11348,16,1292,1.196,1.924
2026-08-22T10:11:22.390000+00:00,11348,87,1292,1.132,21.476
2026-08-22T10:11:22.544000+00:00,11348,18,1292,0.75,24.582
2026-08-22T10:11:22.828000+00:00,11348,12,1292,0.756,2.68
2026-08-22T10:11:23.097000+00:00,11348,10,1292,6.309,14.613
2026-08-22T10:11:23.300000+00:00,11348,43,1292,1.234,18.379
2026-08-22T10:11:23.332000+00:00,11348,55,1292,1.667,27.958
2026-08-22T10:11:23.441000+00:00,11348,3,1292,2.441,7.209
2026-08-22T10:11:23.707000+00:00,11348,22,1292,0.421,18.8
2026-08-22T10:11:23.816000+00:00,11348,5,1292,0.716,15.329
2026-08-22T10:11:23.863000+00:00,11348,77,1292,1.309,25.891
2026-08-22T10:11:24.129000+00:00,11348,1,1292,0.724,0.724
2026-08-22T10:11:24.285000+00:00,11348,14,1292,0.405,26.296
2026-08-22T10:11:24.394000+00:00,11348,44,1292,0.972,8.181
2026-08-22T10:11:24.832000+00:00,11348,41,1292,1.03,16.359
2026-08-22T10:11:24.847000+00:00,11348,81,1292,1.996,4.676
2026-08-22T10:11:24.879000+00:00,11348,23,1292,2.497,23.973
2026-08-22T10:11:25.300000+00:00,11348,16,1292,1.192,1.916
2026-08-22T10:11:25.515000+00:00,11348,31,1292,1.784,20.584
2026-08-22T10:11:25.615000+00:00,11348,18,1292,0.742,24.715
2026-08-22T10:11:25.645000+00:00,11348,30,1292,0.811,17.17
2026-08-22T10:11:25.994000+00:00,11348,55,1292,1.715,28.011
2026-08-22T10:11:26.144000+00:00,11348,12,1292,0.831,2.747
2026-08-22T10:11:26.258000+00:00,11348,10,1292,6.333,14.644
2026-08-22T10:11:26.615000+00:00,11348,87,1292,1.103,21.687
2026-08-22T10:11:26.872000+00:00,11348,43,1292,1.226,18.396
2026-08-22T10:11:27.029000+00:00,11348,5,1292,0.72,15.364
2026-08-22T10:11:27.110000+00:00,11348,77,1292,1.45,26.165
2026-08-22T10:11:27.320000+00:00,11348,22,1292,0.406,18.802
2026-08-22T10:11:27.346000+00:00,11348,3,1292,2.5,7.176
2026-08-22T10:11:27.410000+00:00,11348,14,1292,0.292,26.457
2026-08-22T10:11:27.472000+00:00,11348,10,1292,6.359,14.652
2026-08-22T10:11:28.052000+00:00,11348,41,1292,1.077,16.441
2026-08-22T10:11:28.148000+00:00,11348,81,1292,2.006,4.753
2026-08-22T10:11:28.163000+00:00,11348,5,1292,0.721,15.373
2026-08-22T10:11:28.580000+00:00,11348,44,1292,0.941,8.117
2026-08-22T10:11:28.590000+00:00,11348,1,1292,0.744,0.744
2026-08-22T10:11:28.768000+00:00,11348,30,1292,0.716,17.157
2026-08-22T10:11:29.063000+00:00,11348,55,1292,1.683,28.14
2026-08-22T10:11:29.115000+00:00,11348,31,1292,1.832,20.634
2026-08-22T10:11:29.148000+00:00,11348,23,1292,2.544,24.231
2026-08-22T10:11:29.269000+00:00,11348,41,1292,1.098,16.471
2026-08-22T10:11:29.844000+00:00,11348,16,1292,1.245,1.989
2026-08-22T10:11:29.926000+00:00,11348,30,1292,0.656,17.127
2026-08-22T10:11:29.942000+00:00,11348,18,1292,0.776,25.007
2026-08-22T10:11:29.957000+00:00,11348,43,1292,1.193,18.35
2026-08-22T10:11:30.207000+00:00,11348,87,1292,1.112,21.746
2026-08-22T10:11:30.379000+00:00,11348,22,1292,0.442,18.792
2026-08-22T10:11:30.567000+00:00,11348,3,1292,2.417,7.17
2026-08-22T10:11:30.739000+00:00,11348,12,1292,0.9,2.889
2026-08-22T10:11:30.957000+00:00,11348,10,1292,6.543,14.724
2026-08-22T10:11:31.098000+00:00,11348,43,1292,1.173,18.3
2026-08-22T10:11:31.426000+00:00,11348,77,1292,1.492,26.499
2026-08-22T10:11:31.457000+00:00,11348,1,1292,0.82,0.82
2026-08-22T10:11:31.520000+00:00,11348,44,1292,0.958,8.128
2026-08-22T10:11:31.536000+00:00,11348,5,1292,0.597,15.321
2026-08-22T10:11:31.567000+00:00,11348,22,1292,0.471,18.771
2026-08-22T10:11:31.754000+00:00,11348,14,1292,0.331,26.83
2026-08-22T10:11:32.301000+00:00,11348,31,1292,1.901,20.693
2026-08-22T10:11:32.661000+00:00,11348,16,1292,1.174,1.994
2026-08-22T10:11:32.692000+00:00,11348,81,1292,1.972,4.861
2026-08-22T10:11:32.709000+00:00,11348,23,1292,2.49,24.236
2026-08-22T10:11:32.801000+00:00,11348,41,1292,1.257,16.578
2026-08-22T10:11:33.333000+00:00,11348,55,1292,1.576,28.406
2026-08-22T10:11:33.411000+00:00,11348,30,1292,0.588,17.166
2026-08-22T10:11:33.473000+00:00,11348,87,1292,1.111,21.804
2026-08-22T10:11:33.489000+00:00,11348,12,1292,0.855,2.849
2026-08-22T10:11:33.504000+00:00,11348,31,1292,1.939,20.71
2026-08-22T10:11:33.551000+00:00,11348,18,1292,0.847,25.083
2026-08-22T10:11:34.489000+00:00,11348,43,1292,1.079,18.245
2026-08-22T10:11:34.551000+00:00,11348,1,1292,0.998,0.998
2026-08-22T10:11:34.614000+00:00,11348,87,1292,1.105,21.815
2026-08-22T10:11:34.973000+00:00,11348,10,1292,6.623,14.74
2026-08-22T10:11:35.036000+00:00,11348,77,1292,1.483,26.566
2026-08-22T10:11:35.067000+00:00,11348,3,1292,2.334,7.195
2026-08-22T10:11:35.067000+00:00,11348,22,1292,0.55,18.795
2026-08-22T10:11:35.379000+00:00,11348,14,1292,0.324,26.89
2026-08-22T10:11:35.473000+00:00,11348,5,1292,0.564,15.304
2026-08-22T10:11:35.520000+00:00,11348,81,1292,2.0,4.849
2026-08-22T10:11:35.661000+00:00,11348,16,1292,1.097,2.095
2026-08-22T10:11:35.848000+00:00,11348,23,1292,2.45,24.254
2026-08-22T10:11:36.067000+00:00,11348,44,1292,1.04,8.235
2026-08-22T10:11:36.567000+00:00,11348,12,1292,0.913,3.008
2026-08-22T10:11:36.770000+00:00,11348,18,1292,0.903,25.157
2026-08-22T10:11:36.786000+00:00,11348,41,1292,1.313,16.617
2026-08-22T10:11:36.895000+00:00,11348,31,1292,1.859,20.654
2026-08-22T10:11:36.942000+00:00,11348,55,1292,1.561,28.451
2026-08-22T10:11:37.051000+00:00,11348,23,1292,2.442,24.257
2026-08-22T10:11:37.379000+00:00,11348,30,1292,,17.205
2026-08-22T10:11:37.801000+00:00,11348,3,1292,2.304,7.153
2026-08-22T10:11:37.989000+00:00,11348,18,1292,0.928,25.185
2026-08-22T10:11:38.067000+00:00,11348,87,1292,1.172,21.826
2026-08-22T10:11:38.192000+00:00,11348,10,1292,6.685,14.813
2026-08-22T10:11:38.254000+00:00,11348,77,1292,1.493,26.65
2026-08-22T10:11:38.489000+00:00,11348,43,1292,1.11,18.315
2026-08-22T10:11:38.504000+00:00,11348,81,1292,1.953,4.961
2026-08-22T10:11:38.551000+00:00,11348,14,1292,0.293,26.943
2026-08-22T10:11:38.833000+00:00,11348,5,1292,0.606,15.419
2026-08-22T10:11:39.004000+00:00,11348,44,1292,1.181,8.334
2026-08-22T10:11:39.020000+00:00,11348,22,1292,0.544,18.859
2026-08-22T10:11:39.504000+00:00,11348,77,1292,1.495,26.68
2026-08-22T10:11:39.629000+00:00,11348,1,1292,0.937,0.937
2026-08-22T10:11:39.770000+00:00,11348,14,1292,0.275,26.955
2026-08-22T10:11:40.051000+00:00,11348,55,1292,1.503,28.446
2026-08-22T10:11:40.114000+00:00,11348,41,1292,1.308,16.727
2026-08-22T10:11:40.489000+00:00,11348,23,1292,2.434,24.26
2026-08-22T10:11:40.754000+00:00,11348,30,1292,0.612,17.339
2026-08-22T10:11:40.786000+00:00,11348,16,1292,1.173,2.11
2026-08-22T10:11:40.817000+00:00,11348,3,1292,2.317,7.278
2026-08-22T10:11:40.879000+00:00,11348,31,1292,1.86,20.719
2026-08-22T10:11:41.239000+00:00,11348,55,1292,1.473,28.428
2026-08-22T10:11:41.458000+00:00,11348,18,1292,0.948,25.208
2026-08-22T10:11:41.598000+00:00,11348,12,1292,0.832,2.942
2026-08-22T10:11:41.879000+00:00,11348,43,1292,1.152,18.491
2026-08-22T10:11:41.989000+00:00,11348,44,1292,1.146,8.424
2026-08-22T10:11:42.051000+00:00,11348,87,1292,1.181,21.9
2026-08-22T10:11:42.348000+00:00,11348,22,1292,0.46,18.951
2026-08-22T10:11:42.411000+00:00,11348,1,1292,0.922,0.922
2026-08-22T10:11:42.796000+00:00,11348,10,1292,6.733,14.968
2026-08-22T10:11:43.089000+00:00,11348,77,1292,1.64,26.848
2026-08-22T10:11:43.412000+00:00,11348,5,1292,0.604,15.572
2026-08-22T10:11:43.422000+00:00,11348,14,1292,0.323,27.171
2026-08-22T10:11:43.529000+00:00,11348,16,1292,1.106,2.028
2026-08-22T10:11:43.645000+00:00,11348,81,1292,2.036,4.978
2026-08-22T10:11:44.204000+00:00,11348,31,1292,1.859,20.81
2026-08-22T10:11:44.439000+00:00,11348,12,1292,0.912,2.94
2026-08-22T10:11:44.564000+00:00,11348,23,1292,2.489,24.389
2026-08-22T10:11:44.721000+00:00,11348,41,1292,,16.88
2026-08-22T10:11:44.798000+00:00,11348,55,1292,1.395,28.566
2026-08-22T10:11:45.376000+00:00,11348,87,1292,1.156,21.966
2026-08-22T10:11:45.408000+00:00,11348,18,1292,0.856,25.245
2026-08-22T10:11:45.423000+00:00,11348,30,1292,0.715,17.595
2026-08-22T10:11:45.689000+00:00,11348,10,1292,6.697,15.031
2026-08-22T10:11:45.923000+00:00,11348,3,1292,2.281,7.259
2026-08-22T10:11:46.392000+00:00,11348,5,1292,0.691,15.722
2026-08-22T10:11:46.501000+00:00,11348,81,1292,2.034,4.974
2026-08-22T10:11:46.626000+00:00,11348,43,1292,1.187,18.782
2026-08-22T10:11:47.142000+00:00,11348,77,1292,1.699,26.944
2026-08-22T10:11:47.189000+00:00,11348,44,1292,1.219,8.478
2026-08-22T10:11:47.189000+00:00,11348,22,1292,0.503,19.285
2026-08-22T10:11:47.501000+00:00,11348,14,1292,0.336,27.28
2026-08-22T10:11:47.533000+00:00,11348,41,1292,1.142,16.864
2026-08-22T10:11:47.611000+00:00,11348,1,1292,0.944,0.944
2026-08-22T10:11:47.970000+00:00,11348,23,1292,2.629,24.595
2026-08-22T10:11:48.298000+00:00,11348,30,1292,0.785,17.649
2026-08-22T10:11:48.689000+00:00,11348,16,1292,1.027,1.971
2026-08-22T10:11:48.751000+00:00,11348,10,1292,6.716,15.14
2026-08-22T10:11:48.814000+00:00,11348,18,1292,0.806,25.401
2026-08-22T10:11:48.829000+00:00,11348,3,1292,2.328,7.302
2026-08-22T10:11:48.845000+00:00,11348,55,1292,1.388,28.668
2026-08-22T10:11:48.892000+00:00,11348,31,1292,1.786,21.071
2026-08-22T10:11:49.533000+00:00,11348,12,1292,0.897,2.868
2026-08-22T10:11:49.533000+00:00,11348,43,1292,1.255,18.904
2026-08-22T10:11:49.549000+00:00,11348,5,1292,0.847,15.987
2026-08-22T10:11:49.954000+00:00,11348,44,1292,1.158,8.46
2026-08-22T10:11:50.001000+00:00,11348,87,1292,1.095,22.166
2026-08-22T10:11:50.048000+00:00,11348,22,1292,0.495,19.399
2026-08-22T10:11:50.548000+00:00,11348,77,1292,1.747,27.148
2026-08-22T10:11:50.673000+00:00,11348,41,1292,1.109,17.096
2026-08-22T10:11:50.829000+00:00,11348,14,1292,0.304,27.452
2026-08-22T10:11:51.470000+00:00,11348,30,1292,0.822,17.918
2026-08-22T10:11:51.533000+00:00,11348,1,1292,0.925,0.925
2026-08-22T10:11:51.642000+00:00,11348,81,1292,2.114,4.982
2026-08-22T10:11:51.876000+00:00,11348,31,1292,1.845,21.244
2026-08-22T10:11:52.314000+00:00,11348,55,1292,1.45,28.902
2026-08-22T10:11:52.611000+00:00,11348,16,1292,1.065,1.99
2026-08-22T10:11:52.689000+00:00,11348,43,1292,1.209,19.127
2026-08-22T10:11:52.704000+00:00,11348,23,1292,2.688,24.854
2026-08-22T10:11:53.017000+00:00,11348,87,1292,1.132,22.376
2026-08-22T10:11:53.173000+00:00,11348,22,1292,0.493,19.62
2026-08-22T10:11:53.408000+00:00,11348,18,1292,0.718,25.572
2026-08-22T10:11:53.486000+00:00,11348,12,1292,0.847,2.837
2026-08-22T10:11:53.798000+00:00,11348,10,1292,6.659,15.137
2026-08-22T10:11:53.830000+00:00,11348,3,1292,2.196,7.178
2026-08-22T10:11:54.048000+00:00,11348,11,1292,194.84,+2 LAPS
2026-08-22T10:11:54.705000+00:00,11348,11,1292,+1 LAP,+2 LAPS
2026-08-22T10:11:54.783000+00:00,11348,5,1292,0.959,16.096
2026-08-22T10:11:54.955000+00:00,11348,31,1292,1.768,21.388
2026-08-22T10:11:55.111000+00:00,11348,44,1292,1.279,8.457
2026-08-22T10:11:55.267000+00:00,11348,77,1292,1.819,27.391
2026-08-22T10:11:55.517000+00:00,11348,14,1292,0.301,27.692
2026-08-22T10:11:55.595000+00:00,11348,81,1292,2.143,4.98
2026-08-22T10:11:55.673000+00:00,11348,23,1292,2.605,24.981
2026-08-22T10:11:55.689000+00:00,11348,1,1292,0.992,0.992
2026-08-22T10:11:55.861000+00:00,11348,41,1292,1.074,17.17
2026-08-22T10:11:56.111000+00:00,11348,87,1292,1.168,22.556
2026-08-22T10:11:56.220000+00:00,11348,18,1292,0.566,25.547
2026-08-22T10:11:56.580000+00:00,11348,30,1292,0.731,17.901
2026-08-22T10:11:56.705000+00:00,11348,16,1292,1.047,2.039
2026-08-22T10:11:56.720000+00:00,11348,10,1292,6.757,15.217
2026-08-22T10:11:56.986000+00:00,11348,55,1292,1.468,29.16
2026-08-22T10:11:57.033000+00:00,11348,11,1292,194.751,+2 LAPS
2026-08-22T10:11:57.548000+00:00,11348,12,1292,0.865,2.904
2026-08-22T10:11:57.595000+00:00,11348,5,1292,0.893,16.11
2026-08-22T10:11:57.767000+00:00,11348,3,1292,2.158,7.138
2026-08-22T10:11:57.814000+00:00,11348,43,1292,1.23,19.131
2026-08-22T10:11:58.236000+00:00,11348,77,1292,2.02,27.567
2026-08-22T10:11:58.423000+00:00,11348,22,1292,0.619,19.75
2026-08-22T10:11:58.439000+00:00,11348,14,1292,0.237,27.804
2026-08-22T10:11:58.767000+00:00,11348,41,1292,1.134,17.244
2026-08-22T10:11:58.798000+00:00,11348,23,1292,2.678,25.234
2026-08-22T10:11:58.908000+00:00,11348,1,1292,0.993,0.993
2026-08-22T10:11:59.064000+00:00,11348,44,1292,1.299,8.437
2026-08-22T10:11:59.173000+00:00,11348,11,1292,194.773,+2 LAPS
2026-08-22T10:11:59.408000+00:00,11348,18,1292,0.64,25.874
2026-08-22T10:11:59.517000+00:00,11348,30,1292,0.78,18.024
2026-08-22T10:11:59.736000+00:00,11348,81,1292,2.188,5.092
2026-08-22T10:11:59.923000+00:00,11348,16,1292,1.031,2.024
2026-08-22T10:12:00.017000+00:00,11348,55,1292,1.568,29.372
2026-08-22T10:12:00.220000+00:00,11348,31,1292,1.799,21.549
2026-08-22T10:12:00.751000+00:00,11348,43,1292,1.21,19.234
2026-08-22T10:12:00.798000+00:00,11348,12,1292,0.868,2.892
2026-08-22T10:12:01.158000+00:00,11348,1,1292,0.976,0.976
2026-08-22T10:12:01.298000+00:00,11348,77,1292,1.879,27.753
2026-08-22T10:12:01.330000+00:00,11348,87,1292,1.112,22.661
2026-08-22T10:12:01.455000+00:00,11348,22,1292,0.751,19.985
2026-08-22T10:12:01.783000+00:00,11348,14,1292,0.421,28.174
2026-08-22T10:12:01.814000+00:00,11348,63,1292,0.0,0.0
2026-08-22T10:12:01.892000+00:00,11348,10,1292,6.753,15.21
2026-08-22T10:12:01.908000+00:00,11348,3,1292,2.124,7.216
2026-08-22T10:12:02.126000+00:00,11348,1,1292,0.966,0.966
2026-08-22T10:12:02.148000+00:00,11348,16,1292,1.026,2.002
2026-08-22T10:12:02.772000+00:00,11348,1,1292,0.964,0.964
2026-08-22T10:12:02.823000+00:00,11348,5,1292,0.939,16.149
2026-08-22T10:12:02.994000+00:00,11348,12,1292,0.842,2.844
2026-08-22T10:12:03.043000+00:00,11348,81,1292,2.22,5.112
2026-08-22T10:12:03.130000+00:00,11348,31,1292,1.631,21.616
2026-08-22T10:12:03.164000+00:00,11348,16,1292,1.023,1.989
2026-08-22T10:12:03.218000+00:00,11348,44,1292,1.346,8.562
2026-08-22T10:12:03.249000+00:00,11348,55,1292,1.521,29.695
2026-08-22T10:12:03.771000+00:00,11348,16,1292,1.018,1.982
2026-08-22T10:12:03.929000+00:00,11348,41,1292,1.128,17.277
2026-08-22T10:12:03.946000+00:00,11348,12,1292,0.819,2.808
2026-08-22T10:12:04.015000+00:00,11348,23,1292,2.666,25.327
2026-08-22T10:12:04.194000+00:00,11348,11,1292,194.595,+2 LAPS
2026-08-22T10:12:04.315000+00:00,11348,87,1292,1.216,22.832
2026-08-22T10:12:04.573000+00:00,11348,12,1292,0.802,2.784
2026-08-22T10:12:04.712000+00:00,11348,18,1292,0.708,26.035
2026-08-22T10:12:04.726000+00:00,11348,30,1292,0.741,18.018
2026-08-22T10:12:05+00:00,11348,1,1292,0.986,0.986
2026-08-22T10:12:05.144000+00:00,11348,3,1292,,7.236
2026-08-22T10:12:05.245000+00:00,11348,81,1292,2.259,5.103
2026-08-22T10:12:05.918000+00:00,11348,10,1292,6.848,15.285
2026-08-22T10:12:05.974000+00:00,11348,43,1292,1.285,19.303
2026-08-22T10:12:05.997000+00:00,11348,16,1292,0.994,1.98
2026-08-22T10:12:06.272000+00:00,11348,81,1292,2.296,5.104
2026-08-22T10:12:06.512000+00:00,11348,44,1292,1.361,8.597
2026-08-22T10:12:06.917000+00:00,11348,77,1292,1.933,27.968
2026-08-22T10:12:07.017000+00:00,11348,12,1292,0.742,2.722
2026-08-22T10:12:07.044000+00:00,11348,22,1292,0.782,20.085
2026-08-22T10:12:07.057000+00:00,11348,11,1292,194.483,+2 LAPS
2026-08-22T10:12:07.144000+00:00,11348,14,1292,0.164,28.132
2026-08-22T10:12:07.160000+00:00,11348,23,1292,2.487,25.319
2026-08-22T10:12:07.160000+00:00,11348,5,1292,0.91,16.195
2026-08-22T10:12:07.172000+00:00,11348,81,1292,2.33,5.114
2026-08-22T10:12:07.229000+00:00,11348,1,1292,1.006,1.006
2026-08-22T10:12:07.429000+00:00,11348,3,1292,2.139,7.242
2026-08-22T10:12:07.629000+00:00,11348,18,1292,0.808,26.127
2026-08-22T10:12:07.928000+00:00,11348,41,1292,1.079,17.274
2026-08-22T10:12:08.015000+00:00,11348,16,1292,0.975,1.981
2026-08-22T10:12:08.343000+00:00,11348,31,1292,1.537,21.622
2026-08-22T10:12:08.415000+00:00,11348,3,1292,2.153,7.257
2026-08-22T10:12:08.515000+00:00,11348,55,1292,1.668,29.8
2026-08-22T10:12:08.660000+00:00,11348,30,1292,0.726,18.0
2026-08-22T10:12:08.767000+00:00,11348,12,1292,0.728,2.709
2026-08-22T10:12:08.815000+00:00,11348,44,1292,1.354,8.596
2026-08-22T10:12:09.077000+00:00,11348,3,1292,2.166,7.28
2026-08-22T10:12:09.174000+00:00,11348,81,1292,2.455,5.177
2026-08-22T10:12:09.497000+00:00,11348,87,1292,1.232,22.854
2026-08-22T10:12:09.626000+00:00,11348,77,1292,1.987,28.114
2026-08-22T10:12:09.733000+00:00,11348,44,1292,1.332,8.589
2026-08-22T10:12:09.833000+00:00,11348,11,1292,194.549,+2 LAPS
2026-08-22T10:12:09.917000+00:00,11348,14,1292,0.309,28.423
2026-08-22T10:12:09.935000+00:00,11348,43,1292,1.3,19.3
2026-08-22T10:12:10.115000+00:00,11348,10,1292,6.895,15.457
2026-08-22T10:12:10.387000+00:00,11348,44,1292,1.306,8.586
2026-08-22T10:12:10.727000+00:00,11348,22,1292,0.804,20.104
2026-08-22T10:12:11.075000+00:00,11348,5,1292,0.957,16.414
2026-08-22T10:12:11.155000+00:00,11348,81,1292,2.442,5.151
2026-08-22T10:12:11.365000+00:00,11348,3,1292,2.196,7.373
2026-08-22T10:12:11.430000+00:00,11348,55,1292,1.511,29.934
2026-08-22T10:12:12.073000+00:00,11348,23,1292,2.552,25.406
2026-08-22T10:12:12.126000+00:00,11348,41,1292,1.048,17.462
2026-08-22T10:12:12.130000+00:00,11348,1,1292,1.1,1.1
2026-08-22T10:12:12.274000+00:00,11348,31,1292,1.556,21.66
2026-08-22T10:12:12.594000+00:00,11348,44,1292,1.223,8.596
2026-08-22T10:12:12.872000+00:00,11348,18,1292,0.811,26.217
2026-08-22T10:12:12.910000+00:00,11348,30,1292,0.802,18.264
2026-08-22T10:12:13.020000+00:00,11348,16,1292,0.9,2.0
2026-08-22T10:12:13.348000+00:00,11348,3,1292,2.223,7.374
2026-08-22T10:12:13.372000+00:00,11348,10,1292,6.886,15.483
2026-08-22T10:12:13.549000+00:00,11348,87,1292,1.257,22.917
2026-08-22T10:12:13.719000+00:00,11348,12,1292,0.694,2.694
2026-08-22T10:12:14.099000+00:00,11348,11,1292,194.535,+2 LAPS
2026-08-22T10:12:14.131000+00:00,11348,43,1292,1.21,19.474
2026-08-22T10:12:14.363000+00:00,11348,5,1292,0.966,16.449
2026-08-22T10:12:14.562000+00:00,11348,44,1292,1.194,8.568
2026-08-22T10:12:14.674000+00:00,11348,1,1292,1.06,1.06
2026-08-22T10:12:14.933000+00:00,11348,77,1292,2.052,28.269
2026-08-22T10:12:14.945000+00:00,11348,22,1292,0.826,20.3
2026-08-22T10:12:15.346000+00:00,11348,14,1292,0.425,28.694
2026-08-22T10:12:15.383000+00:00,11348,41,1292,1.02,17.469
2026-08-22T10:12:15.573000+00:00,11348,16,1292,0.908,1.968
2026-08-22T10:12:15.634000+00:00,11348,10,1292,6.887,
2026-08-22T10:12:16.045000+00:00,11348,23,1292,2.513,25.43
2026-08-22T10:12:16.172000+00:00,11348,30,1292,0.813,18.282
2026-08-22T10:12:16.245000+00:00,11348,81,1292,2.52,5.214
2026-08-22T10:12:16.272000+00:00,11348,12,1292,0.703,2.671
2026-08-22T10:12:16.494000+00:00,11348,31,1292,1.538,21.838
2026-08-22T10:12:16.595000+00:00,11348,5,1292,0.955,16.438
2026-08-22T10:12:16.644000+00:00,11348,10,1292,6.894,
2026-08-22T10:12:16.728000+00:00,11348,55,1292,1.348,30.042
2026-08-22T10:12:16.897000+00:00,11348,18,1292,0.861,26.291
2026-08-22T10:12:17.272000+00:00,11348,10,1292,6.897,
2026-08-22T10:12:17.394000+00:00,11348,43,1292,1.19,19.472
2026-08-22T10:12:17.551000+00:00,11348,1,1292,0.969,0.969
2026-08-22T10:12:17.595000+00:00,11348,41,1292,1.005,17.443
2026-08-22T10:12:17.602000+00:00,11348,5,1292,0.953,16.436
2026-08-22T10:12:17.713000+00:00,11348,11,1292,194.448,+2 LAPS
2026-08-22T10:12:17.723000+00:00,11348,87,1292,1.227,23.065
2026-08-22T10:12:18.231000+00:00,11348,5,1292,0.96,16.443
2026-08-22T10:12:18.244000+00:00,11348,22,1292,0.832,20.304
2026-08-22T10:12:18.349000+00:00,11348,3,1292,2.1,7.314
2026-08-22T10:12:18.394000+00:00,11348,16,1292,0.874,1.843
2026-08-22T10:12:18.426000+00:00,11348,30,1292,0.816,18.259
2026-08-22T10:12:18.599000+00:00,11348,41,1292,0.993,17.429
2026-08-22T10:12:18.795000+00:00,11348,81,1292,2.512,5.183
2026-08-22T10:12:18.975000+00:00,11348,77,1292,2.055,28.346
2026-08-22T10:12:19.127000+00:00,11348,12,1292,0.714,2.557
2026-08-22T10:12:19.247000+00:00,11348,41,1292,0.976,17.419
2026-08-22T10:12:19.415000+00:00,11348,14,1292,0.443,28.789
2026-08-22T10:12:19.426000+00:00,11348,30,1292,0.819,18.248
2026-08-22T10:12:19.547000+00:00,11348,10,1292,6.898,15.494
2026-08-22T10:12:19.547000+00:00,11348,44,1292,1.232,8.546
2026-08-22T10:12:19.594000+00:00,11348,43,1292,1.174,19.433
2026-08-22T10:12:19.805000+00:00,11348,31,1292,1.585,21.889
2026-08-22T10:12:20.023000+00:00,11348,30,1292,0.828,18.247
2026-08-22T10:12:20.298000+00:00,11348,23,1292,2.581,25.646
2026-08-22T10:12:20.418000+00:00,11348,22,1292,0.827,20.26
2026-08-22T10:12:20.512000+00:00,11348,5,1292,1.004,16.498
2026-08-22T10:12:20.594000+00:00,11348,43,1292,1.167,19.415
2026-08-22T10:12:20.726000+00:00,11348,55,1292,1.316,30.105
2026-08-22T10:12:20.897000+00:00,11348,11,1292,194.194,+2 LAPS
2026-08-22T10:12:20.945000+00:00,11348,3,1292,2.095,7.278
2026-08-22T10:12:21.030000+00:00,11348,87,1292,1.206,23.095
2026-08-22T10:12:21.144000+00:00,11348,18,1292,0.828,26.474
2026-08-22T10:12:21.195000+00:00,11348,43,1292,1.155,19.402
2026-08-22T10:12:21.416000+00:00,11348,41,1292,0.909,17.407
2026-08-22T10:12:21.426000+00:00,11348,22,1292,0.815,20.23
2026-08-22T10:12:21.597000+00:00,11348,1,1292,1.002,1.002
2026-08-22T10:12:21.629000+00:00,11348,10,1292,7.086,15.654
2026-08-22T10:12:21.659000+00:00,11348,81,1292,2.516,5.073
2026-08-22T10:12:22.018000+00:00,11348,22,1292,0.808,20.21
2026-08-22T10:12:22.072000+00:00,11348,31,1292,1.635,21.895
2026-08-22T10:12:22.129000+00:00,11348,11,1292,194.089,+2 LAPS
2026-08-22T10:12:22.177000+00:00,11348,44,1292,1.286,8.564
2026-08-22T10:12:22.273000+00:00,11348,30,1292,0.863,18.27
2026-08-22T10:12:22.518000+00:00,11348,5,1292,0.888,16.542
2026-08-22T10:12:22.543000+00:00,11348,16,1292,0.951,1.953
2026-08-22T10:12:23.061000+00:00,11348,31,1292,1.669,21.899
2026-08-22T10:12:23.169000+00:00,11348,12,1292,0.651,2.604
2026-08-22T10:12:23.216000+00:00,11348,77,1292,2.092,28.566
2026-08-22T10:12:23.248000+00:00,11348,87,1292,1.195,23.09
2026-08-22T10:12:23.341000+00:00,11348,43,1292,1.066,19.336
2026-08-22T10:12:23.466000+00:00,11348,41,1292,,17.451
2026-08-22T10:12:23.560000+00:00,11348,23,1292,2.565,25.66
2026-08-22T10:12:23.701000+00:00,11348,31,1292,1.697,21.907
2026-08-22T10:12:23.716000+00:00,11348,14,1292,0.488,29.054
2026-08-22T10:12:23.794000+00:00,11348,3,1292,2.138,7.211
2026-08-22T10:12:24.169000+00:00,11348,22,1292,0.831,20.167
2026-08-22T10:12:24.232000+00:00,11348,87,1292,1.188,23.087
2026-08-22T10:12:24.310000+00:00,11348,30,1292,0.883,18.334
2026-08-22T10:12:24.451000+00:00,11348,18,1292,0.859,26.519
2026-08-22T10:12:24.857000+00:00,11348,87,1292,1.18,
2026-08-22T10:12:25.060000+00:00,11348,1,1292,1.003,1.003
2026-08-22T10:12:25.091000+00:00,11348,55,1292,1.381,30.435
2026-08-22T10:12:25.185000+00:00,11348,44,1292,1.39,8.601
2026-08-22T10:12:25.326000+00:00,11348,43,1292,1.023,19.357
2026-08-22T10:12:25.560000+00:00,11348,11,1292,194.163,+2 LAPS
2026-08-22T10:12:25.669000+00:00,11348,81,1292,2.496,5.1
2026-08-22T10:12:25.794000+00:00,11348,23,1292,2.549,25.639
2026-08-22T10:12:25.966000+00:00,11348,31,1292,1.797,21.964
2026-08-22T10:12:26.076000+00:00,11348,16,1292,0.989,1.992
2026-08-22T10:12:26.294000+00:00,11348,22,1292,0.948,20.305
2026-08-22T10:12:26.560000+00:00,11348,77,1292,2.114,28.633
2026-08-22T10:12:26.748000+00:00,11348,18,1292,0.876,26.515
2026-08-22T10:12:26.763000+00:00,11348,12,1292,0.633,2.625
2026-08-22T10:12:26.935000+00:00,11348,23,1292,2.544,25.631
2026-08-22T10:12:26.935000+00:00,11348,10,1292,7.268,15.814
2026-08-22T10:12:27.060000+00:00,11348,14,1292,0.485,29.118
2026-08-22T10:12:27.138000+00:00,11348,87,1292,1.151,23.115
2026-08-22T10:12:27.482000+00:00,11348,23,1292,2.542,25.629
2026-08-22T10:12:27.638000+00:00,11348,5,1292,0.804,16.618
2026-08-22T10:12:27.669000+00:00,11348,18,1292,0.873,26.504
2026-08-22T10:12:27.873000+00:00,11348,3,1292,2.196,7.296
2026-08-22T10:12:28.029000+00:00,11348,31,1292,1.743,22.048
2026-08-22T10:12:28.154000+00:00,11348,1,1292,0.976,0.976
2026-08-22T10:12:28.263000+00:00,11348,18,1292,0.869,26.498
2026-08-22T10:12:28.373000+00:00,11348,55,1292,1.366,30.484
2026-08-22T10:12:28.513000+00:00,11348,41,1292,0.871,17.489
2026-08-22T10:12:28.779000+00:00,11348,77,1292,2.123,28.638
2026-08-22T10:12:29.232000+00:00,11348,16,1292,1.014,1.99
2026-08-22T10:12:29.232000+00:00,11348,81,1292,2.492,5.117
2026-08-22T10:12:29.232000+00:00,11348,87,1292,1.153,23.201
2026-08-22T10:12:29.373000+00:00,11348,14,1292,0.466,29.104
2026-08-22T10:12:29.466000+00:00,11348,44,1292,1.454,8.75
2026-08-22T10:12:29.482000+00:00,11348,1,1292,0.943,0.943
2026-08-22T10:12:29.544000+00:00,11348,10,1292,7.275,15.839
2026-08-22T10:12:29.623000+00:00,11348,30,1292,0.958,18.447
2026-08-22T10:12:29.826000+00:00,11348,11,1292,194.255,+2 LAPS
2026-08-22T10:12:29.845000+00:00,11348,23,1292,2.53,25.645
2026-08-22T10:12:29.894000+00:00,11348,12,1292,0.581,2.571
2026-08-22T10:12:29.894000+00:00,11348,77,1292,2.144,28.648
2026-08-22T10:12:30.229000+00:00,11348,5,1292,0.788,16.627
2026-08-22T10:12:30.277000+00:00,11348,14,1292,0.426,29.074
2026-08-22T10:12:30.355000+00:00,11348,16,1292,1.026,1.969
2026-08-22T10:12:30.572000+00:00,11348,77,1292,2.167,28.665
2026-08-22T10:12:30.599000+00:00,11348,18,1292,0.847,26.492
2026-08-22T10:12:30.709000+00:00,11348,43,1292,1.129,19.576
2026-08-22T10:12:30.711000+00:00,11348,55,1292,1.355,30.459
2026-08-22T10:12:30.949000+00:00,11348,14,1292,0.384,29.049
2026-08-22T10:12:31.030000+00:00,11348,12,1292,0.556,2.525
2026-08-22T10:12:31.178000+00:00,11348,41,1292,0.861,17.488
2026-08-22T10:12:31.392000+00:00,11348,22,1292,0.752,20.328
2026-08-22T10:12:31.397000+00:00,11348,3,1292,2.186,7.303
2026-08-22T10:12:31.646000+00:00,11348,55,1292,1.369,30.443
2026-08-22T10:12:31.723000+00:00,11348,23,1292,2.459,25.66
2026-08-22T10:12:32.044000+00:00,11348,30,1292,0.94,18.428
2026-08-22T10:12:32.226000+00:00,11348,55,1292,1.383,30.432
2026-08-22T10:12:32.366000+00:00,11348,81,1292,2.576,5.147
2026-08-22T10:12:32.464000+00:00,11348,10,1292,7.28,15.881
2026-08-22T10:12:32.497000+00:00,11348,18,1292,0.837,26.497
2026-08-22T10:12:32.597000+00:00,11348,1,1292,0.802,0.802
2026-08-22T10:12:32.754000+00:00,11348,77,1292,2.257,28.749
2026-08-22T10:12:32.895000+00:00,11348,44,1292,1.519,8.822
2026-08-22T10:12:33.045000+00:00,11348,11,1292,194.329,+2 LAPS
2026-08-22T10:12:33.061000+00:00,11348,14,1292,0.247,28.996
2026-08-22T10:12:33.174000+00:00,11348,31,1292,1.811,22.139
2026-08-22T10:12:33.217000+00:00,11348,43,1292,1.179,19.607
2026-08-22T10:12:33.230000+00:00,11348,5,1292,0.77,16.651
2026-08-22T10:12:33.543000+00:00,11348,81,1292,2.633,5.158
2026-08-22T10:12:33.603000+00:00,11348,16,1292,1.008,1.81
2026-08-22T10:12:33.929000+00:00,11348,22,1292,0.721,
2026-08-22T10:12:34.252000+00:00,11348,41,1292,1.024,17.675
2026-08-22T10:12:34.259000+00:00,11348,87,1292,1.1,23.239
2026-08-22T10:12:34.296000+00:00,11348,12,1292,0.672,2.482
2026-08-22T10:12:34.444000+00:00,11348,55,1292,1.417,30.413
2026-08-22T10:12:34.529000+00:00,11348,3,1292,2.178,7.325
2026-08-22T10:12:34.877000+00:00,11348,77,1292,2.395,28.892
2026-08-22T10:12:35.046000+00:00,11348,30,1292,0.794,18.469
2026-08-22T10:12:35.182000+00:00,11348,14,1292,0.283,29.175
2026-08-22T10:12:35.746000+00:00,11348,3,1292,2.171,7.329
2026-08-22T10:12:35.759000+00:00,11348,31,1292,1.815,22.143
2026-08-22T10:12:36.047000+00:00,11348,44,1292,1.53,8.855
2026-08-22T10:12:36.199000+00:00,11348,43,1292,1.168,19.637
2026-08-22T10:12:36.455000+00:00,11348,55,1292,1.306,30.481
2026-08-22T10:12:36.485000+00:00,11348,1,1292,0.783,0.783
2026-08-22T10:12:36.744000+00:00,11348,10,1292,7.421,16.171
2026-08-22T10:12:36.756000+00:00,11348,81,1292,2.474,4.956
2026-08-22T10:12:36.845000+00:00,11348,87,1292,1.119,23.262
2026-08-22T10:12:36.858000+00:00,11348,23,1292,2.595,25.834
2026-08-22T10:12:36.989000+00:00,11348,22,1292,0.76,20.397
2026-08-22T10:12:37.229000+00:00,11348,44,1292,1.527,8.856
2026-08-22T10:12:37.472000+00:00,11348,16,1292,0.979,1.762
2026-08-22T10:12:37.494000+00:00,11348,11,1292,194.385,+2 LAPS
2026-08-22T10:12:37.532000+00:00,11348,5,1292,0.768,16.939
2026-08-22T10:12:37.675000+00:00,11348,18,1292,0.826,26.66
2026-08-22T10:12:38.226000+00:00,11348,12,1292,0.757,2.519
2026-08-22T10:12:38.473000+00:00,11348,41,1292,0.956,17.895
2026-08-22T10:12:38.705000+00:00,11348,31,1292,1.723,22.12
2026-08-22T10:12:39.062000+00:00,11348,3,1292,2.318,7.274
2026-08-22T10:12:39.328000+00:00,11348,30,1292,0.858,18.753
2026-08-22T10:12:39.499000+00:00,11348,23,1292,2.631,25.893
2026-08-22T10:12:39.687000+00:00,11348,1,1292,0.819,0.819
2026-08-22T10:12:39.874000+00:00,11348,87,1292,1.201,23.321
2026-08-22T10:12:39.999000+00:00,11348,77,1292,2.311,28.971
2026-08-22T10:12:40.281000+00:00,11348,14,1292,0.301,29.272
2026-08-22T10:12:40.296000+00:00,11348,18,1292,0.792,26.685
2026-08-22T10:12:40.312000+00:00,11348,10,1292,7.419,16.241
2026-08-22T10:12:40.484000+00:00,11348,11,1292,194.32,+2 LAPS
2026-08-22T10:12:40.499000+00:00,11348,43,1292,,19.921
2026-08-22T10:12:40.546000+00:00,11348,44,1292,1.476,8.75
2026-08-22T10:12:40.562000+00:00,11348,81,1292,2.345,4.864
2026-08-22T10:12:40.703000+00:00,11348,16,1292,0.957,1.776
2026-08-22T10:12:41.093000+00:00,11348,5,1292,0.78,17.021
2026-08-22T10:12:41.249000+00:00,11348,22,1292,0.738,20.659
2026-08-22T10:12:41.453000+00:00,11348,12,1292,0.796,2.572
2026-08-22T10:12:41.624000+00:00,11348,55,1292,1.336,30.608
2026-08-22T10:12:42.031000+00:00,11348,41,1292,0.941,17.962
2026-08-22T10:12:42.624000+00:00,11348,77,1292,2.351,29.036
2026-08-22T10:12:42.656000+00:00,11348,23,1292,2.758,26.079
2026-08-22T10:12:42.890000+00:00,11348,30,1292,,18.82
2026-08-22T10:12:42.968000+00:00,11348,14,1292,0.293,29.329
2026-08-22T10:12:42.984000+00:00,11348,3,1292,2.399,7.263
2026-08-22T10:12:43.015000+00:00,11348,31,1292,1.789,22.448
2026-08-22T10:12:43.407000+00:00,11348,18,1292,0.727,26.806
2026-08-22T10:12:43.499000+00:00,11348,10,1292,7.44,16.295
2026-08-22T10:12:43.578000+00:00,11348,11,1292,194.454,+2 LAPS
2026-08-22T10:12:43.765000+00:00,11348,81,1292,2.308,4.88
2026-08-22T10:12:44.063000+00:00,11348,43,1292,1.166,19.986
2026-08-22T10:12:44.128000+00:00,11348,1,1292,0.852,0.852
2026-08-22T10:12:44.145000+00:00,11348,87,1292,1.11,23.558
2026-08-22T10:12:44.279000+00:00,11348,5,1292,0.768,17.063
2026-08-22T10:12:44.279000+00:00,11348,55,1292,1.35,30.679
2026-08-22T10:12:44.454000+00:00,11348,44,1292,1.491,8.754
2026-08-22T10:12:44.716000+00:00,11348,10,1292,7.463,16.319
2026-08-22T10:12:44.784000+00:00,11348,22,1292,0.736,20.722
2026-08-22T10:12:45.101000+00:00,11348,16,1292,0.988,1.84
2026-08-22T10:12:45.155000+00:00,11348,41,1292,0.903,17.966
2026-08-22T10:12:45.454000+00:00,11348,5,1292,0.758,17.077
2026-08-22T10:12:45.740000+00:00,11348,77,1292,2.347,29.153
2026-08-22T10:12:46.015000+00:00,11348,30,1292,0.846,18.812
2026-08-22T10:12:46.047000+00:00,11348,12,1292,0.922,2.762
2026-08-22T10:12:46.073000+00:00,11348,14,1292,0.345,29.498
2026-08-22T10:12:46.143000+00:00,11348,3,1292,2.378,7.258
2026-08-22T10:12:46.326000+00:00,11348,41,1292,0.88,17.957
2026-08-22T10:12:46.670000+00:00,11348,31,1292,1.85,22.572
2026-08-22T10:12:46.946000+00:00,11348,1,1292,0.882,0.882
2026-08-22T10:12:47.081000+00:00,11348,23,1292,2.908,26.466
2026-08-22T10:12:47.216000+00:00,11348,30,1292,0.822,18.779
2026-08-22T10:12:47.229000+00:00,11348,43,1292,1.192,20.004
2026-08-22T10:12:47.380000+00:00,11348,55,1292,1.267,30.765
2026-08-22T10:12:47.666000+00:00,11348,18,1292,0.61,27.076
2026-08-22T10:12:47.758000+00:00,11348,44,1292,1.579,8.837
2026-08-22T10:12:47.775000+00:00,11348,87,1292,1.096,23.668
2026-08-22T10:12:47.926000+00:00,11348,16,1292,0.976,1.858
2026-08-22T10:12:47.945000+00:00,11348,22,1292,0.75,20.754
2026-08-22T10:12:48.194000+00:00,11348,81,1292,2.186,4.948
2026-08-22T10:12:48.251000+00:00,11348,10,1292,7.717,16.467
2026-08-22T10:12:48.390000+00:00,11348,43,1292,1.222,20.001
2026-08-22T10:12:48.789000+00:00,11348,12,1292,0.872,2.73
2026-08-22T10:12:48.820000+00:00,11348,11,1292,194.367,+2 LAPS
2026-08-22T10:12:48.867000+00:00,11348,5,1292,0.592,17.059
2026-08-22T10:12:49.102000+00:00,11348,22,1292,0.726,20.727
2026-08-22T10:12:49.867000+00:00,11348,31,1292,1.89,22.644
2026-08-22T10:12:49.899000+00:00,11348,41,1292,1.057,18.116
2026-08-22T10:12:49.962000+00:00,11348,1,1292,0.92,0.92
2026-08-22T10:12:50.055000+00:00,11348,77,1292,2.403,29.479
2026-08-22T10:12:50.430000+00:00,11348,14,1292,0.395,29.874
2026-08-22T10:12:50.570000+00:00,11348,3,1292,2.342,7.29
2026-08-22T10:12:50.602000+00:00,11348,23,1292,2.862,26.53
2026-08-22T10:12:50.649000+00:00,11348,30,1292,0.758,18.874
2026-08-22T10:12:50.945000+00:00,11348,87,1292,1.081,23.725
2026-08-22T10:12:50.961000+00:00,11348,16,1292,1.007,1.927
2026-08-22T10:12:50.992000+00:00,11348,81,1292,2.221,4.951
2026-08-22T10:12:51.055000+00:00,11348,31,1292,1.936,22.663
2026-08-22T10:12:51.258000+00:00,11348,18,1292,0.658,27.188
2026-08-22T10:12:51.602000+00:00,11348,55,1292,1.154,31.028
2026-08-22T10:12:51.867000+00:00,11348,11,1292,194.307,+2 LAPS
2026-08-22T10:12:51.883000+00:00,11348,12,1292,0.901,2.828
2026-08-22T10:12:51.883000+00:00,11348,43,1292,1.155,20.029
2026-08-22T10:12:52.133000+00:00,11348,87,1292,1.069,23.732
2026-08-22T10:12:52.242000+00:00,11348,10,1292,7.811,16.565
2026-08-22T10:12:52.289000+00:00,11348,44,1292,1.737,9.027
2026-08-22T10:12:52.555000+00:00,11348,22,1292,0.744,20.773
2026-08-22T10:12:52.805000+00:00,11348,5,1292,0.524,17.089
2026-08-22T10:12:53.336000+00:00,11348,3,1292,2.33,7.281
2026-08-22T10:12:53.680000+00:00,11348,77,1292,2.419,29.607
2026-08-22T10:12:53.743000+00:00,11348,23,1292,2.827,26.552
2026-08-22T10:12:53.961000+00:00,11348,41,1292,1.163,18.252
2026-08-22T10:12:54.055000+00:00,11348,14,1292,0.38,29.987
2026-08-22T10:12:54.133000+00:00,11348,81,1292,2.274,5.102
2026-08-22T10:12:54.426000+00:00,11348,31,1292,1.864,22.637
2026-08-22T10:12:54.478000+00:00,11348,18,1292,0.733,27.285
2026-08-22T10:12:54.726000+00:00,11348,30,1292,0.738,18.99
2026-08-22T10:12:54.973000+00:00,11348,23,1292,2.824,26.556
2026-08-22T10:12:55.064000+00:00,11348,1,1292,0.933,0.933
2026-08-22T10:12:55.185000+00:00,11348,55,1292,1.125,31.112
2026-08-22T10:12:55.195000+00:00,11348,44,1292,1.871,9.152
2026-08-22T10:12:55.497000+00:00,11348,87,1292,1.07,23.707
2026-08-22T10:12:55.629000+00:00,11348,10,1292,7.933,16.77
2026-08-22T10:12:55.729000+00:00,11348,18,1292,0.761,27.317
2026-08-22T10:12:55.805000+00:00,11348,43,1292,1.116,20.106
2026-08-22T10:12:56.124000+00:00,11348,16,1292,1.073,2.006
2026-08-22T10:12:56.139000+00:00,11348,5,1292,0.5,17.27
2026-08-22T10:12:56.369000+00:00,11348,3,1292,2.258,7.36
2026-08-22T10:12:56.516000+00:00,11348,22,1292,0.702,20.808
2026-08-22T10:12:56.873000+00:00,11348,77,1292,2.401,29.686
2026-08-22T10:12:56.893000+00:00,11348,12,1292,0.785,2.791
2026-08-22T10:12:56.945000+00:00,11348,11,1292,194.273,+2 LAPS
2026-08-22T10:12:57.246000+00:00,11348,14,1292,0.37,30.056
2026-08-22T10:12:57.329000+00:00,11348,41,1292,1.154,18.424
2026-08-22T10:12:57.827000+00:00,11348,1,1292,0.917,0.917
2026-08-22T10:12:58.001000+00:00,11348,30,1292,0.69,19.114
2026-08-22T10:12:58.096000+00:00,11348,77,1292,2.388,29.705
2026-08-22T10:12:58.215000+00:00,11348,44,1292,1.856,9.216
2026-08-22T10:12:58.330000+00:00,11348,55,1292,1.046,31.102
2026-08-22T10:12:58.373000+00:00,11348,23,1292,2.879,26.586
2026-08-22T10:12:58.446000+00:00,11348,31,1292,1.929,22.737
2026-08-22T10:12:58.481000+00:00,11348,14,1292,0.363,30.068
2026-08-22T10:12:58.873000+00:00,11348,16,1292,1.061,1.978
2026-08-22T10:12:59.096000+00:00,11348,18,1292,0.732,27.318
2026-08-22T10:12:59.205000+00:00,11348,43,1292,1.219,20.333
2026-08-22T10:12:59.236000+00:00,11348,81,1292,2.326,5.117
2026-08-22T10:12:59.458000+00:00,11348,55,1292,1.006,31.074
2026-08-22T10:12:59.502000+00:00,11348,87,1292,1.061,23.798
2026-08-22T10:12:59.642000+00:00,11348,12,1292,0.75,2.728
2026-08-22T10:12:59.846000+00:00,11348,22,1292,0.625,20.958
2026-08-22T10:13:00.314000+00:00,11348,10,1292,8.017,17.044
2026-08-22T10:13:00.830000+00:00,11348,5,1292,0.516,17.56
2026-08-22T10:13:00.939000+00:00,11348,11,1292,194.159,+2 LAPS
2026-08-22T10:13:01.472000+00:00,11348,3,1292,2.253,7.37
2026-08-22T10:13:01.729000+00:00,11348,77,1292,2.562,29.88
2026-08-22T10:13:01.780000+00:00,11348,31,1292,1.922,22.88
2026-08-22T10:13:01.978000+00:00,11348,41,1292,1.09,18.65
2026-08-22T10:13:02.030000+00:00,11348,81,1292,2.35,5.078
2026-08-22T10:13:02.047000+00:00,11348,14,1292,0.353,30.233
2026-08-22T10:13:02.429000+00:00,11348,23,1292,2.941,26.739
2026-08-22T10:13:02.703000+00:00,11348,30,1292,0.765,19.415
2026-08-22T10:13:02.833000+00:00,11348,87,1292,1.057,23.937
2026-08-22T10:13:03.073000+00:00,11348,55,1292,0.989,31.222
2026-08-22T10:13:03.117000+00:00,11348,1,1292,1.077,1.077
2026-08-22T10:13:03.130000+00:00,11348,18,1292,0.679,27.418
2026-08-22T10:13:03.217000+00:00,11348,10,1292,7.995,17.147
2026-08-22T10:13:03.395000+00:00,11348,44,1292,1.916,9.286
2026-08-22T10:13:03.814000+00:00,11348,5,1292,0.59,17.737
2026-08-22T10:13:03.966000+00:00,11348,43,1292,1.257,20.672
2026-08-22T10:13:04.064000+00:00,11348,16,1292,1.026,2.103
2026-08-22T10:13:04.273000+00:00,11348,3,1292,2.302,7.38
2026-08-22T10:13:04.573000+00:00,11348,22,1292,0.651,21.323
2026-08-22T10:13:04.730000+00:00,11348,12,1292,0.65,2.753
2026-08-22T10:13:04.752000+00:00,11348,41,1292,0.974,18.711
2026-08-22T10:13:05.245000+00:00,11348,11,1292,194.136,+2 LAPS
2026-08-22T10:13:05.560000+00:00,11348,30,1292,0.794,19.505
2026-08-22T10:13:05.773000+00:00,11348,23,1292,2.992,26.929
2026-08-22T10:13:05.780000+00:00,11348,77,1292,2.647,30.065
2026-08-22T10:13:06.072000+00:00,11348,14,1292,0.304,30.369
2026-08-22T10:13:06.229000+00:00,11348,10,1292,8.009,17.225
2026-08-22T10:13:06.261000+00:00,11348,44,1292,1.974,9.354
2026-08-22T10:13:06.445000+00:00,11348,31,1292,1.847,23.17
2026-08-22T10:13:06.478000+00:00,11348,18,1292,0.656,27.585
2026-08-22T10:13:06.886000+00:00,11348,43,1292,1.283,20.788
2026-08-22T10:13:06.952000+00:00,11348,5,1292,0.675,17.9
2026-08-22T10:13:07.030000+00:00,11348,1,1292,1.051,1.051
2026-08-22T10:13:07.173000+00:00,11348,55,1292,1.068,31.437
2026-08-22T10:13:07.245000+00:00,11348,81,1292,2.503,5.256
2026-08-22T10:13:07.512000+00:00,11348,87,1292,1.083,24.253
2026-08-22T10:13:07.549000+00:00,11348,22,1292,0.692,21.48
2026-08-22T10:13:07.873000+00:00,11348,41,1292,0.959,18.859
2026-08-22T10:13:08.015000+00:00,11348,16,1292,1.047,2.098
2026-08-22T10:13:08.532000+00:00,11348,11,1292,193.593,+2 LAPS
2026-08-22T10:13:08.627000+00:00,11348,12,1292,0.589,2.687
2026-08-22T10:13:08.688000+00:00,11348,30,1292,0.836,19.695
2026-08-22T10:13:09.172000+00:00,11348,77,1292,2.707,30.292
2026-08-22T10:13:09.329000+00:00,11348,3,1292,2.108,7.364
2026-08-22T10:13:09.454000+00:00,11348,31,1292,1.901,23.381
2026-08-22T10:13:09.469000+00:00,11348,14,1292,0.296,30.588
2026-08-22T10:13:09.985000+00:00,11348,43,1292,1.29,20.985
2026-08-22T10:13:10.501000+00:00,11348,55,1292,1.035,31.623
2026-08-22T10:13:10.547000+00:00,11348,23,1292,3.023,27.276
2026-08-22T10:13:10.547000+00:00,11348,87,1292,1.134,24.515
2026-08-22T10:13:10.672000+00:00,11348,22,1292,0.689,21.674
2026-08-22T10:13:10.829000+00:00,11348,11,1292,191.818,+2 LAPS
2026-08-22T10:13:11.094000+00:00,11348,1,1292,1.12,1.12
2026-08-22T10:13:11.110000+00:00,11348,18,1292,0.573,27.849
2026-08-22T10:13:11.157000+00:00,11348,81,1292,2.53,5.217
2026-08-22T10:13:11.344000+00:00,11348,44,1292,2.009,9.373
2026-08-22T10:13:11.438000+00:00,11348,10,1292,8.059,17.345
2026-08-22T10:13:12.079000+00:00,11348,16,1292,0.987,2.107
2026-08-22T10:13:12.126000+00:00,11348,5,1292,0.676,18.021
2026-08-22T10:13:12.501000+00:00,11348,31,1292,1.828,23.502
2026-08-22T10:13:12.516000+00:00,11348,11,1292,188.205,+2 LAPS
2026-08-22T10:13:12.720000+00:00,11348,12,1292,0.638,2.745
2026-08-22T10:13:13.032000+00:00,11348,41,1292,0.909,18.93
2026-08-22T10:13:13.219000+00:00,11348,3,1292,2.079,7.296
2026-08-22T10:13:13.516000+00:00,11348,23,1292,2.96,27.475
2026-08-22T10:13:13.719000+00:00,11348,87,1292,1.187,24.689
2026-08-22T10:13:13.829000+00:00,11348,77,1292,2.719,30.568
2026-08-22T10:13:13.876000+00:00,11348,30,1292,0.835,19.765
2026-08-22T10:13:14.001000+00:00,11348,18,1292,0.467,27.942
2026-08-22T10:13:14.110000+00:00,11348,14,1292,0.281,30.849
2026-08-22T10:13:14.344000+00:00,11348,1,1292,1.112,1.112
2026-08-22T10:13:14.344000+00:00,11348,10,1292,8.083,17.437
2026-08-22T10:13:14.844000+00:00,11348,11,1292,+2 LAPS,+2 LAPS
2026-08-22T10:13:15.032000+00:00,11348,5,1292,0.669,18.106
2026-08-22T10:13:15.172000+00:00,11348,43,1292,1.305,21.07
2026-08-22T10:13:15.266000+00:00,11348,55,1292,1.146,31.995
2026-08-22T10:13:15.282000+00:00,11348,81,1292,2.584,5.329
2026-08-22T10:13:15.297000+00:00,11348,16,1292,0.965,2.077
2026-08-22T10:13:15.313000+00:00,11348,44,1292,2.084,9.38
2026-08-22T10:13:15.844000+00:00,11348,22,1292,0.672,21.742
2026-08-22T10:13:15.938000+00:00,11348,12,1292,0.648,2.725
2026-08-22T10:13:15.985000+00:00,11348,41,1292,0.959,19.065
2026-08-22T10:13:16.563000+00:00,11348,1,1292,1.11,1.11
2026-08-22T10:13:16.766000+00:00,11348,23,1292,3.01,27.699
2026-08-22T10:13:16.797000+00:00,11348,30,1292,0.788,19.853
2026-08-22T10:13:16.829000+00:00,11348,77,1292,2.804,30.746
2026-08-22T10:13:17.079000+00:00,11348,63,1292,0.0,0.0
2026-08-22T10:13:17.079000+00:00,11348,14,1292,0.28,31.026
2026-08-22T10:13:17.204000+00:00,11348,18,1292,0.486,28.185
2026-08-22T10:13:17.313000+00:00,11348,3,1292,2.017,7.346
2026-08-22T10:13:17.501000+00:00,11348,16,1292,0.952,2.062
2026-08-22T10:13:17.564000+00:00,11348,1,1292,1.106,1.106
2026-08-22T10:13:17.735000+00:00,11348,31,1292,1.875,23.617
2026-08-22T10:13:18.141000+00:00,11348,43,1292,1.367,21.22
2026-08-22T10:13:18.141000+00:00,11348,12,1292,0.63,2.692
2026-08-22T10:13:18.282000+00:00,11348,55,1292,1.195,32.221
2026-08-22T10:13:18.526000+00:00,11348,16,1292,0.945,2.051
2026-08-22T10:13:18.550000+00:00,11348,81,1292,2.61,5.335
2026-08-22T10:13:18.780000+00:00,11348,22,1292,0.66,21.88
2026-08-22T10:13:18.875000+00:00,11348,87,1292,1.155,24.772
2026-08-22T10:13:19.145000+00:00,11348,16,1292,0.941,2.047
2026-08-22T10:13:19.148000+00:00,11348,12,1292,0.619,2.67
2026-08-22T10:13:19.421000+00:00,11348,10,1292,8.093,17.466
2026-08-22T10:13:19.446000+00:00,11348,44,1292,2.139,9.485
2026-08-22T10:13:19.745000+00:00,11348,12,1292,0.607,2.654
2026-08-22T10:13:19.950000+00:00,11348,77,1292,2.741,30.926
2026-08-22T10:13:20.154000+00:00,11348,5,1292,0.735,18.201
2026-08-22T10:13:20.373000+00:00,11348,14,1292,0.459,31.385
2026-08-22T10:13:20.439000+00:00,11348,1,1292,1.147,1.147
2026-08-22T10:13:20.561000+00:00,11348,3,1292,2.013,7.348
2026-08-22T10:13:20.599000+00:00,11348,31,1292,1.817,23.697
2026-08-22T10:13:20.823000+00:00,11348,81,1292,2.653,5.345
2026-08-22T10:13:21.150000+00:00,11348,41,1292,0.99,19.191
2026-08-22T10:13:21.352000+00:00,11348,16,1292,0.926,2.073
2026-08-22T10:13:21.474000+00:00,11348,55,1292,1.114,32.499
2026-08-22T10:13:21.774000+00:00,11348,87,1292,,24.852
2026-08-22T10:13:21.843000+00:00,11348,81,1292,2.686,5.356
2026-08-22T10:13:21.877000+00:00,11348,23,1292,3.009,27.781
2026-08-22T10:13:21.892000+00:00,11348,12,1292,0.534,2.607
2026-08-22T10:13:21.973000+00:00,11348,30,1292,0.833,20.024
2026-08-22T10:13:22.372000+00:00,11348,18,1292,0.472,28.253
2026-08-22T10:13:22.372000+00:00,11348,1,1292,1.143,1.143
2026-08-22T10:13:22.453000+00:00,11348,81,1292,2.721,5.375
2026-08-22T10:13:22.745000+00:00,11348,44,1292,2.154,9.502
2026-08-22T10:13:22.837000+00:00,11348,3,1292,2.026,7.371
2026-08-22T10:13:23.333000+00:00,11348,43,1292,1.323,21.347
2026-08-22T10:13:23.333000+00:00,11348,16,1292,0.98,2.123
2026-08-22T10:13:23.480000+00:00,11348,10,1292,8.149,17.529
2026-08-22T10:13:23.838000+00:00,11348,12,1292,0.493,2.616
2026-08-22T10:13:23.863000+00:00,11348,3,1292,2.04,7.396
2026-08-22T10:13:23.973000+00:00,11348,22,1292,0.674,22.021
2026-08-22T10:13:24.162000+00:00,11348,5,1292,0.703,18.232
2026-08-22T10:13:24.598000+00:00,11348,3,1292,2.051,7.426
2026-08-22T10:13:24.684000+00:00,11348,23,1292,2.913,27.765
2026-08-22T10:13:24.745000+00:00,11348,81,1292,2.869,5.476
2026-08-22T10:13:24.973000+00:00,11348,44,1292,2.15,9.521
2026-08-22T10:13:25.195000+00:00,11348,41,1292,0.991,19.223
2026-08-22T10:13:25.223000+00:00,11348,77,1292,2.84,31.093
2026-08-22T10:13:25.246000+00:00,11348,18,1292,0.563,28.328
2026-08-22T10:13:25.511000+00:00,11348,14,1292,0.285,31.378
2026-08-22T10:13:25.829000+00:00,11348,31,1292,1.844,23.865
2026-08-22T10:13:25.995000+00:00,11348,44,1292,2.129,9.525
2026-08-22T10:13:26.029000+00:00,11348,30,1292,0.867,20.09
2026-08-22T10:13:26.646000+00:00,11348,44,1292,2.107,9.533
2026-08-22T10:13:26.847000+00:00,11348,81,1292,2.917,5.533
2026-08-22T10:13:26.914000+00:00,11348,55,1292,1.306,32.684
2026-08-22T10:13:26.949000+00:00,11348,3,1292,2.072,7.548
2026-08-22T10:13:27.029000+00:00,11348,87,1292,1.152,25.017
2026-08-22T10:13:27.388000+00:00,11348,43,1292,1.339,21.429
2026-08-22T10:13:27.485000+00:00,11348,1,1292,1.24,1.24
2026-08-22T10:13:27.684000+00:00,11348,10,1292,8.215,17.7
2026-08-22T10:13:28.003000+00:00,11348,22,1292,0.648,22.077
2026-08-22T10:13:28.227000+00:00,11348,77,1292,2.939,31.267
2026-08-22T10:13:28.429000+00:00,11348,16,1292,0.942,2.182
2026-08-22T10:13:28.429000+00:00,11348,5,1292,0.766,18.466
2026-08-22T10:13:28.558000+00:00,11348,14,1292,0.377,31.644
2026-08-22T10:13:28.849000+00:00,11348,3,1292,2.088,7.621
2026-08-22T10:13:28.873000+00:00,11348,44,1292,2.044,9.592
2026-08-22T10:13:28.949000+00:00,11348,12,1292,0.523,2.705
2026-08-22T10:13:29.421000+00:00,11348,41,1292,0.974,19.44
2026-08-22T10:13:29.675000+00:00,11348,55,1292,1.133,32.777
2026-08-22T10:13:29.843000+00:00,11348,31,1292,1.825,23.902
2026-08-22T10:13:29.875000+00:00,11348,23,1292,2.88,27.897
2026-08-22T10:13:30.013000+00:00,11348,1,1292,1.212,1.212
2026-08-22T10:13:30.294000+00:00,11348,30,1292,0.89,20.33
2026-08-22T10:13:30.482000+00:00,11348,18,1292,0.632,28.529
2026-08-22T10:13:30.826000+00:00,11348,44,1292,2.002,9.623
2026-08-22T10:13:30.935000+00:00,11348,10,1292,8.23,17.732
2026-08-22T10:13:30.967000+00:00,11348,16,1292,0.959,2.171
2026-08-22T10:13:30.982000+00:00,11348,87,1292,1.151,25.053
2026-08-22T10:13:31.498000+00:00,11348,12,1292,0.526,2.697
2026-08-22T10:13:31.607000+00:00,11348,43,1292,1.309,21.639
2026-08-22T10:13:31.748000+00:00,11348,5,1292,0.753,18.485
2026-08-22T10:13:31.795000+00:00,11348,81,1292,2.869,5.574
2026-08-22T10:13:32.263000+00:00,11348,22,1292,0.662,22.301
2026-08-22T10:13:32.670000+00:00,11348,41,1292,0.955,
2026-08-22T10:13:32.904000+00:00,11348,1,1292,1.188,1.188
2026-08-22T10:13:33.201000+00:00,11348,10,1292,,17.751
2026-08-22T10:13:33.295000+00:00,11348,77,1292,2.786,31.315
2026-08-22T10:13:33.560000+00:00,11348,30,1292,0.9,20.34
2026-08-22T10:13:33.795000+00:00,11348,3,1292,1.994,7.568
2026-08-22T10:13:33.810000+00:00,11348,14,1292,0.527,31.842
2026-08-22T10:13:33.857000+00:00,11348,16,1292,0.935,2.123
2026-08-22T10:13:33.888000+00:00,11348,23,1292,2.899,27.952
2026-08-22T10:13:33.982000+00:00,11348,5,1292,0.74,18.491
2026-08-22T10:13:34.109000+00:00,11348,31,1292,1.856,24.157
2026-08-22T10:13:34.216000+00:00,11348,10,1292,8.231,17.756
2026-08-22T10:13:34.388000+00:00,11348,81,1292,2.884,5.581
2026-08-22T10:13:34.420000+00:00,11348,12,1292,0.579,2.702
2026-08-22T10:13:34.529000+00:00,11348,18,1292,0.639,28.591
2026-08-22T10:13:34.841000+00:00,11348,43,1292,1.292,21.632
2026-08-22T10:13:34.841000+00:00,11348,10,1292,8.226,17.759
2026-08-22T10:13:34.857000+00:00,11348,55,1292,1.046,32.888
2026-08-22T10:13:34.904000+00:00,11348,41,1292,0.939,19.43
2026-08-22T10:13:34.998000+00:00,11348,5,1292,0.739,18.495
2026-08-22T10:13:35.170000+00:00,11348,87,1292,1.057,25.214
2026-08-22T10:13:35.529000+00:00,11348,22,1292,0.672,22.304
2026-08-22T10:13:35.591000+00:00,11348,5,1292,0.75,18.509
2026-08-22T10:13:35.842000+00:00,11348,30,1292,0.906,20.336
2026-08-22T10:13:35.842000+00:00,11348,44,1292,2.022,9.59
2026-08-22T10:13:35.888000+00:00,11348,41,1292,0.931,19.426
2026-08-22T10:13:36.373000+00:00,11348,3,1292,1.977,7.558
2026-08-22T10:13:36.513000+00:00,11348,41,1292,0.923,19.432
2026-08-22T10:13:36.810000+00:00,11348,30,1292,0.909,20.335
2026-08-22T10:13:36.873000+00:00,11348,1,1292,1.086,1.086
2026-08-22T10:13:37.045000+00:00,11348,10,1292,8.18,17.772
2026-08-22T10:13:37.060000+00:00,11348,43,1292,1.28,21.616
2026-08-22T10:13:37.263000+00:00,11348,81,1292,2.842,5.544
2026-08-22T10:13:37.295000+00:00,11348,77,1292,2.787,31.378
2026-08-22T10:13:37.420000+00:00,11348,30,1292,0.911,20.343
2026-08-22T10:13:37.466000+00:00,11348,31,1292,1.908,24.212
2026-08-22T10:13:37.763000+00:00,11348,22,1292,0.698,22.314
2026-08-22T10:13:37.841000+00:00,11348,14,1292,0.539,31.917
2026-08-22T10:13:37.857000+00:00,11348,5,1292,0.819,18.591
2026-08-22T10:13:37.935000+00:00,11348,16,1292,1.054,2.14
2026-08-22T10:13:38.060000+00:00,11348,43,1292,1.268,21.603
2026-08-22T10:13:38.138000+00:00,11348,23,1292,2.969,28.183
2026-08-22T10:13:38.420000+00:00,11348,44,1292,2.063,9.621
2026-08-22T10:13:38.482000+00:00,11348,87,1292,1.039,25.251
2026-08-22T10:13:38.576000+00:00,11348,12,1292,0.652,2.792
2026-08-22T10:13:38.670000+00:00,11348,43,1292,1.251,21.594
2026-08-22T10:13:38.732000+00:00,11348,41,1292,0.885,19.476
2026-08-22T10:13:38.810000+00:00,11348,22,1292,0.707,22.31
2026-08-22T10:13:38.810000+00:00,11348,18,1292,0.638,28.821
2026-08-22T10:13:38.904000+00:00,11348,55,1292,1.062,32.979
2026-08-22T10:13:39.170000+00:00,11348,10,1292,8.306,17.929
2026-08-22T10:13:39.295000+00:00,11348,3,1292,2.015,7.559
2026-08-22T10:13:39.373000+00:00,11348,22,1292,0.712,22.306
2026-08-22T10:13:39.685000+00:00,11348,30,1292,0.924,20.4
2026-08-22T10:13:39.701000+00:00,11348,31,1292,1.924,24.238
2026-08-22T10:13:39.951000+00:00,11348,5,1292,0.804,18.733
2026-08-22T10:13:40.404000+00:00,11348,1,1292,1.051,1.051
2026-08-22T10:13:40.716000+00:00,11348,31,1292,1.939,24.249
2026-08-22T10:13:40.763000+00:00,11348,41,1292,0.788,19.521
2026-08-22T10:13:40.763000+00:00,11348,87,1292,1.034,25.272
2026-08-22T10:13:40.826000+00:00,11348,43,1292,1.15,21.55
2026-08-22T10:13:41.322000+00:00,11348,81,1292,2.714,5.506
2026-08-22T10:13:41.375000+00:00,11348,31,1292,1.957,24.263
2026-08-22T10:13:41.416000+00:00,11348,44,1292,2.134,9.693
2026-08-22T10:13:41.446000+00:00,11348,23,1292,2.953,28.204
2026-08-22T10:13:41.475000+00:00,11348,16,1292,1.09,2.141
2026-08-22T10:13:41.534000+00:00,11348,77,1292,2.751,31.572
2026-08-22T10:13:41.573000+00:00,11348,22,1292,0.763,22.313
2026-08-22T10:13:41.758000+00:00,11348,30,1292,0.995,20.516
2026-08-22T10:13:41.780000+00:00,11348,87,1292,1.025,25.274
2026-08-22T10:13:42.075000+00:00,11348,18,1292,0.671,28.875
2026-08-22T10:13:42.110000+00:00,11348,12,1292,0.646,2.787
2026-08-22T10:13:42.145000+00:00,11348,14,1292,0.62,32.192
2026-08-22T10:13:42.346000+00:00,11348,87,1292,1.016,25.279
2026-08-22T10:13:42.873000+00:00,11348,43,1292,1.11,21.626
2026-08-22T10:13:43.316000+00:00,11348,55,1292,1.143,33.335
2026-08-22T10:13:43.386000+00:00,11348,3,1292,2.077,7.583
2026-08-22T10:13:43.511000+00:00,11348,1,1292,1.042,1.042
2026-08-22T10:13:43.637000+00:00,11348,31,1292,2.033,24.346
2026-08-22T10:13:43.672000+00:00,11348,23,1292,2.936,28.208
2026-08-22T10:13:43.696000+00:00,11348,22,1292,0.841,22.467
2026-08-22T10:13:44.298000+00:00,11348,10,1292,8.47,18.06
2026-08-22T10:13:44.351000+00:00,11348,18,1292,0.685,28.893
2026-08-22T10:13:44.615000+00:00,11348,16,1292,1.098,2.14
2026-08-22T10:13:44.615000+00:00,11348,87,1292,0.978,25.324
2026-08-22T10:13:44.663000+00:00,11348,1,1292,1.029,1.029
2026-08-22T10:13:44.675000+00:00,11348,23,1292,2.933,28.207
2026-08-22T10:13:44.831000+00:00,11348,81,1292,2.709,5.496
2026-08-22T10:13:44.846000+00:00,11348,77,1292,2.758,31.633
2026-08-22T10:13:45.019000+00:00,11348,5,1292,0.732,18.792
2026-08-22T10:13:45.230000+00:00,11348,12,1292,0.62,2.76
2026-08-22T10:13:45.295000+00:00,11348,23,1292,2.93,28.209
2026-08-22T10:13:45.373000+00:00,11348,18,1292,0.694,28.901
2026-08-22T10:13:45.461000+00:00,11348,14,1292,0.619,32.252
2026-08-22T10:13:45.529000+00:00,11348,44,1292,2.161,9.744
2026-08-22T10:13:45.745000+00:00,11348,31,1292,2.041,24.508
2026-08-22T10:13:45.778000+00:00,11348,16,1292,1.092,2.121
2026-08-22T10:13:45.936000+00:00,11348,41,1292,0.898,19.69
2026-08-22T10:13:45.979000+00:00,11348,18,1292,0.705,28.914
2026-08-22T10:13:46.395000+00:00,11348,12,1292,0.618,2.739
2026-08-22T10:13:46.636000+00:00,11348,55,1292,1.125,33.377
2026-08-22T10:13:46.793000+00:00,11348,87,1292,0.987,25.495
2026-08-22T10:13:47.215000+00:00,11348,30,1292,0.892,20.582
2026-08-22T10:13:47.230000+00:00,11348,3,1292,2.046,7.542
2026-08-22T10:13:47.246000+00:00,11348,10,1292,8.485,18.106
2026-08-22T10:13:47.355000+00:00,11348,77,1292,2.771,31.664
2026-08-22T10:13:47.574000+00:00,11348,23,1292,2.918,28.242
2026-08-22T10:13:47.621000+00:00,11348,5,1292,0.711,18.817
2026-08-22T10:13:47.762000+00:00,11348,14,1292,0.598,32.262
2026-08-22T10:13:48.012000+00:00,11348,1,1292,0.883,0.883
2026-08-22T10:13:48.012000+00:00,11348,81,1292,2.762,5.522
2026-08-22T10:13:48.173000+00:00,11348,43,1292,1.279,21.861
2026-08-22T10:13:48.195000+00:00,11348,77,1292,2.778,31.679
2026-08-22T10:13:48.318000+00:00,11348,18,1292,0.746,28.988
2026-08-22T10:13:48.571000+00:00,11348,41,1292,0.903,19.72
2026-08-22T10:13:48.761000+00:00,11348,14,1292,0.573,32.252
2026-08-22T10:13:48.773000+00:00,11348,22,1292,0.653,22.514
2026-08-22T10:13:48.799000+00:00,11348,77,1292,2.781,31.695
2026-08-22T10:13:48.850000+00:00,11348,55,1292,1.103,33.365
2026-08-22T10:13:49.060000+00:00,11348,16,1292,1.116,1.999
2026-08-22T10:13:49.073000+00:00,11348,44,1292,2.213,9.755
2026-08-22T10:13:49.173000+00:00,11348,81,1292,2.792,5.531
2026-08-22T10:13:49.345000+00:00,11348,14,1292,0.551,32.246
2026-08-22T10:13:49.374000+00:00,11348,30,1292,0.848,20.568
2026-08-22T10:13:49.579000+00:00,11348,23,1292,2.849,28.344
2026-08-22T10:13:49.795000+00:00,11348,12,1292,0.745,2.744
2026-08-22T10:13:49.831000+00:00,11348,55,1292,1.101,33.353
2026-08-22T10:13:49.874000+00:00,11348,10,1292,8.442,18.135
2026-08-22T10:13:50.031000+00:00,11348,3,1292,2.037,7.559
2026-08-22T10:13:50.326000+00:00,11348,18,1292,0.763,29.107
2026-08-22T10:13:50.430000+00:00,11348,55,1292,1.098,33.344
2026-08-22T10:13:50.675000+00:00,11348,5,1292,0.811,18.946
2026-08-22T10:13:50.724000+00:00,11348,43,1292,1.332,21.9
2026-08-22T10:13:50.817000+00:00,11348,31,1292,2.057,24.571
2026-08-22T10:13:51.073000+00:00,11348,77,1292,2.802,31.79
2026-08-22T10:13:51.212000+00:00,11348,3,1292,2.028,
2026-08-22T10:13:51.333000+00:00,11348,22,1292,0.626,22.526
2026-08-22T10:13:51.529000+00:00,11348,14,1292,0.461,32.251
2026-08-22T10:13:51.633000+00:00,11348,41,1292,0.955,19.901
2026-08-22T10:13:51.773000+00:00,11348,87,1292,0.961,25.532
2026-08-22T10:13:51.838000+00:00,11348,1,1292,0.834,0.834
2026-08-22T10:13:52.216000+00:00,11348,44,1292,,9.772
2026-08-22T10:13:52.385000+00:00,11348,30,1292,0.776,20.677
2026-08-22T10:13:52.416000+00:00,11348,81,1292,2.615,5.359
2026-08-22T10:13:52.616000+00:00,11348,55,1292,1.076,33.327
2026-08-22T10:13:52.929000+00:00,11348,16,1292,1.09,1.924
2026-08-22T10:13:53.147000+00:00,11348,77,1292,2.831,31.938
2026-08-22T10:13:53.396000+00:00,11348,31,1292,2.067,24.593
2026-08-22T10:13:53.411000+00:00,11348,44,1292,2.209,9.768
2026-08-22T10:13:53.614000+00:00,11348,14,1292,0.441,32.379
2026-08-22T10:13:53.695000+00:00,11348,43,1292,1.312,21.989
2026-08-22T10:13:53.746000+00:00,11348,12,1292,0.805,2.729
2026-08-22T10:13:54.074000+00:00,11348,10,1292,8.537,18.281
2026-08-22T10:13:54.370000+00:00,11348,87,1292,0.958,25.551
2026-08-22T10:13:54.400000+00:00,11348,22,1292,0.703,22.692
2026-08-22T10:13:54.556000+00:00,11348,3,1292,2.126,7.485
2026-08-22T10:13:54.634000+00:00,11348,55,1292,1.032,33.411
2026-08-22T10:13:54.855000+00:00,11348,23,1292,3.096,28.628
2026-08-22T10:13:54.983000+00:00,11348,5,1292,0.896,19.177
2026-08-22T10:13:55.046000+00:00,11348,1,1292,0.814,0.814
2026-08-22T10:13:55.397000+00:00,11348,18,1292,0.542,29.17
2026-08-22T10:13:55.795000+00:00,11348,41,1292,0.816,19.993
2026-08-22T10:13:56.205000+00:00,11348,16,1292,1.146,1.96
2026-08-22T10:13:56.268000+00:00,11348,31,1292,1.852,24.544
2026-08-22T10:13:56.299000+00:00,11348,81,1292,2.572,5.301
2026-08-22T10:13:56.612000+00:00,11348,30,1292,0.821,20.814
2026-08-22T10:13:56.737000+00:00,11348,44,1292,2.185,9.67
2026-08-22T10:13:57.058000+00:00,11348,12,1292,0.873,2.833
2026-08-22T10:13:57.387000+00:00,11348,87,1292,1.122,25.666
2026-08-22T10:13:57.520000+00:00,11348,23,1292,3.152,28.703
2026-08-22T10:13:57.621000+00:00,11348,10,1292,8.528,18.283
2026-08-22T10:13:57.978000+00:00,11348,43,1292,1.367,22.181
2026-08-22T10:13:58.047000+00:00,11348,18,1292,0.533,29.236
2026-08-22T10:13:58.316000+00:00,11348,77,1292,2.894,32.064
2026-08-22T10:13:58.445000+00:00,11348,3,1292,2.138,7.439
2026-08-22T10:13:58.617000+00:00,11348,5,1292,0.937,19.22
2026-08-22T10:13:58.697000+00:00,11348,22,1292,0.681,22.862
2026-08-22T10:13:58.775000+00:00,11348,14,1292,0.457,32.521
2026-08-22T10:13:59.334000+00:00,11348,41,1292,0.782,20.002
2026-08-22T10:13:59.574000+00:00,11348,81,1292,2.485,5.318
2026-08-22T10:13:59.653000+00:00,11348,1,1292,0.909,0.909
2026-08-22T10:13:59.820000+00:00,11348,55,1292,1.075,33.596
2026-08-22T10:14:00.167000+00:00,11348,30,1292,0.833,20.835
2026-08-22T10:14:00.495000+00:00,11348,31,1292,1.849,24.711
2026-08-22T10:14:00.675000+00:00,11348,23,1292,3.286,28.952
2026-08-22T10:14:00.691000+00:00,11348,44,1292,2.224,9.663
2026-08-22T10:14:00.769000+00:00,11348,10,1292,8.53,18.302
2026-08-22T10:14:00.780000+00:00,11348,16,1292,1.145,2.054
2026-08-22T10:14:00.929000+00:00,11348,77,1292,2.886,32.122
2026-08-22T10:14:01.129000+00:00,11348,18,1292,0.455,29.407
2026-08-22T10:14:01.348000+00:00,11348,14,1292,0.426,32.548
2026-08-22T10:14:01.583000+00:00,11348,43,1292,1.381,22.216
2026-08-22T10:14:01.627000+00:00,11348,87,1292,1.111,25.822
2026-08-22T10:14:01.649000+00:00,11348,12,1292,0.877,2.931
2026-08-22T10:14:01.740000+00:00,11348,5,1292,0.942,19.244
2026-08-22T10:14:01.756000+00:00,11348,3,1292,2.169,7.487
2026-08-22T10:14:01.945000+00:00,11348,10,1292,8.54,18.308
2026-08-22T10:14:02.229000+00:00,11348,22,1292,0.645,22.861
2026-08-22T10:14:02.493000+00:00,11348,41,1292,,20.026
2026-08-22T10:14:02.495000+00:00,11348,55,1292,1.117,33.665
2026-08-22T10:14:02.557000+00:00,11348,1,1292,1.022,1.022
2026-08-22T10:14:02.873000+00:00,11348,5,1292,,19.25
2026-08-22T10:14:03.274000+00:00,11348,30,1292,0.8,20.826
2026-08-22T10:14:03.546000+00:00,11348,16,1292,1.012,2.034
2026-08-22T10:14:03.684000+00:00,11348,41,1292,0.781,20.031
2026-08-22T10:14:03.890000+00:00,11348,44,1292,2.165,9.652
2026-08-22T10:14:04.016000+00:00,11348,77,1292,2.908,32.315
2026-08-22T10:14:04.091000+00:00,11348,31,1292,1.902,24.763
2026-08-22T10:14:04.131000+00:00,11348,81,1292,2.488,5.419
2026-08-22T10:14:04.398000+00:00,11348,14,1292,0.371,32.686
2026-08-22T10:14:04.445000+00:00,11348,12,1292,0.868,2.902
2026-08-22T10:14:04.445000+00:00,11348,30,1292,0.767,20.798
2026-08-22T10:14:04.710000+00:00,11348,43,1292,1.408,22.234
2026-08-22T10:14:04.946000+00:00,11348,23,1292,3.348,29.17
2026-08-22T10:14:05.195000+00:00,11348,87,1292,1.107,25.87
2026-08-22T10:14:05.328000+00:00,11348,22,1292,0.639,22.873
2026-08-22T10:14:05.427000+00:00,11348,18,1292,0.44,29.61
2026-08-22T10:14:05.474000+00:00,11348,10,1292,8.717,18.387
2026-08-22T10:14:05.552000+00:00,11348,55,1292,1.136,33.822
2026-08-22T10:14:05.568000+00:00,11348,1,1292,1.057,1.057
2026-08-22T10:14:05.896000+00:00,11348,43,1292,1.437,22.235
2026-08-22T10:14:06.224000+00:00,11348,3,1292,2.093,7.512
2026-08-22T10:14:06.255000+00:00,11348,5,1292,0.809,19.196
2026-08-22T10:14:06.490000+00:00,11348,22,1292,0.618,22.853
2026-08-22T10:14:06.677000+00:00,11348,16,1292,1.019,2.076
2026-08-22T10:14:06.958000+00:00,11348,81,1292,2.516,5.418
2026-08-22T10:14:07.208000+00:00,11348,41,1292,0.905,20.101
2026-08-22T10:14:07.318000+00:00,11348,31,1292,1.933,24.806
2026-08-22T10:14:07.474000+00:00,11348,12,1292,0.88,2.956
2026-08-22T10:14:07.896000+00:00,11348,30,1292,0.729,20.83
2026-08-22T10:14:08.398000+00:00,11348,87,1292,1.108,25.914
2026-08-22T10:14:08.398000+00:00,11348,77,1292,2.985,32.595
2026-08-22T10:14:08.421000+00:00,11348,44,1292,2.209,9.721
2026-08-22T10:14:08.445000+00:00,11348,31,1292,1.96,24.813
2026-08-22T10:14:08.548000+00:00,11348,23,1292,3.34,29.21
2026-08-22T10:14:08.750000+00:00,11348,14,1292,0.343,32.938
2026-08-22T10:14:08.996000+00:00,11348,18,1292,0.468,29.678
2026-08-22T10:14:09.045000+00:00,11348,3,1292,2.099,7.517
2026-08-22T10:14:09.362000+00:00,11348,43,1292,1.455,22.285
2026-08-22T10:14:09.471000+00:00,11348,10,1292,8.785,18.448
2026-08-22T10:14:09.562000+00:00,11348,87,1292,1.105,25.918
2026-08-22T10:14:09.859000+00:00,11348,55,1292,1.124,34.062
2026-08-22T10:14:09.985000+00:00,11348,81,1292,2.525,5.481
2026-08-22T10:14:10+00:00,11348,22,1292,0.66,22.945
2026-08-22T10:14:10.187000+00:00,11348,5,1292,0.737,19.185
2026-08-22T10:14:10.713000+00:00,11348,1,1292,1.051,1.051
2026-08-22T10:14:11.188000+00:00,11348,41,1292,1.001,20.186
2026-08-22T10:14:11.267000+00:00,11348,44,1292,2.238,9.755
2026-08-22T10:14:11.689000+00:00,11348,23,1292,3.313,29.227
2026-08-22T10:14:11.745000+00:00,11348,16,1292,1.017,2.068
2026-08-22T10:14:11.829000+00:00,11348,31,1292,1.814,24.759
2026-08-22T10:14:11.867000+00:00,11348,30,1292,0.673,20.859
2026-08-22T10:14:12.001000+00:00,11348,77,1292,3.009,32.687
2026-08-22T10:14:12.027000+00:00,11348,3,1292,2.024,7.505
2026-08-22T10:14:12.231000+00:00,11348,18,1292,0.535,29.762
2026-08-22T10:14:12.344000+00:00,11348,14,1292,0.326,33.013
2026-08-22T10:14:12.549000+00:00,11348,12,1292,0.821,2.889
2026-08-22T10:14:12.830000+00:00,11348,10,1292,8.933,18.585
2026-08-22T10:14:12.874000+00:00,11348,23,1292,,29.231
2026-08-22T10:14:12.974000+00:00,11348,87,1292,1.137,25.896
2026-08-22T10:14:13.361000+00:00,11348,43,1292,1.478,22.337
2026-08-22T10:14:13.458000+00:00,11348,18,1292,0.559,29.79
2026-08-22T10:14:13.497000+00:00,11348,55,1292,1.101,34.114
2026-08-22T10:14:13.544000+00:00,11348,5,1292,0.725,19.31
2026-08-22T10:14:13.546000+00:00,11348,1,1292,1.083,1.083
2026-08-22T10:14:14.016000+00:00,11348,22,1292,0.687,23.024
2026-08-22T10:14:14.245000+00:00,11348,44,1292,2.23,9.735
2026-08-22T10:14:14.495000+00:00,11348,16,1292,0.965,2.048
2026-08-22T10:14:14.592000+00:00,11348,41,1292,1.02,20.33
2026-08-22T10:14:15.091000+00:00,11348,81,1292,2.548,5.437
2026-08-22T10:14:15.176000+00:00,11348,77,1292,2.97,32.732
2026-08-22T10:14:15.176000+00:00,11348,30,1292,0.606,20.936
2026-08-22T10:14:15.349000+00:00,11348,12,1292,0.838,2.886
2026-08-22T10:14:15.579000+00:00,11348,14,1292,0.386,33.118
2026-08-22T10:14:15.845000+00:00,11348,31,1292,1.816,24.84
2026-08-22T10:14:16.296000+00:00,11348,23,1292,3.34,29.236
2026-08-22T10:14:16.473000+00:00,11348,77,1292,2.947,32.737
2026-08-22T10:14:16.549000+00:00,11348,55,1292,0.964,34.082
2026-08-22T10:14:16.721000+00:00,11348,43,1292,1.524,22.46
2026-08-22T10:14:16.780000+00:00,11348,14,1292,0.416,33.153
2026-08-22T10:14:16.850000+00:00,11348,18,1292,0.569,29.805
2026-08-22T10:14:17.016000+00:00,11348,87,1292,1.125,25.965
2026-08-22T10:14:17.191000+00:00,11348,3,1292,2.085,7.522
2026-08-22T10:14:17.361000+00:00,11348,22,1292,0.646,23.106
2026-08-22T10:14:17.465000+00:00,11348,10,1292,9.017,18.738
2026-08-22T10:14:17.694000+00:00,11348,55,1292,0.897,34.05
2026-08-22T10:14:17.896000+00:00,11348,81,1292,2.568,5.454
2026-08-22T10:14:18.185000+00:00,11348,5,1292,0.734,19.472
2026-08-22T10:14:18.784000+00:00,11348,1,1292,1.248,1.248
2026-08-22T10:14:19.195000+00:00,11348,31,1292,1.856,24.962
2026-08-22T10:14:19.236000+00:00,11348,41,1292,,20.492
2026-08-22T10:14:19.374000+00:00,11348,44,1292,2.193,9.715
2026-08-22T10:14:19.628000+00:00,11348,16,1292,0.872,2.12
2026-08-22T10:14:19.928000+00:00,11348,77,1292,3.018,32.823
2026-08-22T10:14:19.995000+00:00,11348,30,1292,0.778,21.27
2026-08-22T10:14:20.037000+00:00,11348,3,1292,2.139,7.593
2026-08-22T10:14:20.378000+00:00,11348,87,1292,1.08,26.042
2026-08-22T10:14:20.395000+00:00,11348,14,1292,0.454,33.277
2026-08-22T10:14:20.429000+00:00,11348,23,1292,3.39,29.355
2026-08-22T10:14:20.446000+00:00,11348,10,1292,9.124,18.879
2026-08-22T10:14:20.473000+00:00,11348,12,1292,0.833,2.953
2026-08-22T10:14:20.895000+00:00,11348,18,1292,0.542,29.897
2026-08-22T10:14:21.075000+00:00,11348,5,1292,0.68,19.559
2026-08-22T10:14:21.217000+00:00,11348,55,1292,0.89,34.167
2026-08-22T10:14:21.395000+00:00,11348,43,1292,1.431,22.701
2026-08-22T10:14:22.035000+00:00,11348,41,1292,0.94,20.499
2026-08-22T10:14:22.073000+00:00,11348,22,1292,0.656,23.357
2026-08-22T10:14:22.174000+00:00,11348,44,1292,2.139,9.732
2026-08-22T10:14:22.720000+00:00,11348,1,1292,1.215,1.215
2026-08-22T10:14:22.846000+00:00,11348,30,1292,0.816,21.315
2026-08-22T10:14:23.116000+00:00,11348,81,1292,2.637,5.59
2026-08-22T10:14:23.375000+00:00,11348,10,1292,9.151,18.886
2026-08-22T10:14:23.611000+00:00,11348,16,1292,0.879,2.094
2026-08-22T10:14:23.732000+00:00,11348,23,1292,3.423,29.465
2026-08-22T10:14:23.944000+00:00,11348,31,1292,1.886,25.243
2026-08-22T10:14:23.988000+00:00,11348,77,1292,3.089,32.986
2026-08-22T10:14:24.296000+00:00,11348,5,1292,0.798,19.684
2026-08-22T10:14:24.348000+00:00,11348,18,1292,0.624,30.089
2026-08-22T10:14:24.348000+00:00,11348,14,1292,0.349,33.335
2026-08-22T10:14:24.364000+00:00,11348,43,1292,1.509,22.824
2026-08-22T10:14:24.431000+00:00,11348,12,1292,0.818,2.912
2026-08-22T10:14:25.064000+00:00,11348,22,1292,0.627,23.451
2026-08-22T10:14:25.097000+00:00,11348,87,1292,1.131,26.374
2026-08-22T10:14:25.116000+00:00,11348,3,1292,1.996,7.586
2026-08-22T10:14:25.131000+00:00,11348,41,1292,0.93,20.614
2026-08-22T10:14:25.395000+00:00,11348,55,1292,1.037,34.372
2026-08-22T10:14:25.925000+00:00,11348,30,1292,0.795,21.409
2026-08-22T10:14:26.892000+00:00,11348,1,1292,1.262,1.262
2026-08-22T10:14:27.033000+00:00,11348,31,1292,1.993,25.444
2026-08-22T10:14:27.049000+00:00,11348,81,1292,2.616,5.528
2026-08-22T10:14:27.295000+00:00,11348,44,1292,2.162,9.748
2026-08-22T10:14:27.377000+00:00,11348,77,1292,3.021,33.11
2026-08-22T10:14:27.473000+00:00,11348,43,1292,1.529,22.938
2026-08-22T10:14:27.656000+00:00,11348,16,1292,0.863,2.125
2026-08-22T10:14:27.687000+00:00,11348,14,1292,0.331,33.441
2026-08-22T10:14:28.031000+00:00,11348,22,1292,0.606,23.544
2026-08-22T10:14:28.156000+00:00,11348,87,1292,1.166,26.61
2026-08-22T10:14:28.328000+00:00,11348,23,1292,3.242,29.616
2026-08-22T10:14:28.547000+00:00,11348,10,1292,9.175,18.89
2026-08-22T10:14:28.547000+00:00,11348,12,1292,0.848,2.973
2026-08-22T10:14:28.922000+00:00,11348,55,1292,1.123,34.564
2026-08-22T10:14:28.968000+00:00,11348,18,1292,0.557,30.173
2026-08-22T10:14:29.047000+00:00,11348,3,1292,2.007,7.535
2026-08-22T10:14:29.422000+00:00,11348,5,1292,0.884,19.774
2026-08-22T10:14:30.047000+00:00,11348,31,1292,2.001,25.545
2026-08-22T10:14:30.109000+00:00,11348,1,1292,1.267,1.267
2026-08-22T10:14:30.265000+00:00,11348,41,1292,0.843,20.617
2026-08-22T10:14:30.969000+00:00,11348,16,1292,0.827,2.094
2026-08-22T10:14:31.109000+00:00,11348,30,1292,0.771,21.388
2026-08-22T10:14:31.343000+00:00,11348,87,1292,1.151,26.696
2026-08-22T10:14:31.453000+00:00,11348,44,1292,2.204,9.739
2026-08-22T10:14:31.468000+00:00,11348,81,1292,2.7,5.673
2026-08-22T10:14:31.500000+00:00,11348,23,1292,3.111,29.721
2026-08-22T10:14:31.516000+00:00,11348,10,1292,9.206,18.938
2026-08-22T10:14:31.687000+00:00,11348,18,1292,0.416,30.137
2026-08-22T10:14:31.828000+00:00,11348,12,1292,0.876,2.97
2026-08-22T10:14:32+00:00,11348,77,1292,3.127,33.3
2026-08-22T10:14:32.218000+00:00,11348,5,1292,0.83,19.768
2026-08-22T10:14:32.375000+00:00,11348,14,1292,0.257,33.557
2026-08-22T10:14:32.453000+00:00,11348,1,1292,1.269,1.269
2026-08-22T10:14:32.609000+00:00,11348,43,1292,1.564,22.952
2026-08-22T10:14:32.828000+00:00,11348,63,1292,0.0,0.0
2026-08-22T10:14:33.093000+00:00,11348,41,1292,0.871,20.639
2026-08-22T10:14:33.172000+00:00,11348,3,1292,1.917,7.59
2026-08-22T10:14:33.203000+00:00,11348,16,1292,0.807,2.076
2026-08-22T10:14:33.203000+00:00,11348,22,1292,0.603,23.555
2026-08-22T10:14:33.375000+00:00,11348,1,1292,1.27,1.27
2026-08-22T10:14:33.574000+00:00,11348,55,1292,1.293,34.85
2026-08-22T10:14:33.864000+00:00,11348,30,1292,0.776,21.415
2026-08-22T10:14:34.019000+00:00,11348,1,1292,1.277,1.277
2026-08-22T10:14:34.067000+00:00,11348,12,1292,0.868,2.944
2026-08-22T10:14:34.216000+00:00,11348,16,1292,0.782,2.052
2026-08-22T10:14:34.411000+00:00,11348,23,1292,3.201,29.897
2026-08-22T10:14:34.546000+00:00,11348,81,1292,2.72,5.69
2026-08-22T10:14:34.773000+00:00,11348,16,1292,0.76,2.037
2026-08-22T10:14:34.937000+00:00,11348,77,1292,3.256,33.393
2026-08-22T10:14:35.016000+00:00,11348,18,1292,0.601,30.498
2026-08-22T10:14:35.046000+00:00,11348,12,1292,0.877,2.929
2026-08-22T10:14:35.286000+00:00,11348,31,1292,2.038,25.593
2026-08-22T10:14:35.388000+00:00,11348,14,1292,0.366,33.759
2026-08-22T10:14:35.388000+00:00,11348,44,1292,2.192,9.782
2026-08-22T10:14:35.473000+00:00,11348,43,1292,1.588,23.003
2026-08-22T10:14:35.686000+00:00,11348,12,1292,0.887,2.924
2026-08-22T10:14:35.995000+00:00,11348,22,1292,0.55,23.553
2026-08-22T10:14:36.258000+00:00,11348,1,1292,1.347,1.347
2026-08-22T10:14:36.473000+00:00,11348,87,1292,1.219,26.812
2026-08-22T10:14:36.529000+00:00,11348,3,1292,1.908,7.598
2026-08-22T10:14:36.627000+00:00,11348,10,1292,9.281,19.029
2026-08-22T10:14:36.630000+00:00,11348,55,1292,1.308,35.067
2026-08-22T10:14:36.816000+00:00,11348,81,1292,2.755,5.699
2026-08-22T10:14:36.931000+00:00,11348,16,1292,0.655,2.002
2026-08-22T10:14:37.420000+00:00,11348,5,1292,0.891,19.92
2026-08-22T10:14:37.829000+00:00,11348,81,1292,2.78,5.709
2026-08-22T10:14:37.875000+00:00,11348,12,1292,0.937,2.939
2026-08-22T10:14:38.181000+00:00,11348,31,1292,2.155,25.708
2026-08-22T10:14:38.230000+00:00,11348,77,1292,3.207,33.705
2026-08-22T10:14:38.374000+00:00,11348,1,1292,1.421,1.421
2026-08-22T10:14:38.391000+00:00,11348,41,1292,0.911,20.831
2026-08-22T10:14:38.417000+00:00,11348,14,1292,0.225,33.93
2026-08-22T10:14:38.462000+00:00,11348,81,1292,2.801,5.725
2026-08-22T10:14:38.634000+00:00,11348,44,1292,2.196,9.794
2026-08-22T10:14:38.749000+00:00,11348,3,1292,1.922,7.621
2026-08-22T10:14:38.889000+00:00,11348,16,1292,0.564,1.985
2026-08-22T10:14:39.084000+00:00,11348,30,1292,0.75,21.581
2026-08-22T10:14:39.381000+00:00,11348,87,1292,1.222,26.93
2026-08-22T10:14:39.646000+00:00,11348,23,1292,3.164,29.976
2026-08-22T10:14:39.740000+00:00,11348,55,1292,1.293,35.223
2026-08-22T10:14:39.771000+00:00,11348,3,1292,1.937,7.646
2026-08-22T10:14:39.881000+00:00,11348,12,1292,0.964,2.949
2026-08-22T10:14:40.224000+00:00,11348,18,1292,0.596,30.572
2026-08-22T10:14:40.396000+00:00,11348,3,1292,1.951,7.676
2026-08-22T10:14:40.584000+00:00,11348,10,1292,9.334,19.073
2026-08-22T10:14:40.756000+00:00,11348,81,1292,2.881,5.82
2026-08-22T10:14:40.787000+00:00,11348,43,1292,1.644,23.225
2026-08-22T10:14:40.896000+00:00,11348,44,1292,2.192,9.813
2026-08-22T10:14:41.349000+00:00,11348,22,1292,0.603,23.828
2026-08-22T10:14:41.427000+00:00,11348,5,1292,0.859,19.932
2026-08-22T10:14:41.990000+00:00,11348,44,1292,2.172,9.818
2026-08-22T10:14:42.345000+00:00,11348,41,1292,0.885,20.817
2026-08-22T10:14:42.546000+00:00,11348,23,1292,3.114,30.044
2026-08-22T10:14:42.616000+00:00,11348,44,1292,2.151,9.827
2026-08-22T10:14:42.698000+00:00,11348,81,1292,2.825,5.774
2026-08-22T10:14:42.730000+00:00,11348,3,1292,1.983,7.803
2026-08-22T10:14:43.131000+00:00,11348,30,1292,0.775,21.592
2026-08-22T10:14:43.131000+00:00,11348,18,1292,0.613,30.657
2026-08-22T10:14:43.332000+00:00,11348,31,1292,1.983,25.811
2026-08-22T10:14:43.468000+00:00,11348,14,1292,3.227,33.799
2026-08-22T10:14:43.619000+00:00,11348,1,1292,1.605,1.605
2026-08-22T10:14:43.746000+00:00,11348,77,1292,3.216,33.788
2026-08-22T10:14:44.046000+00:00,11348,16,1292,0.43,2.035
2026-08-22T10:14:44.632000+00:00,11348,87,1292,1.278,27.089
2026-08-22T10:14:44.749000+00:00,11348,3,1292,2.058,7.832
2026-08-22T10:14:44.881000+00:00,11348,43,1292,1.665,23.257
2026-08-22T10:14:44.948000+00:00,11348,10,1292,9.413,19.195
2026-08-22T10:14:44.952000+00:00,11348,44,1292,2.092,9.895
2026-08-22T10:14:44.952000+00:00,11348,12,1292,0.837,2.872
2026-08-22T10:14:44.976000+00:00,11348,55,1292,1.519,35.318
2026-08-22T10:14:45.346000+00:00,11348,22,1292,0.584,23.841
2026-08-22T10:14:45.738000+00:00,11348,5,1292,0.93,20.125
2026-08-22T10:14:46.173000+00:00,11348,1,1292,1.62,1.62
2026-08-22T10:14:46.301000+00:00,11348,14,1292,3.197,33.854
2026-08-22T10:14:46.729000+00:00,11348,77,1292,0.25,34.104
2026-08-22T10:14:46.830000+00:00,11348,41,1292,0.871,20.996
2026-08-22T10:14:46.830000+00:00,11348,16,1292,0.417,2.037
2026-08-22T10:14:46.830000+00:00,11348,44,1292,2.021,9.853
2026-08-22T10:14:47.407000+00:00,11348,31,1292,2.013,25.854
2026-08-22T10:14:47.446000+00:00,11348,30,1292,0.82,21.816
2026-08-22T10:14:47.494000+00:00,11348,12,1292,0.815,2.852
2026-08-22T10:14:47.854000+00:00,11348,23,1292,3.12,30.209
2026-08-22T10:14:47.878000+00:00,11348,81,1292,2.913,5.785
2026-08-22T10:14:47.916000+00:00,11348,55,1292,1.275,35.379
2026-08-22T10:14:48.116000+00:00,11348,10,1292,9.412,19.206
2026-08-22T10:14:48.449000+00:00,11348,18,1292,0.733,30.942
2026-08-22T10:14:48.595000+00:00,11348,87,1292,1.23,27.084
2026-08-22T10:14:48.946000+00:00,11348,43,1292,1.541,23.357
2026-08-22T10:14:49.040000+00:00,11348,5,1292,0.938,20.144
2026-08-22T10:14:49.462000+00:00,11348,1,1292,1.662,1.662
2026-08-22T10:14:49.884000+00:00,11348,16,1292,0.432,2.094
2026-08-22T10:14:50.134000+00:00,11348,22,1292,0.692,24.049
2026-08-22T10:14:50.368000+00:00,11348,3,1292,1.947,7.732
2026-08-22T10:14:50.368000+00:00,11348,41,1292,0.855,20.999
2026-08-22T10:14:50.384000+00:00,11348,12,1292,0.706,2.8
2026-08-22T10:14:50.384000+00:00,11348,10,1292,9.406,19.219
2026-08-22T10:14:50.384000+00:00,11348,81,1292,2.931,5.783
2026-08-22T10:14:50.681000+00:00,11348,30,1292,0.824,21.823
2026-08-22T10:14:51.352000+00:00,11348,5,1292,0.925,
2026-08-22T10:14:51.352000+00:00,11348,10,1292,9.405,19.223
2026-08-22T10:14:51.665000+00:00,11348,31,1292,1.962,26.011
2026-08-22T10:14:51.743000+00:00,11348,23,1292,3.144,30.228
2026-08-22T10:14:51.821000+00:00,11348,44,1292,2.08,9.812
2026-08-22T10:14:52.127000+00:00,11348,10,1292,9.399,19.226
2026-08-22T10:14:52.156000+00:00,11348,14,1292,3.566,34.508
2026-08-22T10:14:52.156000+00:00,11348,41,1292,0.832,20.976
2026-08-22T10:14:52.212000+00:00,11348,43,1292,1.518,23.341
2026-08-22T10:14:52.248000+00:00,11348,5,1292,0.921,
2026-08-22T10:14:52.340000+00:00,11348,3,1292,1.921,7.704
2026-08-22T10:14:52.395000+00:00,11348,77,1292,0.367,34.875
2026-08-22T10:14:52.454000+00:00,11348,18,1292,0.708,30.936
2026-08-22T10:14:52.785000+00:00,11348,87,1292,1.175,27.186
2026-08-22T10:14:52.931000+00:00,11348,22,1292,0.699,24.04
2026-08-22T10:14:52.931000+00:00,11348,30,1292,0.837,21.813
2026-08-22T10:14:52.944000+00:00,11348,30,1292,0.824,21.823
2026-08-22T10:14:52.944000+00:00,11348,22,1292,0.692,24.049
2026-08-22T10:14:52.946000+00:00,11348,5,1292,0.927,20.153
2026-08-22T10:14:52.947000+00:00,11348,22,1292,0.699,24.04
2026-08-22T10:14:52.947000+00:00,11348,30,1292,0.837,21.813
2026-08-22T10:14:53.130000+00:00,11348,41,1292,0.802,20.946
2026-08-22T10:14:53.330000+00:00,11348,55,1292,0.809,35.684
2026-08-22T10:14:53.330000+00:00,11348,1,1292,1.638,1.638
2026-08-22T10:14:53.330000+00:00,11348,81,1292,2.947,5.747
2026-08-22T10:14:53.669000+00:00,11348,41,1292,0.772,20.925
2026-08-22T10:14:53.831000+00:00,11348,16,1292,0.564,2.202
2026-08-22T10:14:53.933000+00:00,11348,30,1292,0.858,21.804
2026-08-22T10:14:54.230000+00:00,11348,10,1292,9.351,19.246
2026-08-22T10:14:54.431000+00:00,11348,12,1292,0.599,2.801
2026-08-22T10:14:54.431000+00:00,11348,44,1292,2.131,9.835
2026-08-22T10:14:54.444000+00:00,11348,43,1292,1.51,23.323
2026-08-22T10:14:54.647000+00:00,11348,30,1292,0.88,21.805
2026-08-22T10:14:54.947000+00:00,11348,31,1292,2.018,26.058
2026-08-22T10:14:55.147000+00:00,11348,22,1292,0.723,24.046
2026-08-22T10:14:55.246000+00:00,11348,5,1292,0.985,20.231
2026-08-22T10:14:55.246000+00:00,11348,3,1292,1.919,7.666
2026-08-22T10:14:55.416000+00:00,11348,43,1292,1.506,23.31
2026-08-22T10:14:55.833000+00:00,11348,41,1292,0.641,20.872
2026-08-22T10:14:56.074000+00:00,11348,23,1292,3.196,30.382
2026-08-22T10:14:56.197000+00:00,11348,43,1292,1.497,23.302
2026-08-22T10:14:56.231000+00:00,11348,87,1292,1.168,27.226
2026-08-22T10:14:56.259000+00:00,11348,14,1292,3.689,34.625
2026-08-22T10:14:56.262000+00:00,11348,22,1292,0.733,24.043
2026-08-22T10:14:56.264000+00:00,11348,10,1292,9.445,19.298
2026-08-22T10:14:56.530000+00:00,11348,77,1292,0.398,35.023
2026-08-22T10:14:56.765000+00:00,11348,18,1292,0.755,31.137
2026-08-22T10:14:56.830000+00:00,11348,1,1292,1.613,1.613
2026-08-22T10:14:56.862000+00:00,11348,22,1292,0.738,24.04
2026-08-22T10:14:56.862000+00:00,11348,30,1292,0.972,21.844
2026-08-22T10:14:57.229000+00:00,11348,5,1292,0.945,20.243
2026-08-22T10:14:57.261000+00:00,11348,31,1292,2.031,26.077
2026-08-22T10:14:57.344000+00:00,11348,81,1292,2.928,5.729
2026-08-22T10:14:57.347000+00:00,11348,55,1292,0.794,35.817
2026-08-22T10:14:57.446000+00:00,11348,16,1292,0.622,2.235
2026-08-22T10:14:57.446000+00:00,11348,44,1292,2.2,9.866
2026-08-22T10:14:57.785000+00:00,11348,41,1292,0.624,20.867
2026-08-22T10:14:57.896000+00:00,11348,12,1292,0.547,2.782
2026-08-22T10:14:58.232000+00:00,11348,43,1292,1.426,23.27
2026-08-22T10:14:58.232000+00:00,11348,31,1292,2.042,26.085
2026-08-22T10:14:58.431000+00:00,11348,87,1292,1.163,27.24
2026-08-22T10:14:58.831000+00:00,11348,31,1292,2.059,26.099
2026-08-22T10:14:58.844000+00:00,11348,30,1292,0.983,21.85
2026-08-22T10:14:59.046000+00:00,11348,22,1292,0.774,24.044
2026-08-22T10:14:59.249000+00:00,11348,23,1292,3.165,30.391
2026-08-22T10:14:59.350000+00:00,11348,3,1292,1.942,7.671
2026-08-22T10:14:59.430000+00:00,11348,87,1292,1.158,27.243
2026-08-22T10:14:59.930000+00:00,11348,1,1292,1.619,1.619
2026-08-22T10:15:00.051000+00:00,11348,87,1292,1.154,27.253
2026-08-22T10:15:00.095000+00:00,11348,18,1292,0.797,31.188
2026-08-22T10:15:00.333000+00:00,11348,43,1292,1.508,23.358
2026-08-22T10:15:00.431000+00:00,11348,14,1292,3.662,34.799
2026-08-22T10:15:00.530000+00:00,11348,16,1292,0.643,2.262
2026-08-22T10:15:00.895000+00:00,11348,81,1292,2.949,5.731
2026-08-22T10:15:01.044000+00:00,11348,77,1292,0.549,35.348
2026-08-22T10:15:01.046000+00:00,11348,12,1292,0.471,2.733
2026-08-22T10:15:01.046000+00:00,11348,22,1292,0.748,24.106
2026-08-22T10:15:01.131000+00:00,11348,31,1292,2.138,26.182
2026-08-22T10:15:01.430000+00:00,11348,10,1292,9.564,19.376
2026-08-22T10:15:01.531000+00:00,11348,23,1292,3.145,30.385
2026-08-22T10:15:01.632000+00:00,11348,44,1292,2.285,9.956
2026-08-22T10:15:01.739000+00:00,11348,16,1292,0.647,2.266
2026-08-22T10:15:01.745000+00:00,11348,55,1292,0.78,36.128
2026-08-22T10:15:02.132000+00:00,11348,12,1292,0.429,2.695
2026-08-22T10:15:02.337000+00:00,11348,87,1292,1.137,27.319
2026-08-22T10:15:02.337000+00:00,11348,5,1292,0.922,20.298
2026-08-22T10:15:02.343000+00:00,11348,18,1292,0.819,31.204
2026-08-22T10:15:02.507000+00:00,11348,23,1292,3.138,30.381
2026-08-22T10:15:02.746000+00:00,11348,3,1292,1.887,7.618
2026-08-22T10:15:03.024000+00:00,11348,41,1292,0.706,21.004
2026-08-22T10:15:03.122000+00:00,11348,23,1292,3.13,30.383
2026-08-22T10:15:03.145000+00:00,11348,31,1292,2.106,26.212
2026-08-22T10:15:03.329000+00:00,11348,18,1292,0.821,31.202
2026-08-22T10:15:03.696000+00:00,11348,14,1292,3.659,34.847
2026-08-22T10:15:03.915000+00:00,11348,30,1292,0.897,21.901
2026-08-22T10:15:04.071000+00:00,11348,18,1292,,31.204
2026-08-22T10:15:04.103000+00:00,11348,81,1292,3.034,5.767
2026-08-22T10:15:04.103000+00:00,11348,10,1292,9.572,19.407
2026-08-22T10:15:04.228000+00:00,11348,77,1292,0.528,35.375
2026-08-22T10:15:04.290000+00:00,11348,1,1292,1.423,1.423
2026-08-22T10:15:04.353000+00:00,11348,87,1292,1.223,27.435
2026-08-22T10:15:04.899000+00:00,11348,5,1292,0.901,20.308
2026-08-22T10:15:05.118000+00:00,11348,16,1292,0.701,2.124
2026-08-22T10:15:05.165000+00:00,11348,55,1292,0.767,36.142
2026-08-22T10:15:05.165000+00:00,11348,44,1292,2.36,9.978
2026-08-22T10:15:05.196000+00:00,11348,81,1292,3.09,5.785
2026-08-22T10:15:05.353000+00:00,11348,23,1292,3.105,30.424
2026-08-22T10:15:05.603000+00:00,11348,43,1292,1.635,23.536
2026-08-22T10:15:05.681000+00:00,11348,12,1292,0.577,2.701
2026-08-22T10:15:05.743000+00:00,11348,41,1292,0.714,21.022
2026-08-22T10:15:05.915000+00:00,11348,3,1292,1.864,7.631
2026-08-22T10:15:06.009000+00:00,11348,14,1292,3.691,34.895
2026-08-22T10:15:06.165000+00:00,11348,18,1292,0.824,31.248
2026-08-22T10:15:06.181000+00:00,11348,22,1292,0.612,24.148
2026-08-22T10:15:06.478000+00:00,11348,30,1292,0.845,21.867
2026-08-22T10:15:06.478000+00:00,11348,77,1292,0.466,35.361
2026-08-22T10:15:07.071000+00:00,11348,10,1292,9.611,19.477
2026-08-22T10:15:07.103000+00:00,11348,14,1292,3.734,34.936
2026-08-22T10:15:07.103000+00:00,11348,3,1292,1.853,7.638
2026-08-22T10:15:07.243000+00:00,11348,55,1292,0.747,36.108
2026-08-22T10:15:07.384000+00:00,11348,23,1292,3.006,30.441
2026-08-22T10:15:07.478000+00:00,11348,77,1292,0.411,35.347
2026-08-22T10:15:07.728000+00:00,11348,14,1292,3.776,34.98
2026-08-22T10:15:07.962000+00:00,11348,5,1292,0.914,20.391
2026-08-22T10:15:08.103000+00:00,11348,77,1292,0.363,35.343
2026-08-22T10:15:08.181000+00:00,11348,43,1292,1.708,23.575
2026-08-22T10:15:08.196000+00:00,11348,1,1292,1.364,1.364
2026-08-22T10:15:08.212000+00:00,11348,55,1292,0.734,36.081
2026-08-22T10:15:08.243000+00:00,11348,44,1292,2.371,10.002
2026-08-22T10:15:08.259000+00:00,11348,18,1292,0.88,31.321
2026-08-22T10:15:08.274000+00:00,11348,31,1292,2.129,26.277
2026-08-22T10:15:08.462000+00:00,11348,81,1292,2.864,5.565
2026-08-22T10:15:08.712000+00:00,11348,41,1292,0.749,21.14
2026-08-22T10:15:08.774000+00:00,11348,22,1292,0.601,24.176
2026-08-22T10:15:08.790000+00:00,11348,55,1292,0.722,36.065
2026-08-22T10:15:08.915000+00:00,11348,16,1292,0.725,2.089
2026-08-22T10:15:09.429000+00:00,11348,44,1292,2.366,10.004
2026-08-22T10:15:09.462000+00:00,11348,87,1292,1.143,27.42
2026-08-22T10:15:09.473000+00:00,11348,30,1292,0.792,21.932
2026-08-22T10:15:09.597000+00:00,11348,12,1292,0.674,2.763
2026-08-22T10:15:10.082000+00:00,11348,14,1292,3.916,35.164
2026-08-22T10:15:10.316000+00:00,11348,77,1292,0.225,35.389
2026-08-22T10:15:10.441000+00:00,11348,3,1292,1.996,7.561
2026-08-22T10:15:10.550000+00:00,11348,11,1292,,+3 LAPS
2026-08-22T10:15:10.863000+00:00,11348,31,1292,2.089,26.265
2026-08-22T10:15:11.051000+00:00,11348,55,1292,0.649,36.038
2026-08-22T10:15:11.175000+00:00,11348,43,1292,1.703,23.635
2026-08-22T10:15:11.222000+00:00,11348,10,1292,9.705,19.661
2026-08-22T10:15:11.394000+00:00,11348,1,1292,1.371,1.371
2026-08-22T10:15:11.878000+00:00,11348,22,1292,0.712,24.347
2026-08-22T10:15:12.050000+00:00,11348,87,1292,1.182,27.447
2026-08-22T10:15:12.222000+00:00,11348,14,1292,3.939,35.26
2026-08-22T10:15:12.222000+00:00,11348,16,1292,0.755,2.126
2026-08-22T10:15:12.222000+00:00,11348,5,1292,0.96,20.621
2026-08-22T10:15:12.300000+00:00,11348,81,1292,2.695,5.458
2026-08-22T10:15:12.566000+00:00,11348,23,1292,3.161,30.581
2026-08-22T10:15:12.613000+00:00,11348,77,1292,0.432,35.692
2026-08-22T10:15:12.753000+00:00,11348,44,1292,2.276,9.837
2026-08-22T10:15:12.910000+00:00,11348,12,1292,0.744,2.87
2026-08-22T10:15:12.988000+00:00,11348,41,1292,0.746,21.367
2026-08-22T10:15:13.113000+00:00,11348,55,1292,0.504,36.196
2026-08-22T10:15:13.300000+00:00,11348,18,1292,0.738,31.319
2026-08-22T10:15:13.707000+00:00,11348,30,1292,0.755,22.122
2026-08-22T10:15:13.769000+00:00,11348,31,1292,1.887,26.234
2026-08-22T10:15:14.363000+00:00,11348,3,1292,2.066,7.524
2026-08-22T10:15:14.816000+00:00,11348,10,1292,9.713,19.691
2026-08-22T10:15:15.019000+00:00,11348,87,1292,1.278,27.512
2026-08-22T10:15:15.238000+00:00,11348,23,1292,3.196,30.643
2026-08-22T10:15:15.519000+00:00,11348,81,1292,2.595,5.465
2026-08-22T10:15:15.582000+00:00,11348,43,1292,1.877,23.999
2026-08-22T10:15:15.800000+00:00,11348,5,1292,0.982,20.673
2026-08-22T10:15:15.925000+00:00,11348,1,1292,1.388,1.388
2026-08-22T10:15:15.957000+00:00,11348,18,1292,0.72,31.363
2026-08-22T10:15:16.207000+00:00,11348,22,1292,0.62,24.619
2026-08-22T10:15:16.519000+00:00,11348,41,1292,0.711,21.384
2026-08-22T10:15:16.644000+00:00,11348,44,1292,2.275,9.799
2026-08-22T10:15:16.723000+00:00,11348,16,1292,0.807,2.195
2026-08-22T10:15:17.253000+00:00,11348,30,1292,0.763,22.147
2026-08-22T10:15:17.316000+00:00,11348,14,1292,3.982,35.301
2026-08-22T10:15:17.613000+00:00,11348,3,1292,2.081,7.546
2026-08-22T10:15:17.613000+00:00,11348,12,1292,0.891,3.086
2026-08-22T10:15:17.832000+00:00,11348,77,1292,0.529,35.83
2026-08-22T10:15:17.972000+00:00,11348,10,1292,9.714,19.716
2026-08-22T10:15:18.066000+00:00,11348,31,1292,1.866,26.485
2026-08-22T10:15:18.410000+00:00,11348,23,1292,3.306,30.818
2026-08-22T10:15:18.488000+00:00,11348,55,1292,0.671,36.501
2026-08-22T10:15:18.754000+00:00,11348,1,1292,1.464,1.464
2026-08-22T10:15:18.972000+00:00,11348,5,1292,0.992,20.708
2026-08-22T10:15:19.035000+00:00,11348,18,1292,0.677,31.495
2026-08-22T10:15:19.144000+00:00,11348,43,1292,1.885,24.032
2026-08-22T10:15:19.144000+00:00,11348,10,1292,9.723,19.727
2026-08-22T10:15:19.254000+00:00,11348,87,1292,1.182,27.667
2026-08-22T10:15:19.535000+00:00,11348,16,1292,0.79,2.254
2026-08-22T10:15:19.644000+00:00,11348,41,1292,0.68,21.388
2026-08-22T10:15:19.769000+00:00,11348,22,1292,0.626,24.658
2026-08-22T10:15:20.050000+00:00,11348,44,1292,2.261,9.807
2026-08-22T10:15:20.050000+00:00,11348,14,1292,3.961,35.324
2026-08-22T10:15:20.113000+00:00,11348,81,1292,2.45,5.536
2026-08-22T10:15:20.160000+00:00,11348,5,1292,0.994,20.721
2026-08-22T10:15:20.379000+00:00,11348,30,1292,0.749,22.137
2026-08-22T10:15:20.410000+00:00,11348,12,1292,0.858,3.112
2026-08-22T10:15:20.519000+00:00,11348,77,1292,0.605,35.929
2026-08-22T10:15:20.800000+00:00,11348,41,1292,0.664,21.385
2026-08-22T10:15:21.207000+00:00,11348,55,1292,0.709,36.638
2026-08-22T10:15:21.519000+00:00,11348,30,1292,0.729,22.114
2026-08-22T10:15:21.644000+00:00,11348,31,1292,1.88,26.538
2026-08-22T10:15:21.800000+00:00,11348,1,1292,1.562,1.562
2026-08-22T10:15:22.035000+00:00,11348,3,1292,1.996,7.532
2026-08-22T10:15:22.363000+00:00,11348,43,1292,1.934,24.071
2026-08-22T10:15:22.550000+00:00,11348,16,1292,0.743,2.305
2026-08-22T10:15:22.675000+00:00,11348,10,1292,9.938,19.775
2026-08-22T10:15:22.691000+00:00,11348,23,1292,3.416,31.083
2026-08-22T10:15:22.879000+00:00,11348,87,1292,,27.72
2026-08-22T10:15:22.894000+00:00,11348,81,1292,2.469,5.581
2026-08-22T10:15:22.972000+00:00,11348,22,1292,0.602,24.673
2026-08-22T10:15:22.972000+00:00,11348,14,1292,3.882,35.377
2026-08-22T10:15:23.285000+00:00,11348,18,1292,0.602,31.685
2026-08-22T10:15:23.519000+00:00,11348,12,1292,0.896,3.201
2026-08-22T10:15:23.519000+00:00,11348,43,1292,1.972,24.086
2026-08-22T10:15:23.597000+00:00,11348,5,1292,0.871,20.646
2026-08-22T10:15:23.738000+00:00,11348,77,1292,0.836,36.213
2026-08-22T10:15:24.082000+00:00,11348,22,1292,0.56,24.646
2026-08-22T10:15:24.285000+00:00,11348,44,1292,2.231,9.763
2026-08-22T10:15:24.363000+00:00,11348,41,1292,0.803,21.449
2026-08-22T10:15:24.441000+00:00,11348,55,1292,0.684,36.897
2026-08-22T10:15:24.832000+00:00,11348,31,1292,1.931,26.604
2026-08-22T10:15:24.863000+00:00,11348,3,1292,1.974,7.555
2026-08-22T10:15:25.050000+00:00,11348,30,1292,0.703,22.152
2026-08-22T10:15:25.988000+00:00,11348,81,1292,2.508,5.709
2026-08-22T10:15:26.035000+00:00,11348,87,1292,1.157,27.761
2026-08-22T10:15:26.066000+00:00,11348,31,1292,1.984,26.63
2026-08-22T10:15:26.207000+00:00,11348,23,1292,3.382,31.102
2026-08-22T10:15:26.660000+00:00,11348,10,1292,9.996,19.795
2026-08-22T10:15:26.910000+00:00,11348,18,1292,0.653,31.755
2026-08-22T10:15:26.941000+00:00,11348,1,1292,1.499,1.499
2026-08-22T10:15:27.113000+00:00,11348,43,1292,1.927,24.079
2026-08-22T10:15:27.207000+00:00,11348,14,1292,3.848,35.533
2026-08-22T10:15:27.223000+00:00,11348,44,1292,2.299,9.854
2026-08-22T10:15:27.223000+00:00,11348,87,1292,1.138,27.768
2026-08-22T10:15:27.582000+00:00,11348,5,1292,0.858,20.653
2026-08-22T10:15:27.582000+00:00,11348,22,1292,0.626,24.705
2026-08-22T10:15:27.722000+00:00,11348,16,1292,0.808,2.307
2026-08-22T10:15:27.863000+00:00,11348,3,1292,1.929,7.638
2026-08-22T10:15:28.379000+00:00,11348,77,1292,1.062,36.595
2026-08-22T10:15:28.394000+00:00,11348,41,1292,0.875,21.528
2026-08-22T10:15:28.613000+00:00,11348,12,1292,0.823,3.13
2026-08-22T10:15:28.832000+00:00,11348,55,1292,0.638,37.233
2026-08-22T10:15:29.024000+00:00,11348,30,1292,0.666,22.194
2026-08-22T10:15:29.461000+00:00,11348,23,1292,3.36,31.121
2026-08-22T10:15:29.461000+00:00,11348,31,1292,1.862,26.567
2026-08-22T10:15:29.724000+00:00,11348,1,1292,1.553,1.553
2026-08-22T10:15:29.964000+00:00,11348,10,1292,10.128,19.935
2026-08-22T10:15:30.137000+00:00,11348,18,1292,0.712,31.833
2026-08-22T10:15:30.198000+00:00,11348,44,1292,,9.937
2026-08-22T10:15:30.497000+00:00,11348,16,1292,0.781,2.334
2026-08-22T10:15:30.591000+00:00,11348,23,1292,3.362,31.13
2026-08-22T10:15:30.699000+00:00,11348,87,1292,1.143,27.71
2026-08-22T10:15:30.747000+00:00,11348,14,1292,3.845,35.6
2026-08-22T10:15:30.827000+00:00,11348,5,1292,0.84,20.775
2026-08-22T10:15:30.930000+00:00,11348,43,1292,1.911,24.105
2026-08-22T10:15:31.147000+00:00,11348,81,1292,2.547,5.677
2026-08-22T10:15:31.296000+00:00,11348,18,1292,0.736,31.866
2026-08-22T10:15:31.354000+00:00,11348,12,1292,0.806,3.14
2026-08-22T10:15:31.631000+00:00,11348,22,1292,0.681,24.786
2026-08-22T10:15:31.731000+00:00,11348,41,1292,0.887,21.662
2026-08-22T10:15:31.830000+00:00,11348,77,1292,1.104,36.704
2026-08-22T10:15:32.346000+00:00,11348,30,1292,0.652,22.314
2026-08-22T10:15:32.430000+00:00,11348,55,1292,0.603,37.307
2026-08-22T10:15:33.016000+00:00,11348,3,1292,1.922,7.599
2026-08-22T10:15:33.474000+00:00,11348,31,1292,1.839,26.625
2026-08-22T10:15:33.889000+00:00,11348,81,1292,2.577,5.717
2026-08-22T10:15:33.917000+00:00,11348,14,1292,3.857,35.69
2026-08-22T10:15:33.986000+00:00,11348,23,1292,3.397,31.107
2026-08-22T10:15:34.346000+00:00,11348,43,1292,1.998,24.312
2026-08-22T10:15:34.574000+00:00,11348,87,1292,1.119,27.744
2026-08-22T10:15:34.595000+00:00,11348,10,1292,10.309,20.072
2026-08-22T10:15:34.701000+00:00,11348,18,1292,0.723,31.83
2026-08-22T10:15:34.896000+00:00,11348,1,1292,1.687,1.687
2026-08-22T10:15:34.946000+00:00,11348,22,1292,0.59,24.902
2026-08-22T10:15:35+00:00,11348,77,1292,1.081,36.771
2026-08-22T10:15:35.195000+00:00,11348,14,1292,3.87,35.736
2026-08-22T10:15:35.387000+00:00,11348,44,1292,2.385,9.984
2026-08-22T10:15:35.426000+00:00,11348,5,1292,0.847,20.919
2026-08-22T10:15:35.516000+00:00,11348,55,1292,0.505,37.276
2026-08-22T10:15:35.628000+00:00,11348,16,1292,0.738,2.425
2026-08-22T10:15:35.831000+00:00,11348,3,1292,1.968,7.685
2026-08-22T10:15:36.196000+00:00,11348,77,1292,1.059,36.795
2026-08-22T10:15:36.368000+00:00,11348,41,1292,0.948,21.867
2026-08-22T10:15:36.446000+00:00,11348,12,1292,0.823,3.248
2026-08-22T10:15:36.685000+00:00,11348,55,1292,0.458,37.253
2026-08-22T10:15:36.847000+00:00,11348,31,1292,1.901,26.803
2026-08-22T10:15:37.132000+00:00,11348,30,1292,0.76,22.627
2026-08-22T10:15:37.530000+00:00,11348,10,1292,10.367,20.221
2026-08-22T10:15:37.874000+00:00,11348,87,1292,1.036,27.839
2026-08-22T10:15:38.130000+00:00,11348,23,1292,3.537,31.281
2026-08-22T10:15:38.230000+00:00,11348,44,1292,2.398,10.083
2026-08-22T10:15:38.400000+00:00,11348,5,1292,0.853,21.074
2026-08-22T10:15:38.602000+00:00,11348,14,1292,3.896,35.726
2026-08-22T10:15:38.746000+00:00,11348,18,1292,0.621,31.902
2026-08-22T10:15:38.857000+00:00,11348,1,1292,1.663,1.663
2026-08-22T10:15:39.074000+00:00,11348,81,1292,2.615,5.863
2026-08-22T10:15:39.097000+00:00,11348,43,1292,1.969,24.596
2026-08-22T10:15:39.268000+00:00,11348,41,1292,0.888,21.962
2026-08-22T10:15:39.628000+00:00,11348,16,1292,0.758,2.421
2026-08-22T10:15:39.734000+00:00,11348,22,1292,0.631,25.227
2026-08-22T10:15:39.895000+00:00,11348,77,1292,1.264,36.99
2026-08-22T10:15:39.975000+00:00,11348,30,1292,0.729,22.691
2026-08-22T10:15:40.399000+00:00,11348,55,1292,0.519,37.509
2026-08-22T10:15:40.430000+00:00,11348,12,1292,0.812,3.233
2026-08-22T10:15:40.524000+00:00,11348,10,1292,10.331,20.268
2026-08-22T10:15:40.930000+00:00,11348,3,1292,1.887,7.75
2026-08-22T10:15:41.400000+00:00,11348,5,1292,0.887,21.155
2026-08-22T10:15:41.496000+00:00,11348,23,1292,3.616,31.455
2026-08-22T10:15:41.530000+00:00,11348,31,1292,1.791,27.018
2026-08-22T10:15:42.046000+00:00,11348,43,1292,2.046,24.737
2026-08-22T10:15:42.095000+00:00,11348,18,1292,0.59,32.045
2026-08-22T10:15:42.339000+00:00,11348,41,1292,0.961,22.116
2026-08-22T10:15:42.516000+00:00,11348,14,1292,3.765,35.667
2026-08-22T10:15:42.587000+00:00,11348,87,1292,1.06,28.078
2026-08-22T10:15:42.646000+00:00,11348,22,1292,0.634,25.371
2026-08-22T10:15:43.006000+00:00,11348,1,1292,1.724,1.724
2026-08-22T10:15:43.037000+00:00,11348,81,1292,2.61,5.843
2026-08-22T10:15:43.068000+00:00,11348,30,1292,0.719,22.835
2026-08-22T10:15:43.318000+00:00,11348,44,1292,2.377,10.127
2026-08-22T10:15:43.725000+00:00,11348,16,1292,0.735,2.459
2026-08-22T10:15:44.022000+00:00,11348,77,1292,1.525,37.192
2026-08-22T10:15:44.537000+00:00,11348,31,1292,1.846,27.217
2026-08-22T10:15:44.568000+00:00,11348,12,1292,0.834,3.293
2026-08-22T10:15:44.631000+00:00,11348,55,1292,0.593,37.785
2026-08-22T10:15:44.897000+00:00,11348,3,1292,1.863,7.706
2026-08-22T10:15:45.131000+00:00,11348,43,1292,2.042,24.877
2026-08-22T10:15:45.631000+00:00,11348,87,1292,1.136,28.353
2026-08-22T10:15:45.678000+00:00,11348,10,1292,10.298,20.282
2026-08-22T10:15:45.803000+00:00,11348,14,1292,3.713,35.758
2026-08-22T10:15:45.818000+00:00,11348,22,1292,0.662,25.539
2026-08-22T10:15:46.178000+00:00,11348,23,1292,3.576,31.654
2026-08-22T10:15:46.272000+00:00,11348,1,1292,1.716,1.716
2026-08-22T10:15:46.662000+00:00,11348,5,1292,0.944,21.226
2026-08-22T10:15:46.709000+00:00,11348,18,1292,0.537,32.191
2026-08-22T10:15:47.009000+00:00,11348,16,1292,0.714,2.43
2026-08-22T10:15:47.240000+00:00,11348,81,1292,2.673,5.966
2026-08-22T10:15:47.350000+00:00,11348,44,1292,2.399,10.105
2026-08-22T10:15:47.412000+00:00,11348,77,1292,1.591,37.349
2026-08-22T10:15:47.600000+00:00,11348,41,1292,0.956,22.182
2026-08-22T10:15:47.662000+00:00,11348,31,1292,1.858,27.397
2026-08-22T10:15:47.850000+00:00,11348,12,1292,0.844,3.274
2026-08-22T10:15:48.130000+00:00,11348,55,1292,0.74,38.089
2026-08-22T10:15:48.227000+00:00,11348,30,1292,0.623,22.805
2026-08-22T10:15:48.562000+00:00,11348,63,1292,0.0,0.0
2026-08-22T10:15:48.617000+00:00,11348,1,1292,1.714,1.714
2026-08-22T10:15:48.627000+00:00,11348,10,1292,10.294,20.377
2026-08-22T10:15:48.732000+00:00,11348,87,1292,1.098,28.495
2026-08-22T10:15:49.061000+00:00,11348,3,1292,1.804,7.77
2026-08-22T10:15:49.074000+00:00,11348,23,1292,3.406,31.759
2026-08-22T10:15:49.223000+00:00,11348,16,1292,0.684,2.398
2026-08-22T10:15:49.473000+00:00,11348,5,1292,0.938,21.315
2026-08-22T10:15:49.561000+00:00,11348,18,1292,0.497,32.256
2026-08-22T10:15:49.573000+00:00,11348,1,1292,1.717,1.717
2026-08-22T10:15:50.050000+00:00,11348,12,1292,0.834,3.232
2026-08-22T10:15:50.185000+00:00,11348,1,1292,1.723,1.723
2026-08-22T10:15:50.185000+00:00,11348,16,1292,0.651,2.368
2026-08-22T10:15:50.338000+00:00,11348,43,1292,2.119,24.924
2026-08-22T10:15:50.447000+00:00,11348,14,1292,3.758,35.949
2026-08-22T10:15:50.474000+00:00,11348,41,1292,1.018,22.333
2026-08-22T10:15:50.517000+00:00,11348,81,1292,2.698,5.972
2026-08-22T10:15:50.798000+00:00,11348,16,1292,0.621,2.344
2026-08-22T10:15:50.957000+00:00,11348,22,1292,0.645,25.569
2026-08-22T10:15:51.016000+00:00,11348,12,1292,,3.202
2026-08-22T10:15:51.147000+00:00,11348,30,1292,0.673,23.006
2026-08-22T10:15:51.433000+00:00,11348,44,1292,2.376,10.146
2026-08-22T10:15:51.633000+00:00,11348,12,1292,0.837,3.181
2026-08-22T10:15:52.117000+00:00,11348,77,1292,1.624,37.573
2026-08-22T10:15:52.246000+00:00,11348,23,1292,3.512,32.007
2026-08-22T10:15:52.328000+00:00,11348,3,1292,1.799,7.771
2026-08-22T10:15:52.449000+00:00,11348,1,1292,1.786,1.786
2026-08-22T10:15:52.768000+00:00,11348,18,1292,0.523,32.53
2026-08-22T10:15:52.785000+00:00,11348,81,1292,2.735,5.967
2026-08-22T10:15:52.833000+00:00,11348,31,1292,1.863,27.432
2026-08-22T10:15:52.927000+00:00,11348,16,1292,0.484,2.27
2026-08-22T10:15:52.961000+00:00,11348,55,1292,0.882,38.455
2026-08-22T10:15:53.227000+00:00,11348,43,1292,2.049,25.055
2026-08-22T10:15:53.354000+00:00,11348,14,1292,3.804,36.06
2026-08-22T10:15:53.632000+00:00,11348,10,1292,10.303,20.43
2026-08-22T10:15:53.817000+00:00,11348,81,1292,2.766,5.968
2026-08-22T10:15:53.865000+00:00,11348,12,1292,0.865,3.135
2026-08-22T10:15:53.865000+00:00,11348,22,1292,0.617,25.672
2026-08-22T10:15:53.922000+00:00,11348,87,1292,1.08,28.512
2026-08-22T10:15:54.400000+00:00,11348,1,1292,1.761,1.761
2026-08-22T10:15:54.459000+00:00,11348,81,1292,2.791,5.972
2026-08-22T10:15:54.593000+00:00,11348,3,1292,1.818,7.785
2026-08-22T10:15:54.666000+00:00,11348,5,1292,1.006,21.436
2026-08-22T10:15:54.713000+00:00,11348,44,1292,,10.147
2026-08-22T10:15:54.946000+00:00,11348,16,1292,0.557,2.318
2026-08-22T10:15:55.073000+00:00,11348,77,1292,1.72,37.78
2026-08-22T10:15:55.627000+00:00,11348,3,1292,1.841,7.809
2026-08-22T10:15:55.747000+00:00,11348,31,1292,1.92,27.592
2026-08-22T10:15:55.782000+00:00,11348,41,1292,1.126,22.562
2026-08-22T10:15:55.830000+00:00,11348,12,1292,0.85,3.168
2026-08-22T10:15:56.017000+00:00,11348,55,1292,0.922,38.702
2026-08-22T10:15:56.269000+00:00,11348,3,1292,1.864,7.836
2026-08-22T10:15:56.371000+00:00,11348,30,1292,0.61,23.172
2026-08-22T10:15:56.396000+00:00,11348,14,1292,3.642,36.172
2026-08-22T10:15:56.692000+00:00,11348,81,1292,2.893,6.028
2026-08-22T10:15:56.831000+00:00,11348,87,1292,1.086,28.678
2026-08-22T10:15:56.962000+00:00,11348,44,1292,2.367,10.152
2026-08-22T10:15:57.430000+00:00,11348,23,1292,3.522,32.034
2026-08-22T10:15:57.676000+00:00,11348,10,1292,10.359,20.464
2026-08-22T10:15:57.974000+00:00,11348,18,1292,0.539,32.573
2026-08-22T10:15:57.985000+00:00,11348,44,1292,2.343,
2026-08-22T10:15:58.216000+00:00,11348,77,1292,1.776,37.948
2026-08-22T10:15:58.430000+00:00,11348,43,1292,2.056,25.228
2026-08-22T10:15:58.714000+00:00,11348,44,1292,2.317,10.153
2026-08-22T10:15:58.714000+00:00,11348,3,1292,1.913,7.941
2026-08-22T10:15:58.714000+00:00,11348,5,1292,0.976,21.44
2026-08-22T10:15:58.730000+00:00,11348,81,1292,2.858,6.026
2026-08-22T10:15:59.136000+00:00,11348,55,1292,0.934,38.882
2026-08-22T10:15:59.136000+00:00,11348,22,1292,0.69,25.918
2026-08-22T10:15:59.527000+00:00,11348,1,1292,1.854,1.854
2026-08-22T10:15:59.761000+00:00,11348,41,1292,1.129,22.569
2026-08-22T10:16:00.105000+00:00,11348,16,1292,0.585,2.439
2026-08-22T10:16:00.277000+00:00,11348,23,1292,3.449,32.127
2026-08-22T10:16:00.339000+00:00,11348,30,1292,0.58,23.149
2026-08-22T10:16:00.605000+00:00,11348,3,1292,1.923,7.949
2026-08-22T10:16:00.846000+00:00,11348,44,1292,2.246,10.187
2026-08-22T10:16:00.846000+00:00,11348,12,1292,0.761,3.2
2026-08-22T10:16:00.862000+00:00,11348,18,1292,0.572,32.699
2026-08-22T10:16:00.928000+00:00,11348,31,1292,1.812,27.73
2026-08-22T10:16:01.633000+00:00,11348,14,1292,3.647,36.22
2026-08-22T10:16:01.896000+00:00,11348,10,1292,10.456,20.602
2026-08-22T10:16:02.074000+00:00,11348,87,1292,1.125,28.855
2026-08-22T10:16:02.078000+00:00,11348,1,1292,1.829,1.829
2026-08-22T10:16:02.446000+00:00,11348,43,1292,2.1,25.249
2026-08-22T10:16:02.685000+00:00,11348,16,1292,0.609,2.438
2026-08-22T10:16:02.817000+00:00,11348,44,1292,2.21,10.159
2026-08-22T10:16:02.914000+00:00,11348,5,1292,1.021,21.623
2026-08-22T10:16:03.150000+00:00,11348,22,1292,0.688,25.937
2026-08-22T10:16:03.395000+00:00,11348,12,1292,0.733,3.171
2026-08-22T10:16:03.446000+00:00,11348,77,1292,1.832,38.052
2026-08-22T10:16:03.853000+00:00,11348,81,1292,2.986,6.186
2026-08-22T10:16:04.009000+00:00,11348,41,1292,1.108,22.731
2026-08-22T10:16:04.415000+00:00,11348,55,1292,0.962,39.014
2026-08-22T10:16:04.540000+00:00,11348,14,1292,3.698,36.397
2026-08-22T10:16:04.634000+00:00,11348,30,1292,0.62,23.351
2026-08-22T10:16:04.900000+00:00,11348,31,1292,1.774,27.711
2026-08-22T10:16:05.009000+00:00,11348,1,1292,1.778,1.778
2026-08-22T10:16:05.181000+00:00,11348,10,1292,10.477,20.624
2026-08-22T10:16:05.556000+00:00,11348,23,1292,3.509,32.364
2026-08-22T10:16:05.587000+00:00,11348,16,1292,0.599,2.377
2026-08-22T10:16:05.603000+00:00,11348,3,1292,1.762,7.948
2026-08-22T10:16:06.056000+00:00,11348,87,1292,1.155,28.866
2026-08-22T10:16:06.165000+00:00,11348,18,1292,0.605,32.969
2026-08-22T10:16:06.228000+00:00,11348,5,1292,,21.645
2026-08-22T10:16:06.290000+00:00,11348,12,1292,0.703,3.08
2026-08-22T10:16:06.415000+00:00,11348,77,1292,1.867,38.264
2026-08-22T10:16:06.431000+00:00,11348,81,1292,3.035,6.206
2026-08-22T10:16:06.775000+00:00,11348,43,1292,2.108,25.459
2026-08-22T10:16:07.345000+00:00,11348,55,1292,0.859,39.123
2026-08-22T10:16:07.346000+00:00,11348,41,1292,1.087,22.732
2026-08-22T10:16:07.465000+00:00,11348,22,1292,0.697,26.156
2026-08-22T10:16:07.474000+00:00,11348,10,1292,10.471,20.623
2026-08-22T10:16:07.819000+00:00,11348,44,1292,,10.158
2026-08-22T10:16:07.916000+00:00,11348,30,1292,0.623,23.355
2026-08-22T10:16:08.147000+00:00,11348,3,1292,1.72,7.926
2026-08-22T10:16:08.428000+00:00,11348,10,1292,10.47,20.622
2026-08-22T10:16:08.490000+00:00,11348,5,1292,1.01,21.633
2026-08-22T10:16:09.022000+00:00,11348,1,1292,1.739,1.739
2026-08-22T10:16:09.053000+00:00,11348,10,1292,10.466,20.619
2026-08-22T10:16:09.289000+00:00,11348,31,1292,1.826,27.982
2026-08-22T10:16:09.381000+00:00,11348,81,1292,3.104,6.184
2026-08-22T10:16:09.444000+00:00,11348,5,1292,1.008,21.63
2026-08-22T10:16:09.537000+00:00,11348,41,1292,1.075,22.708
2026-08-22T10:16:09.584000+00:00,11348,23,1292,3.524,32.39
2026-08-22T10:16:09.725000+00:00,11348,14,1292,3.526,36.495
2026-08-22T10:16:09.725000+00:00,11348,16,1292,0.708,2.447
2026-08-22T10:16:10.225000+00:00,11348,43,1292,2.106,25.461
2026-08-22T10:16:10.256000+00:00,11348,5,1292,1.014,21.633
2026-08-22T10:16:10.256000+00:00,11348,18,1292,0.529,32.919
2026-08-22T10:16:10.256000+00:00,11348,30,1292,0.616,23.324
2026-08-22T10:16:10.334000+00:00,11348,87,1292,1.018,29.0
2026-08-22T10:16:10.397000+00:00,11348,12,1292,0.656,3.103
2026-08-22T10:16:10.428000+00:00,11348,44,1292,2.246,10.172
2026-08-22T10:16:10.522000+00:00,11348,41,1292,1.064,22.694
2026-08-22T10:16:10.709000+00:00,11348,22,1292,0.69,26.151
2026-08-22T10:16:11.086000+00:00,11348,3,1292,1.694,7.878
2026-08-22T10:16:11.131000+00:00,11348,41,1292,1.052,22.685
2026-08-22T10:16:11.141000+00:00,11348,30,1292,,23.31
2026-08-22T10:16:11.265000+00:00,11348,10,1292,10.407,20.594
2026-08-22T10:16:11.647000+00:00,11348,77,1292,1.939,38.434
2026-08-22T10:16:11.733000+00:00,11348,30,1292,0.623,23.308
2026-08-22T10:16:12.246000+00:00,11348,43,1292,2.109,25.433
2026-08-22T10:16:12.353000+00:00,11348,5,1292,1.09,21.684
2026-08-22T10:16:12.496000+00:00,11348,1,1292,1.698,1.698
2026-08-22T10:16:12.617000+00:00,11348,55,1292,0.976,39.41
2026-08-22T10:16:12.618000+00:00,11348,31,1292,1.893,28.044
2026-08-22T10:16:12.931000+00:00,11348,22,1292,0.678,26.111
2026-08-22T10:16:13.266000+00:00,11348,16,1292,0.751,2.449
2026-08-22T10:16:13.276000+00:00,11348,43,1292,,25.419
2026-08-22T10:16:13.297000+00:00,11348,10,1292,10.495,20.654
2026-08-22T10:16:13.346000+00:00,11348,41,1292,0.998,22.682
2026-08-22T10:16:13.396000+00:00,11348,44,1292,2.304,10.182
2026-08-22T10:16:13.446000+00:00,11348,81,1292,3.065,6.168
2026-08-22T10:16:13.591000+00:00,11348,87,1292,0.984,29.028
2026-08-22T10:16:13.753000+00:00,11348,14,1292,3.612,36.531
2026-08-22T10:16:13.885000+00:00,11348,43,1292,2.1,25.408
2026-08-22T10:16:13.896000+00:00,11348,12,1292,0.642,3.091
2026-08-22T10:16:13.896000+00:00,11348,23,1292,3.603,32.603
2026-08-22T10:16:13.935000+00:00,11348,22,1292,0.662,26.081
2026-08-22T10:16:13.996000+00:00,11348,30,1292,0.637,23.319
2026-08-22T10:16:14.375000+00:00,11348,5,1292,1.088,21.742
2026-08-22T10:16:14.492000+00:00,11348,22,1292,0.649,26.057
2026-08-22T10:16:14.532000+00:00,11348,18,1292,0.637,33.24
2026-08-22T10:16:14.852000+00:00,11348,31,1292,1.937,28.048
2026-08-22T10:16:15.175000+00:00,11348,3,1292,1.74,7.908
2026-08-22T10:16:15.367000+00:00,11348,41,1292,,22.74
2026-08-22T10:16:15.727000+00:00,11348,77,1292,1.944,38.475
2026-08-22T10:16:15.852000+00:00,11348,87,1292,0.978,29.026
2026-08-22T10:16:15.899000+00:00,11348,31,1292,1.972,28.053
2026-08-22T10:16:15.992000+00:00,11348,30,1292,0.626,23.366
2026-08-22T10:16:16.039000+00:00,11348,43,1292,2.037,25.356
2026-08-22T10:16:16.371000+00:00,11348,16,1292,0.735,2.433
2026-08-22T10:16:16.501000+00:00,11348,31,1292,2.008,28.065
2026-08-22T10:16:16.642000+00:00,11348,22,1292,0.632,25.988
2026-08-22T10:16:16.666000+00:00,11348,55,1292,0.991,39.466
2026-08-22T10:16:16.853000+00:00,11348,1,1292,1.696,1.696
2026-08-22T10:16:16.879000+00:00,11348,87,1292,0.969,29.022
2026-08-22T10:16:16.981000+00:00,11348,12,1292,0.6,3.033
2026-08-22T10:16:16.981000+00:00,11348,81,1292,3.083,6.174
2026-08-22T10:16:17.165000+00:00,11348,23,1292,3.584,32.612
2026-08-22T10:16:17.474000+00:00,11348,87,1292,0.959,29.024
2026-08-22T10:16:17.512000+00:00,11348,44,1292,2.33,10.238
2026-08-22T10:16:17.546000+00:00,11348,16,1292,0.71,2.406
2026-08-22T10:16:17.864000+00:00,11348,18,1292,0.685,33.297
2026-08-22T10:16:18.030000+00:00,11348,43,1292,2.036,25.402
2026-08-22T10:16:18.049000+00:00,11348,14,1292,3.514,36.754
2026-08-22T10:16:18.113000+00:00,11348,12,1292,0.582,2.988
2026-08-22T10:16:18.539000+00:00,11348,10,1292,10.708,20.866
2026-08-22T10:16:18.690000+00:00,11348,3,1292,1.709,7.883
2026-08-22T10:16:18.725000+00:00,11348,22,1292,0.669,26.071
2026-08-22T10:16:18.781000+00:00,11348,31,1292,2.145,28.133
2026-08-22T10:16:19.416000+00:00,11348,23,1292,3.573,32.599
2026-08-22T10:16:19.477000+00:00,11348,5,1292,0.942,21.808
2026-08-22T10:16:19.731000+00:00,11348,87,1292,0.924,29.057
2026-08-22T10:16:20.034000+00:00,11348,77,1292,1.996,38.75
2026-08-22T10:16:20.074000+00:00,11348,1,1292,1.479,1.479
2026-08-22T10:16:20.123000+00:00,11348,81,1292,3.166,6.199
2026-08-22T10:16:20.123000+00:00,11348,18,1292,0.702,33.301
2026-08-22T10:16:20.428000+00:00,11348,23,1292,,32.595
2026-08-22T10:16:20.547000+00:00,11348,41,1292,1.071,22.879
2026-08-22T10:16:20.902000+00:00,11348,16,1292,0.741,2.22
2026-08-22T10:16:20.917000+00:00,11348,31,1292,2.144,28.215
2026-08-22T10:16:21.215000+00:00,11348,23,1292,3.571,
2026-08-22T10:16:21.256000+00:00,11348,44,1292,2.389,10.272
2026-08-22T10:16:21.303000+00:00,11348,55,1292,1.079,39.829
2026-08-22T10:16:21.317000+00:00,11348,18,1292,0.703,33.298
2026-08-22T10:16:21.330000+00:00,11348,10,1292,10.739,20.911
2026-08-22T10:16:21.374000+00:00,11348,30,1292,0.653,23.532
2026-08-22T10:16:21.376000+00:00,11348,81,1292,3.219,6.207
2026-08-22T10:16:21.434000+00:00,11348,14,1292,3.518,36.815
2026-08-22T10:16:21.517000+00:00,11348,12,1292,0.682,2.902
2026-08-22T10:16:21.806000+00:00,11348,18,1292,0.706,33.301
2026-08-22T10:16:21.813000+00:00,11348,87,1292,0.932,29.147
2026-08-22T10:16:21.831000+00:00,11348,3,1292,1.703,7.902
2026-08-22T10:16:22.059000+00:00,11348,5,1292,0.905,21.816
2026-08-22T10:16:23.031000+00:00,11348,3,1292,1.695,
2026-08-22T10:16:23.131000+00:00,11348,41,1292,1.074,22.89
2026-08-22T10:16:23.163000+00:00,11348,43,1292,1.986,25.518
2026-08-22T10:16:23.298000+00:00,11348,23,1292,3.566,32.623
2026-08-22T10:16:23.364000+00:00,11348,77,1292,1.993,38.808
2026-08-22T10:16:23.674000+00:00,11348,14,1292,3.55,36.851
2026-08-22T10:16:23.775000+00:00,11348,30,1292,0.641,23.531
2026-08-22T10:16:23.853000+00:00,11348,22,1292,0.683,26.201
2026-08-22T10:16:23.962000+00:00,11348,1,1292,1.386,1.386
2026-08-22T10:16:24.009000+00:00,11348,18,1292,0.715,33.338
2026-08-22T10:16:24.150000+00:00,11348,10,1292,10.751,20.933
2026-08-22T10:16:24.212000+00:00,11348,44,1292,2.387,10.289
2026-08-22T10:16:24.416000+00:00,11348,55,1292,1.052,39.86
2026-08-22T10:16:24.650000+00:00,11348,81,1292,3.131,6.033
2026-08-22T10:16:24.666000+00:00,11348,16,1292,0.676,2.062
2026-08-22T10:16:24.712000+00:00,11348,14,1292,3.585,36.883
2026-08-22T10:16:25.087000+00:00,11348,5,1292,0.947,21.88
2026-08-22T10:16:25.337000+00:00,11348,23,1292,3.531,32.678
2026-08-22T10:16:25.353000+00:00,11348,14,1292,3.615,36.916
2026-08-22T10:16:25.416000+00:00,11348,44,1292,2.385,10.287
2026-08-22T10:16:25.464000+00:00,11348,12,1292,0.802,2.864
2026-08-22T10:16:25.634000+00:00,11348,77,1292,1.97,38.821
2026-08-22T10:16:25.791000+00:00,11348,43,1292,2.018,25.549
2026-08-22T10:16:26.041000+00:00,11348,18,1292,0.745,33.423
2026-08-22T10:16:26.072000+00:00,11348,31,1292,2.222,28.423
2026-08-22T10:16:26.201000+00:00,11348,41,1292,1.115,22.995
2026-08-22T10:16:26.418000+00:00,11348,3,1292,1.777,7.81
2026-08-22T10:16:26.474000+00:00,11348,22,1292,0.686,26.235
2026-08-22T10:16:26.653000+00:00,11348,77,1292,1.944,38.827
2026-08-22T10:16:26.669000+00:00,11348,55,1292,1.012,39.833
2026-08-22T10:16:26.794000+00:00,11348,30,1292,0.568,23.563
2026-08-22T10:16:27.059000+00:00,11348,87,1292,0.928,29.351
2026-08-22T10:16:27.247000+00:00,11348,1,1292,1.399,1.399
2026-08-22T10:16:27.309000+00:00,11348,77,1292,1.917,38.833
2026-08-22T10:16:27.637000+00:00,11348,55,1292,0.984,39.811
2026-08-22T10:16:27.700000+00:00,11348,14,1292,3.713,37.051
2026-08-22T10:16:27.887000+00:00,11348,16,1292,0.663,
2026-08-22T10:16:28.231000+00:00,11348,55,1292,0.962,39.795
2026-08-22T10:16:28.370000+00:00,11348,10,1292,10.849,21.087
2026-08-22T10:16:28.553000+00:00,11348,81,1292,3.083,5.947
2026-08-22T10:16:28.673000+00:00,11348,31,1292,2.2,28.435
2026-08-22T10:16:28.690000+00:00,11348,44,1292,2.269,10.079
2026-08-22T10:16:28.747000+00:00,11348,12,1292,0.859,2.921
2026-08-22T10:16:28.787000+00:00,11348,43,1292,2.022,25.585
2026-08-22T10:16:29.412000+00:00,11348,5,1292,1.036,22.123
2026-08-22T10:16:29.546000+00:00,11348,77,1292,1.828,38.879
2026-08-22T10:16:29.574000+00:00,11348,22,1292,0.768,26.353
2026-08-22T10:16:29.647000+00:00,11348,87,1292,0.97,29.405
2026-08-22T10:16:29.746000+00:00,11348,14,1292,3.681,37.104
2026-08-22T10:16:30.376000+00:00,11348,3,1292,1.787,7.734
2026-08-22T10:16:30.423000+00:00,11348,55,1292,0.883,39.762
2026-08-22T10:16:30.438000+00:00,11348,41,1292,1.042,23.165
2026-08-22T10:16:30.579000+00:00,11348,23,1292,3.569,32.92
2026-08-22T10:16:31.016000+00:00,11348,30,1292,0.6,23.765
2026-08-22T10:16:31.235000+00:00,11348,18,1292,0.659,33.579
2026-08-22T10:16:31.642000+00:00,11348,31,1292,2.074,28.427
2026-08-22T10:16:31.689000+00:00,11348,77,1292,1.94,39.044
2026-08-22T10:16:31.766000+00:00,11348,1,1292,1.353,1.353
2026-08-22T10:16:31.798000+00:00,11348,81,1292,3.048,5.969
2026-08-22T10:16:31.923000+00:00,11348,10,1292,10.857,21.129
2026-08-22T10:16:32.423000+00:00,11348,55,1292,0.738,39.782
2026-08-22T10:16:32.470000+00:00,11348,16,1292,0.713,2.066
2026-08-22T10:16:32.579000+00:00,11348,44,1292,2.235,9.969
2026-08-22T10:16:32.704000+00:00,11348,87,1292,1.07,29.497
2026-08-22T10:16:32.970000+00:00,11348,5,1292,1.048,22.177
2026-08-22T10:16:33.110000+00:00,11348,43,1292,2.054,25.819
2026-08-22T10:16:33.204000+00:00,11348,23,1292,3.576,32.981
2026-08-22T10:16:33.408000+00:00,11348,12,1292,0.913,2.979
2026-08-22T10:16:33.563000+00:00,11348,3,1292,1.768,7.737
2026-08-22T10:16:33.829000+00:00,11348,22,1292,0.739,26.558
2026-08-22T10:16:33.876000+00:00,11348,18,1292,0.655,33.636
2026-08-22T10:16:33.985000+00:00,11348,41,1292,1.012,23.189
2026-08-22T10:16:34.688000+00:00,11348,30,1292,0.597,23.786
2026-08-22T10:16:34.688000+00:00,11348,1,1292,1.485,1.485
2026-08-22T10:16:34.891000+00:00,11348,14,1292,3.653,37.232
2026-08-22T10:16:35.173000+00:00,11348,10,1292,10.865,21.154
2026-08-22T10:16:35.329000+00:00,11348,16,1292,0.661,2.146
2026-08-22T10:16:35.751000+00:00,11348,44,1292,2.181,9.918
2026-08-22T10:16:35.907000+00:00,11348,31,1292,2.078,28.636
2026-08-22T10:16:36.141000+00:00,11348,5,1292,1.053,22.207
2026-08-22T10:16:36.220000+00:00,11348,12,1292,0.903,3.049
2026-08-22T10:16:36.298000+00:00,11348,10,1292,10.876,21.163
2026-08-22T10:16:36.360000+00:00,11348,23,1292,3.653,33.15
2026-08-22T10:16:36.423000+00:00,11348,81,1292,3.032,6.011
2026-08-22T10:16:36.646000+00:00,11348,43,1292,,25.84
2026-08-22T10:16:36.845000+00:00,11348,77,1292,1.96,39.192
2026-08-22T10:16:36.912000+00:00,11348,87,1292,1.012,29.648
2026-08-22T10:16:37.022000+00:00,11348,18,1292,0.651,33.801
2026-08-22T10:16:37.116000+00:00,11348,41,1292,0.978,23.185
2026-08-22T10:16:37.334000+00:00,11348,5,1292,1.05,22.213
2026-08-22T10:16:37.381000+00:00,11348,22,1292,0.755,26.595
2026-08-22T10:16:37.491000+00:00,11348,14,1292,3.612,37.248
2026-08-22T10:16:37.694000+00:00,11348,30,1292,0.569,23.754
2026-08-22T10:16:37.694000+00:00,11348,1,1292,1.541,1.541
2026-08-22T10:16:37.772000+00:00,11348,55,1292,0.907,40.099
2026-08-22T10:16:38.086000+00:00,11348,3,1292,1.68,7.691
2026-08-22T10:16:38.272000+00:00,11348,41,1292,0.96,23.173
2026-08-22T10:16:38.366000+00:00,11348,16,1292,0.657,2.198
2026-08-22T10:16:38.834000+00:00,11348,30,1292,0.54,23.713
2026-08-22T10:16:39.225000+00:00,11348,81,1292,3.022,6.071
2026-08-22T10:16:39.241000+00:00,11348,12,1292,0.902,3.1
2026-08-22T10:16:39.475000+00:00,11348,77,1292,1.993,39.241
2026-08-22T10:16:39.475000+00:00,11348,31,1292,2.096,28.691
2026-08-22T10:16:39.803000+00:00,11348,10,1292,11.124,21.203
2026-08-22T10:16:39.834000+00:00,11348,43,1292,2.134,25.888
2026-08-22T10:16:40.303000+00:00,11348,44,1292,2.19,9.881
2026-08-22T10:16:40.444000+00:00,11348,55,1292,0.97,40.211
2026-08-22T10:16:40.475000+00:00,11348,14,1292,3.465,37.266
2026-08-22T10:16:40.506000+00:00,11348,87,1292,1.011,29.702
2026-08-22T10:16:40.553000+00:00,11348,22,1292,0.738,26.626
2026-08-22T10:16:40.663000+00:00,11348,23,1292,3.757,33.405
2026-08-22T10:16:40.741000+00:00,11348,5,1292,0.907,22.11
2026-08-22T10:16:40.897000+00:00,11348,3,1292,1.652,7.723
2026-08-22T10:16:41.023000+00:00,11348,43,1292,2.188,25.901
2026-08-22T10:16:41.303000+00:00,11348,18,1292,0.61,34.015
2026-08-22T10:16:41.725000+00:00,11348,22,1292,0.7,26.601
2026-08-22T10:16:41.834000+00:00,11348,41,1292,1.124,23.234
2026-08-22T10:16:42.288000+00:00,11348,81,1292,3.039,6.139
2026-08-22T10:16:42.397000+00:00,11348,30,1292,0.568,23.802
2026-08-22T10:16:42.584000+00:00,11348,77,1292,2.108,39.374
2026-08-22T10:16:42.725000+00:00,11348,31,1292,2.125,28.751
2026-08-22T10:16:42.803000+00:00,11348,1,1292,1.53,1.53
2026-08-22T10:16:43.147000+00:00,11348,44,1292,2.27,9.993
2026-08-22T10:16:43.569000+00:00,11348,16,1292,0.74,2.27
2026-08-22T10:16:43.569000+00:00,11348,55,1292,0.963,40.337
2026-08-22T10:16:43.694000+00:00,11348,87,1292,1.012,29.763
2026-08-22T10:16:43.741000+00:00,11348,10,1292,11.175,21.144
2026-08-22T10:16:43.881000+00:00,11348,31,1292,2.169,28.77
2026-08-22T10:16:43.897000+00:00,11348,3,1292,1.6,7.739
2026-08-22T10:16:44.256000+00:00,11348,23,1292,3.738,33.44
2026-08-22T10:16:44.366000+00:00,11348,12,1292,0.823,3.093
2026-08-22T10:16:44.522000+00:00,11348,43,1292,2.105,25.907
2026-08-22T10:16:44.663000+00:00,11348,5,1292,0.917,22.061
2026-08-22T10:16:44.756000+00:00,11348,14,1292,3.46,37.475
2026-08-22T10:16:44.897000+00:00,11348,18,1292,0.658,34.098
2026-08-22T10:16:44.913000+00:00,11348,87,1292,1.008,29.778
2026-08-22T10:16:45.241000+00:00,11348,22,1292,0.724,26.631
2026-08-22T10:16:45.647000+00:00,11348,1,1292,1.534,1.534
2026-08-22T10:16:45.881000+00:00,11348,41,1292,1.218,23.279
2026-08-22T10:16:46.116000+00:00,11348,44,1292,2.243,9.982
2026-08-22T10:16:46.350000+00:00,11348,16,1292,0.67,2.204
2026-08-22T10:16:46.428000+00:00,11348,30,1292,0.55,23.829
2026-08-22T10:16:47.006000+00:00,11348,77,1292,2.253,39.728
2026-08-22T10:16:47.132000+00:00,11348,10,1292,11.351,21.269
2026-08-22T10:16:47.241000+00:00,11348,12,1292,0.859,3.063
2026-08-22T10:16:47.303000+00:00,11348,31,1292,2.045,28.676
2026-08-22T10:16:47.428000+00:00,11348,23,1292,3.697,33.46
2026-08-22T10:16:47.428000+00:00,11348,81,1292,3.038,6.131
2026-08-22T10:16:47.897000+00:00,11348,55,1292,0.885,40.613
2026-08-22T10:16:48.100000+00:00,11348,18,1292,0.716,34.176
2026-08-22T10:16:48.116000+00:00,11348,5,1292,1.041,22.31
2026-08-22T10:16:48.350000+00:00,11348,87,1292,1.056,29.732
2026-08-22T10:16:48.381000+00:00,11348,14,1292,3.486,37.584
2026-08-22T10:16:48.522000+00:00,11348,43,1292,2.092,25.921
2026-08-22T10:16:48.584000+00:00,11348,23,1292,3.688,33.466
2026-08-22T10:16:49.053000+00:00,11348,3,1292,1.626,7.757
2026-08-22T10:16:49.209000+00:00,11348,41,1292,1.058,23.368
2026-08-22T10:16:49.272000+00:00,11348,22,1292,0.738,26.659
2026-08-22T10:16:49.350000+00:00,11348,18,1292,0.736,34.202
2026-08-22T10:16:49.741000+00:00,11348,30,1292,0.558,23.926
2026-08-22T10:16:50.225000+00:00,11348,81,1292,3.026,6.089
2026-08-22T10:16:50.694000+00:00,11348,77,1292,2.295,39.879
2026-08-22T10:16:50.944000+00:00,11348,1,1292,1.679,1.679
2026-08-22T10:16:51.288000+00:00,11348,31,1292,2.019,28.678
2026-08-22T10:16:51.303000+00:00,11348,44,1292,2.28,10.037
2026-08-22T10:16:51.513000+00:00,11348,55,1292,0.805,40.684
2026-08-22T10:16:51.645000+00:00,11348,16,1292,0.699,2.378
2026-08-22T10:16:51.706000+00:00,11348,14,1292,3.598,37.774
2026-08-22T10:16:51.715000+00:00,11348,10,1292,11.422,21.303
2026-08-22T10:16:51.876000+00:00,11348,3,1292,1.656,7.745
2026-08-22T10:16:51.923000+00:00,11348,43,1292,2.178,26.104
2026-08-22T10:16:52.032000+00:00,11348,23,1292,3.706,33.438
2026-08-22T10:16:52.344000+00:00,11348,12,1292,0.703,3.081
2026-08-22T10:16:52.360000+00:00,11348,87,1292,1.08,29.758
2026-08-22T10:16:52.657000+00:00,11348,22,1292,0.718,26.822
2026-08-22T10:16:52.719000+00:00,11348,5,1292,1.016,22.319
2026-08-22T10:16:52.751000+00:00,11348,18,1292,0.695,34.133
2026-08-22T10:16:52.969000+00:00,11348,14,1292,3.649,37.851
2026-08-22T10:16:53.938000+00:00,11348,77,1292,2.165,39.939
2026-08-22T10:16:53.954000+00:00,11348,41,1292,1.172,23.491
2026-08-22T10:16:54.157000+00:00,11348,44,1292,2.26,10.005
2026-08-22T10:16:54.648000+00:00,11348,30,1292,0.666,24.157
2026-08-22T10:16:54.659000+00:00,11348,55,1292,0.715,40.654
2026-08-22T10:16:54.670000+00:00,11348,31,1292,2.003,28.825
2026-08-22T10:16:54.676000+00:00,11348,10,1292,11.49,21.483
2026-08-22T10:16:54.917000+00:00,11348,1,1292,1.627,1.627
2026-08-22T10:16:55.070000+00:00,11348,77,1292,2.097,39.948
2026-08-22T10:16:55.409000+00:00,11348,81,1292,3.078,6.159
2026-08-22T10:16:55.691000+00:00,11348,16,1292,0.705,2.332
2026-08-22T10:16:55.706000+00:00,11348,5,1292,1.004,22.487
2026-08-22T10:16:55.769000+00:00,11348,55,1292,0.666,40.614
2026-08-22T10:16:55.769000+00:00,11348,87,1292,,29.905
2026-08-22T10:16:56.144000+00:00,11348,23,1292,3.773,33.531
2026-08-22T10:16:56.300000+00:00,11348,12,1292,0.7,3.032
2026-08-22T10:16:56.409000+00:00,11348,14,1292,3.695,37.828
2026-08-22T10:16:56.581000+00:00,11348,43,1292,2.023,26.18
2026-08-22T10:16:56.753000+00:00,11348,18,1292,0.637,34.168
2026-08-22T10:16:56.816000+00:00,11348,41,1292,1.135,23.622
2026-08-22T10:16:56.972000+00:00,11348,3,1292,1.546,7.705
2026-08-22T10:16:57.394000+00:00,11348,30,1292,0.598,24.22
2026-08-22T10:16:57.409000+00:00,11348,22,1292,0.815,26.995
2026-08-22T10:16:57.628000+00:00,11348,10,1292,11.511,21.493
2026-08-22T10:16:58.644000+00:00,11348,77,1292,2.21,40.038
2026-08-22T10:16:58.706000+00:00,11348,5,1292,1.079,22.572
2026-08-22T10:16:59.066000+00:00,11348,1,1292,1.697,1.697
2026-08-22T10:16:59.316000+00:00,11348,44,1292,2.316,10.021
2026-08-22T10:16:59.363000+00:00,11348,31,1292,1.949,28.944
2026-08-22T10:16:59.394000+00:00,11348,81,1292,3.071,6.103
2026-08-22T10:16:59.441000+00:00,11348,55,1292,0.776,40.814
2026-08-22T10:16:59.550000+00:00,11348,43,1292,2.111,26.331
2026-08-22T10:16:59.613000+00:00,11348,23,1292,3.884,33.789
2026-08-22T10:16:59.659000+00:00,11348,16,1292,0.629,2.326
2026-08-22T10:16:59.878000+00:00,11348,41,1292,1.176,23.748
2026-08-22T10:17:00.222000+00:00,11348,18,1292,0.612,34.401
2026-08-22T10:17:00.316000+00:00,11348,22,1292,0.826,27.157
2026-08-22T10:17:00.352000+00:00,11348,14,1292,3.573,37.741
2026-08-22T10:17:00.447000+00:00,11348,12,1292,0.717,3.043
2026-08-22T10:17:00.517000+00:00,11348,87,1292,1.189,30.133
2026-08-22T10:17:00.631000+00:00,11348,30,1292,0.739,24.487
2026-08-22T10:17:00.900000+00:00,11348,3,1292,1.525,7.628
2026-08-22T10:17:02.330000+00:00,11348,31,1292,1.983,29.14
2026-08-22T10:17:02.330000+00:00,11348,1,1292,1.688,1.688
2026-08-22T10:17:02.603000+00:00,11348,43,1292,1.984,26.471
2026-08-22T10:17:02.796000+00:00,11348,10,1292,11.466,21.503
2026-08-22T10:17:02.797000+00:00,11348,77,1292,2.438,40.179
2026-08-22T10:17:02.931000+00:00,11348,16,1292,0.602,2.29
2026-08-22T10:17:03.262000+00:00,11348,44,1292,2.346,9.974
2026-08-22T10:17:03.474000+00:00,11348,22,1292,0.879,27.35
2026-08-22T10:17:03.519000+00:00,11348,81,1292,3.121,6.164
2026-08-22T10:17:03.596000+00:00,11348,87,1292,1.292,30.432
2026-08-22T10:17:03.612000+00:00,11348,55,1292,0.814,40.993
2026-08-22T10:17:03.666000+00:00,11348,12,1292,0.723,3.013
2026-08-22T10:17:03.697000+00:00,11348,14,1292,3.48,37.881
2026-08-22T10:17:03.977000+00:00,11348,5,1292,1.183,22.686
2026-08-22T10:17:04.277000+00:00,11348,23,1292,3.722,33.855
2026-08-22T10:17:04.574000+00:00,11348,63,1292,0.0,0.0
2026-08-22T10:17:04.660000+00:00,11348,1,1292,1.686,1.686
2026-08-22T10:17:04.950000+00:00,11348,18,1292,0.661,34.516
2026-08-22T10:17:05.017000+00:00,11348,3,1292,1.456,7.62
2026-08-22T10:17:05.101000+00:00,11348,41,1292,1.128,23.814
2026-08-22T10:17:05.146000+00:00,11348,16,1292,0.565,2.251
2026-08-22T10:17:05.432000+00:00,11348,31,1292,1.927,29.277
2026-08-22T10:17:05.617000+00:00,11348,1,1292,1.688,1.688
2026-08-22T10:17:05.657000+00:00,11348,10,1292,11.537,21.542
2026-08-22T10:17:05.758000+00:00,11348,30,1292,0.655,24.469
2026-08-22T10:17:05.863000+00:00,11348,12,1292,0.716,2.967
2026-08-22T10:17:06.145000+00:00,11348,16,1292,0.532,2.22
2026-08-22T10:17:06.246000+00:00,11348,1,1292,1.693,1.693
2026-08-22T10:17:06.257000+00:00,11348,77,1292,2.52,40.401
2026-08-22T10:17:06.848000+00:00,11348,87,1292,1.284,30.561
2026-08-22T10:17:06.959000+00:00,11348,16,1292,0.506,2.199
2026-08-22T10:17:07.017000+00:00,11348,5,1292,1.125,22.667
2026-08-22T10:17:07.017000+00:00,11348,81,1292,3.144,6.157
2026-08-22T10:17:07.017000+00:00,11348,12,1292,0.712,2.932
2026-08-22T10:17:07.152000+00:00,11348,55,1292,0.849,41.25
2026-08-22T10:17:07.197000+00:00,11348,23,1292,3.579,34.011
2026-08-22T10:17:07.339000+00:00,11348,44,1292,2.305,9.925
2026-08-22T10:17:07.462000+00:00,11348,12,1292,0.708,2.907
2026-08-22T10:17:07.730000+00:00,11348,18,1292,0.53,34.541
2026-08-22T10:17:07.874000+00:00,11348,43,1292,2.113,26.582
2026-08-22T10:17:07.974000+00:00,11348,41,1292,1.189,23.856
2026-08-22T10:17:08.256000+00:00,11348,3,1292,1.452,7.609
2026-08-22T10:17:08.276000+00:00,11348,14,1292,3.374,37.89
2026-08-22T10:17:08.530000+00:00,11348,1,1292,1.751,1.751
2026-08-22T10:17:08.646000+00:00,11348,30,1292,0.654,24.51
2026-08-22T10:17:08.676000+00:00,11348,22,1292,0.816,27.398
2026-08-22T10:17:08.904000+00:00,11348,16,1292,0.396,2.147
2026-08-22T10:17:09.049000+00:00,11348,81,1292,3.181,6.148
2026-08-22T10:17:09.633000+00:00,11348,12,1292,0.705,2.852
2026-08-22T10:17:10.079000+00:00,11348,81,1292,3.217,6.149
2026-08-22T10:17:10.313000+00:00,11348,23,1292,3.6,34.161
2026-08-22T10:17:10.516000+00:00,11348,1,1292,1.783,1.783
2026-08-22T10:17:10.532000+00:00,11348,3,1292,1.466,7.614
2026-08-22T10:17:10.579000+00:00,11348,44,1292,2.302,9.911
2026-08-22T10:17:10.766000+00:00,11348,81,1292,3.25,6.157
2026-08-22T10:17:10.782000+00:00,11348,31,1292,2.011,29.409
2026-08-22T10:17:10.860000+00:00,11348,43,1292,2.134,26.644
2026-08-22T10:17:10.876000+00:00,11348,10,1292,11.529,21.55
2026-08-22T10:17:10.876000+00:00,11348,77,1292,2.562,40.452
2026-08-22T10:17:10.891000+00:00,11348,18,1292,0.595,34.756
2026-08-22T10:17:10.970000+00:00,11348,16,1292,0.468,2.251
2026-08-22T10:17:11.204000+00:00,11348,14,1292,3.486,38.027
2026-08-22T10:17:11.532000+00:00,11348,3,1292,1.484,7.633
2026-08-22T10:17:11.563000+00:00,11348,22,1292,0.811,27.455
2026-08-22T10:17:11.657000+00:00,11348,12,1292,0.657,2.908
2026-08-22T10:17:11.907000+00:00,11348,55,1292,1.043,41.495
2026-08-22T10:17:11.954000+00:00,11348,5,1292,1.127,22.677
2026-08-22T10:17:12.048000+00:00,11348,87,1292,1.292,30.701
2026-08-22T10:17:12.188000+00:00,11348,3,1292,1.499,7.656
2026-08-22T10:17:12.798000+00:00,11348,44,1292,2.29,9.904
2026-08-22T10:17:12.969000+00:00,11348,81,1292,3.376,6.228
2026-08-22T10:17:13.282000+00:00,11348,41,1292,1.354,24.031
2026-08-22T10:17:13.641000+00:00,11348,31,1292,2.053,29.508
2026-08-22T10:17:13.813000+00:00,11348,44,1292,2.268,9.901
2026-08-22T10:17:13.860000+00:00,11348,77,1292,2.67,40.697
2026-08-22T10:17:13.860000+00:00,11348,30,1292,0.543,24.574
2026-08-22T10:17:14.219000+00:00,11348,14,1292,3.33,38.086
2026-08-22T10:17:14.579000+00:00,11348,44,1292,2.246,9.902
2026-08-22T10:17:14.579000+00:00,11348,3,1292,1.522,7.75
2026-08-22T10:17:14.844000+00:00,11348,10,1292,11.598,21.572
2026-08-22T10:17:14.969000+00:00,11348,87,1292,1.284,30.792
2026-08-22T10:17:14.969000+00:00,11348,81,1292,3.299,6.207
2026-08-22T10:17:14.985000+00:00,11348,55,1292,1.104,41.801
2026-08-22T10:17:15.594000+00:00,11348,23,1292,3.601,34.302
2026-08-22T10:17:15.673000+00:00,11348,1,1292,1.811,1.811
2026-08-22T10:17:15.923000+00:00,11348,5,1292,1.074,22.646
2026-08-22T10:17:16.048000+00:00,11348,43,1292,2.171,26.745
2026-08-22T10:17:16.094000+00:00,11348,18,1292,0.488,34.79
2026-08-22T10:17:16.141000+00:00,11348,16,1292,0.472,2.283
2026-08-22T10:17:16.532000+00:00,11348,3,1292,1.572,7.779
2026-08-22T10:17:16.735000+00:00,11348,44,1292,2.192,9.942
2026-08-22T10:17:16.798000+00:00,11348,12,1292,0.664,2.947
2026-08-22T10:17:16.844000+00:00,11348,22,1292,0.817,27.562
2026-08-22T10:17:16.938000+00:00,11348,77,1292,2.719,40.805
2026-08-22T10:17:17.298000+00:00,11348,41,1292,1.376,24.022
2026-08-22T10:17:17.798000+00:00,11348,30,1292,0.513,24.535
2026-08-22T10:17:18.157000+00:00,11348,55,1292,1.213,42.018
2026-08-22T10:17:18.219000+00:00,11348,1,1292,1.806,1.806
2026-08-22T10:17:18.454000+00:00,11348,23,1292,3.512,34.304
2026-08-22T10:17:18.641000+00:00,11348,44,1292,2.112,9.891
2026-08-22T10:17:18.688000+00:00,11348,16,1292,0.473,2.279
2026-08-22T10:17:18.891000+00:00,11348,31,1292,2.061,29.623
2026-08-22T10:17:19.001000+00:00,11348,18,1292,0.563,34.867
2026-08-22T10:17:19.016000+00:00,11348,10,1292,11.696,21.621
2026-08-22T10:17:19.360000+00:00,11348,12,1292,0.651,2.93
2026-08-22T10:17:19.501000+00:00,11348,14,1292,3.429,38.219
2026-08-22T10:17:20.063000+00:00,11348,43,1292,2.245,26.78
2026-08-22T10:17:20.157000+00:00,11348,81,1292,3.337,6.284
2026-08-22T10:17:20.176000+00:00,11348,87,1292,1.267,30.89
2026-08-22T10:17:20.188000+00:00,11348,5,1292,1.169,22.79
2026-08-22T10:17:20.907000+00:00,11348,22,1292,0.841,27.621
2026-08-22T10:17:21.110000+00:00,11348,1,1292,1.75,1.75
2026-08-22T10:17:21.501000+00:00,11348,41,1292,1.322,24.112
2026-08-22T10:17:21.516000+00:00,11348,3,1292,1.387,7.671
2026-08-22T10:17:21.610000+00:00,11348,16,1292,0.509,2.259
2026-08-22T10:17:22.157000+00:00,11348,30,1292,0.647,24.759
2026-08-22T10:17:22.251000+00:00,11348,77,1292,2.747,40.966
2026-08-22T10:17:22.251000+00:00,11348,12,1292,0.661,2.92
2026-08-22T10:17:22.298000+00:00,11348,10,1292,11.716,21.627
2026-08-22T10:17:22.360000+00:00,11348,14,1292,3.35,38.217
2026-08-22T10:17:22.688000+00:00,11348,81,1292,3.345,6.275
2026-08-22T10:17:22.907000+00:00,11348,31,1292,2.024,29.645
2026-08-22T10:17:23.409000+00:00,11348,55,1292,1.171,42.137
2026-08-22T10:17:23.454000+00:00,11348,5,1292,1.178,22.805
2026-08-22T10:17:23.704000+00:00,11348,23,1292,3.554,34.444
2026-08-22T10:17:23.719000+00:00,11348,44,1292,2.203,9.874
2026-08-22T10:17:24.079000+00:00,11348,3,1292,1.375,7.65
2026-08-22T10:17:24.188000+00:00,11348,87,1292,1.278,30.923
2026-08-22T10:17:24.313000+00:00,11348,43,1292,2.189,26.948
2026-08-22T10:17:24.360000+00:00,11348,18,1292,0.642,35.086
2026-08-22T10:17:24.532000+00:00,11348,10,1292,11.72,21.624
2026-08-22T10:17:24.735000+00:00,11348,41,1292,1.287,24.092
2026-08-22T10:17:25.094000+00:00,11348,1,1292,1.692,1.692
2026-08-22T10:17:25.173000+00:00,11348,77,1292,2.845,41.062
2026-08-22T10:17:25.188000+00:00,11348,22,1292,0.853,27.801
2026-08-22T10:17:25.423000+00:00,11348,30,1292,0.669,24.761
2026-08-22T10:17:25.548000+00:00,11348,10,1292,11.722,21.623
2026-08-22T10:17:25.594000+00:00,11348,81,1292,3.33,6.25
2026-08-22T10:17:25.751000+00:00,11348,5,1292,1.185,22.809
2026-08-22T10:17:25.751000+00:00,11348,16,1292,0.641,2.333
2026-08-22T10:17:26.188000+00:00,11348,10,1292,11.719,21.621
2026-08-22T10:17:26.235000+00:00,11348,55,1292,1.052,42.114
2026-08-22T10:17:26.313000+00:00,11348,44,1292,2.243,9.893
2026-08-22T10:17:26.360000+00:00,11348,12,1292,0.65,2.983
2026-08-22T10:17:26.891000+00:00,11348,5,1292,1.202,22.825
2026-08-22T10:17:27.032000+00:00,11348,41,1292,1.262,24.071
2026-08-22T10:17:27.063000+00:00,11348,3,1292,1.385,7.635
2026-08-22T10:17:27.219000+00:00,11348,31,1292,2.028,29.829
2026-08-22T10:17:27.438000+00:00,11348,5,1292,1.225,22.846
2026-08-22T10:17:27.626000+00:00,11348,14,1292,3.233,38.319
2026-08-22T10:17:27.641000+00:00,11348,43,1292,2.175,26.936
2026-08-22T10:17:27.688000+00:00,11348,30,1292,0.662,24.733
2026-08-22T10:17:27.766000+00:00,11348,23,1292,3.561,34.484
2026-08-22T10:17:27.969000+00:00,11348,41,1292,1.243,24.068
2026-08-22T10:17:28.298000+00:00,11348,18,1292,0.506,34.99
2026-08-22T10:17:28.407000+00:00,11348,10,1292,11.666,21.608
2026-08-22T10:17:28.423000+00:00,11348,87,1292,1.162,30.991
2026-08-22T10:17:28.485000+00:00,11348,22,1292,0.868,27.804
2026-08-22T10:17:28.563000+00:00,11348,1,1292,1.663,1.663
2026-08-22T10:17:28.610000+00:00,11348,41,1292,1.228,24.074
2026-08-22T10:17:28.641000+00:00,11348,30,1292,0.648,24.716
2026-08-22T10:17:29.235000+00:00,11348,16,1292,0.677,2.34
2026-08-22T10:17:29.251000+00:00,11348,30,1292,0.634,24.708
2026-08-22T10:17:29.266000+00:00,11348,44,1292,2.265,9.9
2026-08-22T10:17:29.735000+00:00,11348,5,1292,1.336,22.944
2026-08-22T10:17:29.844000+00:00,11348,43,1292,2.176,26.909
2026-08-22T10:17:29.876000+00:00,11348,81,1292,3.495,6.478
2026-08-22T10:17:29.876000+00:00,11348,12,1292,0.649,2.989
2026-08-22T10:17:30.376000+00:00,11348,10,1292,11.779,21.67
2026-08-22T10:17:30.438000+00:00,11348,77,1292,2.86,41.179
2026-08-22T10:17:30.516000+00:00,11348,31,1292,2.057,29.861
2026-08-22T10:17:30.735000+00:00,11348,22,1292,0.922,27.831
2026-08-22T10:17:30.829000+00:00,11348,43,1292,2.181,26.897
2026-08-22T10:17:30.891000+00:00,11348,41,1292,1.182,24.126
2026-08-22T10:17:31.173000+00:00,11348,3,1292,1.28,7.758
2026-08-22T10:17:31.470000+00:00,11348,43,1292,2.178,26.886
2026-08-22T10:17:31.501000+00:00,11348,30,1292,0.596,24.722
2026-08-22T10:17:31.565000+00:00,11348,55,1292,1.1,42.279
2026-08-22T10:17:31.674000+00:00,11348,87,1292,1.14,31.001
2026-08-22T10:17:31.685000+00:00,11348,14,1292,3.389,38.379
2026-08-22T10:17:31.685000+00:00,11348,1,1292,1.652,1.652
2026-08-22T10:17:31.781000+00:00,11348,5,1292,1.322,22.992
2026-08-22T10:17:31.788000+00:00,11348,22,1292,0.947,27.844
2026-08-22T10:17:32.093000+00:00,11348,23,1292,3.713,34.704
2026-08-22T10:17:32.375000+00:00,11348,16,1292,0.669,2.321
2026-08-22T10:17:32.417000+00:00,11348,22,1292,0.975,27.861
2026-08-22T10:17:32.671000+00:00,11348,18,1292,0.561,35.265
2026-08-22T10:17:32.778000+00:00,11348,31,1292,2.039,29.87
2026-08-22T10:17:32.875000+00:00,11348,1,1292,1.639,1.639
2026-08-22T10:17:32.931000+00:00,11348,41,1292,1.208,24.2
2026-08-22T10:17:32.952000+00:00,11348,12,1292,0.615,2.936
2026-08-22T10:17:33.445000+00:00,11348,44,1292,2.203,9.961
2026-08-22T10:17:33.456000+00:00,11348,81,1292,3.528,6.517
2026-08-22T10:17:33.529000+00:00,11348,16,1292,0.651,2.29
2026-08-22T10:17:33.587000+00:00,11348,30,1292,0.672,24.872
2026-08-22T10:17:33.697000+00:00,11348,43,1292,2.109,26.831
2026-08-22T10:17:33.797000+00:00,11348,31,1292,2.031,29.875
2026-08-22T10:17:33.917000+00:00,11348,87,1292,1.129,30.999
2026-08-22T10:17:34.096000+00:00,11348,12,1292,0.6,2.89
2026-08-22T10:17:34.439000+00:00,11348,31,1292,2.023,29.884
2026-08-22T10:17:34.531000+00:00,11348,77,1292,2.848,41.227
2026-08-22T10:17:34.660000+00:00,11348,3,1292,1.24,7.757
2026-08-22T10:17:34.718000+00:00,11348,22,1292,1.101,27.932
2026-08-22T10:17:34.931000+00:00,11348,87,1292,1.121,30.996
2026-08-22T10:17:35.362000+00:00,11348,23,1292,,34.714
2026-08-22T10:17:35.537000+00:00,11348,87,1292,1.112,
2026-08-22T10:17:35.537000+00:00,11348,43,1292,1.937,26.809
2026-08-22T10:17:35.574000+00:00,11348,10,1292,11.871,21.745
2026-08-22T10:17:35.620000+00:00,11348,55,1292,1.126,42.353
2026-08-22T10:17:35.924000+00:00,11348,14,1292,3.26,38.525
2026-08-22T10:17:35.960000+00:00,11348,18,1292,0.593,35.307
2026-08-22T10:17:36.074000+00:00,11348,1,1292,1.364,1.364
2026-08-22T10:17:36.575000+00:00,11348,81,1292,3.604,6.54
2026-08-22T10:17:36.720000+00:00,11348,31,1292,2.019,29.951
2026-08-22T10:17:36.817000+00:00,11348,16,1292,0.691,2.055
2026-08-22T10:17:36.817000+00:00,11348,22,1292,1.272,28.081
2026-08-22T10:17:36.831000+00:00,11348,5,1292,1.258,23.003
2026-08-22T10:17:36.913000+00:00,11348,44,1292,2.238,9.995
2026-08-22T10:17:37.528000+00:00,11348,12,1292,0.759,2.814
2026-08-22T10:17:37.619000+00:00,11348,23,1292,3.7,34.699
2026-08-22T10:17:37.778000+00:00,11348,81,1292,3.654,6.544
2026-08-22T10:17:37.818000+00:00,11348,87,1292,1.075,31.026
2026-08-22T10:17:37.818000+00:00,11348,3,1292,1.229,7.769
2026-08-22T10:17:38.216000+00:00,11348,41,1292,1.273,24.276
2026-08-22T10:17:38.232000+00:00,11348,10,1292,11.885,21.778
2026-08-22T10:17:38.232000+00:00,11348,18,1292,0.603,35.302
2026-08-22T10:17:38.622000+00:00,11348,23,1292,3.697,34.693
2026-08-22T10:17:38.841000+00:00,11348,31,1292,2.0,30.081
2026-08-22T10:17:38.857000+00:00,11348,30,1292,0.723,24.999
2026-08-22T10:17:38.872000+00:00,11348,77,1292,2.947,41.472
2026-08-22T10:17:38.982000+00:00,11348,3,1292,1.221,7.765
2026-08-22T10:17:39.216000+00:00,11348,14,1292,,38.567
2026-08-22T10:17:39.247000+00:00,11348,23,1292,3.694,34.69
2026-08-22T10:17:39.263000+00:00,11348,18,1292,0.6,35.293
2026-08-22T10:17:39.450000+00:00,11348,5,1292,,23.036
2026-08-22T10:17:39.857000+00:00,11348,18,1292,0.599,35.289
2026-08-22T10:17:39.888000+00:00,11348,87,1292,1.091,31.172
2026-08-22T10:17:39.950000+00:00,11348,1,1292,1.254,1.254
2026-08-22T10:17:40.044000+00:00,11348,44,1292,2.235,10.004
2026-08-22T10:17:40.044000+00:00,11348,55,1292,1.173,42.645
2026-08-22T10:17:40.625000+00:00,11348,16,1292,0.685,1.939
2026-08-22T10:17:40.694000+00:00,11348,43,1292,1.862,26.861
2026-08-22T10:17:40.717000+00:00,11348,41,1292,1.268,24.304
2026-08-22T10:17:41.032000+00:00,11348,81,1292,3.502,6.316
2026-08-22T10:17:41.147000+00:00,11348,10,1292,11.892,21.792
2026-08-22T10:17:41.217000+00:00,11348,44,1292,2.225,9.99
2026-08-22T10:17:41.428000+00:00,11348,30,1292,0.706,25.01
2026-08-22T10:17:41.457000+00:00,11348,23,1292,3.682,34.708
2026-08-22T10:17:41.504000+00:00,11348,12,1292,0.877,2.816
2026-08-22T10:17:41.528000+00:00,11348,14,1292,3.294,38.596
2026-08-22T10:17:41.898000+00:00,11348,22,1292,1.19,28.051
2026-08-22T10:17:42.064000+00:00,11348,18,1292,0.6,35.308
2026-08-22T10:17:42.174000+00:00,11348,77,1292,2.952,41.519
2026-08-22T10:17:42.397000+00:00,11348,3,1292,1.357,7.673
2026-08-22T10:17:42.491000+00:00,11348,5,1292,1.329,23.121
2026-08-22T10:17:42.538000+00:00,11348,14,1292,3.337,38.63
2026-08-22T10:17:43.116000+00:00,11348,1,1292,1.259,1.259
2026-08-22T10:17:43.232000+00:00,11348,14,1292,3.376,38.665
2026-08-22T10:17:43.332000+00:00,11348,43,1292,1.915,26.925
2026-08-22T10:17:43.348000+00:00,11348,55,1292,1.168,42.687
2026-08-22T10:17:43.493000+00:00,11348,23,1292,3.575,34.747
2026-08-22T10:17:43.849000+00:00,11348,41,1292,1.365,24.486
2026-08-22T10:17:43.860000+00:00,11348,16,1292,0.711,1.97
2026-08-22T10:17:44.031000+00:00,11348,31,1292,2.145,30.196
2026-08-22T10:17:44.145000+00:00,11348,18,1292,0.658,35.405
2026-08-22T10:17:44.431000+00:00,11348,44,1292,2.063,9.736
2026-08-22T10:17:44.515000+00:00,11348,77,1292,2.937,41.533
2026-08-22T10:17:44.523000+00:00,11348,30,1292,0.634,25.12
2026-08-22T10:17:44.532000+00:00,11348,22,1292,1.162,28.087
2026-08-22T10:17:44.816000+00:00,11348,12,1292,0.959,2.929
2026-08-22T10:17:44.899000+00:00,11348,81,1292,3.412,6.228
2026-08-22T10:17:45.030000+00:00,11348,87,1292,0.979,31.175
2026-08-22T10:17:45.384000+00:00,11348,10,1292,12.02,21.981
2026-08-22T10:17:45.448000+00:00,11348,77,1292,2.909,41.539
2026-08-22T10:17:45.577000+00:00,11348,14,1292,3.506,38.814
2026-08-22T10:17:45.596000+00:00,11348,55,1292,1.143,42.676
2026-08-22T10:17:46.097000+00:00,11348,77,1292,2.88,41.545
2026-08-22T10:17:46.331000+00:00,11348,3,1292,1.408,7.636
2026-08-22T10:17:46.398000+00:00,11348,43,1292,1.909,27.029
2026-08-22T10:17:46.626000+00:00,11348,55,1292,1.132,42.671
2026-08-22T10:17:46.681000+00:00,11348,31,1292,2.151,30.238
2026-08-22T10:17:46.763000+00:00,11348,5,1292,1.359,23.34
2026-08-22T10:17:47.277000+00:00,11348,55,1292,1.129,42.674
2026-08-22T10:17:47.598000+00:00,11348,22,1292,1.181,28.21
2026-08-22T10:17:47.632000+00:00,11348,1,1292,1.287,1.287
2026-08-22T10:17:47.647000+00:00,11348,14,1292,3.489,38.894
2026-08-22T10:17:47.659000+00:00,11348,87,1292,0.994,31.232
2026-08-22T10:17:48.017000+00:00,11348,41,1292,1.277,24.617
2026-08-22T10:17:48.113000+00:00,11348,81,1292,3.308,6.237
2026-08-22T10:17:48.394000+00:00,11348,77,1292,2.784,41.598
2026-08-22T10:17:48.394000+00:00,11348,44,1292,2.039,9.675
2026-08-22T10:17:48.425000+00:00,11348,16,1292,0.793,2.08
2026-08-22T10:17:48.816000+00:00,11348,30,1292,0.733,25.35
2026-08-22T10:17:48.816000+00:00,11348,23,1292,3.747,34.922
2026-08-22T10:17:48.925000+00:00,11348,10,1292,12.011,22.006
2026-08-22T10:17:49.300000+00:00,11348,18,1292,0.515,35.437
2026-08-22T10:17:49.488000+00:00,11348,12,1292,1.026,3.106
2026-08-22T10:17:49.550000+00:00,11348,3,1292,1.427,7.664
2026-08-22T10:17:49.644000+00:00,11348,55,1292,1.288,42.886
2026-08-22T10:17:49.660000+00:00,11348,31,1292,2.093,30.303
2026-08-22T10:17:50.300000+00:00,11348,5,1292,1.401,23.407
2026-08-22T10:17:50.504000+00:00,11348,1,1292,1.396,1.396
2026-08-22T10:17:50.535000+00:00,11348,77,1292,2.915,41.809
2026-08-22T10:17:50.707000+00:00,11348,87,1292,1.05,31.353
2026-08-22T10:17:50.769000+00:00,11348,43,1292,1.969,27.319
2026-08-22T10:17:51.254000+00:00,11348,16,1292,0.727,2.123
2026-08-22T10:17:51.425000+00:00,11348,23,1292,3.754,34.986
2026-08-22T10:17:51.550000+00:00,11348,41,1292,1.234,24.641
2026-08-22T10:17:51.550000+00:00,11348,44,1292,2.001,9.665
2026-08-22T10:17:51.816000+00:00,11348,22,1292,1.097,28.416
2026-08-22T10:17:51.941000+00:00,11348,18,1292,0.54,35.526
2026-08-22T10:17:52.066000+00:00,11348,10,1292,12.023,22.027
2026-08-22T10:17:52.207000+00:00,11348,12,1292,0.983,
2026-08-22T10:17:52.300000+00:00,11348,30,1292,0.771,25.412
2026-08-22T10:17:52.519000+00:00,11348,55,1292,1.989,43.798
2026-08-22T10:17:52.722000+00:00,11348,14,1292,3.437,38.874
2026-08-22T10:17:52.738000+00:00,11348,81,1292,3.293,6.399
2026-08-22T10:17:53.269000+00:00,11348,10,1292,12.047,22.037
2026-08-22T10:17:53.504000+00:00,11348,5,1292,1.432,23.459
2026-08-22T10:17:53.535000+00:00,11348,1,1292,1.454,1.454
2026-08-22T10:17:53.957000+00:00,11348,31,1292,2.141,30.557
2026-08-22T10:17:54.030000+00:00,11348,3,1292,1.275,7.674
2026-08-22T10:17:54.328000+00:00,11348,16,1292,0.739,2.193
2026-08-22T10:17:54.349000+00:00,11348,43,1292,1.954,27.366
2026-08-22T10:17:54.566000+00:00,11348,23,1292,3.85,35.203
2026-08-22T10:17:54.676000+00:00,11348,41,1292,1.173,24.632
2026-08-22T10:17:54.725000+00:00,11348,5,1292,1.439,23.476
2026-08-22T10:17:54.957000+00:00,11348,87,1292,1.013,31.57
2026-08-22T10:17:55.058000+00:00,11348,18,1292,0.486,35.689
2026-08-22T10:17:55.217000+00:00,11348,12,1292,0.96,3.153
2026-08-22T10:17:55.284000+00:00,11348,14,1292,3.353,38.879
2026-08-22T10:17:55.390000+00:00,11348,22,1292,1.075,28.441
2026-08-22T10:17:55.464000+00:00,11348,30,1292,0.768,25.4
2026-08-22T10:17:55.574000+00:00,11348,81,1292,3.355,6.461
2026-08-22T10:17:55.674000+00:00,11348,77,1292,2.942,41.816
2026-08-22T10:17:55.846000+00:00,11348,41,1292,1.14,24.616
2026-08-22T10:17:56.096000+00:00,11348,44,1292,2.081,9.755
2026-08-22T10:17:56.584000+00:00,11348,30,1292,0.747,25.363
2026-08-22T10:17:56.817000+00:00,11348,10,1292,12.354,22.09
2026-08-22T10:17:56.831000+00:00,11348,3,1292,1.252,7.713
2026-08-22T10:17:57.421000+00:00,11348,43,1292,1.99,27.39
2026-08-22T10:17:57.540000+00:00,11348,31,1292,2.175,30.616
2026-08-22T10:17:58.078000+00:00,11348,5,1292,1.278,23.368
2026-08-22T10:17:58.232000+00:00,11348,14,1292,3.183,38.872
2026-08-22T10:17:58.314000+00:00,11348,77,1292,3.005,41.884
2026-08-22T10:17:58.507000+00:00,11348,22,1292,1.08,28.47
2026-08-22T10:17:58.549000+00:00,11348,87,1292,1.025,31.641
2026-08-22T10:17:58.631000+00:00,11348,43,1292,2.032,27.395
2026-08-22T10:17:58.631000+00:00,11348,1,1292,1.43,1.43
2026-08-22T10:17:58.748000+00:00,11348,81,1292,3.467,6.62
2026-08-22T10:17:58.845000+00:00,11348,55,1292,3.136,44.952
2026-08-22T10:17:58.950000+00:00,11348,23,1292,3.95,35.52
2026-08-22T10:17:58.950000+00:00,11348,44,1292,2.12,9.833
2026-08-22T10:17:59.341000+00:00,11348,18,1292,0.448,35.968
2026-08-22T10:17:59.357000+00:00,11348,41,1292,1.286,24.654
2026-08-22T10:17:59.450000+00:00,11348,16,1292,0.812,2.242
2026-08-22T10:17:59.685000+00:00,11348,22,1292,1.049,28.444
2026-08-22T10:17:59.872000+00:00,11348,3,1292,1.144,7.764
2026-08-22T10:18:00.029000+00:00,11348,30,1292,0.665,25.319
2026-08-22T10:18:00.372000+00:00,11348,12,1292,0.913,3.155
2026-08-22T10:18:00.685000+00:00,11348,31,1292,2.182,30.652
2026-08-22T10:18:00.763000+00:00,11348,10,1292,12.409,22.084
2026-08-22T10:18:01.435000+00:00,11348,77,1292,3.215,42.087
2026-08-22T10:18:01.497000+00:00,11348,1,1292,1.465,1.465
2026-08-22T10:18:01.732000+00:00,11348,87,1292,1.021,31.673
2026-08-22T10:18:01.888000+00:00,11348,31,1292,2.212,30.656
2026-08-22T10:18:01.904000+00:00,11348,44,1292,2.065,9.829
2026-08-22T10:18:02.031000+00:00,11348,43,1292,1.991,27.31
2026-08-22T10:18:02.045000+00:00,11348,5,1292,1.271,23.355
2026-08-22T10:18:02.111000+00:00,11348,55,1292,3.784,45.668
2026-08-22T10:18:02.246000+00:00,11348,16,1292,0.753,2.218
2026-08-22T10:18:02.477000+00:00,11348,23,1292,3.939,35.58
2026-08-22T10:18:02.499000+00:00,11348,14,1292,3.133,39.101
2026-08-22T10:18:02.887000+00:00,11348,87,1292,1.014,31.67
2026-08-22T10:18:02.983000+00:00,11348,18,1292,0.481,36.061
2026-08-22T10:18:03.046000+00:00,11348,22,1292,1.045,28.355
2026-08-22T10:18:03.186000+00:00,11348,12,1292,0.926,3.144
2026-08-22T10:18:03.412000+00:00,11348,41,1292,1.379,24.734
2026-08-22T10:18:03.892000+00:00,11348,81,1292,3.511,6.666
2026-08-22T10:18:03.978000+00:00,11348,30,1292,0.572,25.306
2026-08-22T10:18:04.114000+00:00,11348,10,1292,12.583,22.248
2026-08-22T10:18:05.015000+00:00,11348,3,1292,1.133,7.799
2026-08-22T10:18:05.280000+00:00,11348,31,1292,2.188,30.543
2026-08-22T10:18:05.390000+00:00,11348,5,1292,1.272,23.52
2026-08-22T10:18:05.437000+00:00,11348,55,1292,4.009,46.096
2026-08-22T10:18:05.624000+00:00,11348,23,1292,3.909,35.582
2026-08-22T10:18:05.827000+00:00,11348,77,1292,3.341,42.442
2026-08-22T10:18:06.034000+00:00,11348,43,1292,2.031,27.337
2026-08-22T10:18:06.075000+00:00,11348,14,1292,3.115,39.176
2026-08-22T10:18:06.132000+00:00,11348,18,1292,0.536,36.118
2026-08-22T10:18:06.253000+00:00,11348,87,1292,1.008,31.551
2026-08-22T10:18:06.831000+00:00,11348,41,1292,1.31,24.83
2026-08-22T10:18:06.832000+00:00,11348,1,1292,1.459,1.459
2026-08-22T10:18:06.832000+00:00,11348,81,1292,3.558,6.702
2026-08-22T10:18:06.847000+00:00,11348,23,1292,3.907,35.577
2026-08-22T10:18:07.075000+00:00,11348,22,1292,1.057,28.394
2026-08-22T10:18:07.196000+00:00,11348,44,1292,2.136,9.935
2026-08-22T10:18:07.374000+00:00,11348,30,1292,0.634,25.464
2026-08-22T10:18:07.374000+00:00,11348,18,1292,0.554,36.131
2026-08-22T10:18:07.426000+00:00,11348,16,1292,0.685,2.144
2026-08-22T10:18:07.724000+00:00,11348,3,1292,0.994,7.696
2026-08-22T10:18:08.318000+00:00,11348,12,1292,0.918,3.062
2026-08-22T10:18:08.731000+00:00,11348,10,1292,12.627,22.382
2026-08-22T10:18:09.318000+00:00,11348,31,1292,,30.582
2026-08-22T10:18:09.333000+00:00,11348,14,1292,3.135,39.253
2026-08-22T10:18:09.421000+00:00,11348,43,1292,2.08,27.544
2026-08-22T10:18:09.474000+00:00,11348,77,1292,3.397,42.573
2026-08-22T10:18:09.933000+00:00,11348,44,1292,2.208,9.904
2026-08-22T10:18:09.992000+00:00,11348,5,1292,1.262,23.644
2026-08-22T10:18:10.155000+00:00,11348,55,1292,4.335,46.777
2026-08-22T10:18:10.265000+00:00,11348,87,1292,1.016,31.598
2026-08-22T10:18:10.343000+00:00,11348,23,1292,4.052,35.603
2026-08-22T10:18:10.405000+00:00,11348,22,1292,0.988,28.532
2026-08-22T10:18:10.515000+00:00,11348,14,1292,3.151,39.282
2026-08-22T10:18:10.687000+00:00,11348,1,1292,1.429,1.429
2026-08-22T10:18:10.827000+00:00,11348,18,1292,0.486,36.089
2026-08-22T10:18:11.374000+00:00,11348,16,1292,,2.114
2026-08-22T10:18:11.452000+00:00,11348,41,1292,1.432,25.076
2026-08-22T10:18:11.671000+00:00,11348,10,1292,12.741,22.574
2026-08-22T10:18:12.030000+00:00,11348,81,1292,3.712,6.774
2026-08-22T10:18:12.077000+00:00,11348,30,1292,0.663,25.739
2026-08-22T10:18:12.249000+00:00,11348,12,1292,0.902,3.016
2026-08-22T10:18:12.624000+00:00,11348,31,1292,2.224,30.756
2026-08-22T10:18:12.734000+00:00,11348,77,1292,3.365,42.618
2026-08-22T10:18:12.812000+00:00,11348,3,1292,0.81,7.584
2026-08-22T10:18:12.921000+00:00,11348,5,1292,1.23,23.804
2026-08-22T10:18:13.624000+00:00,11348,87,1292,1.005,31.761
2026-08-22T10:18:13.843000+00:00,11348,77,1292,3.34,42.622
2026-08-22T10:18:13.937000+00:00,11348,14,1292,3.128,39.217
2026-08-22T10:18:14.140000+00:00,11348,55,1292,4.671,47.244
2026-08-22T10:18:14.171000+00:00,11348,43,1292,2.077,27.816
2026-08-22T10:18:14.249000+00:00,11348,41,1292,1.349,25.153
2026-08-22T10:18:14.459000+00:00,11348,23,1292,4.181,35.779
2026-08-22T10:18:14.671000+00:00,11348,10,1292,12.758,22.587
2026-08-22T10:18:14.833000+00:00,11348,1,1292,1.447,1.447
2026-08-22T10:18:14.907000+00:00,11348,30,1292,0.635,25.788
2026-08-22T10:18:14.918000+00:00,11348,18,1292,0.445,36.224
2026-08-22T10:18:15.002000+00:00,11348,44,1292,2.169,9.753
2026-08-22T10:18:15.097000+00:00,11348,22,1292,0.946,28.762
2026-08-22T10:18:15.518000+00:00,11348,16,1292,0.644,2.091
2026-08-22T10:18:15.988000+00:00,11348,81,1292,3.713,6.729
2026-08-22T10:18:16.003000+00:00,11348,5,1292,1.316,23.903
2026-08-22T10:18:16.364000+00:00,11348,12,1292,0.885,2.976
2026-08-22T10:18:16.796000+00:00,11348,3,1292,0.837,7.566
2026-08-22T10:18:17.117000+00:00,11348,43,1292,2.212,28.0
2026-08-22T10:18:17.317000+00:00,11348,55,1292,4.679,47.297
2026-08-22T10:18:17.371000+00:00,11348,31,1292,2.253,31.015
2026-08-22T10:18:17.454000+00:00,11348,77,1292,3.492,42.709
2026-08-22T10:18:17.475000+00:00,11348,41,1292,1.453,25.356
2026-08-22T10:18:17.846000+00:00,11348,23,1292,4.238,35.999
2026-08-22T10:18:17.874000+00:00,11348,14,1292,2.934,39.158
2026-08-22T10:18:18.028000+00:00,11348,22,1292,0.904,28.904
2026-08-22T10:18:18.053000+00:00,11348,30,1292,0.619,25.975
2026-08-22T10:18:18.118000+00:00,11348,1,1292,1.441,1.441
2026-08-22T10:18:18.319000+00:00,11348,18,1292,0.457,36.456
2026-08-22T10:18:18.431000+00:00,11348,87,1292,1.076,32.091
2026-08-22T10:18:18.574000+00:00,11348,55,1292,4.721,47.343
2026-08-22T10:18:18.730000+00:00,11348,16,1292,0.607,2.048
2026-08-22T10:18:19.047000+00:00,11348,44,1292,2.224,9.79
2026-08-22T10:18:19.617000+00:00,11348,12,1292,0.884,2.932
2026-08-22T10:18:19.850000+00:00,11348,10,1292,12.688,22.623
2026-08-22T10:18:20.228000+00:00,11348,81,1292,3.838,6.814
2026-08-22T10:18:20.249000+00:00,11348,43,1292,2.162,28.137
2026-08-22T10:18:20.318000+00:00,11348,31,1292,2.302,31.206
2026-08-22T10:18:20.376000+00:00,11348,1,1292,1.437,1.437
2026-08-22T10:18:20.574000+00:00,11348,63,1292,0.0,0.0
2026-08-22T10:18:20.946000+00:00,11348,16,1292,0.572,2.009
2026-08-22T10:18:21.029000+00:00,11348,3,1292,0.817,7.631
2026-08-22T10:18:21.163000+00:00,11348,14,1292,2.841,39.297
2026-08-22T10:18:21.217000+00:00,11348,22,1292,0.999,29.136
2026-08-22T10:18:21.277000+00:00,11348,5,1292,1.442,24.065
2026-08-22T10:18:21.468000+00:00,11348,87,1292,1.141,32.347
2026-08-22T10:18:21.553000+00:00,11348,77,1292,3.696,42.854
2026-08-22T10:18:21.818000+00:00,11348,12,1292,0.877,2.886
2026-08-22T10:18:21.921000+00:00,11348,16,1292,0.541,1.978
2026-08-22T10:18:22.031000+00:00,11348,1,1292,1.44,1.44
2026-08-22T10:18:22.264000+00:00,11348,55,1292,4.851,47.56
2026-08-22T10:18:22.517000+00:00,11348,16,1292,0.512,1.952
2026-08-22T10:18:22.597000+00:00,11348,41,1292,1.327,25.392
2026-08-22T10:18:22.669000+00:00,11348,23,1292,4.21,36.301
2026-08-22T10:18:22.718000+00:00,11348,10,1292,12.787,22.691
2026-08-22T10:18:22.797000+00:00,11348,12,1292,,2.855
2026-08-22T10:18:23.062000+00:00,11348,18,1292,0.423,36.724
2026-08-22T10:18:23.197000+00:00,11348,30,1292,0.577,25.969
2026-08-22T10:18:23.197000+00:00,11348,44,1292,2.173,9.804
2026-08-22T10:18:23.432000+00:00,11348,12,1292,0.88,2.832
2026-08-22T10:18:23.432000+00:00,11348,31,1292,2.204,31.34
2026-08-22T10:18:23.514000+00:00,11348,81,1292,3.889,6.821
2026-08-22T10:18:24.158000+00:00,11348,5,1292,1.416,24.107
2026-08-22T10:18:24.297000+00:00,11348,1,1292,1.449,1.449
2026-08-22T10:18:24.317000+00:00,11348,3,1292,0.813,7.634
2026-08-22T10:18:24.563000+00:00,11348,87,1292,1.155,32.495
2026-08-22T10:18:24.699000+00:00,11348,16,1292,0.389,1.838
2026-08-22T10:18:24.912000+00:00,11348,77,1292,3.737,43.034
2026-08-22T10:18:25.516000+00:00,11348,43,1292,2.295,28.264
2026-08-22T10:18:25.519000+00:00,11348,41,1292,1.372,25.479
2026-08-22T10:18:25.596000+00:00,11348,12,1292,0.9,2.738
2026-08-22T10:18:25.596000+00:00,11348,23,1292,4.139,36.486
2026-08-22T10:18:25.783000+00:00,11348,81,1292,3.932,6.818
2026-08-22T10:18:25.817000+00:00,11348,14,1292,2.74,39.464
2026-08-22T10:18:25.938000+00:00,11348,18,1292,0.322,36.808
2026-08-22T10:18:26.118000+00:00,11348,30,1292,0.607,26.086
2026-08-22T10:18:26.231000+00:00,11348,1,1292,1.385,1.385
2026-08-22T10:18:26.431000+00:00,11348,22,1292,0.942,29.206
2026-08-22T10:18:26.474000+00:00,11348,44,1292,2.164,9.798
2026-08-22T10:18:26.517000+00:00,11348,55,1292,4.994,47.848
2026-08-22T10:18:26.690000+00:00,11348,3,1292,0.807,7.625
2026-08-22T10:18:26.785000+00:00,11348,16,1292,0.446,1.831
2026-08-22T10:18:26.803000+00:00,11348,81,1292,3.968,6.823
2026-08-22T10:18:27.424000+00:00,11348,81,1292,3.998,6.83
2026-08-22T10:18:27.551000+00:00,11348,12,1292,0.878,2.709
2026-08-22T10:18:27.561000+00:00,11348,3,1292,0.804,7.627
2026-08-22T10:18:27.860000+00:00,11348,10,1292,12.847,22.6
2026-08-22T10:18:28.196000+00:00,11348,3,1292,0.805,7.635
2026-08-22T10:18:28.331000+00:00,11348,43,1292,2.2,28.286
2026-08-22T10:18:28.698000+00:00,11348,14,1292,2.769,39.577
2026-08-22T10:18:28.734000+00:00,11348,31,1292,2.315,31.521
2026-08-22T10:18:28.734000+00:00,11348,44,1292,2.168,9.793
2026-08-22T10:18:28.749000+00:00,11348,23,1292,4.172,36.667
2026-08-22T10:18:29.248000+00:00,11348,18,1292,0.494,37.161
2026-08-22T10:18:29.257000+00:00,11348,22,1292,0.952,29.238
2026-08-22T10:18:29.374000+00:00,11348,5,1292,1.517,24.117
2026-08-22T10:18:29.600000+00:00,11348,77,1292,3.789,43.253
2026-08-22T10:18:29.726000+00:00,11348,81,1292,4.115,6.853
2026-08-22T10:18:29.750000+00:00,11348,44,1292,2.163,9.79
2026-08-22T10:18:29.870000+00:00,11348,87,1292,1.078,32.599
2026-08-22T10:18:29.974000+00:00,11348,55,1292,5.08,48.114
2026-08-22T10:18:30.336000+00:00,11348,44,1292,2.151,9.786
2026-08-22T10:18:30.480000+00:00,11348,3,1292,0.786,7.639
2026-08-22T10:18:30.783000+00:00,11348,41,1292,1.427,25.544
2026-08-22T10:18:31.417000+00:00,11348,1,1292,1.465,1.465
2026-08-22T10:18:31.428000+00:00,11348,30,1292,0.614,26.158
2026-08-22T10:18:31.696000+00:00,11348,31,1292,2.404,31.642
2026-08-22T10:18:31.748000+00:00,11348,81,1292,4.164,6.873
2026-08-22T10:18:31.770000+00:00,11348,14,1292,2.505,39.666
2026-08-22T10:18:31.848000+00:00,11348,16,1292,0.42,1.885
2026-08-22T10:18:31.861000+00:00,11348,10,1292,12.82,22.61
2026-08-22T10:18:32.555000+00:00,11348,3,1292,0.822,7.695
2026-08-22T10:18:32.629000+00:00,11348,44,1292,2.115,9.754
2026-08-22T10:18:32.630000+00:00,11348,77,1292,3.913,43.49
2026-08-22T10:18:32.726000+00:00,11348,12,1292,0.864,2.749
2026-08-22T10:18:32.735000+00:00,11348,87,1292,1.056,32.698
2026-08-22T10:18:33.346000+00:00,11348,5,1292,1.49,24.1
2026-08-22T10:18:33.578000+00:00,11348,43,1292,2.152,28.31
2026-08-22T10:18:33.999000+00:00,11348,1,1292,1.47,1.47
2026-08-22T10:18:34.034000+00:00,11348,23,1292,4.213,36.812
2026-08-22T10:18:34.397000+00:00,11348,18,1292,0.373,37.185
2026-08-22T10:18:34.446000+00:00,11348,22,1292,0.893,29.203
2026-08-22T10:18:34.463000+00:00,11348,16,1292,0.447,1.917
2026-08-22T10:18:34.477000+00:00,11348,44,1292,1.945,9.64
2026-08-22T10:18:34.734000+00:00,11348,55,1292,5.128,48.381
2026-08-22T10:18:34.789000+00:00,11348,41,1292,1.434,25.534
2026-08-22T10:18:35.274000+00:00,11348,12,1292,0.818,2.735
2026-08-22T10:18:35.371000+00:00,11348,30,1292,0.589,26.123
2026-08-22T10:18:35.782000+00:00,11348,77,1292,4.043,43.709
2026-08-22T10:18:36.097000+00:00,11348,10,1292,12.884,22.688
2026-08-22T10:18:36.842000+00:00,11348,81,1292,4.138,6.887
2026-08-22T10:18:36.873000+00:00,11348,31,1292,2.407,31.61
2026-08-22T10:18:36.888000+00:00,11348,23,1292,4.18,36.878
2026-08-22T10:18:36.951000+00:00,11348,1,1292,1.425,1.425
2026-08-22T10:18:37.029000+00:00,11348,14,1292,2.608,39.793
2026-08-22T10:18:37.294000+00:00,11348,18,1292,0.383,37.261
2026-08-22T10:18:37.404000+00:00,11348,16,1292,0.473,1.898
2026-08-22T10:18:37.576000+00:00,11348,3,1292,0.74,7.627
2026-08-22T10:18:37.591000+00:00,11348,43,1292,2.225,28.348
2026-08-22T10:18:37.607000+00:00,11348,5,1292,1.534,24.222
2026-08-22T10:18:37.888000+00:00,11348,55,1292,5.3,48.79
2026-08-22T10:18:37.998000+00:00,11348,87,1292,1.14,32.75
2026-08-22T10:18:38.154000+00:00,11348,12,1292,0.753,2.651
2026-08-22T10:18:38.451000+00:00,11348,22,1292,0.851,29.199
2026-08-22T10:18:39.013000+00:00,11348,41,1292,1.384,25.606
2026-08-22T10:18:39.373000+00:00,11348,10,1292,12.903,22.701
2026-08-22T10:18:39.451000+00:00,11348,81,1292,4.183,6.918
2026-08-22T10:18:39.576000+00:00,11348,44,1292,1.978,9.605
2026-08-22T10:18:39.654000+00:00,11348,30,1292,0.659,26.265
2026-08-22T10:18:39.889000+00:00,11348,14,1292,2.591,39.852
2026-08-22T10:18:40.154000+00:00,11348,3,1292,0.709,
2026-08-22T10:18:40.873000+00:00,11348,31,1292,2.42,31.619
2026-08-22T10:18:40.888000+00:00,11348,5,1292,1.524,24.225
2026-08-22T10:18:41.016000+00:00,11348,55,1292,5.216,48.925
2026-08-22T10:18:41.029000+00:00,11348,1,1292,1.478,1.478
2026-08-22T10:18:41.044000+00:00,11348,77,1292,,43.836
2026-08-22T10:18:41.560000+00:00,11348,16,1292,0.55,2.028
2026-08-22T10:18:41.638000+00:00,11348,10,1292,12.907,22.7
2026-08-22T10:18:41.841000+00:00,11348,43,1292,2.2,28.465
2026-08-22T10:18:42.029000+00:00,11348,87,1292,1.154,32.773
2026-08-22T10:18:42.138000+00:00,11348,44,1292,1.987,9.614
2026-08-22T10:18:42.185000+00:00,11348,23,1292,4.191,36.941
2026-08-22T10:18:42.248000+00:00,11348,12,1292,0.68,2.708
2026-08-22T10:18:42.263000+00:00,11348,41,1292,1.354,25.579
2026-08-22T10:18:42.404000+00:00,11348,81,1292,4.251,6.902
2026-08-22T10:18:42.654000+00:00,11348,10,1292,12.908,22.698
2026-08-22T10:18:42.716000+00:00,11348,22,1292,0.85,29.315
2026-08-22T10:18:42.826000+00:00,11348,18,1292,0.66,37.601
2026-08-22T10:18:42.919000+00:00,11348,30,1292,0.672,26.251
2026-08-22T10:18:43.107000+00:00,11348,3,1292,0.705,7.607
2026-08-22T10:18:43.154000+00:00,11348,5,1292,1.52,24.22
2026-08-22T10:18:43.263000+00:00,11348,10,1292,12.906,22.692
2026-08-22T10:18:43.982000+00:00,11348,77,1292,4.109,43.961
2026-08-22T10:18:44.185000+00:00,11348,5,1292,1.532,24.23
2026-08-22T10:18:44.498000+00:00,11348,41,1292,1.337,25.557
2026-08-22T10:18:44.498000+00:00,11348,1,1292,1.447,1.447
2026-08-22T10:18:44.810000+00:00,11348,5,1292,1.553,24.245
2026-08-22T10:18:45.060000+00:00,11348,44,1292,1.953,9.56
2026-08-22T10:18:45.091000+00:00,11348,14,1292,2.237,39.838
2026-08-22T10:18:45.107000+00:00,11348,16,1292,0.595,2.042
2026-08-22T10:18:45.123000+00:00,11348,31,1292,2.406,31.721
2026-08-22T10:18:45.138000+00:00,11348,43,1292,2.199,28.45
2026-08-22T10:18:45.154000+00:00,11348,30,1292,0.661,26.218
2026-08-22T10:18:45.486000+00:00,11348,10,1292,12.859,22.613
2026-08-22T10:18:45.496000+00:00,11348,41,1292,1.324,25.554
2026-08-22T10:18:45.747000+00:00,11348,12,1292,0.654,2.696
2026-08-22T10:18:45.997000+00:00,11348,22,1292,0.848,29.298
2026-08-22T10:18:46.131000+00:00,11348,41,1292,1.311,25.556
2026-08-22T10:18:46.148000+00:00,11348,30,1292,0.651,26.205
2026-08-22T10:18:46.233000+00:00,11348,87,1292,1.103,32.824
2026-08-22T10:18:46.235000+00:00,11348,23,1292,4.202,36.975
2026-08-22T10:18:46.331000+00:00,11348,55,1292,5.279,49.115
2026-08-22T10:18:46.512000+00:00,11348,81,1292,4.259,6.967
2026-08-22T10:18:46.781000+00:00,11348,30,1292,0.642,26.198
2026-08-22T10:18:46.933000+00:00,11348,18,1292,0.69,37.665
2026-08-22T10:18:47.178000+00:00,11348,5,1292,1.667,24.28
2026-08-22T10:18:47.300000+00:00,11348,3,1292,0.766,7.733
2026-08-22T10:18:47.392000+00:00,11348,43,1292,,28.417
2026-08-22T10:18:47.501000+00:00,11348,10,1292,13.001,22.641
2026-08-22T10:18:47.648000+00:00,11348,1,1292,1.473,1.473
2026-08-22T10:18:48.228000+00:00,11348,16,1292,0.569,
2026-08-22T10:18:48.231000+00:00,11348,22,1292,0.888,29.305
2026-08-22T10:18:48.347000+00:00,11348,43,1292,2.198,28.403
2026-08-22T10:18:48.432000+00:00,11348,41,1292,1.266,25.546
2026-08-22T10:18:48.432000+00:00,11348,31,1292,2.446,31.744
2026-08-22T10:18:48.839000+00:00,11348,12,1292,0.618,2.66
2026-08-22T10:18:48.846000+00:00,11348,1,1292,1.49,1.49
2026-08-22T10:18:49.032000+00:00,11348,43,1292,2.189,28.387
2026-08-22T10:18:49.084000+00:00,11348,30,1292,0.611,26.157
2026-08-22T10:18:49.228000+00:00,11348,5,1292,1.65,24.291
2026-08-22T10:18:49.236000+00:00,11348,14,1292,2.232,39.897
2026-08-22T10:18:49.236000+00:00,11348,44,1292,1.893,9.626
2026-08-22T10:18:49.236000+00:00,11348,77,1292,4.078,43.916
2026-08-22T10:18:49.298000+00:00,11348,22,1292,0.901,29.304
2026-08-22T10:18:49.316000+00:00,11348,55,1292,5.287,49.248
2026-08-22T10:18:49.364000+00:00,11348,16,1292,0.534,2.024
2026-08-22T10:18:49.531000+00:00,11348,87,1292,1.095,32.839
2026-08-22T10:18:49.863000+00:00,11348,22,1292,0.911,29.298
2026-08-22T10:18:49.976000+00:00,11348,12,1292,0.604,2.628
2026-08-22T10:18:50.031000+00:00,11348,81,1292,4.27,6.966
2026-08-22T10:18:50.400000+00:00,11348,41,1292,1.254,25.545
2026-08-22T10:18:50.602000+00:00,11348,23,1292,4.373,37.197
2026-08-22T10:18:50.703000+00:00,11348,31,1292,2.447,31.752
2026-08-22T10:18:50.775000+00:00,11348,3,1292,0.735,7.701
2026-08-22T10:18:51.057000+00:00,11348,30,1292,0.639,26.184
2026-08-22T10:18:51.128000+00:00,11348,43,1292,2.121,28.278
2026-08-22T10:18:51.297000+00:00,11348,18,1292,0.683,37.88
2026-08-22T10:18:51.706000+00:00,11348,31,1292,2.451,31.755
2026-08-22T10:18:51.769000+00:00,11348,87,1292,1.077,32.829
2026-08-22T10:18:52.072000+00:00,11348,1,1292,1.318,1.318
2026-08-22T10:18:52.118000+00:00,11348,22,1292,0.986,29.264
2026-08-22T10:18:52.331000+00:00,11348,31,1292,2.458,31.756
2026-08-22T10:18:52.634000+00:00,11348,16,1292,0.579,1.897
2026-08-22T10:18:52.683000+00:00,11348,10,1292,13.121,22.726
2026-08-22T10:18:52.707000+00:00,11348,44,1292,1.947,9.648
2026-08-22T10:18:52.771000+00:00,11348,87,1292,1.067,32.822
2026-08-22T10:18:53.114000+00:00,11348,43,1292,2.076,28.26
2026-08-22T10:18:53.197000+00:00,11348,81,1292,4.359,7.019
2026-08-22T10:18:53.218000+00:00,11348,77,1292,4.064,43.961
2026-08-22T10:18:53.346000+00:00,11348,12,1292,0.71,2.607
2026-08-22T10:18:53.419000+00:00,11348,87,1292,1.061,32.817
2026-08-22T10:18:53.428000+00:00,11348,14,1292,2.135,40.015
2026-08-22T10:18:53.892000+00:00,11348,3,1292,0.695,7.714
2026-08-22T10:18:53.897000+00:00,11348,23,1292,,37.212
2026-08-22T10:18:54.098000+00:00,11348,22,1292,1.014,29.274
2026-08-22T10:18:54.316000+00:00,11348,5,1292,1.599,24.325
2026-08-22T10:18:54.416000+00:00,11348,81,1292,4.423,7.051
2026-08-22T10:18:54.517000+00:00,11348,55,1292,5.323,49.239
2026-08-22T10:18:54.583000+00:00,11348,18,1292,0.701,37.913
2026-08-22T10:18:54.648000+00:00,11348,31,1292,2.501,31.765
2026-08-22T10:18:55.049000+00:00,11348,3,1292,0.668,7.719
2026-08-22T10:18:55.270000+00:00,11348,10,1292,13.136,22.75
2026-08-22T10:18:55.572000+00:00,11348,41,1292,1.296,25.621
2026-08-22T10:18:55.660000+00:00,11348,87,1292,1.029,32.794
2026-08-22T10:18:55.858000+00:00,11348,44,1292,1.964,9.678
2026-08-22T10:18:55.919000+00:00,11348,1,1292,1.242,1.242
2026-08-22T10:18:56.132000+00:00,11348,23,1292,4.371,37.2
2026-08-22T10:18:56.277000+00:00,11348,30,1292,0.699,26.32
2026-08-22T10:18:56.498000+00:00,11348,16,1292,0.585,1.827
2026-08-22T10:18:56.709000+00:00,11348,31,1292,2.564,31.838
2026-08-22T10:18:56.737000+00:00,11348,14,1292,2.126,40.039
2026-08-22T10:18:56.827000+00:00,11348,18,1292,0.708,37.908
2026-08-22T10:18:56.864000+00:00,11348,5,1292,1.591,24.341
2026-08-22T10:18:57.012000+00:00,11348,44,1292,1.962,9.681
2026-08-22T10:18:57.136000+00:00,11348,23,1292,4.372,37.194
2026-08-22T10:18:57.337000+00:00,11348,12,1292,0.843,2.67
2026-08-22T10:18:57.556000+00:00,11348,77,1292,4.207,44.222
2026-08-22T10:18:57.681000+00:00,11348,81,1292,4.331,6.938
2026-08-22T10:18:57.715000+00:00,11348,87,1292,1.028,32.866
2026-08-22T10:18:57.743000+00:00,11348,23,1292,4.369,37.186
2026-08-22T10:18:57.837000+00:00,11348,18,1292,0.702,37.896
2026-08-22T10:18:58.134000+00:00,11348,41,1292,1.293,25.634
2026-08-22T10:18:58.322000+00:00,11348,10,1292,13.197,22.757
2026-08-22T10:18:58.322000+00:00,11348,43,1292,2.049,28.369
2026-08-22T10:18:58.587000+00:00,11348,18,1292,0.699,37.885
2026-08-22T10:18:58.634000+00:00,11348,3,1292,0.814,7.752
2026-08-22T10:18:58.634000+00:00,11348,55,1292,5.353,49.314
2026-08-22T10:18:58.837000+00:00,11348,30,1292,0.677,26.311
2026-08-22T10:18:58.993000+00:00,11348,14,1292,2.155,40.063
2026-08-22T10:18:59.118000+00:00,11348,1,1292,1.185,1.185
2026-08-22T10:18:59.243000+00:00,11348,22,1292,0.932,29.301
2026-08-22T10:18:59.790000+00:00,11348,16,1292,0.661,1.846
2026-08-22T10:18:59.931000+00:00,11348,5,1292,1.671,24.428
2026-08-22T10:18:59.993000+00:00,11348,23,1292,4.35,37.144
2026-08-22T10:19:00.025000+00:00,11348,14,1292,2.188,40.084
2026-08-22T10:19:00.275000+00:00,11348,44,1292,1.793,9.545
2026-08-22T10:19:00.634000+00:00,11348,12,1292,0.832,2.678
2026-08-22T10:19:00.681000+00:00,11348,14,1292,2.22,40.105
2026-08-22T10:19:00.712000+00:00,11348,18,1292,0.691,37.835
2026-08-22T10:19:00.962000+00:00,11348,77,1292,4.245,44.284
2026-08-22T10:19:00.978000+00:00,11348,43,1292,2.145,28.456
2026-08-22T10:19:01.243000+00:00,11348,41,1292,1.307,25.735
2026-08-22T10:19:01.540000+00:00,11348,81,1292,4.204,6.874
2026-08-22T10:19:01.900000+00:00,11348,31,1292,2.58,31.881
2026-08-22T10:19:01.900000+00:00,11348,22,1292,0.876,29.332
2026-08-22T10:19:01.915000+00:00,11348,30,1292,0.645,26.38
2026-08-22T10:19:02.056000+00:00,11348,23,1292,4.333,37.199
2026-08-22T10:19:02.431000+00:00,11348,3,1292,0.891,7.765
2026-08-22T10:19:02.634000+00:00,11348,10,1292,13.482,23.108
2026-08-22T10:19:02.728000+00:00,11348,18,1292,0.689,37.888
2026-08-22T10:19:02.853000+00:00,11348,87,1292,0.996,32.877
2026-08-22T10:19:02.931000+00:00,11348,55,1292,5.318,49.54
2026-08-22T10:19:03.009000+00:00,11348,14,1292,2.33,40.165
2026-08-22T10:19:03.228000+00:00,11348,77,1292,4.244,44.307
2026-08-22T10:19:03.666000+00:00,11348,1,1292,1.234,1.234
2026-08-22T10:19:04.092000+00:00,11348,43,1292,2.187,28.567
2026-08-22T10:19:04.147000+00:00,11348,44,1292,1.691,9.456
2026-08-22T10:19:04.231000+00:00,11348,5,1292,1.596,24.704
2026-08-22T10:19:04.258000+00:00,11348,77,1292,4.235,44.319
2026-08-22T10:19:04.374000+00:00,11348,16,1292,0.696,1.93
2026-08-22T10:19:04.434000+00:00,11348,31,1292,2.582,31.914
2026-08-22T10:19:04.691000+00:00,11348,81,1292,4.113,6.791
2026-08-22T10:19:04.897000+00:00,11348,77,1292,4.223,44.328
2026-08-22T10:19:05.048000+00:00,11348,22,1292,0.968,29.535
2026-08-22T10:19:05.074000+00:00,11348,14,1292,2.337,40.225
2026-08-22T10:19:05.278000+00:00,11348,12,1292,0.912,2.842
2026-08-22T10:19:05.464000+00:00,11348,41,1292,1.226,25.93
2026-08-22T10:19:05.480000+00:00,11348,87,1292,1.038,32.952
2026-08-22T10:19:05.703000+00:00,11348,3,1292,0.97,7.761
2026-08-22T10:19:06.175000+00:00,11348,30,1292,0.717,26.647
2026-08-22T10:19:06.231000+00:00,11348,10,1292,13.504,23.152
2026-08-22T10:19:06.247000+00:00,11348,55,1292,5.273,49.557
2026-08-22T10:19:06.597000+00:00,11348,1,1292,1.3,1.3
2026-08-22T10:19:07.218000+00:00,11348,16,1292,0.65,1.95
2026-08-22T10:19:07.232000+00:00,11348,77,1292,4.195,44.36
2026-08-22T10:19:07.355000+00:00,11348,44,1292,1.622,9.383
2026-08-22T10:19:07.456000+00:00,11348,23,1292,4.516,37.393
2026-08-22T10:19:07.474000+00:00,11348,31,1292,2.366,31.901
2026-08-22T10:19:07.818000+00:00,11348,5,1292,1.617,24.769
2026-08-22T10:19:07.933000+00:00,11348,18,1292,0.587,37.98
2026-08-22T10:19:08.118000+00:00,11348,12,1292,0.889,2.839
2026-08-22T10:19:08.424000+00:00,11348,43,1292,2.238,28.885
2026-08-22T10:19:08.497000+00:00,11348,55,1292,5.246,49.553
2026-08-22T10:19:08.549000+00:00,11348,87,1292,1.126,33.027
2026-08-22T10:19:09.031000+00:00,11348,41,1292,1.202,25.971
2026-08-22T10:19:09.348000+00:00,11348,10,1292,13.527,23.205
2026-08-22T10:19:09.364000+00:00,11348,81,1292,4.11,6.952
2026-08-22T10:19:09.418000+00:00,11348,77,1292,4.324,44.549
2026-08-22T10:19:09.432000+00:00,11348,22,1292,0.984,29.869
2026-08-22T10:19:09.514000+00:00,11348,55,1292,5.235,49.554
2026-08-22T10:19:09.600000+00:00,11348,1,1292,1.358,1.358
2026-08-22T10:19:09.747000+00:00,11348,30,1292,0.714,26.685
2026-08-22T10:19:09.997000+00:00,11348,23,1292,4.522,37.474
2026-08-22T10:19:10.198000+00:00,11348,14,1292,2.228,40.208
2026-08-22T10:19:10.218000+00:00,11348,55,1292,5.226,
2026-08-22T10:19:10.298000+00:00,11348,3,1292,0.878,7.83
2026-08-22T10:19:10.349000+00:00,11348,16,1292,0.754,2.112
2026-08-22T10:19:10.569000+00:00,11348,10,1292,13.554,23.235
2026-08-22T10:19:10.597000+00:00,11348,18,1292,0.589,38.063
2026-08-22T10:19:11.076000+00:00,11348,5,1292,1.632,24.837
2026-08-22T10:19:11.176000+00:00,11348,12,1292,0.825,2.937
2026-08-22T10:19:11.677000+00:00,11348,31,1292,2.28,32.149
2026-08-22T10:19:11.867000+00:00,11348,44,1292,1.606,9.436
2026-08-22T10:19:11.975000+00:00,11348,43,1292,2.231,28.916
2026-08-22T10:19:12.164000+00:00,11348,41,1292,1.158,25.995
2026-08-22T10:19:12.214000+00:00,11348,5,1292,1.637,24.872
2026-08-22T10:19:12.235000+00:00,11348,81,1292,4.152,6.991
2026-08-22T10:19:12.414000+00:00,11348,55,1292,5.191,49.551
2026-08-22T10:19:12.756000+00:00,11348,14,1292,2.166,40.229
2026-08-22T10:19:12.787000+00:00,11348,87,1292,1.112,33.261
2026-08-22T10:19:12.834000+00:00,11348,30,1292,0.691,26.686
2026-08-22T10:19:12.959000+00:00,11348,22,1292,0.988,29.904
2026-08-22T10:19:13.084000+00:00,11348,3,1292,0.829,7.82
2026-08-22T10:19:13.099000+00:00,11348,23,1292,4.582,37.609
2026-08-22T10:19:13.334000+00:00,11348,41,1292,1.132,26.004
2026-08-22T10:19:13.678000+00:00,11348,18,1292,0.571,38.18
2026-08-22T10:19:14.006000+00:00,11348,30,1292,0.658,26.662
2026-08-22T10:19:14.162000+00:00,11348,10,1292,13.886,23.431
2026-08-22T10:19:14.443000+00:00,11348,55,1292,5.04,49.589
2026-08-22T10:19:14.553000+00:00,11348,77,1292,4.37,44.578
2026-08-22T10:19:14.678000+00:00,11348,1,1292,1.317,1.317
2026-08-22T10:19:14.740000+00:00,11348,44,1292,1.649,9.469
2026-08-22T10:19:15.099000+00:00,11348,43,1292,2.274,28.96
2026-08-22T10:19:15.271000+00:00,11348,81,1292,4.13,7.067
2026-08-22T10:19:15.334000+00:00,11348,31,1292,2.319,32.223
2026-08-22T10:19:15.474000+00:00,11348,16,1292,0.787,2.104
2026-08-22T10:19:15.693000+00:00,11348,5,1292,1.42,24.851
2026-08-22T10:19:15.787000+00:00,11348,14,1292,2.016,40.196
2026-08-22T10:19:16.099000+00:00,11348,3,1292,0.794,7.861
2026-08-22T10:19:16.115000+00:00,11348,22,1292,1.0,29.96
2026-08-22T10:19:16.256000+00:00,11348,12,1292,0.791,2.895
2026-08-22T10:19:16.318000+00:00,11348,43,1292,2.32,28.982
2026-08-22T10:19:16.381000+00:00,11348,87,1292,1.104,33.327
2026-08-22T10:19:16.803000+00:00,11348,41,1292,1.219,26.07
2026-08-22T10:19:17.162000+00:00,11348,77,1292,4.405,44.634
2026-08-22T10:19:17.287000+00:00,11348,22,1292,0.976,29.958
2026-08-22T10:19:17.474000+00:00,11348,23,1292,4.674,37.935
2026-08-22T10:19:17.506000+00:00,11348,30,1292,0.695,26.765
2026-08-22T10:19:17.537000+00:00,11348,1,1292,1.346,1.346
2026-08-22T10:19:17.709000+00:00,11348,44,1292,1.619,9.48
2026-08-22T10:19:17.959000+00:00,11348,18,1292,0.496,38.431
2026-08-22T10:19:18.162000+00:00,11348,10,1292,14.03,23.486
2026-08-22T10:19:18.193000+00:00,11348,16,1292,0.661,2.007
2026-08-22T10:19:18.490000+00:00,11348,31,1292,2.344,32.304
2026-08-22T10:19:18.990000+00:00,11348,12,1292,0.801,2.808
2026-08-22T10:19:19.537000+00:00,11348,87,1292,1.085,33.389
2026-08-22T10:19:19.599000+00:00,11348,5,1292,1.423,24.909
2026-08-22T10:19:19.631000+00:00,11348,55,1292,5.069,49.647
2026-08-22T10:19:19.678000+00:00,11348,31,1292,2.382,32.34
2026-08-22T10:19:19.771000+00:00,11348,43,1292,2.262,29.027
2026-08-22T10:19:19.943000+00:00,11348,14,1292,1.977,40.408
2026-08-22T10:19:20.271000+00:00,11348,77,1292,4.567,44.763
2026-08-22T10:19:20.443000+00:00,11348,81,1292,4.17,7.065
2026-08-22T10:19:20.771000+00:00,11348,87,1292,1.069,33.409
2026-08-22T10:19:20.787000+00:00,11348,22,1292,1.025,30.052
2026-08-22T10:19:20.818000+00:00,11348,41,1292,1.213,26.122
2026-08-22T10:19:21.021000+00:00,11348,23,1292,4.651,37.978
2026-08-22T10:19:21.256000+00:00,11348,3,1292,0.82,7.885
2026-08-22T10:19:21.490000+00:00,11348,10,1292,14.153,23.536
2026-08-22T10:19:21.506000+00:00,11348,30,1292,0.689,26.811
2026-08-22T10:19:21.584000+00:00,11348,18,1292,0.533,38.511
2026-08-22T10:19:22.256000+00:00,11348,55,1292,5.087,49.721
2026-08-22T10:19:22.757000+00:00,11348,1,1292,1.437,1.437
2026-08-22T10:19:22.896000+00:00,11348,44,1292,1.649,9.534
2026-08-22T10:19:22.912000+00:00,11348,5,1292,1.419,24.955
2026-08-22T10:19:23.075000+00:00,11348,31,1292,2.294,32.346
2026-08-22T10:19:23.196000+00:00,11348,81,1292,4.175,6.983
2026-08-22T10:19:23.418000+00:00,11348,16,1292,0.695,2.132
2026-08-22T10:19:23.551000+00:00,11348,14,1292,1.974,40.485
2026-08-22T10:19:23.818000+00:00,11348,43,1292,2.327,29.138
2026-08-22T10:19:24.100000+00:00,11348,3,1292,0.925,7.908
2026-08-22T10:19:24.114000+00:00,11348,41,1292,1.208,26.163
2026-08-22T10:19:24.159000+00:00,11348,87,1292,1.088,33.434
2026-08-22T10:19:24.197000+00:00,11348,23,1292,4.623,38.012
2026-08-22T10:19:24.233000+00:00,11348,12,1292,0.782,2.914
2026-08-22T10:19:24.677000+00:00,11348,77,1292,4.742,45.15
2026-08-22T10:19:24.769000+00:00,11348,18,1292,0.586,38.598
2026-08-22T10:19:24.775000+00:00,11348,30,1292,0.678,26.841
2026-08-22T10:19:24.782000+00:00,11348,22,1292,0.961,30.099
2026-08-22T10:19:25.298000+00:00,11348,55,1292,5.033,49.796
2026-08-22T10:19:25.363000+00:00,11348,23,1292,4.62,38.029
2026-08-22T10:19:25.673000+00:00,11348,44,1292,1.575,9.483
2026-08-22T10:19:25.963000+00:00,11348,18,1292,0.607,38.636
2026-08-22T10:19:26.098000+00:00,11348,10,1292,14.227,23.663
2026-08-22T10:19:26.764000+00:00,11348,1,1292,1.482,1.482
2026-08-22T10:19:26.785000+00:00,11348,14,1292,1.994,40.592
2026-08-22T10:19:27.075000+00:00,11348,31,1292,2.291,32.39
2026-08-22T10:19:27.301000+00:00,11348,43,1292,2.451,29.292
2026-08-22T10:19:27.462000+00:00,11348,16,1292,0.709,2.191
2026-08-22T10:19:27.500000+00:00,11348,5,1292,1.397,25.06
2026-08-22T10:19:28.057000+00:00,11348,14,1292,2.006,40.642
2026-08-22T10:19:28.298000+00:00,11348,22,1292,0.921,30.213
2026-08-22T10:19:28.418000+00:00,11348,12,1292,0.752,2.943
2026-08-22T10:19:28.418000+00:00,11348,87,1292,1.111,33.501
2026-08-22T10:19:28.433000+00:00,11348,77,1292,4.789,45.274
2026-08-22T10:19:28.448000+00:00,11348,81,1292,4.19,7.104
2026-08-22T10:19:28.785000+00:00,11348,41,1292,1.291,26.351
2026-08-22T10:19:28.918000+00:00,11348,23,1292,4.738,38.172
2026-08-22T10:19:29.069000+00:00,11348,10,1292,14.335,23.804
2026-08-22T10:19:29.263000+00:00,11348,3,1292,0.858,7.962
2026-08-22T10:19:29.418000+00:00,11348,18,1292,0.495,38.667
2026-08-22T10:19:29.532000+00:00,11348,30,1292,0.738,27.089
2026-08-22T10:19:29.597000+00:00,11348,55,1292,4.921,50.071
2026-08-22T10:19:30.417000+00:00,11348,5,1292,1.367,25.171
2026-08-22T10:19:30.499000+00:00,11348,31,1292,2.357,32.57
2026-08-22T10:19:30.855000+00:00,11348,44,1292,1.591,9.553
2026-08-22T10:19:30.875000+00:00,11348,1,1292,1.566,1.566
2026-08-22T10:19:31.446000+00:00,11348,14,1292,2.028,40.695
2026-08-22T10:19:31.475000+00:00,11348,16,1292,0.648,2.214
2026-08-22T10:19:31.519000+00:00,11348,77,1292,4.753,45.345
2026-08-22T10:19:31.575000+00:00,11348,87,1292,1.053,33.623
2026-08-22T10:19:31.731000+00:00,11348,41,1292,1.248,26.419
2026-08-22T10:19:31.959000+00:00,11348,43,1292,2.445,29.534
2026-08-22T10:19:32.026000+00:00,11348,10,1292,14.326,23.806
2026-08-22T10:19:32.324000+00:00,11348,81,1292,4.153,7.096
2026-08-22T10:19:32.333000+00:00,11348,30,1292,0.678,27.097
2026-08-22T10:19:32.347000+00:00,11348,12,1292,0.832,3.046
2026-08-22T10:19:32.705000+00:00,11348,77,1292,4.723,45.365
2026-08-22T10:19:32.847000+00:00,11348,22,1292,0.881,30.415
2026-08-22T10:19:33.050000+00:00,11348,23,1292,4.894,38.395
2026-08-22T10:19:33.175000+00:00,11348,55,1292,4.845,50.119
2026-08-22T10:19:33.201000+00:00,11348,3,1292,0.869,7.965
2026-08-22T10:19:33.531000+00:00,11348,18,1292,0.46,38.855
2026-08-22T10:19:33.555000+00:00,11348,5,1292,1.505,25.311
2026-08-22T10:19:34.117000+00:00,11348,1,1292,1.565,1.565
2026-08-22T10:19:34.752000+00:00,11348,16,1292,0.617,2.182
2026-08-22T10:19:34.798000+00:00,11348,41,1292,1.246,26.557
2026-08-22T10:19:34.863000+00:00,11348,44,1292,1.675,9.64
2026-08-22T10:19:34.899000+00:00,11348,43,1292,2.546,29.643
2026-08-22T10:19:35.235000+00:00,11348,31,1292,2.384,32.799
2026-08-22T10:19:35.436000+00:00,11348,14,1292,1.889,40.744
2026-08-22T10:19:35.498000+00:00,11348,30,1292,0.704,27.261
2026-08-22T10:19:35.597000+00:00,11348,12,1292,0.853,3.035
2026-08-22T10:19:35.731000+00:00,11348,22,1292,0.84,30.483
2026-08-22T10:19:36.248000+00:00,11348,77,1292,4.838,45.533
2026-08-22T10:19:36.332000+00:00,11348,55,1292,4.81,50.155
2026-08-22T10:19:36.346000+00:00,11348,87,1292,1.093,33.892
2026-08-22T10:19:36.367000+00:00,11348,1,1292,1.563,1.563
2026-08-22T10:19:36.475000+00:00,11348,63,1292,0.0,0.0
2026-08-22T10:19:36.497000+00:00,11348,23,1292,4.915,38.538
2026-08-22T10:19:36.502000+00:00,11348,81,1292,4.188,7.234
2026-08-22T10:19:36.947000+00:00,11348,16,1292,0.58,2.143
2026-08-22T10:19:37.060000+00:00,11348,18,1292,0.519,39.057
2026-08-22T10:19:37.177000+00:00,11348,10,1292,14.3,23.834
2026-08-22T10:19:37.360000+00:00,11348,3,1292,0.825,8.059
2026-08-22T10:19:37.376000+00:00,11348,1,1292,1.564,1.564
2026-08-22T10:19:37.497000+00:00,11348,55,1292,4.805,50.17
2026-08-22T10:19:37.818000+00:00,11348,12,1292,0.852,2.995
2026-08-22T10:19:37.920000+00:00,11348,16,1292,0.544,2.108
2026-08-22T10:19:38.020000+00:00,11348,43,1292,2.542,29.803
2026-08-22T10:19:38.047000+00:00,11348,1,1292,1.567,1.567
2026-08-22T10:19:38.233000+00:00,11348,31,1292,2.498,32.981
2026-08-22T10:19:38.531000+00:00,11348,16,1292,0.511,2.078
2026-08-22T10:19:38.848000+00:00,11348,5,1292,1.589,25.423
2026-08-22T10:19:38.848000+00:00,11348,14,1292,1.778,40.835
2026-08-22T10:19:38.848000+00:00,11348,12,1292,0.854,2.962
2026-08-22T10:19:38.975000+00:00,11348,22,1292,0.922,30.725
2026-08-22T10:19:39.049000+00:00,11348,44,1292,1.649,9.708
2026-08-22T10:19:39.363000+00:00,11348,87,1292,1.125,34.106
2026-08-22T10:19:39.397000+00:00,11348,12,1292,0.858,2.936
2026-08-22T10:19:39.797000+00:00,11348,81,1292,4.204,7.239
2026-08-22T10:19:40.031000+00:00,11348,41,1292,1.254,26.677
2026-08-22T10:19:40.031000+00:00,11348,10,1292,14.371,23.854
2026-08-22T10:19:40.298000+00:00,11348,1,1292,1.57,1.57
2026-08-22T10:19:40.367000+00:00,11348,77,1292,4.934,45.678
2026-08-22T10:19:40.677000+00:00,11348,30,1292,0.635,27.312
2026-08-22T10:19:40.677000+00:00,11348,16,1292,0.373,1.943
2026-08-22T10:19:40.876000+00:00,11348,3,1292,0.809,8.048
2026-08-22T10:19:41.049000+00:00,11348,55,1292,4.806,50.339
2026-08-22T10:19:41.197000+00:00,11348,23,1292,4.866,38.758
2026-08-22T10:19:41.352000+00:00,11348,31,1292,2.401,33.126
2026-08-22T10:19:41.548000+00:00,11348,12,1292,0.883,2.826
2026-08-22T10:19:41.615000+00:00,11348,5,1292,1.578,25.432
2026-08-22T10:19:41.718000+00:00,11348,18,1292,0.518,39.276
2026-08-22T10:19:42.047000+00:00,11348,81,1292,4.246,7.241
2026-08-22T10:19:42.247000+00:00,11348,44,1292,1.656,9.704
2026-08-22T10:19:42.318000+00:00,11348,1,1292,1.519,1.519
2026-08-22T10:19:42.466000+00:00,11348,87,1292,1.098,34.224
2026-08-22T10:19:42.751000+00:00,11348,16,1292,0.485,2.004
2026-08-22T10:19:42.849000+00:00,11348,3,1292,0.798,8.039
2026-08-22T10:19:42.865000+00:00,11348,41,1292,1.251,26.683
2026-08-22T10:19:43.069000+00:00,11348,81,1292,4.284,7.246
2026-08-22T10:19:43.275000+00:00,11348,43,1292,2.616,29.928
2026-08-22T10:19:43.435000+00:00,11348,14,1292,1.71,40.986
2026-08-22T10:19:43.518000+00:00,11348,30,1292,0.634,27.317
2026-08-22T10:19:43.553000+00:00,11348,12,1292,0.786,2.79
2026-08-22T10:19:43.750000+00:00,11348,81,1292,4.316,7.252
2026-08-22T10:19:43.866000+00:00,11348,3,1292,0.797,8.043
2026-08-22T10:19:43.933000+00:00,11348,77,1292,5.158,45.993
2026-08-22T10:19:44.125000+00:00,11348,23,1292,4.769,38.875
2026-08-22T10:19:44.175000+00:00,11348,22,1292,0.88,30.808
2026-08-22T10:19:44.564000+00:00,11348,18,1292,0.394,39.269
2026-08-22T10:19:44.575000+00:00,11348,44,1292,1.661,9.7
2026-08-22T10:19:44.575000+00:00,11348,3,1292,0.799,8.051
2026-08-22T10:19:45.136000+00:00,11348,55,1292,4.782,50.46
2026-08-22T10:19:45.292000+00:00,11348,10,1292,14.448,24.001
2026-08-22T10:19:45.511000+00:00,11348,44,1292,1.653,9.696
2026-08-22T10:19:46.011000+00:00,11348,81,1292,4.445,7.271
2026-08-22T10:19:46.120000+00:00,11348,43,1292,2.611,
2026-08-22T10:19:46.136000+00:00,11348,44,1292,1.641,9.692
2026-08-22T10:19:46.339000+00:00,11348,14,1292,1.809,41.078
2026-08-22T10:19:46.636000+00:00,11348,31,1292,2.434,33.242
2026-08-22T10:19:46.807000+00:00,11348,5,1292,1.499,25.5
2026-08-22T10:19:47.120000+00:00,11348,3,1292,0.78,
2026-08-22T10:19:47.120000+00:00,11348,22,1292,0.951,30.879
2026-08-22T10:19:47.401000+00:00,11348,23,1292,4.937,39.161
2026-08-22T10:19:47.464000+00:00,11348,1,1292,1.602,1.602
2026-08-22T10:19:47.682000+00:00,11348,87,1292,1.06,34.302
2026-08-22T10:19:47.932000+00:00,11348,18,1292,0.517,39.678
2026-08-22T10:19:47.964000+00:00,11348,81,1292,4.417,7.207
2026-08-22T10:19:48.011000+00:00,11348,16,1292,0.553,2.155
2026-08-22T10:19:48.136000+00:00,11348,41,1292,1.331,26.831
2026-08-22T10:19:48.401000+00:00,11348,44,1292,1.613,9.664
2026-08-22T10:19:48.636000+00:00,11348,77,1292,5.16,46.146
2026-08-22T10:19:48.651000+00:00,11348,55,1292,4.696,50.689
2026-08-22T10:19:48.684000+00:00,11348,12,1292,0.68,2.835
2026-08-22T10:19:48.776000+00:00,11348,30,1292,0.636,27.467
2026-08-22T10:19:48.807000+00:00,11348,3,1292,0.827,8.034
2026-08-22T10:19:49.370000+00:00,11348,10,1292,14.487,24.127
2026-08-22T10:19:49.464000+00:00,11348,14,1292,1.569,41.247
2026-08-22T10:19:49.526000+00:00,11348,31,1292,2.447,33.326
2026-08-22T10:19:50.011000+00:00,11348,1,1292,1.617,1.617
2026-08-22T10:19:50.323000+00:00,11348,44,1292,1.533,9.567
2026-08-22T10:19:50.604000+00:00,11348,16,1292,0.563,2.18
2026-08-22T10:19:50.651000+00:00,11348,87,1292,1.127,34.453
2026-08-22T10:19:50.823000+00:00,11348,5,1292,1.471,25.598
2026-08-22T10:19:51.229000+00:00,11348,12,1292,0.648,2.828
2026-08-22T10:19:51.432000+00:00,11348,43,1292,2.656,30.123
2026-08-22T10:19:51.604000+00:00,11348,77,1292,5.294,46.372
2026-08-22T10:19:52.089000+00:00,11348,41,1292,1.266,26.864
2026-08-22T10:19:52.307000+00:00,11348,22,1292,0.876,30.999
2026-08-22T10:19:52.604000+00:00,11348,23,1292,4.951,39.253
2026-08-22T10:19:52.792000+00:00,11348,30,1292,0.682,27.546
2026-08-22T10:19:52.917000+00:00,11348,1,1292,1.588,1.588
2026-08-22T10:19:53.073000+00:00,11348,81,1292,4.384,7.219
2026-08-22T10:19:53.151000+00:00,11348,18,1292,0.533,39.786
2026-08-22T10:19:53.323000+00:00,11348,55,1292,4.735,50.881
2026-08-22T10:19:53.526000+00:00,11348,16,1292,0.601,2.189
2026-08-22T10:19:53.620000+00:00,11348,10,1292,14.599,24.307
2026-08-22T10:19:53.854000+00:00,11348,3,1292,0.794,8.013
2026-08-22T10:19:54.151000+00:00,11348,12,1292,0.595,2.784
2026-08-22T10:19:54.682000+00:00,11348,14,1292,1.543,41.329
2026-08-22T10:19:54.745000+00:00,11348,77,1292,5.258,46.505
2026-08-22T10:19:54.761000+00:00,11348,31,1292,2.475,33.474
2026-08-22T10:19:55.151000+00:00,11348,5,1292,1.547,25.854
2026-08-22T10:19:55.386000+00:00,11348,44,1292,1.546,9.559
2026-08-22T10:19:55.401000+00:00,11348,23,1292,4.792,39.245
2026-08-22T10:19:55.432000+00:00,11348,43,1292,2.675,30.221
2026-08-22T10:19:55.667000+00:00,11348,81,1292,4.406,7.234
2026-08-22T10:19:55.901000+00:00,11348,87,1292,1.126,34.6
2026-08-22T10:19:56.042000+00:00,11348,18,1292,0.625,39.87
2026-08-22T10:19:56.323000+00:00,11348,55,1292,4.694,51.066
2026-08-22T10:19:56.339000+00:00,11348,41,1292,1.19,27.044
2026-08-22T10:19:56.339000+00:00,11348,22,1292,0.889,31.11
2026-08-22T10:19:56.448000+00:00,11348,3,1292,0.785,8.019
2026-08-22T10:19:56.886000+00:00,11348,10,1292,14.626,24.33
2026-08-22T10:19:56.901000+00:00,11348,1,1292,1.568,1.568
2026-08-22T10:19:57.073000+00:00,11348,30,1292,0.735,27.779
2026-08-22T10:19:57.604000+00:00,11348,14,1292,1.532,41.402
2026-08-22T10:19:57.636000+00:00,11348,16,1292,0.718,2.286
2026-08-22T10:19:58.011000+00:00,11348,44,1292,1.595,9.614
2026-08-22T10:19:58.276000+00:00,11348,12,1292,0.64,2.926
2026-08-22T10:19:58.464000+00:00,11348,5,1292,1.554,25.884
2026-08-22T10:19:58.518000+00:00,11348,81,1292,4.4,7.184
2026-08-22T10:19:58.823000+00:00,11348,31,1292,2.462,33.572
2026-08-22T10:19:59.153000+00:00,11348,10,1292,14.632,24.332
2026-08-22T10:19:59.400000+00:00,11348,3,1292,0.879,8.063
2026-08-22T10:19:59.451000+00:00,11348,55,1292,4.721,51.226
2026-08-22T10:19:59.647000+00:00,11348,41,1292,1.151,27.035
2026-08-22T10:19:59.769000+00:00,11348,43,1292,2.693,30.472
2026-08-22T10:19:59.960000+00:00,11348,87,1292,1.156,34.728
2026-08-22T10:20:00.079000+00:00,11348,77,1292,5.357,46.686
2026-08-22T10:20:00.161000+00:00,11348,10,1292,14.636,
2026-08-22T10:20:00.346000+00:00,11348,30,1292,0.751,27.786
2026-08-22T10:20:00.397000+00:00,11348,1,1292,1.543,1.543
2026-08-22T10:20:00.770000+00:00,11348,22,1292,0.916,31.388
2026-08-22T10:20:00.771000+00:00,11348,5,1292,1.558,25.89
2026-08-22T10:20:00.782000+00:00,11348,23,1292,4.843,39.443
2026-08-22T10:20:00.800000+00:00,11348,10,1292,14.635,24.327
2026-08-22T10:20:00.997000+00:00,11348,44,1292,1.593,9.656
2026-08-22T10:20:01.149000+00:00,11348,16,1292,0.755,2.298
2026-08-22T10:20:01.471000+00:00,11348,18,1292,0.721,40.164
2026-08-22T10:20:01.750000+00:00,11348,5,1292,1.576,25.908
2026-08-22T10:20:01.809000+00:00,11348,12,1292,0.628,
2026-08-22T10:20:01.849000+00:00,11348,41,1292,1.126,27.016
2026-08-22T10:20:02.376000+00:00,11348,5,1292,1.6,25.927
2026-08-22T10:20:02.560000+00:00,11348,30,1292,0.744,27.76
2026-08-22T10:20:02.601000+00:00,11348,81,1292,4.329,7.255
2026-08-22T10:20:02.784000+00:00,11348,14,1292,1.334,41.498
2026-08-22T10:20:02.831000+00:00,11348,41,1292,1.105,27.013
2026-08-22T10:20:03.047000+00:00,11348,10,1292,14.583,24.247
2026-08-22T10:20:03.103000+00:00,11348,77,1292,5.416,46.818
2026-08-22T10:20:03.131000+00:00,11348,43,1292,2.686,
2026-08-22T10:20:03.193000+00:00,11348,31,1292,2.48,33.868
2026-08-22T10:20:03.500000+00:00,11348,41,1292,1.086,
2026-08-22T10:20:03.532000+00:00,11348,1,1292,1.563,1.563
2026-08-22T10:20:03.532000+00:00,11348,3,1292,0.922,8.177
2026-08-22T10:20:03.582000+00:00,11348,30,1292,0.736,27.749
2026-08-22T10:20:03.964000+00:00,11348,22,1292,0.93,31.402
2026-08-22T10:20:04.299000+00:00,11348,30,1292,0.73,27.743
2026-08-22T10:20:04.328000+00:00,11348,87,1292,1.024,34.892
2026-08-22T10:20:04.331000+00:00,11348,16,1292,0.763,2.326
2026-08-22T10:20:04.707000+00:00,11348,55,1292,4.644,51.33
2026-08-22T10:20:04.731000+00:00,11348,5,1292,1.722,25.969
2026-08-22T10:20:04.731000+00:00,11348,1,1292,1.581,1.581
2026-08-22T10:20:04.849000+00:00,11348,23,1292,4.834,39.562
2026-08-22T10:20:04.875000+00:00,11348,12,1292,0.572,2.898
2026-08-22T10:20:05.014000+00:00,11348,10,1292,14.694,24.261
2026-08-22T10:20:05.077000+00:00,11348,44,1292,1.554,9.731
2026-08-22T10:20:05.255000+00:00,11348,43,1292,2.69,30.45
2026-08-22T10:20:05.459000+00:00,11348,16,1292,0.756,2.337
2026-08-22T10:20:05.497000+00:00,11348,18,1292,0.698,40.26
2026-08-22T10:20:05.747000+00:00,11348,41,1292,1.024,26.993
2026-08-22T10:20:05.975000+00:00,11348,12,1292,0.533,2.87
2026-08-22T10:20:06.175000+00:00,11348,81,1292,4.358,7.284
2026-08-22T10:20:06.229000+00:00,11348,22,1292,0.973,31.423
2026-08-22T10:20:06.263000+00:00,11348,43,1292,2.691,30.44
2026-08-22T10:20:06.425000+00:00,11348,30,1292,0.71,27.703
2026-08-22T10:20:06.492000+00:00,11348,31,1292,2.527,33.929
2026-08-22T10:20:06.932000+00:00,11348,5,1292,1.746,26.007
2026-08-22T10:20:06.932000+00:00,11348,14,1292,1.405,41.665
2026-08-22T10:20:06.932000+00:00,11348,43,1292,2.685,30.428
2026-08-22T10:20:07.048000+00:00,11348,3,1292,0.875,8.159
2026-08-22T10:20:07.300000+00:00,11348,22,1292,0.99,31.43
2026-08-22T10:20:07.479000+00:00,11348,87,1292,0.995,34.924
2026-08-22T10:20:07.494000+00:00,11348,55,1292,4.496,51.314
2026-08-22T10:20:07.791000+00:00,11348,41,1292,0.992,26.999
2026-08-22T10:20:07.869000+00:00,11348,22,1292,1.001,31.429
2026-08-22T10:20:07.963000+00:00,11348,1,1292,1.42,1.42
2026-08-22T10:20:08.229000+00:00,11348,77,1292,5.431,46.929
2026-08-22T10:20:08.479000+00:00,11348,30,1292,0.735,27.734
2026-08-22T10:20:08.619000+00:00,11348,44,1292,1.609,9.768
2026-08-22T10:20:08.744000+00:00,11348,31,1292,,33.95
2026-08-22T10:20:08.760000+00:00,11348,16,1292,0.794,2.214
2026-08-22T10:20:09.042000+00:00,11348,43,1292,2.614,30.317
2026-08-22T10:20:09.151000+00:00,11348,23,1292,4.974,39.866
2026-08-22T10:20:09.291000+00:00,11348,81,1292,4.435,7.333
2026-08-22T10:20:09.385000+00:00,11348,12,1292,0.645,2.859
2026-08-22T10:20:09.744000+00:00,11348,87,1292,0.982,34.932
2026-08-22T10:20:09.791000+00:00,11348,31,1292,2.529,33.959
2026-08-22T10:20:09.854000+00:00,11348,18,1292,0.682,40.548
2026-08-22T10:20:10.119000+00:00,11348,22,1292,1.084,31.401
2026-08-22T10:20:10.182000+00:00,11348,3,1292,0.841,8.174
2026-08-22T10:20:10.229000+00:00,11348,10,1292,14.807,24.366
2026-08-22T10:20:10.494000+00:00,11348,31,1292,2.537,33.966
2026-08-22T10:20:10.713000+00:00,11348,81,1292,4.491,7.361
2026-08-22T10:20:10.854000+00:00,11348,87,1292,0.971,34.93
2026-08-22T10:20:11.010000+00:00,11348,43,1292,2.505,30.239
2026-08-22T10:20:11.198000+00:00,11348,14,1292,1.352,41.9
2026-08-22T10:20:11.291000+00:00,11348,3,1292,0.812,8.173
2026-08-22T10:20:11.416000+00:00,11348,87,1292,0.959,34.925
2026-08-22T10:20:11.838000+00:00,11348,44,1292,1.629,9.803
2026-08-22T10:20:11.854000+00:00,11348,1,1292,1.354,1.354
2026-08-22T10:20:11.932000+00:00,11348,5,1292,1.705,26.071
2026-08-22T10:20:12.166000+00:00,11348,22,1292,1.17,31.409
2026-08-22T10:20:12.307000+00:00,11348,77,1292,5.403,47.068
2026-08-22T10:20:12.479000+00:00,11348,23,1292,4.963,39.887
2026-08-22T10:20:12.666000+00:00,11348,16,1292,0.816,2.17
2026-08-22T10:20:12.713000+00:00,11348,31,1292,2.578,33.979
2026-08-22T10:20:12.807000+00:00,11348,55,1292,4.57,51.499
2026-08-22T10:20:12.838000+00:00,11348,10,1292,14.819,24.433
2026-08-22T10:20:12.932000+00:00,11348,44,1292,1.639,9.812
2026-08-22T10:20:12.963000+00:00,11348,41,1292,1.038,27.109
2026-08-22T10:20:13.135000+00:00,11348,18,1292,0.702,40.589
2026-08-22T10:20:13.401000+00:00,11348,12,1292,0.764,2.934
2026-08-22T10:20:13.604000+00:00,11348,87,1292,0.908,34.887
2026-08-22T10:20:13.775000+00:00,11348,30,1292,0.737,27.846
2026-08-22T10:20:13.775000+00:00,11348,81,1292,4.337,7.196
2026-08-22T10:20:14.497000+00:00,11348,14,1292,1.347,41.936
2026-08-22T10:20:14.512000+00:00,11348,5,1292,1.669,26.102
2026-08-22T10:20:14.684000+00:00,11348,23,1292,4.956,39.888
2026-08-22T10:20:14.747000+00:00,11348,3,1292,1.0,8.196
2026-08-22T10:20:14.762000+00:00,11348,31,1292,2.604,34.013
2026-08-22T10:20:15.012000+00:00,11348,1,1292,1.323,1.323
2026-08-22T10:20:15.403000+00:00,11348,18,1292,0.707,40.595
2026-08-22T10:20:15.590000+00:00,11348,41,1292,1.025,27.127
2026-08-22T10:20:15.700000+00:00,11348,23,1292,4.958,
2026-08-22T10:20:15.715000+00:00,11348,87,1292,0.96,34.973
2026-08-22T10:20:15.856000+00:00,11348,16,1292,0.858,2.181
2026-08-22T10:20:15.872000+00:00,11348,10,1292,14.87,24.526
2026-08-22T10:20:16.231000+00:00,11348,43,1292,2.457,30.303
2026-08-22T10:20:16.278000+00:00,11348,44,1292,1.462,9.658
2026-08-22T10:20:16.309000+00:00,11348,30,1292,0.757,27.884
2026-08-22T10:20:16.340000+00:00,11348,23,1292,4.959,39.884
2026-08-22T10:20:16.403000+00:00,11348,18,1292,0.699,40.587
2026-08-22T10:20:16.653000+00:00,11348,77,1292,5.446,47.346
2026-08-22T10:20:16.825000+00:00,11348,12,1292,0.862,3.043
2026-08-22T10:20:16.825000+00:00,11348,14,1292,1.368,41.963
2026-08-22T10:20:16.825000+00:00,11348,55,1292,4.501,51.569
2026-08-22T10:20:17.044000+00:00,11348,18,1292,0.694,40.578
2026-08-22T10:20:17.309000+00:00,11348,22,1292,1.178,31.481
2026-08-22T10:20:17.544000+00:00,11348,5,1292,1.684,26.21
2026-08-22T10:20:17.606000+00:00,11348,81,1292,4.201,7.135
2026-08-22T10:20:17.809000+00:00,11348,14,1292,1.402,41.989
2026-08-22T10:20:18.637000+00:00,11348,14,1292,1.435,42.013
2026-08-22T10:20:18.653000+00:00,11348,23,1292,4.966,39.853
2026-08-22T10:20:18.700000+00:00,11348,41,1292,1.084,27.294
2026-08-22T10:20:18.715000+00:00,11348,3,1292,1.078,8.213
2026-08-22T10:20:18.747000+00:00,11348,43,1292,2.465,30.349
2026-08-22T10:20:19.309000+00:00,11348,18,1292,0.678,40.531
2026-08-22T10:20:19.356000+00:00,11348,30,1292,0.726,28.02
2026-08-22T10:20:19.497000+00:00,11348,1,1292,1.324,1.324
2026-08-22T10:20:19.919000+00:00,11348,22,1292,1.167,31.516
2026-08-22T10:20:19.934000+00:00,11348,31,1292,2.614,34.095
2026-08-22T10:20:19.965000+00:00,11348,77,1292,5.474,47.41
2026-08-22T10:20:20.059000+00:00,11348,44,1292,1.384,9.597
2026-08-22T10:20:20.169000+00:00,11348,10,1292,15.096,24.827
2026-08-22T10:20:20.403000+00:00,11348,16,1292,0.904,2.228
2026-08-22T10:20:20.575000+00:00,11348,23,1292,4.85,39.823
2026-08-22T10:20:20.809000+00:00,11348,14,1292,1.534,42.065
2026-08-22T10:20:20.965000+00:00,11348,87,1292,0.861,34.956
2026-08-22T10:20:20.997000+00:00,11348,81,1292,4.097,7.14
2026-08-22T10:20:21.294000+00:00,11348,55,1292,4.66,52.006
2026-08-22T10:20:21.340000+00:00,11348,18,1292,0.767,40.59
2026-08-22T10:20:21.356000+00:00,11348,12,1292,0.947,3.175
2026-08-22T10:20:21.778000+00:00,11348,43,1292,2.422,30.442
2026-08-22T10:20:21.825000+00:00,11348,5,1292,1.642,26.469
2026-08-22T10:20:21.950000+00:00,11348,3,1292,1.141,8.281
2026-08-22T10:20:22.247000+00:00,11348,77,1292,5.477,47.44
2026-08-22T10:20:22.325000+00:00,11348,1,1292,1.313,1.313
2026-08-22T10:20:22.528000+00:00,11348,31,1292,2.595,34.111
2026-08-22T10:20:22.816000+00:00,11348,14,1292,1.462,42.052
2026-08-22T10:20:22.832000+00:00,11348,41,1292,0.999,27.468
2026-08-22T10:20:23.015000+00:00,11348,22,1292,1.231,31.673
2026-08-22T10:20:23.359000+00:00,11348,44,1292,1.278,9.559
2026-08-22T10:20:23.406000+00:00,11348,16,1292,0.895,2.208
2026-08-22T10:20:23.406000+00:00,11348,77,1292,5.465,47.454
2026-08-22T10:20:23.406000+00:00,11348,87,1292,0.89,35.001
2026-08-22T10:20:23.594000+00:00,11348,30,1292,0.782,28.25
2026-08-22T10:20:23.703000+00:00,11348,10,1292,15.083,24.851
2026-08-22T10:20:24.015000+00:00,11348,77,1292,5.451,47.464
2026-08-22T10:20:24.125000+00:00,11348,12,1292,0.88,3.088
2026-08-22T10:20:24.625000+00:00,11348,55,1292,4.651,52.061
2026-08-22T10:20:25.344000+00:00,11348,1,1292,1.321,1.321
2026-08-22T10:20:25.359000+00:00,11348,81,1292,4.015,7.19
2026-08-22T10:20:25.375000+00:00,11348,5,1292,1.681,26.532
2026-08-22T10:20:25.437000+00:00,11348,31,1292,2.431,34.104
2026-08-22T10:20:25.859000+00:00,11348,23,1292,5.057,40.013
2026-08-22T10:20:26.062000+00:00,11348,43,1292,2.486,30.736
2026-08-22T10:20:26.234000+00:00,11348,77,1292,5.426,47.491
2026-08-22T10:20:26.453000+00:00,11348,41,1292,0.959,27.491
2026-08-22T10:20:26.515000+00:00,11348,16,1292,1.025,2.346
2026-08-22T10:20:26.531000+00:00,11348,87,1292,1.013,35.117
2026-08-22T10:20:26.531000+00:00,11348,3,1292,1.123,8.313
2026-08-22T10:20:26.640000+00:00,11348,18,1292,0.7,40.713
2026-08-22T10:20:26.947000+00:00,11348,10,1292,15.11,24.913
2026-08-22T10:20:26.947000+00:00,11348,55,1292,4.629,52.069
2026-08-22T10:20:27.175000+00:00,11348,12,1292,0.777,3.123
2026-08-22T10:20:27.190000+00:00,11348,30,1292,0.822,28.313
2026-08-22T10:20:27.300000+00:00,11348,22,1292,1.179,31.915
2026-08-22T10:20:27.753000+00:00,11348,44,1292,1.287,9.6
2026-08-22T10:20:27.894000+00:00,11348,55,1292,4.623,52.077
2026-08-22T10:20:27.956000+00:00,11348,14,1292,1.402,42.115
2026-08-22T10:20:28.081000+00:00,11348,10,1292,15.14,24.952
2026-08-22T10:20:28.222000+00:00,11348,81,1292,4.102,
2026-08-22T10:20:28.378000+00:00,11348,77,1292,5.572,47.624
2026-08-22T10:20:28.519000+00:00,11348,23,1292,5.117,40.118
2026-08-22T10:20:28.628000+00:00,11348,5,1292,1.696,26.609
2026-08-22T10:20:28.706000+00:00,11348,55,1292,4.622,52.086
2026-08-22T10:20:29.206000+00:00,11348,18,1292,0.673,40.791
2026-08-22T10:20:29.316000+00:00,11348,3,1292,1.092,8.282
2026-08-22T10:20:29.519000+00:00,11348,41,1292,0.947,27.556
2026-08-22T10:20:29.644000+00:00,11348,43,1292,2.452,30.765
2026-08-22T10:20:29.706000+00:00,11348,31,1292,2.448,34.363
2026-08-22T10:20:29.769000+00:00,11348,5,1292,1.697,26.649
2026-08-22T10:20:30.269000+00:00,11348,30,1292,0.768,28.324
2026-08-22T10:20:30.565000+00:00,11348,1,1292,1.331,1.331
2026-08-22T10:20:30.565000+00:00,11348,14,1292,1.353,42.144
2026-08-22T10:20:30.659000+00:00,11348,44,1292,1.325,9.607
2026-08-22T10:20:30.675000+00:00,11348,87,1292,0.959,35.322
2026-08-22T10:20:30.753000+00:00,11348,41,1292,0.941,27.59
2026-08-22T10:20:30.784000+00:00,11348,22,1292,1.166,31.931
2026-08-22T10:20:30.815000+00:00,11348,55,1292,4.612,52.103
2026-08-22T10:20:31.269000+00:00,11348,81,1292,4.115,7.238
2026-08-22T10:20:31.425000+00:00,11348,30,1292,0.716,28.306
2026-08-22T10:20:31.534000+00:00,11348,16,1292,1.048,2.379
2026-08-22T10:20:31.628000+00:00,11348,23,1292,5.179,40.296
2026-08-22T10:20:31.659000+00:00,11348,10,1292,15.444,25.102
2026-08-22T10:20:32.247000+00:00,11348,12,1292,0.715,3.094
2026-08-22T10:20:32.352000+00:00,11348,18,1292,0.717,41.013
2026-08-22T10:20:32.352000+00:00,11348,3,1292,1.079,8.317
2026-08-22T10:20:32.785000+00:00,11348,43,1292,2.491,30.815
2026-08-22T10:20:32.881000+00:00,11348,55,1292,4.506,52.13
2026-08-22T10:20:33.131000+00:00,11348,5,1292,1.47,26.572
2026-08-22T10:20:33.275000+00:00,11348,1,1292,1.315,1.315
2026-08-22T10:20:33.303000+00:00,11348,31,1292,2.508,34.439
2026-08-22T10:20:33.525000+00:00,11348,14,1292,1.175,42.188
2026-08-22T10:20:33.560000+00:00,11348,77,1292,5.591,47.706
2026-08-22T10:20:33.647000+00:00,11348,44,1292,1.292,9.609
2026-08-22T10:20:33.949000+00:00,11348,22,1292,1.165,31.98
2026-08-22T10:20:33.979000+00:00,11348,43,1292,2.537,30.843
2026-08-22T10:20:34.247000+00:00,11348,41,1292,1.088,27.66
2026-08-22T10:20:34.275000+00:00,11348,87,1292,0.969,35.408
2026-08-22T10:20:34.331000+00:00,11348,16,1292,1.026,2.341
2026-08-22T10:20:34.875000+00:00,11348,30,1292,0.681,28.341
2026-08-22T10:20:35.031000+00:00,11348,12,1292,0.693,3.034
2026-08-22T10:20:35.100000+00:00,11348,22,1292,1.131,31.974
2026-08-22T10:20:35.646000+00:00,11348,10,1292,15.577,25.174
2026-08-22T10:20:35.934000+00:00,11348,23,1292,5.261,40.583
2026-08-22T10:20:36.186000+00:00,11348,77,1292,5.65,47.794
2026-08-22T10:20:36.415000+00:00,11348,81,1292,4.161,7.255
2026-08-22T10:20:36.491000+00:00,11348,31,1292,2.55,34.53
2026-08-22T10:20:36.640000+00:00,11348,18,1292,0.715,41.298
2026-08-22T10:20:37.048000+00:00,11348,5,1292,1.42,26.594
2026-08-22T10:20:37.497000+00:00,11348,87,1292,0.944,35.474
2026-08-22T10:20:37.505000+00:00,11348,43,1292,2.55,30.891
2026-08-22T10:20:37.533000+00:00,11348,3,1292,1.119,8.374
2026-08-22T10:20:37.701000+00:00,11348,31,1292,2.598,34.572
2026-08-22T10:20:37.756000+00:00,11348,14,1292,1.112,42.41
2026-08-22T10:20:38.161000+00:00,11348,55,1292,4.615,52.321
2026-08-22T10:20:38.198000+00:00,11348,41,1292,1.149,27.743
2026-08-22T10:20:38.573000+00:00,11348,22,1292,1.143,32.034
2026-08-22T10:20:38.605000+00:00,11348,1,1292,1.485,1.485
2026-08-22T10:20:38.633000+00:00,11348,87,1292,0.923,35.495
2026-08-22T10:20:38.832000+00:00,11348,44,1292,1.301,9.675
2026-08-22T10:20:38.859000+00:00,11348,30,1292,0.66,28.403
2026-08-22T10:20:39.042000+00:00,11348,10,1292,15.796,25.355
2026-08-22T10:20:39.198000+00:00,11348,81,1292,4.192,7.226
2026-08-22T10:20:39.321000+00:00,11348,77,1292,5.783,47.971
2026-08-22T10:20:39.463000+00:00,11348,16,1292,0.861,2.346
2026-08-22T10:20:39.463000+00:00,11348,23,1292,5.204,40.612
2026-08-22T10:20:40.193000+00:00,11348,12,1292,0.711,3.057
2026-08-22T10:20:40.255000+00:00,11348,18,1292,0.777,41.389
2026-08-22T10:20:40.332000+00:00,11348,5,1292,1.302,26.657
2026-08-22T10:20:40.353000+00:00,11348,3,1292,1.163,8.389
2026-08-22T10:20:40.816000+00:00,11348,55,1292,4.618,52.412
2026-08-22T10:20:41.097000+00:00,11348,31,1292,2.53,34.564
2026-08-22T10:20:41.347000+00:00,11348,14,1292,1.105,42.494
2026-08-22T10:20:41.473000+00:00,11348,43,1292,2.59,30.993
2026-08-22T10:20:41.518000+00:00,11348,41,1292,1.185,27.842
2026-08-22T10:20:41.629000+00:00,11348,44,1292,1.274,9.663
2026-08-22T10:20:42.041000+00:00,11348,87,1292,0.927,35.491
2026-08-22T10:20:42.232000+00:00,11348,30,1292,0.696,28.538
2026-08-22T10:20:42.564000+00:00,11348,1,1292,1.464,1.464
2026-08-22T10:20:42.588000+00:00,11348,22,1292,1.095,32.088
2026-08-22T10:20:42.598000+00:00,11348,23,1292,5.174,40.648
2026-08-22T10:20:43.525000+00:00,11348,18,1292,0.868,41.516
2026-08-22T10:20:43.529000+00:00,11348,16,1292,0.91,2.374
2026-08-22T10:20:43.695000+00:00,11348,77,1292,5.934,48.344
2026-08-22T10:20:43.708000+00:00,11348,10,1292,15.931,25.531
2026-08-22T10:20:43.782000+00:00,11348,23,1292,5.175,40.67
2026-08-22T10:20:43.999000+00:00,11348,55,1292,4.686,52.657
2026-08-22T10:20:44.149000+00:00,11348,12,1292,0.677,3.051
2026-08-22T10:20:44.481000+00:00,11348,81,1292,4.31,7.367
2026-08-22T10:20:44.564000+00:00,11348,14,1292,1.082,42.598
2026-08-22T10:20:44.705000+00:00,11348,18,1292,0.908,41.578
2026-08-22T10:20:44.946000+00:00,11348,43,1292,2.626,31.164
2026-08-22T10:20:45.040000+00:00,11348,5,1292,1.239,26.77
2026-08-22T10:20:45.214000+00:00,11348,31,1292,2.524,34.612
2026-08-22T10:20:45.533000+00:00,11348,3,1292,1.041,8.408
2026-08-22T10:20:45.775000+00:00,11348,14,1292,1.068,42.646
2026-08-22T10:20:45.975000+00:00,11348,22,1292,1.128,32.292
2026-08-22T10:20:46.032000+00:00,11348,87,1292,0.965,35.577
2026-08-22T10:20:46.175000+00:00,11348,41,1292,1.236,28.006
2026-08-22T10:20:46.726000+00:00,11348,10,1292,16.0,25.607
2026-08-22T10:20:46.732000+00:00,11348,1,1292,1.468,1.468
2026-08-22T10:20:46.848000+00:00,11348,44,1292,1.294,9.702
2026-08-22T10:20:47.006000+00:00,11348,30,1292,0.807,28.813
2026-08-22T10:20:47.375000+00:00,11348,77,1292,5.965,48.459
2026-08-22T10:20:47.392000+00:00,11348,23,1292,5.329,40.82
2026-08-22T10:20:47.576000+00:00,11348,16,1292,0.88,2.348
2026-08-22T10:20:47.918000+00:00,11348,5,1292,1.29,26.897
2026-08-22T10:20:48.197000+00:00,11348,18,1292,0.8,41.62
2026-08-22T10:20:48.318000+00:00,11348,55,1292,4.635,52.979
2026-08-22T10:20:48.348000+00:00,11348,12,1292,0.756,3.104
2026-08-22T10:20:48.398000+00:00,11348,31,1292,2.43,34.722
2026-08-22T10:20:48.418000+00:00,11348,81,1292,4.268,7.319
2026-08-22T10:20:49.064000+00:00,11348,41,1292,1.157,28.054
2026-08-22T10:20:49.265000+00:00,11348,14,1292,1.089,42.709
2026-08-22T10:20:49.475000+00:00,11348,87,1292,1.059,35.781
2026-08-22T10:20:49.497000+00:00,11348,3,1292,1.086,8.405
2026-08-22T10:20:49.631000+00:00,11348,43,1292,2.582,31.395
2026-08-22T10:20:49.673000+00:00,11348,10,1292,15.977,25.586
2026-08-22T10:20:49.815000+00:00,11348,30,1292,0.749,28.803
2026-08-22T10:20:49.949000+00:00,11348,1,1292,1.465,1.465
2026-08-22T10:20:50.518000+00:00,11348,77,1292,5.948,48.546
2026-08-22T10:20:50.691000+00:00,11348,22,1292,1.092,32.487
2026-08-22T10:20:50.818000+00:00,11348,44,1292,1.296,9.701
2026-08-22T10:20:50.818000+00:00,11348,16,1292,0.851,2.316
2026-08-22T10:20:50.982000+00:00,11348,5,1292,1.353,26.939
2026-08-22T10:20:51.556000+00:00,11348,12,1292,0.769,3.085
2026-08-22T10:20:51.582000+00:00,11348,23,1292,5.533,41.11
2026-08-22T10:20:51.708000+00:00,11348,77,1292,5.936,48.582
2026-08-22T10:20:51.931000+00:00,11348,55,1292,4.606,53.065
2026-08-22T10:20:52.213000+00:00,11348,1,1292,1.461,1.461
2026-08-22T10:20:52.247000+00:00,11348,41,1292,1.28,28.219
2026-08-22T10:20:52.298000+00:00,11348,18,1292,0.719,41.829
2026-08-22T10:20:52.375000+00:00,11348,63,1292,0.0,0.0
2026-08-22T10:20:52.498000+00:00,11348,43,1292,2.679,31.482
2026-08-22T10:20:52.623000+00:00,11348,81,1292,4.316,7.42
2026-08-22T10:20:52.983000+00:00,11348,30,1292,0.735,28.954
2026-08-22T10:20:53.030000+00:00,11348,16,1292,0.828,2.289
2026-08-22T10:20:53.108000+00:00,11348,31,1292,2.47,34.957
2026-08-22T10:20:53.233000+00:00,11348,14,1292,0.937,42.766
2026-08-22T10:20:53.514000+00:00,11348,22,1292,1.015,32.497
2026-08-22T10:20:53.733000+00:00,11348,3,1292,1.101,8.521
2026-08-22T10:20:53.764000+00:00,11348,12,1292,0.751,3.04
2026-08-22T10:20:53.826000+00:00,11348,1,1292,1.465,1.465
2026-08-22T10:20:54.014000+00:00,11348,16,1292,0.802,2.263
2026-08-22T10:20:54.201000+00:00,11348,87,1292,1.07,36.027
2026-08-22T10:20:54.608000+00:00,11348,16,1292,0.778,2.243
2026-08-22T10:20:54.764000+00:00,11348,10,1292,15.917,25.592
2026-08-22T10:20:54.795000+00:00,11348,12,1292,0.744,3.007
2026-08-22T10:20:54.951000+00:00,11348,44,1292,1.186,9.707
2026-08-22T10:20:54.983000+00:00,11348,23,1292,5.524,41.305
2026-08-22T10:20:55.045000+00:00,11348,55,1292,4.544,53.09
2026-08-22T10:20:55.264000+00:00,11348,77,1292,6.019,48.728
2026-08-22T10:20:55.342000+00:00,11348,12,1292,0.74,2.983
2026-08-22T10:20:55.639000+00:00,11348,43,1292,2.66,31.614
2026-08-22T10:20:55.795000+00:00,11348,18,1292,0.794,42.099
2026-08-22T10:20:55.920000+00:00,11348,81,1292,4.351,7.436
2026-08-22T10:20:56.155000+00:00,11348,1,1292,1.468,1.468
2026-08-22T10:20:56.155000+00:00,11348,31,1292,2.604,35.101
2026-08-22T10:20:56.217000+00:00,11348,5,1292,1.473,27.065
2026-08-22T10:20:56.217000+00:00,11348,55,1292,4.512,53.094
2026-08-22T10:20:56.592000+00:00,11348,14,1292,0.791,42.89
2026-08-22T10:20:56.639000+00:00,11348,22,1292,0.973,32.587
2026-08-22T10:20:56.795000+00:00,11348,16,1292,0.68,2.148
2026-08-22T10:20:57.030000+00:00,11348,3,1292,1.093,8.529
2026-08-22T10:20:57.217000+00:00,11348,87,1292,1.105,36.206
2026-08-22T10:20:57.405000+00:00,11348,41,1292,1.201,28.266
2026-08-22T10:20:57.531000+00:00,11348,12,1292,0.732,2.88
2026-08-22T10:20:57.672000+00:00,11348,10,1292,16.026,25.689
2026-08-22T10:20:58.055000+00:00,11348,1,1292,1.41,1.41
2026-08-22T10:20:58.101000+00:00,11348,30,1292,0.68,28.946
2026-08-22T10:20:58.213000+00:00,11348,81,1292,4.393,7.433
2026-08-22T10:20:58.230000+00:00,11348,44,1292,1.176,9.705
2026-08-22T10:20:58.781000+00:00,11348,16,1292,0.721,2.131
2026-08-22T10:20:59.048000+00:00,11348,5,1292,1.391,27.08
2026-08-22T10:20:59.175000+00:00,11348,81,1292,4.428,7.435
2026-08-22T10:20:59.236000+00:00,11348,31,1292,2.599,35.186
2026-08-22T10:20:59.338000+00:00,11348,3,1292,1.09,8.523
2026-08-22T10:20:59.390000+00:00,11348,77,1292,6.131,48.897
2026-08-22T10:20:59.498000+00:00,11348,12,1292,0.712,2.843
2026-08-22T10:20:59.717000+00:00,11348,23,1292,5.528,41.555
2026-08-22T10:20:59.795000+00:00,11348,55,1292,4.528,53.256
2026-08-22T10:20:59.826000+00:00,11348,81,1292,4.458,7.441
2026-08-22T10:21:00.280000+00:00,11348,3,1292,1.092,8.527
2026-08-22T10:21:00.311000+00:00,11348,41,1292,1.266,28.346
2026-08-22T10:21:00.326000+00:00,11348,87,1292,1.114,36.3
2026-08-22T10:21:00.389000+00:00,11348,18,1292,0.663,42.218
2026-08-22T10:21:00.436000+00:00,11348,44,1292,1.171,9.694
2026-08-22T10:21:00.889000+00:00,11348,43,1292,2.797,31.743
2026-08-22T10:21:00.920000+00:00,11348,3,1292,1.095,8.536
2026-08-22T10:21:01.014000+00:00,11348,30,1292,0.675,29.021
2026-08-22T10:21:01.217000+00:00,11348,14,1292,0.823,43.041
2026-08-22T10:21:01.436000+00:00,11348,44,1292,1.158,9.685
2026-08-22T10:21:01.905000+00:00,11348,22,1292,0.965,32.708
2026-08-22T10:21:02.061000+00:00,11348,44,1292,1.144,9.68
2026-08-22T10:21:02.108000+00:00,11348,81,1292,4.578,7.458
2026-08-22T10:21:02.702000+00:00,11348,23,1292,5.463,41.669
2026-08-22T10:21:02.764000+00:00,11348,77,1292,6.198,49.088
2026-08-22T10:21:02.795000+00:00,11348,10,1292,15.979,25.681
2026-08-22T10:21:03.201000+00:00,11348,3,1292,1.093,8.551
2026-08-22T10:21:03.264000+00:00,11348,1,1292,1.403,1.403
2026-08-22T10:21:03.284000+00:00,11348,18,1292,0.604,42.273
2026-08-22T10:21:03.759000+00:00,11348,43,1292,2.769,31.79
2026-08-22T10:21:03.837000+00:00,11348,16,1292,0.597,2.0
2026-08-22T10:21:03.918000+00:00,11348,55,1292,4.549,53.446
2026-08-22T10:21:04.099000+00:00,11348,81,1292,4.603,7.446
2026-08-22T10:21:04.177000+00:00,11348,14,1292,0.883,43.156
2026-08-22T10:21:04.254000+00:00,11348,5,1292,1.441,27.122
2026-08-22T10:21:04.282000+00:00,11348,44,1292,1.098,9.649
2026-08-22T10:21:04.506000+00:00,11348,31,1292,2.653,35.361
2026-08-22T10:21:04.719000+00:00,11348,22,1292,0.964,32.754
2026-08-22T10:21:04.768000+00:00,11348,12,1292,0.926,2.926
2026-08-22T10:21:05.257000+00:00,11348,3,1292,1.169,8.615
2026-08-22T10:21:05.597000+00:00,11348,87,1292,1.088,36.449
2026-08-22T10:21:05.632000+00:00,11348,41,1292,1.392,28.514
2026-08-22T10:21:05.816000+00:00,11348,1,1292,1.398,1.398
2026-08-22T10:21:05.932000+00:00,11348,23,1292,5.587,41.887
2026-08-22T10:21:06.217000+00:00,11348,30,1292,0.577,29.091
2026-08-22T10:21:06.288000+00:00,11348,44,1292,1.009,9.624
2026-08-22T10:21:06.400000+00:00,11348,16,1292,0.599,1.997
2026-08-22T10:21:06.633000+00:00,11348,18,1292,0.67,42.557
2026-08-22T10:21:06.932000+00:00,11348,10,1292,16.084,25.785
2026-08-22T10:21:07.448000+00:00,11348,55,1292,4.511,53.599
2026-08-22T10:21:07.467000+00:00,11348,14,1292,0.706,43.263
2026-08-22T10:21:07.549000+00:00,11348,12,1292,0.924,2.921
2026-08-22T10:21:07.576000+00:00,11348,77,1292,6.173,49.214
2026-08-22T10:21:07.576000+00:00,11348,31,1292,2.661,35.415
2026-08-22T10:21:08.240000+00:00,11348,5,1292,1.365,27.15
2026-08-22T10:21:08.501000+00:00,11348,87,1292,1.105,36.52
2026-08-22T10:21:08.747000+00:00,11348,1,1292,1.353,1.353
2026-08-22T10:21:09.081000+00:00,11348,43,1292,2.843,31.934
2026-08-22T10:21:09.254000+00:00,11348,81,1292,4.503,7.429
2026-08-22T10:21:09.392000+00:00,11348,16,1292,0.646,1.999
2026-08-22T10:21:09.691000+00:00,11348,41,1292,1.433,28.583
2026-08-22T10:21:09.975000+00:00,11348,22,1292,0.938,32.872
2026-08-22T10:21:10.220000+00:00,11348,12,1292,0.821,2.82
2026-08-22T10:21:10.225000+00:00,11348,30,1292,0.546,29.129
2026-08-22T10:21:10.367000+00:00,11348,77,1292,6.187,49.343
2026-08-22T10:21:10.377000+00:00,11348,3,1292,1.114,8.543
2026-08-22T10:21:11.089000+00:00,11348,10,1292,16.168,25.875
2026-08-22T10:21:11.183000+00:00,11348,23,1292,5.583,42.032
2026-08-22T10:21:11.324000+00:00,11348,44,1292,0.959,9.502
2026-08-22T10:21:11.667000+00:00,11348,18,1292,0.485,42.517
2026-08-22T10:21:11.823000+00:00,11348,81,1292,4.512,7.433
2026-08-22T10:21:12.011000+00:00,11348,55,1292,4.616,53.83
2026-08-22T10:21:12.526000+00:00,11348,14,1292,0.855,43.372
2026-08-22T10:21:12.526000+00:00,11348,5,1292,1.441,27.316
2026-08-22T10:21:12.620000+00:00,11348,31,1292,2.609,35.481
2026-08-22T10:21:12.761000+00:00,11348,1,1292,1.238,1.238
2026-08-22T10:21:12.964000+00:00,11348,3,1292,1.134,8.567
2026-08-22T10:21:13.089000+00:00,11348,43,1292,2.861,31.99
2026-08-22T10:21:13.527000+00:00,11348,16,1292,0.791,2.029
2026-08-22T10:21:13.573000+00:00,11348,77,1292,6.268,49.531
2026-08-22T10:21:13.745000+00:00,11348,87,1292,1.143,36.624
2026-08-22T10:21:13.933000+00:00,11348,44,1292,,9.526
2026-08-22T10:21:13.948000+00:00,11348,41,1292,1.419,28.735
2026-08-22T10:21:14.026000+00:00,11348,23,1292,5.528,42.048
2026-08-22T10:21:14.058000+00:00,11348,22,1292,0.984,32.974
2026-08-22T10:21:14.323000+00:00,11348,12,1292,0.756,2.785
2026-08-22T10:21:14.386000+00:00,11348,10,1292,16.195,25.9
2026-08-22T10:21:14.526000+00:00,11348,30,1292,0.572,29.307
2026-08-22T10:21:14.667000+00:00,11348,18,1292,0.651,42.699
2026-08-22T10:21:14.761000+00:00,11348,81,1292,4.55,7.37
2026-08-22T10:21:15.026000+00:00,11348,55,1292,4.683,54.026
2026-08-22T10:21:15.433000+00:00,11348,14,1292,0.754,43.453
2026-08-22T10:21:15.839000+00:00,11348,5,1292,,27.341
2026-08-22T10:21:15.964000+00:00,11348,3,1292,1.215,8.585
2026-08-22T10:21:16.230000+00:00,11348,1,1292,1.219,1.219
2026-08-22T10:21:16.620000+00:00,11348,31,1292,2.542,35.516
2026-08-22T10:21:16.636000+00:00,11348,10,1292,16.206,
2026-08-22T10:21:16.901000+00:00,11348,44,1292,0.919,9.504
2026-08-22T10:21:17.058000+00:00,11348,16,1292,0.807,2.026
2026-08-22T10:21:17.245000+00:00,11348,41,1292,1.412,28.753
2026-08-22T10:21:17.386000+00:00,11348,43,1292,2.872,32.179
2026-08-22T10:21:17.636000+00:00,11348,10,1292,16.212,25.897
2026-08-22T10:21:17.745000+00:00,11348,87,1292,1.107,36.623
2026-08-22T10:21:17.823000+00:00,11348,30,1292,0.571,29.324
2026-08-22T10:21:17.855000+00:00,11348,12,1292,0.754,2.78
2026-08-22T10:21:18.105000+00:00,11348,5,1292,1.442,27.342
2026-08-22T10:21:18.292000+00:00,11348,55,1292,4.639,54.17
2026-08-22T10:21:18.308000+00:00,11348,10,1292,16.213,25.893
2026-08-22T10:21:18.448000+00:00,11348,22,1292,0.991,33.17
2026-08-22T10:21:18.808000+00:00,11348,81,1292,4.521,7.306
2026-08-22T10:21:18.855000+00:00,11348,77,1292,6.325,49.697
2026-08-22T10:21:19.120000+00:00,11348,5,1292,1.456,27.353
2026-08-22T10:21:19.214000+00:00,11348,23,1292,5.457,42.081
2026-08-22T10:21:19.386000+00:00,11348,1,1292,1.242,1.242
2026-08-22T10:21:19.464000+00:00,11348,41,1292,1.397,28.739
2026-08-22T10:21:19.761000+00:00,11348,5,1292,1.477,27.37
2026-08-22T10:21:19.980000+00:00,11348,18,1292,0.774,42.855
2026-08-22T10:21:20.042000+00:00,11348,30,1292,0.55,29.289
2026-08-22T10:21:20.136000+00:00,11348,3,1292,1.315,8.621
2026-08-22T10:21:20.167000+00:00,11348,16,1292,0.794,2.036
2026-08-22T10:21:20.464000+00:00,11348,10,1292,16.169,25.818
2026-08-22T10:21:20.480000+00:00,11348,41,1292,1.376,28.729
2026-08-22T10:21:20.573000+00:00,11348,1,1292,1.255,1.255
2026-08-22T10:21:20.698000+00:00,11348,43,1292,2.864,32.188
2026-08-22T10:21:20.792000+00:00,11348,14,1292,0.772,43.627
2026-08-22T10:21:20.902000+00:00,11348,12,1292,0.708,2.744
2026-08-22T10:21:20.917000+00:00,11348,31,1292,2.527,35.697
2026-08-22T10:21:20.980000+00:00,11348,44,1292,0.834,9.455
2026-08-22T10:21:21.021000+00:00,11348,30,1292,0.537,29.266
2026-08-22T10:21:21.097000+00:00,11348,41,1292,1.354,28.724
2026-08-22T10:21:21.348000+00:00,11348,16,1292,0.774,2.029
2026-08-22T10:21:21.648000+00:00,11348,30,1292,0.529,29.253
2026-08-22T10:21:21.698000+00:00,11348,22,1292,0.997,33.185
2026-08-22T10:21:21.798000+00:00,11348,77,1292,6.37,49.823
2026-08-22T10:21:21.956000+00:00,11348,87,1292,1.037,36.734
2026-08-22T10:21:22.056000+00:00,11348,12,1292,0.683,2.712
2026-08-22T10:21:22.115000+00:00,11348,5,1292,1.594,27.412
2026-08-22T10:21:22.347000+00:00,11348,81,1292,4.525,7.305
2026-08-22T10:21:22.504000+00:00,11348,10,1292,16.223,25.847
2026-08-22T10:21:22.918000+00:00,11348,43,1292,2.882,32.171
2026-08-22T10:21:23.275000+00:00,11348,23,1292,5.532,42.155
2026-08-22T10:21:23.345000+00:00,11348,41,1292,1.281,28.693
2026-08-22T10:21:23.486000+00:00,11348,55,1292,4.608,54.305
2026-08-22T10:21:23.611000+00:00,11348,3,1292,1.291,8.596
2026-08-22T10:21:23.861000+00:00,11348,30,1292,0.508,29.201
2026-08-22T10:21:23.861000+00:00,11348,1,1292,1.094,1.094
2026-08-22T10:21:23.939000+00:00,11348,43,1292,2.894,32.16
2026-08-22T10:21:23.973000+00:00,11348,22,1292,1.035,33.206
2026-08-22T10:21:24.033000+00:00,11348,18,1292,0.78,42.935
2026-08-22T10:21:24.049000+00:00,11348,5,1292,1.568,27.415
2026-08-22T10:21:24.252000+00:00,11348,31,1292,2.565,35.75
2026-08-22T10:21:24.502000+00:00,11348,44,1292,0.863,9.459
2026-08-22T10:21:24.564000+00:00,11348,43,1292,2.897,32.15
2026-08-22T10:21:24.642000+00:00,11348,16,1292,0.77,1.864
2026-08-22T10:21:24.814000+00:00,11348,14,1292,0.796,43.731
2026-08-22T10:21:24.955000+00:00,11348,22,1292,1.05,33.21
2026-08-22T10:21:25.267000+00:00,11348,87,1292,1.023,36.773
2026-08-22T10:21:25.377000+00:00,11348,41,1292,1.299,28.714
2026-08-22T10:21:25.424000+00:00,11348,12,1292,0.793,2.657
2026-08-22T10:21:25.455000+00:00,11348,81,1292,4.604,7.348
2026-08-22T10:21:25.580000+00:00,11348,22,1292,1.063,33.213
2026-08-22T10:21:25.955000+00:00,11348,30,1292,0.605,29.319
2026-08-22T10:21:26.314000+00:00,11348,55,1292,4.521,54.344
2026-08-22T10:21:26.502000+00:00,11348,31,1292,2.563,35.769
2026-08-22T10:21:26.877000+00:00,11348,81,1292,4.658,7.37
2026-08-22T10:21:26.892000+00:00,11348,43,1292,2.854,32.055
2026-08-22T10:21:26.908000+00:00,11348,3,1292,1.271,8.619
2026-08-22T10:21:27.111000+00:00,11348,77,1292,6.333,49.96
2026-08-22T10:21:27.551000+00:00,11348,87,1292,1.01,36.779
2026-08-22T10:21:27.552000+00:00,11348,31,1292,2.567,35.777
2026-08-22T10:21:27.598000+00:00,11348,23,1292,5.648,42.382
2026-08-22T10:21:27.635000+00:00,11348,44,1292,0.858,9.477
2026-08-22T10:21:27.670000+00:00,11348,10,1292,16.321,25.823
2026-08-22T10:21:27.732000+00:00,11348,1,1292,1.039,1.039
2026-08-22T10:21:27.848000+00:00,11348,22,1292,1.143,33.198
2026-08-22T10:21:27.956000+00:00,11348,3,1292,1.256,8.626
2026-08-22T10:21:28.214000+00:00,11348,31,1292,2.573,35.786
2026-08-22T10:21:28.320000+00:00,11348,18,1292,0.685,43.067
2026-08-22T10:21:28.498000+00:00,11348,16,1292,0.747,1.786
2026-08-22T10:21:28.525000+00:00,11348,87,1292,0.997,36.774
2026-08-22T10:21:28.672000+00:00,11348,43,1292,2.715,32.034
2026-08-22T10:21:28.783000+00:00,11348,44,1292,0.845,9.471
2026-08-22T10:21:29.195000+00:00,11348,14,1292,0.859,43.926
2026-08-22T10:21:29.248000+00:00,11348,87,1292,0.983,36.769
2026-08-22T10:21:29.259000+00:00,11348,5,1292,1.532,27.355
2026-08-22T10:21:29.429000+00:00,11348,12,1292,0.93,2.716
2026-08-22T10:21:29.848000+00:00,11348,22,1292,1.183,33.217
2026-08-22T10:21:29.976000+00:00,11348,81,1292,4.564,7.221
2026-08-22T10:21:30.234000+00:00,11348,10,1292,16.29,25.816
2026-08-22T10:21:30.468000+00:00,11348,31,1292,2.615,35.813
2026-08-22T10:21:30.597000+00:00,11348,41,1292,1.417,28.772
2026-08-22T10:21:30.933000+00:00,11348,23,1292,5.634,42.407
2026-08-22T10:21:30.964000+00:00,11348,1,1292,1.033,1.033
2026-08-22T10:21:31.132000+00:00,11348,77,1292,6.289,50.02
2026-08-22T10:21:31.199000+00:00,11348,30,1292,0.602,29.374
2026-08-22T10:21:31.391000+00:00,11348,87,1292,0.918,36.731
2026-08-22T10:21:31.401000+00:00,11348,3,1292,1.393,8.614
2026-08-22T10:21:31.608000+00:00,11348,55,1292,4.503,54.463
2026-08-22T10:21:31.618000+00:00,11348,18,1292,0.719,43.126
2026-08-22T10:21:31.736000+00:00,11348,16,1292,0.738,1.771
2026-08-22T10:21:31.769000+00:00,11348,5,1292,1.543,27.359
2026-08-22T10:21:32.132000+00:00,11348,44,1292,0.742,9.356
2026-08-22T10:21:32.475000+00:00,11348,14,1292,0.852,43.978
2026-08-22T10:21:32.518000+00:00,11348,31,1292,2.663,35.88
2026-08-22T10:21:32.732000+00:00,11348,12,1292,1.012,2.783
2026-08-22T10:21:33.157000+00:00,11348,23,1292,5.63,42.409
2026-08-22T10:21:33.199000+00:00,11348,41,1292,1.419,28.778
2026-08-22T10:21:33.229000+00:00,11348,10,1292,16.331,25.835
2026-08-22T10:21:33.448000+00:00,11348,87,1292,0.912,36.792
2026-08-22T10:21:33.798000+00:00,11348,30,1292,0.606,29.384
2026-08-22T10:21:33.891000+00:00,11348,43,1292,2.661,32.035
2026-08-22T10:21:33.896000+00:00,11348,18,1292,0.726,43.135
2026-08-22T10:21:33.901000+00:00,11348,81,1292,4.45,7.166
2026-08-22T10:21:34.156000+00:00,11348,23,1292,5.636,42.41
2026-08-22T10:21:34.732000+00:00,11348,14,1292,0.848,43.983
2026-08-22T10:21:34.798000+00:00,11348,23,1292,5.643,42.412
2026-08-22T10:21:34.815000+00:00,11348,5,1292,1.562,27.397
2026-08-22T10:21:34.867000+00:00,11348,18,1292,0.71,43.12
2026-08-22T10:21:35.020000+00:00,11348,22,1292,1.151,33.186
2026-08-22T10:21:35.319000+00:00,11348,3,1292,1.442,8.608
2026-08-22T10:21:35.477000+00:00,11348,18,1292,0.69,43.102
2026-08-22T10:21:35.495000+00:00,11348,77,1292,6.324,50.25
2026-08-22T10:21:35.513000+00:00,11348,1,1292,1.014,1.014
2026-08-22T10:21:35.629000+00:00,11348,55,1292,4.511,54.531
2026-08-22T10:21:35.746000+00:00,11348,14,1292,0.854,43.974
2026-08-22T10:21:36.084000+00:00,11348,44,1292,0.763,9.371
2026-08-22T10:21:36.284000+00:00,11348,41,1292,1.504,28.901
2026-08-22T10:21:36.342000+00:00,11348,16,1292,0.82,1.834
2026-08-22T10:21:36.342000+00:00,11348,14,1292,0.865,43.967
2026-08-22T10:21:36.518000+00:00,11348,43,1292,2.727,32.111
2026-08-22T10:21:36.902000+00:00,11348,30,1292,0.591,29.492
2026-08-22T10:21:37.061000+00:00,11348,23,1292,5.681,
2026-08-22T10:21:37.077000+00:00,11348,81,1292,4.371,7.154
2026-08-22T10:21:37.326000+00:00,11348,12,1292,0.994,2.828
2026-08-22T10:21:37.549000+00:00,11348,10,1292,16.596,26.051
2026-08-22T10:21:37.633000+00:00,11348,22,1292,1.097,33.208
2026-08-22T10:21:37.648000+00:00,11348,18,1292,0.584,42.996
2026-08-22T10:21:37.688000+00:00,11348,31,1292,2.677,35.863
2026-08-22T10:21:38.343000+00:00,11348,1,1292,1.051,1.051
2026-08-22T10:21:38.576000+00:00,11348,14,1292,0.92,43.916
2026-08-22T10:21:38.634000+00:00,11348,3,1292,1.47,8.624
2026-08-22T10:21:38.688000+00:00,11348,87,1292,0.955,36.818
2026-08-22T10:21:38.832000+00:00,11348,77,1292,6.35,50.328
2026-08-22T10:21:39.018000+00:00,11348,5,1292,1.446,27.497
2026-08-22T10:21:39.047000+00:00,11348,23,1292,5.629,42.421
2026-08-22T10:21:39.133000+00:00,11348,16,1292,0.809,1.86
2026-08-22T10:21:39.357000+00:00,11348,44,1292,0.796,9.42
2026-08-22T10:21:39.529000+00:00,11348,43,1292,2.641,32.133
2026-08-22T10:21:39.708000+00:00,11348,18,1292,0.623,43.044
2026-08-22T10:21:40.048000+00:00,11348,55,1292,4.577,54.827
2026-08-22T10:21:40.118000+00:00,11348,12,1292,0.976,2.836
2026-08-22T10:21:40.314000+00:00,11348,31,1292,2.671,35.879
2026-08-22T10:21:40.519000+00:00,11348,41,1292,1.49,28.987
2026-08-22T10:21:40.576000+00:00,11348,14,1292,0.889,43.933
2026-08-22T10:21:40.718000+00:00,11348,22,1292,1.188,33.321
2026-08-22T10:21:41.097000+00:00,11348,77,1292,6.375,50.358
2026-08-22T10:21:41.133000+00:00,11348,10,1292,16.622,26.081
2026-08-22T10:21:41.219000+00:00,11348,30,1292,0.707,29.694
2026-08-22T10:21:41.349000+00:00,11348,87,1292,1.054,36.933
2026-08-22T10:21:41.397000+00:00,11348,1,1292,1.099,1.099
2026-08-22T10:21:41.773000+00:00,11348,81,1292,4.455,7.283
2026-08-22T10:21:42.120000+00:00,11348,77,1292,6.399,50.373
2026-08-22T10:21:42.246000+00:00,11348,16,1292,0.86,1.959
2026-08-22T10:21:42.597000+00:00,11348,5,1292,1.471,27.552
2026-08-22T10:21:42.821000+00:00,11348,77,1292,6.417,50.384
2026-08-22T10:21:43.120000+00:00,11348,3,1292,1.348,8.631
2026-08-22T10:21:43.230000+00:00,11348,31,1292,2.527,35.848
2026-08-22T10:21:43.234000+00:00,11348,12,1292,0.969,2.928
2026-08-22T10:21:43.349000+00:00,11348,55,1292,4.556,54.884
2026-08-22T10:21:43.818000+00:00,11348,43,1292,2.615,32.309
2026-08-22T10:21:43.930000+00:00,11348,44,1292,0.813,9.444
2026-08-22T10:21:44.064000+00:00,11348,41,1292,1.466,29.018
2026-08-22T10:21:44.302000+00:00,11348,10,1292,16.652,26.129
2026-08-22T10:21:44.352000+00:00,11348,23,1292,5.717,42.535
2026-08-22T10:21:44.418000+00:00,11348,87,1292,1.198,37.046
2026-08-22T10:21:44.641000+00:00,11348,81,1292,4.492,7.328
2026-08-22T10:21:44.732000+00:00,11348,30,1292,0.698,29.716
2026-08-22T10:21:44.819000+00:00,11348,18,1292,0.445,42.98
2026-08-22T10:21:44.997000+00:00,11348,22,1292,1.173,33.482
2026-08-22T10:21:45.060000+00:00,11348,77,1292,6.491,50.407
2026-08-22T10:21:45.484000+00:00,11348,10,1292,16.679,26.15
2026-08-22T10:21:45.632000+00:00,11348,55,1292,4.526,
2026-08-22T10:21:45.772000+00:00,11348,5,1292,1.495,27.624
2026-08-22T10:21:45.797000+00:00,11348,14,1292,0.963,43.943
2026-08-22T10:21:45.898000+00:00,11348,3,1292,1.271,8.599
2026-08-22T10:21:46.573000+00:00,11348,1,1292,1.086,1.086
2026-08-22T10:21:46.648000+00:00,11348,55,1292,4.517,54.89
2026-08-22T10:21:46.900000+00:00,11348,44,1292,0.943,9.542
2026-08-22T10:21:47.118000+00:00,11348,5,1292,1.503,27.653
2026-08-22T10:21:47.133000+00:00,11348,23,1292,5.688,42.621
2026-08-22T10:21:47.205000+00:00,11348,41,1292,1.413,29.037
2026-08-22T10:21:47.309000+00:00,11348,77,1292,6.675,50.608
2026-08-22T10:21:47.329000+00:00,11348,55,1292,4.515,54.899
2026-08-22T10:21:47.432000+00:00,11348,43,1292,2.623,32.339
2026-08-22T10:21:47.453000+00:00,11348,16,1292,0.888,1.974
2026-08-22T10:21:47.519000+00:00,11348,18,1292,0.439,43.06
2026-08-22T10:21:47.553000+00:00,11348,31,1292,2.524,36.006
2026-08-22T10:21:47.701000+00:00,11348,81,1292,4.467,7.395
2026-08-22T10:21:47.858000+00:00,11348,30,1292,0.68,29.717
2026-08-22T10:21:48.333000+00:00,11348,12,1292,0.902,2.876
2026-08-22T10:21:48.368000+00:00,11348,41,1292,1.379,29.032
2026-08-22T10:21:48.398000+00:00,11348,14,1292,0.918,43.978
2026-08-22T10:21:48.548000+00:00,11348,22,1292,1.164,33.503
2026-08-22T10:21:48.708000+00:00,11348,87,1292,1.18,37.186
2026-08-22T10:21:49.022000+00:00,11348,3,1292,1.319,8.714
2026-08-22T10:21:49.035000+00:00,11348,30,1292,0.666,29.698
2026-08-22T10:21:49.048000+00:00,11348,10,1292,16.902,26.258
2026-08-22T10:21:49.400000+00:00,11348,1,1292,1.095,1.095
2026-08-22T10:21:49.555000+00:00,11348,55,1292,4.511,54.918
2026-08-22T10:21:49.819000+00:00,11348,44,1292,0.83,9.544
2026-08-22T10:21:50.159000+00:00,11348,16,1292,0.769,1.864
2026-08-22T10:21:50.180000+00:00,11348,23,1292,5.738,42.784
2026-08-22T10:21:50.333000+00:00,11348,5,1292,1.314,27.572
2026-08-22T10:21:50.521000+00:00,11348,43,1292,2.663,32.38
2026-08-22T10:21:50.590000+00:00,11348,18,1292,0.413,43.197
2026-08-22T10:21:51.053000+00:00,11348,12,1292,0.872,2.736
2026-08-22T10:21:51.119000+00:00,11348,31,1292,2.569,36.072
2026-08-22T10:21:51.449000+00:00,11348,14,1292,0.842,44.039
2026-08-22T10:21:51.629000+00:00,11348,55,1292,4.36,54.968
2026-08-22T10:21:51.698000+00:00,11348,22,1292,1.175,33.555
2026-08-22T10:21:51.719000+00:00,11348,43,1292,2.699,32.397
2026-08-22T10:21:51.876000+00:00,11348,41,1292,1.555,29.127
2026-08-22T10:21:52.297000+00:00,11348,87,1292,1.171,37.243
2026-08-22T10:21:52.376000+00:00,11348,77,1292,6.607,50.55
2026-08-22T10:21:52.548000+00:00,11348,30,1292,0.657,29.784
2026-08-22T10:21:52.878000+00:00,11348,81,1292,4.551,7.427
2026-08-22T10:21:52.899000+00:00,11348,22,1292,1.149,33.546
2026-08-22T10:21:53.033000+00:00,11348,10,1292,16.969,26.34
2026-08-22T10:21:54.219000+00:00,11348,3,1292,1.34,8.767
2026-08-22T10:21:54.317000+00:00,11348,31,1292,2.6,36.155
2026-08-22T10:21:54.317000+00:00,11348,5,1292,1.24,27.58
2026-08-22T10:21:54.536000+00:00,11348,23,1292,5.828,43.014
2026-08-22T10:21:54.588000+00:00,11348,1,1292,1.179,1.179
2026-08-22T10:21:54.899000+00:00,11348,18,1292,0.377,43.391
2026-08-22T10:21:55.032000+00:00,11348,44,1292,0.826,9.593
2026-08-22T10:21:55.032000+00:00,11348,77,1292,6.639,50.617
2026-08-22T10:21:55.176000+00:00,11348,43,1292,2.618,32.402
2026-08-22T10:21:55.398000+00:00,11348,16,1292,0.795,1.974
2026-08-22T10:21:55.455000+00:00,11348,87,1292,1.151,37.306
2026-08-22T10:21:55.518000+00:00,11348,31,1292,2.641,36.187
2026-08-22T10:21:55.660000+00:00,11348,14,1292,0.755,44.146
2026-08-22T10:21:55.678000+00:00,11348,81,1292,4.636,7.372
2026-08-22T10:21:55.959000+00:00,11348,41,1292,1.682,29.262
2026-08-22T10:21:56.176000+00:00,11348,12,1292,0.8,2.774
2026-08-22T10:21:56.376000+00:00,11348,22,1292,1.224,33.626
2026-08-22T10:21:56.403000+00:00,11348,10,1292,17.051,26.471
2026-08-22T10:21:56.533000+00:00,11348,30,1292,0.583,29.845
2026-08-22T10:21:56.623000+00:00,11348,87,1292,1.134,37.321
2026-08-22T10:21:56.932000+00:00,11348,55,1292,4.557,55.107
2026-08-22T10:21:57.066000+00:00,11348,3,1292,1.391,8.763
2026-08-22T10:21:57.564000+00:00,11348,5,1292,1.162,27.633
2026-08-22T10:21:57.847000+00:00,11348,44,1292,0.769,9.532
2026-08-22T10:21:58.133000+00:00,11348,23,1292,5.845,43.088
2026-08-22T10:21:58.232000+00:00,11348,77,1292,6.791,50.83
2026-08-22T10:21:58.506000+00:00,11348,18,1292,0.372,43.46
2026-08-22T10:21:58.571000+00:00,11348,1,1292,1.178,1.178
2026-08-22T10:21:58.948000+00:00,11348,31,1292,2.557,36.183
2026-08-22T10:21:59.218000+00:00,11348,43,1292,2.66,32.505
2026-08-22T10:21:59.264000+00:00,11348,14,1292,0.781,44.241
2026-08-22T10:21:59.334000+00:00,11348,41,1292,1.744,29.377
2026-08-22T10:21:59.398000+00:00,11348,16,1292,0.826,2.004
2026-08-22T10:21:59.597000+00:00,11348,55,1292,4.566,55.183
2026-08-22T10:21:59.998000+00:00,11348,30,1292,0.676,30.053
2026-08-22T10:22:00.118000+00:00,11348,87,1292,1.181,37.364
2026-08-22T10:22:00.153000+00:00,11348,12,1292,0.748,2.752
2026-08-22T10:22:00.449000+00:00,11348,22,1292,1.22,33.725
2026-08-22T10:22:00.899000+00:00,11348,81,1292,4.718,7.492
2026-08-22T10:22:01.086000+00:00,11348,10,1292,17.187,26.631
2026-08-22T10:22:01.274000+00:00,11348,23,1292,5.812,43.118
2026-08-22T10:22:01.742000+00:00,11348,18,1292,0.445,43.563
2026-08-22T10:22:02.133000+00:00,11348,5,1292,1.023,27.654
2026-08-22T10:22:02.227000+00:00,11348,3,1292,1.324,8.816
2026-08-22T10:22:02.445000+00:00,11348,23,1292,5.803,43.124
2026-08-22T10:22:02.586000+00:00,11348,14,1292,0.875,44.438
2026-08-22T10:22:02.603000+00:00,11348,43,1292,2.6,32.653
2026-08-22T10:22:02.617000+00:00,11348,77,1292,6.962,51.108
2026-08-22T10:22:02.695000+00:00,11348,55,1292,4.468,55.298
2026-08-22T10:22:02.742000+00:00,11348,1,1292,1.209,1.209
2026-08-22T10:22:02.930000+00:00,11348,18,1292,0.492,43.616
2026-08-22T10:22:02.992000+00:00,11348,31,1292,2.534,36.259
2026-08-22T10:22:03.008000+00:00,11348,44,1292,0.751,9.567
2026-08-22T10:22:03.477000+00:00,11348,16,1292,0.758,1.967
2026-08-22T10:22:03.789000+00:00,11348,22,1292,,33.873
2026-08-22T10:22:03.836000+00:00,11348,14,1292,0.9,44.516
2026-08-22T10:22:03.961000+00:00,11348,41,1292,1.836,29.49
2026-08-22T10:22:04.024000+00:00,11348,10,1292,17.216,26.758
2026-08-22T10:22:04.180000+00:00,11348,87,1292,1.2,37.459
2026-08-22T10:22:04.336000+00:00,11348,12,1292,0.821,2.788
2026-08-22T10:22:04.758000+00:00,11348,30,1292,0.77,30.26
2026-08-22T10:22:04.836000+00:00,11348,81,1292,4.688,7.44
2026-08-22T10:22:05.024000+00:00,11348,5,1292,0.969,27.727
2026-08-22T10:22:05.961000+00:00,11348,23,1292,5.839,43.203
2026-08-22T10:22:06.024000+00:00,11348,1,1292,1.216,1.216
2026-08-22T10:22:06.211000+00:00,11348,3,1292,1.366,8.806
2026-08-22T10:22:06.320000+00:00,11348,77,1292,6.963,51.204
2026-08-22T10:22:06.336000+00:00,11348,31,1292,2.512,36.385
2026-08-22T10:22:06.461000+00:00,11348,18,1292,0.501,43.704
2026-08-22T10:22:06.742000+00:00,11348,16,1292,0.717,1.933
2026-08-22T10:22:06.867000+00:00,11348,41,1292,1.824,29.551
2026-08-22T10:22:06.992000+00:00,11348,55,1292,4.364,55.472
2026-08-22T10:22:07.039000+00:00,11348,44,1292,0.803,9.609
2026-08-22T10:22:07.180000+00:00,11348,10,1292,17.284,26.828
2026-08-22T10:22:07.367000+00:00,11348,43,1292,2.581,32.841
2026-08-22T10:22:07.430000+00:00,11348,14,1292,0.902,44.606
2026-08-22T10:22:07.524000+00:00,11348,87,1292,1.208,37.593
2026-08-22T10:22:07.570000+00:00,11348,12,1292,0.833,2.766
2026-08-22T10:22:07.586000+00:00,11348,30,1292,0.759,30.31
2026-08-22T10:22:08.223000+00:00,11348,5,1292,1.093,27.921
2026-08-22T10:22:08.272000+00:00,11348,1,1292,1.213,1.213
2026-08-22T10:22:08.530000+00:00,11348,22,1292,1.209,34.05
2026-08-22T10:22:08.738000+00:00,11348,63,1292,0.0,0.0
2026-08-22T10:22:08.965000+00:00,11348,81,1292,4.663,7.451
2026-08-22T10:22:08.975000+00:00,11348,16,1292,0.685,1.898
2026-08-22T10:22:09.291000+00:00,11348,1,1292,1.21,1.21
2026-08-22T10:22:09.463000+00:00,11348,77,1292,6.884,51.322
2026-08-22T10:22:09.760000+00:00,11348,12,1292,0.82,2.718
2026-08-22T10:22:09.932000+00:00,11348,1,1292,1.206,1.206
2026-08-22T10:22:09.947000+00:00,11348,16,1292,0.655,1.865
2026-08-22T10:22:10.088000+00:00,11348,23,1292,5.892,43.351
2026-08-22T10:22:10.104000+00:00,11348,41,1292,1.853,29.774
2026-08-22T10:22:10.244000+00:00,11348,43,1292,2.666,32.976
2026-08-22T10:22:10.354000+00:00,11348,3,1292,1.354,8.805
2026-08-22T10:22:10.541000+00:00,11348,16,1292,0.634,1.84
2026-08-22T10:22:10.572000+00:00,11348,55,1292,4.32,55.524
2026-08-22T10:22:10.635000+00:00,11348,18,1292,0.538,43.889
2026-08-22T10:22:10.775000+00:00,11348,77,1292,6.858,51.374
2026-08-22T10:22:10.775000+00:00,11348,30,1292,0.713,30.487
2026-08-22T10:22:10.775000+00:00,11348,12,1292,0.816,2.681
2026-08-22T10:22:11.104000+00:00,11348,31,1292,2.57,36.62
2026-08-22T10:22:11.166000+00:00,11348,44,1292,0.837,9.642
2026-08-22T10:22:11.369000+00:00,11348,14,1292,0.748,44.637
2026-08-22T10:22:11.400000+00:00,11348,12,1292,0.813,2.653
2026-08-22T10:22:11.463000+00:00,11348,22,1292,1.199,34.175
2026-08-22T10:22:12.166000+00:00,11348,1,1292,1.187,1.187
2026-08-22T10:22:12.229000+00:00,11348,10,1292,17.2,26.793
2026-08-22T10:22:12.260000+00:00,11348,81,1292,4.684,7.45
2026-08-22T10:22:12.338000+00:00,11348,87,1292,1.253,37.873
2026-08-22T10:22:12.682000+00:00,11348,16,1292,0.541,1.728
2026-08-22T10:22:13.479000+00:00,11348,5,1292,1.207,28.0
2026-08-22T10:22:13.479000+00:00,11348,23,1292,5.909,43.502
2026-08-22T10:22:13.479000+00:00,11348,43,1292,2.696,33.183
2026-08-22T10:22:13.510000+00:00,11348,12,1292,0.815,2.543
2026-08-22T10:22:13.604000+00:00,11348,3,1292,1.336,8.786
2026-08-22T10:22:13.666000+00:00,11348,55,1292,4.204,55.526
2026-08-22T10:22:14.072000+00:00,11348,18,1292,0.629,44.131
2026-08-22T10:22:14.072000+00:00,11348,31,1292,2.615,36.79
2026-08-22T10:22:14.119000+00:00,11348,1,1292,1.137,1.137
2026-08-22T10:22:14.322000+00:00,11348,77,1292,6.945,51.551
2026-08-22T10:22:14.447000+00:00,11348,44,1292,0.85,9.636
2026-08-22T10:22:14.525000+00:00,11348,81,1292,4.732,
2026-08-22T10:22:14.619000+00:00,11348,22,1292,1.149,34.332
2026-08-22T10:22:14.697000+00:00,11348,16,1292,0.567,1.704
2026-08-22T10:22:14.729000+00:00,11348,14,1292,0.657,44.788
2026-08-22T10:22:14.822000+00:00,11348,55,1292,4.14,55.514
2026-08-22T10:22:15.166000+00:00,11348,10,1292,17.323,26.855
2026-08-22T10:22:15.275000+00:00,11348,41,1292,1.821,29.821
2026-08-22T10:22:15.385000+00:00,11348,87,1292,1.335,38.125
2026-08-22T10:22:15.416000+00:00,11348,12,1292,0.734,2.438
2026-08-22T10:22:15.510000+00:00,11348,81,1292,4.772,7.453
2026-08-22T10:22:15.854000+00:00,11348,3,1292,1.344,8.794
2026-08-22T10:22:15.947000+00:00,11348,30,1292,0.687,30.508
2026-08-22T10:22:16.150000+00:00,11348,81,1292,4.806,7.459
2026-08-22T10:22:16.307000+00:00,11348,5,1292,1.135,27.99
2026-08-22T10:22:16.666000+00:00,11348,44,1292,0.821,9.615
2026-08-22T10:22:16.885000+00:00,11348,3,1292,1.358,8.811
2026-08-22T10:22:17.307000+00:00,11348,31,1292,2.678,37.01
2026-08-22T10:22:17.525000+00:00,11348,3,1292,1.373,8.832
2026-08-22T10:22:17.682000+00:00,11348,44,1292,0.771,9.582
2026-08-22T10:22:18.182000+00:00,11348,41,1292,1.892,29.882
2026-08-22T10:22:18.197000+00:00,11348,23,1292,5.843,43.716
2026-08-22T10:22:18.291000+00:00,11348,44,1292,0.719,9.551
2026-08-22T10:22:18.525000+00:00,11348,81,1292,4.935,7.478
2026-08-22T10:22:18.525000+00:00,11348,55,1292,4.157,55.708
2026-08-22T10:22:18.541000+00:00,11348,77,1292,7.124,51.761
2026-08-22T10:22:18.541000+00:00,11348,87,1292,1.23,38.24
2026-08-22T10:22:18.666000+00:00,11348,43,1292,2.714,33.222
2026-08-22T10:22:18.744000+00:00,11348,18,1292,0.542,44.258
2026-08-22T10:22:18.854000+00:00,11348,30,1292,0.671,30.553
2026-08-22T10:22:19.307000+00:00,11348,1,1292,1.168,1.168
2026-08-22T10:22:19.385000+00:00,11348,14,1292,0.638,44.896
2026-08-22T10:22:19.807000+00:00,11348,22,1292,1.115,34.337
2026-08-22T10:22:19.838000+00:00,11348,3,1292,1.399,8.877
2026-08-22T10:22:19.869000+00:00,11348,16,1292,0.578,1.746
2026-08-22T10:22:20.385000+00:00,11348,44,1292,0.525,9.402
2026-08-22T10:22:20.416000+00:00,11348,81,1292,4.975,7.413
2026-08-22T10:22:20.432000+00:00,11348,10,1292,17.424,26.991
2026-08-22T10:22:20.577000+00:00,11348,12,1292,0.7,2.446
2026-08-22T10:22:21.158000+00:00,11348,23,1292,5.754,43.879
2026-08-22T10:22:21.532000+00:00,11348,43,1292,2.685,33.238
2026-08-22T10:22:21.548000+00:00,11348,5,1292,1.113,28.104
2026-08-22T10:22:21.633000+00:00,11348,18,1292,0.476,44.355
2026-08-22T10:22:21.850000+00:00,11348,3,1292,1.457,8.87
2026-08-22T10:22:21.884000+00:00,11348,1,1292,1.151,1.151
2026-08-22T10:22:21.898000+00:00,11348,77,1292,7.182,51.97
2026-08-22T10:22:22.391000+00:00,11348,44,1292,0.485,9.355
2026-08-22T10:22:22.398000+00:00,11348,14,1292,0.711,45.066
2026-08-22T10:22:22.453000+00:00,11348,16,1292,0.579,1.73
2026-08-22T10:22:22.481000+00:00,11348,31,1292,2.7,37.037
2026-08-22T10:22:22.648000+00:00,11348,55,1292,4.173,55.934
2026-08-22T10:22:22.679000+00:00,11348,22,1292,1.152,34.39
2026-08-22T10:22:23.160000+00:00,11348,12,1292,0.695,2.425
2026-08-22T10:22:23.451000+00:00,11348,41,1292,1.922,30.026
2026-08-22T10:22:23.748000+00:00,11348,87,1292,1.238,38.275
2026-08-22T10:22:24.176000+00:00,11348,30,1292,0.72,30.746
2026-08-22T10:22:24.335000+00:00,11348,23,1292,5.795,44.035
2026-08-22T10:22:24.477000+00:00,11348,10,1292,17.475,27.084
2026-08-22T10:22:24.799000+00:00,11348,1,1292,1.097,1.097
2026-08-22T10:22:24.983000+00:00,11348,18,1292,0.668,44.703
2026-08-22T10:22:25.417000+00:00,11348,16,1292,0.575,1.672
2026-08-22T10:22:25.417000+00:00,11348,31,1292,2.712,37.102
2026-08-22T10:22:25.433000+00:00,11348,14,1292,0.44,45.143
2026-08-22T10:22:25.527000+00:00,11348,81,1292,4.936,7.382
2026-08-22T10:22:25.542000+00:00,11348,5,1292,1.042,28.126
2026-08-22T10:22:25.996000+00:00,11348,55,1292,4.105,56.075
2026-08-22T10:22:26.089000+00:00,11348,12,1292,0.702,2.374
2026-08-22T10:22:26.621000+00:00,11348,77,1292,7.18,52.076
2026-08-22T10:22:26.636000+00:00,11348,87,1292,1.215,38.317
2026-08-22T10:22:26.792000+00:00,11348,43,1292,2.628,33.374
2026-08-22T10:22:26.949000+00:00,11348,3,1292,1.415,8.797
2026-08-22T10:22:27.449000+00:00,11348,41,1292,1.904,30.03
2026-08-22T10:22:27.527000+00:00,11348,44,1292,0.598,9.395
2026-08-22T10:22:27.917000+00:00,11348,22,1292,1.143,34.517
2026-08-22T10:22:28.089000+00:00,11348,81,1292,4.949,7.374
2026-08-22T10:22:28.199000+00:00,11348,30,1292,0.762,30.792
2026-08-22T10:22:28.730000+00:00,11348,10,1292,17.551,27.193
2026-08-22T10:22:28.839000+00:00,11348,1,1292,1.103,1.103
2026-08-22T10:22:29.464000+00:00,11348,3,1292,1.382,8.756
2026-08-22T10:22:29.543000+00:00,11348,16,1292,0.678,1.781
2026-08-22T10:22:29.543000+00:00,11348,77,1292,7.185,52.251
2026-08-22T10:22:29.589000+00:00,11348,23,1292,5.864,44.139
2026-08-22T10:22:29.777000+00:00,11348,5,1292,1.064,28.257
2026-08-22T10:22:30.074000+00:00,11348,18,1292,0.479,44.618
2026-08-22T10:22:30.121000+00:00,11348,44,1292,0.646,9.402
2026-08-22T10:22:30.168000+00:00,11348,12,1292,0.667,2.448
2026-08-22T10:22:30.636000+00:00,11348,14,1292,0.525,
2026-08-22T10:22:30.636000+00:00,11348,31,1292,2.691,37.208
2026-08-22T10:22:30.761000+00:00,11348,55,1292,4.21,56.286
2026-08-22T10:22:30.793000+00:00,11348,43,1292,2.627,33.419
2026-08-22T10:22:30.996000+00:00,11348,81,1292,4.923,7.297
2026-08-22T10:22:31.652000+00:00,11348,41,1292,1.851,30.108
2026-08-22T10:22:31.918000+00:00,11348,87,1292,1.284,38.492
2026-08-22T10:22:31.980000+00:00,11348,22,1292,1.167,34.586
2026-08-22T10:22:32.058000+00:00,11348,10,1292,17.574,27.21
2026-08-22T10:22:32.324000+00:00,11348,1,1292,1.085,1.085
2026-08-22T10:22:32.418000+00:00,11348,23,1292,5.804,44.121
2026-08-22T10:22:32.433000+00:00,11348,3,1292,1.425,8.722
2026-08-22T10:22:32.464000+00:00,11348,30,1292,0.83,30.938
2026-08-22T10:22:32.730000+00:00,11348,77,1292,7.291,52.434
2026-08-22T10:22:33.027000+00:00,11348,16,1292,0.704,1.789
2026-08-22T10:22:33.074000+00:00,11348,18,1292,0.639,44.76
2026-08-22T10:22:33.089000+00:00,11348,5,1292,1.061,28.271
2026-08-22T10:22:33.136000+00:00,11348,44,1292,0.693,9.415
2026-08-22T10:22:33.589000+00:00,11348,14,1292,0.538,45.298
2026-08-22T10:22:33.714000+00:00,11348,12,1292,0.674,2.463
2026-08-22T10:22:33.897000+00:00,11348,55,1292,4.266,56.517
2026-08-22T10:22:34.276000+00:00,11348,10,1292,17.587,27.202
2026-08-22T10:22:34.650000+00:00,11348,31,1292,2.657,37.243
2026-08-22T10:22:34.919000+00:00,11348,41,1292,1.832,30.103
2026-08-22T10:22:35.059000+00:00,11348,81,1292,4.846,7.294
2026-08-22T10:22:35.077000+00:00,11348,43,1292,2.59,33.528
2026-08-22T10:22:35.258000+00:00,11348,10,1292,17.614,27.196
2026-08-22T10:22:35.332000+00:00,11348,5,1292,1.063,28.265
2026-08-22T10:22:35.459000+00:00,11348,1,1292,1.086,1.086
2026-08-22T10:22:35.805000+00:00,11348,30,1292,0.844,30.947
2026-08-22T10:22:35.898000+00:00,11348,10,1292,17.638,27.189
2026-08-22T10:22:35.937000+00:00,11348,87,1292,1.308,38.551
2026-08-22T10:22:36.139000+00:00,11348,16,1292,0.685,1.771
2026-08-22T10:22:36.298000+00:00,11348,22,1292,1.217,34.745
2026-08-22T10:22:36.332000+00:00,11348,5,1292,1.076,28.272
2026-08-22T10:22:36.553000+00:00,11348,3,1292,1.525,8.819
2026-08-22T10:22:36.629000+00:00,11348,1,1292,1.084,1.084
2026-08-22T10:22:36.779000+00:00,11348,12,1292,0.641,2.412
2026-08-22T10:22:36.899000+00:00,11348,55,1292,4.19,56.624
2026-08-22T10:22:36.999000+00:00,11348,5,1292,1.095,28.284
2026-08-22T10:22:37.152000+00:00,11348,41,1292,1.822,30.087
2026-08-22T10:22:37.203000+00:00,11348,44,1292,0.644,9.463
2026-08-22T10:22:37.292000+00:00,11348,16,1292,0.663,1.747
2026-08-22T10:22:37.730000+00:00,11348,23,1292,5.824,44.316
2026-08-22T10:22:37.911000+00:00,11348,12,1292,0.619,2.366
2026-08-22T10:22:37.952000+00:00,11348,77,1292,7.367,52.51
2026-08-22T10:22:38.019000+00:00,11348,30,1292,0.834,30.921
2026-08-22T10:22:38.098000+00:00,11348,10,1292,17.712,27.114
2026-08-22T10:22:38.200000+00:00,11348,41,1292,1.813,30.085
2026-08-22T10:22:38.369000+00:00,11348,43,1292,2.576,33.523
2026-08-22T10:22:38.399000+00:00,11348,18,1292,0.646,44.962
2026-08-22T10:22:38.564000+00:00,11348,81,1292,4.86,7.323
2026-08-22T10:22:38.798000+00:00,11348,41,1292,1.805,30.089
2026-08-22T10:22:38.898000+00:00,11348,31,1292,2.608,37.353
2026-08-22T10:22:38.930000+00:00,11348,14,1292,0.525,45.487
2026-08-22T10:22:38.977000+00:00,11348,30,1292,0.826,30.911
2026-08-22T10:22:39.298000+00:00,11348,5,1292,1.196,28.31
2026-08-22T10:22:39.564000+00:00,11348,22,1292,1.239,34.762
2026-08-22T10:22:39.606000+00:00,11348,30,1292,0.819,30.908
2026-08-22T10:22:39.919000+00:00,11348,1,1292,0.924,0.924
2026-08-22T10:22:40.072000+00:00,11348,3,1292,1.494,8.817
2026-08-22T10:22:40.119000+00:00,11348,10,1292,17.776,27.131
2026-08-22T10:22:40.176000+00:00,11348,87,1292,1.281,38.634
2026-08-22T10:22:40.564000+00:00,11348,43,1292,,33.497
2026-08-22T10:22:40.619000+00:00,11348,16,1292,0.689,1.613
2026-08-22T10:22:40.738000+00:00,11348,44,1292,0.673,9.49
2026-08-22T10:22:40.898000+00:00,11348,77,1292,7.301,52.599
2026-08-22T10:22:41.092000+00:00,11348,41,1292,1.784,30.094
2026-08-22T10:22:41.276000+00:00,11348,5,1292,1.164,28.295
2026-08-22T10:22:41.319000+00:00,11348,12,1292,0.713,2.326
2026-08-22T10:22:41.564000+00:00,11348,43,1292,2.574,33.485
2026-08-22T10:22:41.698000+00:00,11348,81,1292,4.934,7.346
2026-08-22T10:22:41.784000+00:00,11348,23,1292,5.843,44.394
2026-08-22T10:22:41.850000+00:00,11348,22,1292,1.28,34.777
2026-08-22T10:22:41.866000+00:00,11348,30,1292,0.8,30.894
2026-08-22T10:22:42.233000+00:00,11348,43,1292,2.565,33.473
2026-08-22T10:22:42.233000+00:00,11348,55,1292,4.225,56.735
2026-08-22T10:22:42.233000+00:00,11348,31,1292,2.628,37.39
2026-08-22T10:22:42.468000+00:00,11348,18,1292,0.645,45.039
2026-08-22T10:22:42.889000+00:00,11348,22,1292,1.297,34.782
2026-08-22T10:22:42.936000+00:00,11348,81,1292,4.989,7.355
2026-08-22T10:22:43.030000+00:00,11348,14,1292,0.56,45.599
2026-08-22T10:22:43.061000+00:00,11348,41,1292,1.749,30.044
2026-08-22T10:22:43.186000+00:00,11348,3,1292,1.478,8.824
2026-08-22T10:22:43.468000+00:00,11348,87,1292,1.269,38.659
2026-08-22T10:22:43.468000+00:00,11348,22,1292,1.308,34.781
2026-08-22T10:22:43.796000+00:00,11348,1,1292,0.862,0.862
2026-08-22T10:22:43.874000+00:00,11348,44,1292,0.69,9.514
2026-08-22T10:22:43.921000+00:00,11348,30,1292,0.883,30.927
2026-08-22T10:22:44.343000+00:00,11348,43,1292,2.48,33.374
2026-08-22T10:22:44.374000+00:00,11348,3,1292,1.463,8.818
2026-08-22T10:22:44.468000+00:00,11348,31,1292,2.626,37.403
2026-08-22T10:22:44.499000+00:00,11348,16,1292,,1.551
2026-08-22T10:22:45.014000+00:00,11348,55,1292,4.118,56.717
2026-08-22T10:22:45.061000+00:00,11348,44,1292,0.697,9.515
2026-08-22T10:22:45.311000+00:00,11348,10,1292,17.798,27.193
2026-08-22T10:22:45.327000+00:00,11348,12,1292,0.851,2.402
2026-08-22T10:22:45.483000+00:00,11348,31,1292,2.628,37.41
2026-08-22T10:22:45.764000+00:00,11348,22,1292,1.381,34.755
2026-08-22T10:22:45.764000+00:00,11348,87,1292,1.258,38.661
2026-08-22T10:22:46.251000+00:00,11348,31,1292,2.637,37.418
2026-08-22T10:22:46.264000+00:00,11348,77,1292,7.224,52.711
2026-08-22T10:22:46.327000+00:00,11348,81,1292,4.842,7.168
2026-08-22T10:22:46.327000+00:00,11348,23,1292,6.002,44.636
2026-08-22T10:22:46.343000+00:00,11348,43,1292,2.42,33.347
2026-08-22T10:22:46.499000+00:00,11348,5,1292,1.177,28.37
2026-08-22T10:22:46.811000+00:00,11348,87,1292,1.248,38.658
2026-08-22T10:22:46.983000+00:00,11348,18,1292,0.747,45.383
2026-08-22T10:22:47.343000+00:00,11348,14,1292,0.394,45.777
2026-08-22T10:22:47.405000+00:00,11348,87,1292,1.238,38.656
2026-08-22T10:22:47.718000+00:00,11348,22,1292,1.391,34.738
2026-08-22T10:22:47.770000+00:00,11348,16,1292,0.718,1.58
2026-08-22T10:22:47.780000+00:00,11348,3,1292,1.598,8.766
2026-08-22T10:22:47.932000+00:00,11348,10,1292,17.799,27.201
2026-08-22T10:22:48.276000+00:00,11348,41,1292,1.785,30.155
2026-08-22T10:22:48.366000+00:00,11348,44,1292,0.606,9.372
2026-08-22T10:22:48.402000+00:00,11348,31,1292,2.687,37.442
2026-08-22T10:22:48.668000+00:00,11348,12,1292,0.892,2.472
2026-08-22T10:22:49.089000+00:00,11348,5,1292,1.159,28.36
2026-08-22T10:22:49.219000+00:00,11348,30,1292,0.933,31.088
2026-08-22T10:22:49.464000+00:00,11348,23,1292,6.0,44.659
2026-08-22T10:22:49.650000+00:00,11348,87,1292,1.2,38.642
2026-08-22T10:22:50.076000+00:00,11348,81,1292,4.713,7.115
2026-08-22T10:22:50.176000+00:00,11348,77,1292,7.193,52.792
2026-08-22T10:22:50.266000+00:00,11348,18,1292,0.795,45.454
2026-08-22T10:22:50.293000+00:00,11348,55,1292,4.162,56.873
2026-08-22T10:22:50.455000+00:00,11348,31,1292,2.724,37.462
2026-08-22T10:22:50.578000+00:00,11348,14,1292,0.328,45.782
2026-08-22T10:22:50.876000+00:00,11348,41,1292,1.793,30.153
2026-08-22T10:22:50.974000+00:00,11348,10,1292,17.834,27.249
2026-08-22T10:22:51.548000+00:00,11348,43,1292,2.301,33.389
2026-08-22T10:22:51.647000+00:00,11348,1,1292,0.92,0.92
2026-08-22T10:22:51.678000+00:00,11348,87,1292,1.215,38.677
2026-08-22T10:22:51.699000+00:00,11348,3,1292,1.601,8.716
2026-08-22T10:22:51.733000+00:00,11348,23,1292,5.992,44.653
2026-08-22T10:22:51.784000+00:00,11348,30,1292,0.923,31.076
2026-08-22T10:22:52.115000+00:00,11348,5,1292,1.149,28.398
2026-08-22T10:22:52.253000+00:00,11348,44,1292,0.591,9.307
2026-08-22T10:22:52.398000+00:00,11348,16,1292,0.762,1.682
2026-08-22T10:22:52.520000+00:00,11348,18,1292,0.805,45.458
2026-08-22T10:22:52.737000+00:00,11348,23,1292,5.993,44.651
2026-08-22T10:22:52.798000+00:00,11348,14,1292,0.274,45.732
2026-08-22T10:22:52.917000+00:00,11348,22,1292,1.385,34.774
2026-08-22T10:22:53.219000+00:00,11348,81,1292,4.576,7.048
2026-08-22T10:22:53.298000+00:00,11348,12,1292,0.902,2.584
2026-08-22T10:22:53.453000+00:00,11348,23,1292,5.992,44.648
2026-08-22T10:22:53.536000+00:00,11348,18,1292,0.796,45.447
2026-08-22T10:22:53.766000+00:00,11348,14,1292,0.237,45.684
2026-08-22T10:22:53.948000+00:00,11348,41,1292,1.828,30.226
2026-08-22T10:22:54.133000+00:00,11348,18,1292,0.789,45.437
2026-08-22T10:22:54.173000+00:00,11348,43,1292,2.373,33.449
2026-08-22T10:22:54.349000+00:00,11348,14,1292,0.203,45.64
2026-08-22T10:22:54.388000+00:00,11348,55,1292,4.207,56.999
2026-08-22T10:22:54.534000+00:00,11348,1,1292,1.023,1.023
2026-08-22T10:22:54.619000+00:00,11348,77,1292,7.303,53.08
2026-08-22T10:22:54.848000+00:00,11348,30,1292,0.918,31.144
2026-08-22T10:22:54.898000+00:00,11348,3,1292,1.675,8.723
2026-08-22T10:22:55.198000+00:00,11348,10,1292,17.999,27.462
2026-08-22T10:22:55.219000+00:00,11348,16,1292,0.676,1.699
2026-08-22T10:22:55.523000+00:00,11348,22,1292,1.331,34.78
2026-08-22T10:22:55.532000+00:00,11348,44,1292,0.617,9.34
2026-08-22T10:22:55.586000+00:00,11348,23,1292,5.987,44.629
2026-08-22T10:22:55.650000+00:00,11348,31,1292,2.742,37.516
2026-08-22T10:22:56.124000+00:00,11348,12,1292,0.914,2.613
2026-08-22T10:22:56.354000+00:00,11348,18,1292,0.75,45.379
2026-08-22T10:22:56.423000+00:00,11348,5,1292,1.132,28.594
2026-08-22T10:22:56.454000+00:00,11348,14,1292,0.068,45.447
2026-08-22T10:22:56.844000+00:00,11348,87,1292,1.197,38.713
2026-08-22T10:22:57.141000+00:00,11348,43,1292,2.292,33.436
2026-08-22T10:22:57.532000+00:00,11348,1,1292,1.099,1.099
2026-08-22T10:22:57.594000+00:00,11348,23,1292,5.938,44.615
2026-08-22T10:22:57.844000+00:00,11348,81,1292,4.543,7.127
2026-08-22T10:22:57.938000+00:00,11348,77,1292,7.355,53.137
2026-08-22T10:22:58.219000+00:00,11348,41,1292,1.855,30.449
2026-08-22T10:22:58.235000+00:00,11348,31,1292,2.727,37.507
2026-08-22T10:22:58.313000+00:00,11348,16,1292,0.732,1.831
2026-08-22T10:22:58.423000+00:00,11348,18,1292,0.82,45.435
2026-08-22T10:22:58.516000+00:00,11348,14,1292,0.094,45.529
2026-08-22T10:22:58.563000+00:00,11348,22,1292,1.422,34.858
2026-08-22T10:22:58.735000+00:00,11348,10,1292,18.007,27.497
2026-08-22T10:22:58.844000+00:00,11348,55,1292,4.189,57.269
2026-08-22T10:22:59.094000+00:00,11348,30,1292,0.917,31.366
2026-08-22T10:22:59.188000+00:00,11348,12,1292,0.907,2.738
2026-08-22T10:22:59.407000+00:00,11348,3,1292,1.564,8.691
2026-08-22T10:22:59.501000+00:00,11348,87,1292,1.259,38.766
2026-08-22T10:22:59.891000+00:00,11348,5,1292,1.17,28.667
2026-08-22T10:23:00.126000+00:00,11348,44,1292,0.706,9.397
2026-08-22T10:23:00.235000+00:00,11348,77,1292,7.427,53.159
2026-08-22T10:23:00.704000+00:00,11348,81,1292,4.589,7.202
2026-08-22T10:23:01.173000+00:00,11348,31,1292,2.592,37.45
2026-08-22T10:23:01.235000+00:00,11348,77,1292,7.486,53.17
2026-08-22T10:23:01.501000+00:00,11348,43,1292,2.388,33.754
2026-08-22T10:23:01.752000+00:00,11348,41,1292,1.827,30.494
2026-08-22T10:23:01.932000+00:00,11348,10,1292,18.013,27.527
2026-08-22T10:23:01.933000+00:00,11348,77,1292,7.536,53.176
2026-08-22T10:23:02.133000+00:00,11348,55,1292,4.17,57.307
2026-08-22T10:23:02.229000+00:00,11348,3,1292,1.5,8.702
2026-08-22T10:23:02.558000+00:00,11348,87,1292,1.386,38.836
2026-08-22T10:23:02.703000+00:00,11348,1,1292,1.067,1.067
2026-08-22T10:23:02.727000+00:00,11348,30,1292,0.962,31.456
2026-08-22T10:23:02.798000+00:00,11348,22,1292,1.306,35.06
2026-08-22T10:23:02.903000+00:00,11348,23,1292,6.053,44.766
2026-08-22T10:23:03.033000+00:00,11348,44,1292,0.827,9.529
2026-08-22T10:23:03.076000+00:00,11348,5,1292,1.198,28.725
2026-08-22T10:23:03.116000+00:00,11348,10,1292,18.026,27.541
2026-08-22T10:23:03.517000+00:00,11348,16,1292,0.812,1.879
2026-08-22T10:23:03.668000+00:00,11348,18,1292,0.755,45.521
2026-08-22T10:23:03.762000+00:00,11348,81,1292,4.543,7.281
2026-08-22T10:23:03.783000+00:00,11348,14,1292,0.12,45.641
2026-08-22T10:23:04.119000+00:00,11348,77,1292,7.702,53.149
2026-08-22T10:23:04.284000+00:00,11348,5,1292,1.206,28.747
2026-08-22T10:23:04.320000+00:00,11348,12,1292,0.819,2.698
2026-08-22T10:23:04.376000+00:00,11348,55,1292,4.157,57.316
2026-08-22T10:23:04.876000+00:00,11348,41,1292,1.794,30.519
2026-08-22T10:23:05.064000+00:00,11348,43,1292,2.37,33.826
2026-08-22T10:23:05.219000+00:00,11348,3,1292,1.466,8.747
2026-08-22T10:23:05.421000+00:00,11348,31,1292,2.624,37.684
2026-08-22T10:23:05.433000+00:00,11348,55,1292,4.171,57.341
2026-08-22T10:23:05.533000+00:00,11348,1,1292,1.128,1.128
2026-08-22T10:23:05.576000+00:00,11348,23,1292,6.054,44.82
2026-08-22T10:23:05.816000+00:00,11348,30,1292,0.932,31.451
2026-08-22T10:23:06.098000+00:00,11348,41,1292,1.778,30.525
2026-08-22T10:23:06.098000+00:00,11348,55,1292,4.193,57.369
2026-08-22T10:23:06.176000+00:00,11348,44,1292,0.949,9.696
2026-08-22T10:23:06.268000+00:00,11348,77,1292,7.739,53.268
2026-08-22T10:23:06.276000+00:00,11348,16,1292,0.718,1.846
2026-08-22T10:23:06.298000+00:00,11348,18,1292,0.741,45.561
2026-08-22T10:23:06.358000+00:00,11348,22,1292,1.278,35.104
2026-08-22T10:23:06.531000+00:00,11348,14,1292,0.253,45.814
2026-08-22T10:23:06.648000+00:00,11348,10,1292,18.264,27.636
2026-08-22T10:23:06.833000+00:00,11348,87,1292,1.364,39.048
2026-08-22T10:23:06.998000+00:00,11348,30,1292,0.891,31.416
2026-08-22T10:23:07.092000+00:00,11348,12,1292,0.806,2.652
2026-08-22T10:23:07.697000+00:00,11348,5,1292,1.057,28.693
2026-08-22T10:23:08.222000+00:00,11348,43,1292,2.41,33.861
2026-08-22T10:23:08.414000+00:00,11348,55,1292,4.293,57.442
2026-08-22T10:23:08.650000+00:00,11348,23,1292,6.104,44.94
2026-08-22T10:23:08.819000+00:00,11348,81,1292,4.493,7.191
2026-08-22T10:23:09.049000+00:00,11348,31,1292,2.663,37.767
2026-08-22T10:23:09.364000+00:00,11348,18,1292,0.71,45.65
2026-08-22T10:23:09.398000+00:00,11348,43,1292,2.455,33.871
2026-08-22T10:23:09.557000+00:00,11348,22,1292,1.312,35.173
2026-08-22T10:23:09.633000+00:00,11348,41,1292,1.903,30.596
2026-08-22T10:23:09.770000+00:00,11348,14,1292,0.397,46.047
2026-08-22T10:23:10.371000+00:00,11348,87,1292,1.365,39.132
2026-08-22T10:23:10.398000+00:00,11348,3,1292,1.581,8.772
2026-08-22T10:23:10.417000+00:00,11348,30,1292,0.818,31.414
2026-08-22T10:23:10.449000+00:00,11348,55,1292,4.177,57.445
2026-08-22T10:23:10.661000+00:00,11348,10,1292,18.405,27.712
2026-08-22T10:23:10.747000+00:00,11348,22,1292,1.303,35.174
2026-08-22T10:23:10.867000+00:00,11348,1,1292,1.236,1.236
2026-08-22T10:23:11.402000+00:00,11348,44,1292,1.015,9.787
2026-08-22T10:23:11.451000+00:00,11348,77,1292,7.66,53.301
2026-08-22T10:23:11.453000+00:00,11348,16,1292,0.599,1.835
2026-08-22T10:23:11.535000+00:00,11348,81,1292,4.475,7.127
2026-08-22T10:23:11.704000+00:00,11348,5,1292,1.052,28.764
2026-08-22T10:23:12.198000+00:00,11348,31,1292,2.661,37.834
2026-08-22T10:23:12.349000+00:00,11348,12,1292,0.904,2.739
2026-08-22T10:23:12.874000+00:00,11348,43,1292,2.46,33.874
2026-08-22T10:23:13+00:00,11348,23,1292,6.216,45.264
2026-08-22T10:23:13.240000+00:00,11348,3,1292,1.692,8.819
2026-08-22T10:23:13.419000+00:00,11348,31,1292,2.681,37.855
2026-08-22T10:23:13.633000+00:00,11348,41,1292,1.921,30.685
2026-08-22T10:23:13.649000+00:00,11348,87,1292,1.456,39.29
2026-08-22T10:23:13.719000+00:00,11348,18,1292,0.677,45.941
2026-08-22T10:23:14.051000+00:00,11348,10,1292,18.516,27.856
2026-08-22T10:23:14.084000+00:00,11348,77,1292,7.54,53.354
2026-08-22T10:23:14.148000+00:00,11348,14,1292,0.459,46.4
2026-08-22T10:23:14.184000+00:00,11348,22,1292,1.321,35.195
2026-08-22T10:23:14.298000+00:00,11348,44,1292,1.074,9.893
2026-08-22T10:23:14.415000+00:00,11348,30,1292,0.803,31.488
2026-08-22T10:23:14.790000+00:00,11348,1,1292,1.207,1.207
2026-08-22T10:23:14.884000+00:00,11348,87,1292,1.496,39.351
2026-08-22T10:23:15.040000+00:00,11348,5,1292,1.011,28.867
2026-08-22T10:23:15.384000+00:00,11348,16,1292,,1.806
2026-08-22T10:23:15.821000+00:00,11348,55,1292,4.381,57.682
2026-08-22T10:23:16.331000+00:00,11348,12,1292,0.946,2.752
2026-08-22T10:23:16.549000+00:00,11348,23,1292,6.177,45.309
2026-08-22T10:23:16.998000+00:00,11348,31,1292,2.643,37.838
2026-08-22T10:23:16.998000+00:00,11348,81,1292,4.507,7.246
2026-08-22T10:23:16.998000+00:00,11348,43,1292,2.501,33.989
2026-08-22T10:23:16.998000+00:00,11348,41,1292,,30.788
2026-08-22T10:23:17.232000+00:00,11348,77,1292,7.473,53.52
2026-08-22T10:23:17.292000+00:00,11348,18,1292,0.729,46.038
2026-08-22T10:23:17.734000+00:00,11348,14,1292,0.453,46.491
2026-08-22T10:23:17.836000+00:00,11348,30,1292,0.846,31.634
2026-08-22T10:23:18.200000+00:00,11348,22,1292,1.264,35.253
2026-08-22T10:23:18.361000+00:00,11348,87,1292,1.505,39.343
2026-08-22T10:23:18.476000+00:00,11348,3,1292,1.567,8.813
2026-08-22T10:23:18.498000+00:00,11348,55,1292,4.4,57.754
2026-08-22T10:23:18.748000+00:00,11348,10,1292,18.632,28.029
2026-08-22T10:23:18.978000+00:00,11348,1,1292,1.263,1.263
2026-08-22T10:23:19.498000+00:00,11348,44,1292,1.079,9.892
2026-08-22T10:23:19.598000+00:00,11348,16,1292,0.572,1.835
2026-08-22T10:23:19.648000+00:00,11348,5,1292,0.894,28.923
2026-08-22T10:23:19.678000+00:00,11348,23,1292,6.035,45.325
2026-08-22T10:23:20.319000+00:00,11348,43,1292,2.508,34.142
2026-08-22T10:23:20.504000+00:00,11348,18,1292,0.812,46.137
2026-08-22T10:23:20.549000+00:00,11348,12,1292,1.005,2.84
2026-08-22T10:23:20.830000+00:00,11348,81,1292,4.504,7.256
2026-08-22T10:23:20.863000+00:00,11348,31,1292,2.665,37.918
2026-08-22T10:23:20.873000+00:00,11348,23,1292,5.983,45.334
2026-08-22T10:23:21.019000+00:00,11348,14,1292,0.525,46.662
2026-08-22T10:23:21.559000+00:00,11348,22,1292,1.227,35.369
2026-08-22T10:23:21.593000+00:00,11348,55,1292,4.326,57.846
2026-08-22T10:23:21.619000+00:00,11348,41,1292,1.951,30.874
2026-08-22T10:23:21.653000+00:00,11348,77,1292,7.519,53.919
2026-08-22T10:23:21.661000+00:00,11348,10,1292,18.63,28.159
2026-08-22T10:23:21.732000+00:00,11348,18,1292,0.846,46.18
2026-08-22T10:23:22.265000+00:00,11348,1,1292,1.257,1.257
2026-08-22T10:23:22.276000+00:00,11348,14,1292,0.545,46.725
2026-08-22T10:23:22.373000+00:00,11348,87,1292,1.507,39.425
2026-08-22T10:23:22.377000+00:00,11348,3,1292,1.529,8.785
2026-08-22T10:23:22.573000+00:00,11348,5,1292,0.92,29.079
2026-08-22T10:23:22.632000+00:00,11348,30,1292,1.015,31.889
2026-08-22T10:23:22.820000+00:00,11348,16,1292,0.557,1.814
2026-08-22T10:23:23.467000+00:00,11348,44,1292,1.108,9.893
2026-08-22T10:23:23.826000+00:00,11348,12,1292,1.016,2.83
2026-08-22T10:23:24.219000+00:00,11348,31,1292,2.675,38.044
2026-08-22T10:23:24.453000+00:00,11348,23,1292,6.1,45.443
2026-08-22T10:23:24.453000+00:00,11348,41,1292,1.873,30.952
2026-08-22T10:23:24.498000+00:00,11348,1,1292,1.25,1.25
2026-08-22T10:23:24.720000+00:00,11348,10,1292,18.577,28.273
2026-08-22T10:23:24.909000+00:00,11348,63,1292,0.0,0.0
2026-08-22T10:23:25.050000+00:00,11348,81,1292,4.474,7.314
2026-08-22T10:23:25.050000+00:00,11348,43,1292,2.426,34.315
2026-08-22T10:23:25.060000+00:00,11348,16,1292,0.521,1.771
2026-08-22T10:23:25.176000+00:00,11348,18,1292,0.734,46.177
2026-08-22T10:23:25.279000+00:00,11348,77,1292,7.552,54.043
2026-08-22T10:23:25.477000+00:00,11348,30,1292,1.03,31.982
2026-08-22T10:23:25.513000+00:00,11348,1,1292,1.247,1.247
2026-08-22T10:23:25.619000+00:00,11348,5,1292,0.907,29.18
2026-08-22T10:23:25.728000+00:00,11348,87,1292,1.505,39.549
2026-08-22T10:23:25.834000+00:00,11348,55,1292,4.181,58.1
2026-08-22T10:23:25.853000+00:00,11348,14,1292,0.663,46.84
2026-08-22T10:23:25.976000+00:00,11348,16,1292,0.485,1.732
2026-08-22T10:23:26.032000+00:00,11348,12,1292,1.02,2.791
2026-08-22T10:23:26.146000+00:00,11348,1,1292,1.248,1.248
2026-08-22T10:23:26.278000+00:00,11348,22,1292,1.256,35.571
2026-08-22T10:23:26.565000+00:00,11348,3,1292,1.51,8.824
2026-08-22T10:23:26.634000+00:00,11348,16,1292,0.449,1.697
2026-08-22T10:23:27.029000+00:00,11348,12,1292,1.028,2.76
2026-08-22T10:23:27.570000+00:00,11348,41,1292,1.934,31.114
2026-08-22T10:23:27.603000+00:00,11348,12,1292,1.043,2.74
2026-08-22T10:23:27.624000+00:00,11348,44,1292,1.066,9.89
2026-08-22T10:23:27.938000+00:00,11348,43,1292,2.453,34.435
2026-08-22T10:23:28.329000+00:00,11348,81,1292,4.487,7.317
2026-08-22T10:23:28.391000+00:00,11348,1,1292,1.3,1.3
2026-08-22T10:23:28.563000+00:00,11348,77,1292,7.504,54.166
2026-08-22T10:23:28.595000+00:00,11348,30,1292,1.044,32.158
2026-08-22T10:23:28.610000+00:00,11348,23,1292,6.243,45.668
2026-08-22T10:23:28.642000+00:00,11348,16,1292,0.269,1.569
2026-08-22T10:23:28.985000+00:00,11348,31,1292,2.696,38.267
2026-08-22T10:23:29.220000+00:00,11348,22,1292,1.278,35.713
2026-08-22T10:23:29.304000+00:00,11348,18,1292,0.688,46.356
2026-08-22T10:23:29.405000+00:00,11348,55,1292,4.13,58.173
2026-08-22T10:23:29.869000+00:00,11348,77,1292,7.49,54.215
2026-08-22T10:23:29.933000+00:00,11348,12,1292,1.141,2.71
2026-08-22T10:23:29.933000+00:00,11348,3,1292,1.491,8.808
2026-08-22T10:23:29.933000+00:00,11348,14,1292,0.56,46.916
2026-08-22T10:23:29.933000+00:00,11348,10,1292,18.468,28.255
2026-08-22T10:23:30.333000+00:00,11348,1,1292,1.236,1.236
2026-08-22T10:23:30.550000+00:00,11348,87,1292,1.497,39.764
2026-08-22T10:23:30.599000+00:00,11348,81,1292,4.525,7.316
2026-08-22T10:23:30.633000+00:00,11348,16,1292,0.333,
2026-08-22T10:23:30.941000+00:00,11348,44,1292,1.068,9.876
2026-08-22T10:23:30.969000+00:00,11348,5,1292,1.068,29.323
2026-08-22T10:23:31.178000+00:00,11348,43,1292,2.574,34.732
2026-08-22T10:23:31.576000+00:00,11348,81,1292,4.569,7.329
2026-08-22T10:23:31.783000+00:00,11348,12,1292,1.143,2.712
2026-08-22T10:23:31.994000+00:00,11348,31,1292,2.78,38.493
2026-08-22T10:23:32.093000+00:00,11348,3,1292,1.486,8.802
2026-08-22T10:23:32.133000+00:00,11348,23,1292,6.359,45.908
2026-08-22T10:23:32.223000+00:00,11348,81,1292,4.611,7.351
2026-08-22T10:23:32.316000+00:00,11348,22,1292,1.146,35.878
2026-08-22T10:23:32.535000+00:00,11348,55,1292,4.015,58.181
2026-08-22T10:23:32.723000+00:00,11348,10,1292,18.414,28.307
2026-08-22T10:23:32.723000+00:00,11348,18,1292,0.642,46.55
2026-08-22T10:23:32.785000+00:00,11348,41,1292,1.849,31.172
2026-08-22T10:23:33.066000+00:00,11348,3,1292,1.481,8.81
2026-08-22T10:23:33.113000+00:00,11348,44,1292,1.055,9.857
2026-08-22T10:23:33.270000+00:00,11348,14,1292,0.534,47.084
2026-08-22T10:23:33.410000+00:00,11348,77,1292,7.558,54.398
2026-08-22T10:23:33.535000+00:00,11348,87,1292,1.512,40.005
2026-08-22T10:23:33.738000+00:00,11348,3,1292,1.475,8.826
2026-08-22T10:23:33.754000+00:00,11348,55,1292,3.958,58.173
2026-08-22T10:23:33.754000+00:00,11348,5,1292,1.026,29.333
2026-08-22T10:23:33.770000+00:00,11348,30,1292,0.969,32.141
2026-08-22T10:23:34.098000+00:00,11348,44,1292,1.035,9.845
2026-08-22T10:23:34.551000+00:00,11348,81,1292,4.761,7.471
2026-08-22T10:23:34.707000+00:00,11348,44,1292,1.011,9.837
2026-08-22T10:23:35.098000+00:00,11348,31,1292,2.777,38.655
2026-08-22T10:23:35.441000+00:00,11348,1,1292,1.271,1.271
2026-08-22T10:23:35.676000+00:00,11348,41,1292,1.919,31.252
2026-08-22T10:23:35.691000+00:00,11348,16,1292,0.207,1.478
2026-08-22T10:23:36.004000+00:00,11348,3,1292,1.448,8.919
2026-08-22T10:23:36.410000+00:00,11348,43,1292,2.656,34.797
2026-08-22T10:23:36.566000+00:00,11348,81,1292,4.782,7.494
2026-08-22T10:23:36.582000+00:00,11348,87,1292,1.467,40.122
2026-08-22T10:23:36.629000+00:00,11348,30,1292,0.957,32.209
2026-08-22T10:23:36.910000+00:00,11348,44,1292,0.887,9.806
2026-08-22T10:23:36.926000+00:00,11348,23,1292,6.387,46.151
2026-08-22T10:23:36.926000+00:00,11348,12,1292,1.252,2.73
2026-08-22T10:23:37.298000+00:00,11348,55,1292,3.908,58.306
2026-08-22T10:23:37.469000+00:00,11348,18,1292,0.577,46.728
2026-08-22T10:23:37.504000+00:00,11348,22,1292,1.096,35.893
2026-08-22T10:23:37.565000+00:00,11348,77,1292,7.706,54.622
2026-08-22T10:23:38.032000+00:00,11348,14,1292,0.528,47.256
2026-08-22T10:23:38.064000+00:00,11348,3,1292,1.439,8.933
2026-08-22T10:23:38.064000+00:00,11348,1,1292,1.223,1.223
2026-08-22T10:23:38.064000+00:00,11348,10,1292,18.535,28.427
2026-08-22T10:23:38.249000+00:00,11348,16,1292,0.246,1.469
2026-08-22T10:23:38.781000+00:00,11348,44,1292,0.779,9.712
2026-08-22T10:23:39.019000+00:00,11348,5,1292,0.985,29.412
2026-08-22T10:23:39.250000+00:00,11348,43,1292,2.611,34.82
2026-08-22T10:23:39.498000+00:00,11348,12,1292,1.229,2.698
2026-08-22T10:23:39.819000+00:00,11348,23,1292,6.334,46.339
2026-08-22T10:23:40.381000+00:00,11348,22,1292,1.122,35.942
2026-08-22T10:23:40.407000+00:00,11348,31,1292,2.872,38.765
2026-08-22T10:23:40.433000+00:00,11348,18,1292,0.546,46.885
2026-08-22T10:23:41.027000+00:00,11348,14,1292,0.529,47.414
2026-08-22T10:23:41.034000+00:00,11348,41,1292,1.922,31.334
2026-08-22T10:23:41.051000+00:00,11348,1,1292,1.207,1.207
2026-08-22T10:23:41.051000+00:00,11348,77,1292,7.72,54.804
2026-08-22T10:23:41.317000+00:00,11348,16,1292,0.347,1.554
2026-08-22T10:23:41.415000+00:00,11348,55,1292,3.869,58.491
2026-08-22T10:23:41.743000+00:00,11348,87,1292,1.368,40.133
2026-08-22T10:23:41.743000+00:00,11348,81,1292,4.823,7.553
2026-08-22T10:23:41.931000+00:00,11348,30,1292,1.02,32.354
2026-08-22T10:23:42.056000+00:00,11348,10,1292,18.593,28.486
2026-08-22T10:23:42.383000+00:00,11348,12,1292,1.08,2.634
2026-08-22T10:23:43.032000+00:00,11348,5,1292,0.966,29.452
2026-08-22T10:23:43.115000+00:00,11348,23,1292,6.484,46.606
2026-08-22T10:23:43.122000+00:00,11348,3,1292,1.372,8.925
2026-08-22T10:23:43.298000+00:00,11348,31,1292,2.937,38.879
2026-08-22T10:23:43.663000+00:00,11348,18,1292,0.577,47.183
2026-08-22T10:23:43.968000+00:00,11348,44,1292,0.827,9.752
2026-08-22T10:23:44.030000+00:00,11348,14,1292,0.398,47.581
2026-08-22T10:23:44.330000+00:00,11348,81,1292,4.847,7.545
2026-08-22T10:23:44.548000+00:00,11348,87,1292,1.246,40.125
2026-08-22T10:23:44.585000+00:00,11348,43,1292,2.597,34.951
2026-08-22T10:23:44.929000+00:00,11348,41,1292,1.892,31.344
2026-08-22T10:23:44.947000+00:00,11348,1,1292,1.15,1.15
2026-08-22T10:23:44.951000+00:00,11348,55,1292,3.965,58.769
2026-08-22T10:23:45.433000+00:00,11348,16,1292,0.507,1.657
2026-08-22T10:23:45.595000+00:00,11348,22,1292,1.053,36.004
2026-08-22T10:23:45.696000+00:00,11348,3,1292,1.339,8.884
2026-08-22T10:23:45.727000+00:00,11348,77,1292,7.699,54.955
2026-08-22T10:23:45.948000+00:00,11348,30,1292,1.015,32.359
2026-08-22T10:23:46.298000+00:00,11348,10,1292,18.672,28.562
2026-08-22T10:23:46.451000+00:00,11348,12,1292,1.023,2.68
2026-08-22T10:23:46.520000+00:00,11348,44,1292,0.846,9.73
2026-08-22T10:23:47.330000+00:00,11348,81,1292,4.908,7.542
2026-08-22T10:23:47.334000+00:00,11348,5,1292,1.032,29.594
2026-08-22T10:23:48.316000+00:00,11348,23,1292,6.553,46.686
2026-08-22T10:23:48.424000+00:00,11348,1,1292,1.105,1.105
2026-08-22T10:23:48.549000+00:00,11348,31,1292,2.949,38.953
2026-08-22T10:23:48.623000+00:00,11348,43,1292,2.662,35.021
2026-08-22T10:23:48.717000+00:00,11348,3,1292,1.348,8.89
2026-08-22T10:23:48.736000+00:00,11348,77,1292,7.746,55.16
2026-08-22T10:23:48.737000+00:00,11348,18,1292,0.405,47.091
2026-08-22T10:23:48.969000+00:00,11348,16,1292,0.561,1.666
2026-08-22T10:23:49.175000+00:00,11348,41,1292,1.829,31.423
2026-08-22T10:23:49.296000+00:00,11348,14,1292,0.548,47.639
2026-08-22T10:23:49.483000+00:00,11348,44,1292,0.82,9.71
2026-08-22T10:23:49.576000+00:00,11348,10,1292,18.679,28.555
2026-08-22T10:23:49.677000+00:00,11348,22,1292,1.075,36.096
2026-08-22T10:23:49.755000+00:00,11348,55,1292,4.057,59.012
2026-08-22T10:23:49.818000+00:00,11348,87,1292,1.243,40.196
2026-08-22T10:23:49.959000+00:00,11348,12,1292,1.007,2.673
2026-08-22T10:23:50.209000+00:00,11348,30,1292,1.066,32.489
2026-08-22T10:23:50.599000+00:00,11348,5,1292,1.045,29.6
2026-08-22T10:23:51.130000+00:00,11348,23,1292,6.577,46.702
2026-08-22T10:23:51.349000+00:00,11348,81,1292,4.888,7.568
2026-08-22T10:23:51.537000+00:00,11348,1,1292,1.107,1.107
2026-08-22T10:23:51.740000+00:00,11348,18,1292,0.588,47.29
2026-08-22T10:23:51.771000+00:00,11348,77,1292,7.738,55.319
2026-08-22T10:23:51.802000+00:00,11348,10,1292,18.688,28.545
2026-08-22T10:23:52.115000+00:00,11348,16,1292,0.57,1.677
2026-08-22T10:23:52.193000+00:00,11348,14,1292,0.459,47.749
2026-08-22T10:23:52.412000+00:00,11348,41,1292,1.808,31.408
2026-08-22T10:23:52.599000+00:00,11348,31,1292,2.927,39.023
2026-08-22T10:23:52.756000+00:00,11348,1,1292,1.108,1.108
2026-08-22T10:23:52.849000+00:00,11348,10,1292,18.693,28.538
2026-08-22T10:23:52.865000+00:00,11348,3,1292,1.477,9.045
2026-08-22T10:23:52.865000+00:00,11348,55,1292,4.18,59.34
2026-08-22T10:23:52.865000+00:00,11348,5,1292,1.039,29.584
2026-08-22T10:23:52.865000+00:00,11348,43,1292,2.642,35.131
2026-08-22T10:23:53.052000+00:00,11348,12,1292,0.951,2.628
2026-08-22T10:23:53.302000+00:00,11348,16,1292,0.565,1.673
2026-08-22T10:23:53.490000+00:00,11348,10,1292,18.697,28.534
2026-08-22T10:23:53.584000+00:00,11348,30,1292,1.08,32.488
2026-08-22T10:23:53.584000+00:00,11348,44,1292,0.725,9.77
2026-08-22T10:23:53.849000+00:00,11348,5,1292,1.037,29.575
2026-08-22T10:23:53.865000+00:00,11348,87,1292,1.27,40.293
2026-08-22T10:23:53.990000+00:00,11348,22,1292,1.142,36.273
2026-08-22T10:23:54.193000+00:00,11348,12,1292,0.914,2.587
2026-08-22T10:23:54.443000+00:00,11348,5,1292,1.04,29.574
2026-08-22T10:23:54.630000+00:00,11348,41,1292,1.805,31.389
2026-08-22T10:23:54.904000+00:00,11348,81,1292,4.908,7.581
2026-08-22T10:23:55.619000+00:00,11348,10,1292,18.711,28.517
2026-08-22T10:23:55.640000+00:00,11348,41,1292,1.806,31.381
2026-08-22T10:23:55.715000+00:00,11348,30,1292,1.078,32.467
2026-08-22T10:23:55.955000+00:00,11348,55,1292,4.2,59.519
2026-08-22T10:23:56.004000+00:00,11348,1,1292,0.923,0.923
2026-08-22T10:23:56.134000+00:00,11348,43,1292,2.626,35.114
2026-08-22T10:23:56.255000+00:00,11348,41,1292,,31.38
2026-08-22T10:23:56.356000+00:00,11348,3,1292,1.444,9.025
2026-08-22T10:23:56.447000+00:00,11348,23,1292,6.621,46.817
2026-08-22T10:23:56.596000+00:00,11348,16,1292,0.59,1.513
2026-08-22T10:23:56.720000+00:00,11348,5,1292,1.111,29.628
2026-08-22T10:23:56.727000+00:00,11348,30,1292,1.08,32.461
2026-08-22T10:23:56.878000+00:00,11348,31,1292,2.866,39.139
2026-08-22T10:23:57.066000+00:00,11348,18,1292,0.625,47.442
2026-08-22T10:23:57.092000+00:00,11348,77,1292,7.814,55.453
2026-08-22T10:23:57.096000+00:00,11348,44,1292,0.757,9.782
2026-08-22T10:23:57.267000+00:00,11348,22,1292,1.143,36.257
2026-08-22T10:23:57.350000+00:00,11348,30,1292,1.086,32.466
2026-08-22T10:23:57.601000+00:00,11348,14,1292,0.545,47.987
2026-08-22T10:23:57.635000+00:00,11348,12,1292,1.045,2.558
2026-08-22T10:23:57.653000+00:00,11348,10,1292,18.871,28.583
2026-08-22T10:23:58.050000+00:00,11348,81,1292,4.984,7.612
2026-08-22T10:23:58.107000+00:00,11348,87,1292,1.248,40.387
2026-08-22T10:23:58.336000+00:00,11348,43,1292,2.614,35.081
2026-08-22T10:23:58.500000+00:00,11348,41,1292,1.798,31.426
2026-08-22T10:23:58.718000+00:00,11348,5,1292,1.073,29.656
2026-08-22T10:23:59.233000+00:00,11348,81,1292,5.041,7.628
2026-08-22T10:23:59.333000+00:00,11348,43,1292,2.605,35.066
2026-08-22T10:23:59.460000+00:00,11348,3,1292,1.416,9.028
2026-08-22T10:23:59.498000+00:00,11348,22,1292,1.177,36.258
2026-08-22T10:23:59.631000+00:00,11348,30,1292,1.102,32.528
2026-08-22T10:23:59.876000+00:00,11348,1,1292,0.821,0.821
2026-08-22T10:23:59.972000+00:00,11348,43,1292,2.59,35.056
2026-08-22T10:24:00.033000+00:00,11348,77,1292,7.854,55.603
2026-08-22T10:24:00.159000+00:00,11348,31,1292,2.907,39.164
2026-08-22T10:24:00.219000+00:00,11348,44,1292,0.767,9.795
2026-08-22T10:24:00.479000+00:00,11348,16,1292,0.587,1.408
2026-08-22T10:24:00.519000+00:00,11348,23,1292,6.613,46.906
2026-08-22T10:24:00.579000+00:00,11348,22,1292,1.19,36.256
2026-08-22T10:24:00.602000+00:00,11348,41,1292,1.809,31.465
2026-08-22T10:24:00.673000+00:00,11348,3,1292,1.39,9.018
2026-08-22T10:24:01.098000+00:00,11348,18,1292,0.617,47.523
2026-08-22T10:24:01.187000+00:00,11348,22,1292,1.198,36.254
2026-08-22T10:24:01.277000+00:00,11348,55,1292,4.19,59.643
2026-08-22T10:24:01.393000+00:00,11348,44,1292,0.769,9.787
2026-08-22T10:24:01.399000+00:00,11348,87,1292,1.232,40.396
2026-08-22T10:24:01.592000+00:00,11348,12,1292,1.13,2.538
2026-08-22T10:24:01.639000+00:00,11348,30,1292,1.124,32.589
2026-08-22T10:24:01.733000+00:00,11348,14,1292,0.609,48.132
2026-08-22T10:24:02.092000+00:00,11348,43,1292,2.492,35.02
2026-08-22T10:24:02.436000+00:00,11348,31,1292,2.915,39.173
2026-08-22T10:24:02.545000+00:00,11348,81,1292,4.904,7.462
2026-08-22T10:24:02.920000+00:00,11348,10,1292,18.936,28.688
2026-08-22T10:24:03.045000+00:00,11348,1,1292,0.76,0.76
2026-08-22T10:24:03.373000+00:00,11348,22,1292,1.254,36.274
2026-08-22T10:24:03.436000+00:00,11348,31,1292,2.92,39.176
2026-08-22T10:24:03.639000+00:00,11348,87,1292,1.22,40.393
2026-08-22T10:24:03.748000+00:00,11348,16,1292,0.689,1.449
2026-08-22T10:24:04.014000+00:00,11348,5,1292,1.115,29.803
2026-08-22T10:24:04.045000+00:00,11348,3,1292,1.515,8.977
2026-08-22T10:24:04.061000+00:00,11348,43,1292,2.407,34.996
2026-08-22T10:24:04.092000+00:00,11348,31,1292,2.93,39.184
2026-08-22T10:24:04.295000+00:00,11348,55,1292,4.296,59.899
2026-08-22T10:24:04.639000+00:00,11348,87,1292,1.214,40.39
2026-08-22T10:24:04.733000+00:00,11348,44,1292,0.663,9.64
2026-08-22T10:24:04.858000+00:00,11348,23,1292,6.716,47.103
2026-08-22T10:24:04.873000+00:00,11348,12,1292,1.1,2.549
2026-08-22T10:24:05.248000+00:00,11348,77,1292,7.651,55.638
2026-08-22T10:24:05.342000+00:00,11348,87,1292,1.209,40.393
2026-08-22T10:24:05.373000+00:00,11348,22,1292,1.287,36.283
2026-08-22T10:24:05.498000+00:00,11348,10,1292,18.982,28.712
2026-08-22T10:24:05.498000+00:00,11348,18,1292,0.664,47.767
2026-08-22T10:24:05.733000+00:00,11348,41,1292,1.743,31.546
2026-08-22T10:24:05.998000+00:00,11348,14,1292,0.515,48.282
2026-08-22T10:24:06.342000+00:00,11348,31,1292,2.99,39.264
2026-08-22T10:24:06.452000+00:00,11348,81,1292,4.863,7.401
2026-08-22T10:24:06.608000+00:00,11348,5,1292,1.083,29.795
2026-08-22T10:24:06.952000+00:00,11348,30,1292,1.184,32.73
2026-08-22T10:24:07.514000+00:00,11348,87,1292,1.184,40.448
2026-08-22T10:24:07.764000+00:00,11348,1,1292,0.911,0.911
2026-08-22T10:24:07.967000+00:00,11348,3,1292,1.522,8.923
2026-08-22T10:24:08.123000+00:00,11348,23,1292,6.72,47.116
2026-08-22T10:24:08.311000+00:00,11348,41,1292,1.735,31.53
2026-08-22T10:24:08.327000+00:00,11348,16,1292,0.559,1.47
2026-08-22T10:24:08.436000+00:00,11348,31,1292,3.095,39.378
2026-08-22T10:24:08.483000+00:00,11348,10,1292,19.009,28.719
2026-08-22T10:24:08.639000+00:00,11348,44,1292,0.657,9.58
2026-08-22T10:24:08.795000+00:00,11348,18,1292,0.699,47.815
2026-08-22T10:24:09.280000+00:00,11348,14,1292,0.471,48.286
2026-08-22T10:24:09.327000+00:00,11348,77,1292,7.589,55.721
2026-08-22T10:24:09.373000+00:00,11348,43,1292,2.417,35.147
2026-08-22T10:24:09.514000+00:00,11348,30,1292,1.196,32.726
2026-08-22T10:24:09.561000+00:00,11348,12,1292,1.199,2.669
2026-08-22T10:24:09.608000+00:00,11348,87,1292,1.179,40.557
2026-08-22T10:24:09.670000+00:00,11348,5,1292,1.199,29.918
2026-08-22T10:24:09.670000+00:00,11348,55,1292,4.428,60.066
2026-08-22T10:24:09.686000+00:00,11348,81,1292,4.834,7.383
2026-08-22T10:24:10.358000+00:00,11348,23,1292,6.717,47.11
2026-08-22T10:24:10.452000+00:00,11348,22,1292,1.13,36.277
2026-08-22T10:24:10.639000+00:00,11348,1,1292,0.963,0.963
2026-08-22T10:24:11.045000+00:00,11348,18,1292,,47.809
2026-08-22T10:24:11.202000+00:00,11348,3,1292,1.521,8.904
2026-08-22T10:24:11.217000+00:00,11348,16,1292,0.552,1.515
2026-08-22T10:24:11.358000+00:00,11348,23,1292,6.719,47.109
2026-08-22T10:24:11.405000+00:00,11348,41,1292,1.738,31.656
2026-08-22T10:24:11.514000+00:00,11348,14,1292,0.445,48.254
2026-08-22T10:24:11.873000+00:00,11348,44,1292,0.69,9.594
2026-08-22T10:24:12.045000+00:00,11348,23,1292,6.72,47.113
2026-08-22T10:24:12.045000+00:00,11348,43,1292,2.473,35.199
2026-08-22T10:24:12.045000+00:00,11348,18,1292,0.683,47.792
2026-08-22T10:24:12.420000+00:00,11348,12,1292,1.197,2.712
2026-08-22T10:24:12.483000+00:00,11348,14,1292,0.427,48.219
2026-08-22T10:24:12.561000+00:00,11348,30,1292,1.166,32.822
2026-08-22T10:24:12.655000+00:00,11348,18,1292,0.665,47.778
2026-08-22T10:24:13.014000+00:00,11348,10,1292,19.464,29.234
2026-08-22T10:24:13.061000+00:00,11348,22,1292,1.058,36.257
2026-08-22T10:24:13.077000+00:00,11348,14,1292,0.418,48.196
2026-08-22T10:24:13.639000+00:00,11348,31,1292,3.165,39.442
2026-08-22T10:24:13.717000+00:00,11348,77,1292,7.68,55.962
2026-08-22T10:24:13.843000+00:00,11348,1,1292,1.042,1.042
2026-08-22T10:24:13.915000+00:00,11348,55,1292,4.602,60.323
2026-08-22T10:24:13.977000+00:00,11348,5,1292,0.955,30.189
2026-08-22T10:24:14.299000+00:00,11348,23,1292,6.726,47.174
2026-08-22T10:24:14.299000+00:00,11348,81,1292,4.725,7.394
2026-08-22T10:24:14.299000+00:00,11348,16,1292,0.473,
2026-08-22T10:24:14.786000+00:00,11348,87,1292,1.154,40.596
2026-08-22T10:24:14.867000+00:00,11348,18,1292,0.58,47.754
2026-08-22T10:24:15.022000+00:00,11348,43,1292,2.46,35.282
2026-08-22T10:24:15.223000+00:00,11348,14,1292,0.391,48.145
2026-08-22T10:24:15.466000+00:00,11348,12,1292,1.191,2.706
2026-08-22T10:24:15.601000+00:00,11348,41,1292,1.623,31.812
2026-08-22T10:24:15.698000+00:00,11348,3,1292,1.461,8.855
2026-08-22T10:24:16.033000+00:00,11348,22,1292,0.994,36.276
2026-08-22T10:24:16.231000+00:00,11348,31,1292,3.19,39.447
2026-08-22T10:24:16.233000+00:00,11348,23,1292,6.613,47.17
2026-08-22T10:24:16.434000+00:00,11348,44,1292,0.726,9.581
2026-08-22T10:24:16.564000+00:00,11348,10,1292,19.491,29.273
2026-08-22T10:24:16.821000+00:00,11348,30,1292,1.213,33.025
2026-08-22T10:24:16.898000+00:00,11348,18,1292,0.655,47.825
2026-08-22T10:24:17.024000+00:00,11348,77,1292,7.736,56.022
2026-08-22T10:24:17.119000+00:00,11348,81,1292,4.731,7.443
2026-08-22T10:24:17.317000+00:00,11348,14,1292,0.394,48.219
2026-08-22T10:24:17.468000+00:00,11348,87,1292,1.224,40.671
2026-08-22T10:24:17.565000+00:00,11348,5,1292,0.982,30.255
2026-08-22T10:24:18.549000+00:00,11348,3,1292,1.411,8.854
2026-08-22T10:24:18.599000+00:00,11348,55,1292,4.905,60.867
2026-08-22T10:24:18.898000+00:00,11348,1,1292,0.972,0.972
2026-08-22T10:24:19.149000+00:00,11348,31,1292,3.13,39.406
2026-08-22T10:24:19.164000+00:00,11348,41,1292,1.586,31.841
2026-08-22T10:24:19.315000+00:00,11348,77,1292,7.79,56.044
2026-08-22T10:24:19.333000+00:00,11348,44,1292,0.814,9.668
2026-08-22T10:24:19.393000+00:00,11348,43,1292,2.559,35.584
2026-08-22T10:24:19.475000+00:00,11348,16,1292,0.55,1.522
2026-08-22T10:24:19.725000+00:00,11348,10,1292,19.504,29.299
2026-08-22T10:24:20.286000+00:00,11348,81,1292,4.819,7.525
2026-08-22T10:24:20.333000+00:00,11348,22,1292,0.944,36.528
2026-08-22T10:24:20.343000+00:00,11348,77,1292,7.836,56.055
2026-08-22T10:24:20.365000+00:00,11348,30,1292,1.222,33.063
2026-08-22T10:24:20.520000+00:00,11348,87,1292,1.348,40.754
2026-08-22T10:24:20.634000+00:00,11348,12,1292,1.136,2.658
2026-08-22T10:24:20.751000+00:00,11348,5,1292,,30.281
2026-08-22T10:24:20.920000+00:00,11348,10,1292,19.521,29.308
2026-08-22T10:24:20.949000+00:00,11348,77,1292,7.868,56.064
2026-08-22T10:24:21.498000+00:00,11348,23,1292,6.703,47.299
2026-08-22T10:24:21.749000+00:00,11348,3,1292,1.46,8.985
2026-08-22T10:24:21.749000+00:00,11348,1,1292,0.974,0.974
2026-08-22T10:24:21.937000+00:00,11348,5,1292,0.979,30.287
2026-08-22T10:24:22.050000+00:00,11348,18,1292,0.464,47.763
2026-08-22T10:24:22.073000+00:00,11348,55,1292,4.966,60.988
2026-08-22T10:24:22.277000+00:00,11348,16,1292,0.513,1.487
2026-08-22T10:24:22.327000+00:00,11348,41,1292,1.613,31.894
2026-08-22T10:24:22.420000+00:00,11348,44,1292,0.667,9.652
2026-08-22T10:24:22.469000+00:00,11348,14,1292,0.525,48.288
2026-08-22T10:24:22.950000+00:00,11348,43,1292,2.583,35.646
2026-08-22T10:24:23.195000+00:00,11348,77,1292,7.955,56.1
2026-08-22T10:24:23.393000+00:00,11348,12,1292,1.112,2.599
2026-08-22T10:24:23.454000+00:00,11348,31,1292,3.111,39.639
2026-08-22T10:24:23.511000+00:00,11348,30,1292,1.176,33.07
2026-08-22T10:24:23.538000+00:00,11348,41,1292,1.63,31.917
2026-08-22T10:24:23.850000+00:00,11348,22,1292,0.904,36.55
2026-08-22T10:24:24.155000+00:00,11348,23,1292,6.689,47.36
2026-08-22T10:24:24.420000+00:00,11348,10,1292,19.714,29.354
2026-08-22T10:24:24.548000+00:00,11348,55,1292,5.251,61.295
2026-08-22T10:24:24.586000+00:00,11348,18,1292,0.457,47.817
2026-08-22T10:24:24.696000+00:00,11348,30,1292,1.138,33.055
2026-08-22T10:24:24.752000+00:00,11348,87,1292,1.327,40.966
2026-08-22T10:24:25.086000+00:00,11348,14,1292,0.472,48.289
2026-08-22T10:24:25.321000+00:00,11348,77,1292,8.003,56.222
2026-08-22T10:24:25.336000+00:00,11348,5,1292,0.873,30.227
2026-08-22T10:24:25.415000+00:00,11348,81,1292,4.796,7.454
2026-08-22T10:24:26.119000+00:00,11348,43,1292,2.607,35.677
2026-08-22T10:24:26.959000+00:00,11348,3,1292,1.509,8.963
2026-08-22T10:24:27.034000+00:00,11348,22,1292,0.905,36.582
2026-08-22T10:24:27.050000+00:00,11348,31,1292,3.194,39.744
2026-08-22T10:24:27.102000+00:00,11348,41,1292,1.753,31.98
2026-08-22T10:24:27.162000+00:00,11348,1,1292,1.081,1.081
2026-08-22T10:24:27.300000+00:00,11348,43,1292,2.632,35.687
2026-08-22T10:24:27.393000+00:00,11348,23,1292,6.824,47.578
2026-08-22T10:24:27.548000+00:00,11348,16,1292,0.457,1.538
2026-08-22T10:24:27.650000+00:00,11348,44,1292,0.736,9.699
2026-08-22T10:24:27.695000+00:00,11348,18,1292,0.355,47.933
2026-08-22T10:24:28.124000+00:00,11348,30,1292,1.058,33.038
2026-08-22T10:24:28.183000+00:00,11348,22,1292,0.873,36.56
2026-08-22T10:24:28.230000+00:00,11348,14,1292,0.504,48.437
2026-08-22T10:24:28.262000+00:00,11348,81,1292,4.838,7.437
2026-08-22T10:24:28.340000+00:00,11348,87,1292,1.304,41.048
2026-08-22T10:24:28.402000+00:00,11348,10,1292,19.76,29.34
2026-08-22T10:24:28.543000+00:00,11348,12,1292,0.993,2.531
2026-08-22T10:24:29.277000+00:00,11348,5,1292,0.878,30.218
2026-08-22T10:24:29.683000+00:00,11348,3,1292,1.487,8.924
2026-08-22T10:24:30.230000+00:00,11348,31,1292,3.223,39.805
2026-08-22T10:24:30.449000+00:00,11348,77,1292,7.96,56.248
2026-08-22T10:24:30.465000+00:00,11348,44,1292,0.746,9.67
2026-08-22T10:24:30.763000+00:00,11348,43,1292,2.648,35.686
2026-08-22T10:24:31.074000+00:00,11348,1,1292,1.066,1.066
2026-08-22T10:24:31.105000+00:00,11348,41,1292,1.825,32.043
2026-08-22T10:24:31.424000+00:00,11348,31,1292,3.265,39.825
2026-08-22T10:24:31.612000+00:00,11348,87,1292,1.375,41.18
2026-08-22T10:24:31.628000+00:00,11348,16,1292,0.527,1.593
2026-08-22T10:24:31.674000+00:00,11348,22,1292,0.901,36.587
2026-08-22T10:24:31.690000+00:00,11348,23,1292,6.933,47.899
2026-08-22T10:24:31.768000+00:00,11348,10,1292,19.886,29.48
2026-08-22T10:24:32.034000+00:00,11348,18,1292,0.334,48.233
2026-08-22T10:24:32.119000+00:00,11348,30,1292,0.986,33.029
2026-08-22T10:24:32.551000+00:00,11348,12,1292,0.924,2.517
2026-08-22T10:24:32.551000+00:00,11348,14,1292,0.523,48.756
2026-08-22T10:24:32.833000+00:00,11348,87,1292,1.407,41.232
2026-08-22T10:24:32.934000+00:00,11348,5,1292,0.899,30.379
2026-08-22T10:24:33.078000+00:00,11348,77,1292,8.002,56.291
2026-08-22T10:24:33.450000+00:00,11348,81,1292,4.907,7.438
2026-08-22T10:24:34.448000+00:00,11348,41,1292,1.767,32.146
2026-08-22T10:24:34.824000+00:00,11348,43,1292,2.736,35.765
2026-08-22T10:24:34.899000+00:00,11348,3,1292,1.456,8.894
2026-08-22T10:24:34.921000+00:00,11348,31,1292,3.264,39.851
2026-08-22T10:24:35.237000+00:00,11348,23,1292,6.901,47.949
2026-08-22T10:24:35.278000+00:00,11348,1,1292,1.158,1.158
2026-08-22T10:24:35.447000+00:00,11348,30,1292,0.993,33.139
2026-08-22T10:24:35.777000+00:00,11348,18,1292,0.35,48.299
2026-08-22T10:24:35.783000+00:00,11348,44,1292,0.697,9.591
2026-08-22T10:24:35.786000+00:00,11348,16,1292,0.427,1.585
2026-08-22T10:24:35.786000+00:00,11348,22,1292,0.863,36.628
2026-08-22T10:24:36.134000+00:00,11348,14,1292,0.535,48.834
2026-08-22T10:24:36.277000+00:00,11348,77,1292,8.09,56.527
2026-08-22T10:24:36.319000+00:00,11348,87,1292,1.38,41.231
2026-08-22T10:24:36.450000+00:00,11348,10,1292,20.006,29.587
2026-08-22T10:24:36.717000+00:00,11348,12,1292,1.011,2.596
2026-08-22T10:24:37.277000+00:00,11348,5,1292,0.851,30.438
2026-08-22T10:24:37.480000+00:00,11348,81,1292,4.895,7.412
2026-08-22T10:24:38.199000+00:00,11348,43,1292,2.771,35.91
2026-08-22T10:24:38.399000+00:00,11348,23,1292,6.788,47.968
2026-08-22T10:24:38.533000+00:00,11348,1,1292,1.161,1.161
2026-08-22T10:24:38.798000+00:00,11348,18,1292,0.385,48.353
2026-08-22T10:24:38.876000+00:00,11348,3,1292,1.432,8.844
2026-08-22T10:24:38.933000+00:00,11348,16,1292,0.386,1.547
2026-08-22T10:24:39.016000+00:00,11348,31,1292,3.289,39.917
2026-08-22T10:24:39.058000+00:00,11348,22,1292,0.851,36.761
2026-08-22T10:24:39.100000+00:00,11348,41,1292,1.747,32.185
2026-08-22T10:24:39.398000+00:00,11348,14,1292,0.616,48.969
2026-08-22T10:24:39.414000+00:00,11348,10,1292,20.044,29.712
2026-08-22T10:24:39.588000+00:00,11348,23,1292,6.746,47.978
2026-08-22T10:24:39.599000+00:00,11348,44,1292,0.737,9.581
2026-08-22T10:24:39.965000+00:00,11348,12,1292,1.042,2.589
2026-08-22T10:24:40.014000+00:00,11348,18,1292,0.405,48.383
2026-08-22T10:24:40.235000+00:00,11348,30,1292,1.156,33.341
2026-08-22T10:24:40.277000+00:00,11348,5,1292,0.834,30.546
2026-08-22T10:24:40.354000+00:00,11348,87,1292,1.355,41.272
2026-08-22T10:24:40.634000+00:00,11348,14,1292,0.638,49.021
2026-08-22T10:24:40.757000+00:00,11348,77,1292,8.214,56.97
2026-08-22T10:24:40.777000+00:00,11348,1,1292,1.155,1.155
2026-08-22T10:24:41.116000+00:00,11348,16,1292,0.335,1.49
2026-08-22T10:24:41.251000+00:00,11348,63,1292,0.0,0.0
2026-08-22T10:24:41.662000+00:00,11348,81,1292,4.938,7.534
2026-08-22T10:24:41.783000+00:00,11348,1,1292,1.154,1.154
2026-08-22T10:24:41.920000+00:00,11348,41,1292,1.684,32.23
2026-08-22T10:24:42.076000+00:00,11348,16,1292,0.288,1.442
2026-08-22T10:24:42.165000+00:00,11348,12,1292,1.063,2.553
2026-08-22T10:24:42.364000+00:00,11348,31,1292,3.324,40.085
2026-08-22T10:24:42.425000+00:00,11348,1,1292,1.157,1.157
2026-08-22T10:24:42.425000+00:00,11348,10,1292,19.985,29.637
2026-08-22T10:24:42.737000+00:00,11348,16,1292,0.242,1.399
2026-08-22T10:24:42.956000+00:00,11348,43,1292,2.761,36.102
2026-08-22T10:24:43.034000+00:00,11348,3,1292,1.383,8.917
2026-08-22T10:24:43.112000+00:00,11348,30,1292,1.152,33.382
2026-08-22T10:24:43.128000+00:00,11348,23,1292,6.821,48.052
2026-08-22T10:24:43.159000+00:00,11348,12,1292,1.084,2.526
2026-08-22T10:24:43.362000+00:00,11348,5,1292,0.922,30.559
2026-08-22T10:24:43.534000+00:00,11348,18,1292,0.403,48.455
2026-08-22T10:24:43.628000+00:00,11348,87,1292,1.241,41.326
2026-08-22T10:24:43.753000+00:00,11348,44,1292,,9.654
2026-08-22T10:24:43.909000+00:00,11348,12,1292,1.11,2.509
2026-08-22T10:24:43.909000+00:00,11348,22,1292,0.859,36.961
2026-08-22T10:24:44.175000+00:00,11348,14,1292,0.657,49.112
2026-08-22T10:24:44.394000+00:00,11348,77,1292,8.261,57.095
2026-08-22T10:24:44.784000+00:00,11348,1,1292,1.222,1.222
2026-08-22T10:24:44.784000+00:00,11348,16,1292,0.044,1.266
2026-08-22T10:24:45.044000+00:00,11348,81,1292,4.971,7.56
2026-08-22T10:24:45.153000+00:00,11348,41,1292,1.687,32.246
2026-08-22T10:24:45.909000+00:00,11348,43,1292,2.864,36.246
2026-08-22T10:24:45.956000+00:00,11348,12,1292,1.222,2.488
2026-08-22T10:24:46.253000+00:00,11348,30,1292,1.239,33.485
2026-08-22T10:24:46.315000+00:00,11348,3,1292,1.35,8.91
2026-08-22T10:24:46.831000+00:00,11348,1,1292,1.16,1.16
2026-08-22T10:24:46.847000+00:00,11348,16,1292,0.056,1.216
2026-08-22T10:24:46.925000+00:00,11348,22,1292,0.839,37.085
2026-08-22T10:24:47.097000+00:00,11348,44,1292,0.73,9.64
2026-08-22T10:24:47.347000+00:00,11348,31,1292,3.318,40.279
2026-08-22T10:24:47.347000+00:00,11348,81,1292,5.013,7.566
2026-08-22T10:24:47.362000+00:00,11348,23,1292,6.968,48.24
2026-08-22T10:24:47.878000+00:00,11348,10,1292,19.923,29.622
2026-08-22T10:24:47.893000+00:00,11348,77,1292,8.235,57.204
2026-08-22T10:24:47.893000+00:00,11348,18,1292,0.364,48.604
2026-08-22T10:24:48.112000+00:00,11348,12,1292,1.187,2.403
2026-08-22T10:24:48.393000+00:00,11348,81,1292,5.044,7.57
2026-08-22T10:24:48.413000+00:00,11348,14,1292,0.545,49.149
2026-08-22T10:24:48.518000+00:00,11348,87,1292,1.295,41.574
2026-08-22T10:24:48.753000+00:00,11348,3,1292,1.345,8.911
2026-08-22T10:24:48.878000+00:00,11348,5,1292,1.051,30.673
2026-08-22T10:24:49.112000+00:00,11348,77,1292,8.228,57.249
2026-08-22T10:24:49.253000+00:00,11348,81,1292,5.067,7.576
2026-08-22T10:24:49.284000+00:00,11348,43,1292,2.868,36.353
2026-08-22T10:24:49.300000+00:00,11348,44,1292,0.701,9.612
2026-08-22T10:24:49.534000+00:00,11348,3,1292,1.351,8.921
2026-08-22T10:24:49.925000+00:00,11348,22,1292,0.789,37.142
2026-08-22T10:24:50.190000+00:00,11348,3,1292,1.361,8.937
2026-08-22T10:24:50.206000+00:00,11348,44,1292,0.656,9.577
2026-08-22T10:24:50.222000+00:00,11348,41,1292,1.604,32.277
2026-08-22T10:24:50.456000+00:00,11348,10,1292,20.006,29.676
2026-08-22T10:24:50.505000+00:00,11348,31,1292,3.408,40.493
2026-08-22T10:24:50.753000+00:00,11348,23,1292,7.152,48.478
2026-08-22T10:24:50.815000+00:00,11348,44,1292,0.609,9.546
2026-08-22T10:24:51.113000+00:00,11348,81,1292,5.156,7.644
2026-08-22T10:24:51.276000+00:00,11348,18,1292,0.429,48.907
2026-08-22T10:24:51.402000+00:00,11348,30,1292,1.194,33.471
2026-08-22T10:24:51.449000+00:00,11348,5,1292,0.988,30.664
2026-08-22T10:24:51.499000+00:00,11348,87,1292,1.326,41.819
2026-08-22T10:24:51.668000+00:00,11348,14,1292,0.461,49.368
2026-08-22T10:24:51.977000+00:00,11348,16,1292,1.344,1.344
2026-08-22T10:24:52.333000+00:00,11348,1,1292,0.367,1.711
2026-08-22T10:24:52.488000+00:00,11348,3,1292,1.379,9.023
2026-08-22T10:24:52.518000+00:00,11348,77,1292,8.316,57.428
2026-08-22T10:24:52.919000+00:00,11348,44,1292,0.423,9.446
2026-08-22T10:24:53.258000+00:00,11348,81,1292,5.136,7.539
2026-08-22T10:24:53.258000+00:00,11348,12,1292,0.737,2.448
2026-08-22T10:24:53.258000+00:00,11348,41,1292,1.644,32.308
2026-08-22T10:24:53.398000+00:00,11348,31,1292,3.453,40.595
2026-08-22T10:24:54.253000+00:00,11348,30,1292,1.176,33.484
2026-08-22T10:24:54.398000+00:00,11348,43,1292,2.998,36.469
2026-08-22T10:24:54.477000+00:00,11348,3,1292,1.446,8.985
2026-08-22T10:24:54.577000+00:00,11348,16,1292,1.36,1.36
2026-08-22T10:24:54.662000+00:00,11348,87,1292,1.276,41.871
2026-08-22T10:24:54.978000+00:00,11348,44,1292,0.491,9.476
2026-08-22T10:24:54.998000+00:00,11348,1,1292,0.422,1.782
2026-08-22T10:24:55.116000+00:00,11348,22,1292,0.7,37.169
2026-08-22T10:24:55.590000+00:00,11348,23,1292,7.148,48.722
2026-08-22T10:24:55.677000+00:00,11348,12,1292,0.677,2.459
2026-08-22T10:24:55.720000+00:00,11348,10,1292,20.108,29.699
2026-08-22T10:24:55.952000+00:00,11348,18,1292,0.377,49.099
2026-08-22T10:24:56.353000+00:00,11348,14,1292,0.388,49.487
2026-08-22T10:24:56.605000+00:00,11348,77,1292,8.398,57.547
2026-08-22T10:24:56.635000+00:00,11348,5,1292,0.949,30.648
2026-08-22T10:24:57.365000+00:00,11348,43,1292,3.107,36.591
2026-08-22T10:24:57.548000+00:00,11348,16,1292,1.362,1.362
2026-08-22T10:24:58.046000+00:00,11348,22,1292,0.632,37.223
2026-08-22T10:24:58.234000+00:00,11348,1,1292,0.61,1.972
2026-08-22T10:24:58.234000+00:00,11348,81,1292,5.096,7.544
2026-08-22T10:24:58.320000+00:00,11348,41,1292,1.657,32.305
2026-08-22T10:24:58.599000+00:00,11348,31,1292,3.476,40.645
2026-08-22T10:24:58.621000+00:00,11348,23,1292,7.118,48.937
2026-08-22T10:24:58.648000+00:00,11348,12,1292,0.473,2.445
2026-08-22T10:24:58.898000+00:00,11348,18,1292,0.277,49.214
2026-08-22T10:24:59.377000+00:00,11348,14,1292,0.491,49.705
2026-08-22T10:24:59.520000+00:00,11348,3,1292,1.345,8.889
2026-08-22T10:24:59.548000+00:00,11348,30,1292,1.249,33.554
2026-08-22T10:24:59.763000+00:00,11348,10,1292,20.171,29.752
2026-08-22T10:24:59.850000+00:00,11348,87,1292,1.231,41.876
2026-08-22T10:25:00.083000+00:00,11348,44,1292,0.563,9.452
2026-08-22T10:25:00.133000+00:00,11348,77,1292,8.453,57.821
2026-08-22T10:25:00.695000+00:00,11348,5,1292,0.913,30.665
2026-08-22T10:25:00.773000+00:00,11348,81,1292,5.066,7.525
2026-08-22T10:25:01.476000+00:00,11348,31,1292,3.483,40.706
2026-08-22T10:25:01.634000+00:00,11348,55,1292,31.198,+1 LAP
2026-08-22T10:25:01.781000+00:00,11348,16,1292,1.499,1.499
2026-08-22T10:25:01.837000+00:00,11348,23,1292,7.195,49.066
2026-08-22T10:25:02.049000+00:00,11348,3,1292,1.319,8.844
2026-08-22T10:25:02.299000+00:00,11348,41,1292,1.603,32.268
2026-08-22T10:25:02.337000+00:00,11348,18,1292,0.469,49.535
2026-08-22T10:25:02.387000+00:00,11348,1,1292,0.607,2.106
2026-08-22T10:25:02.598000+00:00,11348,43,1292,3.041,36.595
2026-08-22T10:25:02.737000+00:00,11348,44,1292,0.643,9.487
2026-08-22T10:25:02.747000+00:00,11348,14,1292,0.433,49.968
2026-08-22T10:25:02.751000+00:00,11348,87,1292,1.274,41.98
2026-08-22T10:25:02.819000+00:00,11348,12,1292,0.455,2.561
2026-08-22T10:25:03.387000+00:00,11348,22,1292,0.792,37.387
2026-08-22T10:25:03.543000+00:00,11348,30,1292,1.247,33.515
2026-08-22T10:25:03.653000+00:00,11348,81,1292,5.005,7.45
2026-08-22T10:25:04.043000+00:00,11348,10,1292,20.285,29.939
2026-08-22T10:25:04.715000+00:00,11348,55,1292,31.646,+1 LAP
2026-08-22T10:25:04.762000+00:00,11348,77,1292,8.398,57.885
2026-08-22T10:25:04.997000+00:00,11348,3,1292,1.346,8.796
2026-08-22T10:25:05.059000+00:00,11348,5,1292,0.988,30.927
2026-08-22T10:25:05.293000+00:00,11348,16,1292,1.509,1.509
2026-08-22T10:25:05.747000+00:00,11348,44,1292,0.761,9.557
2026-08-22T10:25:05.887000+00:00,11348,1,1292,0.596,2.105
2026-08-22T10:25:06.340000+00:00,11348,12,1292,0.465,2.57
2026-08-22T10:25:06.590000+00:00,11348,41,1292,1.514,32.441
2026-08-22T10:25:06.668000+00:00,11348,43,1292,3.087,36.602
2026-08-22T10:25:06.810000+00:00,11348,31,1292,3.382,40.769
2026-08-22T10:25:07.137000+00:00,11348,23,1292,7.297,49.173
2026-08-22T10:25:07.293000+00:00,11348,18,1292,0.157,49.33
2026-08-22T10:25:07.387000+00:00,11348,10,1292,20.325,29.965
2026-08-22T10:25:07.465000+00:00,11348,22,1292,0.815,37.417
2026-08-22T10:25:07.731000+00:00,11348,81,1292,4.865,7.426
2026-08-22T10:25:07.778000+00:00,11348,77,1292,8.374,58.079
2026-08-22T10:25:07.887000+00:00,11348,30,1292,1.31,33.751
2026-08-22T10:25:07.887000+00:00,11348,14,1292,0.613,49.943
2026-08-22T10:25:08.043000+00:00,11348,87,1292,1.269,42.038
2026-08-22T10:25:08.137000+00:00,11348,55,1292,31.853,+1 LAP
2026-08-22T10:25:08.340000+00:00,11348,5,1292,1.003,30.968
2026-08-22T10:25:08.481000+00:00,11348,16,1292,1.539,1.539
2026-08-22T10:25:08.918000+00:00,11348,11,1292,+1 LAP,+3 LAPS
2026-08-22T10:25:09.059000+00:00,11348,1,1292,0.56,2.099
2026-08-22T10:25:09.122000+00:00,11348,3,1292,1.432,8.858
2026-08-22T10:25:09.434000+00:00,11348,12,1292,0.42,2.519
2026-08-22T10:25:09.512000+00:00,11348,11,1292,+2 LAPS,+3 LAPS
2026-08-22T10:25:09.592000+00:00,11348,10,1292,20.348,29.96
2026-08-22T10:25:09.647000+00:00,11348,16,1292,1.55,1.55
2026-08-22T10:25:09.850000+00:00,11348,41,1292,1.479,32.447
2026-08-22T10:25:09.866000+00:00,11348,44,1292,0.743,9.601
2026-08-22T10:25:10+00:00,11348,23,1292,7.231,49.211
2026-08-22T10:25:10.159000+00:00,11348,1,1292,0.543,2.093
2026-08-22T10:25:10.319000+00:00,11348,18,1292,0.321,49.532
2026-08-22T10:25:10.577000+00:00,11348,12,1292,0.382,2.475
2026-08-22T10:25:10.599000+00:00,11348,10,1292,20.378,29.955
2026-08-22T10:25:10.599000+00:00,11348,5,1292,0.999,30.959
2026-08-22T10:25:10.821000+00:00,11348,14,1292,0.467,49.999
2026-08-22T10:25:10.833000+00:00,11348,31,1292,3.397,40.814
2026-08-22T10:25:10.966000+00:00,11348,77,1292,8.222,58.19
2026-08-22T10:25:10.966000+00:00,11348,43,1292,3.084,36.835
2026-08-22T10:25:11.140000+00:00,11348,30,1292,1.32,33.767
2026-08-22T10:25:11.194000+00:00,11348,10,1292,20.404,29.95
2026-08-22T10:25:11.214000+00:00,11348,81,1292,4.844,7.414
2026-08-22T10:25:11.579000+00:00,11348,5,1292,0.998,30.953
2026-08-22T10:25:11.733000+00:00,11348,11,1292,+1 LAP,+3 LAPS
2026-08-22T10:25:11.834000+00:00,11348,22,1292,0.888,37.723
2026-08-22T10:25:12.049000+00:00,11348,41,1292,1.477,32.436
2026-08-22T10:25:12.093000+00:00,11348,87,1292,1.245,42.059
2026-08-22T10:25:12.218000+00:00,11348,5,1292,1.004,30.954
2026-08-22T10:25:12.604000+00:00,11348,3,1292,1.407,8.821
2026-08-22T10:25:12.865000+00:00,11348,55,1292,32.115,+1 LAP
2026-08-22T10:25:12.952000+00:00,11348,16,1292,1.406,1.406
2026-08-22T10:25:13.057000+00:00,11348,41,1292,1.476,32.429
2026-08-22T10:25:13.418000+00:00,11348,10,1292,20.473,29.919
2026-08-22T10:25:13.419000+00:00,11348,30,1292,1.329,33.765
2026-08-22T10:25:13.419000+00:00,11348,44,1292,0.79,9.611
2026-08-22T10:25:13.645000+00:00,11348,1,1292,0.73,2.136
2026-08-22T10:25:13.677000+00:00,11348,41,1292,1.47,32.424
2026-08-22T10:25:14.083000+00:00,11348,12,1292,0.421,2.557
2026-08-22T10:25:14.208000+00:00,11348,43,1292,3.06,36.827
2026-08-22T10:25:14.380000+00:00,11348,81,1292,4.93,7.449
2026-08-22T10:25:14.411000+00:00,11348,30,1292,1.343,33.772
2026-08-22T10:25:14.458000+00:00,11348,5,1292,1.081,31.0
2026-08-22T10:25:15.036000+00:00,11348,30,1292,1.363,33.787
2026-08-22T10:25:15.130000+00:00,11348,22,1292,0.896,
2026-08-22T10:25:15.192000+00:00,11348,31,1292,3.355,41.078
2026-08-22T10:25:15.223000+00:00,11348,23,1292,7.183,49.221
2026-08-22T10:25:15.458000+00:00,11348,10,1292,20.456,29.932
2026-08-22T10:25:15.552000+00:00,11348,81,1292,4.992,7.467
2026-08-22T10:25:15.755000+00:00,11348,3,1292,1.369,8.818
2026-08-22T10:25:15.755000+00:00,11348,18,1292,0.528,49.749
2026-08-22T10:25:15.911000+00:00,11348,41,1292,1.444,32.444
2026-08-22T10:25:16.208000+00:00,11348,77,1292,8.319,58.262
2026-08-22T10:25:16.395000+00:00,11348,87,1292,1.186,42.264
2026-08-22T10:25:16.427000+00:00,11348,43,1292,3.036,36.801
2026-08-22T10:25:16.458000+00:00,11348,5,1292,1.02,30.952
2026-08-22T10:25:16.458000+00:00,11348,14,1292,0.713,50.462
2026-08-22T10:25:16.552000+00:00,11348,44,1292,0.828,9.646
2026-08-22T10:25:16.598000+00:00,11348,55,1292,32.188,+1 LAP
2026-08-22T10:25:16.786000+00:00,11348,16,1292,1.281,1.281
2026-08-22T10:25:16.895000+00:00,11348,3,1292,1.339,8.806
2026-08-22T10:25:17.330000+00:00,11348,22,1292,0.904,37.705
2026-08-22T10:25:17.351000+00:00,11348,30,1292,1.429,33.873
2026-08-22T10:25:17.460000+00:00,11348,43,1292,3.017,36.789
2026-08-22T10:25:17.733000+00:00,11348,1,1292,0.872,2.153
2026-08-22T10:25:17.784000+00:00,11348,44,1292,0.849,9.655
2026-08-22T10:25:17.859000+00:00,11348,41,1292,1.403,32.355
2026-08-22T10:25:18.035000+00:00,11348,43,1292,2.993,36.78
2026-08-22T10:25:18.200000+00:00,11348,12,1292,0.514,2.667
2026-08-22T10:25:18.325000+00:00,11348,22,1292,0.901,37.69
2026-08-22T10:25:18.497000+00:00,11348,31,1292,3.402,41.125
2026-08-22T10:25:18.857000+00:00,11348,81,1292,4.773,7.33
2026-08-22T10:25:18.919000+00:00,11348,11,1292,+2 LAPS,+3 LAPS
2026-08-22T10:25:18.966000+00:00,11348,22,1292,0.898,37.678
2026-08-22T10:25:19.123000+00:00,11348,77,1292,8.356,58.355
2026-08-22T10:25:19.310000+00:00,11348,23,1292,7.242,49.301
2026-08-22T10:25:19.388000+00:00,11348,30,1292,1.528,33.883
2026-08-22T10:25:19.669000+00:00,11348,87,1292,1.172,42.297
2026-08-22T10:25:19.763000+00:00,11348,55,1292,32.095,+1 LAP
2026-08-22T10:25:19.810000+00:00,11348,18,1292,0.488,49.789
2026-08-22T10:25:20.091000+00:00,11348,16,1292,1.302,1.302
2026-08-22T10:25:20.200000+00:00,11348,43,1292,2.868,36.741
2026-08-22T10:25:20.341000+00:00,11348,3,1292,1.47,8.8
2026-08-22T10:25:20.591000+00:00,11348,14,1292,0.767,50.556
2026-08-22T10:25:20.685000+00:00,11348,10,1292,20.588,30.04
2026-08-22T10:25:20.779000+00:00,11348,31,1292,3.438,41.143
2026-08-22T10:25:20.919000+00:00,11348,55,1292,32.045,+1 LAP
2026-08-22T10:25:21.029000+00:00,11348,1,1292,0.929,2.231
2026-08-22T10:25:21.060000+00:00,11348,44,1292,0.738,9.538
2026-08-22T10:25:21.075000+00:00,11348,22,1292,0.88,37.621
2026-08-22T10:25:21.560000+00:00,11348,12,1292,0.564,2.795
2026-08-22T10:25:21.685000+00:00,11348,5,1292,1.01,31.05
2026-08-22T10:25:21.779000+00:00,11348,31,1292,3.461,41.151
2026-08-22T10:25:21.935000+00:00,11348,87,1292,1.155,42.298
2026-08-22T10:25:22.154000+00:00,11348,43,1292,2.758,36.641
2026-08-22T10:25:22.388000+00:00,11348,31,1292,3.482,41.16
2026-08-22T10:25:22.764000+00:00,11348,81,1292,4.565,7.232
2026-08-22T10:25:22.935000+00:00,11348,87,1292,1.146,42.297
2026-08-22T10:25:23.029000+00:00,11348,41,1292,1.357,32.407
2026-08-22T10:25:23.107000+00:00,11348,22,1292,0.979,37.62
2026-08-22T10:25:23.294000+00:00,11348,10,1292,,30.075
2026-08-22T10:25:23.544000+00:00,11348,87,1292,1.141,42.301
2026-08-22T10:25:23.669000+00:00,11348,23,1292,7.299,49.563
2026-08-22T10:25:24.185000+00:00,11348,18,1292,0.499,50.062
2026-08-22T10:25:24.279000+00:00,11348,5,1292,0.968,31.043
2026-08-22T10:25:24.325000+00:00,11348,3,1292,1.52,8.752
2026-08-22T10:25:24.388000+00:00,11348,77,1292,7.908,58.37
2026-08-22T10:25:24.654000+00:00,11348,55,1292,32.091,+1 LAP
2026-08-22T10:25:24.685000+00:00,11348,30,1292,1.565,33.972
2026-08-22T10:25:24.685000+00:00,11348,16,1292,1.363,1.363
2026-08-22T10:25:24.716000+00:00,11348,31,1292,3.615,41.236
2026-08-22T10:25:24.966000+00:00,11348,44,1292,0.694,9.446
2026-08-22T10:25:25.044000+00:00,11348,14,1292,0.856,50.918
2026-08-22T10:25:25.607000+00:00,11348,41,1292,1.355,32.398
2026-08-22T10:25:25.623000+00:00,11348,1,1292,1.017,2.38
2026-08-22T10:25:25.825000+00:00,11348,87,1292,1.119,42.355
2026-08-22T10:25:26.091000+00:00,11348,81,1292,4.492,7.287
2026-08-22T10:25:26.294000+00:00,11348,12,1292,0.646,3.026
2026-08-22T10:25:26.341000+00:00,11348,10,1292,20.596,30.153
2026-08-22T10:25:26.763000+00:00,11348,31,1292,3.635,41.255
2026-08-22T10:25:27.013000+00:00,11348,23,1292,7.292,49.589
2026-08-22T10:25:27.247000+00:00,11348,30,1292,1.573,33.971
2026-08-22T10:25:27.372000+00:00,11348,5,1292,0.999,31.152
2026-08-22T10:25:27.419000+00:00,11348,43,1292,2.776,36.748
2026-08-22T10:25:27.482000+00:00,11348,16,1292,1.382,1.382
2026-08-22T10:25:27.513000+00:00,11348,18,1292,0.538,50.127
2026-08-22T10:25:27.530000+00:00,11348,3,1292,1.455,8.742
2026-08-22T10:25:27.841000+00:00,11348,87,1292,1.113,42.368
2026-08-22T10:25:28.325000+00:00,11348,44,1292,0.806,9.548
2026-08-22T10:25:28.341000+00:00,11348,14,1292,0.842,50.969
2026-08-22T10:25:28.388000+00:00,11348,22,1292,0.975,37.723
2026-08-22T10:25:28.450000+00:00,11348,77,1292,7.884,58.44
2026-08-22T10:25:28.575000+00:00,11348,1,1292,1.132,2.514
2026-08-22T10:25:28.700000+00:00,11348,41,1292,1.35,32.502
2026-08-22T10:25:28.857000+00:00,11348,55,1292,32.236,+1 LAP
2026-08-22T10:25:29.060000+00:00,11348,12,1292,0.486,3.0
2026-08-22T10:25:29.200000+00:00,11348,23,1292,7.29,49.588
2026-08-22T10:25:29.763000+00:00,11348,18,1292,0.543,50.131
2026-08-22T10:25:29.982000+00:00,11348,43,1292,2.806,36.777
2026-08-22T10:25:30.232000+00:00,11348,23,1292,7.293,49.59
2026-08-22T10:25:30.263000+00:00,11348,30,1292,1.548,34.05
2026-08-22T10:25:30.591000+00:00,11348,14,1292,0.836,50.967
2026-08-22T10:25:30.607000+00:00,11348,16,1292,1.496,1.496
2026-08-22T10:25:30.654000+00:00,11348,10,1292,20.775,30.376
2026-08-22T10:25:30.716000+00:00,11348,81,1292,4.42,7.446
2026-08-22T10:25:30.763000+00:00,11348,18,1292,0.535,50.125
2026-08-22T10:25:30.841000+00:00,11348,23,1292,7.294,49.595
2026-08-22T10:25:30.966000+00:00,11348,22,1292,0.974,37.751
2026-08-22T10:25:31.404000+00:00,11348,18,1292,0.527,50.122
2026-08-22T10:25:31.575000+00:00,11348,14,1292,0.828,50.953
2026-08-22T10:25:31.622000+00:00,11348,5,1292,0.968,31.344
2026-08-22T10:25:31.732000+00:00,11348,1,1292,1.093,2.589
2026-08-22T10:25:32.029000+00:00,11348,31,1292,3.672,41.395
2026-08-22T10:25:32.185000+00:00,11348,14,1292,0.819,50.941
2026-08-22T10:25:32.279000+00:00,11348,12,1292,0.577,3.166
2026-08-22T10:25:32.357000+00:00,11348,3,1292,1.377,8.823
2026-08-22T10:25:32.372000+00:00,11348,55,1292,32.244,+1 LAP
2026-08-22T10:25:32.919000+00:00,11348,41,1292,1.27,32.614
2026-08-22T10:25:32.935000+00:00,11348,77,1292,7.829,58.747
2026-08-22T10:25:32.935000+00:00,11348,44,1292,0.827,9.65
2026-08-22T10:25:33.029000+00:00,11348,43,1292,2.787,36.837
2026-08-22T10:25:33.044000+00:00,11348,87,1292,1.033,42.428
2026-08-22T10:25:33.138000+00:00,11348,23,1292,7.306,49.661
2026-08-22T10:25:33.544000+00:00,11348,81,1292,4.47,7.47
2026-08-22T10:25:33.622000+00:00,11348,18,1292,0.51,50.171
2026-08-22T10:25:34.044000+00:00,11348,22,1292,1.018,37.855
2026-08-22T10:25:34.232000+00:00,11348,10,1292,20.799,30.41
2026-08-22T10:25:34.388000+00:00,11348,14,1292,0.758,50.929
2026-08-22T10:25:34.513000+00:00,11348,30,1292,1.644,34.258
2026-08-22T10:25:34.607000+00:00,11348,31,1292,3.646,41.397
2026-08-22T10:25:34.841000+00:00,11348,3,1292,1.313,8.783
2026-08-22T10:25:35.154000+00:00,11348,23,1292,7.29,49.658
2026-08-22T10:25:35.201000+00:00,11348,5,1292,0.989,31.399
2026-08-22T10:25:35.732000+00:00,11348,87,1292,1.103,42.5
2026-08-22T10:25:35.810000+00:00,11348,16,1292,1.545,1.545
2026-08-22T10:25:35.810000+00:00,11348,18,1292,0.62,50.278
2026-08-22T10:25:35.825000+00:00,11348,44,1292,0.975,9.758
2026-08-22T10:25:36.247000+00:00,11348,77,1292,7.842,58.811
2026-08-22T10:25:36.419000+00:00,11348,41,1292,1.223,32.622
2026-08-22T10:25:36.435000+00:00,11348,14,1292,0.648,50.926
2026-08-22T10:25:36.763000+00:00,11348,81,1292,4.49,7.656
2026-08-22T10:25:36.826000+00:00,11348,1,1292,1.016,2.561
2026-08-22T10:25:37.138000+00:00,11348,55,1292,32.405,+1 LAP
2026-08-22T10:25:37.341000+00:00,11348,10,1292,20.768,30.414
2026-08-22T10:25:37.357000+00:00,11348,43,1292,2.815,37.073
2026-08-22T10:25:37.483000+00:00,11348,12,1292,0.653,3.214
2026-08-22T10:25:37.560000+00:00,11348,31,1292,3.513,41.368
2026-08-22T10:25:38.065000+00:00,11348,30,1292,1.66,34.282
2026-08-22T10:25:38.077000+00:00,11348,3,1292,1.299,8.955
2026-08-22T10:25:38.333000+00:00,11348,5,1292,1.006,31.42
2026-08-22T10:25:38.333000+00:00,11348,22,1292,0.981,38.054
2026-08-22T10:25:38.449000+00:00,11348,77,1292,7.868,58.835
2026-08-22T10:25:38.546000+00:00,11348,10,1292,20.756,30.411
2026-08-22T10:25:38.565000+00:00,11348,16,1292,1.478,1.478
2026-08-22T10:25:38.739000+00:00,11348,87,1292,1.173,42.541
2026-08-22T10:25:38.909000+00:00,11348,44,1292,0.835,9.79
2026-08-22T10:25:39.477000+00:00,11348,77,1292,7.895,58.848
2026-08-22T10:25:39.520000+00:00,11348,5,1292,1.012,31.423
2026-08-22T10:25:39.558000+00:00,11348,41,1292,1.217,32.637
2026-08-22T10:25:39.693000+00:00,11348,1,1292,1.122,2.6
2026-08-22T10:25:40.123000+00:00,11348,77,1292,7.916,58.857
2026-08-22T10:25:40.199000+00:00,11348,55,1292,32.449,+1 LAP
2026-08-22T10:25:40.316000+00:00,11348,12,1292,0.631,3.231
2026-08-22T10:25:40.477000+00:00,11348,23,1292,7.414,49.842
2026-08-22T10:25:40.736000+00:00,11348,41,1292,1.215,32.638
2026-08-22T10:25:40.949000+00:00,11348,43,1292,2.874,37.156
2026-08-22T10:25:40.974000+00:00,11348,18,1292,0.487,50.329
2026-08-22T10:25:41.177000+00:00,11348,30,1292,1.646,34.283
2026-08-22T10:25:41.703000+00:00,11348,14,1292,0.72,51.049
2026-08-22T10:25:41.820000+00:00,11348,81,1292,4.374,7.588
2026-08-22T10:25:41.853000+00:00,11348,22,1292,0.904,38.06
2026-08-22T10:25:41.899000+00:00,11348,31,1292,3.573,41.627
2026-08-22T10:25:42.020000+00:00,11348,10,1292,20.946,30.484
2026-08-22T10:25:42.350000+00:00,11348,77,1292,7.959,58.888
2026-08-22T10:25:42.358000+00:00,11348,30,1292,1.627,34.265
2026-08-22T10:25:42.883000+00:00,11348,5,1292,0.865,31.349
2026-08-22T10:25:42.898000+00:00,11348,87,1292,1.033,42.66
2026-08-22T10:25:43.102000+00:00,11348,23,1292,7.402,49.902
2026-08-22T10:25:43.180000+00:00,11348,3,1292,1.362,8.95
2026-08-22T10:25:43.492000+00:00,11348,55,1292,32.544,+1 LAP
2026-08-22T10:25:43.649000+00:00,11348,18,1292,0.513,50.415
2026-08-22T10:25:43.711000+00:00,11348,16,1292,1.504,1.504
2026-08-22T10:25:44.070000+00:00,11348,43,1292,2.893,37.176
2026-08-22T10:25:44.133000+00:00,11348,44,1292,0.935,9.885
2026-08-22T10:25:44.259000+00:00,11348,14,1292,0.645,51.06
2026-08-22T10:25:44.315000+00:00,11348,41,1292,1.39,32.739
2026-08-22T10:25:44.449000+00:00,11348,77,1292,8.011,58.937
2026-08-22T10:25:44.641000+00:00,11348,81,1292,4.333,7.564
2026-08-22T10:25:44.999000+00:00,11348,22,1292,0.912,38.088
2026-08-22T10:25:45.034000+00:00,11348,1,1292,1.294,2.798
2026-08-22T10:25:45.266000+00:00,11348,43,1292,2.915,37.18
2026-08-22T10:25:45.499000+00:00,11348,31,1292,3.667,41.727
2026-08-22T10:25:45.549000+00:00,11348,12,1292,0.516,3.314
2026-08-22T10:25:45.818000+00:00,11348,30,1292,1.556,34.295
2026-08-22T10:25:46.044000+00:00,11348,10,1292,21.06,30.506
2026-08-22T10:25:46.059000+00:00,11348,3,1292,1.41,8.974
2026-08-22T10:25:46.149000+00:00,11348,22,1292,0.885,38.065
2026-08-22T10:25:46.266000+00:00,11348,23,1292,7.504,50.045
2026-08-22T10:25:46.499000+00:00,11348,87,1292,0.984,42.711
2026-08-22T10:25:46.730000+00:00,11348,18,1292,0.459,50.504
2026-08-22T10:25:46.951000+00:00,11348,5,1292,0.88,31.386
2026-08-22T10:25:47+00:00,11348,44,1292,0.919,9.893
2026-08-22T10:25:47.371000+00:00,11348,14,1292,0.621,51.125
2026-08-22T10:25:47.688000+00:00,11348,16,1292,1.434,1.434
2026-08-22T10:25:48.333000+00:00,11348,41,1292,1.424,32.81
2026-08-22T10:25:48.730000+00:00,11348,31,1292,3.704,41.792
2026-08-22T10:25:48.768000+00:00,11348,43,1292,2.901,37.196
2026-08-22T10:25:48.917000+00:00,11348,55,1292,32.703,+1 LAP
2026-08-22T10:25:48.999000+00:00,11348,1,1292,1.331,2.765
2026-08-22T10:25:49.534000+00:00,11348,10,1292,21.175,30.723
2026-08-22T10:25:49.601000+00:00,11348,12,1292,0.565,3.33
2026-08-22T10:25:49.692000+00:00,11348,87,1292,0.942,42.734
2026-08-22T10:25:49.692000+00:00,11348,77,1292,7.96,59.009
2026-08-22T10:25:49.696000+00:00,11348,22,1292,0.916,38.112
2026-08-22T10:25:49.856000+00:00,11348,30,1292,1.487,34.297
2026-08-22T10:25:49.922000+00:00,11348,31,1292,3.751,41.816
2026-08-22T10:25:50.020000+00:00,11348,81,1292,4.461,7.775
2026-08-22T10:25:50.299000+00:00,11348,5,1292,0.794,31.517
2026-08-22T10:25:50.534000+00:00,11348,23,1292,7.619,50.279
2026-08-22T10:25:50.820000+00:00,11348,87,1292,0.91,42.726
2026-08-22T10:25:51.030000+00:00,11348,18,1292,0.473,50.752
2026-08-22T10:25:51.266000+00:00,11348,3,1292,1.276,9.051
2026-08-22T10:25:51.662000+00:00,11348,14,1292,0.64,51.392
2026-08-22T10:25:51.734000+00:00,11348,16,1292,1.417,1.417
2026-08-22T10:25:51.784000+00:00,11348,41,1292,1.494,33.011
2026-08-22T10:25:51.862000+00:00,11348,55,1292,32.721,+1 LAP
2026-08-22T10:25:52.201000+00:00,11348,44,1292,0.902,9.953
2026-08-22T10:25:52.285000+00:00,11348,77,1292,8.013,59.073
2026-08-22T10:25:52.785000+00:00,11348,43,1292,2.945,37.242
2026-08-22T10:25:53.077000+00:00,11348,30,1292,1.292,34.303
2026-08-22T10:25:53.220000+00:00,11348,1,1292,1.407,2.824
2026-08-22T10:25:53.349000+00:00,11348,31,1292,3.72,41.832
2026-08-22T10:25:53.673000+00:00,11348,22,1292,0.901,38.143
2026-08-22T10:25:53.857000+00:00,11348,12,1292,0.636,3.46
2026-08-22T10:25:53.949000+00:00,11348,81,1292,4.362,7.692
2026-08-22T10:25:54.094000+00:00,11348,23,1292,7.598,50.309
2026-08-22T10:25:54.199000+00:00,11348,10,1292,21.306,30.956
2026-08-22T10:25:54.274000+00:00,11348,87,1292,0.891,42.723
2026-08-22T10:25:54.612000+00:00,11348,18,1292,0.505,50.814
2026-08-22T10:25:54.936000+00:00,11348,5,1292,0.721,31.677
2026-08-22T10:25:55.042000+00:00,11348,16,1292,1.396,1.396
2026-08-22T10:25:55.266000+00:00,11348,14,1292,0.661,51.475
2026-08-22T10:25:55.277000+00:00,11348,3,1292,1.319,9.011
2026-08-22T10:25:55.449000+00:00,11348,77,1292,8.132,59.257
2026-08-22T10:25:56.160000+00:00,11348,43,1292,3.091,37.394
2026-08-22T10:25:56.181000+00:00,11348,44,1292,0.929,9.94
2026-08-22T10:25:56.464000+00:00,11348,1,1292,1.422,2.818
2026-08-22T10:25:56.520000+00:00,11348,41,1292,1.594,33.271
2026-08-22T10:25:57.077000+00:00,11348,22,1292,0.875,38.269
2026-08-22T10:25:57.093000+00:00,11348,55,1292,32.708,+1 LAP
2026-08-22T10:25:57.099000+00:00,11348,12,1292,0.633,3.451
2026-08-22T10:25:57.177000+00:00,11348,10,1292,21.335,31.093
2026-08-22T10:25:57.221000+00:00,11348,23,1292,7.59,50.324
2026-08-22T10:25:57.277000+00:00,11348,16,1292,1.39,1.39
2026-08-22T10:25:57.421000+00:00,11348,31,1292,3.753,41.896
2026-08-22T10:25:57.586000+00:00,11348,63,1292,0.0,0.0
2026-08-22T10:25:57.823000+00:00,11348,18,1292,0.597,50.921
2026-08-22T10:25:57.850000+00:00,11348,30,1292,1.316,34.587
2026-08-22T10:25:57.888000+00:00,11348,5,1292,0.718,31.811
2026-08-22T10:25:58.116000+00:00,11348,81,1292,4.292,7.752
2026-08-22T10:25:58.289000+00:00,11348,16,1292,1.388,1.388
2026-08-22T10:25:58.320000+00:00,11348,87,1292,0.904,42.8
2026-08-22T10:25:58.421000+00:00,11348,14,1292,0.605,51.526
2026-08-22T10:25:58.438000+00:00,11348,23,1292,7.609,50.335
2026-08-22T10:25:58.697000+00:00,11348,1,1292,,2.812
2026-08-22T10:25:58.935000+00:00,11348,16,1292,1.393,1.393
2026-08-22T10:25:59.049000+00:00,11348,18,1292,0.637,50.972
2026-08-22T10:25:59.299000+00:00,11348,12,1292,0.597,3.409
2026-08-22T10:25:59.400000+00:00,11348,3,1292,1.282,9.034
2026-08-22T10:25:59.439000+00:00,11348,41,1292,1.549,33.36
2026-08-22T10:25:59.624000+00:00,11348,14,1292,0.567,51.539
2026-08-22T10:25:59.733000+00:00,11348,1,1292,1.418,2.806
2026-08-22T10:25:59.859000+00:00,11348,77,1292,8.199,59.591
2026-08-22T10:26:00.195000+00:00,11348,10,1292,21.286,31.076
2026-08-22T10:26:00.253000+00:00,11348,12,1292,0.558,3.364
2026-08-22T10:26:00.316000+00:00,11348,1,1292,1.412,2.805
2026-08-22T10:26:00.353000+00:00,11348,44,1292,0.926,9.96
2026-08-22T10:26:00.713000+00:00,11348,30,1292,1.258,34.618
2026-08-22T10:26:00.834000+00:00,11348,31,1292,3.773,42.042
2026-08-22T10:26:00.867000+00:00,11348,12,1292,0.522,3.327
2026-08-22T10:26:00.937000+00:00,11348,43,1292,3.075,37.662
2026-08-22T10:26:01.099000+00:00,11348,5,1292,0.896,31.972
2026-08-22T10:26:01.167000+00:00,11348,16,1292,1.459,1.459
2026-08-22T10:26:01.193000+00:00,11348,55,1292,32.719,+1 LAP
2026-08-22T10:26:01.402000+00:00,11348,81,1292,4.293,7.744
2026-08-22T10:26:01.734000+00:00,11348,87,1292,0.88,42.922
2026-08-22T10:26:01.812000+00:00,11348,22,1292,0.901,38.563
2026-08-22T10:26:01.937000+00:00,11348,23,1292,7.685,50.408
2026-08-22T10:26:02.562000+00:00,11348,41,1292,1.475,33.447
2026-08-22T10:26:02.578000+00:00,11348,1,1292,1.389,2.848
2026-08-22T10:26:02.578000+00:00,11348,18,1292,0.644,51.052
2026-08-22T10:26:02.656000+00:00,11348,3,1292,1.264,9.008
2026-08-22T10:26:02.922000+00:00,11348,12,1292,0.343,3.191
2026-08-22T10:26:03.156000+00:00,11348,16,1292,1.499,1.499
2026-08-22T10:26:03.172000+00:00,11348,14,1292,0.589,51.641
2026-08-22T10:26:03.453000+00:00,11348,77,1292,8.216,59.691
2026-08-22T10:26:03.594000+00:00,11348,44,1292,0.941,9.949
2026-08-22T10:26:03.625000+00:00,11348,81,1292,4.334,7.743
2026-08-22T10:26:03.875000+00:00,11348,30,1292,1.313,34.76
2026-08-22T10:26:03.891000+00:00,11348,43,1292,3.204,37.822
2026-08-22T10:26:04.562000+00:00,11348,1,1292,1.374,2.873
2026-08-22T10:26:04.656000+00:00,11348,81,1292,4.382,7.746
2026-08-22T10:26:04.750000+00:00,11348,22,1292,0.82,38.642
2026-08-22T10:26:04.875000+00:00,11348,3,1292,1.256,8.999
2026-08-22T10:26:04.953000+00:00,11348,12,1292,0.424,3.297
2026-08-22T10:26:05.297000+00:00,11348,81,1292,4.426,7.753
2026-08-22T10:26:05.328000+00:00,11348,10,1292,21.203,31.088
2026-08-22T10:26:05.516000+00:00,11348,31,1292,3.713,42.276
2026-08-22T10:26:05.609000+00:00,11348,55,1292,32.785,+1 LAP
2026-08-22T10:26:05.797000+00:00,11348,44,1292,0.924,9.923
2026-08-22T10:26:05.922000+00:00,11348,3,1292,1.261,9.007
2026-08-22T10:26:06.094000+00:00,11348,23,1292,7.769,50.569
2026-08-22T10:26:06.368000+00:00,11348,5,1292,1.032,32.12
2026-08-22T10:26:06.439000+00:00,11348,87,1292,0.916,43.192
2026-08-22T10:26:06.653000+00:00,11348,3,1292,1.27,9.023
2026-08-22T10:26:06.784000+00:00,11348,77,1292,8.268,59.794
2026-08-22T10:26:06.784000+00:00,11348,18,1292,0.611,51.18
2026-08-22T10:26:06.822000+00:00,11348,44,1292,0.883,9.89
2026-08-22T10:26:07.032000+00:00,11348,43,1292,3.147,37.907
2026-08-22T10:26:07.281000+00:00,11348,14,1292,0.522,51.702
2026-08-22T10:26:07.420000+00:00,11348,44,1292,0.836,9.859
2026-08-22T10:26:07.560000+00:00,11348,81,1292,4.646,7.837
2026-08-22T10:26:07.800000+00:00,11348,41,1292,1.433,33.553
2026-08-22T10:26:07.916000+00:00,11348,22,1292,0.919,38.826
2026-08-22T10:26:07.930000+00:00,11348,77,1292,8.3,59.839
2026-08-22T10:26:08.299000+00:00,11348,16,1292,1.511,1.511
2026-08-22T10:26:08.334000+00:00,11348,10,1292,21.37,31.263
2026-08-22T10:26:08.566000+00:00,11348,31,1292,3.846,42.488
2026-08-22T10:26:08.852000+00:00,11348,3,1292,1.275,9.112
2026-08-22T10:26:08.962000+00:00,11348,55,1292,32.78,+1 LAP
2026-08-22T10:26:09.050000+00:00,11348,30,1292,1.249,34.802
2026-08-22T10:26:09.231000+00:00,11348,5,1292,0.867,32.13
2026-08-22T10:26:09.566000+00:00,11348,44,1292,0.633,9.745
2026-08-22T10:26:09.581000+00:00,11348,81,1292,4.547,7.844
2026-08-22T10:26:09.581000+00:00,11348,87,1292,0.943,43.431
2026-08-22T10:26:09.600000+00:00,11348,23,1292,7.904,50.826
2026-08-22T10:26:09.728000+00:00,11348,1,1292,1.434,2.945
2026-08-22T10:26:10.165000+00:00,11348,12,1292,0.432,3.377
2026-08-22T10:26:10.177000+00:00,11348,18,1292,0.56,51.386
2026-08-22T10:26:10.670000+00:00,11348,14,1292,0.477,51.863
2026-08-22T10:26:10.707000+00:00,11348,41,1292,1.461,33.591
2026-08-22T10:26:10.805000+00:00,11348,3,1292,1.298,9.142
2026-08-22T10:26:10.835000+00:00,11348,16,1292,1.476,1.476
2026-08-22T10:26:11.212000+00:00,11348,55,1292,32.76,+1 LAP
2026-08-22T10:26:11.350000+00:00,11348,44,1292,0.563,9.705
2026-08-22T10:26:11.567000+00:00,11348,77,1292,8.392,60.033
2026-08-22T10:26:11.729000+00:00,11348,31,1292,3.787,42.613
2026-08-22T10:26:11.894000+00:00,11348,30,1292,1.232,34.823
2026-08-22T10:26:12.229000+00:00,11348,55,1292,32.747,+1 LAP
2026-08-22T10:26:12.251000+00:00,11348,1,1292,1.421,2.897
2026-08-22T10:26:12.323000+00:00,11348,43,1292,3.269,38.071
2026-08-22T10:26:12.650000+00:00,11348,87,1292,0.917,43.53
2026-08-22T10:26:12.805000+00:00,11348,12,1292,0.51,3.407
2026-08-22T10:26:12.849000+00:00,11348,55,1292,32.737,+1 LAP
2026-08-22T10:26:13.165000+00:00,11348,22,1292,0.848,38.919
2026-08-22T10:26:13.568000+00:00,11348,10,1292,21.379,31.332
2026-08-22T10:26:13.751000+00:00,11348,16,1292,1.433,1.433
2026-08-22T10:26:14.357000+00:00,11348,23,1292,7.907,51.099
2026-08-22T10:26:14.499000+00:00,11348,5,1292,0.957,32.289
2026-08-22T10:26:14.732000+00:00,11348,81,1292,4.552,7.929
2026-08-22T10:26:14.831000+00:00,11348,18,1292,0.475,51.574
2026-08-22T10:26:15.101000+00:00,11348,55,1292,32.735,+1 LAP
2026-08-22T10:26:15.180000+00:00,11348,43,1292,3.264,38.087
2026-08-22T10:26:15.239000+00:00,11348,1,1292,1.48,2.913
2026-08-22T10:26:15.352000+00:00,11348,14,1292,0.527,52.101
2026-08-22T10:26:15.734000+00:00,11348,77,1292,8.456,60.158
2026-08-22T10:26:15.766000+00:00,11348,12,1292,0.522,3.435
2026-08-22T10:26:15.921000+00:00,11348,3,1292,1.188,9.117
2026-08-22T10:26:15.938000+00:00,11348,41,1292,1.41,33.699
2026-08-22T10:26:16.050000+00:00,11348,22,1292,0.898,38.985
2026-08-22T10:26:16.531000+00:00,11348,44,1292,0.618,9.735
2026-08-22T10:26:16.979000+00:00,11348,31,1292,3.825,42.744
2026-08-22T10:26:17.150000+00:00,11348,55,1292,32.702,+1 LAP
2026-08-22T10:26:17.211000+00:00,11348,30,1292,1.267,34.966
2026-08-22T10:26:17.300000+00:00,11348,81,1292,4.533,7.94
2026-08-22T10:26:17.320000+00:00,11348,23,1292,7.817,51.248
2026-08-22T10:26:17.580000+00:00,11348,10,1292,21.401,31.341
2026-08-22T10:26:17.789000+00:00,11348,18,1292,0.465,51.713
2026-08-22T10:26:17.820000+00:00,11348,87,1292,0.823,43.567
2026-08-22T10:26:17.831000+00:00,11348,16,1292,1.453,1.453
2026-08-22T10:26:18.360000+00:00,11348,14,1292,0.574,52.287
2026-08-22T10:26:18.433000+00:00,11348,3,1292,1.139,9.079
2026-08-22T10:26:18.567000+00:00,11348,5,1292,0.975,32.316
2026-08-22T10:26:19.149000+00:00,11348,44,1292,0.683,9.762
2026-08-22T10:26:19.178000+00:00,11348,77,1292,8.536,60.399
2026-08-22T10:26:19.234000+00:00,11348,1,1292,1.434,2.887
2026-08-22T10:26:19.850000+00:00,11348,31,1292,3.79,42.775
2026-08-22T10:26:19.865000+00:00,11348,12,1292,0.631,3.518
2026-08-22T10:26:19.954000+00:00,11348,41,1292,1.396,33.712
2026-08-22T10:26:20.253000+00:00,11348,81,1292,4.49,7.925
2026-08-22T10:26:20.451000+00:00,11348,23,1292,7.803,51.333
2026-08-22T10:26:20.456000+00:00,11348,43,1292,3.276,38.242
2026-08-22T10:26:20.749000+00:00,11348,87,1292,0.9,43.675
2026-08-22T10:26:21.078000+00:00,11348,18,1292,0.64,51.973
2026-08-22T10:26:21.299000+00:00,11348,30,1292,1.32,35.032
2026-08-22T10:26:21.353000+00:00,11348,16,1292,1.449,1.449
2026-08-22T10:26:21.377000+00:00,11348,3,1292,1.155,9.08
2026-08-22T10:26:21.420000+00:00,11348,22,1292,0.916,39.158
2026-08-22T10:26:21.499000+00:00,11348,14,1292,0.432,52.405
2026-08-22T10:26:21.852000+00:00,11348,10,1292,21.509,31.469
2026-08-22T10:26:22.083000+00:00,11348,44,1292,0.677,9.757
2026-08-22T10:26:22.399000+00:00,11348,55,1292,32.765,+1 LAP
2026-08-22T10:26:22.731000+00:00,11348,1,1292,1.409,2.858
2026-08-22T10:26:22.877000+00:00,11348,5,1292,1.029,32.498
2026-08-22T10:26:23.375000+00:00,11348,12,1292,0.657,3.515
2026-08-22T10:26:23.861000+00:00,11348,77,1292,8.51,60.611
2026-08-22T10:26:24.277000+00:00,11348,81,1292,4.422,7.94
2026-08-22T10:26:24.399000+00:00,11348,16,1292,1.44,1.44
2026-08-22T10:26:24.399000+00:00,11348,41,1292,1.5,33.998
2026-08-22T10:26:24.533000+00:00,11348,43,1292,3.265,38.297
2026-08-22T10:26:25.078000+00:00,11348,55,1292,32.781,+1 LAP
2026-08-22T10:26:25.133000+00:00,11348,10,1292,21.546,31.495
2026-08-22T10:26:25.179000+00:00,11348,31,1292,3.779,42.937
2026-08-22T10:26:25.477000+00:00,11348,22,1292,0.943,39.24
2026-08-22T10:26:25.501000+00:00,11348,3,1292,1.223,9.163
2026-08-22T10:26:25.577000+00:00,11348,16,1292,1.415,1.415
2026-08-22T10:26:25.725000+00:00,11348,30,1292,1.339,35.337
2026-08-22T10:26:25.754000+00:00,11348,23,1292,7.934,51.501
2026-08-22T10:26:25.799000+00:00,11348,1,1292,1.398,2.838
2026-08-22T10:26:26.177000+00:00,11348,87,1292,0.924,43.861
2026-08-22T10:26:26.177000+00:00,11348,18,1292,0.377,51.878
2026-08-22T10:26:26.199000+00:00,11348,44,1292,0.619,9.782
2026-08-22T10:26:26.208000+00:00,11348,5,1292,1.023,32.518
2026-08-22T10:26:26.479000+00:00,11348,12,1292,0.672,3.51
2026-08-22T10:26:26.780000+00:00,11348,14,1292,0.565,52.443
2026-08-22T10:26:26.952000+00:00,11348,77,1292,8.528,60.815
2026-08-22T10:26:27+00:00,11348,1,1292,1.399,2.814
2026-08-22T10:26:27.411000+00:00,11348,10,1292,21.582,31.505
2026-08-22T10:26:27.645000+00:00,11348,12,1292,0.693,3.507
2026-08-22T10:26:27.661000+00:00,11348,41,1292,1.501,34.019
2026-08-22T10:26:27.786000+00:00,11348,81,1292,4.424,7.939
2026-08-22T10:26:28.146000+00:00,11348,55,1292,32.699,+1 LAP
2026-08-22T10:26:28.395000+00:00,11348,10,1292,21.616,31.506
2026-08-22T10:26:28.474000+00:00,11348,5,1292,1.009,32.514
2026-08-22T10:26:28.559000+00:00,11348,23,1292,7.791,51.466
2026-08-22T10:26:28.870000+00:00,11348,43,1292,3.16,38.497
2026-08-22T10:26:28.878000+00:00,11348,16,1292,1.272,1.272
2026-08-22T10:26:28.984000+00:00,11348,3,1292,1.193,9.132
2026-08-22T10:26:29.050000+00:00,11348,10,1292,21.647,
2026-08-22T10:26:29.065000+00:00,11348,30,1292,1.346,35.365
2026-08-22T10:26:29.135000+00:00,11348,18,1292,0.555,52.021
2026-08-22T10:26:29.179000+00:00,11348,31,1292,3.704,42.944
2026-08-22T10:26:29.399000+00:00,11348,5,1292,1.004,32.51
2026-08-22T10:26:29.681000+00:00,11348,44,1292,0.648,9.78
2026-08-22T10:26:29.723000+00:00,11348,14,1292,0.536,52.557
2026-08-22T10:26:29.838000+00:00,11348,22,1292,0.918,39.415
2026-08-22T10:26:29.899000+00:00,11348,41,1292,1.502,34.016
2026-08-22T10:26:30.066000+00:00,11348,77,1292,8.529,60.934
2026-08-22T10:26:30.121000+00:00,11348,87,1292,0.921,43.865
2026-08-22T10:26:30.281000+00:00,11348,1,1292,1.418,2.69
2026-08-22T10:26:30.899000+00:00,11348,41,1292,1.506,
2026-08-22T10:26:30.922000+00:00,11348,81,1292,4.449,7.959
2026-08-22T10:26:31.065000+00:00,11348,12,1292,0.777,3.467
2026-08-22T10:26:31.225000+00:00,11348,10,1292,21.759,31.504
2026-08-22T10:26:31.251000+00:00,11348,30,1292,1.351,35.367
2026-08-22T10:26:31.534000+00:00,11348,41,1292,1.512,34.022
2026-08-22T10:26:32.145000+00:00,11348,3,1292,1.175,9.134
2026-08-22T10:26:32.151000+00:00,11348,81,1292,4.462,7.969
2026-08-22T10:26:32.176000+00:00,11348,43,1292,3.136,38.501
2026-08-22T10:26:32.283000+00:00,11348,5,1292,1.057,32.561
2026-08-22T10:26:32.283000+00:00,11348,30,1292,1.357,35.373
2026-08-22T10:26:32.501000+00:00,11348,55,1292,32.643,+1 LAP
2026-08-22T10:26:32.734000+00:00,11348,16,1292,1.185,1.185
2026-08-22T10:26:32.771000+00:00,11348,44,1292,0.666,9.8
2026-08-22T10:26:32.900000+00:00,11348,30,1292,1.363,35.385
2026-08-22T10:26:33.064000+00:00,11348,22,1292,0.919,39.42
2026-08-22T10:26:33.223000+00:00,11348,10,1292,21.859,31.564
2026-08-22T10:26:33.268000+00:00,11348,3,1292,1.157,9.126
2026-08-22T10:26:33.577000+00:00,11348,31,1292,3.745,43.16
2026-08-22T10:26:33.818000+00:00,11348,41,1292,1.529,34.09
2026-08-22T10:26:33.907000+00:00,11348,23,1292,7.819,51.68
2026-08-22T10:26:33.958000+00:00,11348,44,1292,0.679,9.805
2026-08-22T10:26:34.199000+00:00,11348,1,1292,1.473,2.658
2026-08-22T10:26:34.261000+00:00,11348,5,1292,1.035,32.599
2026-08-22T10:26:34.387000+00:00,11348,43,1292,3.116,38.483
2026-08-22T10:26:34.437000+00:00,11348,87,1292,0.862,44.022
2026-08-22T10:26:34.468000+00:00,11348,18,1292,0.567,52.247
2026-08-22T10:26:35.034000+00:00,11348,14,1292,0.567,52.814
2026-08-22T10:26:35.065000+00:00,11348,12,1292,0.866,3.524
2026-08-22T10:26:35.203000+00:00,11348,30,1292,1.37,35.46
2026-08-22T10:26:35.290000+00:00,11348,22,1292,0.922,39.405
2026-08-22T10:26:35.339000+00:00,11348,77,1292,8.635,61.078
2026-08-22T10:26:35.365000+00:00,11348,43,1292,3.1,38.473
2026-08-22T10:26:35.431000+00:00,11348,81,1292,4.367,7.834
2026-08-22T10:26:35.781000+00:00,11348,41,1292,1.496,34.095
2026-08-22T10:26:35.977000+00:00,11348,43,1292,3.079,38.464
2026-08-22T10:26:36.020000+00:00,11348,16,1292,1.189,1.189
2026-08-22T10:26:36.131000+00:00,11348,55,1292,32.618,+1 LAP
2026-08-22T10:26:36.304000+00:00,11348,22,1292,0.929,39.402
2026-08-22T10:26:36.748000+00:00,11348,3,1292,1.279,9.113
2026-08-22T10:26:36.894000+00:00,11348,31,1292,3.818,43.238
2026-08-22T10:26:36.954000+00:00,11348,22,1292,0.943,39.407
2026-08-22T10:26:37.252000+00:00,11348,30,1292,1.471,35.566
2026-08-22T10:26:37.338000+00:00,11348,44,1292,0.618,9.731
2026-08-22T10:26:37.463000+00:00,11348,1,1292,1.445,2.634
2026-08-22T10:26:37.725000+00:00,11348,87,1292,0.832,44.07
2026-08-22T10:26:37.950000+00:00,11348,23,1292,7.832,51.697
2026-08-22T10:26:38.149000+00:00,11348,43,1292,2.963,38.423
2026-08-22T10:26:38.273000+00:00,11348,77,1292,8.614,61.171
2026-08-22T10:26:38.422000+00:00,11348,12,1292,0.957,3.591
2026-08-22T10:26:38.449000+00:00,11348,10,1292,21.928,31.663
2026-08-22T10:26:38.567000+00:00,11348,18,1292,0.605,52.302
2026-08-22T10:26:39.106000+00:00,11348,14,1292,0.556,52.858
2026-08-22T10:26:39.250000+00:00,11348,31,1292,3.864,43.269
2026-08-22T10:26:39.252000+00:00,11348,22,1292,1.034,39.457
2026-08-22T10:26:39.252000+00:00,11348,55,1292,32.51,+1 LAP
2026-08-22T10:26:39.335000+00:00,11348,81,1292,4.253,7.777
2026-08-22T10:26:39.501000+00:00,11348,5,1292,1.039,32.702
2026-08-22T10:26:39.972000+00:00,11348,87,1292,0.804,44.073
2026-08-22T10:26:40.120000+00:00,11348,43,1292,2.886,38.452
2026-08-22T10:26:40.177000+00:00,11348,31,1292,3.883,43.285
2026-08-22T10:26:40.378000+00:00,11348,55,1292,32.449,+1 LAP
2026-08-22T10:26:40.556000+00:00,11348,16,1292,1.215,1.215
2026-08-22T10:26:40.601000+00:00,11348,3,1292,,9.056
2026-08-22T10:26:40.853000+00:00,11348,31,1292,3.896,43.303
2026-08-22T10:26:40.960000+00:00,11348,87,1292,0.767,44.052
2026-08-22T10:26:40.989000+00:00,11348,41,1292,1.499,34.201
2026-08-22T10:26:41.049000+00:00,11348,10,1292,21.909,31.671
2026-08-22T10:26:41.200000+00:00,11348,22,1292,1.085,39.537
2026-08-22T10:26:41.260000+00:00,11348,44,1292,0.664,9.72
2026-08-22T10:26:41.557000+00:00,11348,87,1292,0.731,44.034
2026-08-22T10:26:42.050000+00:00,11348,5,1292,1.031,
2026-08-22T10:26:42.099000+00:00,11348,1,1292,1.536,2.751
2026-08-22T10:26:42.351000+00:00,11348,23,1292,7.94,51.962
2026-08-22T10:26:42.534000+00:00,11348,30,1292,1.55,35.751
2026-08-22T10:26:42.594000+00:00,11348,81,1292,4.175,7.766
2026-08-22T10:26:42.828000+00:00,11348,18,1292,0.494,52.456
2026-08-22T10:26:43.103000+00:00,11348,12,1292,1.01,3.761
2026-08-22T10:26:43.135000+00:00,11348,31,1292,3.958,43.415
2026-08-22T10:26:43.364000+00:00,11348,16,1292,1.211,1.211
2026-08-22T10:26:43.457000+00:00,11348,14,1292,0.605,53.061
2026-08-22T10:26:43.567000+00:00,11348,41,1292,1.5,34.202
2026-08-22T10:26:43.629000+00:00,11348,77,1292,8.579,61.393
2026-08-22T10:26:43.707000+00:00,11348,87,1292,0.572,43.987
2026-08-22T10:26:43.848000+00:00,11348,3,1292,1.243,9.009
2026-08-22T10:26:43.973000+00:00,11348,55,1292,32.421,+1 LAP
2026-08-22T10:26:44.004000+00:00,11348,10,1292,21.937,31.694
2026-08-22T10:26:44.551000+00:00,11348,44,1292,0.722,9.731
2026-08-22T10:26:45.051000+00:00,11348,1,1292,1.646,2.857
2026-08-22T10:26:45.114000+00:00,11348,30,1292,1.543,35.745
2026-08-22T10:26:45.145000+00:00,11348,5,1292,1.111,32.805
2026-08-22T10:26:45.176000+00:00,11348,31,1292,3.983,43.52
2026-08-22T10:26:45.286000+00:00,11348,43,1292,2.76,38.511
2026-08-22T10:26:45.645000+00:00,11348,23,1292,7.922,51.992
2026-08-22T10:26:45.739000+00:00,11348,87,1292,0.582,44.102
2026-08-22T10:26:45.943000+00:00,11348,12,1292,0.931,3.788
2026-08-22T10:26:46.145000+00:00,11348,18,1292,0.496,52.488
2026-08-22T10:26:46.301000+00:00,11348,22,1292,0.985,39.496
2026-08-22T10:26:46.661000+00:00,11348,16,1292,1.429,1.429
2026-08-22T10:26:46.724000+00:00,11348,41,1292,1.522,34.327
2026-08-22T10:26:46.754000+00:00,11348,14,1292,0.6,53.088
2026-08-22T10:26:47.254000+00:00,11348,81,1292,4.117,7.878
2026-08-22T10:26:47.723000+00:00,11348,77,1292,8.6,61.458
2026-08-22T10:26:47.895000+00:00,11348,23,1292,7.928,52.001
2026-08-22T10:26:47.989000+00:00,11348,43,1292,2.829,38.574
2026-08-22T10:26:48.286000+00:00,11348,55,1292,32.442,+1 LAP
2026-08-22T10:26:48.317000+00:00,11348,30,1292,1.505,35.832
2026-08-22T10:26:48.379000+00:00,11348,1,1292,1.552,2.981
2026-08-22T10:26:48.395000+00:00,11348,10,1292,22.096,31.878
2026-08-22T10:26:48.411000+00:00,11348,18,1292,0.487,
2026-08-22T10:26:48.426000+00:00,11348,3,1292,1.16,9.038
2026-08-22T10:26:48.926000+00:00,11348,22,1292,0.946,39.52
2026-08-22T10:26:48.943000+00:00,11348,23,1292,7.952,52.004
2026-08-22T10:26:48.989000+00:00,11348,14,1292,0.588,53.076
2026-08-22T10:26:49.082000+00:00,11348,12,1292,0.915,3.896
2026-08-22T10:26:49.192000+00:00,11348,44,1292,0.819,9.857
2026-08-22T10:26:49.348000+00:00,11348,5,1292,1.13,33.008
2026-08-22T10:26:49.364000+00:00,11348,18,1292,0.462,52.466
2026-08-22T10:26:49.551000+00:00,11348,23,1292,7.975,52.009
2026-08-22T10:26:49.957000+00:00,11348,18,1292,0.434,52.443
2026-08-22T10:26:49.957000+00:00,11348,14,1292,0.592,53.058
2026-08-22T10:26:50.067000+00:00,11348,81,1292,4.142,7.93
2026-08-22T10:26:50.411000+00:00,11348,31,1292,4.08,43.576
2026-08-22T10:26:50.551000+00:00,11348,14,1292,0.602,53.045
2026-08-22T10:26:50.879000+00:00,11348,41,1292,1.516,34.524
2026-08-22T10:26:50.957000+00:00,11348,43,1292,2.793,38.625
2026-08-22T10:26:51.020000+00:00,11348,87,1292,0.639,44.215
2026-08-22T10:26:51.208000+00:00,11348,3,1292,1.109,9.039
2026-08-22T10:26:51.551000+00:00,11348,55,1292,32.374,+1 LAP
2026-08-22T10:26:51.723000+00:00,11348,16,1292,1.359,1.359
2026-08-22T10:26:51.770000+00:00,11348,10,1292,22.128,31.908
2026-08-22T10:26:51.786000+00:00,11348,23,1292,8.088,52.075
2026-08-22T10:26:51.958000+00:00,11348,22,1292,1.004,39.629
2026-08-22T10:26:52.098000+00:00,11348,77,1292,8.648,61.709
2026-08-22T10:26:52.129000+00:00,11348,18,1292,0.315,52.39
2026-08-22T10:26:52.192000+00:00,11348,44,1292,0.977,10.016
2026-08-22T10:26:52.458000+00:00,11348,30,1292,1.563,36.087
2026-08-22T10:26:52.739000+00:00,11348,14,1292,0.634,53.024
2026-08-22T10:26:52.926000+00:00,11348,5,1292,1.167,33.075
2026-08-22T10:26:52.958000+00:00,11348,31,1292,4.072,43.592
2026-08-22T10:26:53.270000+00:00,11348,1,1292,1.538,2.897
2026-08-22T10:26:53.301000+00:00,11348,81,1292,4.209,8.105
2026-08-22T10:26:53.614000+00:00,11348,87,1292,0.664,44.256
2026-08-22T10:26:53.770000+00:00,11348,23,1292,8.009,52.111
2026-08-22T10:26:54.208000+00:00,11348,12,1292,0.946,3.843
2026-08-22T10:26:54.223000+00:00,11348,18,1292,0.462,52.573
2026-08-22T10:26:54.348000+00:00,11348,3,1292,1.067,9.172
2026-08-22T10:26:54.411000+00:00,11348,41,1292,1.491,34.566
2026-08-22T10:26:54.442000+00:00,11348,16,1292,1.241,1.241
2026-08-22T10:26:54.739000+00:00,11348,14,1292,0.501,53.074
2026-08-22T10:26:54.911000+00:00,11348,10,1292,22.138,31.938
2026-08-22T10:26:55.239000+00:00,11348,44,1292,0.871,10.043
2026-08-22T10:26:55.254000+00:00,11348,43,1292,2.802,38.889
2026-08-22T10:26:55.426000+00:00,11348,77,1292,8.683,61.771
2026-08-22T10:26:55.911000+00:00,11348,31,1292,3.96,43.589
2026-08-22T10:26:56.020000+00:00,11348,30,1292,1.587,36.153
2026-08-22T10:26:56.020000+00:00,11348,1,1292,1.571,2.812
2026-08-22T10:26:56.083000+00:00,11348,5,1292,1.173,33.111
2026-08-22T10:26:56.129000+00:00,11348,10,1292,22.145,31.95
2026-08-22T10:26:56.223000+00:00,11348,22,1292,0.983,39.872
2026-08-22T10:26:56.317000+00:00,11348,55,1292,32.435,+1 LAP
2026-08-22T10:26:56.676000+00:00,11348,87,1292,0.777,44.366
2026-08-22T10:26:57.020000+00:00,11348,12,1292,0.988,3.8
2026-08-22T10:26:57.279000+00:00,11348,5,1292,,33.123
2026-08-22T10:26:57.600000+00:00,11348,41,1292,1.507,34.618
2026-08-22T10:26:57.696000+00:00,11348,77,1292,8.729,61.805
2026-08-22T10:26:58.454000+00:00,11348,81,1292,4.242,8.085
2026-08-22T10:26:58.733000+00:00,11348,77,1292,8.763,61.821
2026-08-22T10:26:58.772000+00:00,11348,43,1292,2.759,38.912
2026-08-22T10:26:58.801000+00:00,11348,41,1292,1.519,34.642
2026-08-22T10:26:59.078000+00:00,11348,23,1292,8.08,52.295
2026-08-22T10:26:59.120000+00:00,11348,30,1292,1.535,
2026-08-22T10:26:59.424000+00:00,11348,55,1292,32.458,+1 LAP
2026-08-22T10:26:59.434000+00:00,11348,18,1292,0.276,52.571
2026-08-22T10:26:59.480000+00:00,11348,77,1292,8.787,61.832
2026-08-22T10:26:59.635000+00:00,11348,3,1292,1.093,9.178
2026-08-22T10:26:59.664000+00:00,11348,10,1292,22.221,31.952
2026-08-22T10:26:59.699000+00:00,11348,16,1292,1.291,1.291
2026-08-22T10:26:59.737000+00:00,11348,22,1292,0.97,39.882
2026-08-22T10:26:59.977000+00:00,11348,14,1292,0.618,53.189
2026-08-22T10:27:00.200000+00:00,11348,31,1292,3.981,43.853
2026-08-22T10:27:00.283000+00:00,11348,30,1292,1.481,36.123
2026-08-22T10:27:00.616000+00:00,11348,44,1292,1.027,10.205
2026-08-22T10:27:00.622000+00:00,11348,5,1292,1.074,33.026
2026-08-22T10:27:00.978000+00:00,11348,87,1292,0.778,44.631
2026-08-22T10:27:01.269000+00:00,11348,81,1292,4.248,8.048
2026-08-22T10:27:01.278000+00:00,11348,1,1292,1.611,2.902
2026-08-22T10:27:01.583000+00:00,11348,77,1292,8.851,61.875
2026-08-22T10:27:01.734000+00:00,11348,23,1292,8.123,52.379
2026-08-22T10:27:01.930000+00:00,11348,43,1292,2.792,38.945
2026-08-22T10:27:02.035000+00:00,11348,18,1292,0.305,52.684
2026-08-22T10:27:02.219000+00:00,11348,12,1292,0.916,3.818
2026-08-22T10:27:02.279000+00:00,11348,41,1292,1.671,34.697
2026-08-22T10:27:02.368000+00:00,11348,3,1292,1.113,9.161
2026-08-22T10:27:02.500000+00:00,11348,55,1292,32.419,+1 LAP
2026-08-22T10:27:02.571000+00:00,11348,14,1292,0.538,53.222
2026-08-22T10:27:02.835000+00:00,11348,22,1292,0.926,39.871
2026-08-22T10:27:03.109000+00:00,11348,43,1292,2.83,38.953
2026-08-22T10:27:03.377000+00:00,11348,44,1292,1.01,10.171
2026-08-22T10:27:03.535000+00:00,11348,10,1292,22.24,31.96
2026-08-22T10:27:03.674000+00:00,11348,16,1292,1.325,1.325
2026-08-22T10:27:03.696000+00:00,11348,30,1292,1.392,36.089
2026-08-22T10:27:03.711000+00:00,11348,77,1292,8.966,62.04
2026-08-22T10:27:03.821000+00:00,11348,31,1292,4.06,43.942
2026-08-22T10:27:03.999000+00:00,11348,22,1292,0.901,39.854
2026-08-22T10:27:04.582000+00:00,11348,87,1292,0.784,44.726
2026-08-22T10:27:04.619000+00:00,11348,5,1292,1.099,33.059
2026-08-22T10:27:04.847000+00:00,11348,23,1292,8.16,52.526
2026-08-22T10:27:05.176000+00:00,11348,1,1292,1.532,2.857
2026-08-22T10:27:05.207000+00:00,11348,18,1292,0.376,52.902
2026-08-22T10:27:05.629000+00:00,11348,14,1292,0.417,53.319
2026-08-22T10:27:06.176000+00:00,11348,12,1292,0.988,3.845
2026-08-22T10:27:06.285000+00:00,11348,41,1292,1.693,34.752
2026-08-22T10:27:06.551000+00:00,11348,81,1292,4.342,8.16
2026-08-22T10:27:06.566000+00:00,11348,43,1292,2.851,38.94
2026-08-22T10:27:06.894000+00:00,11348,10,1292,22.321,32.052
2026-08-22T10:27:07.019000+00:00,11348,31,1292,4.129,44.0
2026-08-22T10:27:07.504000+00:00,11348,22,1292,0.967,39.907
2026-08-22T10:27:07.613000+00:00,11348,3,1292,1.032,9.192
2026-08-22T10:27:07.629000+00:00,11348,30,1292,1.324,36.076
2026-08-22T10:27:07.769000+00:00,11348,87,1292,0.781,44.781
2026-08-22T10:27:07.785000+00:00,11348,55,1292,32.443,+1 LAP
2026-08-22T10:27:07.785000+00:00,11348,16,1292,1.358,1.358
2026-08-22T10:27:07.972000+00:00,11348,5,1292,1.103,33.155
2026-08-22T10:27:08.176000+00:00,11348,31,1292,4.161,44.015
2026-08-22T10:27:08.613000+00:00,11348,44,1292,1.057,10.249
2026-08-22T10:27:08.863000+00:00,11348,77,1292,8.9,62.089
2026-08-22T10:27:08.941000+00:00,11348,87,1292,0.78,44.795
2026-08-22T10:27:09.160000+00:00,11348,23,1292,8.191,52.822
2026-08-22T10:27:09.379000+00:00,11348,1,1292,1.579,2.937
2026-08-22T10:27:09.566000+00:00,11348,18,1292,0.395,53.217
2026-08-22T10:27:09.644000+00:00,11348,41,1292,1.661,34.816
2026-08-22T10:27:10.004000+00:00,11348,14,1292,0.433,53.65
2026-08-22T10:27:10.363000+00:00,11348,12,1292,1.007,3.944
2026-08-22T10:27:10.488000+00:00,11348,81,1292,4.301,8.146
2026-08-22T10:27:10.613000+00:00,11348,43,1292,2.989,39.065
2026-08-22T10:27:10.629000+00:00,11348,55,1292,32.369,+1 LAP
2026-08-22T10:27:10.972000+00:00,11348,30,1292,1.32,36.136
2026-08-22T10:27:11.019000+00:00,11348,16,1292,1.337,1.337
2026-08-22T10:27:11.457000+00:00,11348,10,1292,22.27,32.127
2026-08-22T10:27:11.504000+00:00,11348,3,1292,1.038,9.184
2026-08-22T10:27:11.535000+00:00,11348,77,1292,8.945,62.167
2026-08-22T10:27:11.582000+00:00,11348,22,1292,0.977,40.042
2026-08-22T10:27:11.597000+00:00,11348,31,1292,4.108,
2026-08-22T10:27:12.426000+00:00,11348,87,1292,0.829,44.844
2026-08-22T10:27:12.629000+00:00,11348,5,1292,1.151,33.278
2026-08-22T10:27:12.644000+00:00,11348,1,1292,1.6,
2026-08-22T10:27:12.660000+00:00,11348,44,1292,1.155,10.339
2026-08-22T10:27:12.754000+00:00,11348,23,1292,8.158,52.884
2026-08-22T10:27:13.160000+00:00,11348,18,1292,0.394,53.278
2026-08-22T10:27:13.254000+00:00,11348,16,1292,1.328,1.328
2026-08-22T10:27:13.584000+00:00,11348,63,1292,0.0,0.0
2026-08-22T10:27:13.607000+00:00,11348,14,1292,0.473,53.751
2026-08-22T10:27:13.634000+00:00,11348,12,1292,0.999,3.936
2026-08-22T10:27:14.077000+00:00,11348,43,1292,3.117,39.253
2026-08-22T10:27:14.244000+00:00,11348,16,1292,1.323,1.323
2026-08-22T10:27:14.317000+00:00,11348,41,1292,1.7,34.978
2026-08-22T10:27:14.434000+00:00,11348,10,1292,22.258,32.274
2026-08-22T10:27:14.678000+00:00,11348,81,1292,4.342,8.286
2026-08-22T10:27:14.697000+00:00,11348,77,1292,9.064,62.383
2026-08-22T10:27:14.850000+00:00,11348,1,1292,1.601,2.929
2026-08-22T10:27:14.862000+00:00,11348,16,1292,1.322,1.322
2026-08-22T10:27:15.032000+00:00,11348,22,1292,0.941,40.194
2026-08-22T10:27:15.573000+00:00,11348,5,1292,1.136,33.41
2026-08-22T10:27:15.732000+00:00,11348,31,1292,4.07,44.112
2026-08-22T10:27:15.753000+00:00,11348,3,1292,1.003,9.289
2026-08-22T10:27:15.824000+00:00,11348,30,1292,1.428,36.406
2026-08-22T10:27:15.877000+00:00,11348,12,1292,0.973,3.902
2026-08-22T10:27:15.899000+00:00,11348,55,1292,32.221,+1 LAP
2026-08-22T10:27:15.899000+00:00,11348,1,1292,1.602,2.925
2026-08-22T10:27:15.927000+00:00,11348,23,1292,8.122,52.903
2026-08-22T10:27:16.300000+00:00,11348,18,1292,0.433,53.336
2026-08-22T10:27:16.489000+00:00,11348,87,1292,0.83,44.942
2026-08-22T10:27:16.521000+00:00,11348,1,1292,1.6,2.922
2026-08-22T10:27:16.785000+00:00,11348,12,1292,0.939,3.864
2026-08-22T10:27:16.801000+00:00,11348,14,1292,0.492,53.828
2026-08-22T10:27:16.931000+00:00,11348,44,1292,1.215,10.504
2026-08-22T10:27:17.068000+00:00,11348,23,1292,8.11,52.905
2026-08-22T10:27:17.116000+00:00,11348,16,1292,1.36,1.36
2026-08-22T10:27:17.241000+00:00,11348,41,1292,1.658,35.068
2026-08-22T10:27:17.413000+00:00,11348,12,1292,0.909,3.831
2026-08-22T10:27:17.460000+00:00,11348,10,1292,22.21,32.253
2026-08-22T10:27:17.507000+00:00,11348,18,1292,0.459,53.364
2026-08-22T10:27:17.978000+00:00,11348,81,1292,4.373,8.309
2026-08-22T10:27:18.004000+00:00,11348,14,1292,,53.856
2026-08-22T10:27:18.631000+00:00,11348,30,1292,1.401,36.469
2026-08-22T10:27:18.670000+00:00,11348,1,1292,1.561,2.921
2026-08-22T10:27:18.707000+00:00,11348,5,1292,1.249,33.502
2026-08-22T10:27:18.900000+00:00,11348,43,1292,3.143,39.549
2026-08-22T10:27:18.978000+00:00,11348,3,1292,0.972,9.281
2026-08-22T10:27:19.025000+00:00,11348,31,1292,4.027,44.221
2026-08-22T10:27:19.056000+00:00,11348,16,1292,1.355,1.355
2026-08-22T10:27:19.181000+00:00,11348,77,1292,9.181,62.831
2026-08-22T10:27:19.478000+00:00,11348,12,1292,0.791,3.712
2026-08-22T10:27:19.822000+00:00,11348,22,1292,0.906,40.455
2026-08-22T10:27:19.900000+00:00,11348,55,1292,32.181,+1 LAP
2026-08-22T10:27:19.900000+00:00,11348,87,1292,0.859,45.08
2026-08-22T10:27:20.212000+00:00,11348,44,1292,1.243,10.524
2026-08-22T10:27:20.228000+00:00,11348,81,1292,4.41,8.312
2026-08-22T10:27:20.353000+00:00,11348,41,1292,1.669,35.171
2026-08-22T10:27:20.556000+00:00,11348,23,1292,8.136,52.98
2026-08-22T10:27:20.603000+00:00,11348,1,1292,1.559,2.914
2026-08-22T10:27:21.072000+00:00,11348,18,1292,0.478,53.458
2026-08-22T10:27:21.197000+00:00,11348,3,1292,0.962,9.274
2026-08-22T10:27:21.259000+00:00,11348,81,1292,4.451,8.315
2026-08-22T10:27:21.447000+00:00,11348,12,1292,0.826,3.74
2026-08-22T10:27:21.572000+00:00,11348,14,1292,0.514,53.972
2026-08-22T10:27:21.744000+00:00,11348,30,1292,1.4,36.571
2026-08-22T10:27:21.869000+00:00,11348,43,1292,3.23,39.699
2026-08-22T10:27:21.978000+00:00,11348,81,1292,4.49,8.321
2026-08-22T10:27:22.197000+00:00,11348,3,1292,0.964,9.279
2026-08-22T10:27:22.463000+00:00,11348,44,1292,1.244,10.518
2026-08-22T10:27:22.619000+00:00,11348,10,1292,22.042,32.247
2026-08-22T10:27:22.744000+00:00,11348,22,1292,0.876,40.575
2026-08-22T10:27:22.822000+00:00,11348,77,1292,9.191,62.942
2026-08-22T10:27:22.837000+00:00,11348,3,1292,0.972,9.293
2026-08-22T10:27:23.447000+00:00,11348,44,1292,1.232,10.511
2026-08-22T10:27:23.837000+00:00,11348,31,1292,4.042,44.497
2026-08-22T10:27:23.978000+00:00,11348,5,1292,1.344,33.591
2026-08-22T10:27:24.040000+00:00,11348,44,1292,1.212,10.505
2026-08-22T10:27:24.134000+00:00,11348,81,1292,4.676,8.388
2026-08-22T10:27:24.197000+00:00,11348,16,1292,1.245,1.245
2026-08-22T10:27:24.353000+00:00,11348,55,1292,32.253,+1 LAP
2026-08-22T10:27:24.681000+00:00,11348,87,1292,0.84,45.337
2026-08-22T10:27:24.697000+00:00,11348,23,1292,8.221,53.163
2026-08-22T10:27:24.962000+00:00,11348,43,1292,3.212,39.783
2026-08-22T10:27:25.103000+00:00,11348,3,1292,0.977,9.365
2026-08-22T10:27:25.200000+00:00,11348,18,1292,0.455,53.618
2026-08-22T10:27:25.468000+00:00,11348,10,1292,22.094,32.265
2026-08-22T10:27:25.595000+00:00,11348,41,1292,1.622,35.213
2026-08-22T10:27:25.595000+00:00,11348,14,1292,0.419,54.037
2026-08-22T10:27:25.784000+00:00,11348,1,1292,1.615,2.86
2026-08-22T10:27:25.901000+00:00,11348,22,1292,0.901,40.684
2026-08-22T10:27:26.074000+00:00,11348,77,1292,9.242,63.07
2026-08-22T10:27:26.094000+00:00,11348,81,1292,4.643,8.383
2026-08-22T10:27:26.234000+00:00,11348,44,1292,1.133,10.498
2026-08-22T10:27:26.752000+00:00,11348,12,1292,0.823,3.683
2026-08-22T10:27:26.900000+00:00,11348,16,1292,1.197,1.197
2026-08-22T10:27:26.916000+00:00,11348,5,1292,1.327,33.592
2026-08-22T10:27:26.920000+00:00,11348,30,1292,1.28,36.493
2026-08-22T10:27:26.936000+00:00,11348,31,1292,4.16,44.735
2026-08-22T10:27:27.122000+00:00,11348,3,1292,1.015,9.398
2026-08-22T10:27:27.308000+00:00,11348,77,1292,9.266,63.122
2026-08-22T10:27:27.693000+00:00,11348,55,1292,32.255,+1 LAP
2026-08-22T10:27:27.758000+00:00,11348,87,1292,0.86,45.595
2026-08-22T10:27:28.104000+00:00,11348,23,1292,8.19,53.27
2026-08-22T10:27:28.233000+00:00,11348,44,1292,1.123,10.521
2026-08-22T10:27:28.400000+00:00,11348,1,1292,1.627,2.824
2026-08-22T10:27:28.421000+00:00,11348,41,1292,1.635,35.227
2026-08-22T10:27:28.721000+00:00,11348,18,1292,0.597,53.867
2026-08-22T10:27:29.100000+00:00,11348,14,1292,0.39,54.257
2026-08-22T10:27:29.198000+00:00,11348,12,1292,0.838,3.662
2026-08-22T10:27:29.724000+00:00,11348,16,1292,1.233,1.233
2026-08-22T10:27:29.760000+00:00,11348,30,1292,1.327,36.554
2026-08-22T10:27:29.936000+00:00,11348,55,1292,32.237,+1 LAP
2026-08-22T10:27:30.050000+00:00,11348,31,1292,4.177,44.861
2026-08-22T10:27:30.232000+00:00,11348,43,1292,3.332,39.825
2026-08-22T10:27:30.607000+00:00,11348,10,1292,21.988,32.237
2026-08-22T10:27:30.873000+00:00,11348,77,1292,9.308,63.28
2026-08-22T10:27:30.935000+00:00,11348,87,1292,0.884,45.745
2026-08-22T10:27:30.951000+00:00,11348,55,1292,32.225,+1 LAP
2026-08-22T10:27:31.107000+00:00,11348,22,1292,0.913,40.738
2026-08-22T10:27:31.263000+00:00,11348,81,1292,4.646,8.329
2026-08-22T10:27:31.341000+00:00,11348,1,1292,1.619,2.852
2026-08-22T10:27:31.576000+00:00,11348,55,1292,32.218,+1 LAP
2026-08-22T10:27:32.029000+00:00,11348,5,1292,1.409,33.646
2026-08-22T10:27:32.091000+00:00,11348,12,1292,0.759,3.611
2026-08-22T10:27:32.295000+00:00,11348,3,1292,1.037,9.366
2026-08-22T10:27:32.873000+00:00,11348,23,1292,8.182,53.519
2026-08-22T10:27:33.045000+00:00,11348,43,1292,3.312,39.866
2026-08-22T10:27:33.341000+00:00,11348,18,1292,0.481,54.0
2026-08-22T10:27:33.373000+00:00,11348,44,1292,1.09,10.456
2026-08-22T10:27:33.701000+00:00,11348,41,1292,1.674,35.32
2026-08-22T10:27:33.748000+00:00,11348,14,1292,0.41,54.41
2026-08-22T10:27:33.810000+00:00,11348,16,1292,1.326,1.326
2026-08-22T10:27:33.841000+00:00,11348,55,1292,32.228,+1 LAP
2026-08-22T10:27:33.841000+00:00,11348,81,1292,4.625,8.287
2026-08-22T10:27:34.076000+00:00,11348,22,1292,1.008,40.874
2026-08-22T10:27:34.628000+00:00,11348,10,1292,21.951,32.29
2026-08-22T10:27:34.831000+00:00,11348,3,1292,1.008,9.295
2026-08-22T10:27:34.950000+00:00,11348,30,1292,1.256,36.576
2026-08-22T10:27:35.017000+00:00,11348,77,1292,9.453,63.49
2026-08-22T10:27:35.300000+00:00,11348,31,1292,4.175,44.913
2026-08-22T10:27:35.351000+00:00,11348,1,1292,1.557,2.883
2026-08-22T10:27:35.756000+00:00,11348,23,1292,8.006,53.601
2026-08-22T10:27:35.934000+00:00,11348,55,1292,32.196,+1 LAP
2026-08-22T10:27:36.034000+00:00,11348,44,1292,1.16,10.455
2026-08-22T10:27:36.054000+00:00,11348,5,1292,1.425,33.715
2026-08-22T10:27:36.155000+00:00,11348,87,1292,0.854,45.767
2026-08-22T10:27:36.178000+00:00,11348,12,1292,0.816,3.699
2026-08-22T10:27:36.349000+00:00,11348,18,1292,0.568,54.169
2026-08-22T10:27:36.734000+00:00,11348,14,1292,0.403,54.572
2026-08-22T10:27:36.761000+00:00,11348,81,1292,4.68,8.291
2026-08-22T10:27:37.331000+00:00,11348,16,1292,1.354,1.354
2026-08-22T10:27:37.637000+00:00,11348,41,1292,1.602,35.317
2026-08-22T10:27:37.837000+00:00,11348,3,1292,1.064,9.355
2026-08-22T10:27:38.178000+00:00,11348,31,1292,4.075,44.949
2026-08-22T10:27:38.415000+00:00,11348,43,1292,3.456,40.032
2026-08-22T10:27:38.451000+00:00,11348,77,1292,9.378,63.635
2026-08-22T10:27:38.845000+00:00,11348,1,1292,1.51,2.864
2026-08-22T10:27:38.855000+00:00,11348,10,1292,21.914,32.418
2026-08-22T10:27:38.900000+00:00,11348,30,1292,1.265,36.582
2026-08-22T10:27:38.999000+00:00,11348,44,1292,1.126,10.481
2026-08-22T10:27:39.078000+00:00,11348,23,1292,8.105,53.85
2026-08-22T10:27:39.150000+00:00,11348,87,1292,0.996,45.945
2026-08-22T10:27:39.400000+00:00,11348,22,1292,0.99,41.022
2026-08-22T10:27:39.562000+00:00,11348,18,1292,0.526,54.376
2026-08-22T10:27:39.697000+00:00,11348,12,1292,0.843,3.707
2026-08-22T10:27:39.841000+00:00,11348,14,1292,0.297,54.673
2026-08-22T10:27:40.394000+00:00,11348,5,1292,1.553,33.971
2026-08-22T10:27:40.473000+00:00,11348,16,1292,1.355,1.355
2026-08-22T10:27:40.834000+00:00,11348,81,1292,4.67,8.369
2026-08-22T10:27:41.154000+00:00,11348,55,1292,32.279,+1 LAP
2026-08-22T10:27:41.654000+00:00,11348,16,1292,1.341,1.341
2026-08-22T10:27:41.905000+00:00,11348,41,1292,1.494,35.465
2026-08-22T10:27:42+00:00,11348,3,1292,1.16,9.529
2026-08-22T10:27:42.041000+00:00,11348,1,1292,1.547,2.902
2026-08-22T10:27:42.134000+00:00,11348,10,1292,21.916,32.44
2026-08-22T10:27:42.447000+00:00,11348,43,1292,3.533,40.115
2026-08-22T10:27:42.803000+00:00,11348,12,1292,0.781,3.683
2026-08-22T10:27:43.233000+00:00,11348,44,1292,1.113,10.642
2026-08-22T10:27:43.251000+00:00,11348,77,1292,9.399,63.809
2026-08-22T10:27:43.300000+00:00,11348,1,1292,1.575,2.916
2026-08-22T10:27:43.300000+00:00,11348,30,1292,1.394,36.859
2026-08-22T10:27:43.437000+00:00,11348,31,1292,4.027,45.049
2026-08-22T10:27:43.478000+00:00,11348,22,1292,1.02,41.135
2026-08-22T10:27:43.704000+00:00,11348,5,1292,1.577,34.017
2026-08-22T10:27:43.805000+00:00,11348,55,1292,32.273,+1 LAP
2026-08-22T10:27:43.994000+00:00,11348,12,1292,0.747,3.663
2026-08-22T10:27:44.196000+00:00,11348,23,1292,8.052,53.819
2026-08-22T10:27:44.378000+00:00,11348,10,1292,21.93,32.448
2026-08-22T10:27:44.411000+00:00,11348,81,1292,4.693,8.4
2026-08-22T10:27:44.500000+00:00,11348,87,1292,1.06,46.109
2026-08-22T10:27:44.567000+00:00,11348,18,1292,0.381,54.2
2026-08-22T10:27:44.975000+00:00,11348,16,1292,1.202,1.202
2026-08-22T10:27:45.008000+00:00,11348,14,1292,0.425,54.625
2026-08-22T10:27:45.151000+00:00,11348,41,1292,1.449,35.466
2026-08-22T10:27:45.396000+00:00,11348,10,1292,21.938,32.449
2026-08-22T10:27:45.517000+00:00,11348,3,1292,1.125,9.525
2026-08-22T10:27:45.979000+00:00,11348,5,1292,1.581,34.029
2026-08-22T10:27:46.023000+00:00,11348,10,1292,21.944,
2026-08-22T10:27:46.124000+00:00,11348,77,1292,9.387,63.959
2026-08-22T10:27:46.560000+00:00,11348,1,1292,1.587,2.789
2026-08-22T10:27:46.601000+00:00,11348,30,1292,1.432,36.898
2026-08-22T10:27:46.766000+00:00,11348,44,1292,1.176,10.701
2026-08-22T10:27:46.838000+00:00,11348,43,1292,3.517,40.376
2026-08-22T10:27:46.934000+00:00,11348,55,1292,32.197,+1 LAP
2026-08-22T10:27:46.978000+00:00,11348,5,1292,1.592,34.041
2026-08-22T10:27:47.037000+00:00,11348,23,1292,7.874,
2026-08-22T10:27:47.438000+00:00,11348,41,1292,1.428,35.457
2026-08-22T10:27:47.438000+00:00,11348,12,1292,0.865,3.654
2026-08-22T10:27:47.478000+00:00,11348,31,1292,3.999,45.134
2026-08-22T10:27:47.578000+00:00,11348,81,1292,4.745,8.428
2026-08-22T10:27:47.578000+00:00,11348,18,1292,0.49,54.309
2026-08-22T10:27:47.600000+00:00,11348,5,1292,1.609,34.058
2026-08-22T10:27:47.785000+00:00,11348,22,1292,0.984,41.36
2026-08-22T10:27:47.939000+00:00,11348,14,1292,0.418,54.727
2026-08-22T10:27:48.178000+00:00,11348,10,1292,21.948,32.446
2026-08-22T10:27:48.378000+00:00,11348,41,1292,1.409,35.45
2026-08-22T10:27:48.578000+00:00,11348,87,1292,1.094,46.228
2026-08-22T10:27:48.670000+00:00,11348,3,1292,1.087,9.515
2026-08-22T10:27:48.752000+00:00,11348,81,1292,4.772,8.435
2026-08-22T10:27:48.821000+00:00,11348,30,1292,1.441,
2026-08-22T10:27:48.905000+00:00,11348,16,1292,1.161,1.161
2026-08-22T10:27:49.004000+00:00,11348,41,1292,1.387,35.445
2026-08-22T10:27:49.309000+00:00,11348,77,1292,9.445,64.118
2026-08-22T10:27:49.821000+00:00,11348,44,1292,,10.691
2026-08-22T10:27:49.834000+00:00,11348,3,1292,1.057,9.492
2026-08-22T10:27:49.834000+00:00,11348,30,1292,1.448,
2026-08-22T10:27:49.906000+00:00,11348,5,1292,1.716,34.162
2026-08-22T10:27:50.078000+00:00,11348,43,1292,3.489,40.387
2026-08-22T10:27:50.234000+00:00,11348,10,1292,22.018,32.539
2026-08-22T10:27:50.451000+00:00,11348,30,1292,1.461,36.906
2026-08-22T10:27:50.467000+00:00,11348,1,1292,1.563,2.724
2026-08-22T10:27:50.984000+00:00,11348,44,1292,1.156,10.648
2026-08-22T10:27:51.078000+00:00,11348,22,1292,0.98,41.367
2026-08-22T10:27:51.202000+00:00,11348,41,1292,1.299,35.461
2026-08-22T10:27:51.234000+00:00,11348,55,1292,32.057,+1 LAP
2026-08-22T10:27:51.407000+00:00,11348,12,1292,0.926,3.65
2026-08-22T10:27:51.816000+00:00,11348,31,1292,4.023,45.383
2026-08-22T10:27:51.941000+00:00,11348,5,1292,1.711,34.25
2026-08-22T10:27:52.094000+00:00,11348,81,1292,4.67,8.324
2026-08-22T10:27:52.163000+00:00,11348,16,1292,1.158,1.158
2026-08-22T10:27:52.280000+00:00,11348,43,1292,3.467,40.365
2026-08-22T10:27:52.379000+00:00,11348,23,1292,7.902,54.011
2026-08-22T10:27:52.766000+00:00,11348,30,1292,1.512,36.973
2026-08-22T10:27:52.832000+00:00,11348,87,1292,1.002,46.385
2026-08-22T10:27:52.911000+00:00,11348,18,1292,0.527,54.538
2026-08-22T10:27:53.205000+00:00,11348,41,1292,1.247,35.497
2026-08-22T10:27:53.238000+00:00,11348,3,1292,1.162,9.486
2026-08-22T10:27:53.319000+00:00,11348,22,1292,0.979,41.344
2026-08-22T10:27:53.335000+00:00,11348,43,1292,3.451,40.349
2026-08-22T10:27:53.340000+00:00,11348,14,1292,0.413,54.951
2026-08-22T10:27:53.735000+00:00,11348,1,1292,1.553,2.711
2026-08-22T10:27:53.921000+00:00,11348,43,1292,3.431,40.337
2026-08-22T10:27:54.265000+00:00,11348,22,1292,0.98,41.329
2026-08-22T10:27:54.318000+00:00,11348,44,1292,1.074,10.56
2026-08-22T10:27:54.651000+00:00,11348,77,1292,9.589,64.214
2026-08-22T10:27:54.750000+00:00,11348,30,1292,1.545,37.042
2026-08-22T10:27:54.764000+00:00,11348,12,1292,1.033,3.744
2026-08-22T10:27:54.836000+00:00,11348,55,1292,32.045,+1 LAP
2026-08-22T10:27:54.878000+00:00,11348,22,1292,,41.317
2026-08-22T10:27:55.167000+00:00,11348,31,1292,4.075,45.442
2026-08-22T10:27:55.400000+00:00,11348,10,1292,22.017,32.473
2026-08-22T10:27:56.001000+00:00,11348,81,1292,4.595,8.245
2026-08-22T10:27:56.048000+00:00,11348,43,1292,3.313,40.286
2026-08-22T10:27:56.095000+00:00,11348,87,1292,0.98,46.422
2026-08-22T10:27:56.423000+00:00,11348,23,1292,7.862,54.09
2026-08-22T10:27:56.850000+00:00,11348,16,1292,1.252,1.252
2026-08-22T10:27:56.948000+00:00,11348,18,1292,0.529,54.619
2026-08-22T10:27:57.085000+00:00,11348,22,1292,0.988,41.274
2026-08-22T10:27:57.085000+00:00,11348,5,1292,1.669,34.142
2026-08-22T10:27:57.178000+00:00,11348,3,1292,1.185,9.43
2026-08-22T10:27:57.398000+00:00,11348,31,1292,4.12,45.464
2026-08-22T10:27:57.434000+00:00,11348,14,1292,0.459,55.078
2026-08-22T10:27:57.556000+00:00,11348,77,1292,9.622,64.349
2026-08-22T10:27:57.964000+00:00,11348,55,1292,31.922,+1 LAP
2026-08-22T10:27:58.005000+00:00,11348,43,1292,3.255,40.297
2026-08-22T10:27:58.035000+00:00,11348,10,1292,22.028,32.483
2026-08-22T10:27:58.405000+00:00,11348,87,1292,0.961,46.425
2026-08-22T10:27:58.405000+00:00,11348,41,1292,1.337,35.479
2026-08-22T10:27:58.421000+00:00,11348,1,1292,1.58,2.832
2026-08-22T10:27:58.426000+00:00,11348,31,1292,4.143,45.472
2026-08-22T10:27:58.432000+00:00,11348,44,1292,1.231,10.661
2026-08-22T10:27:58.951000+00:00,11348,22,1292,0.967,41.264
2026-08-22T10:27:59.034000+00:00,11348,31,1292,4.165,45.482
2026-08-22T10:27:59.121000+00:00,11348,55,1292,31.857,+1 LAP
2026-08-22T10:27:59.304000+00:00,11348,81,1292,4.502,8.246
2026-08-22T10:27:59.354000+00:00,11348,87,1292,0.951,46.423
2026-08-22T10:27:59.458000+00:00,11348,12,1292,1.041,3.873
2026-08-22T10:27:59.652000+00:00,11348,5,1292,1.643,34.126
2026-08-22T10:27:59.708000+00:00,11348,16,1292,1.263,1.263
2026-08-22T10:27:59.978000+00:00,11348,87,1292,0.945,46.427
2026-08-22T10:28:00+00:00,11348,30,1292,1.594,37.073
2026-08-22T10:28:00.423000+00:00,11348,3,1292,1.177,9.423
2026-08-22T10:28:00.772000+00:00,11348,23,1292,7.969,54.354
2026-08-22T10:28:01+00:00,11348,41,1292,1.336,35.462
2026-08-22T10:28:01.078000+00:00,11348,10,1292,22.105,32.586
2026-08-22T10:28:01.232000+00:00,11348,18,1292,0.452,54.806
2026-08-22T10:28:01.326000+00:00,11348,31,1292,4.292,45.566
2026-08-22T10:28:01.357000+00:00,11348,1,1292,1.668,2.931
2026-08-22T10:28:01.685000+00:00,11348,44,1292,1.269,10.692
2026-08-22T10:28:01.748000+00:00,11348,14,1292,0.522,55.328
2026-08-22T10:28:02.295000+00:00,11348,87,1292,0.978,46.544
2026-08-22T10:28:02.326000+00:00,11348,12,1292,0.945,3.876
2026-08-22T10:28:02.576000+00:00,11348,30,1292,1.575,37.037
2026-08-22T10:28:02.779000+00:00,11348,5,1292,1.649,34.235
2026-08-22T10:28:02.842000+00:00,11348,16,1292,1.338,1.338
2026-08-22T10:28:02.842000+00:00,11348,55,1292,31.927,+1 LAP
2026-08-22T10:28:02.857000+00:00,11348,77,1292,9.518,64.469
2026-08-22T10:28:03.248000+00:00,11348,43,1292,3.26,40.333
2026-08-22T10:28:03.389000+00:00,11348,31,1292,4.44,45.704
2026-08-22T10:28:03.857000+00:00,11348,81,1292,4.419,8.292
2026-08-22T10:28:04.060000+00:00,11348,23,1292,7.959,54.381
2026-08-22T10:28:04.092000+00:00,11348,41,1292,1.398,35.633
2026-08-22T10:28:04.185000+00:00,11348,22,1292,0.925,41.258
2026-08-22T10:28:04.420000+00:00,11348,1,1292,1.644,2.982
2026-08-22T10:28:04.435000+00:00,11348,87,1292,1.032,46.736
2026-08-22T10:28:04.514000+00:00,11348,18,1292,0.458,54.839
2026-08-22T10:28:04.983000+00:00,11348,3,1292,1.119,9.411
2026-08-22T10:28:05.060000+00:00,11348,14,1292,0.53,55.369
2026-08-22T10:28:05.357000+00:00,11348,10,1292,22.231,32.873
2026-08-22T10:28:05.420000+00:00,11348,12,1292,0.987,3.969
2026-08-22T10:28:05.607000+00:00,11348,30,1292,1.495,37.128
2026-08-22T10:28:05.951000+00:00,11348,43,1292,3.381,40.418
2026-08-22T10:28:06.279000+00:00,11348,44,1292,1.293,10.704
2026-08-22T10:28:06.310000+00:00,11348,23,1292,7.958,54.383
2026-08-22T10:28:06.826000+00:00,11348,81,1292,4.444,8.32
2026-08-22T10:28:06.842000+00:00,11348,18,1292,0.45,54.833
2026-08-22T10:28:06.998000+00:00,11348,22,1292,0.886,41.304
2026-08-22T10:28:07.076000+00:00,11348,77,1292,9.491,64.569
2026-08-22T10:28:07.092000+00:00,11348,55,1292,31.94,+1 LAP
2026-08-22T10:28:07.092000+00:00,11348,5,1292,1.675,34.548
2026-08-22T10:28:07.279000+00:00,11348,14,1292,0.525,55.358
2026-08-22T10:28:07.326000+00:00,11348,23,1292,7.961,54.384
2026-08-22T10:28:07.732000+00:00,11348,18,1292,0.431,54.815
2026-08-22T10:28:07.826000+00:00,11348,3,1292,1.077,9.397
2026-08-22T10:28:07.920000+00:00,11348,23,1292,7.959,54.386
2026-08-22T10:28:08.014000+00:00,11348,16,1292,1.407,1.407
2026-08-22T10:28:08.279000+00:00,11348,14,1292,0.519,55.334
2026-08-22T10:28:08.373000+00:00,11348,41,1292,1.34,35.888
2026-08-22T10:28:08.404000+00:00,11348,18,1292,0.415,54.801
2026-08-22T10:28:08.635000+00:00,11348,31,1292,4.45,45.708
2026-08-22T10:28:08.884000+00:00,11348,14,1292,0.512,55.313
2026-08-22T10:28:08.920000+00:00,11348,10,1292,22.233,32.934
2026-08-22T10:28:09.050000+00:00,11348,43,1292,3.427,40.555
2026-08-22T10:28:09.226000+00:00,11348,44,1292,1.393,10.79
2026-08-22T10:28:09.578000+00:00,11348,1,1292,1.566,2.973
2026-08-22T10:28:09.600000+00:00,11348,87,1292,0.974,46.682
2026-08-22T10:28:09.851000+00:00,11348,81,1292,4.432,8.401
2026-08-22T10:28:09.900000+00:00,11348,30,1292,1.539,37.427
2026-08-22T10:28:10.040000+00:00,11348,22,1292,0.982,41.537
2026-08-22T10:28:10.178000+00:00,11348,23,1292,7.895,54.439
2026-08-22T10:28:10.532000+00:00,11348,55,1292,32.005,+1 LAP
2026-08-22T10:28:10.570000+00:00,11348,18,1292,0.361,54.8
2026-08-22T10:28:10.578000+00:00,11348,12,1292,0.985,3.958
2026-08-22T10:28:10.620000+00:00,11348,5,1292,1.666,34.6
2026-08-22T10:28:10.785000+00:00,11348,16,1292,1.405,1.405
2026-08-22T10:28:10.921000+00:00,11348,3,1292,1.063,9.464
2026-08-22T10:28:11.008000+00:00,11348,14,1292,0.46,55.26
2026-08-22T10:28:11.231000+00:00,11348,31,1292,4.381,45.685
2026-08-22T10:28:11.300000+00:00,11348,77,1292,9.556,64.884
2026-08-22T10:28:11.920000+00:00,11348,41,1292,1.322,35.922
2026-08-22T10:28:12.081000+00:00,11348,10,1292,22.258,32.949
2026-08-22T10:28:12.157000+00:00,11348,23,1292,7.73,54.466
2026-08-22T10:28:12.234000+00:00,11348,87,1292,1.017,46.702
2026-08-22T10:28:12.385000+00:00,11348,1,1292,1.615,3.02
2026-08-22T10:28:12.478000+00:00,11348,44,1292,1.514,10.978
2026-08-22T10:28:12.651000+00:00,11348,18,1292,0.494,54.96
2026-08-22T10:28:13.121000+00:00,11348,14,1292,0.453,55.413
2026-08-22T10:28:13.254000+00:00,11348,10,1292,22.304,32.952
2026-08-22T10:28:13.319000+00:00,11348,43,1292,3.416,40.843
2026-08-22T10:28:13.350000+00:00,11348,12,1292,0.961,3.981
2026-08-22T10:28:13.511000+00:00,11348,30,1292,1.597,37.519
2026-08-22T10:28:13.766000+00:00,11348,5,1292,1.695,34.644
2026-08-22T10:28:14.167000+00:00,11348,31,1292,4.148,
2026-08-22T10:28:14.315000+00:00,11348,22,1292,0.992,41.835
2026-08-22T10:28:14.637000+00:00,11348,77,1292,9.589,64.958
2026-08-22T10:28:14.967000+00:00,11348,5,1292,1.706,34.658
2026-08-22T10:28:15.035000+00:00,11348,41,1292,1.265,35.909
2026-08-22T10:28:15.035000+00:00,11348,81,1292,4.466,8.424
2026-08-22T10:28:15.180000+00:00,11348,55,1292,32.033,+1 LAP
2026-08-22T10:28:15.283000+00:00,11348,87,1292,1.116,46.801
2026-08-22T10:28:16.001000+00:00,11348,3,1292,0.996,9.42
2026-08-22T10:28:16.026000+00:00,11348,16,1292,1.456,1.456
2026-08-22T10:28:16.200000+00:00,11348,41,1292,1.233,35.891
2026-08-22T10:28:16.616000+00:00,11348,30,1292,1.604,37.513
2026-08-22T10:28:16.734000+00:00,11348,10,1292,22.417,32.977
2026-08-22T10:28:16.878000+00:00,11348,43,1292,3.373,40.892
2026-08-22T10:28:16.921000+00:00,11348,77,1292,9.636,64.994
2026-08-22T10:28:17.459000+00:00,11348,23,1292,7.861,54.543
2026-08-22T10:28:17.560000+00:00,11348,44,1292,1.529,10.949
2026-08-22T10:28:17.697000+00:00,11348,1,1292,1.682,3.138
2026-08-22T10:28:17.785000+00:00,11348,30,1292,1.592,37.483
2026-08-22T10:28:17.826000+00:00,11348,18,1292,0.364,54.907
2026-08-22T10:28:17.842000+00:00,11348,81,1292,4.465,8.446
2026-08-22T10:28:17.860000+00:00,11348,22,1292,0.973,41.865
2026-08-22T10:28:17.945000+00:00,11348,77,1292,9.677,65.011
2026-08-22T10:28:18.201000+00:00,11348,55,1292,32.093,+1 LAP
2026-08-22T10:28:18.335000+00:00,11348,14,1292,0.494,55.401
2026-08-22T10:28:18.380000+00:00,11348,5,1292,1.653,34.63
2026-08-22T10:28:18.519000+00:00,11348,31,1292,4.199,46.034
2026-08-22T10:28:18.532000+00:00,11348,12,1292,0.844,3.982
2026-08-22T10:28:18.589000+00:00,11348,77,1292,9.709,65.022
2026-08-22T10:28:18.766000+00:00,11348,3,1292,0.905,9.351
2026-08-22T10:28:19.493000+00:00,11348,87,1292,0.992,47.026
2026-08-22T10:28:19.725000+00:00,11348,41,1292,1.348,35.978
2026-08-22T10:28:19.978000+00:00,11348,43,1292,3.361,40.874
2026-08-22T10:28:19.994000+00:00,11348,16,1292,1.425,1.425
2026-08-22T10:28:20.101000+00:00,11348,23,1292,7.863,54.565
2026-08-22T10:28:20.311000+00:00,11348,44,1292,1.594,10.945
2026-08-22T10:28:20.497000+00:00,11348,18,1292,0.402,54.967
2026-08-22T10:28:20.704000+00:00,11348,10,1292,22.279,32.94
2026-08-22T10:28:20.819000+00:00,11348,77,1292,9.801,65.061
2026-08-22T10:28:20.945000+00:00,11348,22,1292,0.961,41.835
2026-08-22T10:28:20.955000+00:00,11348,14,1292,0.444,55.411
2026-08-22T10:28:21.182000+00:00,11348,43,1292,3.373,40.856
2026-08-22T10:28:21.232000+00:00,11348,30,1292,1.497,37.475
2026-08-22T10:28:21.457000+00:00,11348,55,1292,32.176,+1 LAP
2026-08-22T10:28:21.663000+00:00,11348,1,1292,1.681,3.106
2026-08-22T10:28:22.102000+00:00,11348,31,1292,4.254,46.119
2026-08-22T10:28:22.128000+00:00,11348,22,1292,0.949,41.805
2026-08-22T10:28:22.397000+00:00,11348,5,1292,1.722,34.662
2026-08-22T10:28:22.531000+00:00,11348,12,1292,0.865,3.971
2026-08-22T10:28:22.841000+00:00,11348,77,1292,9.735,65.148
2026-08-22T10:28:23.100000+00:00,11348,87,1292,,47.111
2026-08-22T10:28:23.105000+00:00,11348,81,1292,4.545,8.527
2026-08-22T10:28:23.222000+00:00,11348,23,1292,7.895,54.696
2026-08-22T10:28:23.578000+00:00,11348,18,1292,0.399,55.095
2026-08-22T10:28:23.750000+00:00,11348,41,1292,1.367,36.029
2026-08-22T10:28:23.868000+00:00,11348,3,1292,0.788,9.315
2026-08-22T10:28:24.067000+00:00,11348,16,1292,1.422,1.422
2026-08-22T10:28:24.067000+00:00,11348,14,1292,0.488,55.583
2026-08-22T10:28:24.102000+00:00,11348,10,1292,22.41,33.102
2026-08-22T10:28:24.578000+00:00,11348,43,1292,3.367,40.842
2026-08-22T10:28:25.192000+00:00,11348,30,1292,1.42,37.449
2026-08-22T10:28:25.286000+00:00,11348,31,1292,4.338,46.173
2026-08-22T10:28:25.442000+00:00,11348,44,1292,1.586,10.901
2026-08-22T10:28:25.614000+00:00,11348,22,1292,1.04,41.882
2026-08-22T10:28:25.801000+00:00,11348,5,1292,1.698,34.8
2026-08-22T10:28:25.864000+00:00,11348,1,1292,1.775,3.197
2026-08-22T10:28:26.239000+00:00,11348,87,1292,0.944,47.117
2026-08-22T10:28:26.489000+00:00,11348,31,1292,4.382,46.187
2026-08-22T10:28:26.832000+00:00,11348,55,1292,32.106,+1 LAP
2026-08-22T10:28:26.848000+00:00,11348,12,1292,0.824,4.021
2026-08-22T10:28:27.083000+00:00,11348,81,1292,4.525,8.496
2026-08-22T10:28:27.192000+00:00,11348,41,1292,1.353,36.153
2026-08-22T10:28:27.364000+00:00,11348,16,1292,1.409,1.409
2026-08-22T10:28:27.442000+00:00,11348,87,1292,0.901,47.088
2026-08-22T10:28:27.583000+00:00,11348,23,1292,8.066,55.092
2026-08-22T10:28:27.895000+00:00,11348,3,1292,0.773,9.269
2026-08-22T10:28:27.973000+00:00,11348,77,1292,9.643,65.044
2026-08-22T10:28:27.989000+00:00,11348,18,1292,0.388,55.48
2026-08-22T10:28:28.364000+00:00,11348,14,1292,0.416,55.896
2026-08-22T10:28:28.536000+00:00,11348,30,1292,1.368,37.521
2026-08-22T10:28:28.645000+00:00,11348,43,1292,3.443,40.892
2026-08-22T10:28:28.739000+00:00,11348,10,1292,22.458,33.162
2026-08-22T10:28:29.145000+00:00,11348,1,1292,1.783,3.192
2026-08-22T10:28:29.473000+00:00,11348,44,1292,1.658,10.927
2026-08-22T10:28:29.645000+00:00,11348,16,1292,1.403,1.403
2026-08-22T10:28:29.645000+00:00,11348,55,1292,32.072,+1 LAP
2026-08-22T10:28:29.723000+00:00,11348,22,1292,1.08,41.972
2026-08-22T10:28:29.817000+00:00,11348,63,1292,0.0,0.0
2026-08-22T10:28:29.942000+00:00,11348,12,1292,0.809,4.001
2026-08-22T10:28:29.973000+00:00,11348,31,1292,4.353,46.235
2026-08-22T10:28:30.332000+00:00,11348,5,1292,1.595,34.757
2026-08-22T10:28:30.583000+00:00,11348,16,1292,1.399,1.399
2026-08-22T10:28:30.598000+00:00,11348,77,1292,9.652,65.063
2026-08-22T10:28:30.864000+00:00,11348,87,1292,0.885,47.12
2026-08-22T10:28:31.129000+00:00,11348,23,1292,8.026,55.137
2026-08-22T10:28:31.207000+00:00,11348,16,1292,1.4,1.4
2026-08-22T10:28:31.301000+00:00,11348,81,1292,4.594,8.615
2026-08-22T10:28:31.379000+00:00,11348,1,1292,1.789,
2026-08-22T10:28:31.567000+00:00,11348,18,1292,0.451,55.588
2026-08-22T10:28:31.651000+00:00,11348,10,1292,22.448,33.238
2026-08-22T10:28:31.800000+00:00,11348,41,1292,1.459,36.216
2026-08-22T10:28:31.967000+00:00,11348,14,1292,0.394,55.982
2026-08-22T10:28:32.050000+00:00,11348,3,1292,0.758,9.373
2026-08-22T10:28:32.072000+00:00,11348,43,1292,3.556,41.077
2026-08-22T10:28:32.151000+00:00,11348,12,1292,0.771,3.963
2026-08-22T10:28:32.380000+00:00,11348,1,1292,1.79,3.189
2026-08-22T10:28:32.989000+00:00,11348,1,1292,1.786,3.186
2026-08-22T10:28:33.088000+00:00,11348,22,1292,1.016,42.093
2026-08-22T10:28:33.150000+00:00,11348,12,1292,0.75,3.939
2026-08-22T10:28:33.227000+00:00,11348,30,1292,1.409,37.625
2026-08-22T10:28:33.251000+00:00,11348,5,1292,1.597,34.835
2026-08-22T10:28:33.478000+00:00,11348,16,1292,1.446,1.446
2026-08-22T10:28:33.734000+00:00,11348,44,1292,1.632,11.005
2026-08-22T10:28:33.750000+00:00,11348,12,1292,0.739,3.925
2026-08-22T10:28:33.773000+00:00,11348,77,1292,9.691,65.274
2026-08-22T10:28:34.070000+00:00,11348,31,1292,4.341,46.313
2026-08-22T10:28:34.272000+00:00,11348,23,1292,8.028,55.145
2026-08-22T10:28:34.566000+00:00,11348,81,1292,4.627,8.628
2026-08-22T10:28:34.674000+00:00,11348,41,1292,1.402,36.237
2026-08-22T10:28:34.761000+00:00,11348,18,1292,0.51,55.655
2026-08-22T10:28:34.777000+00:00,11348,10,1292,22.351,33.329
2026-08-22T10:28:34.800000+00:00,11348,55,1292,31.976,+1 LAP
2026-08-22T10:28:34.950000+00:00,11348,87,1292,0.905,47.218
2026-08-22T10:28:35.167000+00:00,11348,14,1292,0.399,56.054
2026-08-22T10:28:35.187000+00:00,11348,1,1292,1.732,3.178
2026-08-22T10:28:35.310000+00:00,11348,3,1292,0.738,9.366
2026-08-22T10:28:35.451000+00:00,11348,23,1292,8.058,55.146
2026-08-22T10:28:35.484000+00:00,11348,16,1292,1.474,1.474
2026-08-22T10:28:35.949000+00:00,11348,12,1292,0.737,3.915
2026-08-22T10:28:35.980000+00:00,11348,18,1292,0.536,55.682
2026-08-22T10:28:36.100000+00:00,11348,30,1292,1.44,37.677
2026-08-22T10:28:36.401000+00:00,11348,14,1292,0.395,56.077
2026-08-22T10:28:36.421000+00:00,11348,5,1292,1.624,34.953
2026-08-22T10:28:36.802000+00:00,11348,81,1292,4.665,
2026-08-22T10:28:36.825000+00:00,11348,43,1292,3.62,41.245
2026-08-22T10:28:36.955000+00:00,11348,44,1292,1.655,11.021
2026-08-22T10:28:37.081000+00:00,11348,1,1292,1.607,3.081
2026-08-22T10:28:37.485000+00:00,11348,31,1292,4.398,46.491
2026-08-22T10:28:37.550000+00:00,11348,3,1292,0.721,9.349
2026-08-22T10:28:37.823000+00:00,11348,41,1292,1.406,36.359
2026-08-22T10:28:37.850000+00:00,11348,81,1292,4.692,8.631
2026-08-22T10:28:37.866000+00:00,11348,22,1292,1.015,42.26
2026-08-22T10:28:37.941000+00:00,11348,12,1292,0.843,3.924
2026-08-22T10:28:38.136000+00:00,11348,77,1292,9.773,65.669
2026-08-22T10:28:38.411000+00:00,11348,87,1292,0.898,47.389
2026-08-22T10:28:38.481000+00:00,11348,81,1292,4.714,8.639
2026-08-22T10:28:38.537000+00:00,11348,3,1292,0.717,9.348
2026-08-22T10:28:38.922000+00:00,11348,55,1292,32.02,+1 LAP
2026-08-22T10:28:38.972000+00:00,11348,23,1292,8.102,55.222
2026-08-22T10:28:39.250000+00:00,11348,3,1292,,9.356
2026-08-22T10:28:39.250000+00:00,11348,44,1292,1.666,11.015
2026-08-22T10:28:39.266000+00:00,11348,30,1292,1.434,37.793
2026-08-22T10:28:39.481000+00:00,11348,18,1292,0.522,55.744
2026-08-22T10:28:39.762000+00:00,11348,43,1292,3.652,41.329
2026-08-22T10:28:39.937000+00:00,11348,14,1292,0.447,56.191
2026-08-22T10:28:39.987000+00:00,11348,10,1292,22.444,33.393
2026-08-22T10:28:40.206000+00:00,11348,44,1292,1.663,11.011
2026-08-22T10:28:40.578000+00:00,11348,16,1292,1.427,1.427
2026-08-22T10:28:40.734000+00:00,11348,81,1292,4.797,8.712
2026-08-22T10:28:40.795000+00:00,11348,22,1292,1.035,42.364
2026-08-22T10:28:40.835000+00:00,11348,44,1292,1.652,11.008
2026-08-22T10:28:41.451000+00:00,11348,3,1292,0.694,9.406
2026-08-22T10:28:41.635000+00:00,11348,5,1292,1.626,35.019
2026-08-22T10:28:41.788000+00:00,11348,77,1292,9.8,65.782
2026-08-22T10:28:42.267000+00:00,11348,31,1292,4.425,46.685
2026-08-22T10:28:42.278000+00:00,11348,1,1292,1.695,3.122
2026-08-22T10:28:42.700000+00:00,11348,81,1292,4.763,8.687
2026-08-22T10:28:42.834000+00:00,11348,10,1292,22.515,33.46
2026-08-22T10:28:42.985000+00:00,11348,43,1292,3.738,41.531
2026-08-22T10:28:43.023000+00:00,11348,41,1292,1.392,36.411
2026-08-22T10:28:43.036000+00:00,11348,12,1292,0.736,3.858
2026-08-22T10:28:43.071000+00:00,11348,44,1292,1.617,11.023
2026-08-22T10:28:43.123000+00:00,11348,23,1292,8.169,55.387
2026-08-22T10:28:43.188000+00:00,11348,16,1292,1.418,1.418
2026-08-22T10:28:43.214000+00:00,11348,87,1292,0.936,47.621
2026-08-22T10:28:43.417000+00:00,11348,3,1292,0.684,9.371
2026-08-22T10:28:43.486000+00:00,11348,55,1292,32.108,+1 LAP
2026-08-22T10:28:43.588000+00:00,11348,18,1292,0.447,55.834
2026-08-22T10:28:43.986000+00:00,11348,14,1292,0.396,56.23
2026-08-22T10:28:44+00:00,11348,22,1292,,42.566
2026-08-22T10:28:44.367000+00:00,11348,30,1292,1.356,37.767
2026-08-22T10:28:44.491000+00:00,11348,5,1292,1.647,35.107
2026-08-22T10:28:44.875000+00:00,11348,1,1292,1.694,3.112
2026-08-22T10:28:44.959000+00:00,11348,44,1292,1.584,10.955
2026-08-22T10:28:45.009000+00:00,11348,77,1292,9.835,65.889
2026-08-22T10:28:45.300000+00:00,11348,31,1292,4.509,46.873
2026-08-22T10:28:45.573000+00:00,11348,12,1292,0.706,3.818
2026-08-22T10:28:45.854000+00:00,11348,41,1292,1.374,36.481
2026-08-22T10:28:46.081000+00:00,11348,16,1292,1.405,1.405
2026-08-22T10:28:46.232000+00:00,11348,77,1292,9.853,65.93
2026-08-22T10:28:46.272000+00:00,11348,87,1292,0.977,47.85
2026-08-22T10:28:46.640000+00:00,11348,23,1292,8.205,55.594
2026-08-22T10:28:46.814000+00:00,11348,55,1292,32.117,+1 LAP
2026-08-22T10:28:47.121000+00:00,11348,18,1292,0.498,56.092
2026-08-22T10:28:47.201000+00:00,11348,30,1292,1.322,37.803
2026-08-22T10:28:47.423000+00:00,11348,14,1292,0.3,56.392
2026-08-22T10:28:47.806000+00:00,11348,1,1292,1.715,3.12
2026-08-22T10:28:47.878000+00:00,11348,81,1292,4.857,8.715
2026-08-22T10:28:48.051000+00:00,11348,10,1292,22.583,33.484
2026-08-22T10:28:48.227000+00:00,11348,43,1292,3.856,41.623
2026-08-22T10:28:48.421000+00:00,11348,31,1292,4.415,46.981
2026-08-22T10:28:48.507000+00:00,11348,12,1292,0.651,3.771
2026-08-22T10:28:48.521000+00:00,11348,3,1292,0.632,9.347
2026-08-22T10:28:49.051000+00:00,11348,55,1292,32.109,+1 LAP
2026-08-22T10:28:49.228000+00:00,11348,22,1292,0.964,42.587
2026-08-22T10:28:49.435000+00:00,11348,87,1292,0.981,47.962
2026-08-22T10:28:49.726000+00:00,11348,5,1292,1.655,35.139
2026-08-22T10:28:49.889000+00:00,11348,77,1292,9.94,66.131
2026-08-22T10:28:50.021000+00:00,11348,44,1292,1.51,10.857
2026-08-22T10:28:50.052000+00:00,11348,55,1292,32.103,+1 LAP
2026-08-22T10:28:50.221000+00:00,11348,16,1292,1.487,1.487
2026-08-22T10:28:50.451000+00:00,11348,81,1292,4.875,8.693
2026-08-22T10:28:50.678000+00:00,11348,55,1292,32.097,+1 LAP
2026-08-22T10:28:51.074000+00:00,11348,3,1292,0.628,9.321
2026-08-22T10:28:51.105000+00:00,11348,43,1292,3.909,41.712
2026-08-22T10:28:51.132000+00:00,11348,41,1292,1.436,36.575
2026-08-22T10:28:51.400000+00:00,11348,23,1292,8.188,55.809
2026-08-22T10:28:51.822000+00:00,11348,1,1292,1.595,3.082
2026-08-22T10:28:51.836000+00:00,11348,18,1292,0.46,56.269
2026-08-22T10:28:52.053000+00:00,11348,10,1292,22.569,33.496
2026-08-22T10:28:52.082000+00:00,11348,22,1292,0.96,42.672
2026-08-22T10:28:52.082000+00:00,11348,14,1292,0.218,56.487
2026-08-22T10:28:52.453000+00:00,11348,30,1292,1.296,37.871
2026-08-22T10:28:52.533000+00:00,11348,12,1292,0.721,3.803
2026-08-22T10:28:52.600000+00:00,11348,44,1292,1.546,10.867
2026-08-22T10:28:52.903000+00:00,11348,55,1292,32.098,+1 LAP
2026-08-22T10:28:53.350000+00:00,11348,81,1292,4.88,8.651
2026-08-22T10:28:53.701000+00:00,11348,5,1292,1.653,35.149
2026-08-22T10:28:53.735000+00:00,11348,31,1292,4.551,47.138
2026-08-22T10:28:53.785000+00:00,11348,16,1292,1.497,1.497
2026-08-22T10:28:54+00:00,11348,77,1292,10.03,66.26
2026-08-22T10:28:54.051000+00:00,11348,3,1292,0.706,9.357
2026-08-22T10:28:54.303000+00:00,11348,23,1292,8.025,55.875
2026-08-22T10:28:54.634000+00:00,11348,87,1292,0.869,48.007
2026-08-22T10:28:54.761000+00:00,11348,18,1292,0.447,56.322
2026-08-22T10:28:54.997000+00:00,11348,55,1292,32.136,+1 LAP
2026-08-22T10:28:55.151000+00:00,11348,14,1292,0.395,56.717
2026-08-22T10:28:55.160000+00:00,11348,41,1292,1.444,36.593
2026-08-22T10:28:55.311000+00:00,11348,1,1292,1.558,3.055
2026-08-22T10:28:55.600000+00:00,11348,44,1292,1.56,10.917
2026-08-22T10:28:56.053000+00:00,11348,12,1292,0.745,3.8
2026-08-22T10:28:56.301000+00:00,11348,10,1292,22.601,33.606
2026-08-22T10:28:56.393000+00:00,11348,43,1292,3.966,41.837
2026-08-22T10:28:56.421000+00:00,11348,30,1292,1.282,37.875
2026-08-22T10:28:56.652000+00:00,11348,31,1292,4.614,47.286
2026-08-22T10:28:56.866000+00:00,11348,16,1292,1.495,1.495
2026-08-22T10:28:57.369000+00:00,11348,22,1292,0.98,42.817
2026-08-22T10:28:57.463000+00:00,11348,81,1292,4.854,8.657
2026-08-22T10:28:57.478000+00:00,11348,23,1292,8.061,56.023
2026-08-22T10:28:57.556000+00:00,11348,77,1292,10.153,66.545
2026-08-22T10:28:57.603000+00:00,11348,87,1292,0.926,48.212
2026-08-22T10:28:57.978000+00:00,11348,5,1292,1.695,35.301
2026-08-22T10:28:58.041000+00:00,11348,18,1292,0.548,56.571
2026-08-22T10:28:58.056000+00:00,11348,16,1292,1.476,1.476
2026-08-22T10:28:58.197000+00:00,11348,3,1292,0.788,9.445
2026-08-22T10:28:58.338000+00:00,11348,14,1292,0.334,56.905
2026-08-22T10:28:58.478000+00:00,11348,1,1292,1.602,3.097
2026-08-22T10:28:59.119000+00:00,11348,12,1292,0.653,3.75
2026-08-22T10:28:59.431000+00:00,11348,41,1292,1.451,36.752
2026-08-22T10:28:59.572000+00:00,11348,10,1292,22.604,33.625
2026-08-22T10:28:59.713000+00:00,11348,1,1292,1.639,3.115
2026-08-22T10:28:59.791000+00:00,11348,44,1292,1.611,11.056
2026-08-22T10:29:00.213000+00:00,11348,55,1292,32.26,+1 LAP
2026-08-22T10:29:00.291000+00:00,11348,12,1292,0.585,3.7
2026-08-22T10:29:00.416000+00:00,11348,43,1292,4.005,41.88
2026-08-22T10:29:00.853000+00:00,11348,30,1292,1.415,38.167
2026-08-22T10:29:00.900000+00:00,11348,81,1292,4.852,8.652
2026-08-22T10:29:01.275000+00:00,11348,5,1292,1.704,35.329
2026-08-22T10:29:01.306000+00:00,11348,16,1292,1.321,1.321
2026-08-22T10:29:01.431000+00:00,11348,22,1292,0.998,42.878
2026-08-22T10:29:01.635000+00:00,11348,3,1292,0.751,9.403
2026-08-22T10:29:01.806000+00:00,11348,10,1292,22.622,33.637
2026-08-22T10:29:02.010000+00:00,11348,31,1292,4.642,47.459
2026-08-22T10:29:02.135000+00:00,11348,77,1292,10.077,66.564
2026-08-22T10:29:02.713000+00:00,11348,41,1292,1.428,36.757
2026-08-22T10:29:02.823000+00:00,11348,23,1292,8.172,56.179
2026-08-22T10:29:02.853000+00:00,11348,10,1292,22.63,33.641
2026-08-22T10:29:02.916000+00:00,11348,87,1292,0.849,48.308
2026-08-22T10:29:02.916000+00:00,11348,55,1292,32.295,+1 LAP
2026-08-22T10:29:03.025000+00:00,11348,1,1292,1.663,2.984
2026-08-22T10:29:03.135000+00:00,11348,18,1292,0.346,56.525
2026-08-22T10:29:03.369000+00:00,11348,44,1292,1.692,11.095
2026-08-22T10:29:03.478000+00:00,11348,10,1292,22.635,33.643
2026-08-22T10:29:03.525000+00:00,11348,14,1292,0.391,56.916
2026-08-22T10:29:03.541000+00:00,11348,5,1292,1.705,35.342
2026-08-22T10:29:03.701000+00:00,11348,12,1292,0.71,3.694
2026-08-22T10:29:04.076000+00:00,11348,81,1292,4.929,8.679
2026-08-22T10:29:04.139000+00:00,11348,30,1292,1.44,38.197
2026-08-22T10:29:04.545000+00:00,11348,5,1292,1.717,35.358
2026-08-22T10:29:04.764000+00:00,11348,3,1292,0.702,9.381
2026-08-22T10:29:04.826000+00:00,11348,43,1292,3.976,42.143
2026-08-22T10:29:04.936000+00:00,11348,41,1292,1.409,36.751
2026-08-22T10:29:05.201000+00:00,11348,77,1292,10.024,66.741
2026-08-22T10:29:05.217000+00:00,11348,5,1292,1.736,35.379
2026-08-22T10:29:05.248000+00:00,11348,81,1292,4.991,8.691
2026-08-22T10:29:05.295000+00:00,11348,16,1292,1.27,1.27
2026-08-22T10:29:05.576000+00:00,11348,23,1292,7.993,56.205
2026-08-22T10:29:05.686000+00:00,11348,10,1292,22.657,33.68
2026-08-22T10:29:05.811000+00:00,11348,22,1292,0.969,43.112
2026-08-22T10:29:05.936000+00:00,11348,3,1292,0.667,9.358
2026-08-22T10:29:05.951000+00:00,11348,41,1292,1.394,36.752
2026-08-22T10:29:05.998000+00:00,11348,55,1292,32.227,+1 LAP
2026-08-22T10:29:06.045000+00:00,11348,18,1292,0.436,56.641
2026-08-22T10:29:06.076000+00:00,11348,31,1292,4.648,47.526
2026-08-22T10:29:06.420000+00:00,11348,30,1292,1.45,38.201
2026-08-22T10:29:06.451000+00:00,11348,14,1292,0.405,57.046
2026-08-22T10:29:06.467000+00:00,11348,44,1292,1.719,11.1
2026-08-22T10:29:06.592000+00:00,11348,41,1292,1.383,36.762
2026-08-22T10:29:06.936000+00:00,11348,87,1292,0.811,48.337
2026-08-22T10:29:06.983000+00:00,11348,1,1292,1.621,2.891
2026-08-22T10:29:07.436000+00:00,11348,30,1292,1.462,38.214
2026-08-22T10:29:07.514000+00:00,11348,5,1292,1.81,35.49
2026-08-22T10:29:07.654000+00:00,11348,44,1292,1.724,11.082
2026-08-22T10:29:07.733000+00:00,11348,12,1292,0.829,3.72
2026-08-22T10:29:07.795000+00:00,11348,10,1292,22.842,33.797
2026-08-22T10:29:08.029000+00:00,11348,30,1292,1.471,38.233
2026-08-22T10:29:08.123000+00:00,11348,43,1292,3.966,42.163
2026-08-22T10:29:08.295000+00:00,11348,77,1292,9.953,66.858
2026-08-22T10:29:08.576000+00:00,11348,81,1292,4.872,8.566
2026-08-22T10:29:08.592000+00:00,11348,16,1292,1.269,1.269
2026-08-22T10:29:08.858000+00:00,11348,41,1292,1.338,36.828
2026-08-22T10:29:09.061000+00:00,11348,22,1292,0.958,43.121
2026-08-22T10:29:09.358000+00:00,11348,3,1292,0.778,9.344
2026-08-22T10:29:09.498000+00:00,11348,5,1292,1.709,35.506
2026-08-22T10:29:10.233000+00:00,11348,1,1292,1.646,2.915
2026-08-22T10:29:10.343000+00:00,11348,30,1292,1.493,38.321
2026-08-22T10:29:10.343000+00:00,11348,43,1292,3.952,42.153
2026-08-22T10:29:10.389000+00:00,11348,55,1292,32.241,+1 LAP
2026-08-22T10:29:10.451000+00:00,11348,31,1292,4.657,47.769
2026-08-22T10:29:10.858000+00:00,11348,41,1292,1.301,36.807
2026-08-22T10:29:10.951000+00:00,11348,23,1292,8.05,56.358
2026-08-22T10:29:10.983000+00:00,11348,44,1292,1.63,10.974
2026-08-22T10:29:11.092000+00:00,11348,12,1292,0.848,3.763
2026-08-22T10:29:11.264000+00:00,11348,87,1292,0.782,48.551
2026-08-22T10:29:11.295000+00:00,11348,22,1292,0.952,43.105
2026-08-22T10:29:11.342000+00:00,11348,43,1292,3.935,42.149
2026-08-22T10:29:11.404000+00:00,11348,18,1292,0.492,56.85
2026-08-22T10:29:11.967000+00:00,11348,14,1292,0.543,57.393
2026-08-22T10:29:11.967000+00:00,11348,43,1292,3.911,42.144
2026-08-22T10:29:12.279000+00:00,11348,22,1292,0.95,43.099
2026-08-22T10:29:12.413000+00:00,11348,30,1292,1.599,38.406
2026-08-22T10:29:12.521000+00:00,11348,81,1292,4.768,8.488
2026-08-22T10:29:12.919000+00:00,11348,22,1292,0.958,43.102
2026-08-22T10:29:13.005000+00:00,11348,10,1292,22.973,33.83
2026-08-22T10:29:13.153000+00:00,11348,16,1292,1.352,1.352
2026-08-22T10:29:13.278000+00:00,11348,3,1292,0.773,9.261
2026-08-22T10:29:13.595000+00:00,11348,77,1292,10.075,66.991
2026-08-22T10:29:13.785000+00:00,11348,31,1292,4.728,47.849
2026-08-22T10:29:14.011000+00:00,11348,55,1292,32.239,+1 LAP
2026-08-22T10:29:14.132000+00:00,11348,43,1292,3.794,42.115
2026-08-22T10:29:14.559000+00:00,11348,87,1292,0.752,48.601
2026-08-22T10:29:14.750000+00:00,11348,5,1292,1.725,35.555
2026-08-22T10:29:14.890000+00:00,11348,1,1292,1.734,3.086
2026-08-22T10:29:14.935000+00:00,11348,23,1292,8.045,56.382
2026-08-22T10:29:14.951000+00:00,11348,44,1292,1.659,10.92
2026-08-22T10:29:15.163000+00:00,11348,22,1292,1.03,43.145
2026-08-22T10:29:15.381000+00:00,11348,18,1292,0.458,56.84
2026-08-22T10:29:15.584000+00:00,11348,10,1292,22.981,33.848
2026-08-22T10:29:15.804000+00:00,11348,12,1292,0.907,3.993
2026-08-22T10:29:15.804000+00:00,11348,81,1292,4.778,8.541
2026-08-22T10:29:16.022000+00:00,11348,16,1292,1.413,1.413
2026-08-22T10:29:16.038000+00:00,11348,41,1292,1.338,36.893
2026-08-22T10:29:16.053000+00:00,11348,31,1292,4.767,47.872
2026-08-22T10:29:16.069000+00:00,11348,14,1292,0.674,57.514
2026-08-22T10:29:16.084000+00:00,11348,43,1292,3.662,42.068
2026-08-22T10:29:16.551000+00:00,11348,77,1292,10.106,67.152
2026-08-22T10:29:16.652000+00:00,11348,3,1292,0.777,9.318
2026-08-22T10:29:16.788000+00:00,11348,87,1292,0.73,48.602
2026-08-22T10:29:17.058000+00:00,11348,31,1292,4.783,47.882
2026-08-22T10:29:17.124000+00:00,11348,55,1292,32.112,+1 LAP
2026-08-22T10:29:17.181000+00:00,11348,22,1292,1.122,43.19
2026-08-22T10:29:17.321000+00:00,11348,5,1292,1.701,35.549
2026-08-22T10:29:17.579000+00:00,11348,30,1292,1.525,38.418
2026-08-22T10:29:17.735000+00:00,11348,31,1292,4.79,47.892
2026-08-22T10:29:17.772000+00:00,11348,1,1292,1.726,3.139
2026-08-22T10:29:17.788000+00:00,11348,87,1292,0.699,48.581
2026-08-22T10:29:18.235000+00:00,11348,44,1292,1.602,
2026-08-22T10:29:18.288000+00:00,11348,55,1292,32.04,+1 LAP
2026-08-22T10:29:18.401000+00:00,11348,87,1292,0.669,48.561
2026-08-22T10:29:18.579000+00:00,11348,12,1292,0.829,3.968
2026-08-22T10:29:18.653000+00:00,11348,10,1292,23.021,33.938
2026-08-22T10:29:18.663000+00:00,11348,41,1292,1.337,36.886
2026-08-22T10:29:19.100000+00:00,11348,16,1292,1.471,1.471
2026-08-22T10:29:19.378000+00:00,11348,23,1292,8.152,56.703
2026-08-22T10:29:19.907000+00:00,11348,18,1292,0.521,57.224
2026-08-22T10:29:20+00:00,11348,31,1292,4.822,47.967
2026-08-22T10:29:20.164000+00:00,11348,30,1292,1.539,38.425
2026-08-22T10:29:20.378000+00:00,11348,5,1292,1.742,35.68
2026-08-22T10:29:20.435000+00:00,11348,14,1292,0.531,57.755
2026-08-22T10:29:20.500000+00:00,11348,87,1292,0.53,48.497
2026-08-22T10:29:20.500000+00:00,11348,81,1292,4.716,8.709
2026-08-22T10:29:20.786000+00:00,11348,1,1292,1.703,3.174
2026-08-22T10:29:21.226000+00:00,11348,3,1292,0.723,9.432
2026-08-22T10:29:21.364000+00:00,11348,43,1292,3.779,42.197
2026-08-22T10:29:21.706000+00:00,11348,12,1292,0.893,4.067
2026-08-22T10:29:21.782000+00:00,11348,41,1292,1.332,37.012
2026-08-22T10:29:21.874000+00:00,11348,55,1292,31.987,+1 LAP
2026-08-22T10:29:21.900000+00:00,11348,77,1292,9.934,67.327
2026-08-22T10:29:22.040000+00:00,11348,31,1292,4.844,48.034
2026-08-22T10:29:22.456000+00:00,11348,22,1292,1.052,43.249
2026-08-22T10:29:22.621000+00:00,11348,87,1292,0.583,48.617
2026-08-22T10:29:22.695000+00:00,11348,23,1292,8.144,56.745
2026-08-22T10:29:22.880000+00:00,11348,44,1292,1.64,11.072
2026-08-22T10:29:22.912000+00:00,11348,10,1292,23.115,34.171
2026-08-22T10:29:23.200000+00:00,11348,30,1292,1.51,38.522
2026-08-22T10:29:23.247000+00:00,11348,18,1292,0.558,57.303
2026-08-22T10:29:23.341000+00:00,11348,81,1292,4.784,8.752
2026-08-22T10:29:23.716000+00:00,11348,14,1292,0.484,57.787
2026-08-22T10:29:23.982000+00:00,11348,43,1292,3.797,42.222
2026-08-22T10:29:24.028000+00:00,11348,3,1292,0.686,9.438
2026-08-22T10:29:24.341000+00:00,11348,16,1292,1.476,1.476
2026-08-22T10:29:24.653000+00:00,11348,5,1292,1.765,35.936
2026-08-22T10:29:24.935000+00:00,11348,23,1292,8.153,56.755
2026-08-22T10:29:24.982000+00:00,11348,22,1292,1.019,43.241
2026-08-22T10:29:25.497000+00:00,11348,18,1292,0.557,57.312
2026-08-22T10:29:25.794000+00:00,11348,44,1292,1.727,11.165
2026-08-22T10:29:25.966000+00:00,11348,41,1292,1.262,37.198
2026-08-22T10:29:25.982000+00:00,11348,77,1292,9.87,67.384
2026-08-22T10:29:26+00:00,11348,23,1292,8.179,56.76
2026-08-22T10:29:26+00:00,11348,14,1292,0.464,57.776
2026-08-22T10:29:26.060000+00:00,11348,1,1292,1.713,3.189
2026-08-22T10:29:26.060000+00:00,11348,55,1292,32.041,+1 LAP
2026-08-22T10:29:26.450000+00:00,11348,10,1292,23.093,34.188
2026-08-22T10:29:26.497000+00:00,11348,18,1292,0.537,57.297
2026-08-22T10:29:26.528000+00:00,11348,81,1292,4.82,8.887
2026-08-22T10:29:26.607000+00:00,11348,23,1292,8.205,56.766
2026-08-22T10:29:26.903000+00:00,11348,12,1292,0.847,4.036
2026-08-22T10:29:27.028000+00:00,11348,14,1292,0.455,57.752
2026-08-22T10:29:27.060000+00:00,11348,43,1292,3.771,42.293
2026-08-22T10:29:27.075000+00:00,11348,16,1292,1.334,1.334
2026-08-22T10:29:27.153000+00:00,11348,18,1292,0.518,57.284
2026-08-22T10:29:27.200000+00:00,11348,3,1292,0.631,9.518
2026-08-22T10:29:27.325000+00:00,11348,31,1292,4.887,48.136
2026-08-22T10:29:27.544000+00:00,11348,14,1292,0.448,57.732
2026-08-22T10:29:27.700000+00:00,11348,30,1292,1.764,38.962
2026-08-22T10:29:27.841000+00:00,11348,87,1292,0.539,48.675
2026-08-22T10:29:28.107000+00:00,11348,22,1292,1.114,43.407
2026-08-22T10:29:28.232000+00:00,11348,5,1292,1.807,35.995
2026-08-22T10:29:28.794000+00:00,11348,44,1292,1.662,11.18
2026-08-22T10:29:28.810000+00:00,11348,23,1292,8.323,56.82
2026-08-22T10:29:28.935000+00:00,11348,1,1292,1.899,3.233
2026-08-22T10:29:29.263000+00:00,11348,18,1292,0.43,57.25
2026-08-22T10:29:29.466000+00:00,11348,41,1292,1.2,37.195
2026-08-22T10:29:29.560000+00:00,11348,55,1292,31.988,+1 LAP
2026-08-22T10:29:29.591000+00:00,11348,10,1292,23.107,34.207
2026-08-22T10:29:29.669000+00:00,11348,12,1292,0.73,3.963
2026-08-22T10:29:29.721000+00:00,11348,14,1292,0.423,57.673
2026-08-22T10:29:29.919000+00:00,11348,31,1292,4.915,48.156
2026-08-22T10:29:30.325000+00:00,11348,77,1292,9.899,67.654
2026-08-22T10:29:30.497000+00:00,11348,87,1292,0.588,48.744
2026-08-22T10:29:30.763000+00:00,11348,10,1292,23.13,34.212
2026-08-22T10:29:30.825000+00:00,11348,23,1292,8.22,56.837
2026-08-22T10:29:31.263000+00:00,11348,30,1292,1.811,39.006
2026-08-22T10:29:31.294000+00:00,11348,18,1292,0.429,57.266
2026-08-22T10:29:31.325000+00:00,11348,43,1292,3.591,42.553
2026-08-22T10:29:31.404000+00:00,11348,5,1292,1.83,36.037
2026-08-22T10:29:31.653000+00:00,11348,81,1292,4.754,8.79
2026-08-22T10:29:31.747000+00:00,11348,14,1292,0.451,57.717
2026-08-22T10:29:32.153000+00:00,11348,16,1292,1.316,1.316
2026-08-22T10:29:32.388000+00:00,11348,22,1292,1.121,43.674
2026-08-22T10:29:32.466000+00:00,11348,3,1292,0.797,9.587
2026-08-22T10:29:32.591000+00:00,11348,41,1292,1.186,37.223
2026-08-22T10:29:32.607000+00:00,11348,5,1292,1.837,36.049
2026-08-22T10:29:32.935000+00:00,11348,31,1292,4.829,48.236
2026-08-22T10:29:33.576000+00:00,11348,87,1292,0.661,48.897
2026-08-22T10:29:33.654000+00:00,11348,77,1292,9.94,67.727
2026-08-22T10:29:33.794000+00:00,11348,41,1292,1.181,37.23
2026-08-22T10:29:34.091000+00:00,11348,44,1292,1.642,11.229
2026-08-22T10:29:34.232000+00:00,11348,1,1292,2.007,3.323
2026-08-22T10:29:34.325000+00:00,11348,10,1292,23.325,34.299
2026-08-22T10:29:34.357000+00:00,11348,55,1292,32.164,+1 LAP
2026-08-22T10:29:34.419000+00:00,11348,30,1292,1.804,39.027
2026-08-22T10:29:34.451000+00:00,11348,81,1292,4.779,8.742
2026-08-22T10:29:34.810000+00:00,11348,12,1292,0.631,3.954
2026-08-22T10:29:34.857000+00:00,11348,43,1292,3.586,42.592
2026-08-22T10:29:35.294000+00:00,11348,3,1292,0.83,9.572
2026-08-22T10:29:35.591000+00:00,11348,30,1292,1.792,39.022
2026-08-22T10:29:35.935000+00:00,11348,22,1292,1.11,43.702
2026-08-22T10:29:36.029000+00:00,11348,77,1292,9.987,67.763
2026-08-22T10:29:36.045000+00:00,11348,5,1292,1.705,36.004
2026-08-22T10:29:36.154000+00:00,11348,16,1292,1.314,1.314
2026-08-22T10:29:36.186000+00:00,11348,23,1292,8.334,57.009
2026-08-22T10:29:36.638000+00:00,11348,18,1292,0.467,57.476
2026-08-22T10:29:36.841000+00:00,11348,44,1292,1.591,11.163
2026-08-22T10:29:36.966000+00:00,11348,77,1292,10.03,67.782
2026-08-22T10:29:37.060000+00:00,11348,14,1292,0.416,57.892
2026-08-22T10:29:37.372000+00:00,11348,31,1292,4.953,48.627
2026-08-22T10:29:37.372000+00:00,11348,41,1292,1.35,37.354
2026-08-22T10:29:37.388000+00:00,11348,55,1292,32.213,+1 LAP
2026-08-22T10:29:37.607000+00:00,11348,77,1292,10.061,67.793
2026-08-22T10:29:37.857000+00:00,11348,87,1292,0.511,49.138
2026-08-22T10:29:37.982000+00:00,11348,43,1292,3.574,42.601
2026-08-22T10:29:38.122000+00:00,11348,1,1292,1.982,3.296
2026-08-22T10:29:38.263000+00:00,11348,10,1292,23.331,34.251
2026-08-22T10:29:38.747000+00:00,11348,12,1292,0.629,3.925
2026-08-22T10:29:38.841000+00:00,11348,23,1292,8.31,57.054
2026-08-22T10:29:38.982000+00:00,11348,30,1292,1.611,38.965
2026-08-22T10:29:39.075000+00:00,11348,22,1292,1.079,43.68
2026-08-22T10:29:39.169000+00:00,11348,43,1292,3.573,42.595
2026-08-22T10:29:39.294000+00:00,11348,18,1292,0.484,57.538
2026-08-22T10:29:39.654000+00:00,11348,14,1292,0.389,57.927
2026-08-22T10:29:39.747000+00:00,11348,81,1292,4.942,8.896
2026-08-22T10:29:39.857000+00:00,11348,77,1292,10.156,67.829
2026-08-22T10:29:39.997000+00:00,11348,5,1292,1.731,35.982
2026-08-22T10:29:40.216000+00:00,11348,22,1292,1.05,43.645
2026-08-22T10:29:40.294000+00:00,11348,16,1292,1.35,1.35
2026-08-22T10:29:40.529000+00:00,11348,3,1292,0.774,9.67
2026-08-22T10:29:40.575000+00:00,11348,55,1292,32.255,+1 LAP
2026-08-22T10:29:40.982000+00:00,11348,31,1292,5.048,48.75
2026-08-22T10:29:41.430000+00:00,11348,41,1292,1.428,37.41
2026-08-22T10:29:41.461000+00:00,11348,87,1292,0.448,49.198
2026-08-22T10:29:41.644000+00:00,11348,10,1292,23.408,34.328
2026-08-22T10:29:41.892000+00:00,11348,77,1292,10.179,67.896
2026-08-22T10:29:41.993000+00:00,11348,23,1292,8.354,57.251
2026-08-22T10:29:42.036000+00:00,11348,44,1292,1.472,11.142
2026-08-22T10:29:42.301000+00:00,11348,1,1292,2.02,3.37
2026-08-22T10:29:42.401000+00:00,11348,18,1292,0.468,57.719
2026-08-22T10:29:42.624000+00:00,11348,43,1292,3.654,42.619
2026-08-22T10:29:42.832000+00:00,11348,14,1292,0.42,58.139
2026-08-22T10:29:42.937000+00:00,11348,30,1292,1.513,38.923
2026-08-22T10:29:42.971000+00:00,11348,12,1292,0.653,4.023
2026-08-22T10:29:43.436000+00:00,11348,5,1292,1.782,36.11
2026-08-22T10:29:43.551000+00:00,11348,16,1292,1.333,1.333
2026-08-22T10:29:43.691000+00:00,11348,81,1292,4.937,8.862
2026-08-22T10:29:43.730000+00:00,11348,22,1292,1.092,43.711
2026-08-22T10:29:44.179000+00:00,11348,31,1292,5.12,48.8
2026-08-22T10:29:44.538000+00:00,11348,3,1292,0.854,9.716
2026-08-22T10:29:44.639000+00:00,11348,87,1292,0.44,49.24
2026-08-22T10:29:44.785000+00:00,11348,41,1292,1.36,37.47
2026-08-22T10:29:45.364000+00:00,11348,31,1292,5.16,48.805
2026-08-22T10:29:45.570000+00:00,11348,1,1292,2.033,3.366
2026-08-22T10:29:45.771000+00:00,11348,16,1292,1.335,1.335
2026-08-22T10:29:45.829000+00:00,11348,87,1292,,49.245
2026-08-22T10:29:45.871000+00:00,11348,55,1292,32.283,+1 LAP
2026-08-22T10:29:46.051000+00:00,11348,44,1292,1.484,11.2
2026-08-22T10:29:46.153000+00:00,11348,63,1292,0.0,0.0
2026-08-22T10:29:46.235000+00:00,11348,30,1292,1.412,38.882
2026-08-22T10:29:46.235000+00:00,11348,12,1292,0.639,4.005
2026-08-22T10:29:46.250000+00:00,11348,23,1292,8.37,57.508
2026-08-22T10:29:46.323000+00:00,11348,10,1292,23.47,34.542
2026-08-22T10:29:46.743000+00:00,11348,43,1292,3.734,42.657
2026-08-22T10:29:46.773000+00:00,11348,18,1292,0.51,58.018
2026-08-22T10:29:47.070000+00:00,11348,77,1292,10.012,67.904
2026-08-22T10:29:47.195000+00:00,11348,14,1292,0.413,58.431
2026-08-22T10:29:47.414000+00:00,11348,16,1292,1.334,1.334
2026-08-22T10:29:47.820000+00:00,11348,22,1292,1.132,43.789
2026-08-22T10:29:47.852000+00:00,11348,1,1292,2.028,3.363
2026-08-22T10:29:47.883000+00:00,11348,81,1292,4.941,8.964
2026-08-22T10:29:47.977000+00:00,11348,5,1292,1.654,36.196
2026-08-22T10:29:48.398000+00:00,11348,12,1292,0.597,3.96
2026-08-22T10:29:48.758000+00:00,11348,55,1292,32.231,+1 LAP
2026-08-22T10:29:48.773000+00:00,11348,3,1292,0.875,9.839
2026-08-22T10:29:48.853000+00:00,11348,31,1292,5.119,48.83
2026-08-22T10:29:49.258000+00:00,11348,10,1292,23.482,34.647
2026-08-22T10:29:49.383000+00:00,11348,12,1292,0.563,3.926
2026-08-22T10:29:49.398000+00:00,11348,87,1292,0.541,49.371
2026-08-22T10:29:49.445000+00:00,11348,1,1292,,3.362
2026-08-22T10:29:49.477000+00:00,11348,41,1292,1.503,37.699
2026-08-22T10:29:49.680000+00:00,11348,16,1292,1.366,1.366
2026-08-22T10:29:49.711000+00:00,11348,77,1292,10.025,67.952
2026-08-22T10:29:49.773000+00:00,11348,23,1292,8.328,57.526
2026-08-22T10:29:49.977000+00:00,11348,12,1292,0.54,3.902
2026-08-22T10:29:50.070000+00:00,11348,43,1292,3.862,42.744
2026-08-22T10:29:50.195000+00:00,11348,44,1292,1.402,11.241
2026-08-22T10:29:50.336000+00:00,11348,18,1292,0.564,58.09
2026-08-22T10:29:50.758000+00:00,11348,14,1292,0.414,58.504
2026-08-22T10:29:50.914000+00:00,11348,30,1292,1.419,39.118
2026-08-22T10:29:50.930000+00:00,11348,5,1292,1.662,36.309
2026-08-22T10:29:51.195000+00:00,11348,81,1292,4.974,8.979
2026-08-22T10:29:51.242000+00:00,11348,22,1292,1.192,43.936
2026-08-22T10:29:51.586000+00:00,11348,16,1292,1.333,1.333
2026-08-22T10:29:51.633000+00:00,11348,1,1292,2.002,3.368
2026-08-22T10:29:52.055000+00:00,11348,3,1292,0.855,9.834
2026-08-22T10:29:52.117000+00:00,11348,12,1292,0.48,3.848
2026-08-22T10:29:52.242000+00:00,11348,10,1292,23.446,34.626
2026-08-22T10:29:52.367000+00:00,11348,41,1292,1.455,37.764
2026-08-22T10:29:52.867000+00:00,11348,77,1292,10.053,68.19200000000001
2026-08-22T10:29:52.898000+00:00,11348,23,1292,8.297,57.537
2026-08-22T10:29:52.930000+00:00,11348,31,1292,5.115,48.904
2026-08-22T10:29:53.430000+00:00,11348,81,1292,5.021,8.981
2026-08-22T10:29:53.445000+00:00,11348,44,1292,1.404,11.238
2026-08-22T10:29:53.477000+00:00,11348,87,1292,0.55,49.454
2026-08-22T10:29:53.523000+00:00,11348,18,1292,0.62,58.157
2026-08-22T10:29:53.633000+00:00,11348,1,1292,2.048,3.381
2026-08-22T10:29:53.789000+00:00,11348,30,1292,1.4,39.164
2026-08-22T10:29:53.914000+00:00,11348,14,1292,0.381,58.538
2026-08-22T10:29:54.008000+00:00,11348,55,1292,32.074,+1 LAP
2026-08-22T10:29:54.070000+00:00,11348,5,1292,1.813,36.439
2026-08-22T10:29:54.102000+00:00,11348,23,1292,8.293,57.538
2026-08-22T10:29:54.117000+00:00,11348,12,1292,,3.861
2026-08-22T10:29:54.274000+00:00,11348,3,1292,0.846,9.827
2026-08-22T10:29:54.445000+00:00,11348,81,1292,5.063,8.989
2026-08-22T10:29:54.758000+00:00,11348,18,1292,0.643,58.181
2026-08-22T10:29:54.789000+00:00,11348,43,1292,3.871,42.989
2026-08-22T10:29:55.070000+00:00,11348,81,1292,5.098,9.0
2026-08-22T10:29:55.133000+00:00,11348,14,1292,0.361,58.542
2026-08-22T10:29:55.258000+00:00,11348,3,1292,0.844,9.833
2026-08-22T10:29:55.570000+00:00,11348,41,1292,1.494,37.933
2026-08-22T10:29:55.680000+00:00,11348,44,1292,1.407,11.234
2026-08-22T10:29:55.961000+00:00,11348,3,1292,0.847,9.847
2026-08-22T10:29:55.961000+00:00,11348,22,1292,1.17,44.159
2026-08-22T10:29:56.367000+00:00,11348,31,1292,5.135,49.071
2026-08-22T10:29:56.695000+00:00,11348,44,1292,1.396,11.229
2026-08-22T10:29:56.758000+00:00,11348,16,1292,1.354,1.354
2026-08-22T10:29:56.852000+00:00,11348,87,1292,0.478,49.549
2026-08-22T10:29:56.945000+00:00,11348,30,1292,1.394,39.327
2026-08-22T10:29:57.258000+00:00,11348,77,1292,10.092,68.523
2026-08-22T10:29:57.289000+00:00,11348,44,1292,1.38,11.227
2026-08-22T10:29:57.352000+00:00,11348,81,1292,5.241,9.089
2026-08-22T10:29:57.492000+00:00,11348,10,1292,23.4,34.629
2026-08-22T10:29:57.664000+00:00,11348,23,1292,8.29,57.661
2026-08-22T10:29:57.743000+00:00,11348,43,1292,3.959,43.123
2026-08-22T10:29:58.102000+00:00,11348,55,1292,32.126,+1 LAP
2026-08-22T10:29:58.211000+00:00,11348,3,1292,0.833,9.922
2026-08-22T10:29:58.258000+00:00,11348,18,1292,0.569,58.23
2026-08-22T10:29:58.711000+00:00,11348,14,1292,0.439,58.669
2026-08-22T10:29:58.867000+00:00,11348,1,1292,2.099,3.453
2026-08-22T10:29:58.867000+00:00,11348,22,1292,1.116,44.239
2026-08-22T10:29:59.289000+00:00,11348,5,1292,1.808,36.437
2026-08-22T10:29:59.289000+00:00,11348,81,1292,5.153,9.014
2026-08-22T10:29:59.305000+00:00,11348,12,1292,0.435,3.888
2026-08-22T10:29:59.367000+00:00,11348,16,1292,1.363,1.363
2026-08-22T10:29:59.524000+00:00,11348,44,1292,1.334,11.256
2026-08-22T10:30:00.135000+00:00,11348,3,1292,0.868,9.882
2026-08-22T10:30:00.380000+00:00,11348,10,1292,23.516,34.679
2026-08-22T10:30:00.801000+00:00,11348,41,1292,1.489,37.926
2026-08-22T10:30:00.853000+00:00,11348,77,1292,10.107,68.611
2026-08-22T10:30:00.953000+00:00,11348,43,1292,3.972,43.299
2026-08-22T10:30:01.189000+00:00,11348,31,1292,5.229,49.388
2026-08-22T10:30:01.401000+00:00,11348,1,1292,2.068,3.431
2026-08-22T10:30:01.493000+00:00,11348,44,1292,1.31,11.192
2026-08-22T10:30:01.735000+00:00,11348,87,1292,0.531,49.919
2026-08-22T10:30:01.784000+00:00,11348,23,1292,8.306,57.76
2026-08-22T10:30:01.831000+00:00,11348,12,1292,0.423,3.854
2026-08-22T10:30:01.995000+00:00,11348,22,1292,1.089,44.388
2026-08-22T10:30:02.152000+00:00,11348,30,1292,1.37,39.296
2026-08-22T10:30:02.167000+00:00,11348,5,1292,1.753,36.432
2026-08-22T10:30:02.308000+00:00,11348,16,1292,1.408,1.408
2026-08-22T10:30:02.308000+00:00,11348,18,1292,0.549,58.309
2026-08-22T10:30:02.511000+00:00,11348,55,1292,32.179,+1 LAP
2026-08-22T10:30:02.698000+00:00,11348,14,1292,0.374,58.683
2026-08-22T10:30:03.683000+00:00,11348,41,1292,1.57,38.002
2026-08-22T10:30:04.105000+00:00,11348,77,1292,10.181,68.719
2026-08-22T10:30:04.214000+00:00,11348,31,1292,5.379,49.618
2026-08-22T10:30:04.371000+00:00,11348,1,1292,2.039,3.447
2026-08-22T10:30:04.495000+00:00,11348,81,1292,5.2,9.088
2026-08-22T10:30:04.761000+00:00,11348,87,1292,0.541,50.159
2026-08-22T10:30:04.792000+00:00,11348,12,1292,0.441,3.888
2026-08-22T10:30:04.964000+00:00,11348,30,1292,1.28,39.282
2026-08-22T10:30:05.324000+00:00,11348,23,1292,8.456,58.005
2026-08-22T10:30:05.324000+00:00,11348,3,1292,0.844,9.932
2026-08-22T10:30:05.339000+00:00,11348,77,1292,10.218,68.76
2026-08-22T10:30:05.574000+00:00,11348,10,1292,23.591,34.733
2026-08-22T10:30:05.839000+00:00,11348,55,1292,32.166,+1 LAP
2026-08-22T10:30:05.949000+00:00,11348,18,1292,0.607,58.612
2026-08-22T10:30:06.214000+00:00,11348,43,1292,4.049,43.345
2026-08-22T10:30:06.464000+00:00,11348,16,1292,1.535,1.535
2026-08-22T10:30:06.730000+00:00,11348,44,1292,1.244,11.176
2026-08-22T10:30:07.074000+00:00,11348,81,1292,5.216,9.07
2026-08-22T10:30:07.120000+00:00,11348,14,1292,1.157,59.769
2026-08-22T10:30:07.386000+00:00,11348,22,1292,1.134,44.479
2026-08-22T10:30:07.417000+00:00,11348,31,1292,5.355,49.743
2026-08-22T10:30:07.449000+00:00,11348,5,1292,1.783,36.516
2026-08-22T10:30:07.870000+00:00,11348,3,1292,0.821,9.891
2026-08-22T10:30:07.964000+00:00,11348,87,1292,0.599,50.342
2026-08-22T10:30:08.105000+00:00,11348,55,1292,32.153,+1 LAP
2026-08-22T10:30:08.386000+00:00,11348,1,1292,1.91,3.445
2026-08-22T10:30:08.902000+00:00,11348,77,1292,10.214,68.883
2026-08-22T10:30:08.964000+00:00,11348,12,1292,0.599,4.044
2026-08-22T10:30:09.027000+00:00,11348,43,1292,4.033,43.315
2026-08-22T10:30:09.058000+00:00,11348,41,1292,1.683,38.199
2026-08-22T10:30:09.120000+00:00,11348,55,1292,32.142,+1 LAP
2026-08-22T10:30:09.152000+00:00,11348,44,1292,1.282,11.173
2026-08-22T10:30:09.652000+00:00,11348,10,1292,23.643,34.843
2026-08-22T10:30:09.730000+00:00,11348,55,1292,32.137,+1 LAP
2026-08-22T10:30:09.995000+00:00,11348,81,1292,5.169,9.057
2026-08-22T10:30:09.995000+00:00,11348,16,1292,1.544,1.544
2026-08-22T10:30:10.136000+00:00,11348,23,1292,8.44,58.359
2026-08-22T10:30:10.230000+00:00,11348,22,1292,1.214,44.529
2026-08-22T10:30:10.245000+00:00,11348,30,1292,1.197,39.396
2026-08-22T10:30:10.652000+00:00,11348,18,1292,0.49,58.849
2026-08-22T10:30:10.808000+00:00,11348,3,1292,0.854,9.911
2026-08-22T10:30:11.402000+00:00,11348,5,1292,1.749,36.592
2026-08-22T10:30:11.855000+00:00,11348,1,1292,1.874,3.418
2026-08-22T10:30:11.933000+00:00,11348,14,1292,1.283,60.132
2026-08-22T10:30:11.995000+00:00,11348,55,1292,32.147,+1 LAP
2026-08-22T10:30:12.105000+00:00,11348,44,1292,1.293,11.204
2026-08-22T10:30:12.495000+00:00,11348,12,1292,0.631,4.049
2026-08-22T10:30:12.714000+00:00,11348,31,1292,5.359,49.838
2026-08-22T10:30:13.027000+00:00,11348,77,1292,10.315,68.998
2026-08-22T10:30:13.089000+00:00,11348,41,1292,1.648,38.24
2026-08-22T10:30:13.105000+00:00,11348,16,1292,1.555,1.555
2026-08-22T10:30:13.136000+00:00,11348,23,1292,8.351,58.51
2026-08-22T10:30:13.199000+00:00,11348,87,1292,0.499,50.337
2026-08-22T10:30:13.714000+00:00,11348,18,1292,0.594,59.104
2026-08-22T10:30:13.917000+00:00,11348,10,1292,23.722,34.963
2026-08-22T10:30:14.012000+00:00,11348,81,1292,5.049,9.093
2026-08-22T10:30:14.027000+00:00,11348,55,1292,32.145,+1 LAP
2026-08-22T10:30:14.245000+00:00,11348,30,1292,1.176,39.416
2026-08-22T10:30:14.324000+00:00,11348,16,1292,1.549,1.549
2026-08-22T10:30:14.355000+00:00,11348,43,1292,4.121,43.517
2026-08-22T10:30:14.917000+00:00,11348,14,1292,1.205,60.309
2026-08-22T10:30:14.980000+00:00,11348,3,1292,0.965,10.058
2026-08-22T10:30:15.042000+00:00,11348,1,1292,1.94,3.495
2026-08-22T10:30:15.558000+00:00,11348,12,1292,0.515,4.01
2026-08-22T10:30:15.620000+00:00,11348,31,1292,5.392,49.921
2026-08-22T10:30:15.636000+00:00,11348,22,1292,1.25,44.767
2026-08-22T10:30:15.761000+00:00,11348,5,1292,1.849,36.812
2026-08-22T10:30:16.214000+00:00,11348,87,1292,0.606,50.527
2026-08-22T10:30:16.245000+00:00,11348,44,1292,1.265,11.323
2026-08-22T10:30:16.245000+00:00,11348,23,1292,8.281,58.623
2026-08-22T10:30:16.261000+00:00,11348,1,1292,1.985,3.534
2026-08-22T10:30:16.542000+00:00,11348,77,1292,9.464,69.233
2026-08-22T10:30:16.745000+00:00,11348,12,1292,0.444,3.978
2026-08-22T10:30:16.855000+00:00,11348,18,1292,0.608,59.231
2026-08-22T10:30:17.183000+00:00,11348,10,1292,23.75,34.988
2026-08-22T10:30:17.339000+00:00,11348,41,1292,1.585,38.397
2026-08-22T10:30:17.542000+00:00,11348,81,1292,5.044,
2026-08-22T10:30:17.558000+00:00,11348,16,1292,1.369,1.369
2026-08-22T10:30:17.995000+00:00,11348,14,1292,1.153,60.384
2026-08-22T10:30:18.433000+00:00,11348,43,1292,4.195,43.611
2026-08-22T10:30:18.480000+00:00,11348,3,1292,0.947,10.04
2026-08-22T10:30:18.574000+00:00,11348,30,1292,1.227,39.624
2026-08-22T10:30:19.027000+00:00,11348,5,1292,1.86,36.848
2026-08-22T10:30:19.370000+00:00,11348,55,1292,32.31,+1 LAP
2026-08-22T10:30:19.464000+00:00,11348,10,1292,23.774,35.008
2026-08-22T10:30:19.574000+00:00,11348,1,1292,2.021,3.39
2026-08-22T10:30:19.636000+00:00,11348,22,1292,1.213,44.824
2026-08-22T10:30:19.792000+00:00,11348,44,1292,1.31,11.35
2026-08-22T10:30:20.245000+00:00,11348,12,1292,0.655,4.045
2026-08-22T10:30:20.462000+00:00,11348,10,1292,23.785,35.014
2026-08-22T10:30:20.609000+00:00,11348,41,1292,1.557,38.405
2026-08-22T10:30:20.683000+00:00,11348,81,1292,5.117,9.127
2026-08-22T10:30:20.961000+00:00,11348,31,1292,5.323,50.09
2026-08-22T10:30:21.179000+00:00,11348,10,1292,23.79,35.017
2026-08-22T10:30:21.225000+00:00,11348,77,1292,9.249,69.381
2026-08-22T10:30:21.325000+00:00,11348,5,1292,1.858,36.866
2026-08-22T10:30:21.502000+00:00,11348,16,1292,1.34,1.34
2026-08-22T10:30:21.551000+00:00,11348,23,1292,8.352,58.689
2026-08-22T10:30:21.584000+00:00,11348,3,1292,0.906,10.033
2026-08-22T10:30:21.636000+00:00,11348,87,1292,0.692,50.782
2026-08-22T10:30:21.852000+00:00,11348,30,1292,1.241,39.646
2026-08-22T10:30:21.874000+00:00,11348,81,1292,5.168,9.146
2026-08-22T10:30:22.001000+00:00,11348,18,1292,0.419,59.108
2026-08-22T10:30:22.052000+00:00,11348,55,1292,32.331,+1 LAP
2026-08-22T10:30:22.324000+00:00,11348,5,1292,1.87,36.884
2026-08-22T10:30:22.756000+00:00,11348,3,1292,0.868,10.014
2026-08-22T10:30:22.834000+00:00,11348,43,1292,4.259,43.883
2026-08-22T10:30:22.853000+00:00,11348,41,1292,1.536,38.402
2026-08-22T10:30:22.936000+00:00,11348,44,1292,1.336,11.369
2026-08-22T10:30:22.982000+00:00,11348,5,1292,1.89,36.907
2026-08-22T10:30:23.224000+00:00,11348,14,1292,1.263,60.371
2026-08-22T10:30:23.279000+00:00,11348,10,1292,23.772,35.028
2026-08-22T10:30:23.536000+00:00,11348,1,1292,2.014,3.354
2026-08-22T10:30:23.840000+00:00,11348,41,1292,1.514,38.398
2026-08-22T10:30:24.005000+00:00,11348,22,1292,1.173,45.056
2026-08-22T10:30:24.119000+00:00,11348,44,1292,1.347,11.361
2026-08-22T10:30:24.122000+00:00,11348,30,1292,1.256,39.658
2026-08-22T10:30:24.225000+00:00,11348,77,1292,9.274,69.583
2026-08-22T10:30:24.301000+00:00,11348,12,1292,0.781,4.135
2026-08-22T10:30:24.353000+00:00,11348,23,1292,8.129,58.656
2026-08-22T10:30:24.467000+00:00,11348,41,1292,1.489,38.396
2026-08-22T10:30:24.801000+00:00,11348,16,1292,1.366,1.366
2026-08-22T10:30:24.941000+00:00,11348,18,1292,0.582,59.238
2026-08-22T10:30:25.023000+00:00,11348,31,1292,5.356,50.18
2026-08-22T10:30:25.145000+00:00,11348,30,1292,1.284,39.682
2026-08-22T10:30:25.152000+00:00,11348,55,1292,32.269,+1 LAP
2026-08-22T10:30:25.201000+00:00,11348,81,1292,4.951,8.996
2026-08-22T10:30:25.321000+00:00,11348,5,1292,2.008,37.036
2026-08-22T10:30:25.335000+00:00,11348,10,1292,23.895,35.087
2026-08-22T10:30:25.753000+00:00,11348,87,1292,0.726,50.906
2026-08-22T10:30:25.788000+00:00,11348,30,1292,1.312,39.708
2026-08-22T10:30:26.095000+00:00,11348,43,1292,4.242,43.888
2026-08-22T10:30:26.122000+00:00,11348,14,1292,1.179,60.417
2026-08-22T10:30:26.209000+00:00,11348,3,1292,0.985,9.981
2026-08-22T10:30:26.735000+00:00,11348,41,1292,1.405,38.441
2026-08-22T10:30:26.879000+00:00,11348,1,1292,2.089,3.455
2026-08-22T10:30:27.296000+00:00,11348,22,1292,1.171,45.059
2026-08-22T10:30:27.352000+00:00,11348,5,1292,1.964,37.051
2026-08-22T10:30:27.368000+00:00,11348,77,1292,9.348,69.732
2026-08-22T10:30:27.451000+00:00,11348,44,1292,1.234,11.215
2026-08-22T10:30:27.664000+00:00,11348,12,1292,0.788,4.243
2026-08-22T10:30:28.089000+00:00,11348,30,1292,1.381,39.822
2026-08-22T10:30:28.332000+00:00,11348,43,1292,4.219,43.877
2026-08-22T10:30:28.678000+00:00,11348,41,1292,1.371,38.422
2026-08-22T10:30:29.123000+00:00,11348,81,1292,4.829,8.964
2026-08-22T10:30:29.320000+00:00,11348,43,1292,4.19,43.872
2026-08-22T10:30:29.336000+00:00,11348,31,1292,5.341,50.397
2026-08-22T10:30:29.422000+00:00,11348,16,1292,1.421,1.421
2026-08-22T10:30:29.497000+00:00,11348,22,1292,1.177,45.054
2026-08-22T10:30:29.575000+00:00,11348,55,1292,32.306,+1 LAP
2026-08-22T10:30:29.703000+00:00,11348,23,1292,8.078,58.86
2026-08-22T10:30:29.951000+00:00,11348,43,1292,4.16,43.868
2026-08-22T10:30:30.086000+00:00,11348,87,1292,0.736,51.133
2026-08-22T10:30:30.086000+00:00,11348,3,1292,0.966,9.93
2026-08-22T10:30:30.122000+00:00,11348,30,1292,1.432,39.854
2026-08-22T10:30:30.329000+00:00,11348,18,1292,0.585,59.445
2026-08-22T10:30:30.501000+00:00,11348,22,1292,1.18,45.052
2026-08-22T10:30:30.576000+00:00,11348,10,1292,23.993,35.169
2026-08-22T10:30:31.101000+00:00,11348,22,1292,1.184,
2026-08-22T10:30:31.302000+00:00,11348,44,1292,1.205,11.135
2026-08-22T10:30:31.502000+00:00,11348,1,1292,2.134,3.555
2026-08-22T10:30:31.579000+00:00,11348,14,1292,1.255,60.7
2026-08-22T10:30:32.101000+00:00,11348,43,1292,4.029,43.851
2026-08-22T10:30:32.179000+00:00,11348,16,1292,1.373,1.373
2026-08-22T10:30:32.301000+00:00,11348,12,1292,0.801,4.356
2026-08-22T10:30:32.436000+00:00,11348,81,1292,4.722,8.965
2026-08-22T10:30:32.480000+00:00,11348,5,1292,1.888,37.057
2026-08-22T10:30:32.664000+00:00,11348,77,1292,9.415,69.786
2026-08-22T10:30:32.664000+00:00,11348,31,1292,5.383,50.442
2026-08-22T10:30:33.179000+00:00,11348,55,1292,32.316,+1 LAP
2026-08-22T10:30:33.201000+00:00,11348,10,1292,24.028,35.201
2026-08-22T10:30:33.301000+00:00,11348,22,1292,1.196,45.047
2026-08-22T10:30:33.351000+00:00,11348,3,1292,0.973,9.938
2026-08-22T10:30:33.379000+00:00,11348,87,1292,0.725,51.167
2026-08-22T10:30:33.775000+00:00,11348,23,1292,8.032,58.938
2026-08-22T10:30:33.879000+00:00,11348,41,1292,1.427,38.484
2026-08-22T10:30:34.079000+00:00,11348,43,1292,3.96,43.814
2026-08-22T10:30:34.375000+00:00,11348,18,1292,0.606,59.544
2026-08-22T10:30:34.386000+00:00,11348,1,1292,2.182,
2026-08-22T10:30:34.735000+00:00,11348,44,1292,1.389,11.327
2026-08-22T10:30:34.903000+00:00,11348,31,1292,5.407,50.461
2026-08-22T10:30:35.036000+00:00,11348,5,1292,1.851,37.052
2026-08-22T10:30:35.122000+00:00,11348,12,1292,0.756,4.311
2026-08-22T10:30:35.237000+00:00,11348,22,1292,1.168,44.982
2026-08-22T10:30:35.335000+00:00,11348,16,1292,1.506,1.506
2026-08-22T10:30:35.401000+00:00,11348,30,1292,1.516,40.0
2026-08-22T10:30:35.601000+00:00,11348,77,1292,9.486,69.903
2026-08-22T10:30:35.601000+00:00,11348,87,1292,0.698,51.159
2026-08-22T10:30:35.730000+00:00,11348,14,1292,1.347,60.891
2026-08-22T10:30:35.922000+00:00,11348,31,1292,5.417,50.469
2026-08-22T10:30:36.252000+00:00,11348,10,1292,24.115,35.319
2026-08-22T10:30:36.305000+00:00,11348,55,1292,32.209,+1 LAP
2026-08-22T10:30:36.479000+00:00,11348,41,1292,1.433,38.485
2026-08-22T10:30:36.552000+00:00,11348,31,1292,5.426,50.478
2026-08-22T10:30:36.623000+00:00,11348,87,1292,0.666,51.135
2026-08-22T10:30:37.022000+00:00,11348,81,1292,4.698,9.054
2026-08-22T10:30:37.179000+00:00,11348,87,1292,0.638,51.116
2026-08-22T10:30:37.467000+00:00,11348,55,1292,32.146,+1 LAP
2026-08-22T10:30:37.479000+00:00,11348,1,1292,2.116,3.622
2026-08-22T10:30:37.950000+00:00,11348,3,1292,0.942,9.996
2026-08-22T10:30:38.002000+00:00,11348,30,1292,1.52,40.005
2026-08-22T10:30:38.079000+00:00,11348,5,1292,1.85,37.169
2026-08-22T10:30:38.196000+00:00,11348,23,1292,8.141,59.274
2026-08-22T10:30:38.274000+00:00,11348,12,1292,0.797,4.419
2026-08-22T10:30:38.711000+00:00,11348,18,1292,0.493,59.767
2026-08-22T10:30:38.821000+00:00,11348,31,1292,5.518,50.565
2026-08-22T10:30:39.352000+00:00,11348,43,1292,3.927,43.927
2026-08-22T10:30:39.368000+00:00,11348,44,1292,1.395,11.391
2026-08-22T10:30:39.383000+00:00,11348,87,1292,0.557,51.122
2026-08-22T10:30:39.586000+00:00,11348,41,1292,1.483,38.652
2026-08-22T10:30:39.883000+00:00,11348,81,1292,4.748,9.059
2026-08-22T10:30:40.102000+00:00,11348,14,1292,1.383,61.15
2026-08-22T10:30:40.461000+00:00,11348,10,1292,24.22,35.543
2026-08-22T10:30:40.503000+00:00,11348,22,1292,1.165,45.092
2026-08-22T10:30:40.551000+00:00,11348,16,1292,1.469,1.469
2026-08-22T10:30:40.773000+00:00,11348,3,1292,0.88,9.939
2026-08-22T10:30:40.946000+00:00,11348,31,1292,5.691,50.673
2026-08-22T10:30:40.980000+00:00,11348,77,1292,9.418,70.118
2026-08-22T10:30:41.061000+00:00,11348,30,1292,1.496,40.148
2026-08-22T10:30:41.146000+00:00,11348,55,1292,32.243,+1 LAP
2026-08-22T10:30:41.506000+00:00,11348,87,1292,0.59,51.263
2026-08-22T10:30:41.522000+00:00,11348,23,1292,8.146,59.313
2026-08-22T10:30:41.980000+00:00,11348,43,1292,3.968,43.973
2026-08-22T10:30:42.036000+00:00,11348,18,1292,0.506,59.819
2026-08-22T10:30:42.301000+00:00,11348,44,1292,1.537,11.476
2026-08-22T10:30:42.335000+00:00,11348,5,1292,1.87,37.413
2026-08-22T10:30:42.635000+00:00,11348,1,1292,2.102,3.571
2026-08-22T10:30:43.036000+00:00,11348,81,1292,4.754,9.173
2026-08-22T10:30:43.087000+00:00,11348,22,1292,1.116,45.089
2026-08-22T10:30:43.381000+00:00,11348,16,1292,1.458,1.458
2026-08-22T10:30:43.396000+00:00,11348,14,1292,,61.202
2026-08-22T10:30:43.427000+00:00,11348,12,1292,0.778,4.349
2026-08-22T10:30:43.755000+00:00,11348,23,1292,8.158,59.317
2026-08-22T10:30:43.802000+00:00,11348,41,1292,1.464,38.877
2026-08-22T10:30:43.958000+00:00,11348,3,1292,0.945,10.118
2026-08-22T10:30:43.989000+00:00,11348,10,1292,24.207,35.557
2026-08-22T10:30:44.239000+00:00,11348,18,1292,0.5,59.817
2026-08-22T10:30:44.771000+00:00,11348,23,1292,8.184,59.319
2026-08-22T10:30:44.989000+00:00,11348,43,1292,3.927,44.075
2026-08-22T10:30:45.068000+00:00,11348,77,1292,9.324,70.215
2026-08-22T10:30:45.239000+00:00,11348,18,1292,0.477,59.796
2026-08-22T10:30:45.318000+00:00,11348,55,1292,32.313,+1 LAP
2026-08-22T10:30:45.349000+00:00,11348,44,1292,1.376,11.494
2026-08-22T10:30:45.380000+00:00,11348,30,1292,1.592,40.469
2026-08-22T10:30:45.396000+00:00,11348,23,1292,8.206,59.322
2026-08-22T10:30:45.443000+00:00,11348,1,1292,2.077,3.535
2026-08-22T10:30:45.693000+00:00,11348,14,1292,1.411,61.228
2026-08-22T10:30:45.849000+00:00,11348,18,1292,0.458,59.78
2026-08-22T10:30:45.896000+00:00,11348,5,1292,1.91,37.467
2026-08-22T10:30:46.130000+00:00,11348,22,1292,1.145,45.22
2026-08-22T10:30:46.208000+00:00,11348,31,1292,5.708,50.8
2026-08-22T10:30:46.239000+00:00,11348,12,1292,0.793,4.328
2026-08-22T10:30:46.708000+00:00,11348,14,1292,1.452,61.248
2026-08-22T10:30:46.771000+00:00,11348,87,1292,0.543,51.343
2026-08-22T10:30:47.161000+00:00,11348,10,1292,24.225,35.594
2026-08-22T10:30:47.364000+00:00,11348,41,1292,1.445,38.912
2026-08-22T10:30:47.364000+00:00,11348,14,1292,1.489,61.269
2026-08-22T10:30:47.646000+00:00,11348,23,1292,8.263,59.385
2026-08-22T10:30:48.036000+00:00,11348,18,1292,0.386,59.771
2026-08-22T10:30:48.177000+00:00,11348,81,1292,4.736,9.085
2026-08-22T10:30:48.364000+00:00,11348,10,1292,24.253,35.614
2026-08-22T10:30:48.521000+00:00,11348,16,1292,1.475,1.475
2026-08-22T10:30:48.802000+00:00,11348,31,1292,5.719,50.808
2026-08-22T10:30:48.818000+00:00,11348,55,1292,32.251,+1 LAP
2026-08-22T10:30:48.974000+00:00,11348,30,1292,1.597,40.509
2026-08-22T10:30:49.099000+00:00,11348,5,1292,1.932,37.526
2026-08-22T10:30:49.099000+00:00,11348,3,1292,0.943,10.028
2026-08-22T10:30:49.271000+00:00,11348,43,1292,3.899,44.368
2026-08-22T10:30:49.396000+00:00,11348,87,1292,0.591,51.399
2026-08-22T10:30:49.411000+00:00,11348,77,1292,9.331,70.481
2026-08-22T10:30:49.671000+00:00,11348,14,1292,1.62,61.391
2026-08-22T10:30:49.702000+00:00,11348,23,1292,8.179,59.442
2026-08-22T10:30:50.155000+00:00,11348,18,1292,0.438,59.88
2026-08-22T10:30:50.343000+00:00,11348,5,1292,1.939,37.553
2026-08-22T10:30:50.436000+00:00,11348,22,1292,1.125,45.493
2026-08-22T10:30:50.468000+00:00,11348,41,1292,1.374,38.9
2026-08-22T10:30:50.624000+00:00,11348,44,1292,1.521,11.549
2026-08-22T10:30:50.718000+00:00,11348,1,1292,2.208,3.683
2026-08-22T10:30:50.999000+00:00,11348,81,1292,4.758,9.086
2026-08-22T10:30:51.437000+00:00,11348,12,1292,0.723,4.406
2026-08-22T10:30:51.608000+00:00,11348,41,1292,1.327,38.88
2026-08-22T10:30:51.686000+00:00,11348,14,1292,1.536,61.416
2026-08-22T10:30:51.749000+00:00,11348,31,1292,5.621,50.841
2026-08-22T10:30:51.813000+00:00,11348,3,1292,0.829,9.915
2026-08-22T10:30:51.858000+00:00,11348,10,1292,24.429,35.644
2026-08-22T10:30:52.077000+00:00,11348,30,1292,1.613,40.513
2026-08-22T10:30:52.499000+00:00,11348,87,1292,0.731,51.572
2026-08-22T10:30:52.515000+00:00,11348,16,1292,1.449,1.449
2026-08-22T10:30:52.749000+00:00,11348,77,1292,9.345,70.547
2026-08-22T10:30:52.843000+00:00,11348,43,1292,3.9,44.409
2026-08-22T10:30:53.499000+00:00,11348,30,1292,1.622,40.502
2026-08-22T10:30:53.531000+00:00,11348,44,1292,1.698,11.613
2026-08-22T10:30:53.608000+00:00,11348,55,1292,32.424,+1 LAP
2026-08-22T10:30:53.702000+00:00,11348,5,1292,1.859,37.503
2026-08-22T10:30:53.968000+00:00,11348,22,1292,1.12,45.529
2026-08-22T10:30:54.671000+00:00,11348,1,1292,2.145,3.594
2026-08-22T10:30:55.046000+00:00,11348,77,1292,9.356,70.584
2026-08-22T10:30:55.077000+00:00,11348,23,1292,8.33,59.673
2026-08-22T10:30:55.124000+00:00,11348,41,1292,1.42,38.923
2026-08-22T10:30:55.358000+00:00,11348,18,1292,0.284,59.957
2026-08-22T10:30:55.421000+00:00,11348,12,1292,0.778,4.372
2026-08-22T10:30:55.827000+00:00,11348,10,1292,24.529,35.664
2026-08-22T10:30:55.983000+00:00,11348,43,1292,3.916,44.429
2026-08-22T10:30:56.046000+00:00,11348,77,1292,9.353,70.601
2026-08-22T10:30:56.061000+00:00,11348,31,1292,5.667,51.16
2026-08-22T10:30:56.327000+00:00,11348,81,1292,4.874,9.28
2026-08-22T10:30:56.640000+00:00,11348,16,1292,1.469,1.469
2026-08-22T10:30:56.671000+00:00,11348,30,1292,1.527,40.45
2026-08-22T10:30:56.686000+00:00,11348,55,1292,32.474,+1 LAP
2026-08-22T10:30:56.733000+00:00,11348,77,1292,9.344,70.613
2026-08-22T10:30:56.749000+00:00,11348,87,1292,0.66,51.82
2026-08-22T10:30:56.921000+00:00,11348,14,1292,1.554,61.511
2026-08-22T10:30:57.077000+00:00,11348,22,1292,1.091,45.52
2026-08-22T10:30:57.108000+00:00,11348,3,1292,0.776,10.056
2026-08-22T10:30:57.171000+00:00,11348,43,1292,3.934,44.436
2026-08-22T10:30:57.702000+00:00,11348,5,1292,1.872,37.536
2026-08-22T10:30:57.796000+00:00,11348,23,1292,8.372,59.771
2026-08-22T10:30:58.108000+00:00,11348,18,1292,0.324,60.095
2026-08-22T10:30:58.249000+00:00,11348,22,1292,1.072,45.508
2026-08-22T10:30:58.702000+00:00,11348,44,1292,1.608,11.664
2026-08-22T10:30:58.858000+00:00,11348,1,1292,2.178,3.647
2026-08-22T10:30:58.921000+00:00,11348,77,1292,9.271,70.662
2026-08-22T10:30:59.171000+00:00,11348,10,1292,24.406,35.733
2026-08-22T10:30:59.186000+00:00,11348,41,1292,1.491,39.027
2026-08-22T10:30:59.499000+00:00,11348,14,1292,1.416,
2026-08-22T10:30:59.671000+00:00,11348,12,1292,0.817,4.464
2026-08-22T10:30:59.702000+00:00,11348,31,1292,5.724,51.253
2026-08-22T10:30:59.874000+00:00,11348,55,1292,32.509,+1 LAP
2026-08-22T10:30:59.921000+00:00,11348,16,1292,1.457,1.457
2026-08-22T10:31:00.280000+00:00,11348,81,1292,4.842,9.214
2026-08-22T10:31:00.358000+00:00,11348,87,1292,0.654,51.907
2026-08-22T10:31:00.624000+00:00,11348,43,1292,3.964,44.414
2026-08-22T10:31:00.671000+00:00,11348,30,1292,1.454,40.481
2026-08-22T10:31:00.905000+00:00,11348,23,1292,8.427,59.999
2026-08-22T10:31:01.030000+00:00,11348,77,1292,9.339,70.755
2026-08-22T10:31:01.077000+00:00,11348,5,1292,1.919,37.652
2026-08-22T10:31:01.093000+00:00,11348,3,1292,0.815,10.029
2026-08-22T10:31:01.296000+00:00,11348,18,1292,0.384,60.383
2026-08-22T10:31:01.733000+00:00,11348,22,1292,1.132,45.546
2026-08-22T10:31:02.124000+00:00,11348,1,1292,2.197,3.654
2026-08-22T10:31:02.171000+00:00,11348,16,1292,1.452,1.452
2026-08-22T10:31:02.327000+00:00,11348,63,1292,0.0,0.0
2026-08-22T10:31:02.483000+00:00,11348,14,1292,1.19,61.573
2026-08-22T10:31:02.499000+00:00,11348,41,1292,1.428,39.08
2026-08-22T10:31:02.733000+00:00,11348,44,1292,1.636,11.665
2026-08-22T10:31:02.843000+00:00,11348,31,1292,5.779,51.299
2026-08-22T10:31:02.921000+00:00,11348,12,1292,0.809,4.463
2026-08-22T10:31:03.156000+00:00,11348,16,1292,1.448,1.448
2026-08-22T10:31:03.479000+00:00,11348,87,1292,0.628,51.927
2026-08-22T10:31:03.787000+00:00,11348,16,1292,1.452,1.452
2026-08-22T10:31:03.801000+00:00,11348,10,1292,24.429,35.82
2026-08-22T10:31:03.935000+00:00,11348,30,1292,1.419,40.499
2026-08-22T10:31:04.056000+00:00,11348,31,1292,5.801,51.309
2026-08-22T10:31:04.369000+00:00,11348,1,1292,2.204,3.656
2026-08-22T10:31:04.552000+00:00,11348,81,1292,4.87,9.334
2026-08-22T10:31:04.637000+00:00,11348,87,1292,0.607,51.916
2026-08-22T10:31:04.702000+00:00,11348,43,1292,4.072,44.553
2026-08-22T10:31:05.133000+00:00,11348,12,1292,0.776,4.432
2026-08-22T10:31:05.193000+00:00,11348,55,1292,32.529,+1 LAP
2026-08-22T10:31:05.257000+00:00,11348,23,1292,8.512,60.332
2026-08-22T10:31:05.358000+00:00,11348,3,1292,0.84,10.174
2026-08-22T10:31:05.379000+00:00,11348,1,1292,2.207,3.655
2026-08-22T10:31:05.653000+00:00,11348,18,1292,0.378,60.71
2026-08-22T10:31:05.761000+00:00,11348,5,1292,1.959,37.779
2026-08-22T10:31:05.837000+00:00,11348,22,1292,1.117,45.67
2026-08-22T10:31:05.981000+00:00,11348,1,1292,2.204,3.656
2026-08-22T10:31:06.033000+00:00,11348,16,1292,1.502,1.502
2026-08-22T10:31:06.122000+00:00,11348,12,1292,0.75,4.405
2026-08-22T10:31:06.236000+00:00,11348,77,1292,9.308,70.819
2026-08-22T10:31:06.721000+00:00,11348,10,1292,24.405,35.881
2026-08-22T10:31:06.751000+00:00,11348,12,1292,0.734,4.39
2026-08-22T10:31:06.768000+00:00,11348,14,1292,1.11,61.82
2026-08-22T10:31:06.922000+00:00,11348,44,1292,1.521,11.695
2026-08-22T10:31:07.201000+00:00,11348,41,1292,1.439,39.218
2026-08-22T10:31:07.536000+00:00,11348,31,1292,5.799,51.345
2026-08-22T10:31:07.828000+00:00,11348,81,1292,4.898,9.361
2026-08-22T10:31:08.037000+00:00,11348,16,1292,1.511,1.511
2026-08-22T10:31:08.101000+00:00,11348,55,1292,32.45,+1 LAP
2026-08-22T10:31:08.151000+00:00,11348,43,1292,4.228,44.727
2026-08-22T10:31:08.179000+00:00,11348,87,1292,0.619,51.964
2026-08-22T10:31:08.201000+00:00,11348,1,1292,2.158,3.66
2026-08-22T10:31:08.664000+00:00,11348,3,1292,0.823,10.184
2026-08-22T10:31:08.715000+00:00,11348,30,1292,1.482,40.7
2026-08-22T10:31:08.811000+00:00,11348,5,1292,2.045,37.926
2026-08-22T10:31:08.852000+00:00,11348,23,1292,8.468,60.375
2026-08-22T10:31:08.884000+00:00,11348,12,1292,0.71,4.37
2026-08-22T10:31:08.901000+00:00,11348,77,1292,9.387,70.898
2026-08-22T10:31:09.205000+00:00,11348,22,1292,1.042,45.769
2026-08-22T10:31:09.243000+00:00,11348,18,1292,0.401,60.776
2026-08-22T10:31:09.779000+00:00,11348,10,1292,24.438,35.932
2026-08-22T10:31:10.067000+00:00,11348,81,1292,4.938,9.37
2026-08-22T10:31:10.136000+00:00,11348,41,1292,1.369,39.295
2026-08-22T10:31:10.153000+00:00,11348,1,1292,2.142,3.653
2026-08-22T10:31:10.168000+00:00,11348,44,1292,1.515,11.699
2026-08-22T10:31:10.333000+00:00,11348,14,1292,1.114,61.89
2026-08-22T10:31:10.863000+00:00,11348,12,1292,0.726,4.379
2026-08-22T10:31:10.876000+00:00,11348,3,1292,0.809,10.179
2026-08-22T10:31:11.069000+00:00,11348,81,1292,4.97,9.375
2026-08-22T10:31:11.553000+00:00,11348,30,1292,1.459,40.754
2026-08-22T10:31:11.698000+00:00,11348,31,1292,5.857,51.527
2026-08-22T10:31:11.786000+00:00,11348,81,1292,4.997,9.387
2026-08-22T10:31:11.936000+00:00,11348,5,1292,2.116,38.048
2026-08-22T10:31:11.936000+00:00,11348,3,1292,0.806,10.181
2026-08-22T10:31:11.953000+00:00,11348,23,1292,8.46,60.387
2026-08-22T10:31:12.122000+00:00,11348,77,1292,9.608,71.181
2026-08-22T10:31:12.301000+00:00,11348,87,1292,0.542,52.069
2026-08-22T10:31:12.420000+00:00,11348,18,1292,0.461,60.848
2026-08-22T10:31:12.420000+00:00,11348,44,1292,1.52,
2026-08-22T10:31:12.522000+00:00,11348,3,1292,,10.193
2026-08-22T10:31:12.922000+00:00,11348,43,1292,4.268,44.968
2026-08-22T10:31:13.076000+00:00,11348,16,1292,1.443,1.443
2026-08-22T10:31:13.136000+00:00,11348,23,1292,8.474,60.39
2026-08-22T10:31:13.314000+00:00,11348,41,1292,1.365,39.413
2026-08-22T10:31:13.322000+00:00,11348,55,1292,32.335,+1 LAP
2026-08-22T10:31:13.401000+00:00,11348,27,1292,,29.63
2026-08-22T10:31:13.437000+00:00,11348,44,1292,1.515,11.696
2026-08-22T10:31:13.523000+00:00,11348,14,1292,1.115,61.963
2026-08-22T10:31:13.601000+00:00,11348,18,1292,0.496,60.886
2026-08-22T10:31:13.969000+00:00,11348,22,1292,1.047,46.015
2026-08-22T10:31:13.981000+00:00,11348,81,1292,5.101,9.471
2026-08-22T10:31:14.040000+00:00,11348,44,1292,1.504,11.697
2026-08-22T10:31:14.646000+00:00,11348,30,1292,1.378,40.791
2026-08-22T10:31:14.737000+00:00,11348,14,1292,1.104,61.99
2026-08-22T10:31:14.792000+00:00,11348,3,1292,0.789,10.26
2026-08-22T10:31:14.996000+00:00,11348,10,1292,24.355,35.904
2026-08-22T10:31:15.152000+00:00,11348,31,1292,5.956,51.725
2026-08-22T10:31:15.326000+00:00,11348,1,1292,2.222,3.665
2026-08-22T10:31:15.658000+00:00,11348,16,1292,1.421,1.421
2026-08-22T10:31:15.732000+00:00,11348,87,1292,0.55,52.275
2026-08-22T10:31:15.918000+00:00,11348,43,1292,4.318,45.072
2026-08-22T10:31:15.936000+00:00,11348,81,1292,5.073,9.452
2026-08-22T10:31:15.951000+00:00,11348,12,1292,0.653,4.318
2026-08-22T10:31:16.253000+00:00,11348,44,1292,1.473,11.733
2026-08-22T10:31:16.479000+00:00,11348,77,1292,9.738,71.55799999999999
2026-08-22T10:31:16.665000+00:00,11348,23,1292,8.495,60.459
2026-08-22T10:31:16.771000+00:00,11348,3,1292,0.843,10.295
2026-08-22T10:31:16.869000+00:00,11348,22,1292,0.977,46.049
2026-08-22T10:31:17.135000+00:00,11348,5,1292,2.132,38.036
2026-08-22T10:31:17.180000+00:00,11348,18,1292,0.516,60.975
2026-08-22T10:31:17.402000+00:00,11348,55,1292,32.369,+1 LAP
2026-08-22T10:31:17.856000+00:00,11348,10,1292,24.346,35.959
2026-08-22T10:31:17.872000+00:00,11348,1,1292,2.225,3.646
2026-08-22T10:31:18.209000+00:00,11348,14,1292,1.043,62.018
2026-08-22T10:31:18.334000+00:00,11348,44,1292,1.543,11.838
2026-08-22T10:31:18.474000+00:00,11348,41,1292,1.353,39.389
2026-08-22T10:31:18.505000+00:00,11348,12,1292,0.63,4.276
2026-08-22T10:31:18.584000+00:00,11348,16,1292,1.345,1.345
2026-08-22T10:31:19.131000+00:00,11348,43,1292,4.496,45.287
2026-08-22T10:31:19.787000+00:00,11348,30,1292,1.324,40.713
2026-08-22T10:31:19.959000+00:00,11348,5,1292,2.094,38.053
2026-08-22T10:31:19.990000+00:00,11348,31,1292,5.994,52.009
2026-08-22T10:31:20.084000+00:00,11348,22,1292,0.923,46.21
2026-08-22T10:31:20.084000+00:00,11348,77,1292,9.767,71.657
2026-08-22T10:31:20.552000+00:00,11348,87,1292,0.605,52.614
2026-08-22T10:31:20.756000+00:00,11348,23,1292,8.542,60.611
2026-08-22T10:31:20.818000+00:00,11348,1,1292,2.249,3.594
2026-08-22T10:31:21.131000+00:00,11348,81,1292,5.185,9.503
2026-08-22T10:31:21.302000+00:00,11348,18,1292,0.535,61.146
2026-08-22T10:31:21.396000+00:00,11348,41,1292,1.418,39.471
2026-08-22T10:31:21.427000+00:00,11348,12,1292,0.611,4.205
2026-08-22T10:31:21.849000+00:00,11348,55,1292,32.427,+1 LAP
2026-08-22T10:31:21.865000+00:00,11348,3,1292,0.736,10.239
2026-08-22T10:31:22.224000+00:00,11348,14,1292,0.924,62.07
2026-08-22T10:31:22.615000+00:00,11348,30,1292,1.252,40.723
2026-08-22T10:31:22.662000+00:00,11348,16,1292,1.337,1.337
2026-08-22T10:31:22.974000+00:00,11348,31,1292,6.123,52.172
2026-08-22T10:31:23.068000+00:00,11348,10,1292,24.358,36.022
2026-08-22T10:31:23.396000+00:00,11348,77,1292,9.804,71.767
2026-08-22T10:31:23.443000+00:00,11348,44,1292,1.536,11.775
2026-08-22T10:31:23.584000+00:00,11348,27,1292,+13 LAPS,+17 LAPS
2026-08-22T10:31:23.631000+00:00,11348,87,1292,0.624,52.796
2026-08-22T10:31:23.709000+00:00,11348,81,1292,5.217,9.493
2026-08-22T10:31:24.224000+00:00,11348,23,1292,8.523,60.798
2026-08-22T10:31:24.349000+00:00,11348,43,1292,4.554,45.267
2026-08-22T10:31:24.427000+00:00,11348,3,1292,0.704,10.197
2026-08-22T10:31:24.552000+00:00,11348,77,1292,9.826,71.816
2026-08-22T10:31:24.756000+00:00,11348,18,1292,0.543,61.341
2026-08-22T10:31:24.865000+00:00,11348,1,1292,2.215,3.552
2026-08-22T10:31:25.177000+00:00,11348,55,1292,32.429,+1 LAP
2026-08-22T10:31:25.209000+00:00,11348,5,1292,2.128,38.15
2026-08-22T10:31:25.349000+00:00,11348,22,1292,0.989,46.256
2026-08-22T10:31:25.552000+00:00,11348,12,1292,0.669,4.221
2026-08-22T10:31:25.592000+00:00,11348,14,1292,0.814,62.155
2026-08-22T10:31:25.980000+00:00,11348,44,1292,1.573,11.77
2026-08-22T10:31:26.134000+00:00,11348,31,1292,6.071,52.281
2026-08-22T10:31:26.182000+00:00,11348,16,1292,1.344,1.344
2026-08-22T10:31:26.813000+00:00,11348,81,1292,5.233,9.438
2026-08-22T10:31:26.827000+00:00,11348,41,1292,1.481,39.631
2026-08-22T10:31:26.843000+00:00,11348,87,1292,0.691,52.972
2026-08-22T10:31:27.155000+00:00,11348,10,1292,24.402,36.067
2026-08-22T10:31:27.171000+00:00,11348,43,1292,4.511,45.234
2026-08-22T10:31:27.390000+00:00,11348,3,1292,,10.142
2026-08-22T10:31:27.437000+00:00,11348,55,1292,32.412,+1 LAP
2026-08-22T10:31:27.968000+00:00,11348,30,1292,1.283,40.914
2026-08-22T10:31:28.171000+00:00,11348,77,1292,9.944,71.962
2026-08-22T10:31:28.265000+00:00,11348,22,1292,1.125,46.359
2026-08-22T10:31:28.374000+00:00,11348,1,1292,2.186,3.53
2026-08-22T10:31:28.468000+00:00,11348,55,1292,32.402,+1 LAP
2026-08-22T10:31:28.983000+00:00,11348,44,1292,1.611,11.753
2026-08-22T10:31:29.077000+00:00,11348,12,1292,0.688,4.218
2026-08-22T10:31:29.093000+00:00,11348,55,1292,32.395,+1 LAP
2026-08-22T10:31:29.108000+00:00,11348,23,1292,8.497,61.111
2026-08-22T10:31:29.233000+00:00,11348,5,1292,2.1,38.167
2026-08-22T10:31:29.312000+00:00,11348,16,1292,1.337,1.337
2026-08-22T10:31:29.468000+00:00,11348,18,1292,0.407,61.518
2026-08-22T10:31:30.312000+00:00,11348,14,1292,0.835,62.353
2026-08-22T10:31:30.468000+00:00,11348,16,1292,1.32,1.32
2026-08-22T10:31:30.655000+00:00,11348,41,1292,1.425,39.592
2026-08-22T10:31:30.780000+00:00,11348,81,1292,5.219,9.44
2026-08-22T10:31:31.327000+00:00,11348,55,1292,32.406,+1 LAP
2026-08-22T10:31:31.390000+00:00,11348,31,1292,6.042,52.298
2026-08-22T10:31:31.421000+00:00,11348,10,1292,24.511,36.206
2026-08-22T10:31:31.546000+00:00,11348,1,1292,2.239,3.576
2026-08-22T10:31:31.562000+00:00,11348,3,1292,0.786,10.226
2026-08-22T10:31:31.983000+00:00,11348,30,1292,1.328,40.92
2026-08-22T10:31:32.077000+00:00,11348,87,1292,0.652,52.95
2026-08-22T10:31:32.093000+00:00,11348,23,1292,8.465,61.261
2026-08-22T10:31:32.140000+00:00,11348,12,1292,0.59,4.166
2026-08-22T10:31:32.280000+00:00,11348,77,1292,10.063,72.133
2026-08-22T10:31:32.405000+00:00,11348,18,1292,0.324,61.585
2026-08-22T10:31:32.515000+00:00,11348,43,1292,4.551,45.465
2026-08-22T10:31:32.734000+00:00,11348,1,1292,2.279,3.599
2026-08-22T10:31:33.141000+00:00,11348,44,1292,1.587,11.813
2026-08-22T10:31:33.218000+00:00,11348,14,1292,0.817,62.402
2026-08-22T10:31:33.296000+00:00,11348,12,1292,0.526,4.125
2026-08-22T10:31:33.437000+00:00,11348,55,1292,32.419,+1 LAP
2026-08-22T10:31:33.562000+00:00,11348,22,1292,1.045,46.51
2026-08-22T10:31:33.577000+00:00,11348,5,1292,2.171,38.377
2026-08-22T10:31:33.780000+00:00,11348,16,1292,1.166,1.166
2026-08-22T10:31:34.296000+00:00,11348,81,1292,5.225,9.443
2026-08-22T10:31:34.304000+00:00,11348,31,1292,6.033,52.392
2026-08-22T10:31:34.690000+00:00,11348,10,1292,24.534,36.233
2026-08-22T10:31:34.968000+00:00,11348,41,1292,1.377,39.754
2026-08-22T10:31:35.015000+00:00,11348,87,1292,0.702,53.094
2026-08-22T10:31:35.062000+00:00,11348,3,1292,0.751,10.194
2026-08-22T10:31:35.265000+00:00,11348,23,1292,8.456,61.428
2026-08-22T10:31:35.765000+00:00,11348,77,1292,10.178,72.333
2026-08-22T10:31:35.812000+00:00,11348,18,1292,0.529,61.957
2026-08-22T10:31:36.077000+00:00,11348,1,1292,2.299,3.465
2026-08-22T10:31:36.296000+00:00,11348,30,1292,1.34,41.094
2026-08-22T10:31:36.390000+00:00,11348,14,1292,0.58,62.537
2026-08-22T10:31:36.593000+00:00,11348,43,1292,4.592,45.512
2026-08-22T10:31:36.718000+00:00,11348,44,1292,1.661,11.855
2026-08-22T10:31:36.734000+00:00,11348,12,1292,0.644,4.109
2026-08-22T10:31:36.937000+00:00,11348,5,1292,2.206,38.439
2026-08-22T10:31:36.952000+00:00,11348,10,1292,24.546,36.245
2026-08-22T10:31:37.422000+00:00,11348,81,1292,5.293,9.459
2026-08-22T10:31:37.591000+00:00,11348,22,1292,1.007,46.519
2026-08-22T10:31:37.736000+00:00,11348,16,1292,1.107,1.107
2026-08-22T10:31:37.950000+00:00,11348,10,1292,24.549,
2026-08-22T10:31:38.136000+00:00,11348,3,1292,0.705,10.164
2026-08-22T10:31:38.235000+00:00,11348,41,1292,1.337,39.776
2026-08-22T10:31:38.616000+00:00,11348,10,1292,24.55,36.247
2026-08-22T10:31:38.651000+00:00,11348,81,1292,5.342,9.467
2026-08-22T10:31:38.730000+00:00,11348,55,1292,32.503,+1 LAP
2026-08-22T10:31:39.152000+00:00,11348,5,1292,2.216,38.461
2026-08-22T10:31:39.279000+00:00,11348,3,1292,0.67,10.137
2026-08-22T10:31:39.596000+00:00,11348,31,1292,6.031,52.541
2026-08-22T10:31:39.601000+00:00,11348,30,1292,1.343,41.119
2026-08-22T10:31:39.824000+00:00,11348,44,1292,1.687,11.851
2026-08-22T10:31:40.057000+00:00,11348,1,1292,2.336,3.443
2026-08-22T10:31:40.189000+00:00,11348,5,1292,2.226,38.471
2026-08-22T10:31:40.293000+00:00,11348,87,1292,0.697,53.238
2026-08-22T10:31:40.437000+00:00,11348,77,1292,10.115,72.468
2026-08-22T10:31:40.473000+00:00,11348,41,1292,1.313,39.774
2026-08-22T10:31:40.511000+00:00,11348,23,1292,8.48,61.43
2026-08-22T10:31:40.783000+00:00,11348,10,1292,24.519,36.252
2026-08-22T10:31:40.787000+00:00,11348,12,1292,0.7,4.143
2026-08-22T10:31:40.856000+00:00,11348,5,1292,2.239,38.486
2026-08-22T10:31:40.880000+00:00,11348,18,1292,0.346,61.776
2026-08-22T10:31:40.991000+00:00,11348,43,1292,4.682,45.776
2026-08-22T10:31:41.037000+00:00,11348,44,1292,1.69,11.827
2026-08-22T10:31:41.055000+00:00,11348,16,1292,1.138,1.138
2026-08-22T10:31:41.379000+00:00,11348,55,1292,32.509,+1 LAP
2026-08-22T10:31:41.479000+00:00,11348,41,1292,1.299,39.77
2026-08-22T10:31:41.641000+00:00,11348,14,1292,0.786,62.562
2026-08-22T10:31:41.854000+00:00,11348,30,1292,1.354,41.128
2026-08-22T10:31:41.933000+00:00,11348,22,1292,0.936,46.712
2026-08-22T10:31:41.979000+00:00,11348,81,1292,5.234,9.343
2026-08-22T10:31:42.097000+00:00,11348,41,1292,1.29,39.776
2026-08-22T10:31:42.747000+00:00,11348,3,1292,0.77,10.113
2026-08-22T10:31:42.851000+00:00,11348,10,1292,24.532,36.37
2026-08-22T10:31:42.860000+00:00,11348,30,1292,1.363,41.133
2026-08-22T10:31:43.101000+00:00,11348,5,1292,2.332,38.584
2026-08-22T10:31:43.283000+00:00,11348,1,1292,2.306,3.444
2026-08-22T10:31:43.336000+00:00,11348,23,1292,8.345,61.439
2026-08-22T10:31:43.436000+00:00,11348,77,1292,10.189,72.591
2026-08-22T10:31:43.472000+00:00,11348,30,1292,1.372,41.148
2026-08-22T10:31:43.624000+00:00,11348,31,1292,6.014,52.533
2026-08-22T10:31:43.822000+00:00,11348,18,1292,0.47,61.909
2026-08-22T10:31:44.080000+00:00,11348,12,1292,0.803,4.247
2026-08-22T10:31:44.259000+00:00,11348,43,1292,4.681,45.8
2026-08-22T10:31:44.336000+00:00,11348,44,1292,1.599,11.712
2026-08-22T10:31:44.360000+00:00,11348,87,1292,0.746,53.279
2026-08-22T10:31:44.360000+00:00,11348,41,1292,1.252,39.836
2026-08-22T10:31:44.548000+00:00,11348,55,1292,32.469,+1 LAP
2026-08-22T10:31:44.564000+00:00,11348,14,1292,0.74,62.649
2026-08-22T10:31:45.126000+00:00,11348,5,1292,2.276,38.646
2026-08-22T10:31:45.177000+00:00,11348,22,1292,0.928,46.728
2026-08-22T10:31:45.642000+00:00,11348,16,1292,1.199,1.199
2026-08-22T10:31:45.767000+00:00,11348,30,1292,1.391,41.227
2026-08-22T10:31:45.892000+00:00,11348,81,1292,5.157,9.3
2026-08-22T10:31:46.329000+00:00,11348,41,1292,1.213,39.859
2026-08-22T10:31:46.501000+00:00,11348,43,1292,4.665,45.793
2026-08-22T10:31:46.595000+00:00,11348,77,1292,10.164,72.701
2026-08-22T10:31:46.704000+00:00,11348,3,1292,0.794,10.094
2026-08-22T10:31:47.407000+00:00,11348,22,1292,0.921,46.714
2026-08-22T10:31:47.486000+00:00,11348,43,1292,4.653,45.786
2026-08-22T10:31:47.798000+00:00,11348,30,1292,1.46,41.319
2026-08-22T10:31:47.924000+00:00,11348,31,1292,6.017,52.729
2026-08-22T10:31:48.079000+00:00,11348,10,1292,24.643,36.418
2026-08-22T10:31:48.126000+00:00,11348,43,1292,4.635,45.783
2026-08-22T10:31:48.157000+00:00,11348,1,1292,2.491,3.69
2026-08-22T10:31:48.298000+00:00,11348,44,1292,1.587,11.681
2026-08-22T10:31:48.392000+00:00,11348,22,1292,0.917,46.703
2026-08-22T10:31:48.564000+00:00,11348,16,1292,1.236,1.236
2026-08-22T10:31:48.689000+00:00,11348,87,1292,0.66,53.389
2026-08-22T10:31:48.736000+00:00,11348,23,1292,8.416,61.653999999999996
2026-08-22T10:31:48.751000+00:00,11348,12,1292,0.615,4.305
2026-08-22T10:31:49.095000+00:00,11348,22,1292,0.922,46.705
2026-08-22T10:31:49.111000+00:00,11348,55,1292,32.596,+1 LAP
2026-08-22T10:31:49.189000+00:00,11348,81,1292,5.075,9.322
2026-08-22T10:31:49.236000+00:00,11348,18,1292,0.526,62.18
2026-08-22T10:31:49.939000+00:00,11348,14,1292,0.72,62.9
2026-08-22T10:31:50.001000+00:00,11348,3,1292,0.825,10.147
2026-08-22T10:31:50.314000+00:00,11348,43,1292,4.547,45.774
2026-08-22T10:31:50.329000+00:00,11348,5,1292,2.271,38.689
2026-08-22T10:31:50.689000+00:00,11348,10,1292,24.678,36.448
2026-08-22T10:31:51.048000+00:00,11348,1,1292,2.526,3.762
2026-08-22T10:31:51.236000+00:00,11348,31,1292,6.059,52.787
2026-08-22T10:31:51.267000+00:00,11348,22,1292,0.972,46.746
2026-08-22T10:31:51.548000+00:00,11348,44,1292,1.556,11.703
2026-08-22T10:31:51.579000+00:00,11348,41,1292,1.243,39.932
2026-08-22T10:31:51.611000+00:00,11348,12,1292,0.548,4.31
2026-08-22T10:31:51.626000+00:00,11348,16,1292,1.248,1.248
2026-08-22T10:31:51.829000+00:00,11348,77,1292,10.184,72.746
2026-08-22T10:31:51.876000+00:00,11348,87,1292,0.632,53.419
2026-08-22T10:31:52.267000+00:00,11348,43,1292,4.487,45.806
2026-08-22T10:31:52.673000+00:00,11348,55,1292,32.57,+1 LAP
2026-08-22T10:31:52.783000+00:00,11348,23,1292,8.409,61.688
2026-08-22T10:31:52.907000+00:00,11348,5,1292,2.238,38.686
2026-08-22T10:31:53.017000+00:00,11348,30,1292,1.447,41.379
2026-08-22T10:31:53.251000+00:00,11348,18,1292,0.493,62.181
2026-08-22T10:31:53.329000+00:00,11348,22,1292,1.007,46.813
2026-08-22T10:31:53.501000+00:00,11348,31,1292,6.092,52.806
2026-08-22T10:31:53.720000+00:00,11348,10,1292,24.733,36.486
2026-08-22T10:31:53.861000+00:00,11348,81,1292,5.108,9.413
2026-08-22T10:31:54.032000+00:00,11348,14,1292,0.798,62.979
2026-08-22T10:31:54.236000+00:00,11348,87,1292,0.615,53.421
2026-08-22T10:31:54.252000+00:00,11348,41,1292,1.24,39.926
2026-08-22T10:31:54.361000+00:00,11348,1,1292,2.752,4.0
2026-08-22T10:31:54.517000+00:00,11348,31,1292,6.113,52.816
2026-08-22T10:31:54.642000+00:00,11348,3,1292,0.72,10.133
2026-08-22T10:31:54.767000+00:00,11348,12,1292,0.41,4.41
2026-08-22T10:31:54.970000+00:00,11348,77,1292,10.217,72.866
2026-08-22T10:31:55.111000+00:00,11348,87,1292,0.584,53.4
2026-08-22T10:31:55.314000+00:00,11348,31,1292,6.126,52.831
2026-08-22T10:31:55.560000+00:00,11348,30,1292,1.428,41.354
2026-08-22T10:31:55.750000+00:00,11348,87,1292,0.553,53.384
2026-08-22T10:31:55.802000+00:00,11348,55,1292,32.456,+1 LAP
2026-08-22T10:31:55.946000+00:00,11348,5,1292,2.226,38.712
2026-08-22T10:31:56.155000+00:00,11348,44,1292,1.57,
2026-08-22T10:31:56.706000+00:00,11348,81,1292,5.099,9.409
2026-08-22T10:31:56.825000+00:00,11348,16,1292,1.264,1.264
2026-08-22T10:31:56.936000+00:00,11348,55,1292,32.395,+1 LAP
2026-08-22T10:31:57.175000+00:00,11348,23,1292,8.58,61.969
2026-08-22T10:31:57.236000+00:00,11348,41,1292,1.288,40.0
2026-08-22T10:31:57.381000+00:00,11348,3,1292,0.694,10.103
2026-08-22T10:31:57.453000+00:00,11348,31,1292,6.182,52.928
2026-08-22T10:31:57.602000+00:00,11348,43,1292,4.573,45.952
2026-08-22T10:31:57.652000+00:00,11348,18,1292,0.485,62.454
2026-08-22T10:31:57.925000+00:00,11348,87,1292,0.453,53.381
2026-08-22T10:31:58.025000+00:00,11348,10,1292,24.881,36.694
2026-08-22T10:31:58.352000+00:00,11348,14,1292,0.692,63.146
2026-08-22T10:31:58.452000+00:00,11348,22,1292,0.891,46.843
2026-08-22T10:31:58.561000+00:00,11348,30,1292,1.34,41.34
2026-08-22T10:31:59.102000+00:00,11348,44,1292,1.711,11.814
2026-08-22T10:31:59.705000+00:00,11348,1,1292,2.648,3.912
2026-08-22T10:31:59.835000+00:00,11348,31,1292,6.179,52.992
2026-08-22T10:32:00.006000+00:00,11348,16,1292,1.209,1.209
2026-08-22T10:32:00.054000+00:00,11348,12,1292,0.445,4.357
2026-08-22T10:32:00.152000+00:00,11348,81,1292,5.169,9.579
2026-08-22T10:32:00.188000+00:00,11348,87,1292,0.516,53.508
2026-08-22T10:32:00.198000+00:00,11348,77,1292,10.179,73.07900000000001
2026-08-22T10:32:00.273000+00:00,11348,43,1292,4.66,46.014
2026-08-22T10:32:00.323000+00:00,11348,5,1292,2.227,38.921
2026-08-22T10:32:00.443000+00:00,11348,23,1292,8.574,61.993
2026-08-22T10:32:00.503000+00:00,11348,3,1292,0.559,10.138
2026-08-22T10:32:00.557000+00:00,11348,55,1292,32.394,+1 LAP
2026-08-22T10:32:00.968000+00:00,11348,18,1292,0.516,62.509
2026-08-22T10:32:01.101000+00:00,11348,22,1292,0.862,46.876
2026-08-22T10:32:01.496000+00:00,11348,41,1292,1.251,40.172
2026-08-22T10:32:01.580000+00:00,11348,10,1292,24.863,36.718
2026-08-22T10:32:01.627000+00:00,11348,14,1292,0.66,63.169
2026-08-22T10:32:02.205000+00:00,11348,44,1292,1.728,11.866
2026-08-22T10:32:02.341000+00:00,11348,1,1292,2.788,3.997
2026-08-22T10:32:02.709000+00:00,11348,12,1292,0.37,4.367
2026-08-22T10:32:02.823000+00:00,11348,23,1292,8.579,62.0
2026-08-22T10:32:02.901000+00:00,11348,30,1292,1.401,41.573
2026-08-22T10:32:03.204000+00:00,11348,18,1292,0.511,62.511
2026-08-22T10:32:03.308000+00:00,11348,43,1292,4.728,46.068
2026-08-22T10:32:03.714000+00:00,11348,23,1292,8.604,62.004
2026-08-22T10:32:03.819000+00:00,11348,5,1292,2.253,38.971
2026-08-22T10:32:03.853000+00:00,11348,14,1292,0.653,63.164
2026-08-22T10:32:04.189000+00:00,11348,22,1292,0.869,46.937
2026-08-22T10:32:04.204000+00:00,11348,77,1292,10.149,73.128
2026-08-22T10:32:04.204000+00:00,11348,18,1292,0.492,62.496
2026-08-22T10:32:04.336000+00:00,11348,23,1292,8.63,62.014
2026-08-22T10:32:04.764000+00:00,11348,10,1292,24.903,36.754
2026-08-22T10:32:04.780000+00:00,11348,31,1292,6.267,53.11
2026-08-22T10:32:04.789000+00:00,11348,16,1292,1.267,1.267
2026-08-22T10:32:04.822000+00:00,11348,18,1292,0.473,62.487
2026-08-22T10:32:04.822000+00:00,11348,55,1292,32.512,+1 LAP
2026-08-22T10:32:04.847000+00:00,11348,14,1292,0.649,63.145
2026-08-22T10:32:05.103000+00:00,11348,81,1292,5.179,9.536
2026-08-22T10:32:05.107000+00:00,11348,41,1292,1.243,40.214
2026-08-22T10:32:05.136000+00:00,11348,87,1292,0.369,53.479
2026-08-22T10:32:05.462000+00:00,11348,14,1292,0.647,63.134
2026-08-22T10:32:05.676000+00:00,11348,3,1292,0.61,10.146
2026-08-22T10:32:05.935000+00:00,11348,10,1292,24.943,36.77
2026-08-22T10:32:06.468000+00:00,11348,30,1292,1.414,41.628
2026-08-22T10:32:06.639000+00:00,11348,23,1292,8.713,62.094
2026-08-22T10:32:07.023000+00:00,11348,5,1292,2.277,39.031
2026-08-22T10:32:07.023000+00:00,11348,18,1292,0.373,62.467
2026-08-22T10:32:07.476000+00:00,11348,31,1292,6.264,53.14
2026-08-22T10:32:07.539000+00:00,11348,44,1292,1.766,11.912
2026-08-22T10:32:07.742000+00:00,11348,14,1292,0.648,63.115
2026-08-22T10:32:07.742000+00:00,11348,1,1292,2.852,4.119
2026-08-22T10:32:07.929000+00:00,11348,87,1292,0.425,53.565
2026-08-22T10:32:08.070000+00:00,11348,81,1292,5.203,9.57
2026-08-22T10:32:08.164000+00:00,11348,43,1292,5.044,46.617
2026-08-22T10:32:08.289000+00:00,11348,12,1292,0.423,4.542
2026-08-22T10:32:08.440000+00:00,11348,41,1292,1.162,40.193
2026-08-22T10:32:08.536000+00:00,11348,5,1292,2.287,39.057
2026-08-22T10:32:08.547000+00:00,11348,55,1292,32.486,+1 LAP
2026-08-22T10:32:08.695000+00:00,11348,3,1292,0.538,10.108
2026-08-22T10:32:08.751000+00:00,11348,22,1292,0.527,47.144
2026-08-22T10:32:08.775000+00:00,11348,77,1292,10.211,73.357
2026-08-22T10:32:08.784000+00:00,11348,23,1292,8.618,62.126
2026-08-22T10:32:08.838000+00:00,11348,16,1292,1.234,1.234
2026-08-22T10:32:09.050000+00:00,11348,18,1292,0.455,62.581
2026-08-22T10:32:09.337000+00:00,11348,41,1292,1.107,40.164
2026-08-22T10:32:09.402000+00:00,11348,10,1292,25.064,36.776
2026-08-22T10:32:09.602000+00:00,11348,30,1292,1.431,41.624
2026-08-22T10:32:09.682000+00:00,11348,14,1292,0.622,63.203
2026-08-22T10:32:10.236000+00:00,11348,44,1292,1.801,11.909
2026-08-22T10:32:10.398000+00:00,11348,31,1292,6.212,53.149
2026-08-22T10:32:10.768000+00:00,11348,30,1292,1.439,41.603
2026-08-22T10:32:10.937000+00:00,11348,87,1292,0.538,53.687
2026-08-22T10:32:11.504000+00:00,11348,43,1292,5.042,46.67
2026-08-22T10:32:11.625000+00:00,11348,1,1292,2.835,4.069
2026-08-22T10:32:11.652000+00:00,11348,5,1292,2.246,39.022
2026-08-22T10:32:11.901000+00:00,11348,77,1292,10.267,73.436
2026-08-22T10:32:12.037000+00:00,11348,22,1292,0.518,47.188
2026-08-22T10:32:12.050000+00:00,11348,12,1292,0.425,4.494
2026-08-22T10:32:12.881000+00:00,11348,16,1292,1.268,1.268
2026-08-22T10:32:12.881000+00:00,11348,41,1292,1.226,40.248
2026-08-22T10:32:13.053000+00:00,11348,55,1292,32.617,+1 LAP
2026-08-22T10:32:13.162000+00:00,11348,81,1292,5.103,9.645
2026-08-22T10:32:13.349000+00:00,11348,10,1292,25.068,36.749
2026-08-22T10:32:13.756000+00:00,11348,3,1292,0.611,10.256
2026-08-22T10:32:13.974000+00:00,11348,23,1292,8.857,62.336
2026-08-22T10:32:14.178000+00:00,11348,77,1292,10.313,73.477
2026-08-22T10:32:14.224000+00:00,11348,30,1292,1.344,41.592
2026-08-22T10:32:14.287000+00:00,11348,18,1292,0.304,62.64
2026-08-22T10:32:14.646000+00:00,11348,43,1292,5.054,46.678
2026-08-22T10:32:14.803000+00:00,11348,31,1292,6.332,53.476
2026-08-22T10:32:14.974000+00:00,11348,14,1292,0.7,63.34
2026-08-22T10:32:15.115000+00:00,11348,22,1292,0.47,47.148
2026-08-22T10:32:15.178000+00:00,11348,87,1292,0.371,53.847
2026-08-22T10:32:15.209000+00:00,11348,77,1292,10.352,73.497
2026-08-22T10:32:15.412000+00:00,11348,44,1292,1.641,11.897
2026-08-22T10:32:15.662000+00:00,11348,5,1292,2.296,39.045
2026-08-22T10:32:15.834000+00:00,11348,1,1292,2.905,4.173
2026-08-22T10:32:15.849000+00:00,11348,77,1292,10.378,73.512
2026-08-22T10:32:15.865000+00:00,11348,43,1292,5.077,46.68
2026-08-22T10:32:16.131000+00:00,11348,55,1292,32.72,+1 LAP
2026-08-22T10:32:16.146000+00:00,11348,16,1292,1.244,1.244
2026-08-22T10:32:16.271000+00:00,11348,22,1292,0.431,47.111
2026-08-22T10:32:16.287000+00:00,11348,12,1292,0.476,4.649
2026-08-22T10:32:16.599000+00:00,11348,23,1292,8.807,62.372
2026-08-22T10:32:16.803000+00:00,11348,10,1292,25.247,36.95
2026-08-22T10:32:16.943000+00:00,11348,41,1292,1.28,40.325
2026-08-22T10:32:16.990000+00:00,11348,18,1292,0.371,62.743
2026-08-22T10:32:17.084000+00:00,11348,81,1292,5.054,9.548
2026-08-22T10:32:17.568000+00:00,11348,14,1292,0.604,63.347
2026-08-22T10:32:17.787000+00:00,11348,3,1292,0.688,10.236
2026-08-22T10:32:18.099000+00:00,11348,77,1292,10.443,73.55799999999999
2026-08-22T10:32:18.224000+00:00,11348,30,1292,1.291,41.616
2026-08-22T10:32:18.381000+00:00,11348,16,1292,1.238,1.238
2026-08-22T10:32:18.428000+00:00,11348,31,1292,6.398,53.586
2026-08-22T10:32:18.740000+00:00,11348,87,1292,0.319,53.905
2026-08-22T10:32:18.881000+00:00,11348,63,1292,0.0,0.0
2026-08-22T10:32:19.021000+00:00,11348,5,1292,2.224,39.174
2026-08-22T10:32:19.099000+00:00,11348,1,1292,2.937,4.181
2026-08-22T10:32:19.240000+00:00,11348,55,1292,32.705,+1 LAP
2026-08-22T10:32:19.303000+00:00,11348,43,1292,5.063,46.655
2026-08-22T10:32:19.381000+00:00,11348,16,1292,1.234,1.234
2026-08-22T10:32:19.443000+00:00,11348,44,1292,1.652,11.888
2026-08-22T10:32:19.537000+00:00,11348,12,1292,0.468,
2026-08-22T10:32:19.693000+00:00,11348,23,1292,8.762,62.449
2026-08-22T10:32:19.849000+00:00,11348,22,1292,0.576,47.231
2026-08-22T10:32:20.084000+00:00,11348,18,1292,0.389,62.838
2026-08-22T10:32:20.178000+00:00,11348,77,1292,10.477,73.68
2026-08-22T10:32:20.287000+00:00,11348,41,1292,1.287,40.461
2026-08-22T10:32:20.646000+00:00,11348,14,1292,0.574,63.412
2026-08-22T10:32:21.334000+00:00,11348,81,1292,5.076,9.725
2026-08-22T10:32:21.349000+00:00,11348,1,1292,2.954,4.192
2026-08-22T10:32:21.490000+00:00,11348,10,1292,25.339,37.042
2026-08-22T10:32:21.537000+00:00,11348,30,1292,1.23,41.691
2026-08-22T10:32:21.599000+00:00,11348,31,1292,6.484,53.632
2026-08-22T10:32:21.756000+00:00,11348,12,1292,0.417,4.609
2026-08-22T10:32:21.912000+00:00,11348,87,1292,0.29,53.922
2026-08-22T10:32:22.021000+00:00,11348,3,1292,0.655,10.38
2026-08-22T10:32:22.224000+00:00,11348,16,1292,1.273,1.273
2026-08-22T10:32:22.349000+00:00,11348,1,1292,2.962,4.196
2026-08-22T10:32:22.709000+00:00,11348,12,1292,0.371,4.567
2026-08-22T10:32:22.787000+00:00,11348,31,1292,6.526,53.637
2026-08-22T10:32:23.006000+00:00,11348,1,1292,2.967,4.201
2026-08-22T10:32:23.068000+00:00,11348,87,1292,0.281,53.918
2026-08-22T10:32:23.318000+00:00,11348,12,1292,0.33,4.531
2026-08-22T10:32:23.412000+00:00,11348,43,1292,5.143,46.759
2026-08-22T10:32:23.664000+00:00,11348,44,1292,1.637,12.017
2026-08-22T10:32:23.740000+00:00,11348,5,1292,2.253,39.295
2026-08-22T10:32:23.959000+00:00,11348,22,1292,0.578,47.337
2026-08-22T10:32:23.990000+00:00,11348,23,1292,8.808,62.655
2026-08-22T10:32:24.271000+00:00,11348,16,1292,1.299,1.299
2026-08-22T10:32:24.428000+00:00,11348,18,1292,0.437,63.092
2026-08-22T10:32:24.443000+00:00,11348,10,1292,25.336,37.15
2026-08-22T10:32:24.584000+00:00,11348,55,1292,32.757,+1 LAP
2026-08-22T10:32:24.662000+00:00,11348,81,1292,5.103,9.752
2026-08-22T10:32:24.912000+00:00,11348,14,1292,0.489,63.581
2026-08-22T10:32:25.053000+00:00,11348,41,1292,1.301,40.596
2026-08-22T10:32:25.209000+00:00,11348,1,1292,2.968,4.241
2026-08-22T10:32:25.271000+00:00,11348,3,1292,0.627,10.379
2026-08-22T10:32:25.334000+00:00,11348,77,1292,10.361,73.701
2026-08-22T10:32:25.381000+00:00,11348,12,1292,0.173,4.414
2026-08-22T10:32:26.271000+00:00,11348,30,1292,1.223,41.819
2026-08-22T10:32:26.318000+00:00,11348,31,1292,6.469,53.7
2026-08-22T10:32:26.787000+00:00,11348,87,1292,0.319,54.019
2026-08-22T10:32:26.881000+00:00,11348,5,1292,2.265,39.415
2026-08-22T10:32:26.959000+00:00,11348,43,1292,5.236,46.927
2026-08-22T10:32:26.959000+00:00,11348,81,1292,5.161,9.77
2026-08-22T10:32:26.974000+00:00,11348,44,1292,1.664,12.043
2026-08-22T10:32:27.256000+00:00,11348,1,1292,2.97,4.269
2026-08-22T10:32:27.412000+00:00,11348,22,1292,0.557,47.484
2026-08-22T10:32:27.506000+00:00,11348,12,1292,0.211,4.48
2026-08-22T10:32:27.521000+00:00,11348,10,1292,25.276,37.142
2026-08-22T10:32:27.537000+00:00,11348,3,1292,0.59,10.36
2026-08-22T10:32:27.537000+00:00,11348,55,1292,32.72,+1 LAP
2026-08-22T10:32:27.553000+00:00,11348,23,1292,8.79,62.695
2026-08-22T10:32:27.912000+00:00,11348,81,1292,5.213,9.78
2026-08-22T10:32:27.943000+00:00,11348,41,1292,1.244,40.659
2026-08-22T10:32:27.990000+00:00,11348,77,1292,10.408,73.755
2026-08-22T10:32:28.006000+00:00,11348,18,1292,0.467,63.162
2026-08-22T10:32:28.475000+00:00,11348,3,1292,0.566,10.346
2026-08-22T10:32:28.490000+00:00,11348,14,1292,0.492,63.653999999999996
2026-08-22T10:32:28.584000+00:00,11348,81,1292,5.262,9.793
2026-08-22T10:32:29.146000+00:00,11348,3,1292,0.548,10.341
2026-08-22T10:32:29.146000+00:00,11348,30,1292,1.193,41.852
2026-08-22T10:32:29.240000+00:00,11348,44,1292,1.701,12.061
2026-08-22T10:32:29.365000+00:00,11348,16,1292,1.222,1.222
2026-08-22T10:32:29.803000+00:00,11348,5,1292,2.31,39.452
2026-08-22T10:32:30.193000+00:00,11348,44,1292,1.719,12.065
2026-08-22T10:32:30.396000+00:00,11348,31,1292,6.461,53.798
2026-08-22T10:32:30.756000+00:00,11348,23,1292,8.788,62.71
2026-08-22T10:32:30.787000+00:00,11348,87,1292,0.375,54.173
2026-08-22T10:32:30.834000+00:00,11348,81,1292,5.477,9.891
2026-08-22T10:32:30.865000+00:00,11348,44,1292,1.728,12.069
2026-08-22T10:32:31.084000+00:00,11348,41,1292,1.246,40.698
2026-08-22T10:32:31.271000+00:00,11348,18,1292,0.506,63.216
2026-08-22T10:32:31.271000+00:00,11348,77,1292,10.569,73.981
2026-08-22T10:32:31.334000+00:00,11348,3,1292,0.473,10.364
2026-08-22T10:32:31.553000+00:00,11348,43,1292,5.279,47.098
2026-08-22T10:32:31.662000+00:00,11348,14,1292,0.48,63.696
2026-08-22T10:32:31.865000+00:00,11348,23,1292,8.793,62.711
2026-08-22T10:32:31.959000+00:00,11348,16,1292,1.247,1.247
2026-08-22T10:32:32.224000+00:00,11348,22,1292,0.677,47.775
2026-08-22T10:32:32.287000+00:00,11348,30,1292,1.221,41.919
2026-08-22T10:32:32.412000+00:00,11348,18,1292,0.52,63.231
2026-08-22T10:32:32.474000+00:00,11348,1,1292,3.106,4.328
2026-08-22T10:32:32.646000+00:00,11348,10,1292,25.206,37.118
2026-08-22T10:32:32.678000+00:00,11348,12,1292,0.218,4.546
2026-08-22T10:32:32.709000+00:00,11348,55,1292,32.582,+1 LAP
2026-08-22T10:32:32.834000+00:00,11348,81,1292,5.375,9.855
2026-08-22T10:32:32.865000+00:00,11348,14,1292,0.473,63.704
2026-08-22T10:32:33.099000+00:00,11348,44,1292,1.756,12.12
2026-08-22T10:32:33.349000+00:00,11348,3,1292,0.522,10.377
2026-08-22T10:32:33.787000+00:00,11348,31,1292,6.447,53.931
2026-08-22T10:32:34.236000+00:00,11348,87,1292,0.461,54.392
2026-08-22T10:32:34.488000+00:00,11348,43,1292,5.354,47.206
2026-08-22T10:32:34.952000+00:00,11348,16,1292,1.277,1.277
2026-08-22T10:32:35.054000+00:00,11348,5,1292,2.416,39.534
2026-08-22T10:32:35.069000+00:00,11348,44,1292,1.708,12.085
2026-08-22T10:32:35.102000+00:00,11348,1,1292,3.157,4.404
2026-08-22T10:32:35.123000+00:00,11348,22,1292,0.623,47.829
2026-08-22T10:32:35.268000+00:00,11348,12,1292,0.179,4.583
2026-08-22T10:32:35.452000+00:00,11348,23,1292,8.808,62.827
2026-08-22T10:32:35.537000+00:00,11348,10,1292,25.269,37.178
2026-08-22T10:32:35.685000+00:00,11348,77,1292,10.774,74.355
2026-08-22T10:32:35.923000+00:00,11348,18,1292,0.472,63.299
2026-08-22T10:32:36.333000+00:00,11348,41,1292,1.232,40.766
2026-08-22T10:32:36.438000+00:00,11348,14,1292,0.521,63.82
2026-08-22T10:32:36.803000+00:00,11348,55,1292,32.618,+1 LAP
2026-08-22T10:32:37.481000+00:00,11348,30,1292,1.158,41.924
2026-08-22T10:32:37.664000+00:00,11348,43,1292,5.405,47.324
2026-08-22T10:32:37.952000+00:00,11348,5,1292,2.425,39.603
2026-08-22T10:32:38.004000+00:00,11348,81,1292,5.324,9.87
2026-08-22T10:32:38.192000+00:00,11348,1,1292,3.245,4.522
2026-08-22T10:32:38.337000+00:00,11348,22,1292,0.652,47.976
2026-08-22T10:32:38.464000+00:00,11348,3,1292,0.458,10.328
2026-08-22T10:32:38.485000+00:00,11348,12,1292,0.294,4.816
2026-08-22T10:32:38.537000+00:00,11348,31,1292,6.333,54.108
2026-08-22T10:32:39.353000+00:00,11348,87,1292,0.468,54.576
2026-08-22T10:32:39.391000+00:00,11348,16,1292,1.331,1.331
2026-08-22T10:32:39.403000+00:00,11348,41,1292,1.249,40.852
2026-08-22T10:32:39.427000+00:00,11348,77,1292,10.799,74.453
2026-08-22T10:32:39.598000+00:00,11348,23,1292,8.811,62.984
2026-08-22T10:32:40.061000+00:00,11348,18,1292,0.476,63.46
2026-08-22T10:32:40.168000+00:00,11348,44,1292,1.713,12.041
2026-08-22T10:32:40.339000+00:00,11348,30,1292,1.153,42.005
2026-08-22T10:32:40.536000+00:00,11348,14,1292,0.46,63.92
2026-08-22T10:32:40.593000+00:00,11348,81,1292,5.325,9.908
2026-08-22T10:32:40.784000+00:00,11348,10,1292,25.32,37.217
2026-08-22T10:32:41.037000+00:00,11348,3,1292,0.426,10.334
2026-08-22T10:32:41.290000+00:00,11348,55,1292,32.736,+1 LAP
2026-08-22T10:32:41.603000+00:00,11348,31,1292,6.492,54.321
2026-08-22T10:32:42.056000+00:00,11348,87,1292,0.454,54.775
2026-08-22T10:32:42.478000+00:00,11348,1,1292,3.343,4.674
2026-08-22T10:32:42.540000+00:00,11348,77,1292,10.865,74.561
2026-08-22T10:32:42.712000+00:00,11348,16,1292,1.374,1.374
2026-08-22T10:32:42.759000+00:00,11348,44,1292,1.714,12.048
2026-08-22T10:32:42.915000+00:00,11348,43,1292,5.45,47.374
2026-08-22T10:32:42.946000+00:00,11348,12,1292,0.45,5.124
2026-08-22T10:32:43.009000+00:00,11348,23,1292,8.764,63.156
2026-08-22T10:32:43.181000+00:00,11348,5,1292,2.442,39.659
2026-08-22T10:32:43.524000+00:00,11348,18,1292,0.521,63.677
2026-08-22T10:32:43.571000+00:00,11348,22,1292,0.67,48.044
2026-08-22T10:32:43.587000+00:00,11348,81,1292,5.086,9.902
2026-08-22T10:32:43.759000+00:00,11348,77,1292,10.905,74.609
2026-08-22T10:32:43.978000+00:00,11348,14,1292,,64.137
2026-08-22T10:32:44.103000+00:00,11348,3,1292,0.526,10.428
2026-08-22T10:32:44.462000+00:00,11348,41,1292,1.285,40.944
2026-08-22T10:32:44.681000+00:00,11348,55,1292,32.759,+1 LAP
2026-08-22T10:32:44.743000+00:00,11348,31,1292,6.421,54.397
2026-08-22T10:32:44.821000+00:00,11348,10,1292,25.384,37.272
2026-08-22T10:32:45.228000+00:00,11348,87,1292,0.486,54.883
2026-08-22T10:32:45.649000+00:00,11348,30,1292,1.175,42.119
2026-08-22T10:32:45.774000+00:00,11348,43,1292,5.429,47.434
2026-08-22T10:32:45.806000+00:00,11348,44,1292,1.692,12.12
2026-08-22T10:32:45.837000+00:00,11348,16,1292,1.42,1.42
2026-08-22T10:32:46.056000+00:00,11348,1,1292,3.347,4.721
2026-08-22T10:32:46.571000+00:00,11348,12,1292,0.467,5.188
2026-08-22T10:32:46.587000+00:00,11348,22,1292,0.773,48.207
2026-08-22T10:32:46.915000+00:00,11348,55,1292,32.742,+1 LAP
2026-08-22T10:32:47.024000+00:00,11348,16,1292,1.451,1.451
2026-08-22T10:32:47.274000+00:00,11348,5,1292,2.412,39.684
2026-08-22T10:32:47.556000+00:00,11348,77,1292,11.094,74.914
2026-08-22T10:32:47.806000+00:00,11348,23,1292,8.76,63.336
2026-08-22T10:32:47.884000+00:00,11348,81,1292,4.949,10.073
2026-08-22T10:32:47.915000+00:00,11348,55,1292,32.728,+1 LAP
2026-08-22T10:32:48.251000+00:00,11348,18,1292,0.467,63.803
2026-08-22T10:32:48.295000+00:00,11348,3,1292,0.421,10.494
2026-08-22T10:32:48.468000+00:00,11348,41,1292,1.218,40.902
2026-08-22T10:32:48.556000+00:00,11348,55,1292,32.719,+1 LAP
2026-08-22T10:32:48.669000+00:00,11348,14,1292,0.414,64.217
2026-08-22T10:32:49.238000+00:00,11348,1,1292,3.368,4.788
2026-08-22T10:32:49.253000+00:00,11348,10,1292,25.575,37.592
2026-08-22T10:32:49.672000+00:00,11348,30,1292,1.19,42.092
2026-08-22T10:32:49.672000+00:00,11348,12,1292,0.443,5.231
2026-08-22T10:32:49.944000+00:00,11348,44,1292,1.659,12.153
2026-08-22T10:32:49.991000+00:00,11348,31,1292,6.412,54.456
2026-08-22T10:32:50.366000+00:00,11348,87,1292,0.387,54.843
2026-08-22T10:32:50.413000+00:00,11348,1,1292,3.393,4.844
2026-08-22T10:32:50.413000+00:00,11348,16,1292,1.388,1.388
2026-08-22T10:32:50.819000+00:00,11348,55,1292,32.706,+1 LAP
2026-08-22T10:32:50.819000+00:00,11348,23,1292,8.715,63.49
2026-08-22T10:32:50.866000+00:00,11348,12,1292,0.436,5.28
2026-08-22T10:32:51.131000+00:00,11348,43,1292,5.449,47.568
2026-08-22T10:32:51.241000+00:00,11348,18,1292,0.45,63.94
2026-08-22T10:32:51.459000+00:00,11348,81,1292,4.924,10.112
2026-08-22T10:32:51.569000+00:00,11348,5,1292,2.303,39.895
2026-08-22T10:32:51.756000+00:00,11348,14,1292,0.49,64.43
2026-08-22T10:32:51.788000+00:00,11348,77,1292,11.248,75.168
2026-08-22T10:32:51.803000+00:00,11348,3,1292,0.357,10.469
2026-08-22T10:32:51.866000+00:00,11348,22,1292,0.766,48.334
2026-08-22T10:32:52.553000+00:00,11348,10,1292,25.593,37.636
2026-08-22T10:32:52.756000+00:00,11348,41,1292,1.197,41.092
2026-08-22T10:32:52.881000+00:00,11348,31,1292,6.342,54.549
2026-08-22T10:32:52.975000+00:00,11348,55,1292,32.829,+1 LAP
2026-08-22T10:32:53.444000+00:00,11348,87,1292,0.558,55.107
2026-08-22T10:32:53.491000+00:00,11348,44,1292,1.69,12.159
2026-08-22T10:32:53.803000+00:00,11348,1,1292,3.403,4.791
2026-08-22T10:32:53.944000+00:00,11348,30,1292,1.191,42.283
2026-08-22T10:32:54.038000+00:00,11348,23,1292,8.785,63.668
2026-08-22T10:32:54.366000+00:00,11348,16,1292,1.349,1.349
2026-08-22T10:32:54.444000+00:00,11348,12,1292,0.646,5.437
2026-08-22T10:32:54.553000+00:00,11348,18,1292,0.528,64.196
2026-08-22T10:32:54.584000+00:00,11348,81,1292,4.934,10.165
2026-08-22T10:32:54.803000+00:00,11348,10,1292,25.595,37.656
2026-08-22T10:32:54.850000+00:00,11348,5,1292,2.296,39.932
2026-08-22T10:32:54.866000+00:00,11348,14,1292,0.311,64.507
2026-08-22T10:32:54.913000+00:00,11348,3,1292,0.329,10.494
2026-08-22T10:32:55.194000+00:00,11348,43,1292,5.546,47.638
2026-08-22T10:32:55.397000+00:00,11348,77,1292,11.425,75.562
2026-08-22T10:32:55.773000+00:00,11348,81,1292,4.931,10.211
2026-08-22T10:32:55.803000+00:00,11348,10,1292,25.593,37.658
2026-08-22T10:32:55.866000+00:00,11348,22,1292,0.691,48.329
2026-08-22T10:32:55.991000+00:00,11348,41,1292,1.175,41.107
2026-08-22T10:32:56.084000+00:00,11348,3,1292,0.318,10.529
2026-08-22T10:32:56.491000+00:00,11348,10,1292,25.591,37.66
2026-08-22T10:32:56.616000+00:00,11348,44,1292,1.707,12.201
2026-08-22T10:32:57.101000+00:00,11348,5,1292,2.298,39.954
2026-08-22T10:32:57.209000+00:00,11348,30,1292,1.187,42.294
2026-08-22T10:32:57.709000+00:00,11348,16,1292,1.297,1.297
2026-08-22T10:32:57.803000+00:00,11348,1,1292,3.441,4.79
2026-08-22T10:32:57.819000+00:00,11348,44,1292,,12.236
2026-08-22T10:32:58.116000+00:00,11348,5,1292,2.314,39.972
2026-08-22T10:32:58.131000+00:00,11348,31,1292,6.296,54.63
2026-08-22T10:32:58.225000+00:00,11348,41,1292,1.145,41.099
2026-08-22T10:32:58.459000+00:00,11348,55,1292,33.132,+1 LAP
2026-08-22T10:32:58.475000+00:00,11348,12,1292,0.671,5.461
2026-08-22T10:32:58.663000+00:00,11348,10,1292,25.559,37.679
2026-08-22T10:32:58.741000+00:00,11348,5,1292,2.337,39.997
2026-08-22T10:32:58.772000+00:00,11348,87,1292,0.616,55.246
2026-08-22T10:32:59.137000+00:00,11348,81,1292,4.691,10.128
2026-08-22T10:32:59.203000+00:00,11348,23,1292,8.832,63.675
2026-08-22T10:32:59.301000+00:00,11348,41,1292,1.126,41.098
2026-08-22T10:32:59.497000+00:00,11348,30,1292,1.195,
2026-08-22T10:32:59.602000+00:00,11348,3,1292,0.432,10.56
2026-08-22T10:32:59.653000+00:00,11348,18,1292,0.384,64.059
2026-08-22T10:32:59.653000+00:00,11348,43,1292,5.702,47.985
2026-08-22T10:32:59.887000+00:00,11348,41,1292,1.11,41.107
2026-08-22T10:33:00.026000+00:00,11348,14,1292,0.423,64.482
2026-08-22T10:33:00.125000+00:00,11348,77,1292,11.459,75.676
2026-08-22T10:33:00.353000+00:00,11348,22,1292,0.724,48.709
2026-08-22T10:33:00.461000+00:00,11348,30,1292,1.201,42.299
2026-08-22T10:33:00.892000+00:00,11348,10,1292,25.827,37.912
2026-08-22T10:33:01.067000+00:00,11348,30,1292,1.206,42.313
2026-08-22T10:33:01.102000+00:00,11348,5,1292,2.455,40.134
2026-08-22T10:33:01.153000+00:00,11348,44,1292,1.58,12.14
2026-08-22T10:33:01.237000+00:00,11348,55,1292,33.251,+1 LAP
2026-08-22T10:33:01.251000+00:00,11348,1,1292,3.545,4.842
2026-08-22T10:33:01.881000+00:00,11348,12,1292,0.652,5.494
2026-08-22T10:33:02.087000+00:00,11348,23,1292,8.635,63.742
2026-08-22T10:33:02.168000+00:00,11348,41,1292,1.045,41.179
2026-08-22T10:33:02.298000+00:00,11348,31,1292,6.407,54.736
2026-08-22T10:33:02.304000+00:00,11348,16,1292,1.28,1.28
2026-08-22T10:33:02.596000+00:00,11348,18,1292,0.521,64.263
2026-08-22T10:33:02.851000+00:00,11348,87,1292,0.566,55.302
2026-08-22T10:33:02.968000+00:00,11348,43,1292,5.718,48.012
2026-08-22T10:33:03.017000+00:00,11348,14,1292,0.401,64.664
2026-08-22T10:33:03.053000+00:00,11348,81,1292,4.593,10.054
2026-08-22T10:33:03.183000+00:00,11348,77,1292,11.469,75.899
2026-08-22T10:33:03.236000+00:00,11348,5,1292,2.358,40.27
2026-08-22T10:33:03.380000+00:00,11348,30,1292,1.226,42.405
2026-08-22T10:33:03.504000+00:00,11348,3,1292,0.459,10.513
2026-08-22T10:33:03.665000+00:00,11348,22,1292,0.722,48.734
2026-08-22T10:33:04.118000+00:00,11348,41,1292,0.884,41.154
2026-08-22T10:33:04.571000+00:00,11348,55,1292,33.386,+1 LAP
2026-08-22T10:33:05.071000+00:00,11348,44,1292,1.551,12.064
2026-08-22T10:33:05.134000+00:00,11348,16,1292,1.169,1.169
2026-08-22T10:33:05.150000+00:00,11348,43,1292,5.712,48.006
2026-08-22T10:33:05.587000+00:00,11348,30,1292,1.479,42.633
2026-08-22T10:33:05.837000+00:00,11348,22,1292,0.707,48.713
2026-08-22T10:33:06.056000+00:00,11348,1,1292,3.726,5.006
2026-08-22T10:33:06.134000+00:00,11348,43,1292,5.702,48.001
2026-08-22T10:33:06.384000+00:00,11348,81,1292,4.463,9.957
2026-08-22T10:33:06.400000+00:00,11348,77,1292,11.535,76.042
2026-08-22T10:33:06.540000+00:00,11348,10,1292,26.356,38.397
2026-08-22T10:33:06.745000+00:00,11348,12,1292,0.6,5.606
2026-08-22T10:33:06.806000+00:00,11348,31,1292,6.275,54.984
2026-08-22T10:33:06.854000+00:00,11348,43,1292,5.686,47.999
2026-08-22T10:33:06.963000+00:00,11348,22,1292,0.678,48.679
2026-08-22T10:33:06.963000+00:00,11348,3,1292,0.498,10.455
2026-08-22T10:33:07.228000+00:00,11348,87,1292,0.58,55.564
2026-08-22T10:33:07.368000+00:00,11348,23,1292,8.59,63.836
2026-08-22T10:33:07.415000+00:00,11348,22,1292,0.651,48.65
2026-08-22T10:33:08.040000+00:00,11348,18,1292,0.692,64.528
2026-08-22T10:33:08.243000+00:00,11348,16,1292,1.251,1.251
2026-08-22T10:33:08.368000+00:00,11348,14,1292,0.32,64.848
2026-08-22T10:33:08.368000+00:00,11348,44,1292,1.536,11.991
2026-08-22T10:33:08.870000+00:00,11348,5,1292,2.339,40.736
2026-08-22T10:33:08.981000+00:00,11348,43,1292,5.602,48.007
2026-08-22T10:33:08.983000+00:00,11348,1,1292,3.837,
2026-08-22T10:33:09.281000+00:00,11348,55,1292,33.607,+1 LAP
2026-08-22T10:33:09.372000+00:00,11348,10,1292,26.606,38.654
2026-08-22T10:33:09.438000+00:00,11348,12,1292,0.467,5.473
2026-08-22T10:33:09.536000+00:00,11348,22,1292,0.571,48.578
2026-08-22T10:33:09.638000+00:00,11348,41,1292,0.766,41.502
2026-08-22T10:33:09.952000+00:00,11348,31,1292,6.317,55.051
2026-08-22T10:33:10.523000+00:00,11348,87,1292,0.558,55.609
2026-08-22T10:33:10.968000+00:00,11348,81,1292,4.333,9.939
2026-08-22T10:33:11.202000+00:00,11348,43,1292,5.623,48.256
2026-08-22T10:33:11.404000+00:00,11348,30,1292,1.778,43.28
2026-08-22T10:33:11.420000+00:00,11348,23,1292,8.558,63.86
2026-08-22T10:33:11.537000+00:00,11348,3,1292,0.56,10.499
2026-08-22T10:33:11.682000+00:00,11348,5,1292,2.321,40.975
2026-08-22T10:33:11.775000+00:00,11348,22,1292,0.561,48.817
2026-08-22T10:33:12.037000+00:00,11348,77,1292,12.0,76.482
2026-08-22T10:33:12.037000+00:00,11348,1,1292,3.788,5.039
2026-08-22T10:33:12.071000+00:00,11348,18,1292,0.669,64.529
2026-08-22T10:33:12.217000+00:00,11348,31,1292,6.362,55.075
2026-08-22T10:33:12.302000+00:00,11348,41,1292,0.654,41.629
2026-08-22T10:33:12.479000+00:00,11348,14,1292,0.379,64.908
2026-08-22T10:33:12.637000+00:00,11348,12,1292,0.6,5.639
2026-08-22T10:33:12.780000+00:00,11348,87,1292,0.538,55.613
2026-08-22T10:33:12.787000+00:00,11348,10,1292,26.977,39.097
2026-08-22T10:33:12.968000+00:00,11348,55,1292,33.676,+1 LAP
2026-08-22T10:33:12.993000+00:00,11348,44,1292,1.447,11.946
2026-08-22T10:33:13.223000+00:00,11348,31,1292,6.404,55.083
2026-08-22T10:33:13.503000+00:00,11348,16,1292,1.245,1.245
2026-08-22T10:33:13.737000+00:00,11348,87,1292,0.506,55.589
2026-08-22T10:33:13.833000+00:00,11348,81,1292,4.406,9.879
2026-08-22T10:33:13.855000+00:00,11348,31,1292,6.445,55.095
2026-08-22T10:33:14.363000+00:00,11348,30,1292,1.975,43.604
2026-08-22T10:33:14.390000+00:00,11348,87,1292,0.478,55.573
2026-08-22T10:33:14.390000+00:00,11348,3,1292,0.504,10.383
2026-08-22T10:33:14.995000+00:00,11348,5,1292,2.207,41.304
2026-08-22T10:33:15.696000+00:00,11348,41,1292,0.711,42.015
2026-08-22T10:33:15.853000+00:00,11348,23,1292,8.634,64.19800000000001
2026-08-22T10:33:15.963000+00:00,11348,44,1292,1.619,12.002
2026-08-22T10:33:16.080000+00:00,11348,55,1292,33.558,+1 LAP
2026-08-22T10:33:16.241000+00:00,11348,16,1292,1.195,1.195
2026-08-22T10:33:16.323000+00:00,11348,31,1292,6.768,55.346
2026-08-22T10:33:16.460000+00:00,11348,18,1292,0.614,64.812
2026-08-22T10:33:16.677000+00:00,11348,87,1292,0.356,55.702
2026-08-22T10:33:17.087000+00:00,11348,81,1292,4.385,10.024
2026-08-22T10:33:17.102000+00:00,11348,14,1292,0.576,65.388
2026-08-22T10:33:17.104000+00:00,11348,77,1292,14.075,+1 LAP
2026-08-22T10:33:17.269000+00:00,11348,1,1292,3.782,5.027
2026-08-22T10:33:17.280000+00:00,11348,55,1292,33.492,+1 LAP
2026-08-22T10:33:17.282000+00:00,11348,43,1292,5.863,49.143
2026-08-22T10:33:17.380000+00:00,11348,10,1292,27.424,39.577
2026-08-22T10:33:17.521000+00:00,11348,3,1292,0.491,10.515
2026-08-22T10:33:17.671000+00:00,11348,30,1292,1.965,43.98
2026-08-22T10:33:17.751000+00:00,11348,12,1292,0.545,5.572
2026-08-22T10:33:17.919000+00:00,11348,22,1292,0.653,49.796
2026-08-22T10:33:19.048000+00:00,11348,44,1292,1.509,12.024
2026-08-22T10:33:19.102000+00:00,11348,31,1292,7.308,56.125
2026-08-22T10:33:19.160000+00:00,11348,23,1292,8.635,64.244
2026-08-22T10:33:19.436000+00:00,11348,87,1292,0.354,56.479
2026-08-22T10:33:19.498000+00:00,11348,5,1292,2.102,41.679
2026-08-22T10:33:19.787000+00:00,11348,18,1292,0.636,64.88
2026-08-22T10:33:20.102000+00:00,11348,1,1292,3.86,5.055
2026-08-22T10:33:20.141000+00:00,11348,43,1292,5.832,49.436
2026-08-22T10:33:20.223000+00:00,11348,41,1292,0.722,42.401
2026-08-22T10:33:20.365000+00:00,11348,14,1292,0.582,65.462
2026-08-22T10:33:20.623000+00:00,11348,12,1292,0.523,5.578
2026-08-22T10:33:20.855000+00:00,11348,22,1292,0.729,50.165
2026-08-22T10:33:20.937000+00:00,11348,55,1292,33.416,+1 LAP
2026-08-22T10:33:20.998000+00:00,11348,10,1292,27.482,39.641
2026-08-22T10:33:21.382000+00:00,11348,23,1292,8.642,64.255
2026-08-22T10:33:21.419000+00:00,11348,16,1292,1.206,1.206
2026-08-22T10:33:22.062000+00:00,11348,18,1292,0.651,64.906
2026-08-22T10:33:22.171000+00:00,11348,81,1292,4.416,9.988
2026-08-22T10:33:22.223000+00:00,11348,30,1292,2.001,44.402
2026-08-22T10:33:22.453000+00:00,11348,23,1292,8.669,64.258
2026-08-22T10:33:22.581000+00:00,11348,77,1292,14.209,+1 LAP
2026-08-22T10:33:22.610000+00:00,11348,14,1292,0.562,65.468
2026-08-22T10:33:22.653000+00:00,11348,3,1292,0.479,10.467
2026-08-22T10:33:23.058000+00:00,11348,23,1292,8.693,64.266
2026-08-22T10:33:23.058000+00:00,11348,18,1292,0.643,64.901
2026-08-22T10:33:23.126000+00:00,11348,5,1292,2.135,41.776
2026-08-22T10:33:23.610000+00:00,11348,14,1292,0.55,65.451
2026-08-22T10:33:23.713000+00:00,11348,18,1292,0.633,64.899
2026-08-22T10:33:23.796000+00:00,11348,43,1292,6.083,50.063
2026-08-22T10:33:23.833000+00:00,11348,41,1292,0.704,42.48
2026-08-22T10:33:24.150000+00:00,11348,10,1292,27.5,39.701
2026-08-22T10:33:24.237000+00:00,11348,14,1292,0.54,65.439
2026-08-22T10:33:24.341000+00:00,11348,44,1292,1.69,12.157
2026-08-22T10:33:24.503000+00:00,11348,22,1292,0.772,50.835
2026-08-22T10:33:24.991000+00:00,11348,81,1292,4.379,9.957
2026-08-22T10:33:25.251000+00:00,11348,55,1292,33.463,+1 LAP
2026-08-22T10:33:25.323000+00:00,11348,23,1292,8.665,64.367
2026-08-22T10:33:25.352000+00:00,11348,10,1292,27.521,39.757
2026-08-22T10:33:25.409000+00:00,11348,1,1292,3.966,5.172
2026-08-22T10:33:25.436000+00:00,11348,3,1292,0.445,10.402
2026-08-22T10:33:25.446000+00:00,11348,16,1292,1.253,1.253
2026-08-22T10:33:25.678000+00:00,11348,31,1292,7.732,57.528
2026-08-22T10:33:25.852000+00:00,11348,30,1292,2.036,44.516
2026-08-22T10:33:25.898000+00:00,11348,12,1292,0.439,5.611
2026-08-22T10:33:25.909000+00:00,11348,18,1292,0.587,64.954
2026-08-22T10:33:26+00:00,11348,87,1292,0.342,57.87
2026-08-22T10:33:26.265000+00:00,11348,5,1292,2.133,41.834
2026-08-22T10:33:26.380000+00:00,11348,14,1292,0.47,65.424
2026-08-22T10:33:26.803000+00:00,11348,77,1292,14.291,+1 LAP
2026-08-22T10:33:26.952000+00:00,11348,41,1292,0.658,42.492
2026-08-22T10:33:27.203000+00:00,11348,44,1292,1.73,12.132
2026-08-22T10:33:27.456000+00:00,11348,5,1292,2.124,41.881
2026-08-22T10:33:27.652000+00:00,11348,23,1292,8.21,64.689
2026-08-22T10:33:28.062000+00:00,11348,41,1292,0.618,42.499
2026-08-22T10:33:28.359000+00:00,11348,18,1292,0.68,65.369
2026-08-22T10:33:28.609000+00:00,11348,43,1292,6.418,50.82
2026-08-22T10:33:28.687000+00:00,11348,14,1292,0.335,65.704
2026-08-22T10:33:28.781000+00:00,11348,31,1292,7.897,58.062
2026-08-22T10:33:28.781000+00:00,11348,55,1292,33.352,+1 LAP
2026-08-22T10:33:28.937000+00:00,11348,10,1292,27.797,39.937
2026-08-22T10:33:28.984000+00:00,11348,30,1292,2.064,44.556
2026-08-22T10:33:29.281000+00:00,11348,87,1292,0.517,58.579
2026-08-22T10:33:29.437000+00:00,11348,1,1292,3.949,5.202
2026-08-22T10:33:29.437000+00:00,11348,22,1292,0.789,51.609
2026-08-22T10:33:29.765000+00:00,11348,16,1292,1.416,1.416
2026-08-22T10:33:29.859000+00:00,11348,12,1292,0.465,5.667
2026-08-22T10:33:30.156000+00:00,11348,30,1292,2.076,44.575
2026-08-22T10:33:30.265000+00:00,11348,81,1292,4.425,10.036
2026-08-22T10:33:30.781000+00:00,11348,3,1292,0.528,10.564
2026-08-22T10:33:30.906000+00:00,11348,5,1292,1.952,41.889
2026-08-22T10:33:31.547000+00:00,11348,77,1292,14.519,+1 LAP
2026-08-22T10:33:31.656000+00:00,11348,41,1292,0.772,42.661
2026-08-22T10:33:32.328000+00:00,11348,44,1292,1.529,12.093
2026-08-22T10:33:32.328000+00:00,11348,43,1292,6.48,50.996
2026-08-22T10:33:32.422000+00:00,11348,31,1292,7.912,58.747
2026-08-22T10:33:33.015000+00:00,11348,10,1292,27.944,40.008
2026-08-22T10:33:33.047000+00:00,11348,87,1292,0.618,59.365
2026-08-22T10:33:33.094000+00:00,11348,16,1292,1.414,1.414
2026-08-22T10:33:33.140000+00:00,11348,22,1292,0.819,51.815
2026-08-22T10:33:33.594000+00:00,11348,55,1292,33.466,+1 LAP
2026-08-22T10:33:33.640000+00:00,11348,30,1292,1.963,44.624
2026-08-22T10:33:33.672000+00:00,11348,1,1292,3.859,5.275
2026-08-22T10:33:34.078000+00:00,11348,23,1292,8.095,65.965
2026-08-22T10:33:34.203000+00:00,11348,12,1292,0.52,5.795
2026-08-22T10:33:34.251000+00:00,11348,81,1292,4.407,10.074
2026-08-22T10:33:34.797000+00:00,11348,18,1292,0.665,66.63
2026-08-22T10:33:34.828000+00:00,11348,3,1292,0.525,10.599
2026-08-22T10:33:35.062000+00:00,11348,14,1292,0.295,66.925
2026-08-22T10:33:35.078000+00:00,11348,5,1292,2.028,42.036
2026-08-22T10:33:35.328000+00:00,11348,77,1292,14.969,+1 LAP
2026-08-22T10:33:35.375000+00:00,11348,16,1292,1.406,1.406
2026-08-22T10:33:35.469000+00:00,11348,43,1292,6.485,51.041
2026-08-22T10:33:35.828000+00:00,11348,41,1292,0.749,42.785
2026-08-22T10:33:36.321000+00:00,11348,44,1292,1.518,12.117
2026-08-22T10:33:36.353000+00:00,11348,16,1292,1.382,1.382
2026-08-22T10:33:36.407000+00:00,11348,22,1292,0.906,51.947
2026-08-22T10:33:36.499000+00:00,11348,10,1292,28.117,40.108
2026-08-22T10:33:36.624000+00:00,11348,55,1292,33.449,+1 LAP
2026-08-22T10:33:36.657000+00:00,11348,43,1292,6.507,51.082
2026-08-22T10:33:36.952000+00:00,11348,1,1292,3.858,5.272
2026-08-22T10:33:36.989000+00:00,11348,16,1292,1.36,1.36
2026-08-22T10:33:37.459000+00:00,11348,12,1292,0.503,5.775
2026-08-22T10:33:37.503000+00:00,11348,23,1292,8.192,66.771
2026-08-22T10:33:37.599000+00:00,11348,22,1292,0.936,52.018
2026-08-22T10:33:37.625000+00:00,11348,30,1292,1.827,44.612
2026-08-22T10:33:37.818000+00:00,11348,31,1292,8.333,59.942
2026-08-22T10:33:37.837000+00:00,11348,77,1292,15.209,+1 LAP
2026-08-22T10:33:38.027000+00:00,11348,18,1292,0.581,67.352
2026-08-22T10:33:38.236000+00:00,11348,14,1292,0.186,67.538
2026-08-22T10:33:38.280000+00:00,11348,87,1292,0.538,60.48
2026-08-22T10:33:38.421000+00:00,11348,5,1292,1.891,41.999
2026-08-22T10:33:38.603000+00:00,11348,81,1292,4.45,10.245
2026-08-22T10:33:38.876000+00:00,11348,77,1292,15.274,+1 LAP
2026-08-22T10:33:39.053000+00:00,11348,3,1292,0.395,10.64
2026-08-22T10:33:39.189000+00:00,11348,41,1292,0.775,42.774
2026-08-22T10:33:39.223000+00:00,11348,1,1292,3.844,5.25
2026-08-22T10:33:39.573000+00:00,11348,77,1292,15.312,+1 LAP
2026-08-22T10:33:39.671000+00:00,11348,12,1292,0.462,5.712
2026-08-22T10:33:39.837000+00:00,11348,55,1292,33.439,+1 LAP
2026-08-22T10:33:40.169000+00:00,11348,1,1292,3.842,5.224
2026-08-22T10:33:40.247000+00:00,11348,43,1292,6.608,51.232
2026-08-22T10:33:40.512000+00:00,11348,44,1292,1.483,12.123
2026-08-22T10:33:40.606000+00:00,11348,12,1292,0.419,5.643
2026-08-22T10:33:40.809000+00:00,11348,1,1292,3.836,5.196
2026-08-22T10:33:40.934000+00:00,11348,30,1292,1.774,44.548
2026-08-22T10:33:41.231000+00:00,11348,12,1292,0.385,5.581
2026-08-22T10:33:41.247000+00:00,11348,10,1292,28.245,40.191
2026-08-22T10:33:41.278000+00:00,11348,22,1292,1.018,52.25
2026-08-22T10:33:41.581000+00:00,11348,23,1292,8.558,67.923
2026-08-22T10:33:41.603000+00:00,11348,31,1292,8.459,60.274
2026-08-22T10:33:41.934000+00:00,11348,81,1292,4.47,
2026-08-22T10:33:42.021000+00:00,11348,18,1292,0.394,68.31700000000001
2026-08-22T10:33:42.218000+00:00,11348,87,1292,0.606,60.88
2026-08-22T10:33:42.323000+00:00,11348,3,1292,0.372,10.617
2026-08-22T10:33:42.337000+00:00,11348,14,1292,0.357,68.674
2026-08-22T10:33:43.038000+00:00,11348,5,1292,1.808,
2026-08-22T10:33:43.875000+00:00,11348,44,1292,1.562,12.179
2026-08-22T10:33:43.877000+00:00,11348,41,1292,0.838,42.837
2026-08-22T10:33:44.166000+00:00,11348,81,1292,4.517,10.229
2026-08-22T10:33:44.180000+00:00,11348,10,1292,28.203,40.205
2026-08-22T10:33:44.402000+00:00,11348,43,1292,6.78,51.392
2026-08-22T10:33:44.535000+00:00,11348,3,1292,0.359,10.588
2026-08-22T10:33:44.924000+00:00,11348,31,1292,8.549,60.496
2026-08-22T10:33:45.176000+00:00,11348,55,1292,33.163,+1 LAP
2026-08-22T10:33:45.192000+00:00,11348,81,1292,4.565,10.208
2026-08-22T10:33:45.395000+00:00,11348,22,1292,0.998,52.39
2026-08-22T10:33:45.520000+00:00,11348,3,1292,0.35,10.558
2026-08-22T10:33:45.661000+00:00,11348,30,1292,1.792,44.629
2026-08-22T10:33:45.801000+00:00,11348,81,1292,4.604,10.185
2026-08-22T10:33:45.848000+00:00,11348,87,1292,0.919,61.415
2026-08-22T10:33:46.067000+00:00,11348,5,1292,1.885,42.09
2026-08-22T10:33:46.176000+00:00,11348,3,1292,0.344,10.529
2026-08-22T10:33:46.192000+00:00,11348,44,1292,1.631,12.219
2026-08-22T10:33:46.207000+00:00,11348,31,1292,8.61,60.628
2026-08-22T10:33:46.817000+00:00,11348,23,1292,8.473,68.953
2026-08-22T10:33:46.832000+00:00,11348,41,1292,0.72,42.81
2026-08-22T10:33:47.348000+00:00,11348,44,1292,1.647,12.205
2026-08-22T10:33:47.364000+00:00,11348,18,1292,0.422,69.375
2026-08-22T10:33:47.364000+00:00,11348,87,1292,0.975,61.603
2026-08-22T10:33:47.364000+00:00,11348,10,1292,28.158,40.182
2026-08-22T10:33:47.364000+00:00,11348,14,1292,0.034,69.409
2026-08-22T10:33:47.801000+00:00,11348,44,1292,1.659,12.188
2026-08-22T10:33:47.957000+00:00,11348,43,1292,7.024,51.572
2026-08-22T10:33:48.551000+00:00,11348,30,1292,1.767,44.577
2026-08-22T10:33:48.739000+00:00,11348,55,1292,31.632,+1 LAP
2026-08-22T10:33:48.911000+00:00,11348,22,1292,0.929,52.501
2026-08-22T10:33:49.145000+00:00,11348,5,1292,1.968,42.15
2026-08-22T10:33:49.895000+00:00,11348,41,1292,0.737,42.887
2026-08-22T10:33:50.145000+00:00,11348,31,1292,8.895,61.145
2026-08-22T10:33:50.629000+00:00,11348,23,1292,8.422,69.30199999999999
2026-08-22T10:33:51.051000+00:00,11348,18,1292,0.404,69.706
2026-08-22T10:33:51.114000+00:00,11348,14,1292,0.064,69.77
2026-08-22T10:33:51.361000+00:00,11348,87,1292,1.213,62.358
2026-08-22T10:33:51.672000+00:00,11348,30,1292,1.76,44.647
2026-08-22T10:33:52.347000+00:00,11348,10,1292,28.012,40.169
2026-08-22T10:33:52.769000+00:00,11348,43,1292,7.1,51.729
2026-08-22T10:33:53.691000+00:00,11348,22,1292,0.92,52.649
2026-08-22T10:33:54.191000+00:00,11348,23,1292,8.356,69.771
2026-08-22T10:33:54.409000+00:00,11348,5,1292,2.061,42.23
2026-08-22T10:33:54.550000+00:00,11348,55,1292,31.971,+1 LAP
2026-08-22T10:33:54.644000+00:00,11348,18,1292,0.433,70.20400000000001
2026-08-22T10:33:54.644000+00:00,11348,31,1292,9.244,61.634
2026-08-22T10:33:54.941000+00:00,11348,14,1292,0.294,70.498
2026-08-22T10:33:55.128000+00:00,11348,41,1292,0.726,42.956
2026-08-22T10:33:55.472000+00:00,11348,23,1292,8.3,69.903
2026-08-22T10:33:55.581000+00:00,11348,10,1292,28.412,40.544
2026-08-22T10:33:55.706000+00:00,11348,87,1292,1.056,62.69
2026-08-22T10:33:55.737000+00:00,11348,43,1292,7.192,51.769
2026-08-22T10:33:55.862000+00:00,11348,18,1292,0.399,70.30199999999999
2026-08-22T10:33:56.191000+00:00,11348,14,1292,0.326,70.628
2026-08-22T10:33:56.581000+00:00,11348,22,1292,0.859,52.628
2026-08-22T10:33:56.847000+00:00,11348,30,1292,1.723,44.679
2026-08-22T10:33:57.675000+00:00,11348,5,1292,2.101,42.645
2026-08-22T10:33:58.316000+00:00,11348,31,1292,9.418,61.919
2026-08-22T10:33:58.378000+00:00,11348,41,1292,0.704,43.349
2026-08-22T10:33:58.862000+00:00,11348,43,1292,7.217,51.864
2026-08-22T10:33:59.081000+00:00,11348,55,1292,32.351,+1 LAP
2026-08-22T10:33:59.191000+00:00,11348,87,1292,0.875,62.794
2026-08-22T10:33:59.394000+00:00,11348,23,1292,8.031,70.389
2026-08-22T10:33:59.675000+00:00,11348,18,1292,0.276,70.66499999999999
2026-08-22T10:33:59.737000+00:00,11348,22,1292,0.893,52.757
2026-08-22T10:34:00.038000+00:00,11348,14,1292,0.342,71.007
2026-08-22T10:34:00.224000+00:00,11348,30,1292,1.829,45.178
2026-08-22T10:34:01.202000+00:00,11348,10,1292,28.861,40.954
2026-08-22T10:34:03.172000+00:00,11348,31,1292,9.465,62.114
2026-08-22T10:34:03.255000+00:00,11348,5,1292,2.057,43.011
2026-08-22T10:34:03.868000+00:00,11348,23,1292,8.151,70.841
2026-08-22T10:34:03.969000+00:00,11348,87,1292,0.809,62.923
2026-08-22T10:34:04.092000+00:00,11348,43,1292,7.231,51.91
2026-08-22T10:34:04.118000+00:00,11348,41,1292,0.871,43.882
2026-08-22T10:34:04.127000+00:00,11348,18,1292,0.263,71.104
2026-08-22T10:34:04.319000+00:00,11348,14,1292,0.193,71.297
2026-08-22T10:34:04.575000+00:00,11348,55,1292,33.012,+1 LAP
2026-08-22T10:34:05.008000+00:00,11348,22,1292,0.93,52.84
2026-08-22T10:34:05.448000+00:00,11348,10,1292,29.122,41.239
2026-08-22T10:34:06.042000+00:00,11348,30,1292,1.902,45.784
2026-08-22T10:34:06.276000+00:00,11348,31,1292,9.688,62.316
2026-08-22T10:34:07.104000+00:00,11348,87,1292,0.804,63.12
2026-08-22T10:34:07.401000+00:00,11348,23,1292,8.159,70.953
2026-08-22T10:34:07.464000+00:00,11348,43,1292,7.22,52.398
2026-08-22T10:34:07.479000+00:00,11348,5,1292,2.031,43.27
2026-08-22T10:34:07.870000+00:00,11348,18,1292,0.494,71.447
2026-08-22T10:34:08.104000+00:00,11348,14,1292,0.253,71.7
2026-08-22T10:34:08.339000+00:00,11348,41,1292,0.864,44.134
2026-08-22T10:34:08.776000+00:00,11348,22,1292,1.334,53.732
2026-08-22T10:34:08.854000+00:00,11348,55,1292,33.536,+1 LAP
2026-08-22T10:34:09.401000+00:00,11348,31,1292,9.658,62.415
2026-08-22T10:34:10.245000+00:00,11348,87,1292,0.83,63.245
2026-08-22T10:34:10.276000+00:00,11348,30,1292,1.941,46.075
2026-08-22T10:34:10.511000+00:00,11348,10,1292,29.987,42.11
2026-08-22T10:34:11.542000+00:00,11348,55,1292,33.722,+1 LAP
2026-08-22T10:34:12.182000+00:00,11348,23,1292,8.237,71.16
2026-08-22T10:34:12.542000+00:00,11348,5,1292,2.032,44.142
2026-08-22T10:34:12.651000+00:00,11348,55,1292,33.78,+1 LAP
2026-08-22T10:34:12.682000+00:00,11348,18,1292,0.5,71.66
2026-08-22T10:34:12.979000+00:00,11348,14,1292,0.27,71.93
2026-08-22T10:34:13.011000+00:00,11348,43,1292,6.982,52.766
2026-08-22T10:34:13.386000+00:00,11348,55,1292,33.814,+1 LAP
2026-08-22T10:34:13.401000+00:00,11348,41,1292,0.817,44.959
2026-08-22T10:34:14.118000+00:00,11348,10,1292,30.264,42.443
2026-08-22T10:34:14.457000+00:00,11348,22,1292,1.458,54.224
2026-08-22T10:34:14.609000+00:00,11348,31,1292,9.599,62.439
2026-08-22T10:34:15.197000+00:00,11348,23,1292,8.126,71.246
2026-08-22T10:34:15.381000+00:00,11348,87,1292,0.771,63.21
2026-08-22T10:34:15.452000+00:00,11348,30,1292,2.09,47.049
2026-08-22T10:34:15.696000+00:00,11348,18,1292,0.468,71.714
2026-08-22T10:34:16.066000+00:00,11348,5,1292,1.946,44.389
2026-08-22T10:34:16.140000+00:00,11348,14,1292,0.458,72.172
2026-08-22T10:34:16.480000+00:00,11348,10,1292,30.31,42.529
2026-08-22T10:34:16.745000+00:00,11348,41,1292,0.667,45.056
2026-08-22T10:34:17.204000+00:00,11348,43,1292,6.926,53.001
2026-08-22T10:34:17.480000+00:00,11348,10,1292,30.32,42.525
2026-08-22T10:34:18.123000+00:00,11348,10,1292,30.322,42.51
2026-08-22T10:34:18.380000+00:00,11348,23,1292,8.139,71.384
2026-08-22T10:34:18.396000+00:00,11348,5,1292,1.92,44.449
2026-08-22T10:34:18.554000+00:00,11348,31,1292,9.797,63.528999999999996
2026-08-22T10:34:18.737000+00:00,11348,22,1292,1.54,54.541
2026-08-22T10:34:18.953000+00:00,11348,18,1292,0.482,71.866
2026-08-22T10:34:19.069000+00:00,11348,41,1292,0.592,45.041
2026-08-22T10:34:19.084000+00:00,11348,30,1292,2.349,47.405
2026-08-22T10:34:19.268000+00:00,11348,14,1292,0.4,72.266
2026-08-22T10:34:19.377000+00:00,11348,87,1292,0.809,64.338
2026-08-22T10:34:19.409000+00:00,11348,5,1292,1.918,44.443
2026-08-22T10:34:19.971000+00:00,11348,41,1292,0.558,45.001
2026-08-22T10:34:20.065000+00:00,11348,5,1292,1.927,44.437
2026-08-22T10:34:20.596000+00:00,11348,41,1292,0.534,44.971
2026-08-22T10:34:21.409000+00:00,11348,30,1292,2.439,47.48
2026-08-22T10:34:22.456000+00:00,11348,30,1292,2.476,47.477
2026-08-22T10:34:22.659000+00:00,11348,43,1292,7.202,54.251
2026-08-22T10:34:23.065000+00:00,11348,30,1292,2.5,47.471
2026-08-22T10:34:23.581000+00:00,11348,23,1292,8.178,71.388
2026-08-22T10:34:23.893000+00:00,11348,18,1292,0.329,71.717
2026-08-22T10:34:24.081000+00:00,11348,22,1292,1.421,55.672
2026-08-22T10:34:24.393000+00:00,11348,31,1292,9.925,64.149
2026-08-22T10:34:24.471000+00:00,11348,14,1292,0.579,72.29599999999999
2026-08-22T10:34:25.190000+00:00,11348,87,1292,0.81,64.959
2026-08-22T10:34:26.159000+00:00,11348,43,1292,7.073,54.478
2026-08-22T10:34:27.056000+00:00,11348,23,1292,7.674,72.012
2026-08-22T10:34:27.637000+00:00,11348,18,1292,0.578,72.59
2026-08-22T10:34:27.943000+00:00,11348,22,1292,1.78,56.258
2026-08-22T10:34:28.224000+00:00,11348,14,1292,0.556,73.146
2026-08-22T10:34:28.437000+00:00,11348,43,1292,7.024,54.504
2026-08-22T10:34:28.787000+00:00,11348,31,1292,10.048,64.589
2026-08-22T10:34:29.451000+00:00,11348,43,1292,7.011,54.488
2026-08-22T10:34:29.554000+00:00,11348,87,1292,0.767,65.356
2026-08-22T10:34:30.121000+00:00,11348,43,1292,6.995,54.466
2026-08-22T10:34:30.353000+00:00,11348,22,1292,1.911,56.415
2026-08-22T10:34:31.423000+00:00,11348,22,1292,1.965,56.453
2026-08-22T10:34:32.103000+00:00,11348,22,1292,2.017,56.483
2026-08-22T10:34:33.024000+00:00,11348,23,1292,7.812,72.771
2026-08-22T10:34:33.660000+00:00,11348,18,1292,0.671,73.44200000000001
2026-08-22T10:34:34.066000+00:00,11348,31,1292,9.984,65.656
2026-08-22T10:34:34.129000+00:00,11348,14,1292,0.435,73.877
2026-08-22T10:34:34.676000+00:00,11348,87,1292,0.614,66.27
2026-08-22T10:34:37.481000+00:00,11348,23,1292,7.909,73.265
2026-08-22T10:34:37.721000+00:00,11348,31,1292,9.779,66.037
2026-08-22T10:34:38.092000+00:00,11348,18,1292,0.626,73.891
2026-08-22T10:34:38.281000+00:00,11348,87,1292,0.553,66.59
2026-08-22T10:34:38.483000+00:00,11348,14,1292,0.393,74.284
2026-08-22T10:34:40.038000+00:00,11348,31,1292,9.696,66.111
2026-08-22T10:34:40.597000+00:00,11348,87,1292,0.539,66.65
2026-08-22T10:34:41.057000+00:00,11348,31,1292,9.657,66.11
2026-08-22T10:34:41.602000+00:00,11348,87,1292,0.516,66.626
2026-08-22T10:34:41.722000+00:00,11348,31,1292,9.615,66.098
2026-08-22T10:34:42.254000+00:00,11348,87,1292,0.49,66.588
2026-08-22T10:34:42.453000+00:00,11348,23,1292,7.777,74.047
2026-08-22T10:34:42.920000+00:00,11348,18,1292,0.469,74.516
2026-08-22T10:34:43.408000+00:00,11348,14,1292,0.498,75.014
2026-08-22T10:34:46.180000+00:00,11348,23,1292,7.89,74.48
2026-08-22T10:34:46.304000+00:00,11348,18,1292,0.149,74.629
2026-08-22T10:34:47.014000+00:00,11348,14,1292,0.657,75.286
2026-08-22T10:34:48.570000+00:00,11348,23,1292,7.983,74.633
2026-08-22T10:34:48.602000+00:00,11348,18,1292,0.043,74.676
2026-08-22T10:34:49.281000+00:00,11348,14,1292,0.658,75.334
2026-08-22T10:34:49.608000+00:00,11348,23,1292,8.016,74.642
2026-08-22T10:34:49.682000+00:00,11348,18,1292,0.027,74.669
2026-08-22T10:34:50.241000+00:00,11348,23,1292,8.044,74.632
2026-08-22T10:34:50.288000+00:00,11348,14,1292,0.644,75.313
2026-08-22T10:34:50.351000+00:00,11348,18,1292,0.018,74.65
2026-08-22T10:34:50.929000+00:00,11348,14,1292,0.634,75.284
