meeting_key,session_key,driver_number,lap_number,date_start,duration_sector_1,duration_sector_2,duration_sector_3,i1_speed,i2_speed,is_pit_out_lap,lap_duration,segments_sector_1,segments_sector_2,segments_sector_3,st_speed
1291,11336,77,1,,,35.385,26.837,256,211,True,,"[2064, 2064, 2051, 2051, 2051, 2049, 2049]","[2049, 2049, 2049, 2049, 2049, 2049, 2049, 2049, 2049]","[2051, 2049, 2051, 2051, 2051, 2051]",
1291,11336,43,1,2026-07-24T15:00:07.400000+00:00,,36.741,25.85,231,217,True,,"[2064, 2064, 2049, 2049, 2049, 2049, 2049]","[2049, 2049, 2049, 2049, 2049, 2049, 2049, 2049, 2049]","[2049, 2051, 2051, 2049, 2049, 2051]",
1291,11336,27,1,2026-07-24T15:00:10.091000+00:00,,32.856,30.294,244,224,True,,"[2064, 2064, 2049, 2049, 2049, 2051, 2049]","[2049, 2051, 2051, 2051, 2051, 2049, 2051, 2051, 2051]","[2049, 2049, 2049, 2051, 2049, 2051]",
1291,11336,5,1,2026-07-24T15:00:12.692000+00:00,,35.958,28.275,240,99,True,,"[2064, 2064, 2049, 2049, 2049, 2049, 2049]","[2049, 2049, 2049, 2049, 2049, 2049, 2049, 2049, 2049]","[2049, 2049, 2049, 2049, 2051, 2051]",
1291,11336,10,1,2026-07-24T15:00:14.516000+00:00,,35.738,26.188,257,213,True,,"[2064, 2064, 2049, 2049, 2049, 2049, 2051]","[2049, 2049, 2049, 2049, 2049, 2049, 2049, 2049, 2049]","[2049, 2049, 2049, 2049, 2051, 2051]",
1291,11336,11,1,2026-07-24T15:00:18.123000+00:00,,33.85,29.495,249,220,True,,"[2064, 2064, 2049, 2049, 2049, 2049, 2049]","[2049, 2049, 2049, 2049, 2049, 2049, 2049, 2049, 2049]","[2049, 2049, 2049, 2051, 2049, 2049]",
1291,11336,30,1,2026-07-24T15:00:27.926000+00:00,,35.076,25.645,238,221,True,,"[2064, 2064, 2049, 2049, 2049, 2049, 2049]","[2049, 2049, 2049, 2049, 2049, 2049, 2049, 2049, 2049]","[2051, 2049, 2049, 2049, 2049, 2049]",
1291,11336,16,1,2026-07-24T15:00:32.615000+00:00,,34.206,26.037,258,209,True,,"[2064, 2064, 2049, 2049, 2049, 2049, 2049]","[2049, 2049, 2049, 2049, 2049, 2049, 2049, 2049, 2049]","[2049, 2049, 2049, 2051, 2051, 2051]",
1291,11336,44,1,2026-07-24T15:00:39.116000+00:00,,33.781,30.751,251,222,True,,"[2064, 2064, 2049, 2049, 2049, 2049, 2049]","[2049, 2049, 2049, 2049, 2049, 2049, 2049, 2049, 2049]","[2049, 2049, 2049, 2049, 2049, 2049]",
1291,11336,81,1,2026-07-24T15:00:41.835000+00:00,,33.709,25.097,233,216,True,,"[2064, 2064, 2049, 2049, 2049, 2049, 2049]","[2049, 2049, 2049, 2049, 2049, 2049, 2049, 2049, 2049]","[2049, 2051, 2051, 2051, 2049, 2049]",
1291,11336,41,1,2026-07-24T15:00:49.567000+00:00,,36.363,25.753,210,219,True,,"[2064, 2064, 2049, 2049, 2049, 2049, 2049]","[2049, 2049, 2049, 2049, 2049, 2049, 2049, 2049, 2049]","[2049, 2049, 2049, 2049, 2049, 2049]",
1291,11336,1,1,2026-07-24T15:01:10.824000+00:00,,33.099,28.547,249,216,True,,"[2064, 2064, 2049, 2049, 2049, 2049, 2049]","[2049, 2049, 2049, 2049, 2049, 2049, 2049, 2049, 2049]","[2049, 2049, 2049, 2049, 2049, 2049]",
1291,11336,23,1,2026-07-24T15:01:14.543000+00:00,,34.298,29.161,264,220,True,,"[2064, 2064, 2049, 2049, 2049, 2049, 2049]","[2049, 2049, 2049, 2049, 2049, 2049, 2049, 2049, 2049]","[2049, 2049, 2049, 2049, 2049, 2049]",
1291,11336,77,2,2026-07-24T15:01:37.108000+00:00,32.472,37.767,28.468,246,173,False,98.707,"[2049, 2049, 2049, 2049, 2048, 2048, 2048]","[2048, 2048, 2048, 2048, 2048, 2048, 2048, 2048, 2048]","[2048, 2048, 2049, 2049, 2048]",315
1291,11336,43,2,2026-07-24T15:01:49.876000+00:00,28.904,30.564,24.085,286,242,False,83.553,"[2049, 2049, 2049, 2049, 2049, 2049, 2049]","[2049, 2049, 2049, 2049, 2049, 2049, 2049, 2049, 2049]","[2049, 2049, 2051, 2049, 2048, 2048]",323
1291,11336,10,2,2026-07-24T15:01:55.845000+00:00,28.8,30.143,24.108,293,239,False,83.051,"[2049, 2049, 2049, 2049, 2049, 2049, 2049]","[2049, 2049, 2049, 2049, 2049, 2049, 2049, 2049, 2049]","[2049, 2049, 2049, 2049, 2048, 2048]",321
1291,11336,11,2,2026-07-24T15:01:59.372000+00:00,29.027,30.386,29.369,293,240,False,88.782,"[2049, 2049, 2049, 2049, 2049, 2049, 2049]","[2049, 2049, 2049, 2049, 2049, 2049, 2049, 2049, 2049]","[2049, 2049, 2048, 2048, 2048, 2048]",317
1291,11336,12,1,2026-07-24T15:02:04.026000+00:00,,35.683,25.143,242,220,True,,"[2064, 2064, 2049, 2049, 2049, 2049, 2049]","[2049, 2049, 2049, 2049, 2049, 2049, 2049, 2049, 2049]","[2049, 2049, 2049, 2049, 2049, 2049]",
1291,11336,27,2,2026-07-24T15:02:06.906000+00:00,28.367,29.576,23.845,300,244,False,81.788,"[2051, 2049, 2049, 2049, 2049, 2049, 2049]","[2049, 2049, 2049, 2049, 2049, 2049, 2049, 2049, 2049]","[2049, 2049, 2049, 2049, 2048, 2048]",323
1291,11336,30,2,2026-07-24T15:02:13.474000+00:00,28.76,29.79,23.45,299,250,False,82.0,"[2049, 2049, 2049, 2049, 2049, 2049, 2049]","[2049, 2049, 2051, 2049, 2049, 2049, 2049, 2049, 2049]","[2051, 2049, 2051, 2049, 2049, 2048]",319
1291,11336,5,2,2026-07-24T15:02:19.338000+00:00,28.52,29.729,23.627,299,240,False,81.876,"[2049, 2049, 2049, 2049, 2049, 2049, 2049]","[2049, 2049, 2049, 2049, 2049, 2049, 2049, 2049, 2049]","[2049, 2049, 2049, 2049, 2048, 2048]",321
1291,11336,16,2,2026-07-24T15:02:26.679000+00:00,28.03,29.134,22.939,297,251,False,80.103,"[2049, 2049, 2049, 2049, 2049, 2049, 2049]","[2049, 2049, 2049, 2049, 2051, 2051, 2049, 2051, 2051]","[2049, 2051, 2051, 2051, 2048, 2048]",320
1291,11336,81,2,2026-07-24T15:02:34.868000+00:00,28.245,31.041,31.655,296,147,False,90.941,"[2049, 2049, 2049, 2049, 2049, 2049, 2051]","[2049, 2049, 2049, 2049, 2049, 2049, 2049]","[2048, 2048, 2048, 2048, 2048]",320
1291,11336,31,1,2026-07-24T15:02:38.565000+00:00,,36.863,28.942,247,222,True,,"[2064, 2064, 2049, 2049, 2049, 2049, 2049]","[2049, 2049, 2049, 2049, 2049, 2049, 2049, 2049, 2049]","[2049, 2049, 2049, 2049, 2049, 2049]",
1291,11336,41,2,2026-07-24T15:02:46.474000+00:00,28.71,29.753,23.384,297,251,False,81.847,"[2049, 2049, 2049, 2049, 2049, 2049, 2049]","[2049, 2049, 2049, 2049, 2049, 2049, 2049, 2049, 2049]","[2049, 2049, 2049, 2049, 2049]",316
1291,11336,44,2,2026-07-24T15:02:54.938000+00:00,27.952,28.947,22.749,293,250,False,79.648,"[2049, 2049, 2051, 2049, 2051, 2051, 2049]","[2051, 2051, 2049, 2049, 2049, 2049, 2049, 2049, 2049]","[2049, 2051, 2051, 2051, 2048, 2048]",319
1291,11336,23,2,2026-07-24T15:03:01.692000+00:00,28.906,30.071,24.754,289,240,False,83.731,"[2049, 2049, 2049, 2049, 2049, 2049, 2049]","[2049, 2049, 2049, 2049, 2049, 2049, 2049, 2049, 2049]","[2049, 2049, 2049, 2049, 2048, 2048]",319
1291,11336,55,1,2026-07-24T15:03:05.458000+00:00,,33.017,25.708,256,215,True,,"[2064, 2064, 2049, 2049, 2049, 2049, 2049]","[2049, 2049, 2049, 2049, 2049, 2049, 2049, 2049, 2049]","[2049, 2049, 2049, 2049, 2049, 2049]",
1291,11336,6,1,2026-07-24T15:03:07.339000+00:00,,33.026,25.028,240,223,True,,"[2064, 2064, 2049, 2049, 2049, 2049, 2049]","[2049, 2049, 2049, 2049, 2049, 2049, 2049, 2049, 2049]","[2049, 2049, 2049, 2049, 2049, 2049]",
1291,11336,1,2,2026-07-24T15:03:10.293000+00:00,28.261,28.981,23.655,297,249,False,80.897,"[2049, 2051, 2049, 2051, 2049, 2049, 2049]","[2049, 2049, 2049, 2051, 2051, 2049, 2051, 2049, 2049]","[2049, 2049, 2049, 2049, 2048]",321
1291,11336,87,1,2026-07-24T15:03:10.809000+00:00,,34.651,25.269,236,218,True,,"[2064, 2064, 2049, 2049, 2049, 2049, 2049]","[2049, 2049, 2049, 2049, 2049, 2049, 2049, 2049, 2049]","[2049, 2049, 2049, 2049, 2049, 2049]",
1291,11336,43,3,2026-07-24T15:03:13.538000+00:00,49.825,50.866,33.826,126,150,False,134.517,"[2048, 2048, 2048, 2048, 2048, 2048, 2048]","[2048, 2048, 2048, 2048, 2048, 2048, 2048, 2048, 2048]","[2048, 2048, 2048, 2048, 2048, 2048]",229
1291,11336,77,3,2026-07-24T15:03:15.626000+00:00,36.535,41.188,27.092,186,182,False,104.815,"[None, 2048, 2048, 2048, 2048, 2048, 2048]","[2048, 2048, 2048, 2048, 2048, 2048, 2048, 2048, 2048]","[2048, 2048, 2048, 2049, 2049, 2048]",318
1291,11336,10,3,2026-07-24T15:03:18.663000+00:00,50.24,47.816,31.812,97,153,False,129.868,"[2048, 2048, 2048, 2048, 2048, 2048, 2048]","[2048, 2048, 2048, 2048, 2048, 2048, 2048, 2048, 2048]","[2048, 2048, 2048, 2048, 2048, 2048]",232
1291,11336,11,3,2026-07-24T15:03:28.095000+00:00,42.88,49.35,29.828,135,164,False,122.058,"[2048, 2048, 2048, 2048, 2048, 2048, 2048]","[2048, 2048, 2048, 2048, 2048, 2048, 2048, 2048, 2048]","[2048, 2049, 2048, 2048, 2048, 2048]",305
1291,11336,27,3,2026-07-24T15:03:28.505000+00:00,44.247,51.595,31.829,94,159,False,127.671,"[2048, 2048, 2048, 2048, 2048, 2048, 2048]","[2048, 2048, 2048, 2048, 2048, 2048, 2048, 2048, 2048]","[2048, 2048, 2048, 2048, 2049, 2049]",251
1291,11336,30,3,2026-07-24T15:03:35.392000+00:00,45.329,41.031,33.118,167,192,False,119.478,"[2048, 2048, 2048, 2048, 2048, 2048, 2048]","[2048, 2048, 2048, 2048, 2048, 2048, 2048, 2048, 2048]","[2048, 2048, 2048, 2064, 2064, 2064]",205
1291,11336,63,1,2026-07-24T15:03:37.342000+00:00,,32.621,26.964,250,222,True,,"[2064, 2064, 2049, 2049, 2049, 2049, 2049]","[2049, 2049, 2049, 2049, 2049, 2049, 2049, 2049, 2049]","[2049, 2049, 2049, 2049, 2051, 2051]",
1291,11336,14,1,2026-07-24T15:03:40.534000+00:00,,35.358,27.017,85,222,True,,"[2064, 2064, 2049, 2049, 2049, 2049, 2049]","[2049, 2049, 2049, 2049, 2049, 2049, 2049, 2049, 2049]","[2049, 2049, 2049, 2049, 2049, 2049]",
1291,11336,5,3,2026-07-24T15:03:41.064000+00:00,43.603,46.638,33.201,122,118,False,123.442,"[2048, 2048, 2048, 2048, 2048, 2048, 2048]","[2048, 2048, 2048, 2048, 2048, 2048, 2048, 2048, 2048]","[2048, 2048, 2048, 2048, 2048, 2048]",247
1291,11336,12,2,2026-07-24T15:03:45.843000+00:00,28.464,29.935,23.603,290,245,False,82.002,"[2049, 2049, 2049, 2049, 2049, 2049, 2049]","[2049, 2049, 2049, 2049, 2049, 2049, 2049, 2049, 2049]","[2049, 2049, 2049, 2049, 2048, 2048]",321
1291,11336,16,3,2026-07-24T15:03:46.828000+00:00,48.553,45.923,30.335,132,205,False,124.811,"[2048, 2048, 2048, 2048, 2048, 2048, 2048]","[2048, 2048, 2048, 2048, 2048, 2048, 2048, 2048, 2048]","[2048, 2048, 2048, 2048, 2048, 2048]",255
1291,11336,81,3,2026-07-24T15:04:05.763000+00:00,38.0,38.005,37.204,227,203,False,113.209,"[2048, 2048, 2048, 2048, 2048, 2048, 2048]","[2048, 2048, 2048, 2048, 2048, 2048, 2048, 2048, 2048]","[2048, 2048, 2048, 2048, 2049]",218
1291,11336,41,3,2026-07-24T15:04:08.127000+00:00,42.536,49.802,31.925,169,149,False,124.263,"[2048, 2048, 2048, 2048, 2048, 2048, 2048]","[2048, 2048, 2048, 2048, 2048, 2048, 2048, 2048, 2048]","[2048, 2048, 2048, 2048, 2048, 2048]",203
1291,11336,44,3,2026-07-24T15:04:14.612000+00:00,59.445,59.713,30.395,159,122,False,149.553,"[2048, 2048, 2048, 2048, 2048, 2048, 2048]","[2048, 2048, 2048, 2048, 2048, 2048, 2048, 2048, 2048]","[2048, 2048, 2048, 2048, 2049, 2049]",165
1291,11336,31,2,2026-07-24T15:04:18.008000+00:00,28.704,29.773,23.521,292,238,False,81.998,"[2049, 2049, 2049, 2049, 2049, 2049, 2049]","[2049, 2049, 2049, 2049, 2049, 2049, 2049, 2049, 2049]","[2049, 2049, 2049, 2049, 2049]",316
1291,11336,23,3,2026-07-24T15:04:25.300000+00:00,48.503,48.585,32.179,234,184,False,129.267,"[2048, 2048, 2048, 2048, 2048, 2048, 2048]","[2048, 2048, 2048, 2048, 2048, 2048, 2048, 2048, 2048]","[2048, 2048, 2048, 2048, 2048, 2049]",200
1291,11336,3,1,2026-07-24T15:04:30.008000+00:00,,36.506,28.332,247,217,True,,"[2064, 2064, 2049, 2049, 2049, 2049, 2049]","[2049, 2049, 2049, 2049, 2049, 2049, 2049, 2049, 2049]","[2049, 2049, 2049, 2049, 2049, 2049]",
1291,11336,1,3,2026-07-24T15:04:31.026000+00:00,51.92,57.092,32.382,130,92,False,141.394,"[2048, 2048, 2048, 2048, 2048, 2048, 2048]","[2048, 2048, 2048, 2048, 2048, 2048, 2048, 2048, 2048]","[2048, 2048, 2048, 2048, 2048, 2048]",212
1291,11336,55,2,2026-07-24T15:04:37.860000+00:00,29.147,30.286,24.035,292,243,False,83.468,"[2049, 2049, 2049, 2049, 2049, 2049, 2049]","[2049, 2049, 2049, 2049, 2049, 2049, 2049, 2049, 2049]","[2049, 2049, 2049, 2049, 2048]",316
1291,11336,6,2,2026-07-24T15:04:47.803000+00:00,28.612,41.849,29.799,300,122,False,100.26,"[2049, 2049, 2049, 2049, 2049, 2049, 2049]","[2049, 2049, 2049, 2048, 2048, 2048, 2048, 2048, 2048]","[2048, 2048, 2048, 2048, 2049]",314
1291,11336,87,2,2026-07-24T15:04:51.752000+00:00,28.631,30.29,23.977,293,241,False,82.898,"[2049, 2049, 2049, 2049, 2049, 2049, 2049]","[2049, 2049, 2049, 2049, 2049, 2049, 2049, 2049, 2049]","[2049, 2049, 2049, 2048, 2048, 2048]",317
1291,11336,77,4,2026-07-24T15:05:00.622000+00:00,28.955,30.817,26.041,296,238,False,85.813,"[2048, 2049, 2049, 2049, 2049, 2049, 2049]","[2049, 2049, 2049, 2049, 2049, 2049, 2049, 2049, 2049]","[2049, 2048, 2049, 2048, 2048, 2048]",315
1291,11336,12,3,2026-07-24T15:05:07.854000+00:00,43.279,45.96,28.108,93,178,False,117.347,"[2048, 2048, 2048, 2048, 2048, 2048, 2048]","[2048, 2048, 2048, 2048, 2048, 2048, 2048, 2048, 2048]","[2048, 2048, 2048, 2048, 2049, 2048]",219
1291,11336,63,2,2026-07-24T15:05:09.081000+00:00,28.204,29.255,23.893,290,247,False,81.352,"[2051, 2049, 2049, 2049, 2049, 2051, 2049]","[2049, 2049, 2049, 2049, 2049, 2049, 2049, 2049, 2049]","[2049, 2049, 2049, 2049, 2048, 2048]",322
1291,11336,14,2,2026-07-24T15:05:16.672000+00:00,34.617,36.135,33.35,250,136,False,104.102,"[2049, 2049, 2049, 2048, 2048, 2048, 2049]","[2049, 2048, 2048, 2048, 2048, 2049, 2048, 2048, 2048]","[2048, 2048, 2048, 2048, 2049, 2049]",259
1291,11336,43,4,2026-07-24T15:05:28.028000+00:00,37.29,36.715,31.311,145,209,False,105.316,"[None, 2048, 2048, 2048, 2048, 2048, 2048]","[2048, 2048, 2048, 2048, 2048, 2048, 2048, 2048, 2048]","[2048, 2048, 2048, 2048, 2048, 2048]",241
1291,11336,10,4,2026-07-24T15:05:28.664000+00:00,38.009,40.379,30.398,229,165,False,108.786,"[None, 2048, 2048, 2048, 2048, 2048, 2048]","[2048, 2048, 2048, 2048, 2048, 2048, 2048, 2048, 2048]","[2048, 2048, 2048, 2048, 2049, 2049]",226
1291,11336,11,4,2026-07-24T15:05:30.226000+00:00,28.865,30.465,23.75,293,242,False,83.08,"[None, 2049, 2049, 2048, 2049, 2049, 2049]","[2049, 2048, 2048, 2049, 2048, 2048, 2048, 2048, 2049]","[2048, 2049, 2049, 2049, 2048, 2048]",314
1291,11336,27,4,2026-07-24T15:05:36.378000+00:00,28.597,45.398,33.432,297,144,False,107.427,"[None, 2048, 2048, 2049, 2048, 2049, 2048]","[2048, 2048, 2048, 2048, 2048, 2048, 2048, 2048, 2048]","[2048, 2048, 2048, 2048, 2049, 2049]",318
1291,11336,31,3,2026-07-24T15:05:39.921000+00:00,41.413,48.918,31.744,165,182,False,122.075,"[2048, 2048, 2048, 2048, 2048, 2048, 2048]","[2048, 2048, 2048, 2048, 2048, 2048, 2048, 2048, 2048]","[2048, 2048, 2048, 2048, 2048, 2048]",211
1291,11336,5,4,2026-07-24T15:05:44.641000+00:00,28.505,30.449,25.757,292,236,False,84.711,"[None, 2048, 2049, 2049, 2049, 2049, 2048]","[2049, 2049, 2049, 2049, 2049, 2048, 2048, 2048, 2048]","[2048, 2048, 2048, 2048, 2048, 2048]",318
1291,11336,16,4,2026-07-24T15:05:51.607000+00:00,32.802,39.582,29.157,246,138,False,101.541,"[None, 2048, 2048, 2048, 2048, 2048, 2048]","[2048, 2048, 2048, 2048, 2048, 2048, 2048, 2048, 2048]","[2048, 2048, 2048, 2048, 2049, 2049]",318
1291,11336,81,4,2026-07-24T15:05:58.914000+00:00,28.495,29.725,31.282,300,247,False,89.502,"[2049, 2048, 2048, 2051, 2048, 2048, 2048]","[2049, 2049, 2048, 2048, 2048, 2048, 2048, 2049, 2049]","[2049, 2048, 2048, 2048, 2048, 2048]",319
1291,11336,55,3,2026-07-24T15:06:01.097000+00:00,41.566,46.106,25.854,149,216,False,113.526,"[2048, 2048, 2048, 2048, 2048, 2048, 2048]","[2048, 2048, 2048, 2048, 2048, 2048, 2048, 2048, 2048]","[2048, 2048, 2048, 2048, 2049, 2049]",193
1291,11336,30,4,2026-07-24T15:06:04.460000+00:00,66.595,35.707,25.864,242,202,True,128.166,"[2064, 2064, 2048, 2048, 2048, 2048, 2048]","[2048, 2048, 2048, 2048, 2048, 2048, 2048, 2048, 2048]","[2048, 2048, 2048, 2048, 2048, 2048]",
1291,11336,3,2,2026-07-24T15:06:07.656000+00:00,28.235,29.016,23.158,290,247,False,80.409,"[2049, 2049, 2049, 2049, 2049, 2051, 2049]","[2049, 2051, 2051, 2049, 2049, 2049, 2049, 2049, 2049]","[2049, 2049, 2049, 2049, 2048, 2048]",318
1291,11336,41,4,2026-07-24T15:06:12.514000+00:00,37.779,39.916,30.378,195,211,False,108.073,"[None, 2048, 2048, 2048, 2048, 2048, 2048]","[2048, 2048, 2048, 2048, 2048, 2048, 2048, 2048, 2048]","[2048, 2048, 2048, 2048, 2049, 2048]",255
1291,11336,87,3,2026-07-24T15:06:14.575000+00:00,60.211,52.668,35.411,118,157,False,148.29,"[2048, 2048, 2048, 2048, 2048, 2048, 2048]","[2048, 2048, 2048, 2048, 2048, 2048, 2048, 2048, 2048]","[2048, 2048, 2048, 2064, 2064, 2064]",153
1291,11336,77,5,2026-07-24T15:06:26.387000+00:00,41.445,40.259,28.906,208,194,False,110.61,"[None, 2048, 2048, 2048, 2048, 2048, 2048]","[2048, 2048, 2048, 2048, 2048, 2048, 2048, 2048, 2048]","[2048, 2048, 2048, 2048, 2049, 2049]",222
1291,11336,6,3,2026-07-24T15:06:27.964000+00:00,28.223,29.228,23.253,290,244,False,80.704,"[None, 2049, 2049, 2048, 2049, 2049, 2048]","[2049, 2049, 2049, 2049, 2051, 2049, 2049, 2049, 2049]","[2049, 2049, 2049, 2049, 2048]",318
1291,11336,63,3,2026-07-24T15:06:30.369000+00:00,43.589,43.264,33.813,187,156,False,120.666,"[2048, 2048, 2048, 2048, 2048, 2048, 2048]","[2048, 2048, 2048, 2048, 2048, 2048, 2048, 2048, 2048]","[2048, 2048, 2048, 2064, 2064, 2064]",170
1291,11336,23,4,2026-07-24T15:06:34.676000+00:00,28.97,41.497,30.119,286,159,False,100.586,"[None, 2049, 2049, 2048, 2048, 2049, 2049]","[2049, 2049, 2049, 2048, 2048, 2048, 2048, 2048, 2048]","[2048, 2048, 2048, 2048, 2048, 2048]",319
1291,11336,44,4,2026-07-24T15:06:44.201000+00:00,27.926,29.176,34.746,299,250,False,91.848,"[2049, 2049, 2048, 2048, 2048, 2049, 2049]","[2048, 2048, 2048, 2048, 2049, 2048, 2048, 2048, 2049]","[2049, 2048, 2048, 2048, 2048, 2048]",319
1291,11336,1,4,2026-07-24T15:06:52.559000+00:00,31.519,34.621,30.796,169,222,False,96.936,"[None, 2048, 2049, 2048, 2048, 2048, 2048]","[2048, 2048, 2048, 2048, 2048, 2048, 2048, 2048, 2048]","[2048, 2048, 2048, 2048, 2049, 2049]",319
1291,11336,11,5,2026-07-24T15:06:53.268000+00:00,42.867,48.438,32.812,173,144,False,124.117,"[None, 2048, 2048, 2048, 2048, 2048, 2048]","[2048, 2048, 2048, 2048, 2048, 2048, 2048, 2048, 2048]","[2048, 2048, 2048, 2048, 2048, 2048]",244
1291,11336,14,3,2026-07-24T15:07:00.601000+00:00,29.467,30.035,23.546,274,240,False,83.048,"[None, 2049, 2049, 2049, 2049, 2049, 2049]","[2049, 2049, 2049, 2049, 2049, 2049, 2049, 2049, 2049]","[2049, 2049, 2049, 2049, 2049, 2049]",303
1291,11336,12,4,2026-07-24T15:07:05.244000+00:00,28.425,29.594,23.402,291,248,False,81.421,"[None, 2049, 2049, 2049, 2048, 2049, 2049]","[2049, 2049, 2048, 2049, 2048, 2049, 2048, 2049, 2049]","[2049, 2049, 2049, 2049, 2048]",322
1291,11336,5,5,2026-07-24T15:07:09.256000+00:00,38.348,41.31,30.738,191,179,False,110.396,"[None, 2048, 2048, 2048, 2048, 2048, 2048]","[2048, 2048, 2048, 2048, 2048, 2048, 2048, 2048, 2048]","[2048, 2048, 2048, 2064, 2064, 2064]",
1291,11336,43,5,2026-07-24T15:07:13.239000+00:00,28.744,30.085,23.702,289,246,False,82.531,"[None, 2048, 2049, 2049, 2049, 2049, 2049]","[2049, 2049, 2049, 2049, 2049, 2049, 2049, 2049, 2049]","[2049, 2049, 2049, 2049, 2049, 2048]",319
1291,11336,10,5,2026-07-24T15:07:17.411000+00:00,28.586,29.923,23.623,296,238,False,82.132,"[2049, 2049, 2049, 2048, 2048, 2049, 2049]","[2049, 2049, 2048, 2048, 2049, 2049, 2048, 2049, 2048]","[2048, 2049, 2049, 2049, 2048]",322
1291,11336,27,5,2026-07-24T15:07:23.735000+00:00,28.349,29.448,23.376,294,249,False,81.173,"[None, 2048, 2049, 2048, 2049, 2049, 2049]","[2049, 2048, 2049, 2049, 2049, 2048, 2049, 2049, 2049]","[2049, 2049, 2049, 2049, 2048]",320
1291,11336,3,3,2026-07-24T15:07:27.902000+00:00,50.884,46.719,27.042,124,197,False,124.645,"[2048, 2048, 2048, 2048, 2048, 2048, 2048]","[2048, 2048, 2048, 2048, 2048, 2048, 2048, 2048, 2048]","[2048, 2048, 2048, 2048, 2049, 2049]",195
1291,11336,81,5,2026-07-24T15:07:28.559000+00:00,44.611,38.374,28.255,203,144,False,111.24,"[2048, 2048, 2048, 2048, 2048, 2048, 2048]","[2048, 2048, 2048, 2048, 2048, 2048, 2048, 2048, 2048]","[2048, 2048, 2048, 2049, 2049, 2049]",163
1291,11336,16,5,2026-07-24T15:07:33.188000+00:00,27.998,28.889,22.833,299,252,False,79.72,"[2049, 2048, 2048, 2049, 2048, 2049, 2049]","[2051, 2049, 2049, 2049, 2048, 2048, 2048, 2048, 2051]","[2048, 2049, 2049, 2051, 2048, 2048]",319
1291,11336,31,4,2026-07-24T15:07:42.103000+00:00,43.578,43.959,27.802,152,220,False,115.339,"[None, 2048, 2048, 2048, 2048, 2048, 2048]","[2048, 2048, 2048, 2048, 2048, 2048, 2048, 2048, 2048]","[2048, 2048, 2048, 2048, 2048, 2049]",185
1291,11336,30,5,2026-07-24T15:07:43.094000+00:00,28.292,29.574,23.601,293,251,False,81.467,"[2049, 2049, 2049, 2049, 2049, 2049, 2049]","[2049, 2049, 2051, 2049, 2049, 2048, 2049, 2048, 2049]","[2051, 2048, 2048, 2049, 2048, 2048]",320
1291,11336,6,4,2026-07-24T15:07:48.730000+00:00,54.701,55.528,29.884,132,147,False,140.113,"[2048, 2048, 2048, 2048, 2048, 2048, 2048]","[2048, 2048, 2048, 2048, 2048, 2048, 2048, 2048, 2048]","[2048, 2048, 2048, 2048, 2049, 2048]",174
1291,11336,55,4,2026-07-24T15:07:54.754000+00:00,28.808,30.359,24.024,296,234,False,83.191,"[2049, 2049, 2049, 2049, 2048, 2049, 2049]","[2049, 2048, 2049, 2049, 2049, 2048, 2048, 2048, 2048]","[2048, 2048, 2049, 2049, 2048]",318
1291,11336,41,5,2026-07-24T15:08:00.545000+00:00,28.46,29.51,25.181,299,248,False,83.151,"[2049, 2049, 2049, 2049, 2049, 2049, 2051]","[2049, 2049, 2049, 2049, 2048, 2048, 2049, 2048, 2048]","[2048, 2048, 2048, 2048, 2048, 2048]",319
1291,11336,23,5,2026-07-24T15:08:15.205000+00:00,35.147,38.022,26.175,248,210,False,99.344,"[None, 2048, 2048, 2048, 2048, 2048, 2048]","[2048, 2048, 2048, 2048, 2048, 2048, 2048, 2048, 2048]","[2048, 2048, 2048, 2048, 2049, 2049]",269
1291,11336,44,5,2026-07-24T15:08:16.069000+00:00,52.593,39.893,32.32,208,210,False,124.806,"[2048, 2048, 2048, 2048, 2048, 2048, 2048]","[2048, 2048, 2048, 2048, 2048, 2048, 2048, 2048, 2048]","[2048, 2048, 2048, 2048, 2048, 2048]",186
1291,11336,77,6,2026-07-24T15:08:17.023000+00:00,29.536,30.943,24.041,287,239,False,84.52,"[2049, 2049, 2049, 2049, 2048, 2048, 2048]","[2048, 2048, 2048, 2049, 2049, 2048, 2049, 2049, 2049]","[2048, 2049, 2049, 2048, 2048]",318
1291,11336,14,4,2026-07-24T15:08:23.775000+00:00,39.62,40.392,31.515,240,186,False,111.527,"[2048, 2048, 2048, 2048, 2048, 2048, 2048]","[2048, 2048, 2048, 2048, 2048, 2048, 2048, 2048, 2048]","[2048, 2048, 2048, 2048, 2048, 2049]",157
1291,11336,12,5,2026-07-24T15:08:26.644000+00:00,45.731,41.284,33.561,186,172,False,120.576,"[None, 2048, 2048, 2048, 2048, 2048, 2048]","[2048, 2048, 2048, 2048, 2048, 2048, 2048, 2048, 2048]","[2048, 2048, 2048, 2064, 2064, 2064]",234
1291,11336,1,5,2026-07-24T15:08:29.528000+00:00,28.092,28.814,25.439,299,242,False,82.345,"[2049, 2048, 2049, 2049, 2049, 2049, 2049]","[2049, 2049, 2049, 2048, 2051, 2049, 2048, 2048, 2048]","[2048, 2049, 2049, 2048, 2048, 2048]",321
1291,11336,43,6,2026-07-24T15:08:35.787000+00:00,38.616,49.78,35.611,163,127,False,124.007,"[None, 2048, 2048, 2048, 2048, 2048, 2048]","[2048, 2048, 2048, 2048, 2048, 2048, 2048, 2048, 2048]","[2048, 2048, 2048, 2048, 2048, 2048]",214
1291,11336,10,6,2026-07-24T15:08:39.423000+00:00,33.733,35.683,30.923,245,208,False,100.339,"[2048, 2048, 2048, 2048, 2048, 2048, 2048]","[2048, 2048, 2048, 2048, 2048, 2048, 2048, 2048, 2048]","[2048, 2048, 2048, 2064, 2064, 2064]",276
1291,11336,27,6,2026-07-24T15:08:44.745000+00:00,34.979,45.268,34.471,166,146,False,114.718,"[None, 2048, 2048, 2048, 2048, 2048, 2048]","[2048, 2048, 2048, 2048, 2048, 2048, 2048, 2048, 2048]","[2048, 2048, 2048, 2048, 2048, 2048]",278
1291,11336,16,6,2026-07-24T15:08:52.896000+00:00,40.308,43.754,28.066,158,143,False,112.128,"[2048, 2048, 2048, 2048, 2048, 2048, 2048]","[2048, 2048, 2048, 2048, 2048, 2048, 2048, 2048, 2048]","[2048, 2048, 2048, 2048, 2048, 2048]",280
1291,11336,63,4,2026-07-24T15:08:53.959000+00:00,57.005,35.554,25.851,249,203,True,118.41,"[2064, 2064, 2048, 2048, 2048, 2048, 2048]","[2048, 2048, 2048, 2048, 2048, 2048, 2048, 2048, 2048]","[2048, 2048, 2048, 2049, 2048, 2048]",
1291,11336,11,6,2026-07-24T15:08:57.573000+00:00,45.872,53.684,28.92,141,125,False,128.476,"[None, 2048, 2048, 2048, 2048, 2048, 2048]","[2048, 2048, 2048, 2048, 2048, 2048, 2048, 2048, 2048]","[2048, 2048, 2048, 2048, 2049, 2049]",264
1291,11336,30,6,2026-07-24T15:09:04.511000+00:00,40.668,44.035,33.923,171,118,False,118.626,"[2048, 2048, 2048, 2048, 2048, 2048, 2048]","[2048, 2048, 2048, 2048, 2048, 2048, 2048, 2048, 2048]","[2048, 2048, 2048, 2048, 2048, 2048]",186
1291,11336,55,5,2026-07-24T15:09:17.796000+00:00,53.026,46.989,29.872,136,212,False,129.887,"[2048, 2048, 2048, 2048, 2048, 2048, 2048]","[2048, 2048, 2048, 2048, 2048, 2048, 2048, 2048, 2048]","[2048, 2048, 2048, 2048, 2049, 2049]",171
1291,11336,81,6,2026-07-24T15:09:19.824000+00:00,28.196,29.489,23.442,300,250,False,81.127,"[2049, 2049, 2049, 2048, 2048, 2049, 2051]","[2049, 2049, 2048, 2048, 2049, 2048, 2048, 2049, 2049]","[2048, 2049, 2049, 2049, 2049, 2048]",320
1291,11336,87,4,2026-07-24T15:09:20.966000+00:00,73.051,37.86,28.858,228,214,True,139.769,"[2064, 2064, 2048, 2048, 2048, 2048, 2048]","[2048, 2048, 2048, 2048, 2048, 2048, 2048, 2048, 2048]","[2048, 2048, 2048, 2048, 2049, 2048]",
1291,11336,41,6,2026-07-24T15:09:23.831000+00:00,46.409,42.427,30.248,194,159,False,119.084,"[2048, 2048, 2048, 2048, 2048, 2048, 2048]","[2048, 2048, 2048, 2048, 2048, 2048, 2048, 2048, 2048]","[2048, 2048, 2048, 2048, 2048, 2048]",220
1291,11336,5,6,2026-07-24T15:09:25.168000+00:00,63.932,35.319,35.214,245,222,True,134.465,"[2064, 2064, 2048, 2048, 2048, 2048, 2048]","[2048, 2048, 2048, 2048, 2048, 2048, 2048, 2048, 2048]","[2048, 2048, 2048, 2048, 2049, 2048]",
1291,11336,3,4,2026-07-24T15:09:32.741000+00:00,28.029,29.152,22.992,288,247,False,80.173,"[2049, 2048, 2049, 2051, 2049, 2051, 2048]","[2049, 2048, 2048, 2048, 2049, 2048, 2049, 2048, 2048]","[2049, 2048, 2049, 2049, 2049]",317
1291,11336,31,5,2026-07-24T15:09:37.532000+00:00,29.088,30.164,23.439,294,240,False,82.691,"[2049, 2049, 2048, 2049, 2048, 2049, 2049]","[2048, 2049, 2048, 2048, 2049, 2048, 2048, 2048, 2049]","[2049, 2048, 2049, 2048, 2049, 2049]",317
1291,11336,77,7,2026-07-24T15:09:41.395000+00:00,41.415,42.872,35.388,82,171,False,119.675,"[2048, 2048, 2048, 2048, 2048, 2048, 2048]","[2048, 2048, 2048, 2048, 2048, 2048, 2048, 2048, 2048]","[2048, 2048, 2048, 2048, 2048, 2048]",262
1291,11336,1,6,2026-07-24T15:09:51.825000+00:00,36.452,36.108,30.473,237,159,False,103.033,"[2048, 2048, 2048, 2048, 2048, 2048, 2048]","[2048, 2048, 2048, 2048, 2048, 2048, 2048, 2048, 2048]","[2048, 2048, 2048, 2064, 2064, 2064]",180
1291,11336,23,6,2026-07-24T15:09:54.536000+00:00,28.788,37.573,33.181,292,145,False,99.542,"[2049, 2048, 2048, 2049, 2048, 2048, 2049]","[2049, 2048, 2048, 2048, 2048, 2048, 2048, 2048, 2048]","[2048, 2048, 2048, 2048, 2048, 2048]",318
1291,11336,6,5,2026-07-24T15:10:09.010000+00:00,45.087,40.741,34.892,213,151,False,120.72,"[None, 2048, 2048, 2048, 2048, 2048, 2048]","[2048, 2048, 2048, 2048, 2048, 2048, 2048, 2048, 2048]","[2048, 2048, 2048, 2064, 2064, 2064]",316
1291,11336,14,5,2026-07-24T15:10:15.405000+00:00,29.213,29.804,23.466,276,241,False,82.483,"[2049, 2048, 2049, 2049, 2049, 2049, 2049]","[2049, 2048, 2049, 2049, 2048, 2049, 2049, 2049, 2049]","[2049, 2048, 2049, 2048, 2049, 2048]",305
1291,11336,44,6,2026-07-24T15:10:20.859000+00:00,27.931,28.877,22.777,301,247,False,79.585,"[None, 2048, 2048, 2048, 2048, 2048, 2049]","[2049, 2049, 2048, 2048, 2049, 2048, 2049, 2049, 2048]","[2048, 2048, 2051, 2049, 2048]",318
1291,11336,63,5,2026-07-24T15:10:29.461000+00:00,28.076,29.278,23.118,293,249,False,80.472,"[2048, 2049, 2049, 2048, 2049, 2049, 2049]","[2049, 2048, 2048, 2049, 2048, 2049, 2048, 2049, 2049]","[2049, 2049, 2049, 2049, 2048, 2048]",319
1291,11336,27,7,2026-07-24T15:10:39.635000+00:00,39.133,40.376,26.785,176,220,False,106.294,"[None, 2048, 2048, 2048, 2048, 2048, 2048]","[2048, 2048, 2048, 2048, 2048, 2048, 2048, 2048, 2048]","[2048, 2048, 2048, 2048, 2049, 2049]",250
1291,11336,43,7,2026-07-24T15:10:39.910000+00:00,44.599,37.153,29.408,185,207,False,111.16,"[None, 2048, 2048, 2048, 2048, 2048, 2048]","[2048, 2048, 2048, 2048, 2048, 2048, 2048, 2048, 2048]","[2048, 2048, 2048, 2048, 2048, 2048]",239
1291,11336,81,7,2026-07-24T15:10:40.832000+00:00,44.674,39.374,31.255,190,153,False,115.303,"[2048, 2048, 2048, 2048, 2048, 2048, 2048]","[2048, 2048, 2048, 2048, 2048, 2048, 2048, 2048, 2048]","[2048, 2048, 2048, 2064, 2064, 2064]",181
1291,11336,16,7,2026-07-24T15:10:45.045000+00:00,30.318,38.825,25.854,223,170,False,94.997,"[None, 2048, 2048, 2048, 2048, 2048, 2048]","[2048, 2048, 2048, 2048, 2048, 2048, 2048, 2048, 2048]","[2048, 2048, 2048, 2048, 2048, 2048]",318
1291,11336,12,6,2026-07-24T15:10:52.530000+00:00,64.849,36.309,31.259,200,139,True,132.417,"[2064, 2064, 2048, 2048, 2048, 2048, 2048]","[2048, 2048, 2048, 2048, 2048, 2048, 2048, 2048, 2048]","[2048, 2048, 2048, 2048, 2049, 2049]",
1291,11336,3,5,2026-07-24T15:10:52.796000+00:00,34.377,34.694,31.71,216,222,False,100.781,"[2048, 2048, 2048, 2048, 2048, 2048, 2048]","[2048, 2048, 2048, 2048, 2048, 2048, 2048, 2048, 2048]","[2048, 2048, 2048, 2064, 2064, 2064]",246
1291,11336,31,6,2026-07-24T15:11:00.167000+00:00,44.636,41.261,30.531,174,190,False,116.428,"[2048, 2048, 2048, 2048, 2048, 2048, 2048]","[2048, 2048, 2048, 2048, 2048, 2048, 2048, 2048, 2048]","[2048, 2048, 2048, 2064, 2064, 2064]",172
1291,11336,87,5,2026-07-24T15:11:02.667000+00:00,33.167,40.8,26.196,145,208,False,100.163,"[2049, 2048, 2049, 2049, 2048, 2048, 2048]","[2048, 2048, 2048, 2048, 2048, 2048, 2048, 2048, 2048]","[2048, 2048, 2048, 2048, 2049, 2049]",317
1291,11336,30,7,2026-07-24T15:11:03.190000+00:00,40.296,36.45,27.057,150,212,False,103.803,"[None, 2048, 2048, 2048, 2048, 2048, 2048]","[2048, 2048, 2048, 2048, 2048, 2048, 2048, 2048, 2048]","[2048, 2048, 2048, 2048, 2049, 2049]",250
1291,11336,11,7,2026-07-24T15:11:05.995000+00:00,28.926,30.316,23.689,294,242,False,82.931,"[2049, 2049, 2048, 2048, 2049, 2048, 2048]","[2049, 2049, 2049, 2048, 2049, 2048, 2049, 2049, 2049]","[2048, 2048, 2048, 2049, 2048, 2048]",317
1291,11336,5,7,2026-07-24T15:11:14.261000+00:00,28.439,29.704,23.489,292,239,False,81.632,"[2048, 2048, 2049, 2049, 2048, 2049, 2048]","[2048, 2048, 2048, 2048, 2048, 2048, 2048, 2048, 2048]","[2049, 2049, 2049, 2049, 2048, 2048]",318
1291,11336,41,7,2026-07-24T15:11:22.861000+00:00,40.88,35.321,30.38,150,211,False,106.581,"[None, 2048, 2048, 2048, 2048, 2048, 2048]","[2048, 2048, 2048, 2048, 2048, 2048, 2048, 2048, 2048]","[2048, 2048, 2048, 2048, 2049, 2048]",233
1291,11336,55,6,2026-07-24T15:11:27.904000+00:00,29.106,39.609,26.446,259,207,False,95.161,"[None, 2048, 2048, 2048, 2049, 2048, 2048]","[2048, 2048, 2048, 2048, 2048, 2048, 2048, 2048, 2048]","[2048, 2048, 2048, 2048, 2049, 2048]",316
1291,11336,23,7,2026-07-24T15:11:34.074000+00:00,28.817,40.045,30.902,291,152,False,99.764,"[2048, 2048, 2049, 2048, 2049, 2048, 2049]","[2049, 2048, 2048, 2048, 2048, 2048, 2048, 2048, 2048]","[2048, 2048, 2048, 2048, 2048, 2048]",307
1291,11336,14,6,2026-07-24T15:11:37.768000+00:00,40.64,43.745,29.188,227,188,False,113.573,"[2048, 2048, 2048, 2048, 2048, 2048, 2048]","[2048, 2048, 2048, 2048, 2048, 2048, 2048, 2048, 2048]","[2048, 2048, 2048, 2048, 2048, 2048]",177
1291,11336,44,7,2026-07-24T15:11:40.261000+00:00,53.568,79.032,35.047,80,89,False,167.647,"[None, 2048, 2048, 2048, 2048, 2048, 2048]","[2048, 2048, 2048, 2048, 2048, 2048, 2048, 2048, 2048]","[2048, 2048, 2048, 2048, 2048, 2048]",280
1291,11336,77,8,2026-07-24T15:11:41.167000+00:00,42.955,41.548,29.065,159,191,False,113.568,"[None, 2048, 2048, 2048, 2048, 2048, 2048]","[2048, 2048, 2048, 2048, 2048, 2048, 2048, 2048, 2048]","[2048, 2048, 2048, 2048, 2049, 2049]",215
1291,11336,63,6,2026-07-24T15:11:49.858000+00:00,61.346,52.12,27.053,124,205,False,140.519,"[None, 2048, 2048, 2048, 2048, 2048, 2048]","[2048, 2048, 2048, 2048, 2048, 2048, 2048, 2048, 2048]","[2048, 2048, 2048, 2048, 2048, 2048]",131
1291,11336,16,8,2026-07-24T15:12:20.030000+00:00,27.97,28.814,22.942,298,250,False,79.726,"[None, 2048, 2048, 2049, 2051, 2049, 2049]","[2048, 2048, 2048, 2049, 2049, 2051, 2049, 2048, 2048]","[2048, 2048, 2048, 2048, 2048, 2048]",
1291,11336,27,8,2026-07-24T15:12:25.885000+00:00,28.251,29.228,23.588,293,247,False,81.067,"[None, 2048, 2049, 2048, 2049, 2048, 2048]","[2049, 2048, 2048, 2049, 2049, 2049, 2049, 2049, 2048]","[2048, 2048, 2048, 2049, 2048, 2048]",320
1291,11336,11,8,2026-07-24T15:12:28.872000+00:00,38.555,41.009,30.109,120,199,False,109.673,"[2048, 2048, 2048, 2048, 2048, 2048, 2048]","[2048, 2048, 2048, 2048, 2048, 2048, 2048, 2048, 2048]","[2048, 2048, 2048, 2064, 2064, 2064]",262
1291,11336,43,8,2026-07-24T15:12:30.925000+00:00,28.65,29.904,23.551,291,245,False,82.105,"[None, 2048, 2048, 2049, 2049, 2049, 2048]","[2049, 2048, 2048, 2049, 2049, 2049, 2049, 2049, 2048]","[2049, 2049, 2049, 2049, 2049]",319
1291,11336,5,8,2026-07-24T15:12:35.726000+00:00,37.566,39.909,31.188,183,182,False,108.663,"[None, 2048, 2048, 2048, 2048, 2048, 2048]","[2048, 2048, 2048, 2048, 2048, 2048, 2048, 2048, 2048]","[2048, 2048, 2048, 2064, 2064, 2064]",275
1291,11336,12,7,2026-07-24T15:12:39.672000+00:00,28.185,29.619,23.223,288,247,False,81.027,"[2049, 2049, 2049, 2049, 2049, 2048, 2048]","[2049, 2048, 2049, 2049, 2049, 2048, 2048, 2048, 2048]","[2048, 2048, 2049, 2048, 2048]",322
1291,11336,87,6,2026-07-24T15:12:42.789000+00:00,28.802,30.002,23.576,294,244,False,82.38,"[None, 2049, 2048, 2048, 2049, 2048, 2048]","[2049, 2048, 2049, 2049, 2049, 2049, 2049, 2049, 2049]","[2049, 2049, 2049, 2049, 2049, 2048]",319
1291,11336,30,8,2026-07-24T15:12:47.008000+00:00,28.332,29.464,23.386,303,251,False,81.182,"[2049, 2049, 2048, 2048, 2049, 2048, 2051]","[2049, 2049, 2051, 2048, 2049, 2049, 2048, 2048, 2048]","[2048, 2048, 2049, 2049, 2048, 2048]",322
1291,11336,81,8,2026-07-24T15:12:59.428000+00:00,64.519,36.657,25.312,243,210,True,126.488,"[2064, 2064, 2048, 2048, 2048, 2048, 2048]","[2048, 2048, 2048, 2048, 2048, 2048, 2048, 2048, 2048]","[2048, 2048, 2048, 2048, 2049, 2049]",
1291,11336,55,7,2026-07-24T15:13:03.072000+00:00,28.772,30.065,24.097,292,238,False,82.934,"[None, 2048, 2048, 2048, 2049, 2049, 2048]","[2049, 2048, 2048, 2049, 2049, 2049, 2048, 2048, 2048]","[2048, 2048, 2048, 2048, 2048, 2048]",314
1291,11336,41,8,2026-07-24T15:13:09.401000+00:00,28.329,29.384,23.659,296,247,False,81.372,"[2049, 2049, 2049, 2049, 2049, 2048, 2048]","[2049, 2049, 2048, 2049, 2048, 2049, 2049, 2048, 2048]","[2048, 2048, 2048, 2048, 2048, 2049]",320
1291,11336,23,8,2026-07-24T15:13:13.896000+00:00,36.402,45.944,26.528,237,206,False,108.874,"[None, 2048, 2048, 2048, 2048, 2048, 2048]","[2048, 2048, 2048, 2048, 2048, 2048, 2048, 2048, 2048]","[2048, 2048, 2048, 2048, 2048, 2048]",218
1291,11336,31,7,2026-07-24T15:13:25.592000+00:00,83.987,38.955,26.697,222,218,True,149.639,"[2064, 2064, 2048, 2048, 2048, 2048, 2048]","[2048, 2048, 2048, 2048, 2048, 2048, 2048, 2048, 2048]","[2048, 2048, 2048, 2048, 2048, 2049]",
1291,11336,14,7,2026-07-24T15:13:31.362000+00:00,28.966,29.805,23.604,276,244,False,82.375,"[2049, 2049, 2049, 2048, 2049, 2049, 2048]","[2048, 2048, 2048, 2049, 2049, 2049, 2048, 2049, 2049]","[2048, 2048, 2048, 2048, 2048]",307
1291,11336,77,9,2026-07-24T15:13:34.829000+00:00,28.896,30.544,23.968,291,243,False,83.408,"[None, 2049, 2048, 2048, 2048, 2049, 2049]","[2049, 2048, 2048, 2049, 2048, 2048, 2049, 2049, 2049]","[2048, 2049, 2049, 2048, 2048, 2048]",318
1291,11336,16,9,2026-07-24T15:13:39.706000+00:00,41.316,45.877,27.544,153,146,False,114.737,"[None, 2048, 2048, 2048, 2048, 2048, 2048]","[2048, 2048, 2048, 2048, 2048, 2048, 2048, 2048, 2048]","[2048, 2048, 2048, 2048, 2048, 2048]",276
1291,11336,27,9,2026-07-24T15:13:46.945000+00:00,32.944,35.702,31.089,230,208,False,99.735,"[None, 2048, 2048, 2048, 2048, 2048, 2048]","[2048, 2048, 2048, 2048, 2048, 2048, 2048, 2048, 2048]","[2048, 2048, 2048, 2064, 2064, 2064]",279
1291,11336,43,9,2026-07-24T15:13:52.990000+00:00,36.976,42.324,31.297,197,200,False,110.597,"[None, 2048, 2048, 2048, 2048, 2048, 2048]","[2048, 2048, 2048, 2048, 2048, 2048, 2048, 2048, 2048]","[2048, 2048, 2048, 2064, 2064, 2064]",225
1291,11336,12,8,2026-07-24T15:14:00.629000+00:00,43.214,37.755,30.518,182,198,False,111.487,"[2048, 2048, 2048, 2048, 2048, 2048, 2048]","[2048, 2048, 2048, 2048, 2048, 2048, 2048, 2048, 2048]","[2048, 2048, 2048, 2064, 2064, 2064]",232
1291,11336,87,7,2026-07-24T15:14:05.097000+00:00,51.614,45.939,28.909,150,179,False,126.462,"[2048, 2048, 2048, 2048, 2048, 2048, 2048]","[2048, 2048, 2048, 2048, 2048, 2048, 2048, 2048, 2048]","[2048, 2048, 2048, 2048, 2048, 2048]",158
1291,11336,30,9,2026-07-24T15:14:08.127000+00:00,39.238,37.343,31.223,193,123,False,107.804,"[2048, 2048, 2048, 2048, 2048, 2048, 2048]","[2048, 2048, 2048, 2048, 2048, 2048, 2048, 2048, 2048]","[2048, 2048, 2048, 2064, 2064, 2064]",178
1291,11336,63,7,2026-07-24T15:14:10.534000+00:00,28.159,29.162,23.091,292,251,False,80.412,"[None, 2049, 2048, 2048, 2049, 2048, 2048]","[2048, 2048, 2048, 2049, 2048, 2048, 2049, 2049, 2049]","[2049, 2049, 2048, 2048, 2048]",322
1291,11336,55,8,2026-07-24T15:14:25.934000+00:00,54.346,44.748,26.26,158,210,False,125.354,"[None, 2048, 2048, 2048, 2048, 2048, 2048]","[2048, 2048, 2048, 2048, 2048, 2048, 2048, 2048, 2048]","[2048, 2048, 2048, 2048, 2048, 2048]",158
1291,11336,44,8,2026-07-24T15:14:28.043000+00:00,27.972,28.868,22.812,298,247,False,79.652,"[2049, 2049, 2048, 2048, 2048, 2048, 2048]","[2051, 2048, 2048, 2048, 2049, 2048, 2048, 2051, 2048]","[2048, 2051, 2048, 2049, 2048, 2048]",320
1291,11336,41,9,2026-07-24T15:14:30.707000+00:00,36.578,36.962,29.378,196,218,False,102.918,"[2048, 2048, 2048, 2048, 2048, 2048, 2048]","[2048, 2048, 2048, 2048, 2048, 2048, 2048, 2048, 2048]","[2048, 2048, 2048, 2064, 2064, 2064]",230
1291,11336,81,9,2026-07-24T15:14:42.758000+00:00,28.11,29.28,23.408,298,247,False,80.798,"[2049, 2049, 2049, 2048, 2048, 2049, 2049]","[2049, 2049, 2048, 2049, 2049, 2048, 2048, 2049, 2048]","[2048, 2049, 2048, 2048, 2048, 2048]",321
1291,11336,5,9,2026-07-24T15:14:47.284000+00:00,58.052,33.989,25.45,238,223,True,117.491,"[2064, 2064, 2048, 2048, 2048, 2048, 2048]","[2048, 2048, 2048, 2048, 2048, 2048, 2048, 2048, 2048]","[2048, 2048, 2048, 2048, 2048, 2048]",
1291,11336,14,8,2026-07-24T15:14:53.632000+00:00,38.296,34.073,32.796,206,217,False,105.165,"[2048, 2048, 2048, 2048, 2048, 2048, 2048]","[2048, 2048, 2048, 2048, 2048, 2048, 2048, 2048, 2048]","[2048, 2048, 2048, 2064, 2064, 2064]",188
1291,11336,77,10,2026-07-24T15:14:58.105000+00:00,39.96,43.081,33.5,173,146,False,116.541,"[None, 2048, 2048, 2048, 2048, 2048, 2048]","[2048, 2048, 2048, 2048, 2048, 2048, 2048, 2048, 2048]","[2048, 2048, 2048, 2048, 2048, 2048]",276
1291,11336,23,9,2026-07-24T15:15:02.848000+00:00,28.695,30.102,23.968,289,236,False,82.765,"[None, 2049, 2048, 2048, 2049, 2048, 2049]","[2048, 2048, 2048, 2049, 2048, 2049, 2048, 2049, 2048]","[2048, 2049, 2049, 2048, 2048, 2048]",319
1291,11336,31,8,2026-07-24T15:15:26.169000+00:00,28.619,29.595,23.394,281,241,False,81.608,"[2049, 2049, 2049, 2048, 2049, 2049, 2048]","[2049, 2049, 2048, 2049, 2049, 2048, 2048, 2048, 2049]","[2049, 2049, 2048, 2049, 2048]",318
1291,11336,63,8,2026-07-24T15:15:30.706000+00:00,36.985,36.154,28.575,223,208,False,101.714,"[None, 2048, 2048, 2048, 2048, 2048, 2048]","[2048, 2048, 2048, 2048, 2048, 2048, 2048, 2048, 2048]","[2048, 2048, 2048, 2064, 2064, 2064]",274
1291,11336,16,10,2026-07-24T15:15:34.495000+00:00,32.904,35.798,24.841,213,208,False,93.543,"[None, 2049, 2048, 2048, 2048, 2048, 2048]","[2048, 2048, 2048, 2048, 2048, 2048, 2048, 2048, 2048]","[2048, 2048, 2048, 2048, 2049, 2049]",320
1291,11336,44,9,2026-07-24T15:15:47.654000+00:00,29.684,30.368,28.954,255,237,False,89.006,"[2048, 2048, 2048, 2048, 2048, 2048, 2048]","[2048, 2048, 2048, 2048, 2048, 2048, 2048, 2048, 2048]","[2048, 2048, 2048, 2064, 2064, 2064]",288
1291,11336,81,10,2026-07-24T15:16:03.502000+00:00,35.641,35.598,30.164,198,199,False,101.403,"[2048, 2048, 2048, 2048, 2048, 2048, 2048]","[2048, 2048, 2048, 2048, 2048, 2048, 2048, 2048, 2048]","[2048, 2048, 2048, 2064, 2064, 2064]",278
1291,11336,87,8,2026-07-24T15:16:11.630000+00:00,40.311,42.126,25.42,176,220,False,107.857,"[None, 2048, 2048, 2048, 2048, 2048, 2048]","[2048, 2048, 2048, 2048, 2048, 2048, 2048, 2048, 2048]","[2048, 2048, 2048, 2048, 2049, 2049]",214
1291,11336,12,9,2026-07-24T15:16:15.904000+00:00,58.907,36.176,25.376,207,208,True,120.459,"[2064, 2064, 2048, 2048, 2048, 2048, 2048]","[2048, 2048, 2048, 2048, 2048, 2048, 2048, 2048, 2048]","[2048, 2048, 2048, 2048, 2049, 2049]",
1291,11336,5,10,2026-07-24T15:16:21.926000+00:00,28.517,29.826,29.528,289,242,False,87.871,"[2048, 2048, 2048, 2048, 2048, 2049, 2048]","[2048, 2048, 2048, 2049, 2048, 2048, 2048, 2048, 2048]","[2049, 2048, 2048, 2064, 2064, 2064]",319
1291,11336,23,10,2026-07-24T15:16:25.399000+00:00,42.259,43.04,26.244,178,182,False,111.543,"[None, 2048, 2048, 2048, 2048, 2048, 2048]","[2048, 2048, 2048, 2048, 2048, 2048, 2048, 2048, 2048]","[2048, 2048, 2048, 2048, 2048, 2048]",244
1291,11336,55,9,2026-07-24T15:16:31.328000+00:00,28.984,30.29,24.302,293,237,False,83.576,"[None, 2048, 2048, 2048, 2048, 2048, 2048]","[2049, 2048, 2048, 2048, 2048, 2048, 2048, 2048, 2048]","[2048, 2048, 2048, 2048, 2048, 2048]",317
1291,11336,31,9,2026-07-24T15:16:47.807000+00:00,33.69,35.348,29.577,219,205,False,98.615,"[2048, 2048, 2048, 2048, 2048, 2048, 2048]","[2048, 2048, 2048, 2048, 2048, 2048, 2048, 2048, 2048]","[2048, 2048, 2048, 2064, 2064, 2064]",278
1291,11336,77,11,2026-07-24T15:16:54.669000+00:00,41.541,40.725,26.868,107,192,False,109.134,"[None, 2048, 2048, 2048, 2048, 2048, 2048]","[2048, 2048, 2048, 2048, 2048, 2048, 2048, 2048, 2048]","[2048, 2048, 2048, 2048, 2049, 2048]",237
1291,11336,16,11,2026-07-24T15:17:07.938000+00:00,27.904,28.829,32.46,291,247,False,89.193,"[2049, 2049, 2049, 2049, 2048, 2048, 2048]","[2051, 2048, 2049, 2048, 2048, 2048, 2048, 2048, 2048]","[2048, 2048, 2048, 2064, 2064, 2064]",322
1291,11336,12,10,2026-07-24T15:17:52.579000+00:00,28.061,29.327,23.305,289,247,False,80.693,"[2049, 2049, 2049, 2048, 2049, 2048, 2048]","[2049, 2049, 2049, 2049, 2048, 2048, 2049, 2048, 2048]","[2048, 2048, 2048, 2048, 2048, 2048]",322
1291,11336,55,10,2026-07-24T15:17:54.831000+00:00,35.834,35.442,31.798,244,204,False,103.074,"[None, 2048, 2048, 2048, 2048, 2048, 2048]","[2048, 2048, 2048, 2048, 2048, 2048, 2048, 2048, 2048]","[2048, 2048, 2048, 2064, 2064, 2064]",226
1291,11336,87,9,2026-07-24T15:17:59.508000+00:00,28.619,29.943,23.772,294,242,False,82.334,"[2049, 2049, 2048, 2048, 2048, 2048, 2048]","[2049, 2049, 2049, 2048, 2048, 2048, 2048, 2049, 2048]","[2048, 2048, 2048, 2049, 2048, 2048]",319
1291,11336,23,11,2026-07-24T15:18:17.126000+00:00,28.584,30.342,24.071,292,240,False,82.997,"[None, 2048, 2048, 2048, 2049, 2048, 2049]","[2049, 2048, 2048, 2049, 2048, 2048, 2048, 2048, 2049]","[2048, 2048, 2049, 2049, 2048, 2048]",319
1291,11336,77,12,2026-07-24T15:18:43.847000+00:00,28.7,30.413,23.878,287,243,False,82.991,"[None, 2049, 2049, 2048, 2048, 2049, 2048]","[2048, 2049, 2048, 2049, 2049, 2048, 2049, 2048, 2049]","[2049, 2049, 2048, 2049, 2048]",317
1291,11336,12,11,2026-07-24T15:19:13.360000+00:00,34.477,36.065,28.663,201,211,False,99.205,"[2048, 2048, 2048, 2048, 2048, 2048, 2048]","[2048, 2048, 2048, 2048, 2048, 2048, 2048, 2048, 2048]","[2048, 2048, 2048, 2064, 2064, 2064]",258
1291,11336,87,10,2026-07-24T15:19:21.853000+00:00,37.25,37.181,28.943,206,213,False,103.374,"[2048, 2048, 2048, 2048, 2048, 2048, 2048]","[2048, 2048, 2048, 2048, 2048, 2048, 2048, 2048, 2048]","[2048, 2048, 2048, 2064, 2064, 2064]",198
1291,11336,23,12,2026-07-24T15:19:40.016000+00:00,33.874,33.973,27.867,251,221,False,95.714,"[None, 2048, 2048, 2048, 2048, 2048, 2048]","[2048, 2048, 2048, 2048, 2048, 2048, 2048, 2048, 2048]","[2048, 2048, 2048, 2064, 2064, 2064]",279
1291,11336,77,13,2026-07-24T15:20:06.757000+00:00,34.193,34.385,29.342,197,199,False,97.92,"[None, 2048, 2048, 2048, 2048, 2048, 2048]","[2048, 2048, 2048, 2048, 2048, 2048, 2048, 2048, 2048]","[2048, 2048, 2048, 2064, 2064, 2064]",280
1291,11336,1,7,2026-07-24T15:21:46.135000+00:00,,31.036,24.382,240,227,True,698.973,"[2064, 2064, 2048, 2048, 2048, 2048, 2048]","[2048, 2048, 2048, 2048, 2048, 2048, 2048, 2048, 2048]","[2048, 2048, 2048, 2048, 2049, 2049]",
1291,11336,27,10,2026-07-24T15:21:58.214000+00:00,,34.679,25.162,232,223,True,483.939,"[2064, 2064, 2048, 2048, 2048, 2048, 2048]","[2048, 2048, 2048, 2048, 2048, 2048, 2048, 2048, 2048]","[2048, 2048, 2048, 2048, 2049, 2049]",
1291,11336,3,6,2026-07-24T15:22:03.385000+00:00,,35.633,25.275,248,195,True,664.403,"[2064, 2064, 2048, 2048, 2048, 2048, 2048]","[2048, 2048, 2048, 2048, 2048, 2048, 2048, 2048, 2048]","[2048, 2048, 2048, 2048, 2048, 2049]",
1291,11336,30,10,2026-07-24T15:22:13.802000+00:00,,35.07,25.214,232,211,True,474.557,"[2064, 2064, 2048, 2048, 2048, 2048, 2048]","[2048, 2048, 2048, 2048, 2048, 2048, 2048, 2048, 2048]","[2048, 2048, 2048, 2048, 2048]",
1291,11336,6,6,2026-07-24T15:22:19.965000+00:00,,32.724,26.9,241,214,True,708.646,"[2064, 2064, 2048, 2048, 2048, 2048, 2048]","[2048, 2048, 2048, 2048, 2048, 2048, 2048, 2048, 2048]","[2048, 2048, 2048, 2048, 2049, 0]",
1291,11336,41,10,2026-07-24T15:22:22.889000+00:00,,35.446,25.529,209,221,True,476.337,"[2064, 2064, 2048, 2048, 2048, 2048, 2048]","[2048, 2048, 2048, 2048, 2048, 2048, 2048, 2048, 2048]","[2048, 2048, 2048, 2048, 2049, 2048]",
1291,11336,11,9,2026-07-24T15:22:28.339000+00:00,,35.127,25.453,231,223,True,596.201,"[2064, 2064, 2048, 2048, 2048, 2048, 2048]","[2048, 2048, 2048, 2048, 2048, 2048, 2048, 2048, 2048]","[2048, 2048, 2048, 2049, 2048, 2048]",
1291,11336,55,11,2026-07-24T15:22:31.966000+00:00,,35.813,25.672,261,216,True,286.465,"[2064, 2064, 2048, 2048, 2048, 2048, 2048]","[2048, 2048, 2048, 2048, 2048, 2048, 2048, 2048, 2048]","[2048, 2048, 2048, 2048, 2049, 2049]",
1291,11336,23,13,2026-07-24T15:22:59.006000+00:00,,40.303,25.426,275,217,True,203.518,"[2064, 2064, 2048, 2048, 2048, 2048, 2048]","[2048, 2048, 2048, 2048, 2048, 2048, 2048, 2048, 2048]","[2048, 2048, 2048, 2049, 2049, 2049]",
1291,11336,1,8,2026-07-24T15:23:13.833000+00:00,27.782,28.54,22.906,299,251,False,79.228,"[2049, 2048, 2049, 2048, 2051, 2049, 2049]","[2051, 2049, 2049, 2051, 2051, 2048, 2048, 2049, 2049]","[2049, 2049, 2049, 2048, 2049, 2048]",321
1291,11336,63,9,2026-07-24T15:23:27.262000+00:00,,33.923,24.838,261,220,True,469.715,"[2064, 2064, 2048, 2048, 2048, 2048, 2048]","[2048, 2048, 2048, 2048, 2048, 2048, 2048, 2048, 2048]","[2048, 2048, 2048, 2048, 2051, 2051]",
1291,11336,27,11,2026-07-24T15:23:30.634000+00:00,27.926,29.029,23.186,290,251,False,80.141,"[2048, 2048, 2049, 2048, 2049, 2049, 2048]","[2048, 2048, 2049, 2049, 2049, 2049, 2048, 2048, 2049]","[2048, 2048, 2049, 2049, 2048, 2048]",319
1291,11336,3,7,2026-07-24T15:23:38.036000+00:00,27.827,28.636,22.958,289,249,False,79.421,"[2049, 2049, 2049, 2051, 2049, 2049, 2049]","[2048, 2048, 2049, 2049, 2049, 2049, 2049, 2051, 2049]","[2048, 2049, 2049, 2049, 2048, 2048]",318
1291,11336,30,11,2026-07-24T15:23:50.515000+00:00,28.171,28.999,23.2,295,254,False,80.37,"[2048, 2048, 2049, 2048, 2049, 2048, 2048]","[2049, 2049, 2051, 2048, 2049, 2049, 2049, 2049, 2051]","[2048, 2049, 2049, 2049, 2048, 2048]",321
1291,11336,6,7,2026-07-24T15:23:58.211000+00:00,27.981,28.794,23.025,291,243,False,79.8,"[2049, 2048, 2049, 2049, 2048, 2051, 2049]","[2049, 2049, 2049, 2049, 2051, 2049, 2049, 2049, 2049]","[2049, 2049, 2049, 2048, 2048, 2048]",319
1291,11336,41,11,2026-07-24T15:24:10.135000+00:00,28.139,28.727,23.458,291,247,False,80.324,"[2049, 2048, 2049, 2049, 2049, 2049, 2048]","[2049, 2049, 2049, 2051, 2049, 2049, 2049, 2049, 2049]","[2048, 2049, 2048, 2049, 2048]",319
1291,11336,43,10,2026-07-24T15:24:11.323000+00:00,,35.372,25.532,240,217,True,610.937,"[2064, 2064, 2048, 2048, 2048, 2048, 2048]","[2048, 2048, 2048, 2048, 2048, 2048, 2048, 2048, 2048]","[2048, 2048, 2048, 2048, 2048, 2048]",
1291,11336,11,10,2026-07-24T15:24:14.765000+00:00,28.436,29.833,23.523,286,247,False,81.792,"[2049, 2049, 2049, 2049, 2049, 2049, 2048]","[2049, 2049, 2049, 2049, 2048, 2049, 2049, 2049, 2049]","[2049, 2049, 2049, 2049, 2048]",318
1291,11336,55,12,2026-07-24T15:24:24.359000+00:00,28.332,29.531,23.563,296,244,False,81.426,"[2049, 2049, 2049, 2049, 2049, 2049, 2049]","[2049, 2049, 2049, 2049, 2049, 2049, 2049, 2049, 2049]","[2048, 2049, 2049, 2049, 2048]",318
1291,11336,10,7,2026-07-24T15:24:26.784000+00:00,,36.674,25.812,240,212,True,945.989,"[2064, 2064, 2048, 2048, 2048, 2048, 2048]","[2048, 2048, 2048, 2048, 2048, 2048, 2048, 2048, 2048]","[2048, 2048, 2048, 2048, 2048, 2048]",
1291,11336,1,9,2026-07-24T15:24:33.032000+00:00,39.64,46.511,30.359,209,123,False,116.51,"[2048, 2048, 2048, 2048, 2048, 2048, 2048]","[2048, 2048, 2048, 2048, 2048, 2048, 2048, 2048, 2048]","[2048, 2048, 2048, 2048, 2048, 2048]",198
1291,11336,23,14,2026-07-24T15:24:39.253000+00:00,28.137,29.38,23.456,292,245,False,80.973,"[2049, 2049, 2049, 2049, 2049, 2049, 2049]","[2049, 2049, 2049, 2049, 2049, 2049, 2049, 2049, 2049]","[2049, 2049, 2049, 2049, 2048]",320
1291,11336,27,12,2026-07-24T15:24:50.767000+00:00,40.436,44.003,34.349,158,161,False,118.788,"[None, 2048, 2048, 2048, 2048, 2048, 2048]","[2048, 2048, 2048, 2048, 2048, 2048, 2048, 2048, 2048]","[2048, 2048, 2048, 2064, 2064, 2064]",213
1291,11336,81,11,2026-07-24T15:24:56.975000+00:00,,34.04,26.227,239,216,True,532.923,"[2064, 2064, 2048, 2048, 2048, 2048, 2048]","[2048, 2048, 2048, 2048, 2048, 2048, 2048, 2048, 2048]","[2048, 2048, 2048, 2048, 2049, 2049]",
1291,11336,3,8,2026-07-24T15:24:57.442000+00:00,39.032,34.162,28.436,215,223,False,101.63,"[2048, 2048, 2048, 2048, 2048, 2048, 2048]","[2048, 2048, 2048, 2048, 2048, 2048, 2048, 2048, 2048]","[2048, 2048, 2048, 2064, 2064, 2064]",210
1291,11336,63,10,2026-07-24T15:25:02.347000+00:00,27.855,28.699,23.108,292,245,False,79.662,"[2051, 2049, 2049, 2049, 2049, 2051, 2049]","[2049, 2049, 2048, 2049, 2049, 2049, 2051, 2048, 2048]","[2048, 2048, 2049, 2048, 2048]",322
1291,11336,12,12,2026-07-24T15:25:10.613000+00:00,,34.216,25.146,234,218,True,352.918,"[2064, 2064, 2048, 2048, 2048, 2048, 2048]","[2048, 2048, 2048, 2048, 2048, 2048, 2048, 2048, 2048]","[2048, 2048, 2048, 2048, 2049, 2049]",
1291,11336,30,12,2026-07-24T15:25:10.901000+00:00,38.936,34.62,29.986,196,209,False,103.542,"[None, 2048, 2048, 2048, 2048, 2048, 2048]","[2048, 2048, 2048, 2048, 2048, 2048, 2048, 2048, 2048]","[2048, 2048, 2048, 2064, 2064, 2064]",197
1291,11336,6,8,2026-07-24T15:25:18.017000+00:00,51.127,45.784,31.11,161,164,False,128.021,"[2048, 2048, 2048, 2048, 2048, 2048, 2048]","[2048, 2048, 2048, 2048, 2048, 2048, 2048, 2048, 2048]","[2048, 2048, 2048, 2048, 2048, 2048]",174
1291,11336,44,10,2026-07-24T15:25:26.603000+00:00,,36.993,,269,214,True,,"[2064, 2064, 2048, 2048, 2048, 2048, 2048]","[2048, 2048, 2048, 2048, 2048, 2048, 2048, 2048, 2048]","[0, 0, 0, 0, 0, 0]",
1291,11336,41,12,2026-07-24T15:25:30.225000+00:00,41.676,46.333,,165,168,False,,"[2048, 2048, 2048, 2048, 2048, 2048, 2048]","[2048, 2048, 2048, 2048, 2048, 2048, 2048, 2048, 2048]",[2048],225
1291,11336,16,12,2026-07-24T15:25:31.136000+00:00,,34.297,24.752,248,225,True,507.426,"[2064, 2064, 2048, 2048, 2048, 2048, 2048]","[2048, 2048, 2048, 2048, 2048, 2048, 2048, 2048, 2048]","[2048, 2048, 2048, 2048, 2049, 2049]",
1291,11336,11,11,2026-07-24T15:25:36.416000+00:00,39.571,45.698,,170,116,False,,"[2048, 2048, 2048, 2048, 2048, 2048, 2048]","[2048, 2048, 2048, 2048, 2048, 2048, 2048, 2048, 2048]",[2048],280
1291,11336,55,13,2026-07-24T15:25:45.729000+00:00,45.768,44.06,,179,176,False,,"[2048, 2048, 2048, 2048, 2048, 2048, 2048]","[2048, 2048, 2048, 2048, 2048, 2048, 2048, 2048, 2048]",[2048],200
1291,11336,14,9,2026-07-24T15:25:50.361000+00:00,,35.004,,246,206,True,,"[2064, 2064, 2048, 2048, 2048, 2048, 2048]","[2048, 2048, 2048, 2048, 2048, 2048, 2048, 2048, 2048]",[2048],
1291,11336,43,11,2026-07-24T15:25:54.634000+00:00,28.221,29.507,,293,252,False,,"[2048, 2051, 2049, 2049, 2048, 2049, 2049]","[2049, 2048, 2049, 2049, 2048, 2049, 2049, 2049, 2049]",[2051],322
1291,11336,23,15,2026-07-24T15:26:00.116000+00:00,45.216,37.867,,181,177,False,,"[2048, 2048, 2048, 2048, 2048, 2048, 2048]","[2048, 2048, 2048, 2048, 2048, 2048, 2048, 2048, 2048]",[2048],225
1291,11336,10,8,2026-07-24T15:26:05.913000+00:00,28.517,29.714,,296,241,False,,"[2048, 2048, 2048, 2048, 2049, 2048, 2048]","[2049, 2048, 2049, 2049, 2049, 2049, 2048, 2048, 2049]",[2049],322
1291,11336,87,11,2026-07-24T15:26:10.039000+00:00,,34.194,,240,220,True,,"[2064, 2064, 2048, 2048, 2048, 2048, 2048]","[2048, 2048, 2048, 2048, 2048, 2048, 2048, 2048, 2048]",[2048],
1291,11336,63,11,2026-07-24T15:26:21.788000+00:00,57.214,,,154,,False,,"[2048, 2048, 2048, 2048, 2048, 2048, 2048]","[2048, 2048, 2048, 2048, 2048, 2048, 2048, 2048, 2048]",[2048],136
1291,11336,1,10,2026-07-24T15:26:29.544000+00:00,27.75,28.413,,299,250,False,,"[None, 2048, 2048, 2049, 2048, 2049, 2048]","[2051, 2049, 2049, 2049, 2051, 2048, 2048, 2049, 2048]",[2048],321
1291,11336,81,12,2026-07-24T15:26:37.892000+00:00,27.861,,,300,,False,,"[2049, 2048, 2049, 2049, 2049, 2048, 2048]","[2049, 2049, 2049, 2049, 2048, 2048, 2048, 2048, 2048]",[2048],321
1291,11336,12,13,2026-07-24T15:26:45.523000+00:00,27.771,,,291,,False,,"[2051, 2049, 2049, 2049, 2049, 2048, 2048]","[2049, 2049, 2049, 2049, 2048, 2048, 2048, 2048, 2048]",[2048],324
1291,11336,16,13,2026-07-24T15:27:04.596000+00:00,,,,,,False,,"[2049, 2049, 2048, 2049, 2048, 2048, 2048]","[2048, 2048, 2048, 2048, 2048, 2048, 2048, 2048, 2048]",[2048],322
1291,11336,27,13,2026-07-24T15:27:13.529000+00:00,,,,,,True,,"[2064, 2064, 2048, 2048, 2048, 2048, 2048]","[2048, 2048, 2048, 2048, 2048, 2048, 2048, 2048, 2048]",[2048],
1291,11336,6,9,2026-07-24T15:27:26.095000+00:00,,,,,,False,,"[None, 2048, 2048, 2048, 2048, 2048, 2048]","[2048, 2048, 2048, 2048, 2048, 2048, 2048, 2048, 2048]",[2048],
1291,11336,5,11,2026-07-24T15:34:01.888000+00:00,,33.251,25.219,242,210,True,1066.326,"[2064, 2064, 2048, 2048, 2048, 2048, 2048]","[2048, 2048, 2048, 2048, 2048, 2048, 2048, 2048, 2048]","[2048, 2048, 2048, 2048, 2048, 2048]",
1291,11336,77,14,2026-07-24T15:34:05.415000+00:00,,35.739,25.112,231,225,True,840.638,"[2064, 2064, 2048, 2048, 2048, 2048, 2048]","[2048, 2048, 2048, 2048, 2048, 2048, 2048, 2048, 2048]","[2048, 2048, 2048, 2048, 2049, 2049]",
1291,11336,14,10,2026-07-24T15:34:11.939000+00:00,,33.369,26.174,251,223,True,1155.697,"[None, 2064, 2048, 2048, 2048, 2048, 2048]","[2048, 2048, 2048, 2048, 2048, 2048, 2048, 2048, 2048]","[2048, 2048, 2048, 2048, 2048, 2049]",
1291,11336,12,14,2026-07-24T15:34:20.740000+00:00,,32.476,25.297,240,223,True,555.813,"[2064, 2064, 2048, 2048, 2048, 2048, 2048]","[2048, 2048, 2048, 2048, 2048, 2048, 2048, 2048, 2048]","[2048, 2048, 2048, 2048, 2048, 2048]",
1291,11336,41,13,2026-07-24T15:34:28.267000+00:00,,33.584,25.028,228,229,True,643.3,"[2064, 2064, 2048, 2048, 2048, 2048, 2048]","[2048, 2048, 2048, 2048, 2048, 2048, 2048, 2048, 2048]","[2048, 2048, 2048, 2048, 2049, 2048]",
1291,11336,30,13,2026-07-24T15:34:34.933000+00:00,,34.534,25.466,245,214,True,567.085,"[2064, 2064, 2048, 2048, 2048, 2048, 2048]","[2048, 2048, 2048, 2048, 2048, 2048, 2048, 2048, 2048]","[2048, 2048, 2048, 2048, 2048, 2048]",
1291,11336,27,14,2026-07-24T15:34:43.576000+00:00,,38.889,26.741,242,223,True,579.515,"[None, 2064, 2048, 2048, 2048, 2048, 2048]","[2048, 2048, 2048, 2048, 2048, 2048, 2048, 2048, 2048]","[2048, 2048, 2048, 2048, 2048, 2048]",
1291,11336,10,9,2026-07-24T15:34:54.679000+00:00,,39.43,25.234,256,215,True,632.917,"[2064, 2064, 2048, 2048, 2048, 2048, 2048]","[2048, 2048, 2048, 2048, 2048, 2048, 2048, 2048, 2048]","[2048, 2048, 2048, 2048, 2049, 2049]",
1291,11336,63,12,2026-07-24T15:35:02.017000+00:00,,35.443,29.259,248,209,True,646.79,"[2064, 2064, 2048, 2048, 2048, 2048, 2048]","[2048, 2048, 2048, 2048, 2048, 2048, 2048, 2048, 2048]","[2048, 2048, 2048, 2048, 2048, 2048]",
1291,11336,11,12,2026-07-24T15:35:03.654000+00:00,,34.344,27.419,245,213,True,666.165,"[2064, 2064, 2048, 2048, 2048, 2048, 2048]","[2048, 2048, 2048, 2048, 2048, 2048, 2048, 2048, 2048]","[2048, 2048, 2048, 2048, 2048, 2048]",
1291,11336,81,13,2026-07-24T15:35:07.112000+00:00,,32.178,32.079,240,220,True,612.625,"[2064, 2064, 2048, 2048, 2048, 2048, 2048]","[2048, 2048, 2048, 2048, 2048, 2048, 2048, 2048, 2048]","[2048, 2048, 2048, 2048, 2049, 2049]",
1291,11336,16,14,2026-07-24T15:35:13.856000+00:00,,31.427,28.305,270,229,True,591.564,"[2064, 2064, 2048, 2048, 2048, 2048, 2048]","[2048, 2048, 2048, 2048, 2048, 2048, 2048, 2048, 2048]","[2048, 2048, 2048, 2048, 2048, 2048]",
1291,11336,31,10,2026-07-24T15:35:17.719000+00:00,,35.01,25.321,247,221,True,1117.483,"[2064, 2064, 2048, 2048, 2048, 2048, 2048]","[2048, 2048, 2048, 2048, 2048, 2048, 2048, 2048, 2048]","[2048, 2048, 2048, 2048, 2049, 2049]",
1291,11336,1,11,2026-07-24T15:35:22.833000+00:00,,32.089,24.766,278,230,True,652.81,"[2064, 2064, 2048, 2048, 2048, 2048, 2048]","[2048, 2048, 2048, 2048, 2048, 2048, 2048, 2048, 2048]","[2048, 2048, 2048, 2048, 2048, 2048]",
1291,11336,87,12,2026-07-24T15:35:28.234000+00:00,,35.887,25.619,226,217,True,967.427,"[None, 2064, 2048, 2048, 2048, 2048, 2048]","[2048, 2048, 2048, 2048, 2048, 2048, 2048, 2048, 2048]","[2048, 2048, 2048, 2048, 2049, 2049]",
1291,11336,5,12,2026-07-24T15:35:36.177000+00:00,34.213,38.127,30.287,213,156,False,102.627,"[2048, 2048, 2048, 2048, 2048, 2048, 2048]","[2048, 2048, 2048, 2048, 2048, 2048, 2048, 2048, 2048]","[2048, 2048, 2048, 2048, 2049, 2049]",319
1291,11336,44,11,2026-07-24T15:35:36.735000+00:00,,32.869,25.358,211,225,True,1205.168,"[None, 2064, 2048, 2048, 2048, 2048, 2048]","[2048, 2048, 2048, 2048, 2048, 2048, 2048, 2048, 2048]","[2048, 2048, 2048, 2048, 2048, 2048]",
1291,11336,77,15,2026-07-24T15:35:45.455000+00:00,28.533,29.927,23.561,293,241,False,82.021,"[2049, 2049, 2048, 2048, 2049, 2048, 2049]","[2049, 2049, 2049, 2049, 2049, 2049, 2049, 2049, 2048]","[2048, 2049, 2049, 2049, 2048, 2048]",321
1291,11336,14,11,2026-07-24T15:35:54.597000+00:00,28.691,29.543,23.485,282,245,False,81.719,"[2049, 2049, 2049, 2049, 2048, 2048, 2049]","[2049, 2049, 2049, 2049, 2048, 2048, 2049, 2049, 2048]","[2049, 2048, 2049, 2048, 2048, 2048]",308
1291,11336,12,15,2026-07-24T15:36:01.238000+00:00,27.791,34.158,30.838,295,190,False,92.787,"[2051, 2049, 2051, 2048, 2048, 2048, 2049]","[2048, 2049, 2048, 2048, 2048, 2048, 2048, 2048, 2048]","[2048, 2048, 2048, 2064, 2064, 2064]",325
1291,11336,41,14,2026-07-24T15:36:13.635000+00:00,28.033,28.845,23.375,293,248,False,80.253,"[2049, 2049, 2049, 2048, 2049, 2048, 2048]","[2049, 2049, 2048, 2048, 2048, 2048, 2048, 2048, 2048]","[2048, 2048, 2048, 2049, 2049, 2049]",321
1291,11336,30,14,2026-07-24T15:36:21.521000+00:00,28.116,28.838,23.087,295,253,False,80.041,"[2048, 2049, 2048, 2048, 2049, 2048, 2048]","[2048, 2048, 2048, 2049, 2048, 2048, 2049, 2049, 2049]","[2048, 2048, 2049, 2049, 2049, 2048]",320
1291,11336,27,15,2026-07-24T15:36:29.066000+00:00,28.06,28.903,23.162,292,254,False,80.125,"[2049, 2048, 2048, 2048, 2048, 2048, 2048]","[2048, 2048, 2049, 2049, 2049, 2048, 2048, 2049, 2051]","[2049, 2048, 2049, 2049, 2048, 2048]",320
1291,11336,10,10,2026-07-24T15:36:38.880000+00:00,28.499,29.5,23.406,289,247,False,81.405,"[2049, 2051, 2048, 2048, 2048, 2049, 2048]","[2049, 2049, 2048, 2049, 2049, 2048, 2048, 2048, 2049]","[2049, 2049, 2049, 2048, 2048]",324
1291,11336,11,13,2026-07-24T15:36:42.652000+00:00,28.758,30.06,23.479,292,237,False,82.297,"[2049, 2049, 2048, 2048, 2048, 2048, 2048]","[2048, 2049, 2048, 2049, 2049, 2048, 2048, 2048, 2048]","[2048, 2048, 2049, 2049, 2048, 2048]",318
1291,11336,81,14,2026-07-24T15:36:50.480000+00:00,37.021,36.536,28.537,152,220,False,102.094,"[2049, 2049, 2048, 2048, 2048, 2048, 2048]","[2048, 2048, 2048, 2048, 2048, 2048, 2048, 2048, 2048]","[2048, 2048, 2048, 2048, 2048, 2048]",322
1291,11336,16,15,2026-07-24T15:36:56.180000+00:00,30.277,34.258,25.501,241,129,False,90.036,"[2048, 2048, 2048, 2048, 2048, 2048, 2048]","[2048, 2048, 2048, 2048, 2048, 2048, 2048, 2048, 2048]","[2048, 2048, 2048, 2048, 2048, 2048]",302
1291,11336,31,11,2026-07-24T15:37:03.977000+00:00,28.256,29.101,23.2,287,250,False,80.557,"[2049, 2049, 2049, 2049, 2049, 2049, 2049]","[2049, 2049, 2048, 2049, 2049, 2049, 2049, 2049, 2049]","[2049, 2049, 2049, 2049, 2048, 2048]",323
1291,11336,77,16,2026-07-24T15:37:07.434000+00:00,42.61,45.697,36.947,64,175,False,125.254,"[2048, 2048, 2048, 2048, 2048, 2048, 2048]","[2048, 2048, 2048, 2048, 2048, 2048, 2048, 2048, 2048]","[2048, 2048, 2048, 2064, 2064, 2064]",272
1291,11336,63,13,2026-07-24T15:37:08.715000+00:00,30.58,31.334,24.432,290,233,False,86.346,"[2048, 2048, 2048, 2048, 2048, 2048, 2048]","[2048, 2048, 2048, 2048, 2048, 2048, 2048, 2048, 2048]","[2048, 2048, 2048, 2048, 2048, 2048]",266
1291,11336,87,13,2026-07-24T15:37:12.635000+00:00,28.36,47.017,35.099,296,131,False,110.476,"[2049, 2049, 2048, 2048, 2049, 2049, 2049]","[2048, 2049, 2048, 2048, 2048, 2048, 2048, 2048, 2048]","[2048, 2048, 2048, 2048, 2048, 2048]",322
1291,11336,14,12,2026-07-24T15:37:16.269000+00:00,42.66,37.127,29.889,247,202,False,109.676,"[2048, 2048, 2048, 2048, 2048, 2048, 2048]","[2048, 2048, 2048, 2048, 2048, 2048, 2048, 2048, 2048]","[2048, 2048, 2048, 2048, 2048, 2049]",119
1291,11336,5,13,2026-07-24T15:37:18.795000+00:00,29.263,29.783,23.218,295,241,False,82.264,"[None, 2048, 2049, 2049, 2048, 2048, 2048]","[2048, 2048, 2048, 2048, 2048, 2049, 2049, 2049, 2048]","[2049, 2049, 2049, 2049, 2048, 2048]",320
1291,11336,44,12,2026-07-24T15:37:21.852000+00:00,31.966,34.589,27.34,268,225,False,93.895,"[2048, 2048, 2048, 2048, 2048, 2048, 2048]","[2048, 2048, 2048, 2048, 2048, 2048, 2048, 2048, 2048]","[2048, 2048, 2048, 2048, 2049, 2049]",313
1291,11336,1,12,2026-07-24T15:37:22.352000+00:00,29.44,30.786,24.158,288,235,False,84.384,"[2049, 2048, 2048, 2048, 2048, 2048, 2048]","[2048, 2048, 2048, 2048, 2048, 2048, 2048, 2048, 2048]","[2048, 2048, 2048, 2048, 2048, 2048]",325
1291,11336,41,15,2026-07-24T15:37:33.889000+00:00,33.374,33.486,27.862,238,225,False,94.722,"[2048, 2048, 2048, 2048, 2048, 2048, 2048]","[2048, 2048, 2048, 2048, 2048, 2048, 2048, 2048, 2048]","[2048, 2048, 2048, 2064, 2064, 2064]",237
1291,11336,23,16,2026-07-24T15:37:37.006000+00:00,,33.037,25.035,260,222,True,805.398,"[2064, 2064, 2048, 2048, 2048, 2048, 2048]","[2048, 2048, 2048, 2048, 2048, 2048, 2048, 2048, 2048]","[2048, 2048, 2048, 2048, 2048, 2048]",
1291,11336,30,15,2026-07-24T15:37:41.485000+00:00,33.924,33.283,27.034,186,226,False,94.241,"[None, 2048, 2048, 2048, 2048, 2048, 2048]","[2048, 2048, 2048, 2048, 2048, 2048, 2048, 2048, 2048]","[2048, 2048, 2048, 2064, 2064, 2064]",235
1291,11336,55,14,2026-07-24T15:37:47.940000+00:00,,33.805,25.528,237,214,True,813.418,"[2064, 2064, 2048, 2048, 2048, 2048, 2048]","[2048, 2048, 2048, 2048, 2048, 2048, 2048, 2048, 2048]","[2048, 2048, 2048, 2048, 2048, 2048]",
1291,11336,27,16,2026-07-24T15:37:49.119000+00:00,30.376,31.005,26.537,273,237,False,87.918,"[2048, 2048, 2048, 2048, 2048, 2048, 2048]","[2048, 2048, 2048, 2048, 2048, 2048, 2048, 2048, 2048]","[2048, 2048, 2048, 2064, 2064, 2064]",278
1291,11336,10,11,2026-07-24T15:38:00.134000+00:00,50.222,53.145,35.609,152,156,False,138.976,"[2048, 2048, 2048, 2048, 2048, 2048, 2048]","[2048, 2048, 2048, 2048, 2048, 2048, 2048, 2048, 2048]","[2048, 2048, 2048, 2048, 2048, 2048]",275
1291,11336,3,9,2026-07-24T15:38:01.415000+00:00,,33.826,26.644,245,232,True,779.157,"[2064, 2064, 2048, 2048, 2048, 2048, 2048]","[2048, 2048, 2048, 2048, 2048, 2048, 2048, 2048, 2048]","[2048, 2048, 2048, 2048, 2048, 2048]",
1291,11336,11,14,2026-07-24T15:38:05.106000+00:00,31.939,34.391,30.807,240,199,False,97.137,"[2048, 2048, 2048, 2048, 2048, 2048, 2048]","[2048, 2048, 2048, 2048, 2048, 2048, 2048, 2048, 2048]","[2048, 2048, 2048, 2064, 2064, 2064]",284
1291,11336,31,12,2026-07-24T15:38:24.450000+00:00,40.176,35.36,28.569,168,224,False,104.105,"[2048, 2048, 2048, 2048, 2048, 2048, 2048]","[2048, 2048, 2048, 2048, 2048, 2048, 2048, 2048, 2048]","[2048, 2048, 2048, 2064, 2064, 2064]",275
1291,11336,16,16,2026-07-24T15:38:26.194000+00:00,27.689,28.492,22.696,293,254,False,78.877,"[2049, 2049, 2049, 2048, 2049, 2048, 2048]","[2049, 2049, 2048, 2049, 2049, 2051, 2048, 2051, 2051]","[2048, 2049, 2049, 2051, 2048]",324
1291,11336,81,15,2026-07-24T15:38:32.592000+00:00,27.819,28.798,23.484,298,243,False,80.101,"[None, 2049, 2048, 2048, 2048, 2049, 2048]","[2049, 2048, 2048, 2049, 2049, 2049, 2048, 2049, 2048]","[2048, 2048, 2048, 2048, 2048, 2048]",323
1291,11336,63,14,2026-07-24T15:38:35.115000+00:00,29.176,30.976,24.102,289,236,False,84.254,"[None, 2048, 2048, 2048, 2048, 2048, 2048]","[2048, 2048, 2048, 2048, 2048, 2048, 2048, 2048, 2048]","[2048, 2048, 2048, 2048, 2048, 2048]",312
1291,11336,5,14,2026-07-24T15:38:41.018000+00:00,47.108,42.824,31.387,188,178,False,121.319,"[None, 2048, 2048, 2048, 2048, 2048, 2048]","[2048, 2048, 2048, 2048, 2048, 2048, 2048, 2048, 2048]","[2048, 2048, 2048, 2064, 2064, 2064]",185
1291,11336,1,13,2026-07-24T15:38:46.814000+00:00,29.364,30.716,24.266,284,237,False,84.346,"[2048, 2048, 2048, 2048, 2048, 2048, 2048]","[2048, 2048, 2048, 2048, 2048, 2048, 2048, 2048, 2048]","[2048, 2048, 2048, 2048, 2048, 2048]",305
1291,11336,44,13,2026-07-24T15:38:55.806000+00:00,27.595,28.59,22.729,296,250,False,78.914,"[2049, 2049, 2051, 2049, 2049, 2048, 2048]","[2051, 2048, 2049, 2049, 2049, 2049, 2048, 2048, 2049]","[2048, 2048, 2048, 2051, 2048, 2048]",320
1291,11336,87,14,2026-07-24T15:39:03.178000+00:00,41.347,36.292,24.719,178,221,False,102.358,"[2048, 2048, 2048, 2048, 2048, 2048, 2048]","[2048, 2048, 2048, 2048, 2048, 2048, 2048, 2048, 2048]","[2048, 2048, 2048, 2049, 2048, 2049]",209
1291,11336,14,13,2026-07-24T15:39:06.078000+00:00,28.566,29.286,23.496,283,244,False,81.348,"[2049, 2049, 2048, 2048, 2049, 2049, 2049]","[2049, 2049, 2049, 2049, 2048, 2049, 2049, 2048, 2048]","[2048, 2048, 2049, 2048, 2048]",309
1291,11336,55,15,2026-07-24T15:39:19.252000+00:00,30.066,32.067,25.288,276,225,False,87.421,"[2048, 2048, 2048, 2048, 2048, 2048, 2048]","[2048, 2048, 2048, 2048, 2048, 2048, 2048, 2048, 2048]","[2048, 2048, 2048, 2048, 2048, 2048]",305
1291,11336,23,17,2026-07-24T15:39:25.703000+00:00,29.878,32.023,25.163,276,222,False,87.064,"[2048, 2048, 2048, 2048, 2048, 2048, 2048]","[2048, 2048, 2048, 2048, 2048, 2048, 2048, 2048, 2048]","[2048, 2048, 2048, 2048, 2048, 2048]",313
1291,11336,3,10,2026-07-24T15:39:38.214000+00:00,29.525,30.929,24.281,277,239,False,84.735,"[2048, 2048, 2048, 2048, 2048, 2048, 2048]","[2048, 2048, 2048, 2048, 2048, 2048, 2048, 2048, 2048]","[2048, 2048, 2048, 2048, 2048, 2048]",312
1291,11336,77,17,2026-07-24T15:39:39.015000+00:00,64.708,40.334,29.691,131,164,True,134.733,"[2064, 2064, 2048, 2048, 2048, 2048, 2048]","[2048, 2048, 2048, 2048, 2048, 2048, 2048, 2048, 2048]","[2048, 2048, 2048, 2048, 2049, 2049]",
1291,11336,16,17,2026-07-24T15:39:45.040000+00:00,31.979,31.946,29.206,245,230,False,93.131,"[2048, 2048, 2048, 2048, 2048, 2048, 2048]","[2048, 2048, 2048, 2048, 2048, 2048, 2048, 2048, 2048]","[2048, 2048, 2048, 2064, 2064, 2064]",249
1291,11336,81,16,2026-07-24T15:39:52.524000+00:00,34.254,34.764,28.063,240,220,False,97.081,"[2048, 2048, 2048, 2048, 2048, 2048, 2048]","[2048, 2048, 2048, 2048, 2048, 2048, 2048, 2048, 2048]","[2048, 2048, 2048, 2064, 2064, 2064]",274
1291,11336,63,15,2026-07-24T15:39:59.406000+00:00,29.343,30.866,24.162,288,234,False,84.371,"[None, 2048, 2048, 2048, 2048, 2048, 2048]","[2048, 2048, 2048, 2048, 2048, 2048, 2048, 2048, 2048]","[2048, 2048, 2048, 2048, 2048, 2048]",300
1291,11336,1,14,2026-07-24T15:40:11.139000+00:00,29.302,30.426,24.28,288,236,False,84.008,"[None, 2048, 2048, 2048, 2048, 2048, 2048]","[2048, 2048, 2048, 2048, 2048, 2048, 2048, 2048, 2048]","[2048, 2048, 2048, 2048, 2048, 2048]",298
1291,11336,44,14,2026-07-24T15:40:14.561000+00:00,64.206,73.282,25.813,69,174,False,163.301,"[2048, 2048, 2048, 2048, 2048, 2048, 2048]","[2048, 2048, 2048, 2048, 2048, 2048, 2048, 2048, 2048]","[2048, 2048, 2048, 2048, 2048, 2048]",224
1291,11336,10,12,2026-07-24T15:40:19.196000+00:00,35.32,34.811,25.262,239,218,False,95.393,"[None, 2048, 2048, 2048, 2048, 2048, 2048]","[2048, 2048, 2048, 2048, 2048, 2048, 2048, 2048, 2048]","[2048, 2048, 2048, 2048, 2049, 2048]",245
1291,11336,14,14,2026-07-24T15:40:27.227000+00:00,39.227,50.435,29.164,240,213,False,118.826,"[2048, 2048, 2048, 2048, 2048, 2048, 2048]","[2048, 2048, 2048, 2048, 2048, 2048, 2048, 2048, 2048]","[2048, 2048, 2048, 2048, 2048, 2048]",263
1291,11336,87,15,2026-07-24T15:40:45.508000+00:00,28.271,29.314,23.365,290,249,False,80.95,"[None, 2049, 2049, 2048, 2049, 2049, 2048]","[2049, 2049, 2049, 2049, 2049, 2049, 2048, 2049, 2049]","[2049, 2049, 2048, 2048, 2048, 2048]",321
1291,11336,55,16,2026-07-24T15:40:46.644000+00:00,30.223,32.15,25.024,280,224,False,87.397,"[None, 2048, 2048, 2048, 2048, 2048, 2048]","[2048, 2048, 2048, 2048, 2048, 2048, 2048, 2048, 2048]","[2048, 2048, 2048, 2048, 2048, 2048]",303
1291,11336,23,18,2026-07-24T15:40:52.771000+00:00,30.035,32.032,24.999,271,227,False,87.066,"[None, 2048, 2048, 2048, 2048, 2048, 2048]","[2048, 2048, 2048, 2048, 2048, 2048, 2048, 2048, 2048]","[2048, 2048, 2048, 2048, 2048, 2048]",307
1291,11336,3,11,2026-07-24T15:41:03.017000+00:00,29.339,30.747,24.054,281,238,False,84.14,"[None, 2048, 2048, 2048, 2048, 2048, 2048]","[2048, 2048, 2048, 2048, 2048, 2048, 2048, 2048, 2048]","[2048, 2048, 2048, 2048, 2048, 2048]",306
1291,11336,63,16,2026-07-24T15:41:23.733000+00:00,29.237,30.657,24.127,287,231,False,84.021,"[None, 2048, 2048, 2048, 2048, 2048, 2048]","[2048, 2048, 2048, 2048, 2048, 2048, 2048, 2048, 2048]","[2048, 2048, 2048, 2048, 2048, 2048]",304
1291,11336,77,18,2026-07-24T15:41:27.454000+00:00,28.301,29.895,23.246,286,245,False,81.442,"[2048, 2049, 2049, 2049, 2049, 2049, 2048]","[2049, 2048, 2048, 2049, 2049, 2049, 2048, 2048, 2049]","[2049, 2049, 2049, 2049, 2048]",321
1291,11336,1,15,2026-07-24T15:41:35.160000+00:00,29.351,30.647,24.425,286,235,False,84.423,"[None, 2048, 2048, 2048, 2048, 2048, 2048]","[2048, 2048, 2048, 2048, 2048, 2048, 2048, 2048, 2048]","[2048, 2048, 2048, 2048, 2048, 2048]",302
1291,11336,5,15,2026-07-24T15:41:38.972000+00:00,89.841,34.509,24.67,235,219,True,149.02,"[2064, 2064, 2048, 2048, 2048, 2048, 2048]","[2048, 2048, 2048, 2048, 2048, 2048, 2048, 2048, 2048]","[2048, 2048, 2048, 2048, 2048, 2048]",
1291,11336,10,13,2026-07-24T15:41:54.654000+00:00,28.07,29.429,23.317,293,246,False,80.816,"[None, 2051, 2049, 2049, 2049, 2049, 2049]","[2049, 2048, 2048, 2049, 2049, 2049, 2049, 2048, 2048]","[2049, 2049, 2048, 2048, 2048, 2048]",324
1291,11336,87,16,2026-07-24T15:42:06.358000+00:00,32.983,32.868,27.242,251,226,False,93.093,"[None, 2048, 2048, 2048, 2048, 2048, 2048]","[2048, 2048, 2048, 2048, 2048, 2048, 2048, 2048, 2048]","[2048, 2048, 2048, 2064, 2064, 2064]",208
1291,11336,55,17,2026-07-24T15:42:14.076000+00:00,29.968,31.854,24.882,278,225,False,86.704,"[None, 2048, 2048, 2048, 2048, 2048, 2048]","[2048, 2048, 2048, 2048, 2048, 2048, 2048, 2048, 2048]","[2048, 2048, 2048, 2048, 2048, 2048]",307
1291,11336,23,19,2026-07-24T15:42:19.819000+00:00,30.054,31.926,25.022,276,227,False,87.002,"[None, 2048, 2048, 2048, 2048, 2048, 2048]","[2048, 2048, 2048, 2048, 2048, 2048, 2048, 2048, 2048]","[2048, 2048, 2048, 2048, 2048, 2048]",302
1291,11336,14,15,2026-07-24T15:42:26.245000+00:00,28.481,29.379,30.109,285,243,False,87.969,"[None, 2049, 2048, 2048, 2049, 2048, 2049]","[2049, 2048, 2049, 2048, 2048, 2048, 2048, 2048, 2048]","[2049, 2048, 2048, 2064, 2064, 2064]",311
1291,11336,12,16,2026-07-24T15:42:26.495000+00:00,,34.488,24.742,263,224,True,412.676,"[2064, 2064, 2048, 2048, 2048, 2048, 2048]","[2048, 2048, 2048, 2048, 2048, 2048, 2048, 2048, 2048]","[2048, 2048, 2048, 2048, 2048, 2048]",
1291,11336,3,12,2026-07-24T15:42:27.079000+00:00,29.608,30.596,23.906,289,240,False,84.11,"[None, 2048, 2048, 2048, 2048, 2048, 2048]","[2048, 2048, 2048, 2048, 2048, 2048, 2048, 2048, 2048]","[2048, 2048, 2048, 2048, 2048, 2048]",310
1291,11336,63,17,2026-07-24T15:42:47.794000+00:00,29.144,30.643,24.215,290,233,False,84.002,"[None, 2048, 2048, 2048, 2048, 2048, 2048]","[2048, 2048, 2048, 2048, 2048, 2048, 2048, 2048, 2048]","[2048, 2048, 2048, 2048, 2048, 2048]",305
1291,11336,77,19,2026-07-24T15:42:48.798000+00:00,31.239,32.837,32.173,268,206,False,96.249,"[None, 2048, 2048, 2048, 2048, 2048, 2048]","[2048, 2048, 2048, 2048, 2048, 2048, 2048, 2048, 2048]","[2048, 2048, 2048, 2064, 2064, 2064]",286
1291,11336,44,15,2026-07-24T15:42:58.017000+00:00,27.673,28.449,22.607,293,249,False,78.729,"[None, 2049, 2048, 2048, 2048, 2049, 2048]","[2048, 2048, 2048, 2049, 2049, 2051, 2049, 2049, 2049]","[2048, 2048, 2051, 2048, 2048, 2048]",321
1291,11336,1,16,2026-07-24T15:42:59.516000+00:00,28.974,30.53,24.367,290,237,False,83.871,"[None, 2048, 2048, 2048, 2048, 2048, 2048]","[2048, 2048, 2048, 2048, 2048, 2048, 2048, 2048, 2048]","[2048, 2048, 2048, 2048, 2048, 2048]",310
1291,11336,5,16,2026-07-24T15:43:11.416000+00:00,28.225,29.191,23.058,279,248,False,80.474,"[2048, 2048, 2049, 2048, 2049, 2049, 2048]","[2049, 2048, 2049, 2048, 2049, 2049, 2048, 2049, 2049]","[2049, 2049, 2049, 2049, 2048, 2048]",319
1291,11336,10,14,2026-07-24T15:43:15.378000+00:00,37.479,39.943,29.056,148,182,False,106.478,"[None, 2048, 2048, 2048, 2048, 2048, 2048]","[2048, 2048, 2048, 2048, 2048, 2048, 2048, 2048, 2048]","[2048, 2048, 2048, 2064, 2064, 2064]",280
1291,11336,30,16,2026-07-24T15:43:38.080000+00:00,,31.749,24.479,271,240,True,372.286,"[2064, 2064, 2048, 2048, 2048, 2048, 2048]","[2048, 2048, 2048, 2048, 2048, 2048, 2048, 2048, 2048]","[2048, 2048, 2048, 2048, 2048, 2048]",
1291,11336,55,18,2026-07-24T15:43:40.738000+00:00,29.962,31.835,24.847,,224,False,86.644,"[None, 2048, 2048, 2048, 2048, 2048, 2048]","[2048, 2048, 2048, 2048, 2048, 2048, 2048, 2048, 2048]","[2048, 2048, 2048, 2048, 2048, 2048]",312
1291,11336,23,20,2026-07-24T15:43:46.824000+00:00,30.053,31.957,24.869,275,227,False,86.879,"[None, 2048, 2048, 2048, 2048, 2048, 2048]","[2048, 2048, 2048, 2048, 2048, 2048, 2048, 2048, 2048]","[2048, 2048, 2048, 2048, 2048, 2048]",310
1291,11336,3,13,2026-07-24T15:43:51.308000+00:00,29.262,30.668,23.949,282,240,False,83.879,"[None, 2048, 2048, 2048, 2048, 2048, 2048]","[2048, 2048, 2048, 2048, 2048, 2048, 2048, 2048, 2048]","[2048, 2048, 2048, 2048, 2048, 2048]",309
1291,11336,31,13,2026-07-24T15:43:54.603000+00:00,,32.487,25.558,271,231,True,347.683,"[2064, 2064, 2048, 2048, 2048, 2048, 2048]","[2048, 2048, 2048, 2048, 2048, 2048, 2048, 2048, 2048]","[2048, 2048, 2048, 2048, 2048, 2048]",
1291,11336,63,18,2026-07-24T15:44:11.755000+00:00,29.171,30.753,24.175,,228,False,84.099,"[None, 2048, 2048, 2048, 2048, 2048, 2048]","[2048, 2048, 2048, 2048, 2048, 2048, 2048, 2048, 2048]","[2048, 2048, 2048, 2048, 2048, 2048]",
1291,11336,44,16,2026-07-24T15:44:16.677000+00:00,30.184,29.853,26.704,259,236,False,86.741,"[None, 2048, 2048, 2048, 2048, 2048, 2048]","[2048, 2048, 2048, 2048, 2048, 2048, 2048, 2048, 2048]","[2048, 2048, 2048, 2064, 2064, 2064]",289
1291,11336,41,16,2026-07-24T15:44:17.621000+00:00,,32.469,24.507,267,236,True,431.916,"[2064, 2064, 2048, 2048, 2048, 2048, 2048]","[2048, 2048, 2048, 2048, 2048, 2048, 2048, 2048, 2048]","[2048, 2048, 2048, 2048, 2048, 2048]",
1291,11336,1,17,2026-07-24T15:44:23.478000+00:00,29.245,30.794,24.775,286,235,False,84.814,"[None, 2048, 2048, 2048, 2048, 2048, 2048]","[2048, 2048, 2048, 2048, 2048, 2048, 2048, 2048, 2048]","[2048, 2048, 2048, 2048, 2048, 2048]",306
1291,11336,12,17,2026-07-24T15:44:26.803000+00:00,29.443,31.408,24.354,283,227,False,85.205,"[2048, 2048, 2048, 2048, 2048, 2048, 2048]","[2048, 2048, 2048, 2048, 2048, 2048, 2048, 2048, 2048]","[2048, 2048, 2048, 2048, 2048, 2048]",306
1291,11336,5,17,2026-07-24T15:44:31.824000+00:00,31.263,31.569,26.741,241,225,False,89.573,"[None, 2048, 2048, 2048, 2048, 2048, 2048]","[2048, 2048, 2048, 2048, 2048, 2048, 2048, 2048, 2048]","[2048, 2048, 2048, 2064, 2064, 2064]",281
1291,11336,27,17,2026-07-24T15:44:34.209000+00:00,,32.585,24.427,271,233,True,423.772,"[2064, 2064, 2048, 2048, 2048, 2048, 2048]","[2048, 2048, 2048, 2048, 2048, 2048, 2048, 2048, 2048]","[2048, 2048, 2048, 2048, 2048, 2048]",
1291,11336,6,10,2026-07-24T15:44:44.475000+00:00,,32.495,25.461,231,221,True,1130.382,"[2064, 2064, 2048, 2048, 2048, 2048, 2048]","[2048, 2048, 2048, 2048, 2048, 2048, 2048, 2048, 2048]","[2048, 2048, 2048, 2048, 2048, 2048]",
1291,11336,11,15,2026-07-24T15:44:56.042000+00:00,,33.315,25.4,256,226,True,425.754,"[2064, 2064, 2048, 2048, 2048, 2048, 2048]","[2048, 2048, 2048, 2048, 2048, 2048, 2048, 2048, 2048]","[2048, 2048, 2048, 2048, 2048, 2048]",
1291,11336,55,19,2026-07-24T15:45:07.434000+00:00,30.046,31.886,24.913,281,226,False,86.845,"[None, 2048, 2048, 2048, 2048, 2048, 2048]","[2048, 2048, 2048, 2048, 2048, 2048, 2048, 2048, 2048]","[2048, 2048, 2048, 2048, 2048, 2048]",311
1291,11336,23,21,2026-07-24T15:45:13.742000+00:00,29.882,31.888,24.806,,231,False,86.576,"[None, 2048, 2048, 2048, 2048, 2048, 2048]","[2048, 2048, 2048, 2048, 2048, 2048, 2048, 2048, 2048]","[2048, 2048, 2048, 2048, 2048, 2048]",312
1291,11336,3,14,2026-07-24T15:45:15.202000+00:00,29.142,31.492,24.739,287,237,False,85.373,"[None, 2048, 2048, 2048, 2048, 2048, 2048]","[2048, 2048, 2048, 2048, 2048, 2048, 2048, 2048, 2048]","[2048, 2048, 2048, 2048, 2048, 2048]",310
1291,11336,30,17,2026-07-24T15:45:28.118000+00:00,29.536,31.101,24.268,286,239,False,84.905,"[2048, 2048, 2048, 2048, 2048, 2048, 2048]","[2048, 2048, 2048, 2048, 2048, 2048, 2048, 2048, 2048]","[2048, 2048, 2048, 2048, 2048, 2048]",311
1291,11336,63,19,2026-07-24T15:45:35.880000+00:00,29.257,30.708,24.24,291,229,False,84.205,"[None, 2048, 2048, 2048, 2048, 2048, 2048]","[2048, 2048, 2048, 2048, 2048, 2048, 2048, 2048, 2048]","[2048, 2048, 2048, 2048, 2048, 2048]",304
1291,11336,1,18,2026-07-24T15:45:48.199000+00:00,29.64,30.795,24.688,271,236,False,85.123,"[None, 2048, 2048, 2048, 2048, 2048, 2048]","[2048, 2048, 2048, 2048, 2048, 2048, 2048, 2048, 2048]","[2048, 2048, 2048, 2048, 2048, 2048]",314
1291,11336,12,18,2026-07-24T15:45:51.976000+00:00,29.351,31.087,26.666,287,233,False,87.104,"[None, 2048, 2048, 2048, 2048, 2048, 2048]","[2048, 2048, 2048, 2048, 2048, 2048, 2048, 2048, 2048]","[2048, 2048, 2048, 2064, 2064, 2064]",302
1291,11336,31,14,2026-07-24T15:45:56.324000+00:00,29.602,31.327,24.516,279,235,False,85.445,"[2048, 2048, 2048, 2048, 2048, 2048, 2048]","[2048, 2048, 2048, 2048, 2048, 2048, 2048, 2048, 2048]","[2048, 2048, 2048, 2048, 2048]",309
1291,11336,6,11,2026-07-24T15:46:16.497000+00:00,35.537,32.834,32.174,221,212,False,100.545,"[2048, 2048, 2048, 2048, 2048, 2048, 2048]","[2048, 2048, 2048, 2048, 2048, 2048, 2048, 2048, 2048]","[2048, 2048, 2048, 2048, 2048, 2048]",260
1291,11336,41,17,2026-07-24T15:46:20.614000+00:00,30.838,32.197,24.626,279,235,False,87.661,"[2048, 2048, 2048, 2048, 2048, 2048, 2048]","[2048, 2048, 2048, 2048, 2048, 2048, 2048, 2048, 2048]","[2048, 2048, 2048, 2048, 2048, 2048]",313
1291,11336,27,18,2026-07-24T15:46:20.943000+00:00,29.674,31.563,24.445,267,233,False,85.682,"[2048, 2048, 2048, 2048, 2048, 2048, 2048]","[2048, 2048, 2048, 2048, 2048, 2048, 2048, 2048, 2048]","[2048, 2048, 2048, 2048, 2048, 2048]",326
1291,11336,55,20,2026-07-24T15:46:34.210000+00:00,30.013,31.991,25.056,282,224,False,87.06,"[None, 2048, 2048, 2048, 2048, 2048, 2048]","[2048, 2048, 2048, 2048, 2048, 2048, 2048, 2048, 2048]","[2048, 2048, 2048, 2048, 2048, 2048]",308
1291,11336,23,22,2026-07-24T15:46:40.281000+00:00,30.415,32.849,25.306,280,217,False,88.57,"[None, 2048, 2048, 2048, 2048, 2048, 2048]","[2048, 2048, 2048, 2048, 2048, 2048, 2048, 2048, 2048]","[2048, 2048, 2048, 2048, 2048, 2048]",309
1291,11336,3,15,2026-07-24T15:46:40.508000+00:00,29.25,30.907,27.322,278,241,False,87.479,"[2051, 2049, 2048, 2048, 2048, 2048, 2048]","[2048, 2048, 2048, 2048, 2048, 2048, 2048, 2048, 2048]","[2048, 2048, 2048, 2048, 2048, 2048]",328
1291,11336,16,18,2026-07-24T15:46:47.476000+00:00,,31.439,24.204,286,230,True,434.836,"[2064, 2064, 2048, 2048, 2048, 2048, 2048]","[2048, 2048, 2048, 2048, 2048, 2048, 2048, 2048, 2048]","[2048, 2048, 2048, 2048, 2048, 2048]",
1291,11336,11,16,2026-07-24T15:46:47.904000+00:00,29.904,31.771,24.341,272,229,False,86.016,"[2048, 2048, 2048, 2048, 2048, 2048, 2048]","[2048, 2048, 2048, 2048, 2048, 2048, 2048, 2048, 2048]","[2048, 2048, 2048, 2048, 2048, 2048]",306
1291,11336,30,18,2026-07-24T15:46:53.024000+00:00,29.694,31.252,24.318,285,240,False,85.264,"[None, 2048, 2048, 2048, 2048, 2048, 2048]","[2048, 2048, 2048, 2048, 2048, 2048, 2048, 2048, 2048]","[2048, 2048, 2048, 2048, 2048, 2048]",309
1291,11336,63,20,2026-07-24T15:47:00.041000+00:00,29.554,31.142,24.4,289,232,False,85.096,"[None, 2048, 2048, 2048, 2048, 2048, 2048]","[2048, 2048, 2048, 2048, 2048, 2048, 2048, 2048, 2048]","[2048, 2048, 2048, 2048, 2048, 2048]",
1291,11336,81,17,2026-07-24T15:47:04.370000+00:00,,32.469,24.68,276,228,True,458.553,"[2064, 2064, 2048, 2048, 2048, 2048, 2048]","[2048, 2048, 2048, 2048, 2048, 2048, 2048, 2048, 2048]","[2048, 2048, 2048, 2048, 2048, 2048]",
1291,11336,1,19,2026-07-24T15:47:13.376000+00:00,29.494,31.131,24.755,280,234,False,85.38,"[None, 2048, 2048, 2048, 2048, 2048, 2048]","[2048, 2048, 2048, 2048, 2048, 2048, 2048, 2048, 2048]","[2048, 2048, 2048, 2048, 2048, 2048]",307
1291,11336,31,15,2026-07-24T15:47:21.714000+00:00,29.874,31.259,24.482,275,234,False,85.615,"[None, 2048, 2048, 2048, 2048, 2048, 2048]","[2048, 2048, 2048, 2048, 2048, 2048, 2048, 2048, 2048]","[2048, 2048, 2048, 2048, 2048, 2048]",306
1291,11336,87,17,2026-07-24T15:47:36.687000+00:00,,32.751,24.609,267,228,True,346.49,"[2064, 2064, 2048, 2048, 2048, 2048, 2048]","[2048, 2048, 2048, 2048, 2048, 2048, 2048, 2048, 2048]","[2048, 2048, 2048, 2048, 2048, 2048]",
1291,11336,12,19,2026-07-24T15:47:39.418000+00:00,49.949,32.044,24.013,276,232,True,106.006,"[2064, 2064, 2048, 2048, 2048, 2048, 2048]","[2048, 2048, 2048, 2048, 2048, 2048, 2048, 2048, 2048]","[2048, 2048, 2048, 2048, 2048, 2048]",
1291,11336,27,19,2026-07-24T15:47:46.654000+00:00,29.631,31.229,24.514,279,230,False,85.374,"[None, 2048, 2048, 2048, 2048, 2048, 2048]","[2048, 2048, 2048, 2048, 2048, 2048, 2048, 2048, 2048]","[2048, 2048, 2048, 2048, 2048, 2048]",302
1291,11336,41,18,2026-07-24T15:47:48.170000+00:00,30.032,31.481,25.371,287,235,False,86.884,"[None, 2048, 2048, 2048, 2048, 2048, 2048]","[2048, 2048, 2048, 2048, 2048, 2048, 2048, 2048, 2048]","[2048, 2048, 2048, 2048, 2048, 2048]",290
1291,11336,6,12,2026-07-24T15:47:57.060000+00:00,28.176,34.346,42.004,289,174,False,104.526,"[None, 2048, 2048, 2048, 2048, 2048, 2048]","[2048, 2048, 2048, 2048, 2048, 2048, 2048, 2048, 2048]","[2048, 2048, 2048, 2064, 2064, 2064]",315
1291,11336,55,21,2026-07-24T15:48:01.389000+00:00,30.266,32.224,25.231,281,223,False,87.721,"[None, 2048, 2048, 2048, 2048, 2048, 2048]","[2048, 2048, 2048, 2048, 2048, 2048, 2048, 2048, 2048]","[2048, 2048, 2048, 2048, 2048, 2048]",307
1291,11336,3,16,2026-07-24T15:48:08.016000+00:00,30.463,31.233,24.483,276,234,False,86.179,"[2048, 2048, 2048, 2048, 2048, 2048, 2048]","[2048, 2048, 2048, 2048, 2048, 2048, 2048, 2048, 2048]","[2048, 2048, 2048, 2048, 2048]",294
1291,11336,23,23,2026-07-24T15:48:08.879000+00:00,31.338,33.067,26.656,276,164,False,91.061,"[None, 2048, 2048, 2048, 2048, 2048, 2048]","[2048, 2048, 2048, 2048, 2048, 2048, 2048, 2048, 2048]","[2048, 2048, 2048, 2048, 2048, 2048]",320
1291,11336,77,20,2026-07-24T15:48:11.998000+00:00,,32.354,24.92,283,228,True,315.008,"[2064, 2064, 2048, 2048, 2048, 2048, 2048]","[2048, 2048, 2048, 2048, 2048, 2048, 2048, 2048, 2048]","[2048, 2048, 2048, 2048, 2048, 2048]",
1291,11336,11,17,2026-07-24T15:48:13.882000+00:00,29.825,32.314,25.003,274,224,False,87.142,"[None, 2048, 2048, 2048, 2048, 2048, 2048]","[2048, 2048, 2048, 2048, 2048, 2048, 2048, 2048, 2048]","[2048, 2048, 2048, 2048, 2048, 2048]",
1291,11336,30,19,2026-07-24T15:48:18.348000+00:00,29.49,31.197,24.437,288,236,False,85.124,"[None, 2048, 2048, 2048, 2048, 2048, 2048]","[2048, 2048, 2048, 2048, 2048, 2048, 2048, 2048, 2048]","[2048, 2048, 2048, 2048, 2048, 2048]",308
1291,11336,63,21,2026-07-24T15:48:25.182000+00:00,29.546,31.23,24.522,290,226,False,85.298,"[None, 2048, 2048, 2048, 2048, 2048, 2048]","[2048, 2048, 2048, 2048, 2048, 2048, 2048, 2048, 2048]","[2048, 2048, 2048, 2048, 2048, 2048]",
1291,11336,16,19,2026-07-24T15:48:33.056000+00:00,29.053,30.731,23.924,276,234,False,83.708,"[2048, 2048, 2048, 2048, 2048, 2048, 2048]","[2048, 2048, 2048, 2048, 2048, 2048, 2048, 2048, 2048]","[2048, 2048, 2048, 2048, 2048, 2048]",307
1291,11336,1,20,2026-07-24T15:48:38.739000+00:00,29.629,30.991,24.763,286,234,False,85.383,"[None, 2048, 2048, 2048, 2048, 2048, 2048]","[2048, 2048, 2048, 2048, 2048, 2048, 2048, 2048, 2048]","[2048, 2048, 2048, 2048, 2048, 2048]",301
1291,11336,31,16,2026-07-24T15:48:47.280000+00:00,29.821,31.516,24.463,,232,False,85.8,"[None, 2048, 2048, 2048, 2048, 2048, 2048]","[2048, 2048, 2048, 2048, 2048, 2048, 2048, 2048, 2048]","[2048, 2048, 2048, 2048, 2048, 2048]",304
1291,11336,12,20,2026-07-24T15:49:05.057000+00:00,29.117,30.888,23.731,286,235,False,83.736,"[2048, 2048, 2048, 2048, 2048, 2048, 2048]","[2048, 2048, 2048, 2048, 2048, 2048, 2048, 2048, 2048]","[2048, 2048, 2048, 2048, 2048, 2048]",303
1291,11336,81,18,2026-07-24T15:49:08.283000+00:00,29.474,31.182,24.582,284,232,False,85.238,"[2048, 2048, 2048, 2048, 2048, 2048, 2048]","[2048, 2048, 2048, 2048, 2048, 2048, 2048, 2048, 2048]","[2048, 2048, 2048, 2048, 2048, 2048]",295
1291,11336,27,20,2026-07-24T15:49:11.924000+00:00,29.599,31.376,24.618,282,220,False,85.593,"[None, 2048, 2048, 2048, 2048, 2048, 2048]","[2048, 2048, 2048, 2048, 2048, 2048, 2048, 2048, 2048]","[2048, 2048, 2048, 2048, 2048, 2048]",306
1291,11336,41,19,2026-07-24T15:49:15.134000+00:00,29.727,31.421,24.51,284,235,False,85.658,"[None, 2048, 2048, 2048, 2048, 2048, 2048]","[2048, 2048, 2048, 2048, 2048, 2048, 2048, 2048, 2048]","[2048, 2048, 2048, 2048, 2048, 2048]",314
1291,11336,87,18,2026-07-24T15:49:26.038000+00:00,29.983,31.736,24.563,275,229,False,86.282,"[2048, 2048, 2048, 2048, 2048, 2048, 2048]","[2048, 2048, 2048, 2048, 2048, 2048, 2048, 2048, 2048]","[2048, 2048, 2048, 2048, 2048, 2048]",307
1291,11336,55,22,2026-07-24T15:49:29.022000+00:00,30.173,32.151,25.126,,226,False,87.45,"[None, 2048, 2048, 2048, 2048, 2048, 2048]","[2048, 2048, 2048, 2048, 2048, 2048, 2048, 2048, 2048]","[2048, 2048, 2048, 2048, 2048, 2048]",308
1291,11336,3,17,2026-07-24T15:49:34.084000+00:00,29.831,31.369,27.473,282,238,False,88.673,"[None, 2048, 2048, 2048, 2048, 2048, 2048]","[2048, 2048, 2048, 2048, 2048, 2048, 2048, 2048, 2048]","[2048, 2048, 2048, 2064, 2064, 2064]",298
1291,11336,23,24,2026-07-24T15:49:39.942000+00:00,30.051,32.299,25.03,,229,False,87.38,"[None, 2048, 2048, 2048, 2048, 2048, 2048]","[2048, 2048, 2048, 2048, 2048, 2048, 2048, 2048, 2048]","[2048, 2048, 2048, 2048, 2048, 2048]",314
1291,11336,77,21,2026-07-24T15:49:40.135000+00:00,30.29,32.626,24.627,273,231,False,87.543,"[2049, 2048, 2048, 2048, 2048, 2048, 2048]","[2048, 2048, 2048, 2048, 2048, 2048, 2048, 2048, 2048]","[2048, 2048, 2048, 2048, 2048, 2048]",328
1291,11336,11,18,2026-07-24T15:49:41.157000+00:00,30.12,32.494,25.1,271,234,False,87.714,"[None, 2048, 2048, 2048, 2048, 2048, 2048]","[2048, 2048, 2048, 2048, 2048, 2048, 2048, 2048, 2048]","[2048, 2048, 2048, 2048, 2048, 2048]",312
1291,11336,30,20,2026-07-24T15:49:43.421000+00:00,29.514,36.176,24.94,290,225,False,90.63,"[None, 2048, 2048, 2048, 2048, 2048, 2048]","[2048, 2048, 2048, 2048, 2048, 2048, 2048, 2048, 2048]","[2048, 2048, 2048, 2048, 2048, 2048]",312
1291,11336,10,15,2026-07-24T15:49:48.621000+00:00,,33.784,25.044,256,220,True,396.357,"[2064, 2064, 2048, 2048, 2048, 2048, 2048]","[2048, 2048, 2048, 2048, 2048, 2048, 2048, 2048, 2048]","[2048, 2048, 2048, 2048, 2048, 2048]",
1291,11336,63,22,2026-07-24T15:49:50.701000+00:00,29.532,31.325,24.556,,230,False,85.413,"[None, 2048, 2048, 2048, 2048, 2048, 2048]","[2048, 2048, 2048, 2048, 2048, 2048, 2048, 2048, 2048]","[2048, 2048, 2048, 2048, 2048, 2048]",302
1291,11336,16,20,2026-07-24T15:49:56.815000+00:00,29.279,30.678,23.798,,237,False,83.755,"[None, 2048, 2048, 2048, 2048, 2048, 2048]","[2048, 2048, 2048, 2048, 2048, 2048, 2048, 2048, 2048]","[2048, 2048, 2048, 2048, 2048, 2048]",306
1291,11336,1,21,2026-07-24T15:50:04.199000+00:00,29.428,31.026,24.841,284,233,False,85.295,"[None, 2048, 2048, 2048, 2048, 2048, 2048]","[2048, 2048, 2048, 2048, 2048, 2048, 2048, 2048, 2048]","[2048, 2048, 2048, 2048, 2048, 2048]",306
1291,11336,5,18,2026-07-24T15:50:07.824000+00:00,,33.737,24.579,278,221,True,359.336,"[2064, 2064, 2048, 2048, 2048, 2048, 2048]","[2048, 2048, 2048, 2048, 2048, 2048, 2048, 2048, 2048]","[2048, 2048, 2048, 2048, 2048, 2048]",
1291,11336,31,17,2026-07-24T15:50:13.221000+00:00,29.977,31.679,24.583,276,233,False,86.239,"[None, 2048, 2048, 2048, 2048, 2048, 2048]","[2048, 2048, 2048, 2048, 2048, 2048, 2048, 2048, 2048]","[2048, 2048, 2048, 2048, 2048, 2048]",299
1291,11336,12,21,2026-07-24T15:50:28.775000+00:00,29.08,30.817,23.826,288,235,False,83.723,"[None, 2048, 2048, 2048, 2048, 2048, 2048]","[2048, 2048, 2048, 2048, 2048, 2048, 2048, 2048, 2048]","[2048, 2048, 2048, 2048, 2048, 2048]",301
1291,11336,81,19,2026-07-24T15:50:33.596000+00:00,29.518,31.545,24.388,285,234,False,85.451,"[None, 2048, 2048, 2048, 2048, 2048, 2048]","[2048, 2048, 2048, 2048, 2048, 2048, 2048, 2048, 2048]","[2048, 2048, 2048, 2048, 2048, 2048]",297
1291,11336,27,21,2026-07-24T15:50:37.644000+00:00,29.554,31.25,24.512,285,232,False,85.316,"[None, 2048, 2048, 2048, 2048, 2048, 2048]","[2048, 2048, 2048, 2048, 2048, 2048, 2048, 2048, 2048]","[2048, 2048, 2048, 2048, 2048, 2048]",302
1291,11336,41,20,2026-07-24T15:50:40.733000+00:00,29.75,31.366,24.619,287,235,False,85.735,"[None, 2048, 2048, 2048, 2048, 2048, 2048]","[2048, 2048, 2048, 2048, 2048, 2048, 2048, 2048, 2048]","[2048, 2048, 2048, 2048, 2048, 2048]",302
1291,11336,44,17,2026-07-24T15:50:51.045000+00:00,,34.611,26.469,291,225,True,426.637,"[2064, 2064, 2048, 2048, 2048, 2048, 2048]","[2048, 2048, 2048, 2048, 2048, 2048, 2048, 2048, 2048]","[2048, 2048, 2048, 2048, 2048, 2048]",
1291,11336,87,19,2026-07-24T15:50:52.277000+00:00,29.868,31.934,24.731,276,229,False,86.533,"[None, 2048, 2048, 2048, 2048, 2048, 2048]","[2048, 2048, 2048, 2048, 2048, 2048, 2048, 2048, 2048]","[2048, 2048, 2048, 2048, 2048, 2048]",308
1291,11336,55,23,2026-07-24T15:50:56.451000+00:00,30.148,32.364,25.3,285,222,False,87.812,"[None, 2048, 2048, 2048, 2048, 2048, 2048]","[2048, 2048, 2048, 2048, 2048, 2048, 2048, 2048, 2048]","[2048, 2048, 2048, 2048, 2048, 2048]",309
1291,11336,23,25,2026-07-24T15:51:07.300000+00:00,29.968,32.486,25.036,280,222,False,87.49,"[None, 2048, 2048, 2048, 2048, 2048, 2048]","[2048, 2048, 2048, 2048, 2048, 2048, 2048, 2048, 2048]","[2048, 2048, 2048, 2048, 2048, 2048]",315
1291,11336,77,22,2026-07-24T15:51:07.621000+00:00,30.127,32.56,24.843,277,232,False,87.53,"[2048, 2048, 2048, 2048, 2048, 2048, 2048]","[2048, 2048, 2048, 2048, 2048, 2048, 2048, 2048, 2048]","[2048, 2048, 2048, 2048, 2048, 2048]",322
1291,11336,11,19,2026-07-24T15:51:08.800000+00:00,29.97,32.571,25.136,,228,False,87.677,"[None, 2048, 2048, 2048, 2048, 2048, 2048]","[2048, 2048, 2048, 2048, 2048, 2048, 2048, 2048, 2048]","[2048, 2048, 2048, 2048, 2048, 2048]",319
1291,11336,30,21,2026-07-24T15:51:14.122000+00:00,29.518,31.358,24.54,284,236,False,85.416,"[None, 2048, 2048, 2048, 2048, 2048, 2048]","[2048, 2048, 2048, 2048, 2048, 2048, 2048, 2048, 2048]","[2048, 2048, 2048, 2048, 2048, 2048]",313
1291,11336,63,23,2026-07-24T15:51:15.840000+00:00,29.403,31.671,24.731,292,225,False,85.805,"[None, 2048, 2048, 2048, 2048, 2048, 2048]","[2048, 2048, 2048, 2048, 2048, 2048, 2048, 2048, 2048]","[2048, 2048, 2048, 2048, 2048, 2048]",307
1291,11336,16,21,2026-07-24T15:51:20.495000+00:00,29.298,31.112,25.628,281,234,False,86.038,"[None, 2048, 2048, 2048, 2048, 2048, 2048]","[2048, 2048, 2048, 2048, 2048, 2048, 2048, 2048, 2048]","[2048, 2048, 2048, 2048, 2048, 2048]",
1291,11336,14,16,2026-07-24T15:51:22.204000+00:00,,33.145,24.828,254,221,True,537.095,"[2064, 2064, 2048, 2048, 2048, 2048, 2048]","[2048, 2048, 2048, 2048, 2048, 2048, 2048, 2048, 2048]","[2048, 2048, 2048, 2048, 2048, 2048]",
1291,11336,3,18,2026-07-24T15:51:25.520000+00:00,52.479,31.605,24.389,282,237,True,108.473,"[2064, 2064, 2048, 2048, 2048, 2048, 2048]","[2048, 2048, 2048, 2048, 2048, 2048, 2048, 2048, 2048]","[2048, 2048, 2048, 2048, 2048, 2048]",
1291,11336,1,22,2026-07-24T15:51:29.496000+00:00,29.519,31.747,24.977,286,231,False,86.243,"[None, 2048, 2048, 2048, 2048, 2048, 2048]","[2048, 2048, 2048, 2048, 2048, 2048, 2048, 2048, 2048]","[2048, 2048, 2048, 2048, 2048, 2048]",308
1291,11336,10,16,2026-07-24T15:51:38.250000+00:00,29.684,32.089,24.614,284,228,False,86.387,"[2048, 2048, 2048, 2048, 2048, 2048, 2048]","[2048, 2048, 2048, 2048, 2048, 2048, 2048, 2048, 2048]","[2048, 2048, 2048, 2048, 2048, 2048]",298
1291,11336,31,18,2026-07-24T15:51:39.398000+00:00,29.976,32.065,28.346,279,227,False,90.387,"[None, 2048, 2048, 2048, 2048, 2048, 2048]","[2048, 2048, 2048, 2048, 2048, 2048, 2048, 2048, 2048]","[2048, 2048, 2048, 2048, 2048, 2048]",318
1291,11336,12,22,2026-07-24T15:51:52.486000+00:00,29.176,30.929,23.812,,234,False,83.917,"[None, 2048, 2048, 2048, 2048, 2048, 2048]","[2048, 2048, 2048, 2048, 2048, 2048, 2048, 2048, 2048]","[2048, 2048, 2048, 2048, 2048, 2048]",303
1291,11336,81,20,2026-07-24T15:51:59.052000+00:00,29.447,31.653,24.3,284,231,False,85.4,"[None, 2048, 2048, 2048, 2048, 2048, 2048]","[2048, 2048, 2048, 2048, 2048, 2048, 2048, 2048, 2048]","[2048, 2048, 2048, 2048, 2048, 2048]",296
1291,11336,5,19,2026-07-24T15:52:00.760000+00:00,29.463,31.612,24.167,287,232,False,85.242,"[2048, 2048, 2048, 2048, 2048, 2048, 2048]","[2048, 2048, 2048, 2048, 2048, 2048, 2048, 2048, 2048]","[2048, 2048, 2048, 2048, 2048, 2048]",314
1291,11336,27,22,2026-07-24T15:52:02.862000+00:00,29.567,31.365,24.538,287,235,False,85.47,"[None, 2048, 2048, 2048, 2048, 2048, 2048]","[2048, 2048, 2048, 2048, 2048, 2048, 2048, 2048, 2048]","[2048, 2048, 2048, 2048, 2048, 2048]",
1291,11336,41,21,2026-07-24T15:52:06.529000+00:00,29.768,31.396,24.614,292,232,False,85.778,"[None, 2048, 2048, 2048, 2048, 2048, 2048]","[2048, 2048, 2048, 2048, 2048, 2048, 2048, 2048, 2048]","[2048, 2048, 2048, 2048, 2048, 2048]",304
1291,11336,87,20,2026-07-24T15:52:18.783000+00:00,29.856,31.879,24.553,273,231,False,86.288,"[None, 2048, 2048, 2048, 2048, 2048, 2048]","[2048, 2048, 2048, 2048, 2048, 2048, 2048, 2048, 2048]","[2048, 2048, 2048, 2048, 2048, 2048]",307
1291,11336,55,24,2026-07-24T15:52:24.332000+00:00,30.228,32.206,25.035,284,226,False,87.469,"[None, 2048, 2048, 2048, 2048, 2048, 2048]","[2048, 2048, 2048, 2048, 2048, 2048, 2048, 2048, 2048]","[2048, 2048, 2048, 2048, 2048, 2048]",313
1291,11336,23,26,2026-07-24T15:52:34.789000+00:00,29.833,32.312,25.217,282,225,False,87.362,"[None, 2048, 2048, 2048, 2048, 2048, 2048]","[2048, 2048, 2048, 2048, 2048, 2048, 2048, 2048, 2048]","[2048, 2048, 2048, 2048, 2048, 2048]",314
1291,11336,77,23,2026-07-24T15:52:35.246000+00:00,30.246,32.421,24.918,281,230,False,87.585,"[None, 2048, 2048, 2048, 2048, 2048, 2048]","[2048, 2048, 2048, 2048, 2048, 2048, 2048, 2048, 2048]","[2048, 2048, 2048, 2048, 2048, 2048]",315
1291,11336,11,20,2026-07-24T15:52:36.405000+00:00,30.135,32.563,25.134,275,231,False,87.832,"[None, 2048, 2048, 2048, 2048, 2048, 2048]","[2048, 2048, 2048, 2048, 2048, 2048, 2048, 2048, 2048]","[2048, 2048, 2048, 2048, 2048, 2048]",317
1291,11336,30,22,2026-07-24T15:52:39.468000+00:00,29.457,31.505,24.808,290,237,False,85.77,"[None, 2048, 2048, 2048, 2048, 2048, 2048]","[2048, 2048, 2048, 2048, 2048, 2048, 2048, 2048, 2048]","[2048, 2048, 2048, 2048, 2048, 2048]",
1291,11336,63,24,2026-07-24T15:52:41.615000+00:00,29.586,32.096,26.775,291,228,False,88.457,"[None, 2048, 2048, 2048, 2048, 2048, 2048]","[2048, 2048, 2048, 2048, 2048, 2048, 2048, 2048, 2048]","[2048, 2048, 2048, 2048, 2048]",306
1291,11336,16,22,2026-07-24T15:52:46.542000+00:00,29.386,30.736,24.097,276,236,False,84.219,"[None, 2048, 2048, 2048, 2048, 2048, 2048]","[2048, 2048, 2048, 2048, 2048, 2048, 2048, 2048, 2048]","[2048, 2048, 2048, 2048, 2048, 2048]",
1291,11336,44,18,2026-07-24T15:52:50.053000+00:00,29.39,31.004,24.04,276,236,False,84.434,"[2048, 2048, 2048, 2048, 2048, 2048, 2048]","[2048, 2048, 2048, 2048, 2048, 2048, 2048, 2048, 2048]","[2048, 2048, 2048, 2048, 2048, 2048]",307
1291,11336,14,17,2026-07-24T15:52:51.188000+00:00,30.901,32.069,26.19,257,226,False,89.16,"[2048, 2048, 2048, 2048, 2048, 2048, 2048]","[2048, 2048, 2048, 2048, 2048, 2048, 2048, 2048, 2048]","[2048, 2048, 2048, 2048, 2048, 2048]",283
1291,11336,3,19,2026-07-24T15:52:51.384000+00:00,29.023,30.797,23.927,290,242,False,83.747,"[2048, 2048, 2048, 2048, 2048, 2048, 2048]","[2048, 2048, 2048, 2048, 2048, 2048, 2048, 2048, 2048]","[2048, 2048, 2048, 2048, 2048, 2048]",319
1291,11336,1,23,2026-07-24T15:52:55.595000+00:00,31.279,32.178,27.694,287,230,False,91.151,"[None, 2048, 2048, 2048, 2048, 2048, 2048]","[2048, 2048, 2048, 2048, 2048, 2048, 2048, 2048, 2048]","[2048, 2048, 2048, 2064, 2064, 2064]",
1291,11336,10,17,2026-07-24T15:53:04.672000+00:00,29.571,31.873,24.609,,228,False,86.053,"[None, 2048, 2048, 2048, 2048, 2048, 2048]","[2048, 2048, 2048, 2048, 2048, 2048, 2048, 2048, 2048]","[2048, 2048, 2048, 2048, 2048, 2048]",301
1291,11336,31,19,2026-07-24T15:53:09.684000+00:00,29.791,31.819,24.89,275,230,False,86.5,"[None, 2048, 2048, 2048, 2048, 2048, 2048]","[2048, 2048, 2048, 2048, 2048, 2048, 2048, 2048, 2048]","[2048, 2048, 2048, 2048, 2048, 2048]",313
1291,11336,12,23,2026-07-24T15:53:16.424000+00:00,29.213,30.87,23.942,284,231,False,84.025,"[None, 2048, 2048, 2048, 2048, 2048, 2048]","[2048, 2048, 2048, 2048, 2048, 2048, 2048, 2048, 2048]","[2048, 2048, 2048, 2048, 2048, 2048]",306
1291,11336,81,21,2026-07-24T15:53:24.405000+00:00,29.494,31.201,24.334,279,233,False,85.029,"[None, 2048, 2048, 2048, 2048, 2048, 2048]","[2048, 2048, 2048, 2048, 2048, 2048, 2048, 2048, 2048]","[2048, 2048, 2048, 2048, 2048, 2048]",302
1291,11336,5,20,2026-07-24T15:53:26.004000+00:00,29.582,31.962,24.427,281,228,False,85.971,"[None, 2048, 2048, 2048, 2048, 2048, 2048]","[2048, 2048, 2048, 2048, 2048, 2048, 2048, 2048, 2048]","[2048, 2048, 2048, 2048, 2048, 2048]",310
1291,11336,27,23,2026-07-24T15:53:28.459000+00:00,29.315,31.131,24.618,289,234,False,85.064,"[None, 2048, 2048, 2048, 2048, 2048, 2048]","[2048, 2048, 2048, 2048, 2048, 2048, 2048, 2048, 2048]","[2048, 2048, 2048, 2048, 2048, 2048]",315
1291,11336,41,22,2026-07-24T15:53:32.318000+00:00,29.72,31.486,24.643,283,234,False,85.849,"[None, 2048, 2048, 2048, 2048, 2048, 2048]","[2048, 2048, 2048, 2048, 2048, 2048, 2048, 2048, 2048]","[2048, 2048, 2048, 2048, 2048, 2048]",301
1291,11336,87,21,2026-07-24T15:53:45.083000+00:00,29.929,31.782,24.663,275,231,False,86.374,"[None, 2048, 2048, 2048, 2048, 2048, 2048]","[2048, 2048, 2048, 2048, 2048, 2048, 2048, 2048, 2048]","[2048, 2048, 2048, 2048, 2048, 2048]",
1291,11336,55,25,2026-07-24T15:53:51.753000+00:00,30.075,32.287,25.152,281,225,False,87.514,"[None, 2048, 2048, 2048, 2048, 2048, 2048]","[2048, 2048, 2048, 2048, 2048, 2048, 2048, 2048, 2048]","[2048, 2048, 2048, 2048, 2048, 2048]",314
1291,11336,23,27,2026-07-24T15:54:02.205000+00:00,30.005,32.476,25.253,281,222,False,87.734,"[None, 2048, 2048, 2048, 2048, 2048, 2048]","[2048, 2048, 2048, 2048, 2048, 2048, 2048, 2048, 2048]","[2048, 2048, 2048, 2048, 2048, 2048]",315
1291,11336,77,24,2026-07-24T15:54:02.770000+00:00,30.261,32.62,25.056,275,228,False,87.937,"[None, 2048, 2048, 2048, 2048, 2048, 2048]","[2048, 2048, 2048, 2048, 2048, 2048, 2048, 2048, 2048]","[2048, 2048, 2048, 2048, 2048, 2048]",317
1291,11336,11,21,2026-07-24T15:54:04.240000+00:00,30.22,32.489,25.1,273,230,False,87.809,"[None, 2048, 2048, 2048, 2048, 2048, 2048]","[2048, 2048, 2048, 2048, 2048, 2048, 2048, 2048, 2048]","[2048, 2048, 2048, 2048, 2048, 2048]",306
1291,11336,30,23,2026-07-24T15:54:05.272000+00:00,29.809,32.404,25.357,279,231,False,87.57,"[None, 2048, 2048, 2048, 2048, 2048, 2048]","[2048, 2048, 2048, 2048, 2048, 2048, 2048, 2048, 2048]","[2048, 2048, 2048, 2048, 2048, 2048]",321
1291,11336,63,25,2026-07-24T15:54:10.048000+00:00,29.749,31.83,24.915,286,224,False,86.494,"[None, 2048, 2048, 2048, 2048, 2048, 2048]","[2048, 2048, 2048, 2048, 2048, 2048, 2048, 2048, 2048]","[2048, 2048, 2048, 2048, 2048, 2048]",311
1291,11336,16,23,2026-07-24T15:54:10.822000+00:00,29.569,31.59,24.993,285,232,False,86.152,"[None, 2048, 2048, 2048, 2048, 2048, 2048]","[2048, 2048, 2048, 2048, 2048, 2048, 2048, 2048, 2048]","[2048, 2048, 2048, 2048, 2048, 2048]",316
1291,11336,6,13,2026-07-24T15:54:13.401000+00:00,,32.233,24.38,270,234,True,360.911,"[2064, 2064, 2048, 2048, 2048, 2048, 2048]","[2048, 2048, 2048, 2048, 2048, 2048, 2048, 2048, 2048]","[2048, 2048, 2048, 2048, 2048, 2048]",
1291,11336,44,19,2026-07-24T15:54:14.666000+00:00,30.698,32.256,24.403,262,232,False,87.357,"[None, 2048, 2048, 2048, 2048, 2048, 2048]","[2048, 2048, 2048, 2048, 2048, 2048, 2048, 2048, 2048]","[2048, 2048, 2048, 2048, 2048, 2048]",305
1291,11336,3,20,2026-07-24T15:54:15.102000+00:00,28.91,30.715,23.922,283,237,False,83.547,"[2051, 2051, 2048, 2048, 2048, 2048, 2048]","[2048, 2048, 2048, 2048, 2048, 2048, 2048, 2048, 2048]","[2048, 2048, 2048, 2048, 2048, 2048]",332
1291,11336,14,18,2026-07-24T15:54:20.421000+00:00,30.387,32.368,24.695,263,227,False,87.45,"[None, 2048, 2048, 2048, 2048, 2048, 2048]","[2048, 2048, 2048, 2048, 2048, 2048, 2048, 2048, 2048]","[2048, 2048, 2048, 2048, 2048, 2048]",294
1291,11336,10,18,2026-07-24T15:54:30.745000+00:00,29.609,31.704,24.613,,228,False,85.926,"[None, 2048, 2048, 2048, 2048, 2048, 2048]","[2048, 2048, 2048, 2048, 2048, 2048, 2048, 2048, 2048]","[2048, 2048, 2048, 2048, 2048, 2048]",303
1291,11336,31,20,2026-07-24T15:54:36.200000+00:00,29.754,31.924,24.804,277,229,False,86.482,"[None, 2048, 2048, 2048, 2048, 2048, 2048]","[2048, 2048, 2048, 2048, 2048, 2048, 2048, 2048, 2048]","[2048, 2048, 2048, 2048, 2048, 2048]",315
1291,11336,12,24,2026-07-24T15:54:40.521000+00:00,29.114,30.962,24.03,288,231,False,84.106,"[None, 2048, 2048, 2048, 2048, 2048, 2048]","[2048, 2048, 2048, 2048, 2048, 2048, 2048, 2048, 2048]","[2048, 2048, 2048, 2048, 2048, 2048]",301
1291,11336,1,24,2026-07-24T15:54:46.305000+00:00,48.277,30.696,23.973,282,237,True,102.946,"[2064, 2064, 2048, 2048, 2048, 2048, 2048]","[2048, 2048, 2048, 2048, 2048, 2048, 2048, 2048, 2048]","[2048, 2048, 2048, 2048, 2048, 2048]",
1291,11336,81,22,2026-07-24T15:54:49.518000+00:00,29.431,31.421,24.58,,232,False,85.432,"[None, 2048, 2048, 2048, 2048, 2048, 2048]","[2048, 2048, 2048, 2048, 2048, 2048, 2048, 2048, 2048]","[2048, 2048, 2048, 2048, 2048, 2048]",307
1291,11336,5,21,2026-07-24T15:54:51.985000+00:00,29.472,31.228,24.451,277,231,False,85.151,"[None, 2048, 2048, 2048, 2048, 2048, 2048]","[2048, 2048, 2048, 2048, 2048, 2048, 2048, 2048, 2048]","[2048, 2048, 2048, 2048, 2048, 2048]",
1291,11336,27,24,2026-07-24T15:54:53.379000+00:00,29.378,31.38,24.522,282,232,False,85.28,"[None, 2048, 2048, 2048, 2048, 2048, 2048]","[2048, 2048, 2048, 2048, 2048, 2048, 2048, 2048, 2048]","[2048, 2048, 2048, 2048, 2048, 2048]",314
1291,11336,41,23,2026-07-24T15:54:58.109000+00:00,29.693,31.415,24.75,289,235,False,85.858,"[None, 2048, 2048, 2048, 2048, 2048, 2048]","[2048, 2048, 2048, 2048, 2048, 2048, 2048, 2048, 2048]","[2048, 2048, 2048, 2048, 2048, 2048]",302
1291,11336,87,22,2026-07-24T15:55:11.421000+00:00,29.808,31.544,24.771,279,233,False,86.123,"[None, 2048, 2048, 2048, 2048, 2048, 2048]","[2048, 2048, 2048, 2048, 2048, 2048, 2048, 2048, 2048]","[2048, 2048, 2048, 2048, 2048, 2048]",
1291,11336,55,26,2026-07-24T15:55:19.304000+00:00,30.194,32.336,25.265,,222,False,87.795,"[None, 2048, 2048, 2048, 2048, 2048, 2048]","[2048, 2048, 2048, 2048, 2048, 2048, 2048, 2048, 2048]","[2048, 2048, 2048, 2048, 2048, 2048]",308
1291,11336,23,28,2026-07-24T15:55:29.853000+00:00,30.163,32.562,25.175,279,223,False,87.9,"[None, 2048, 2048, 2048, 2048, 2048, 2048]","[2048, 2048, 2048, 2048, 2048, 2048, 2048, 2048, 2048]","[2048, 2048, 2048, 2048, 2048, 2048]",311
1291,11336,77,25,2026-07-24T15:55:30.737000+00:00,30.204,32.556,25.115,276,230,False,87.875,"[None, 2048, 2048, 2048, 2048, 2048, 2048]","[2048, 2048, 2048, 2048, 2048, 2048, 2048, 2048, 2048]","[2048, 2048, 2048, 2048, 2048, 2048]",316
1291,11336,11,22,2026-07-24T15:55:32.073000+00:00,30.169,32.418,25.157,276,230,False,87.744,"[None, 2048, 2048, 2048, 2048, 2048, 2048]","[2048, 2048, 2048, 2048, 2048, 2048, 2048, 2048, 2048]","[2048, 2048, 2048, 2048, 2048, 2048]",308
1291,11336,30,24,2026-07-24T15:55:32.876000+00:00,39.427,34.144,24.544,193,239,False,98.115,"[None, 2048, 2048, 2048, 2048, 2048, 2048]","[2048, 2048, 2048, 2048, 2048, 2048, 2048, 2048, 2048]","[2048, 2048, 2048, 2048, 2048, 2048]",211
1291,11336,63,26,2026-07-24T15:55:36.585000+00:00,31.348,33.646,27.735,260,222,False,92.729,"[None, 2048, 2048, 2048, 2048, 2048, 2048]","[2048, 2048, 2048, 2048, 2048, 2048, 2048, 2048, 2048]","[2048, 2048, 2048, 2064, 2064, 2064]",314
1291,11336,16,24,2026-07-24T15:55:36.915000+00:00,29.409,31.258,24.277,277,233,False,84.944,"[None, 2048, 2048, 2048, 2048, 2048, 2048]","[2048, 2048, 2048, 2048, 2048, 2048, 2048, 2048, 2048]","[2048, 2048, 2048, 2048, 2048, 2048]",323
1291,11336,3,21,2026-07-24T15:55:38.610000+00:00,29.1,30.724,24.257,288,241,False,84.081,"[2048, 2048, 2048, 2048, 2048, 2048, 2048]","[2048, 2048, 2048, 2048, 2048, 2048, 2048, 2048, 2048]","[2048, 2048, 2048, 2048, 2048, 2048]",313
1291,11336,44,20,2026-07-24T15:55:41.961000+00:00,29.259,30.978,24.374,277,234,False,84.611,"[None, 2048, 2048, 2048, 2048, 2048, 2048]","[2048, 2048, 2048, 2048, 2048, 2048, 2048, 2048, 2048]","[2048, 2048, 2048, 2048, 2048, 2048]",309
1291,11336,6,14,2026-07-24T15:55:42.448000+00:00,29.33,31.333,24.279,285,237,False,84.942,"[2048, 2048, 2048, 2048, 2048, 2048, 2048]","[2048, 2048, 2048, 2048, 2048, 2048, 2048, 2048, 2048]","[2048, 2048, 2048, 2048, 2048, 2048]",325
1291,11336,14,19,2026-07-24T15:55:47.818000+00:00,30.15,32.267,27.177,266,227,False,89.594,"[None, 2048, 2048, 2048, 2048, 2048, 2048]","[2048, 2048, 2048, 2048, 2048, 2048, 2048, 2048, 2048]","[2048, 2048, 2048, 2048, 2048, 2048]",305
1291,11336,10,19,2026-07-24T15:55:56.630000+00:00,29.661,31.754,24.748,283,228,False,86.163,"[None, 2048, 2048, 2048, 2048, 2048, 2048]","[2048, 2048, 2048, 2048, 2048, 2048, 2048, 2048, 2048]","[2048, 2048, 2048, 2048, 2048, 2048]",305
1291,11336,31,21,2026-07-24T15:56:02.676000+00:00,29.874,31.811,24.812,275,231,False,86.497,"[None, 2048, 2048, 2048, 2048, 2048, 2048]","[2048, 2048, 2048, 2048, 2048, 2048, 2048, 2048, 2048]","[2048, 2048, 2048, 2048, 2048, 2048]",305
1291,11336,12,25,2026-07-24T15:56:04.508000+00:00,32.227,32.127,23.962,264,233,False,88.316,"[None, 2048, 2048, 2048, 2048, 2048, 2048]","[2048, 2048, 2048, 2048, 2048, 2048, 2048, 2048, 2048]","[2048, 2048, 2048, 2048, 2048, 2048]",306
1291,11336,1,25,2026-07-24T15:56:09.704000+00:00,28.803,30.797,24.119,287,238,False,83.719,"[2048, 2048, 2048, 2048, 2048, 2048, 2048]","[2048, 2048, 2048, 2048, 2048, 2048, 2048, 2048, 2048]","[2048, 2048, 2048, 2048, 2048, 2048]",308
1291,11336,81,23,2026-07-24T15:56:14.821000+00:00,29.799,31.333,24.595,280,231,False,85.727,"[None, 2048, 2048, 2048, 2048, 2048, 2048]","[2048, 2048, 2048, 2048, 2048, 2048, 2048, 2048, 2048]","[2048, 2048, 2048, 2048, 2048, 2048]",
1291,11336,5,22,2026-07-24T15:56:17.100000+00:00,29.714,31.63,24.695,279,229,False,86.039,"[None, 2048, 2048, 2048, 2048, 2048, 2048]","[2048, 2048, 2048, 2048, 2048, 2048, 2048, 2048, 2048]","[2048, 2048, 2048, 2048, 2048, 2048]",309
1291,11336,27,25,2026-07-24T15:56:18.677000+00:00,29.499,31.248,27.195,294,235,False,87.942,"[None, 2048, 2048, 2048, 2048, 2048, 2048]","[2048, 2048, 2048, 2048, 2048, 2048, 2048, 2048, 2048]","[2048, 2048, 2048, 2064, 2064, 2064]",304
1291,11336,41,24,2026-07-24T15:56:23.986000+00:00,29.878,31.681,24.671,,233,False,86.23,"[None, 2048, 2048, 2048, 2048, 2048, 2048]","[2048, 2048, 2048, 2048, 2048, 2048, 2048, 2048, 2048]","[2048, 2048, 2048, 2048, 2048, 2048]",306
1291,11336,87,23,2026-07-24T15:56:37.666000+00:00,29.841,31.887,24.873,277,231,False,86.601,"[None, 2048, 2048, 2048, 2048, 2048, 2048]","[2048, 2048, 2048, 2048, 2048, 2048, 2048, 2048, 2048]","[2048, 2048, 2048, 2048, 2048, 2048]",310
1291,11336,55,27,2026-07-24T15:56:47.133000+00:00,30.238,32.356,27.751,278,225,False,90.345,"[None, 2048, 2048, 2048, 2048, 2048, 2048]","[2048, 2048, 2048, 2048, 2048, 2048, 2048, 2048, 2048]","[2048, 2048, 2048, 2064, 2064, 2064]",
1291,11336,23,29,2026-07-24T15:56:57.762000+00:00,30.056,32.538,27.851,282,224,False,90.445,"[None, 2048, 2048, 2048, 2048, 2048, 2048]","[2048, 2048, 2048, 2048, 2048, 2048, 2048, 2048, 2048]","[2048, 2048, 2048, 2064, 2064, 2064]",312
1291,11336,77,26,2026-07-24T15:56:58.686000+00:00,30.191,32.656,25.241,274,223,False,88.088,"[None, 2048, 2048, 2048, 2048, 2048, 2048]","[2048, 2048, 2048, 2048, 2048, 2048, 2048, 2048, 2048]","[2048, 2048, 2048, 2048, 2048, 2048]",314
1291,11336,11,23,2026-07-24T15:56:59.895000+00:00,30.208,32.548,25.362,278,227,False,88.118,"[None, 2048, 2048, 2048, 2048, 2048, 2048]","[2048, 2048, 2048, 2048, 2048, 2048, 2048, 2048, 2048]","[2048, 2048, 2048, 2048, 2048, 2048]",309
1291,11336,16,25,2026-07-24T15:57:01.885000+00:00,29.354,31.681,25.437,282,226,False,86.472,"[None, 2048, 2048, 2048, 2048, 2048, 2048]","[2048, 2048, 2048, 2048, 2048, 2048, 2048, 2048, 2048]","[2048, 2048, 2048, 2048, 2048, 2048]",308
1291,11336,3,22,2026-07-24T15:57:02.712000+00:00,29.015,31.41,24.989,294,238,False,85.414,"[None, 2048, 2048, 2048, 2048, 2048, 2048]","[2048, 2048, 2048, 2048, 2048, 2048, 2048, 2048, 2048]","[2048, 2048, 2048, 2048, 2048, 2048]",316
1291,11336,44,21,2026-07-24T15:57:06.492000+00:00,29.097,31.18,24.532,279,233,False,84.809,"[None, 2048, 2048, 2048, 2048, 2048, 2048]","[2048, 2048, 2048, 2048, 2048, 2048, 2048, 2048, 2048]","[2048, 2048, 2048, 2048, 2048, 2048]",313
1291,11336,6,15,2026-07-24T15:57:07.451000+00:00,29.172,31.05,24.355,295,236,False,84.577,"[None, 2048, 2048, 2048, 2048, 2048, 2048]","[2048, 2048, 2048, 2048, 2048, 2048, 2048, 2048, 2048]","[2048, 2048, 2048, 2048, 2048, 2048]",314
1291,11336,30,25,2026-07-24T15:57:10.885000+00:00,29.537,31.564,24.688,287,236,False,85.789,"[None, 2048, 2048, 2048, 2048, 2048, 2048]","[2048, 2048, 2048, 2048, 2048, 2048, 2048, 2048, 2048]","[2048, 2048, 2048, 2048, 2048, 2048]",314
1291,11336,14,20,2026-07-24T15:57:17.408000+00:00,30.094,32.003,24.68,265,227,False,86.777,"[None, 2048, 2048, 2048, 2048, 2048, 2048]","[2048, 2048, 2048, 2048, 2048, 2048, 2048, 2048, 2048]","[2048, 2048, 2048, 2048, 2048, 2048]",294
1291,11336,10,20,2026-07-24T15:57:22.741000+00:00,29.536,32.186,25.044,285,226,False,86.766,"[None, 2048, 2048, 2048, 2048, 2048, 2048]","[2048, 2048, 2048, 2048, 2048, 2048, 2048, 2048, 2048]","[2048, 2048, 2048, 2048, 2048, 2048]",313
1291,11336,31,22,2026-07-24T15:57:29.285000+00:00,29.933,31.758,24.971,276,235,False,86.662,"[None, 2048, 2048, 2048, 2048, 2048, 2048]","[2048, 2048, 2048, 2048, 2048, 2048, 2048, 2048, 2048]","[2048, 2048, 2048, 2048, 2048, 2048]",304
1291,11336,12,26,2026-07-24T15:57:32.954000+00:00,29.143,30.827,24.202,287,232,False,84.172,"[None, 2048, 2048, 2048, 2048, 2048, 2048]","[2048, 2048, 2048, 2048, 2048, 2048, 2048, 2048, 2048]","[2048, 2048, 2048, 2048, 2048, 2048]",
1291,11336,1,26,2026-07-24T15:57:33.492000+00:00,28.766,31.007,28.89,292,241,False,88.663,"[None, 2048, 2048, 2048, 2048, 2048, 2048]","[2048, 2048, 2048, 2048, 2048, 2048, 2048, 2048, 2048]","[2048, 2048, 2048, 2048, 2048, 2048]",319
1291,11336,81,24,2026-07-24T15:57:40.618000+00:00,29.539,31.206,24.939,289,228,False,85.684,"[None, 2048, 2048, 2048, 2048, 2048, 2048]","[2048, 2048, 2048, 2048, 2048, 2048, 2048, 2048, 2048]","[2048, 2048, 2048, 2048, 2048, 2048]",312
1291,11336,5,23,2026-07-24T15:57:43.185000+00:00,29.526,31.705,24.86,277,228,False,86.091,"[None, 2048, 2048, 2048, 2048, 2048, 2048]","[2048, 2048, 2048, 2048, 2048, 2048, 2048, 2048, 2048]","[2048, 2048, 2048, 2048, 2048, 2048]",313
1291,11336,41,25,2026-07-24T15:57:50.285000+00:00,30.004,31.825,24.824,,235,False,86.653,"[None, 2048, 2048, 2048, 2048, 2048, 2048]","[2048, 2048, 2048, 2048, 2048, 2048, 2048, 2048, 2048]","[2048, 2048, 2048, 2048, 2048, 2048]",303
1291,11336,87,24,2026-07-24T15:58:04.190000+00:00,29.928,31.925,24.828,268,231,False,86.681,"[None, 2048, 2048, 2048, 2048, 2048, 2048]","[2048, 2048, 2048, 2048, 2048, 2048, 2048, 2048, 2048]","[2048, 2048, 2048, 2048, 2048, 2048]",
1291,11336,27,26,2026-07-24T15:58:06.801000+00:00,48.245,31.698,24.467,286,233,True,104.41,"[2064, 2064, 2048, 2048, 2048, 2048, 2048]","[2048, 2048, 2048, 2048, 2048, 2048, 2048, 2048, 2048]","[2048, 2048, 2048, 2048, 2048, 2048]",
1291,11336,77,27,2026-07-24T15:58:26.786000+00:00,30.06,32.348,27.171,271,226,False,89.579,"[None, 2048, 2048, 2048, 2048, 2048, 2048]","[2048, 2048, 2048, 2048, 2048, 2048, 2048, 2048, 2048]","[2048, 2048, 2048, 2048, 2048, 2048]",309
1291,11336,11,24,2026-07-24T15:58:28.047000+00:00,32.032,34.896,25.294,268,232,False,92.222,"[None, 2048, 2048, 2048, 2048, 2048, 2048]","[2048, 2048, 2048, 2048, 2048, 2048, 2048, 2048, 2048]","[2048, 2048, 2048, 2048, 2048, 2048]",311
1291,11336,3,23,2026-07-24T15:58:28.164000+00:00,29.457,31.698,24.101,285,239,False,85.256,"[None, 2048, 2048, 2048, 2048, 2048, 2048]","[2048, 2048, 2048, 2048, 2048, 2048, 2048, 2048, 2048]","[2048, 2048, 2048, 2048, 2048, 2048]",312
1291,11336,16,26,2026-07-24T15:58:28.395000+00:00,29.791,31.509,25.806,,232,False,87.106,"[None, 2048, 2048, 2048, 2048, 2048, 2048]","[2048, 2048, 2048, 2048, 2048, 2048, 2048, 2048, 2048]","[2048, 2048, 2048, 2048, 2048, 2048]",326
1291,11336,44,22,2026-07-24T15:58:31.335000+00:00,29.308,31.512,24.35,285,236,False,85.17,"[None, 2048, 2048, 2048, 2048, 2048, 2048]","[2048, 2048, 2048, 2048, 2048, 2048, 2048, 2048, 2048]","[2048, 2048, 2048, 2048, 2048, 2048]",310
1291,11336,6,16,2026-07-24T15:58:31.987000+00:00,29.145,31.666,24.404,297,237,False,85.215,"[2049, 2049, 2048, 2048, 2048, 2048, 2048]","[2048, 2048, 2048, 2048, 2048, 2048, 2048, 2048, 2048]","[2048, 2048, 2048, 2048, 2048, 2048]",322
1291,11336,30,26,2026-07-24T15:58:36.686000+00:00,29.65,31.432,24.689,289,234,False,85.771,"[None, 2048, 2048, 2048, 2048, 2048, 2048]","[2048, 2048, 2048, 2048, 2048, 2048, 2048, 2048, 2048]","[2048, 2048, 2048, 2048, 2048, 2048]",313
1291,11336,55,28,2026-07-24T15:58:38.453000+00:00,50.532,32.847,26.833,282,217,True,110.212,"[2064, 2064, 2048, 2048, 2048, 2048, 2048]","[2048, 2048, 2048, 2048, 2048, 2048, 2048, 2048, 2048]","[2048, 2048, 2048, 2048, 2048, 2048]",
1291,11336,14,21,2026-07-24T15:58:44.308000+00:00,30.078,31.662,24.668,267,229,False,86.408,"[None, 2048, 2048, 2048, 2048, 2048, 2048]","[2048, 2048, 2048, 2048, 2048, 2048, 2048, 2048, 2048]","[2048, 2048, 2048, 2048, 2048, 2048]",291
1291,11336,23,30,2026-07-24T15:58:48.348000+00:00,49.297,31.811,24.256,286,226,True,105.364,"[2064, 2064, 2048, 2048, 2048, 2048, 2048]","[2048, 2048, 2048, 2048, 2048, 2048, 2048, 2048, 2048]","[2048, 2048, 2048, 2049, 2048, 2048]",
1291,11336,10,21,2026-07-24T15:58:49.559000+00:00,29.616,32.269,24.957,291,225,False,86.842,"[None, 2048, 2048, 2048, 2048, 2048, 2048]","[2048, 2048, 2048, 2048, 2048, 2048, 2048, 2048, 2048]","[2048, 2048, 2048, 2048, 2048, 2048]",315
1291,11336,31,23,2026-07-24T15:58:55.862000+00:00,29.761,31.976,24.943,275,227,False,86.68,"[None, 2048, 2048, 2048, 2048, 2048, 2048]","[2048, 2048, 2048, 2048, 2048, 2048, 2048, 2048, 2048]","[2048, 2048, 2048, 2048, 2048, 2048]",317
1291,11336,12,27,2026-07-24T15:58:57.077000+00:00,29.29,31.946,24.624,288,230,False,85.86,"[None, 2048, 2048, 2048, 2048, 2048, 2048]","[2048, 2048, 2048, 2048, 2048, 2048, 2048, 2048, 2048]","[2048, 2048, 2048, 2048, 2048, 2048]",310
1291,11336,1,27,2026-07-24T15:59:02.106000+00:00,28.726,30.147,23.878,287,239,False,82.751,"[None, 2048, 2048, 2048, 2048, 2048, 2048]","[2048, 2048, 2048, 2048, 2048, 2048, 2048, 2048, 2048]","[2048, 2048, 2048, 2048, 2048, 2048]",310
1291,11336,81,25,2026-07-24T15:59:06.322000+00:00,29.573,31.722,24.74,292,227,False,86.035,"[None, 2048, 2048, 2048, 2048, 2048, 2048]","[2048, 2048, 2048, 2048, 2048, 2048, 2048, 2048, 2048]","[2048, 2048, 2048, 2048, 2048, 2048]",314
1291,11336,5,24,2026-07-24T15:59:09.163000+00:00,29.79,31.753,24.742,281,229,False,86.285,"[None, 2048, 2048, 2048, 2048, 2048, 2048]","[2048, 2048, 2048, 2048, 2048, 2048, 2048, 2048, 2048]","[2048, 2048, 2048, 2048, 2048, 2048]",307
1291,11336,41,26,2026-07-24T15:59:16.916000+00:00,29.783,31.56,24.669,288,234,False,86.012,"[None, 2048, 2048, 2048, 2048, 2048, 2048]","[2048, 2048, 2048, 2048, 2048, 2048, 2048, 2048, 2048]","[2048, 2048, 2048, 2048, 2048, 2048]",
1291,11336,63,27,2026-07-24T15:59:27.804000+00:00,,31.798,25.339,281,229,True,248.984,"[2064, 2064, 2048, 2048, 2048, 2048, 2048]","[2048, 2048, 2048, 2048, 2048, 2048, 2048, 2048, 2048]","[2048, 2048, 2048, 2048, 2048, 2048]",
1291,11336,87,25,2026-07-24T15:59:30.956000+00:00,30.321,32.29,24.939,273,230,False,87.55,"[None, 2048, 2048, 2048, 2048, 2048, 2048]","[2048, 2048, 2048, 2048, 2048, 2048, 2048, 2048, 2048]","[2048, 2048, 2048, 2048, 2048, 2048]",311
1291,11336,27,27,2026-07-24T15:59:31.123000+00:00,29.23,30.944,24.188,274,234,False,84.362,"[2049, 2049, 2048, 2048, 2048, 2048, 2048]","[2048, 2048, 2048, 2048, 2048, 2048, 2048, 2048, 2048]","[2048, 2048, 2048, 2048, 2048, 2048]",325
1291,11336,3,24,2026-07-24T15:59:53.330000+00:00,29.132,30.822,24.187,,243,False,84.141,"[None, 2048, 2048, 2048, 2048, 2048, 2048]","[2048, 2048, 2048, 2048, 2048, 2048, 2048, 2048, 2048]","[2049, 2048, 2048, 2048, 2048, 2048]",310
1291,11336,16,27,2026-07-24T15:59:55.493000+00:00,29.345,30.884,24.073,280,238,False,84.302,"[None, 2048, 2048, 2048, 2048, 2048, 2048]","[2048, 2048, 2048, 2048, 2048, 2048, 2048, 2048, 2048]","[2048, 2048, 2048, 2048, 2048, 2048]",310
1291,11336,77,28,2026-07-24T15:59:56.315000+00:00,30.293,33.135,25.848,288,219,False,89.276,"[None, 2048, 2048, 2048, 2048, 2048, 2048]","[2048, 2048, 2048, 2048, 2048, 2048, 2048, 2048, 2048]","[2048, 2048, 2048, 2048, 2048, 2048]",320
1291,11336,44,23,2026-07-24T15:59:56.495000+00:00,29.325,31.444,24.386,274,231,False,85.155,"[None, 2048, 2048, 2048, 2048, 2048, 2048]","[2048, 2048, 2048, 2048, 2048, 2048, 2048, 2048, 2048]","[2048, 2048, 2048, 2048, 2048, 2048]",327
1291,11336,6,17,2026-07-24T15:59:57.123000+00:00,29.654,33.338,25.709,273,218,False,88.701,"[None, 2048, 2048, 2048, 2048, 2048, 2048]","[2048, 2048, 2048, 2048, 2048, 2048, 2048, 2048, 2048]","[2048, 2048, 2048, 2048, 2048, 2048]",
1291,11336,11,25,2026-07-24T16:00:00.228000+00:00,30.023,32.653,25.192,290,227,False,87.868,"[None, 2048, 2048, 2048, 2048, 2048, 2048]","[2048, 2048, 2048, 2048, 2048, 2048, 2048, 2048, 2048]","[2048, 2048, 2048, 2048, 2048, 2048]",308
1291,11336,30,27,2026-07-24T16:00:02.555000+00:00,36.682,40.164,34.283,190,223,False,111.129,"[None, 2048, 2048, 2048, 2048, 2048, 2048]","[2048, 2048, 2048, 2048, 2048, 2048, 2048, 2048, 2048]","[2048, 2048, 2048, 2048, 2048, 2048]",291
1291,11336,55,29,2026-07-24T16:00:07.725000+00:00,29.669,35.431,35.383,280,182,False,100.483,"[2048, 2048, 2048, 2048, 2048, 2048, 2048]","[2048, 2048, 2048, 2048, 2048, 2048, 2048, 2048, 2048]","[2048, 2048, 2048, 2048, 2048, 2048]",314
1291,11336,14,22,2026-07-24T16:00:10.639000+00:00,32.191,36.012,36.894,224,190,False,105.097,"[None, 2048, 2048, 2048, 2048, 2048, 2048]","[2048, 2048, 2048, 2048, 2048, 2048, 2048, 2048, 2048]","[2048, 2048, 2048, 2048, 2048, 2048]",297
1291,11336,23,31,2026-07-24T16:00:13.558000+00:00,30.62,43.887,35.706,180,160,False,110.213,"[2048, 2048, 2048, 2048, 2048, 2048, 2048]","[2048, 2048, 2048, 2048, 2048, 2048, 2048, 2048, 2048]","[2048, 2048, 2048, 2048, 2048, 2048]",315
1291,11336,10,22,2026-07-24T16:00:16.452000+00:00,37.299,41.327,36.691,183,197,False,115.317,"[None, 2048, 2048, 2048, 2048, 2048, 2048]","[2048, 2048, 2048, 2048, 2048, 2048, 2048, 2048, 2048]","[2048, 2048, 2048, 2048, 2048, 2048]",316
1291,11336,31,24,2026-07-24T16:00:22.625000+00:00,37.717,43.535,41.429,159,155,False,122.681,"[None, 2048, 2048, 2048, 2048, 2048, 2048]","[2048, 2048, 2048, 2048, 2048, 2048, 2048, 2048, 2048]","[2048, 2048, 2048, 2048, 2048, 2048]",266
1291,11336,12,28,2026-07-24T16:00:22.928000+00:00,34.764,43.204,56.427,172,166,False,134.395,"[None, 2048, 2048, 2048, 2048, 2048, 2048]","[2048, 2048, 2048, 2048, 2048, 2048, 2048, 2048, 2048]","[2048, 2048, 2048, 2048, 2048, 2048]",314
1291,11336,1,28,2026-07-24T16:00:24.962000+00:00,38.302,42.095,42.129,173,167,False,122.526,"[None, 2048, 2048, 2048, 2048, 2048, 2048]","[2048, 2048, 2048, 2048, 2048, 2048, 2048, 2048, 2048]","[2048, 2048, 2048, 2048, 2048, 2048]",229
1291,11336,81,26,2026-07-24T16:00:32.359000+00:00,38.106,40.698,85.831,175,175,False,164.635,"[None, 2048, 2048, 2048, 2048, 2048, 2048]","[2048, 2048, 2048, 2048, 2048, 2048, 2048, 2048, 2048]","[2048, 2048, 2048, 2048, 2048, 2048]",283
1291,11336,5,25,2026-07-24T16:00:35.475000+00:00,36.658,41.387,97.831,177,165,False,175.876,"[None, 2048, 2048, 2048, 2048, 2048, 2048]","[2048, 2048, 2048, 2048, 2048, 2048, 2048, 2048, 2048]","[2048, 2048, 2048, 2048, 2048, 2048]",272
1291,11336,41,27,2026-07-24T16:00:42.882000+00:00,33.895,37.164,88.727,186,203,False,159.786,"[None, 2048, 2048, 2048, 2048, 2048, 2048]","[2048, 2048, 2048, 2048, 2048, 2048, 2048, 2048, 2048]","[2048, 2048, 2048, 2048, 2048, 2048]",308
1291,11336,27,28,2026-07-24T16:00:55.417000+00:00,29.703,35.726,44.601,278,178,False,110.03,"[2048, 2048, 2048, 2048, 2048, 2048, 2048]","[2048, 2048, 2048, 2048, 2048, 2048, 2048, 2048, 2048]","[2048, 2048, 2048, 2048, 2048, 2048]",303
1291,11336,87,26,2026-07-24T16:00:58.517000+00:00,37.366,37.227,83.665,192,210,False,158.258,"[None, 2048, 2048, 2048, 2048, 2048, 2048]","[2048, 2048, 2048, 2048, 2048, 2048, 2048, 2048, 2048]","[2048, 2048, 2048, 2048, 2048, 2048]",229
1291,11336,3,25,2026-07-24T16:01:17.509000+00:00,36.179,36.411,75.501,196,208,False,148.091,"[None, 2048, 2048, 2048, 2048, 2048, 2048]","[2048, 2048, 2048, 2048, 2048, 2048, 2048, 2048, 2048]","[2048, 2048, 2048, 2048, 2048, 2048]",205
1291,11336,63,28,2026-07-24T16:01:18.400000+00:00,37.168,36.948,39.793,200,205,False,113.909,"[2048, 2048, 2048, 2048, 2048, 2048, 2048]","[2048, 2048, 2048, 2048, 2048, 2048, 2048, 2048, 2048]","[2048, 2048, 2048, 2048, 2048, 2048]",211
1291,11336,16,28,2026-07-24T16:01:19.716000+00:00,37.263,38.16,76.04,182,178,False,151.463,"[None, 2048, 2048, 2048, 2048, 2048, 2048]","[2048, 2048, 2048, 2048, 2048, 2048, 2048, 2048, 2048]","[2048, 2048, 2048, 2048, 2048, 2048]",231
1291,11336,44,24,2026-07-24T16:01:21.689000+00:00,39.289,41.219,41.079,174,179,False,121.587,"[None, 2048, 2048, 2048, 2048, 2048, 2048]","[2048, 2048, 2048, 2048, 2048, 2048, 2048, 2048, 2048]","[2048, 2048, 2048, 2048, 2048, 2048]",304
1291,11336,77,29,2026-07-24T16:01:25.611000+00:00,38.454,38.465,69.968,198,199,False,146.887,"[None, 2048, 2048, 2048, 2048, 2048, 2048]","[2048, 2048, 2048, 2048, 2048, 2048, 2048, 2048, 2048]","[2048, 2048, 2048, 2048, 2048, 2048]",310
1291,11336,6,18,2026-07-24T16:01:25.953000+00:00,40.402,48.086,72.193,126,149,False,160.681,"[2048, 2048, 2048, 2048, 2048, 2048, 2048]","[2048, 2048, 2048, 2048, 2048, 2048, 2048, 2048, 2048]","[2048, 2048, 2048, 2048, 2048, 2048]",329
1291,11336,11,26,2026-07-24T16:01:28.116000+00:00,39.4,41.472,39.148,142,199,False,120.02,"[None, 2048, 2048, 2048, 2048, 2048, 2048]","[2048, 2048, 2048, 2048, 2048, 2048, 2048, 2048, 2048]","[2048, 2048, 2048, 2048, 2048, 2048]",307
1291,11336,55,30,2026-07-24T16:01:48.117000+00:00,61.741,34.442,56.562,257,206,False,152.745,"[None, 2048, 2048, 2048, 2048, 2048, 2048]","[2048, 2048, 2048, 2048, 2048, 2048, 2048, 2048, 2048]","[2048, 2048, 2048, 2048, 2048, 2048]",251
1291,11336,30,28,2026-07-24T16:01:53.682000+00:00,60.51,34.553,36.036,273,210,False,131.099,"[None, 2048, 2048, 2048, 2048, 2048, 2048]","[2048, 2048, 2048, 2048, 2048, 2048, 2048, 2048, 2048]","[2048, 2048, 2048, 2048, 2048, 2048]",253
1291,11336,14,23,2026-07-24T16:01:55.649000+00:00,61.241,36.251,33.956,202,210,False,131.448,"[None, 2048, 2048, 2048, 2048, 2048, 2048]","[2048, 2048, 2048, 2048, 2048, 2048, 2048, 2048, 2048]","[2048, 2048, 2048, 2048, 2048, 2048]",251
1291,11336,23,32,2026-07-24T16:02:03.779000+00:00,57.08,33.495,52.174,256,222,False,142.749,"[None, 2048, 2048, 2048, 2048, 2048, 2048]","[2048, 2048, 2048, 2048, 2048, 2048, 2048, 2048, 2048]","[2048, 2048, 2048, 2048, 2048, 2048]",258
1291,11336,10,23,2026-07-24T16:02:11.755000+00:00,61.029,42.443,37.592,180,199,False,141.064,"[None, 2048, 2048, 2048, 2048, 2048, 2048]","[2048, 2048, 2048, 2048, 2048, 2048, 2048, 2048, 2048]","[2048, 2048, 2048, 2048, 2048, 2048]",261
1291,11336,31,25,2026-07-24T16:02:25.334000+00:00,49.89,36.213,39.588,275,187,False,125.691,"[None, 2048, 2048, 2048, 2048, 2048, 2048]","[2048, 2048, 2048, 2048, 2048, 2048, 2048, 2048, 2048]","[2048, 2048, 2048, 2048, 2048, 2048]",251
1291,11336,1,29,2026-07-24T16:02:27.488000+00:00,60.044,32.742,35.727,243,227,False,128.513,"[None, 2048, 2048, 2048, 2048, 2048, 2048]","[2048, 2048, 2048, 2048, 2048, 2048, 2048, 2048, 2048]","[2048, 2048, 2048, 2048, 2048, 2048]",258
1291,11336,12,29,2026-07-24T16:02:37.626000+00:00,62.342,38.778,37.151,176,181,False,138.271,"[None, 2048, 2048, 2048, 2048, 2048, 2048]","[2048, 2048, 2048, 2048, 2048, 2048, 2048, 2048, 2048]","[2048, 2048, 2048, 2048, 2048, 0]",254
1291,11336,27,29,2026-07-24T16:02:46.388000+00:00,55.517,40.774,40.783,244,168,False,137.074,"[None, 2048, 2048, 2048, 2048, 2048, 2048]","[2048, 2048, 2048, 2048, 2048, 2048, 2048, 2048, 2048]","[2048, 2048, 2048, 2048, 2048, 2048]",259
1291,11336,63,29,2026-07-24T16:03:12.250000+00:00,63.807,34.594,39.748,181,208,False,138.149,"[None, 2048, 2048, 2048, 2048, 2048, 2048]","[2048, 2048, 2048, 2048, 2048, 2048, 2048, 2048, 2048]","[2048, 2048, 2048, 2048, 2048, 2048]",253
1291,11336,81,27,2026-07-24T16:03:16.910000+00:00,31.889,39.397,38.068,277,174,False,109.354,"[None, 2048, 2048, 2048, 2048, 2048, 2048]","[2048, 2048, 2048, 2048, 2048, 2048, 2048, 2048, 2048]","[2048, 2048, 2048, 2048, 2048, 2048]",266
1291,11336,41,28,2026-07-24T16:03:22.756000+00:00,34.97,35.102,38.928,221,195,False,109.0,"[None, 2048, 2048, 2048, 2048, 2048, 2048]","[2048, 2048, 2048, 2048, 2048, 2048, 2048, 2048, 2048]","[2048, 2048, 2048, 2048, 2048, 2048]",237
1291,11336,44,25,2026-07-24T16:03:23.285000+00:00,61.17,36.159,58.462,220,220,False,155.791,"[None, 2048, 2048, 2048, 2048, 2048, 2048]","[2048, 2048, 2048, 2048, 2048, 2048, 2048, 2048, 2048]","[2048, 2048, 2048, 2048, 2048, 2048]",255
1291,11336,11,27,2026-07-24T16:03:29.017000+00:00,60.426,39.774,61.819,196,173,False,162.019,"[None, 2048, 2048, 2048, 2048, 2048, 2048]","[2048, 2048, 2048, 2048, 2048, 2048, 2048, 2048, 2048]","[2048, 2048, 2048, 2048, 2048, 2048]",260
1291,11336,5,26,2026-07-24T16:03:31.394000+00:00,32.584,35.657,39.236,268,170,False,107.477,"[None, 2048, 2048, 2048, 2048, 2048, 2048]","[2048, 2048, 2048, 2048, 2048, 2048, 2048, 2048, 2048]","[2048, 2048, 2048, 2048, 2048, 2048]",268
1291,11336,87,27,2026-07-24T16:03:36.683000+00:00,31.474,33.499,68.611,266,188,False,133.584,"[None, 2048, 2048, 2048, 2048, 2048, 2048]","[2048, 2048, 2048, 2048, 2048, 2048, 2048, 2048, 2048]","[2048, 2048, 2048, 2048, 2048, 2048]",274
1291,11336,3,26,2026-07-24T16:03:45.634000+00:00,30.819,37.151,70.622,226,222,False,138.592,"[None, 2048, 2048, 2048, 2048, 2048, 2048]","[2048, 2048, 2048, 2048, 2048, 2048, 2048, 2048, 2048]","[2048, 2048, 2048, 2048, 2048, 2048]",278
1291,11336,16,29,2026-07-24T16:03:51.256000+00:00,34.467,38.528,67.754,177,170,False,140.749,"[None, 2048, 2048, 2048, 2048, 2048, 2048]","[2048, 2048, 2048, 2048, 2048, 2048, 2048, 2048, 2048]","[2048, 2048, 2048, 2048, 2048, 2048]",277
1291,11336,77,30,2026-07-24T16:03:52.449000+00:00,32.391,37.707,62.823,210,188,False,132.921,"[None, 2048, 2048, 2048, 2048, 2048, 2048]","[2048, 2048, 2048, 2048, 2048, 2048, 2048, 2048, 2048]","[2048, 2048, 2048, 2048, 2048, 2048]",283
1291,11336,30,29,2026-07-24T16:04:04.789000+00:00,57.641,31.968,27.484,276,235,False,117.093,"[None, 2048, 2048, 2048, 2048, 2048, 2048]","[2048, 2048, 2048, 2048, 2048, 2048, 2048, 2048, 2048]","[2048, 2048, 2048, 2064, 2064, 2064]",
1291,11336,6,19,2026-07-24T16:04:06.569000+00:00,32.34,36.977,68.978,269,195,False,138.295,"[None, 2048, 2048, 2048, 2048, 2048, 2048]","[2048, 2048, 2048, 2048, 2048, 2048, 2048, 2048, 2048]","[2048, 2048, 2048, 2048, 2048, 2048]",264
1291,11336,14,24,2026-07-24T16:04:07.126000+00:00,56.275,33.581,30.909,251,213,False,120.765,"[None, 2048, 2048, 2048, 2048, 2048, 2048]","[2048, 2048, 2048, 2048, 2048, 2048, 2048, 2048, 2048]","[2048, 2048, 2048, 2064, 2064, 2064]",
1291,11336,55,31,2026-07-24T16:04:20.841000+00:00,32.063,31.795,29.756,274,230,False,93.614,"[None, 2048, 2048, 2048, 2048, 2048, 2048]","[2048, 2048, 2048, 2048, 2048, 2048, 2048, 2048, 2048]","[2048, 2048, 2048, 2064, 2064, 2064]",268
1291,11336,23,33,2026-07-24T16:04:26.609000+00:00,31.741,34.878,30.033,258,228,False,96.652,"[None, 2048, 2048, 2048, 2048, 2048, 2048]","[2048, 2048, 2048, 2048, 2048, 2048, 2048, 2048, 2048]","[2048, 2048, 2048, 2064, 2064, 2064]",270
1291,11336,31,26,2026-07-24T16:04:31+00:00,51.908,32.983,29.444,274,221,False,114.335,"[None, 2048, 2048, 2048, 2048, 2048, 2048]","[2048, 2048, 2048, 2048, 2048, 2048, 2048, 2048, 2048]","[2048, 2048, 2048, 2064, 2064, 2064]",254
1291,11336,10,24,2026-07-24T16:04:32.830000+00:00,55.594,33.751,28.805,261,220,False,118.15,"[None, 2048, 2048, 2048, 2048, 2048, 2048]","[2048, 2048, 2048, 2048, 2048, 2048, 2048, 2048, 2048]","[2048, 2048, 2048, 2064, 2064, 2064]",254
1291,11336,1,30,2026-07-24T16:04:36.064000+00:00,53.611,33.521,28.493,265,209,False,115.625,"[None, 2048, 2048, 2048, 2048, 2048, 2048]","[2048, 2048, 2048, 2048, 2048, 2048, 2048, 2048, 2048]","[2048, 2048, 2048, 2064, 2064, 2064]",260
1291,11336,12,30,2026-07-24T16:04:55.596000+00:00,60.371,34.794,30.594,260,200,False,125.759,"[None, 2048, 2048, 2048, 2048, 2048, 2048]","[2048, 2048, 2048, 2048, 2048, 2048, 2048, 2048, 2048]","[2048, 2048, 2048, 2064, 2064, 2064]",
1291,11336,27,30,2026-07-24T16:05:02.569000+00:00,53.702,34.877,27.355,263,234,False,115.934,"[None, 2048, 2048, 2048, 2048, 2048, 2048]","[2048, 2048, 2048, 2048, 2048, 2048, 2048, 2048, 2048]","[2048, 2048, 2048, 2064, 2064, 2064]",253
1291,11336,81,28,2026-07-24T16:05:06.418000+00:00,61.626,33.663,28.737,265,208,False,124.026,"[None, 2048, 2048, 2048, 2048, 2048, 2048]","[2048, 2048, 2048, 2048, 2048, 2048, 2048, 2048, 2048]","[2048, 2048, 2048, 2064, 2064, 2064]",258
1291,11336,41,29,2026-07-24T16:05:11.684000+00:00,63.435,34.636,27.431,197,230,False,125.502,"[None, 2048, 2048, 2048, 2048, 2048, 2048]","[2048, 2048, 2048, 2048, 2048, 2048, 2048, 2048, 2048]","[2048, 2048, 2048, 2064, 2064, 2064]",255
1291,11336,5,27,2026-07-24T16:05:19.769000+00:00,50.182,35.212,28.111,283,191,False,113.505,"[None, 2048, 2048, 2048, 2048, 2048, 2048]","[2048, 2048, 2048, 2048, 2048, 2048, 2048, 2048, 2048]","[2048, 2048, 2048, 2064, 2064, 2064]",260
1291,11336,63,30,2026-07-24T16:05:30.620000+00:00,56.675,34.124,27.833,264,225,False,118.632,"[None, 2048, 2048, 2048, 2048, 2048, 2048]","[2048, 2048, 2048, 2048, 2048, 2048, 2048, 2048, 2048]","[2048, 2048, 2048, 2064, 2064, 2064]",258
1291,11336,87,28,2026-07-24T16:05:50.335000+00:00,32.871,32.655,27.811,273,224,False,93.337,"[None, 2048, 2048, 2048, 2048, 2048, 2048]","[2048, 2048, 2048, 2048, 2048, 2048, 2048, 2048, 2048]","[2048, 2048, 2048, 2064, 2064, 2064]",263
1291,11336,44,26,2026-07-24T16:05:59.090000+00:00,32.354,31.397,30.759,265,231,False,94.51,"[None, 2048, 2048, 2048, 2048, 2048, 2048]","[2048, 2048, 2048, 2048, 2048, 2048, 2048, 2048, 2048]","[2048, 2048, 2048, 2064, 2064, 2064]",261
1291,11336,3,27,2026-07-24T16:06:04.154000+00:00,35.77,35.229,28.753,211,206,False,99.752,"[None, 2048, 2048, 2048, 2048, 2048, 2048]","[2048, 2048, 2048, 2048, 2048, 2048, 2048, 2048, 2048]","[2048, 2048, 2048, 2064, 2064, 2064]",259
1291,11336,77,31,2026-07-24T16:06:05.358000+00:00,33.872,33.964,,273,227,False,,"[None, 2048, 2048, 2048, 2048, 2048, 2048]","[2048, 2048, 2048, 2048, 2048, 2048, 2048, 2048, 2048]",[2048],271
1291,11336,11,28,2026-07-24T16:06:10.026000+00:00,32.41,34.99,29.824,256,215,False,97.224,"[None, 2048, 2048, 2048, 2048, 2048, 2048]","[2048, 2048, 2048, 2048, 2048, 2048, 2048, 2048, 2048]","[2048, 2048, 2048, 2064, 2064, 2064]",265
1291,11336,16,30,2026-07-24T16:06:12.052000+00:00,31.588,41.902,37.683,215,142,False,111.173,"[None, 2048, 2048, 2048, 2048, 2048, 2048]","[2048, 2048, 2048, 2048, 2048, 2048, 2048, 2048, 2048]","[2048, 2048, 2048, 2064, 2064, 2064]",271
1291,11336,6,20,2026-07-24T16:06:24.998000+00:00,31.585,34.85,32.755,279,168,False,99.19,"[None, 2048, 2048, 2048, 2048, 2048, 2048]","[2048, 2048, 2048, 2048, 2048, 2048, 2048, 2048, 2048]","[2048, 2048, 2048, 2064, 2064, 2064]",271
