meeting_key,session_key,driver_number,date,recording_url,source_closure_retrieved_utc
1304,11467,44,2026-02-13T09:20:32.825000+00:00,https://livetiming.formula1.com/static/2026/2026-02-13_Pre-Season_Testing/2026-02-13_Day_3/TeamRadio/HAM_44_20260213_122007.mp3,2026-10-09T21:44:36.008962Z
1279,11229,63,2026-03-07T01:42:48.712000+00:00,https://livetiming.formula1.com/static/2026/2026-03-08_Australian_Grand_Prix/2026-03-07_Practice_3/TeamRadio/RUS_63_20260307_124200.mp3,2026-10-09T21:46:11.932761Z
1285,11287,81,2026-05-23T20:02:31.834000+00:00,https://livetiming.formula1.com/static/2026/2026-05-24_Canadian_Grand_Prix/2026-05-23_Qualifying/TeamRadio/PIA_81_20260523_160200.mp3,2026-10-09T21:54:01.973350Z
1285,11287,14,2026-05-23T20:21:49.514000+00:00,https://livetiming.formula1.com/static/2026/2026-05-24_Canadian_Grand_Prix/2026-05-23_Qualifying/TeamRadio/ALO_14_20260523_162124.mp3,2026-10-09T21:54:01.973350Z
1285,11287,10,2026-05-23T20:26:24.321000+00:00,https://livetiming.formula1.com/static/2026/2026-05-24_Canadian_Grand_Prix/2026-05-23_Qualifying/TeamRadio/GAS_10_20260523_162550.mp3,2026-10-09T21:54:01.973350Z
1285,11287,3,2026-05-23T20:34:00.913000+00:00,https://livetiming.formula1.com/static/2026/2026-05-24_Canadian_Grand_Prix/2026-05-23_Qualifying/TeamRadio/VER_3_20260523_163321.mp3,2026-10-09T21:54:01.973350Z
1285,11287,16,2026-05-23T20:43:09.415000+00:00,https://livetiming.formula1.com/static/2026/2026-05-24_Canadian_Grand_Prix/2026-05-23_Qualifying/TeamRadio/LEC_16_20260523_164217.mp3,2026-10-09T21:54:01.973350Z
1285,11287,30,2026-05-23T20:43:41.609000+00:00,https://livetiming.formula1.com/static/2026/2026-05-24_Canadian_Grand_Prix/2026-05-23_Qualifying/TeamRadio/LAW_30_20260523_164326.mp3,2026-10-09T21:54:01.973350Z
1285,11287,43,2026-05-23T20:44:41.728000+00:00,https://livetiming.formula1.com/static/2026/2026-05-24_Canadian_Grand_Prix/2026-05-23_Qualifying/TeamRadio/COL_43_20260523_164424.mp3,2026-10-09T21:54:01.973350Z
1285,11287,87,2026-05-23T20:45:42.474000+00:00,https://livetiming.formula1.com/static/2026/2026-05-24_Canadian_Grand_Prix/2026-05-23_Qualifying/TeamRadio/BEA_87_20260523_164500.mp3,2026-10-09T21:54:01.973350Z
1285,11287,27,2026-05-23T20:46:13.095000+00:00,https://livetiming.formula1.com/static/2026/2026-05-24_Canadian_Grand_Prix/2026-05-23_Qualifying/TeamRadio/HUL_27_20260523_164546.mp3,2026-10-09T21:54:01.973350Z
1285,11287,63,2026-05-23T20:53:19.695000+00:00,https://livetiming.formula1.com/static/2026/2026-05-24_Canadian_Grand_Prix/2026-05-23_Qualifying/TeamRadio/RUS_63_20260523_165246.mp3,2026-10-09T21:54:01.973350Z
1285,11287,3,2026-05-23T20:53:50.242000+00:00,https://livetiming.formula1.com/static/2026/2026-05-24_Canadian_Grand_Prix/2026-05-23_Qualifying/TeamRadio/VER_3_20260523_165322.mp3,2026-10-09T21:54:01.973350Z
1285,11287,63,2026-05-23T21:01:59.159000+00:00,https://livetiming.formula1.com/static/2026/2026-05-24_Canadian_Grand_Prix/2026-05-23_Qualifying/TeamRadio/RUS_63_20260523_170130.mp3,2026-10-09T21:54:01.973350Z
1285,11287,63,2026-05-23T21:02:29.240000+00:00,https://livetiming.formula1.com/static/2026/2026-05-24_Canadian_Grand_Prix/2026-05-23_Qualifying/TeamRadio/RUS_63_20260523_170207.mp3,2026-10-09T21:54:01.973350Z
1285,11287,12,2026-05-23T21:06:34.800000+00:00,https://livetiming.formula1.com/static/2026/2026-05-24_Canadian_Grand_Prix/2026-05-23_Qualifying/TeamRadio/ANT_12_20260523_170545.mp3,2026-10-09T21:54:01.973350Z
1285,11287,1,2026-05-23T21:06:52.512000+00:00,https://livetiming.formula1.com/static/2026/2026-05-24_Canadian_Grand_Prix/2026-05-23_Qualifying/TeamRadio/NOR_1_20260523_170634.mp3,2026-10-09T21:54:01.973350Z
1285,11287,81,2026-05-23T21:06:52.512000+00:00,https://livetiming.formula1.com/static/2026/2026-05-24_Canadian_Grand_Prix/2026-05-23_Qualifying/TeamRadio/PIA_81_20260523_170718.mp3,2026-10-09T21:54:01.973350Z
1285,11287,3,2026-05-23T21:06:52.512000+00:00,https://livetiming.formula1.com/static/2026/2026-05-24_Canadian_Grand_Prix/2026-05-23_Qualifying/TeamRadio/VER_3_20260523_170827.mp3,2026-10-09T21:54:01.973350Z
1285,11287,16,2026-05-23T21:06:52.512000+00:00,https://livetiming.formula1.com/static/2026/2026-05-24_Canadian_Grand_Prix/2026-05-23_Qualifying/TeamRadio/LEC_16_20260523_170859.mp3,2026-10-09T21:54:01.973350Z
1285,11287,41,2026-05-23T21:06:52.512000+00:00,https://livetiming.formula1.com/static/2026/2026-05-24_Canadian_Grand_Prix/2026-05-23_Qualifying/TeamRadio/LIN_41_20260523_170951.mp3,2026-10-09T21:54:01.973350Z
1285,11291,1,2026-05-24T19:11:21.252000+00:00,https://livetiming.formula1.com/static/2026/2026-05-24_Canadian_Grand_Prix/2026-05-24_Race/TeamRadio/NOR_1_20260524_124627.mp3,2026-10-09T21:54:09.128462Z
1285,11291,1,2026-05-24T19:11:23.468000+00:00,https://livetiming.formula1.com/static/2026/2026-05-24_Canadian_Grand_Prix/2026-05-24_Race/TeamRadio/NOR_1_20260524_124935.mp3,2026-10-09T21:54:09.128462Z
1285,11291,63,2026-05-24T19:11:23.468000+00:00,https://livetiming.formula1.com/static/2026/2026-05-24_Canadian_Grand_Prix/2026-05-24_Race/TeamRadio/RUS_63_20260523_160721.mp3,2026-10-09T21:54:09.128462Z
1285,11291,5,2026-05-24T19:11:23.468000+00:00,https://livetiming.formula1.com/static/2026/2026-05-24_Canadian_Grand_Prix/2026-05-24_Race/TeamRadio/BOR_5_20260524_112124.mp3,2026-10-09T21:54:09.128462Z
1285,11291,6,2026-05-24T19:11:23.468000+00:00,https://livetiming.formula1.com/static/2026/2026-05-24_Canadian_Grand_Prix/2026-05-24_Race/TeamRadio/HAD_6_20260524_121726.mp3,2026-10-09T21:54:09.128462Z
1285,11291,16,2026-05-24T19:11:53.623000+00:00,https://livetiming.formula1.com/static/2026/2026-05-24_Canadian_Grand_Prix/2026-05-24_Race/TeamRadio/LEC_16_20260524_130022.mp3,2026-10-09T21:54:09.128462Z
1285,11291,3,2026-05-24T19:22:05.320000+00:00,https://livetiming.formula1.com/static/2026/2026-05-24_Canadian_Grand_Prix/2026-05-24_Race/TeamRadio/VER_3_20260524_152145.mp3,2026-10-09T21:54:09.128462Z
1285,11291,81,2026-05-24T19:27:39.008000+00:00,https://livetiming.formula1.com/static/2026/2026-05-24_Canadian_Grand_Prix/2026-05-24_Race/TeamRadio/PIA_81_20260524_152723.mp3,2026-10-09T21:54:09.128462Z
1285,11291,10,2026-05-24T20:03:12.407000+00:00,https://livetiming.formula1.com/static/2026/2026-05-24_Canadian_Grand_Prix/2026-05-24_Race/TeamRadio/GAS_10_20260524_160246.mp3,2026-10-09T21:54:09.128462Z
1285,11291,1,2026-05-24T20:03:12.407000+00:00,https://livetiming.formula1.com/static/2026/2026-05-24_Canadian_Grand_Prix/2026-05-24_Race/TeamRadio/NOR_1_20260524_160301.mp3,2026-10-09T21:54:09.128462Z
1285,11291,41,2026-05-24T20:03:42.486000+00:00,https://livetiming.formula1.com/static/2026/2026-05-24_Canadian_Grand_Prix/2026-05-24_Race/TeamRadio/LIN_41_20260524_160334.mp3,2026-10-09T21:54:09.128462Z
1285,11291,81,2026-05-24T20:05:14.368000+00:00,https://livetiming.formula1.com/static/2026/2026-05-24_Canadian_Grand_Prix/2026-05-24_Race/TeamRadio/PIA_81_20260524_160438.mp3,2026-10-09T21:54:09.128462Z
1285,11291,81,2026-05-24T20:08:48.325000+00:00,https://livetiming.formula1.com/static/2026/2026-05-24_Canadian_Grand_Prix/2026-05-24_Race/TeamRadio/PIA_81_20260524_160758.mp3,2026-10-09T21:54:09.128462Z
1285,11291,1,2026-05-24T20:14:54.503000+00:00,https://livetiming.formula1.com/static/2026/2026-05-24_Canadian_Grand_Prix/2026-05-24_Race/TeamRadio/NOR_1_20260524_161435.mp3,2026-10-09T21:54:09.128462Z
1285,11291,44,2026-05-24T20:21:31.658000+00:00,https://livetiming.formula1.com/static/2026/2026-05-24_Canadian_Grand_Prix/2026-05-24_Race/TeamRadio/HAM_44_20260524_162056.mp3,2026-10-09T21:54:09.128462Z
1285,11291,1,2026-05-24T20:30:11.783000+00:00,https://livetiming.formula1.com/static/2026/2026-05-24_Canadian_Grand_Prix/2026-05-24_Race/TeamRadio/NOR_1_20260524_162952.mp3,2026-10-09T21:54:09.128462Z
1285,11291,12,2026-05-24T20:41:53.797000+00:00,https://livetiming.formula1.com/static/2026/2026-05-24_Canadian_Grand_Prix/2026-05-24_Race/TeamRadio/ANT_12_20260524_164112.mp3,2026-10-09T21:54:09.128462Z
1285,11291,63,2026-05-24T20:42:53.966000+00:00,https://livetiming.formula1.com/static/2026/2026-05-24_Canadian_Grand_Prix/2026-05-24_Race/TeamRadio/RUS_63_20260524_164224.mp3,2026-10-09T21:54:09.128462Z
1285,11291,16,2026-05-24T20:55:36.106000+00:00,https://livetiming.formula1.com/static/2026/2026-05-24_Canadian_Grand_Prix/2026-05-24_Race/TeamRadio/LEC_16_20260524_165510.mp3,2026-10-09T21:54:09.128462Z
1285,11291,1,2026-05-24T21:02:12.351000+00:00,https://livetiming.formula1.com/static/2026/2026-05-24_Canadian_Grand_Prix/2026-05-24_Race/TeamRadio/NOR_1_20260524_170139.mp3,2026-10-09T21:54:09.128462Z
1285,11291,1,2026-05-24T21:02:43.215000+00:00,https://livetiming.formula1.com/static/2026/2026-05-24_Canadian_Grand_Prix/2026-05-24_Race/TeamRadio/NOR_1_20260524_170226.mp3,2026-10-09T21:54:09.128462Z
1285,11291,12,2026-05-24T21:03:14.264000+00:00,https://livetiming.formula1.com/static/2026/2026-05-24_Canadian_Grand_Prix/2026-05-24_Race/TeamRadio/ANT_12_20260524_170305.mp3,2026-10-09T21:54:09.128462Z
1285,11291,44,2026-05-24T21:06:48.440000+00:00,https://livetiming.formula1.com/static/2026/2026-05-24_Canadian_Grand_Prix/2026-05-24_Race/TeamRadio/HAM_44_20260524_170614.mp3,2026-10-09T21:54:09.128462Z
1285,11291,11,2026-05-24T21:06:48.561000+00:00,https://livetiming.formula1.com/static/2026/2026-05-24_Canadian_Grand_Prix/2026-05-24_Race/TeamRadio/PER_11_20260524_170619.mp3,2026-10-09T21:54:09.128462Z
1285,11291,44,2026-05-24T21:13:25.383000+00:00,https://livetiming.formula1.com/static/2026/2026-05-24_Canadian_Grand_Prix/2026-05-24_Race/TeamRadio/HAM_44_20260524_171312.mp3,2026-10-09T21:54:09.128462Z
1285,11291,16,2026-05-24T21:14:59.381000+00:00,https://livetiming.formula1.com/static/2026/2026-05-24_Canadian_Grand_Prix/2026-05-24_Race/TeamRadio/LEC_16_20260524_171412.mp3,2026-10-09T21:54:09.128462Z
1285,11291,44,2026-05-24T21:25:37.806000+00:00,https://livetiming.formula1.com/static/2026/2026-05-24_Canadian_Grand_Prix/2026-05-24_Race/TeamRadio/HAM_44_20260524_172525.mp3,2026-10-09T21:54:09.128462Z
1285,11291,12,2026-05-24T21:39:51.148000+00:00,https://livetiming.formula1.com/static/2026/2026-05-24_Canadian_Grand_Prix/2026-05-24_Race/TeamRadio/ANT_12_20260524_173905.mp3,2026-10-09T21:54:09.128462Z
1285,11291,44,2026-05-24T21:40:23.499000+00:00,https://livetiming.formula1.com/static/2026/2026-05-24_Canadian_Grand_Prix/2026-05-24_Race/TeamRadio/HAM_44_20260524_173930.mp3,2026-10-09T21:54:09.128462Z
1285,11291,3,2026-05-24T21:40:53.590000+00:00,https://livetiming.formula1.com/static/2026/2026-05-24_Canadian_Grand_Prix/2026-05-24_Race/TeamRadio/VER_3_20260524_174019.mp3,2026-10-09T21:54:09.128462Z
1285,11291,43,2026-05-24T21:43:56.063000+00:00,https://livetiming.formula1.com/static/2026/2026-05-24_Canadian_Grand_Prix/2026-05-24_Race/TeamRadio/COL_43_20260524_174314.mp3,2026-10-09T21:54:09.128462Z
1285,11291,30,2026-05-24T21:44:29.173000+00:00,https://livetiming.formula1.com/static/2026/2026-05-24_Canadian_Grand_Prix/2026-05-24_Race/TeamRadio/LAW_30_20260524_174356.mp3,2026-10-09T21:54:09.128462Z
1285,11291,43,2026-05-24T21:44:59.267000+00:00,https://livetiming.formula1.com/static/2026/2026-05-24_Canadian_Grand_Prix/2026-05-24_Race/TeamRadio/COL_43_20260524_174426.mp3,2026-10-09T21:54:09.128462Z
1286,11299,44,2026-06-07T12:25:08.845000+00:00,https://livetiming.formula1.com/static/2026/2026-06-07_Monaco_Grand_Prix/2026-06-07_Race/TeamRadio/HAM_44_20260607_142445.mp3,2026-10-09T21:55:06.236739Z
1286,11299,30,2026-06-07T12:28:43.024000+00:00,https://livetiming.formula1.com/static/2026/2026-06-07_Monaco_Grand_Prix/2026-06-07_Race/TeamRadio/LAW_30_20260607_142803.mp3,2026-10-09T21:55:06.236739Z
1286,11299,3,2026-06-07T13:04:44.159000+00:00,https://livetiming.formula1.com/static/2026/2026-06-07_Monaco_Grand_Prix/2026-06-07_Race/TeamRadio/VER_3_20260607_150430.mp3,2026-10-09T21:55:06.236739Z
1286,11299,3,2026-06-07T13:09:50.104000+00:00,https://livetiming.formula1.com/static/2026/2026-06-07_Monaco_Grand_Prix/2026-06-07_Race/TeamRadio/VER_3_20260607_150926.mp3,2026-10-09T21:55:06.236739Z
1286,11299,1,2026-06-07T13:10:20.198000+00:00,https://livetiming.formula1.com/static/2026/2026-06-07_Monaco_Grand_Prix/2026-06-07_Race/TeamRadio/NOR_1_20260607_150948.mp3,2026-10-09T21:55:06.236739Z
1286,11299,44,2026-06-07T13:13:52.459000+00:00,https://livetiming.formula1.com/static/2026/2026-06-07_Monaco_Grand_Prix/2026-06-07_Race/TeamRadio/HAM_44_20260607_151337.mp3,2026-10-09T21:55:06.236739Z
1286,11299,6,2026-06-07T13:23:02.352000+00:00,https://livetiming.formula1.com/static/2026/2026-06-07_Monaco_Grand_Prix/2026-06-07_Race/TeamRadio/HAD_6_20260607_152233.mp3,2026-10-09T21:55:06.236739Z
1286,11299,63,2026-06-07T13:24:02.518000+00:00,https://livetiming.formula1.com/static/2026/2026-06-07_Monaco_Grand_Prix/2026-06-07_Race/TeamRadio/RUS_63_20260607_152339.mp3,2026-10-09T21:55:06.236739Z
1286,11299,63,2026-06-07T13:26:34.800000+00:00,https://livetiming.formula1.com/static/2026/2026-06-07_Monaco_Grand_Prix/2026-06-07_Race/TeamRadio/RUS_63_20260607_152610.mp3,2026-10-09T21:55:06.236739Z
1286,11299,6,2026-06-07T13:29:08.460000+00:00,https://livetiming.formula1.com/static/2026/2026-06-07_Monaco_Grand_Prix/2026-06-07_Race/TeamRadio/HAD_6_20260607_152831.mp3,2026-10-09T21:55:06.236739Z
1286,11299,6,2026-06-07T13:37:44.913000+00:00,https://livetiming.formula1.com/static/2026/2026-06-07_Monaco_Grand_Prix/2026-06-07_Race/TeamRadio/HAD_6_20260607_153707.mp3,2026-10-09T21:55:06.236739Z
1286,11299,63,2026-06-07T13:38:45.988000+00:00,https://livetiming.formula1.com/static/2026/2026-06-07_Monaco_Grand_Prix/2026-06-07_Race/TeamRadio/RUS_63_20260607_153832.mp3,2026-10-09T21:55:06.236739Z
1286,11299,55,2026-06-07T13:41:18.186000+00:00,https://livetiming.formula1.com/static/2026/2026-06-07_Monaco_Grand_Prix/2026-06-07_Race/TeamRadio/SAI_55_20260607_154059.mp3,2026-10-09T21:55:06.236739Z
1286,11299,55,2026-06-07T13:41:50.703000+00:00,https://livetiming.formula1.com/static/2026/2026-06-07_Monaco_Grand_Prix/2026-06-07_Race/TeamRadio/SAI_55_20260607_154129.mp3,2026-10-09T21:55:06.236739Z
1286,11299,87,2026-06-07T13:42:50.870000+00:00,https://livetiming.formula1.com/static/2026/2026-06-07_Monaco_Grand_Prix/2026-06-07_Race/TeamRadio/BEA_87_20260607_154229.mp3,2026-10-09T21:55:06.236739Z
1286,11299,6,2026-06-07T13:48:24.822000+00:00,https://livetiming.formula1.com/static/2026/2026-06-07_Monaco_Grand_Prix/2026-06-07_Race/TeamRadio/HAD_6_20260607_154751.mp3,2026-10-09T21:55:06.236739Z
1286,11299,1,2026-06-07T13:57:33.499000+00:00,https://livetiming.formula1.com/static/2026/2026-06-07_Monaco_Grand_Prix/2026-06-07_Race/TeamRadio/NOR_1_20260607_155721.mp3,2026-10-09T21:55:06.236739Z
1286,11299,1,2026-06-07T14:01:36.722000+00:00,https://livetiming.formula1.com/static/2026/2026-06-07_Monaco_Grand_Prix/2026-06-07_Race/TeamRadio/NOR_1_20260607_160057.mp3,2026-10-09T21:55:06.236739Z
1286,11299,23,2026-06-07T14:03:09.485000+00:00,https://livetiming.formula1.com/static/2026/2026-06-07_Monaco_Grand_Prix/2026-06-07_Race/TeamRadio/ALB_23_20260607_160244.mp3,2026-10-09T21:55:06.236739Z
1286,11299,1,2026-06-07T14:04:09.645000+00:00,https://livetiming.formula1.com/static/2026/2026-06-07_Monaco_Grand_Prix/2026-06-07_Race/TeamRadio/NOR_1_20260607_160401.mp3,2026-10-09T21:55:06.236739Z
1286,11299,55,2026-06-07T14:06:11.311000+00:00,https://livetiming.formula1.com/static/2026/2026-06-07_Monaco_Grand_Prix/2026-06-07_Race/TeamRadio/SAI_55_20260607_160551.mp3,2026-10-09T21:55:06.236739Z
1286,11299,12,2026-06-07T14:08:15.346000+00:00,https://livetiming.formula1.com/static/2026/2026-06-07_Monaco_Grand_Prix/2026-06-07_Race/TeamRadio/ANT_12_20260607_160731.mp3,2026-10-09T21:55:06.236739Z
1286,11299,12,2026-06-07T14:15:21.575000+00:00,https://livetiming.formula1.com/static/2026/2026-06-07_Monaco_Grand_Prix/2026-06-07_Race/TeamRadio/ANT_12_20260607_161447.mp3,2026-10-09T21:55:06.236739Z
1286,11299,12,2026-06-07T14:16:21.720000+00:00,https://livetiming.formula1.com/static/2026/2026-06-07_Monaco_Grand_Prix/2026-06-07_Race/TeamRadio/ANT_12_20260607_161605.mp3,2026-10-09T21:55:06.236739Z
1286,11299,12,2026-06-07T14:23:58.086000+00:00,https://livetiming.formula1.com/static/2026/2026-06-07_Monaco_Grand_Prix/2026-06-07_Race/TeamRadio/ANT_12_20260607_162334.mp3,2026-10-09T21:55:06.236739Z
1286,11299,63,2026-06-07T14:29:33.990000+00:00,https://livetiming.formula1.com/static/2026/2026-06-07_Monaco_Grand_Prix/2026-06-07_Race/TeamRadio/RUS_63_20260607_162906.mp3,2026-10-09T21:55:06.236739Z
1286,11299,16,2026-06-07T14:32:36.219000+00:00,https://livetiming.formula1.com/static/2026/2026-06-07_Monaco_Grand_Prix/2026-06-07_Race/TeamRadio/LEC_16_20260607_163159.mp3,2026-10-09T21:55:06.236739Z
1286,11299,63,2026-06-07T14:57:58.903000+00:00,https://livetiming.formula1.com/static/2026/2026-06-07_Monaco_Grand_Prix/2026-06-07_Race/TeamRadio/RUS_63_20260607_165733.mp3,2026-10-09T21:55:06.236739Z
1286,11299,81,2026-06-07T15:10:39.101000+00:00,https://livetiming.formula1.com/static/2026/2026-06-07_Monaco_Grand_Prix/2026-06-07_Race/TeamRadio/PIA_81_20260607_171009.mp3,2026-10-09T21:55:06.236739Z
1286,11299,6,2026-06-07T15:14:12.800000+00:00,https://livetiming.formula1.com/static/2026/2026-06-07_Monaco_Grand_Prix/2026-06-07_Race/TeamRadio/HAD_6_20260607_171340.mp3,2026-10-09T21:55:06.236739Z
1286,11299,44,2026-06-07T15:22:20.174000+00:00,https://livetiming.formula1.com/static/2026/2026-06-07_Monaco_Grand_Prix/2026-06-07_Race/TeamRadio/HAM_44_20260607_172206.mp3,2026-10-09T21:55:06.236739Z
1286,11299,44,2026-06-07T15:28:56.463000+00:00,https://livetiming.formula1.com/static/2026/2026-06-07_Monaco_Grand_Prix/2026-06-07_Race/TeamRadio/HAM_44_20260607_172801.mp3,2026-10-09T21:55:06.236739Z
1286,11299,41,2026-06-07T15:33:31.006000+00:00,https://livetiming.formula1.com/static/2026/2026-06-07_Monaco_Grand_Prix/2026-06-07_Race/TeamRadio/LIN_41_20260607_173220.mp3,2026-10-09T21:55:06.236739Z
1286,11299,81,2026-06-07T15:35:35.516000+00:00,https://livetiming.formula1.com/static/2026/2026-06-07_Monaco_Grand_Prix/2026-06-07_Race/TeamRadio/PIA_81_20260607_173431.mp3,2026-10-09T21:55:06.236739Z
1286,11299,23,2026-06-07T15:35:57.868000+00:00,https://livetiming.formula1.com/static/2026/2026-06-07_Monaco_Grand_Prix/2026-06-07_Race/TeamRadio/ALB_23_20260607_173615.mp3,2026-10-09T21:55:06.236739Z
1286,11299,31,2026-06-07T15:35:57.868000+00:00,https://livetiming.formula1.com/static/2026/2026-06-07_Monaco_Grand_Prix/2026-06-07_Race/TeamRadio/OCO_31_20260607_173835.mp3,2026-10-09T21:55:06.236739Z
1287,11300,67,2026-06-12T11:31:48.693000+00:00,https://livetiming.formula1.com/static/2026/2026-06-14_Barcelona_Grand_Prix/2026-06-12_Practice_1/TeamRadio/FOR_67_20260612_133136.mp3,2026-10-09T21:55:10.758307Z
1287,11300,30,2026-06-12T11:53:06.542000+00:00,https://livetiming.formula1.com/static/2026/2026-06-14_Barcelona_Grand_Prix/2026-06-12_Practice_1/TeamRadio/LAW_30_20260612_135237.mp3,2026-10-09T21:55:10.758307Z
1287,11300,38,2026-06-12T11:59:12.147000+00:00,https://livetiming.formula1.com/static/2026/2026-06-14_Barcelona_Grand_Prix/2026-06-12_Practice_1/TeamRadio/BEG_38_20260612_135833.mp3,2026-10-09T21:55:10.758307Z
1287,11300,5,2026-06-12T12:01:45.780000+00:00,https://livetiming.formula1.com/static/2026/2026-06-14_Barcelona_Grand_Prix/2026-06-12_Practice_1/TeamRadio/BOR_5_20260612_140129.mp3,2026-10-09T21:55:10.758307Z
1287,11300,3,2026-06-12T12:07:49.465000+00:00,https://livetiming.formula1.com/static/2026/2026-06-14_Barcelona_Grand_Prix/2026-06-12_Practice_1/TeamRadio/VER_3_20260612_140730.mp3,2026-10-09T21:55:10.758307Z
1287,11300,5,2026-06-12T12:27:36.188000+00:00,https://livetiming.formula1.com/static/2026/2026-06-14_Barcelona_Grand_Prix/2026-06-12_Practice_1/TeamRadio/BOR_5_20260612_142721.mp3,2026-10-09T21:55:10.758307Z
1287,11301,44,2026-06-12T15:04:50.751000+00:00,https://livetiming.formula1.com/static/2026/2026-06-14_Barcelona_Grand_Prix/2026-06-12_Practice_2/TeamRadio/HAM_44_20260612_170428.mp3,2026-10-09T21:55:15.215454Z
1287,11301,3,2026-06-12T15:10:56.552000+00:00,https://livetiming.formula1.com/static/2026/2026-06-14_Barcelona_Grand_Prix/2026-06-12_Practice_2/TeamRadio/VER_3_20260612_171031.mp3,2026-10-09T21:55:15.215454Z
1287,11301,23,2026-06-12T15:31:15.082000+00:00,https://livetiming.formula1.com/static/2026/2026-06-14_Barcelona_Grand_Prix/2026-06-12_Practice_2/TeamRadio/ALB_23_20260612_173031.mp3,2026-10-09T21:55:15.215454Z
1287,11301,1,2026-06-12T15:46:57.774000+00:00,https://livetiming.formula1.com/static/2026/2026-06-14_Barcelona_Grand_Prix/2026-06-12_Practice_2/TeamRadio/NOR_1_20260612_174620.mp3,2026-10-09T21:55:15.215454Z
1287,11301,12,2026-06-12T15:57:06.243000+00:00,https://livetiming.formula1.com/static/2026/2026-06-14_Barcelona_Grand_Prix/2026-06-12_Practice_2/TeamRadio/ANT_12_20260612_175637.mp3,2026-10-09T21:55:15.215454Z
1287,11301,12,2026-06-12T16:02:10.710000+00:00,https://livetiming.formula1.com/static/2026/2026-06-14_Barcelona_Grand_Prix/2026-06-12_Practice_2/TeamRadio/ANT_12_20260612_180150.mp3,2026-10-09T21:55:15.215454Z
1287,11303,6,2026-06-13T14:01:13.868000+00:00,https://livetiming.formula1.com/static/2026/2026-06-14_Barcelona_Grand_Prix/2026-06-13_Qualifying/TeamRadio/HAD_6_20260613_160101.mp3,2026-10-09T21:56:00.689879Z
1287,11303,11,2026-06-13T14:19:59.009000+00:00,https://livetiming.formula1.com/static/2026/2026-06-14_Barcelona_Grand_Prix/2026-06-13_Qualifying/TeamRadio/PER_11_20260613_161915.mp3,2026-10-09T21:56:00.689879Z
1287,11303,77,2026-06-13T14:21:32.250000+00:00,https://livetiming.formula1.com/static/2026/2026-06-14_Barcelona_Grand_Prix/2026-06-13_Qualifying/TeamRadio/BOT_77_20260613_162111.mp3,2026-10-09T21:56:00.689879Z
1287,11303,41,2026-06-13T14:43:18.670000+00:00,https://livetiming.formula1.com/static/2026/2026-06-14_Barcelona_Grand_Prix/2026-06-13_Qualifying/TeamRadio/LIN_41_20260613_164253.mp3,2026-10-09T21:56:00.689879Z
1287,11303,27,2026-06-13T14:44:51.126000+00:00,https://livetiming.formula1.com/static/2026/2026-06-14_Barcelona_Grand_Prix/2026-06-13_Qualifying/TeamRadio/HUL_27_20260613_164419.mp3,2026-10-09T21:56:00.689879Z
1287,11303,44,2026-06-13T15:14:46.060000+00:00,https://livetiming.formula1.com/static/2026/2026-06-14_Barcelona_Grand_Prix/2026-06-13_Qualifying/TeamRadio/HAM_44_20260613_171408.mp3,2026-10-09T21:56:00.689879Z
1287,11303,6,2026-06-13T15:17:07.465000+00:00,https://livetiming.formula1.com/static/2026/2026-06-14_Barcelona_Grand_Prix/2026-06-13_Qualifying/TeamRadio/HAD_6_20260613_171746.mp3,2026-10-09T21:56:00.689879Z
1287,11303,27,2026-06-13T15:17:07.465000+00:00,https://livetiming.formula1.com/static/2026/2026-06-14_Barcelona_Grand_Prix/2026-06-13_Qualifying/TeamRadio/HUL_27_20260613_171913.mp3,2026-10-09T21:56:00.689879Z
1287,11307,44,2026-06-14T12:24:31.748000+00:00,https://livetiming.formula1.com/static/2026/2026-06-14_Barcelona_Grand_Prix/2026-06-14_Race/TeamRadio/HAM_44_20260614_142413.mp3,2026-10-09T21:56:07.231265Z
1287,11307,12,2026-06-14T12:29:37.458000+00:00,https://livetiming.formula1.com/static/2026/2026-06-14_Barcelona_Grand_Prix/2026-06-14_Race/TeamRadio/ANT_12_20260614_142921.mp3,2026-10-09T21:56:07.231265Z
1287,11307,1,2026-06-14T13:15:45.340000+00:00,https://livetiming.formula1.com/static/2026/2026-06-14_Barcelona_Grand_Prix/2026-06-14_Race/TeamRadio/NOR_1_20260614_151530.mp3,2026-10-09T21:56:07.231265Z
1287,11307,3,2026-06-14T13:18:47.217000+00:00,https://livetiming.formula1.com/static/2026/2026-06-14_Barcelona_Grand_Prix/2026-06-14_Race/TeamRadio/VER_3_20260614_151828.mp3,2026-10-09T21:56:07.231265Z
1287,11307,63,2026-06-14T13:19:48.370000+00:00,https://livetiming.formula1.com/static/2026/2026-06-14_Barcelona_Grand_Prix/2026-06-14_Race/TeamRadio/RUS_63_20260614_151935.mp3,2026-10-09T21:56:07.231265Z
1287,11307,63,2026-06-14T13:23:21.759000+00:00,https://livetiming.formula1.com/static/2026/2026-06-14_Barcelona_Grand_Prix/2026-06-14_Race/TeamRadio/RUS_63_20260614_152240.mp3,2026-10-09T21:56:07.231265Z
1287,11307,16,2026-06-14T13:24:53.779000+00:00,https://livetiming.formula1.com/static/2026/2026-06-14_Barcelona_Grand_Prix/2026-06-14_Race/TeamRadio/LEC_16_20260614_152415.mp3,2026-10-09T21:56:07.231265Z
1287,11307,43,2026-06-14T13:31:29.705000+00:00,https://livetiming.formula1.com/static/2026/2026-06-14_Barcelona_Grand_Prix/2026-06-14_Race/TeamRadio/COL_43_20260614_153044.mp3,2026-10-09T21:56:07.231265Z
1287,11307,12,2026-06-14T13:33:03.404000+00:00,https://livetiming.formula1.com/static/2026/2026-06-14_Barcelona_Grand_Prix/2026-06-14_Race/TeamRadio/ANT_12_20260614_153235.mp3,2026-10-09T21:56:07.231265Z
1287,11307,27,2026-06-14T13:37:35.204000+00:00,https://livetiming.formula1.com/static/2026/2026-06-14_Barcelona_Grand_Prix/2026-06-14_Race/TeamRadio/HUL_27_20260614_153713.mp3,2026-10-09T21:56:07.231265Z
1287,11307,63,2026-06-14T13:43:40.450000+00:00,https://livetiming.formula1.com/static/2026/2026-06-14_Barcelona_Grand_Prix/2026-06-14_Race/TeamRadio/RUS_63_20260614_154302.mp3,2026-10-09T21:56:07.231265Z
1287,11307,12,2026-06-14T13:44:11.188000+00:00,https://livetiming.formula1.com/static/2026/2026-06-14_Barcelona_Grand_Prix/2026-06-14_Race/TeamRadio/ANT_12_20260614_154351.mp3,2026-10-09T21:56:07.231265Z
1287,11307,44,2026-06-14T13:47:45.912000+00:00,https://livetiming.formula1.com/static/2026/2026-06-14_Barcelona_Grand_Prix/2026-06-14_Race/TeamRadio/HAM_44_20260614_154710.mp3,2026-10-09T21:56:07.231265Z
1287,11307,12,2026-06-14T13:49:46.232000+00:00,https://livetiming.formula1.com/static/2026/2026-06-14_Barcelona_Grand_Prix/2026-06-14_Race/TeamRadio/ANT_12_20260614_154909.mp3,2026-10-09T21:56:07.231265Z
1287,11307,44,2026-06-14T13:50:47.337000+00:00,https://livetiming.formula1.com/static/2026/2026-06-14_Barcelona_Grand_Prix/2026-06-14_Race/TeamRadio/HAM_44_20260614_155019.mp3,2026-10-09T21:56:07.231265Z
1287,11307,12,2026-06-14T13:51:17.962000+00:00,https://livetiming.formula1.com/static/2026/2026-06-14_Barcelona_Grand_Prix/2026-06-14_Race/TeamRadio/ANT_12_20260614_155042.mp3,2026-10-09T21:56:07.231265Z
1287,11307,12,2026-06-14T13:51:48.774000+00:00,https://livetiming.formula1.com/static/2026/2026-06-14_Barcelona_Grand_Prix/2026-06-14_Race/TeamRadio/ANT_12_20260614_155119.mp3,2026-10-09T21:56:07.231265Z
1287,11307,12,2026-06-14T13:54:22.048000+00:00,https://livetiming.formula1.com/static/2026/2026-06-14_Barcelona_Grand_Prix/2026-06-14_Race/TeamRadio/ANT_12_20260614_155413.mp3,2026-10-09T21:56:07.231265Z
1287,11307,44,2026-06-14T13:57:23.780000+00:00,https://livetiming.formula1.com/static/2026/2026-06-14_Barcelona_Grand_Prix/2026-06-14_Race/TeamRadio/HAM_44_20260614_155654.mp3,2026-10-09T21:56:07.231265Z
1287,11307,63,2026-06-14T13:58:55.309000+00:00,https://livetiming.formula1.com/static/2026/2026-06-14_Barcelona_Grand_Prix/2026-06-14_Race/TeamRadio/RUS_63_20260614_155835.mp3,2026-10-09T21:56:07.231265Z
1287,11307,44,2026-06-14T14:01:58.251000+00:00,https://livetiming.formula1.com/static/2026/2026-06-14_Barcelona_Grand_Prix/2026-06-14_Race/TeamRadio/HAM_44_20260614_160131.mp3,2026-10-09T21:56:07.231265Z
1287,11307,44,2026-06-14T14:02:28.511000+00:00,https://livetiming.formula1.com/static/2026/2026-06-14_Barcelona_Grand_Prix/2026-06-14_Race/TeamRadio/HAM_44_20260614_160155.mp3,2026-10-09T21:56:07.231265Z
1287,11307,63,2026-06-14T14:04:00.236000+00:00,https://livetiming.formula1.com/static/2026/2026-06-14_Barcelona_Grand_Prix/2026-06-14_Race/TeamRadio/RUS_63_20260614_160340.mp3,2026-10-09T21:56:07.231265Z
1287,11307,1,2026-06-14T14:12:06.908000+00:00,https://livetiming.formula1.com/static/2026/2026-06-14_Barcelona_Grand_Prix/2026-06-14_Race/TeamRadio/NOR_1_20260614_161143.mp3,2026-10-09T21:56:07.231265Z
1287,11307,1,2026-06-14T14:13:40.294000+00:00,https://livetiming.formula1.com/static/2026/2026-06-14_Barcelona_Grand_Prix/2026-06-14_Race/TeamRadio/NOR_1_20260614_161310.mp3,2026-10-09T21:56:07.231265Z
1287,11307,44,2026-06-14T14:15:10.581000+00:00,https://livetiming.formula1.com/static/2026/2026-06-14_Barcelona_Grand_Prix/2026-06-14_Race/TeamRadio/HAM_44_20260614_161436.mp3,2026-10-09T21:56:07.231265Z
1287,11307,12,2026-06-14T14:16:10.831000+00:00,https://livetiming.formula1.com/static/2026/2026-06-14_Barcelona_Grand_Prix/2026-06-14_Race/TeamRadio/ANT_12_20260614_161533.mp3,2026-10-09T21:56:07.231265Z
1287,11307,63,2026-06-14T14:16:11.009000+00:00,https://livetiming.formula1.com/static/2026/2026-06-14_Barcelona_Grand_Prix/2026-06-14_Race/TeamRadio/RUS_63_20260614_161559.mp3,2026-10-09T21:56:07.231265Z
1287,11307,1,2026-06-14T14:17:12.085000+00:00,https://livetiming.formula1.com/static/2026/2026-06-14_Barcelona_Grand_Prix/2026-06-14_Race/TeamRadio/NOR_1_20260614_161650.mp3,2026-10-09T21:56:07.231265Z
1287,11307,44,2026-06-14T14:24:48.058000+00:00,https://livetiming.formula1.com/static/2026/2026-06-14_Barcelona_Grand_Prix/2026-06-14_Race/TeamRadio/HAM_44_20260614_162432.mp3,2026-10-09T21:56:07.231265Z
1287,11307,12,2026-06-14T14:29:22.810000+00:00,https://livetiming.formula1.com/static/2026/2026-06-14_Barcelona_Grand_Prix/2026-06-14_Race/TeamRadio/ANT_12_20260614_162900.mp3,2026-10-09T21:56:07.231265Z
1287,11307,16,2026-06-14T14:29:53.182000+00:00,https://livetiming.formula1.com/static/2026/2026-06-14_Barcelona_Grand_Prix/2026-06-14_Race/TeamRadio/LEC_16_20260614_162944.mp3,2026-10-09T21:56:07.231265Z
1287,11307,44,2026-06-14T14:38:01.001000+00:00,https://livetiming.formula1.com/static/2026/2026-06-14_Barcelona_Grand_Prix/2026-06-14_Race/TeamRadio/HAM_44_20260614_163708.mp3,2026-10-09T21:56:07.231265Z
1287,11307,44,2026-06-14T14:39:02.091000+00:00,https://livetiming.formula1.com/static/2026/2026-06-14_Barcelona_Grand_Prix/2026-06-14_Race/TeamRadio/HAM_44_20260614_163825.mp3,2026-10-09T21:56:07.231265Z
1287,11307,1,2026-06-14T14:40:24.621000+00:00,https://livetiming.formula1.com/static/2026/2026-06-14_Barcelona_Grand_Prix/2026-06-14_Race/TeamRadio/NOR_1_20260614_164037.mp3,2026-10-09T21:56:07.231265Z
1287,11307,63,2026-06-14T14:40:24.621000+00:00,https://livetiming.formula1.com/static/2026/2026-06-14_Barcelona_Grand_Prix/2026-06-14_Race/TeamRadio/RUS_63_20260614_164059.mp3,2026-10-09T21:56:07.231265Z
1287,11307,41,2026-06-14T14:40:24.621000+00:00,https://livetiming.formula1.com/static/2026/2026-06-14_Barcelona_Grand_Prix/2026-06-14_Race/TeamRadio/LIN_41_20260614_164234.mp3,2026-10-09T21:56:07.231265Z
1287,11307,3,2026-06-14T14:40:24.621000+00:00,https://livetiming.formula1.com/static/2026/2026-06-14_Barcelona_Grand_Prix/2026-06-14_Race/TeamRadio/VER_3_20260614_164252.mp3,2026-10-09T21:56:07.231265Z
1287,11307,43,2026-06-14T14:40:24.621000+00:00,https://livetiming.formula1.com/static/2026/2026-06-14_Barcelona_Grand_Prix/2026-06-14_Race/TeamRadio/COL_43_20260614_164437.mp3,2026-10-09T21:56:07.231265Z
1287,11307,6,2026-06-14T14:40:24.621000+00:00,https://livetiming.formula1.com/static/2026/2026-06-14_Barcelona_Grand_Prix/2026-06-14_Race/TeamRadio/HAD_6_20260614_164656.mp3,2026-10-09T21:56:07.231265Z
1288,11308,41,2026-06-26T11:31:41.026000+00:00,https://livetiming.formula1.com/static/2026/2026-06-28_Austrian_Grand_Prix/2026-06-26_Practice_1/TeamRadio/LIN_41_20260626_133129.mp3,2026-10-09T21:56:11.796631Z
1288,11308,3,2026-06-26T11:34:14.768000+00:00,https://livetiming.formula1.com/static/2026/2026-06-28_Austrian_Grand_Prix/2026-06-26_Practice_1/TeamRadio/VER_3_20260626_133348.mp3,2026-10-09T21:56:11.796631Z
1288,11308,63,2026-06-26T11:35:14.902000+00:00,https://livetiming.formula1.com/static/2026/2026-06-28_Austrian_Grand_Prix/2026-06-26_Practice_1/TeamRadio/RUS_63_20260626_133446.mp3,2026-10-09T21:56:11.796631Z
1288,11308,23,2026-06-26T11:39:18.241000+00:00,https://livetiming.formula1.com/static/2026/2026-06-28_Austrian_Grand_Prix/2026-06-26_Practice_1/TeamRadio/ALB_23_20260626_133905.mp3,2026-10-09T21:56:11.796631Z
1288,11308,81,2026-06-26T11:52:29.454000+00:00,https://livetiming.formula1.com/static/2026/2026-06-28_Austrian_Grand_Prix/2026-06-26_Practice_1/TeamRadio/PIA_81_20260626_135212.mp3,2026-10-09T21:56:11.796631Z
1288,11308,11,2026-06-26T11:57:03.268000+00:00,https://livetiming.formula1.com/static/2026/2026-06-28_Austrian_Grand_Prix/2026-06-26_Practice_1/TeamRadio/PER_11_20260626_135647.mp3,2026-10-09T21:56:11.796631Z
1288,11308,3,2026-06-26T11:58:04.395000+00:00,https://livetiming.formula1.com/static/2026/2026-06-28_Austrian_Grand_Prix/2026-06-26_Practice_1/TeamRadio/VER_3_20260626_135750.mp3,2026-10-09T21:56:11.796631Z
1288,11308,44,2026-06-26T12:00:38.539000+00:00,https://livetiming.formula1.com/static/2026/2026-06-28_Austrian_Grand_Prix/2026-06-26_Practice_1/TeamRadio/HAM_44_20260626_140026.mp3,2026-10-09T21:56:11.796631Z
1288,11308,81,2026-06-26T12:02:08.786000+00:00,https://livetiming.formula1.com/static/2026/2026-06-28_Austrian_Grand_Prix/2026-06-26_Practice_1/TeamRadio/PIA_81_20260626_140141.mp3,2026-10-09T21:56:11.796631Z
1288,11308,3,2026-06-26T12:03:09.167000+00:00,https://livetiming.formula1.com/static/2026/2026-06-28_Austrian_Grand_Prix/2026-06-26_Practice_1/TeamRadio/VER_3_20260626_140249.mp3,2026-10-09T21:56:11.796631Z
1288,11308,11,2026-06-26T12:15:50.783000+00:00,https://livetiming.formula1.com/static/2026/2026-06-28_Austrian_Grand_Prix/2026-06-26_Practice_1/TeamRadio/PER_11_20260626_141525.mp3,2026-10-09T21:56:11.796631Z
1288,11308,11,2026-06-26T12:28:30.438000+00:00,https://livetiming.formula1.com/static/2026/2026-06-28_Austrian_Grand_Prix/2026-06-26_Practice_1/TeamRadio/PER_11_20260626_142803.mp3,2026-10-09T21:56:11.796631Z
1288,11308,38,2026-06-26T12:31:02.784000+00:00,https://livetiming.formula1.com/static/2026/2026-06-28_Austrian_Grand_Prix/2026-06-26_Practice_1/TeamRadio/BEG_38_20260626_143036.mp3,2026-10-09T21:56:11.796631Z
1288,11311,14,2026-06-27T13:59:10.174000+00:00,https://livetiming.formula1.com/static/2026/2026-06-28_Austrian_Grand_Prix/2026-06-27_Qualifying/TeamRadio/ALO_14_20260627_155846.mp3,2026-10-09T21:57:03.804592Z
1288,11311,63,2026-06-27T14:13:22.807000+00:00,https://livetiming.formula1.com/static/2026/2026-06-28_Austrian_Grand_Prix/2026-06-27_Qualifying/TeamRadio/RUS_63_20260627_161240.mp3,2026-10-09T21:57:03.804592Z
1288,11311,14,2026-06-27T14:19:58.818000+00:00,https://livetiming.formula1.com/static/2026/2026-06-28_Austrian_Grand_Prix/2026-06-27_Qualifying/TeamRadio/ALO_14_20260627_161926.mp3,2026-10-09T21:57:03.804592Z
1288,11311,81,2026-06-27T14:34:10.547000+00:00,https://livetiming.formula1.com/static/2026/2026-06-28_Austrian_Grand_Prix/2026-06-27_Qualifying/TeamRadio/PIA_81_20260627_163353.mp3,2026-10-09T21:57:03.804592Z
1288,11311,63,2026-06-27T14:35:44.239000+00:00,https://livetiming.formula1.com/static/2026/2026-06-28_Austrian_Grand_Prix/2026-06-27_Qualifying/TeamRadio/RUS_63_20260627_163526.mp3,2026-10-09T21:57:03.804592Z
1288,11311,10,2026-06-27T14:41:45.306000+00:00,https://livetiming.formula1.com/static/2026/2026-06-28_Austrian_Grand_Prix/2026-06-27_Qualifying/TeamRadio/GAS_10_20260627_164119.mp3,2026-10-09T21:57:03.804592Z
1288,11311,87,2026-06-27T14:43:17.141000+00:00,https://livetiming.formula1.com/static/2026/2026-06-28_Austrian_Grand_Prix/2026-06-27_Qualifying/TeamRadio/BEA_87_20260627_164253.mp3,2026-10-09T21:57:03.804592Z
1288,11311,31,2026-06-27T14:44:48.301000+00:00,https://livetiming.formula1.com/static/2026/2026-06-28_Austrian_Grand_Prix/2026-06-27_Qualifying/TeamRadio/OCO_31_20260627_164417.mp3,2026-10-09T21:57:03.804592Z
1288,11311,44,2026-06-27T14:54:27.316000+00:00,https://livetiming.formula1.com/static/2026/2026-06-28_Austrian_Grand_Prix/2026-06-27_Qualifying/TeamRadio/HAM_44_20260627_165412.mp3,2026-10-09T21:57:03.804592Z
1288,11311,12,2026-06-27T15:08:06.584000+00:00,https://livetiming.formula1.com/static/2026/2026-06-28_Austrian_Grand_Prix/2026-06-27_Qualifying/TeamRadio/ANT_12_20260627_170748.mp3,2026-10-09T21:57:03.804592Z
1288,11311,63,2026-06-27T15:11:16.389000+00:00,https://livetiming.formula1.com/static/2026/2026-06-28_Austrian_Grand_Prix/2026-06-27_Qualifying/TeamRadio/RUS_63_20260627_171113.mp3,2026-10-09T21:57:03.804592Z
1288,11311,63,2026-06-27T15:12:02.471000+00:00,https://livetiming.formula1.com/static/2026/2026-06-28_Austrian_Grand_Prix/2026-06-27_Qualifying/TeamRadio/RUS_63_20260627_171131.mp3,2026-10-09T21:57:03.804592Z
1288,11315,27,2026-06-28T12:16:55.566000+00:00,https://livetiming.formula1.com/static/2026/2026-06-28_Austrian_Grand_Prix/2026-06-28_Race/TeamRadio/HUL_27_20260628_141647.mp3,2026-10-09T21:57:10.660932Z
1288,11315,10,2026-06-28T12:32:10.153000+00:00,https://livetiming.formula1.com/static/2026/2026-06-28_Austrian_Grand_Prix/2026-06-28_Race/TeamRadio/GAS_10_20260628_143137.mp3,2026-10-09T21:57:10.660932Z
1288,11315,81,2026-06-28T12:32:40.251000+00:00,https://livetiming.formula1.com/static/2026/2026-06-28_Austrian_Grand_Prix/2026-06-28_Race/TeamRadio/PIA_81_20260628_143201.mp3,2026-10-09T21:57:10.660932Z
1288,11315,11,2026-06-28T13:09:10.543000+00:00,https://livetiming.formula1.com/static/2026/2026-06-28_Austrian_Grand_Prix/2026-06-28_Race/TeamRadio/PER_11_20260628_150840.mp3,2026-10-09T21:57:10.660932Z
1288,11315,63,2026-06-28T13:15:16.424000+00:00,https://livetiming.formula1.com/static/2026/2026-06-28_Austrian_Grand_Prix/2026-06-28_Race/TeamRadio/RUS_63_20260628_151458.mp3,2026-10-09T21:57:10.660932Z
1288,11315,3,2026-06-28T13:17:16.997000+00:00,https://livetiming.formula1.com/static/2026/2026-06-28_Austrian_Grand_Prix/2026-06-28_Race/TeamRadio/VER_3_20260628_151652.mp3,2026-10-09T21:57:10.660932Z
1288,11315,44,2026-06-28T13:18:48.577000+00:00,https://livetiming.formula1.com/static/2026/2026-06-28_Austrian_Grand_Prix/2026-06-28_Race/TeamRadio/HAM_44_20260628_151833.mp3,2026-10-09T21:57:10.660932Z
1288,11315,63,2026-06-28T13:23:22.676000+00:00,https://livetiming.formula1.com/static/2026/2026-06-28_Austrian_Grand_Prix/2026-06-28_Race/TeamRadio/RUS_63_20260628_152244.mp3,2026-10-09T21:57:10.660932Z
1288,11315,44,2026-06-28T13:24:23.802000+00:00,https://livetiming.formula1.com/static/2026/2026-06-28_Austrian_Grand_Prix/2026-06-28_Race/TeamRadio/HAM_44_20260628_152408.mp3,2026-10-09T21:57:10.660932Z
1288,11315,1,2026-06-28T13:27:28.253000+00:00,https://livetiming.formula1.com/static/2026/2026-06-28_Austrian_Grand_Prix/2026-06-28_Race/TeamRadio/NOR_1_20260628_152707.mp3,2026-10-09T21:57:10.660932Z
1288,11315,44,2026-06-28T13:33:01.796000+00:00,https://livetiming.formula1.com/static/2026/2026-06-28_Austrian_Grand_Prix/2026-06-28_Race/TeamRadio/HAM_44_20260628_153219.mp3,2026-10-09T21:57:10.660932Z
1288,11315,44,2026-06-28T13:34:34.344000+00:00,https://livetiming.formula1.com/static/2026/2026-06-28_Austrian_Grand_Prix/2026-06-28_Race/TeamRadio/HAM_44_20260628_153415.mp3,2026-10-09T21:57:10.660932Z
1288,11315,12,2026-06-28T13:36:04.672000+00:00,https://livetiming.formula1.com/static/2026/2026-06-28_Austrian_Grand_Prix/2026-06-28_Race/TeamRadio/ANT_12_20260628_153534.mp3,2026-10-09T21:57:10.660932Z
1288,11315,44,2026-06-28T13:43:11.186000+00:00,https://livetiming.formula1.com/static/2026/2026-06-28_Austrian_Grand_Prix/2026-06-28_Race/TeamRadio/HAM_44_20260628_154230.mp3,2026-10-09T21:57:10.660932Z
1288,11315,44,2026-06-28T13:51:18.443000+00:00,https://livetiming.formula1.com/static/2026/2026-06-28_Austrian_Grand_Prix/2026-06-28_Race/TeamRadio/HAM_44_20260628_155100.mp3,2026-10-09T21:57:10.660932Z
1288,11315,3,2026-06-28T13:58:55.613000+00:00,https://livetiming.formula1.com/static/2026/2026-06-28_Austrian_Grand_Prix/2026-06-28_Race/TeamRadio/VER_3_20260628_155813.mp3,2026-10-09T21:57:10.660932Z
1288,11315,63,2026-06-28T13:59:28.152000+00:00,https://livetiming.formula1.com/static/2026/2026-06-28_Austrian_Grand_Prix/2026-06-28_Race/TeamRadio/RUS_63_20260628_155900.mp3,2026-10-09T21:57:10.660932Z
1288,11315,12,2026-06-28T14:04:30.889000+00:00,https://livetiming.formula1.com/static/2026/2026-06-28_Austrian_Grand_Prix/2026-06-28_Race/TeamRadio/ANT_12_20260628_160408.mp3,2026-10-09T21:57:10.660932Z
1288,11315,16,2026-06-28T14:12:37.974000+00:00,https://livetiming.formula1.com/static/2026/2026-06-28_Austrian_Grand_Prix/2026-06-28_Race/TeamRadio/LEC_16_20260628_161214.mp3,2026-10-09T21:57:10.660932Z
1288,11315,16,2026-06-28T14:15:10.430000+00:00,https://livetiming.formula1.com/static/2026/2026-06-28_Austrian_Grand_Prix/2026-06-28_Race/TeamRadio/LEC_16_20260628_161444.mp3,2026-10-09T21:57:10.660932Z
1288,11315,63,2026-06-28T14:31:23.270000+00:00,https://livetiming.formula1.com/static/2026/2026-06-28_Austrian_Grand_Prix/2026-06-28_Race/TeamRadio/RUS_63_20260628_163044.mp3,2026-10-09T21:57:10.660932Z
1288,11315,3,2026-06-28T14:32:24.314000+00:00,https://livetiming.formula1.com/static/2026/2026-06-28_Austrian_Grand_Prix/2026-06-28_Race/TeamRadio/VER_3_20260628_163139.mp3,2026-10-09T21:57:10.660932Z
1288,11315,63,2026-06-28T14:32:55.076000+00:00,https://livetiming.formula1.com/static/2026/2026-06-28_Austrian_Grand_Prix/2026-06-28_Race/TeamRadio/RUS_63_20260628_163222.mp3,2026-10-09T21:57:10.660932Z
1289,11316,44,2026-07-03T11:30:46.137000+00:00,https://livetiming.formula1.com/static/2026/2026-07-05_British_Grand_Prix/2026-07-03_Practice_1/TeamRadio/HAM_44_20260703_123016.mp3,2026-10-09T21:57:15.077656Z
1289,11316,31,2026-07-03T11:35:20.655000+00:00,https://livetiming.formula1.com/static/2026/2026-07-05_British_Grand_Prix/2026-07-03_Practice_1/TeamRadio/OCO_31_20260703_123507.mp3,2026-10-09T21:57:15.077656Z
1289,11316,31,2026-07-03T11:40:26.532000+00:00,https://livetiming.formula1.com/static/2026/2026-07-05_British_Grand_Prix/2026-07-03_Practice_1/TeamRadio/OCO_31_20260703_123946.mp3,2026-10-09T21:57:15.077656Z
1289,11316,44,2026-07-03T11:48:32.759000+00:00,https://livetiming.formula1.com/static/2026/2026-07-05_British_Grand_Prix/2026-07-03_Practice_1/TeamRadio/HAM_44_20260703_124755.mp3,2026-10-09T21:57:15.077656Z
1289,11316,81,2026-07-03T12:05:46.254000+00:00,https://livetiming.formula1.com/static/2026/2026-07-05_British_Grand_Prix/2026-07-03_Practice_1/TeamRadio/PIA_81_20260703_130530.mp3,2026-10-09T21:57:15.077656Z
1289,11316,10,2026-07-03T12:08:18.651000+00:00,https://livetiming.formula1.com/static/2026/2026-07-05_British_Grand_Prix/2026-07-03_Practice_1/TeamRadio/GAS_10_20260703_130756.mp3,2026-10-09T21:57:15.077656Z
1289,11316,30,2026-07-03T12:17:57.822000+00:00,https://livetiming.formula1.com/static/2026/2026-07-05_British_Grand_Prix/2026-07-03_Practice_1/TeamRadio/LAW_30_20260703_131720.mp3,2026-10-09T21:57:15.077656Z
1289,11316,16,2026-07-03T12:23:03.593000+00:00,https://livetiming.formula1.com/static/2026/2026-07-05_British_Grand_Prix/2026-07-03_Practice_1/TeamRadio/LEC_16_20260703_132233.mp3,2026-10-09T21:57:15.077656Z
1289,11316,11,2026-07-03T12:31:40.048000+00:00,https://livetiming.formula1.com/static/2026/2026-07-05_British_Grand_Prix/2026-07-03_Practice_1/TeamRadio/PER_11_20260703_133115.mp3,2026-10-09T21:57:15.077656Z
1289,11321,18,2026-07-04T10:23:02.095000+00:00,https://livetiming.formula1.com/static/2026/2026-07-05_British_Grand_Prix/2026-07-04_Sprint/TeamRadio/STR_18_20260704_112233.mp3,2026-10-09T21:58:03.564403Z
1289,11321,10,2026-07-04T11:23:37.038000+00:00,https://livetiming.formula1.com/static/2026/2026-07-05_British_Grand_Prix/2026-07-04_Sprint/TeamRadio/GAS_10_20260704_122316.mp3,2026-10-09T21:58:03.564403Z
1289,11321,1,2026-07-04T11:32:13.535000+00:00,https://livetiming.formula1.com/static/2026/2026-07-05_British_Grand_Prix/2026-07-04_Sprint/TeamRadio/NOR_1_20260704_123144.mp3,2026-10-09T21:58:03.564403Z
1289,11321,3,2026-07-04T11:34:45.406000+00:00,https://livetiming.formula1.com/static/2026/2026-07-05_British_Grand_Prix/2026-07-04_Sprint/TeamRadio/VER_3_20260704_123417.mp3,2026-10-09T21:58:03.564403Z
1289,11322,55,2026-07-04T14:57:05.227000+00:00,https://livetiming.formula1.com/static/2026/2026-07-05_British_Grand_Prix/2026-07-04_Qualifying/TeamRadio/SAI_55_20260704_155655.mp3,2026-10-09T21:58:08.001005Z
1289,11322,63,2026-07-04T15:12:49.859000+00:00,https://livetiming.formula1.com/static/2026/2026-07-05_British_Grand_Prix/2026-07-04_Qualifying/TeamRadio/RUS_63_20260704_161231.mp3,2026-10-09T21:58:08.001005Z
1289,11322,63,2026-07-04T15:13:20.578000+00:00,https://livetiming.formula1.com/static/2026/2026-07-05_British_Grand_Prix/2026-07-04_Qualifying/TeamRadio/RUS_63_20260704_161254.mp3,2026-10-09T21:58:08.001005Z
1289,11322,31,2026-07-04T15:21:59.105000+00:00,https://livetiming.formula1.com/static/2026/2026-07-05_British_Grand_Prix/2026-07-04_Qualifying/TeamRadio/OCO_31_20260704_162130.mp3,2026-10-09T21:58:08.001005Z
1289,11322,31,2026-07-04T15:22:29.174000+00:00,https://livetiming.formula1.com/static/2026/2026-07-05_British_Grand_Prix/2026-07-04_Qualifying/TeamRadio/OCO_31_20260704_162140.mp3,2026-10-09T21:58:08.001005Z
1289,11322,27,2026-07-04T15:23:30.154000+00:00,https://livetiming.formula1.com/static/2026/2026-07-05_British_Grand_Prix/2026-07-04_Qualifying/TeamRadio/HUL_27_20260704_162255.mp3,2026-10-09T21:58:08.001005Z
1289,11322,5,2026-07-04T15:50:23.813000+00:00,https://livetiming.formula1.com/static/2026/2026-07-05_British_Grand_Prix/2026-07-04_Qualifying/TeamRadio/BOR_5_20260704_164943.mp3,2026-10-09T21:58:08.001005Z
1289,11322,87,2026-07-04T15:53:55.815000+00:00,https://livetiming.formula1.com/static/2026/2026-07-05_British_Grand_Prix/2026-07-04_Qualifying/TeamRadio/BEA_87_20260704_165319.mp3,2026-10-09T21:58:08.001005Z
1289,11322,81,2026-07-04T16:08:08.262000+00:00,https://livetiming.formula1.com/static/2026/2026-07-05_British_Grand_Prix/2026-07-04_Qualifying/TeamRadio/PIA_81_20260704_170734.mp3,2026-10-09T21:58:08.001005Z
1289,11322,16,2026-07-04T16:11:42.421000+00:00,https://livetiming.formula1.com/static/2026/2026-07-05_British_Grand_Prix/2026-07-04_Qualifying/TeamRadio/LEC_16_20260704_171117.mp3,2026-10-09T21:58:08.001005Z
1289,11322,16,2026-07-04T16:11:56.140000+00:00,https://livetiming.formula1.com/static/2026/2026-07-05_British_Grand_Prix/2026-07-04_Qualifying/TeamRadio/LEC_16_20260704_171143.mp3,2026-10-09T21:58:08.001005Z
1289,11322,30,2026-07-04T16:11:56.140000+00:00,https://livetiming.formula1.com/static/2026/2026-07-05_British_Grand_Prix/2026-07-04_Qualifying/TeamRadio/LAW_30_20260704_171232.mp3,2026-10-09T21:58:08.001005Z
1289,11326,3,2026-07-05T14:01:01.329000+00:00,https://livetiming.formula1.com/static/2026/2026-07-05_British_Grand_Prix/2026-07-05_Race/TeamRadio/VER_3_20260705_150051.mp3,2026-10-09T21:58:14.823884Z
1289,11326,44,2026-07-05T14:40:34.811000+00:00,https://livetiming.formula1.com/static/2026/2026-07-05_British_Grand_Prix/2026-07-05_Race/TeamRadio/HAM_44_20260705_154016.mp3,2026-10-09T21:58:14.823884Z
1289,11326,44,2026-07-05T14:45:10.561000+00:00,https://livetiming.formula1.com/static/2026/2026-07-05_British_Grand_Prix/2026-07-05_Race/TeamRadio/HAM_44_20260705_154456.mp3,2026-10-09T21:58:14.823884Z
1289,11326,63,2026-07-05T14:56:18.459000+00:00,https://livetiming.formula1.com/static/2026/2026-07-05_British_Grand_Prix/2026-07-05_Race/TeamRadio/RUS_63_20260705_155542.mp3,2026-10-09T21:58:14.823884Z
1289,11326,63,2026-07-05T14:59:22.607000+00:00,https://livetiming.formula1.com/static/2026/2026-07-05_British_Grand_Prix/2026-07-05_Race/TeamRadio/RUS_63_20260705_155847.mp3,2026-10-09T21:58:14.823884Z
1289,11326,23,2026-07-05T15:02:54.465000+00:00,https://livetiming.formula1.com/static/2026/2026-07-05_British_Grand_Prix/2026-07-05_Race/TeamRadio/ALB_23_20260705_160209.mp3,2026-10-09T21:58:14.823884Z
1289,11326,12,2026-07-05T15:08:59.705000+00:00,https://livetiming.formula1.com/static/2026/2026-07-05_British_Grand_Prix/2026-07-05_Race/TeamRadio/ANT_12_20260705_160837.mp3,2026-10-09T21:58:14.823884Z
1289,11326,12,2026-07-05T15:10:31.151000+00:00,https://livetiming.formula1.com/static/2026/2026-07-05_British_Grand_Prix/2026-07-05_Race/TeamRadio/ANT_12_20260705_161020.mp3,2026-10-09T21:58:14.823884Z
1289,11326,12,2026-07-05T15:11:01.873000+00:00,https://livetiming.formula1.com/static/2026/2026-07-05_British_Grand_Prix/2026-07-05_Race/TeamRadio/ANT_12_20260705_161048.mp3,2026-10-09T21:58:14.823884Z
1289,11326,12,2026-07-05T15:13:04.598000+00:00,https://livetiming.formula1.com/static/2026/2026-07-05_British_Grand_Prix/2026-07-05_Race/TeamRadio/ANT_12_20260705_161231.mp3,2026-10-09T21:58:14.823884Z
1289,11326,12,2026-07-05T15:15:05.691000+00:00,https://livetiming.formula1.com/static/2026/2026-07-05_British_Grand_Prix/2026-07-05_Race/TeamRadio/ANT_12_20260705_161440.mp3,2026-10-09T21:58:14.823884Z
1289,11326,12,2026-07-05T15:16:07.011000+00:00,https://livetiming.formula1.com/static/2026/2026-07-05_British_Grand_Prix/2026-07-05_Race/TeamRadio/ANT_12_20260705_161533.mp3,2026-10-09T21:58:14.823884Z
1289,11326,12,2026-07-05T15:18:10.350000+00:00,https://livetiming.formula1.com/static/2026/2026-07-05_British_Grand_Prix/2026-07-05_Race/TeamRadio/ANT_12_20260705_161752.mp3,2026-10-09T21:58:14.823884Z
1289,11326,12,2026-07-05T15:22:43.191000+00:00,https://livetiming.formula1.com/static/2026/2026-07-05_British_Grand_Prix/2026-07-05_Race/TeamRadio/ANT_12_20260705_162224.mp3,2026-10-09T21:58:14.823884Z
1289,11326,12,2026-07-05T15:24:16.187000+00:00,https://livetiming.formula1.com/static/2026/2026-07-05_British_Grand_Prix/2026-07-05_Race/TeamRadio/ANT_12_20260705_162333.mp3,2026-10-09T21:58:14.823884Z
1289,11326,63,2026-07-05T15:33:22.733000+00:00,https://livetiming.formula1.com/static/2026/2026-07-05_British_Grand_Prix/2026-07-05_Race/TeamRadio/RUS_63_20260705_163250.mp3,2026-10-09T21:58:14.823884Z
1289,11326,1,2026-07-05T15:37:28.033000+00:00,https://livetiming.formula1.com/static/2026/2026-07-05_British_Grand_Prix/2026-07-05_Race/TeamRadio/NOR_1_20260705_163702.mp3,2026-10-09T21:58:14.823884Z
1289,11326,6,2026-07-05T15:40:29.372000+00:00,https://livetiming.formula1.com/static/2026/2026-07-05_British_Grand_Prix/2026-07-05_Race/TeamRadio/HAD_6_20260705_163932.mp3,2026-10-09T21:58:14.823884Z
1289,11326,41,2026-07-05T15:42:01.391000+00:00,https://livetiming.formula1.com/static/2026/2026-07-05_British_Grand_Prix/2026-07-05_Race/TeamRadio/LIN_41_20260705_164102.mp3,2026-10-09T21:58:14.823884Z
1289,11326,43,2026-07-05T15:43:33.860000+00:00,https://livetiming.formula1.com/static/2026/2026-07-05_British_Grand_Prix/2026-07-05_Race/TeamRadio/COL_43_20260705_164254.mp3,2026-10-09T21:58:14.823884Z
1290,11328,3,2026-07-17T15:12:34.028000+00:00,https://livetiming.formula1.com/static/2026/2026-07-19_Belgian_Grand_Prix/2026-07-17_Practice_2/TeamRadio/VER_3_20260717_171223.mp3,2026-10-09T21:59:03.843460Z
1290,11328,1,2026-07-17T15:28:48.457000+00:00,https://livetiming.formula1.com/static/2026/2026-07-19_Belgian_Grand_Prix/2026-07-17_Practice_2/TeamRadio/NOR_1_20260717_172831.mp3,2026-10-09T21:59:03.843460Z
1290,11328,63,2026-07-17T15:32:50.692000+00:00,https://livetiming.formula1.com/static/2026/2026-07-19_Belgian_Grand_Prix/2026-07-17_Practice_2/TeamRadio/RUS_63_20260717_173211.mp3,2026-10-09T21:59:03.843460Z
1290,11328,10,2026-07-17T15:46:32.764000+00:00,https://livetiming.formula1.com/static/2026/2026-07-19_Belgian_Grand_Prix/2026-07-17_Practice_2/TeamRadio/GAS_10_20260717_174611.mp3,2026-10-09T21:59:03.843460Z
1290,11329,16,2026-07-18T10:22:32.065000+00:00,https://livetiming.formula1.com/static/2026/2026-07-19_Belgian_Grand_Prix/2026-07-18_Practice_3/TeamRadio/LEC_16_20260718_122203.mp3,2026-10-09T21:59:08.350117Z
1290,11329,11,2026-07-18T10:35:44.393000+00:00,https://livetiming.formula1.com/static/2026/2026-07-19_Belgian_Grand_Prix/2026-07-18_Practice_3/TeamRadio/PER_11_20260718_123513.mp3,2026-10-09T21:59:08.350117Z
1290,11329,6,2026-07-18T10:54:29.225000+00:00,https://livetiming.formula1.com/static/2026/2026-07-19_Belgian_Grand_Prix/2026-07-18_Practice_3/TeamRadio/HAD_6_20260718_125403.mp3,2026-10-09T21:59:08.350117Z
1290,11329,30,2026-07-18T11:06:09.748000+00:00,https://livetiming.formula1.com/static/2026/2026-07-19_Belgian_Grand_Prix/2026-07-18_Practice_3/TeamRadio/LAW_30_20260718_130549.mp3,2026-10-09T21:59:08.350117Z
1290,11329,6,2026-07-18T11:09:42.759000+00:00,https://livetiming.formula1.com/static/2026/2026-07-19_Belgian_Grand_Prix/2026-07-18_Practice_3/TeamRadio/HAD_6_20260718_130916.mp3,2026-10-09T21:59:08.350117Z
1290,11329,6,2026-07-18T11:13:16.091000+00:00,https://livetiming.formula1.com/static/2026/2026-07-19_Belgian_Grand_Prix/2026-07-18_Practice_3/TeamRadio/HAD_6_20260718_131236.mp3,2026-10-09T21:59:08.350117Z
1290,11329,23,2026-07-18T11:20:52.735000+00:00,https://livetiming.formula1.com/static/2026/2026-07-19_Belgian_Grand_Prix/2026-07-18_Practice_3/TeamRadio/ALB_23_20260718_132025.mp3,2026-10-09T21:59:08.350117Z
1290,11329,44,2026-07-18T11:31:01.484000+00:00,https://livetiming.formula1.com/static/2026/2026-07-19_Belgian_Grand_Prix/2026-07-18_Practice_3/TeamRadio/HAM_44_20260718_133030.mp3,2026-10-09T21:59:08.350117Z
1290,11329,55,2026-07-18T11:37:06.938000+00:00,https://livetiming.formula1.com/static/2026/2026-07-19_Belgian_Grand_Prix/2026-07-18_Practice_3/TeamRadio/SAI_55_20260718_133654.mp3,2026-10-09T21:59:08.350117Z
1290,11329,3,2026-07-18T11:37:37.583000+00:00,https://livetiming.formula1.com/static/2026/2026-07-19_Belgian_Grand_Prix/2026-07-18_Practice_3/TeamRadio/VER_3_20260718_133708.mp3,2026-10-09T21:59:08.350117Z
1290,11330,12,2026-07-18T15:11:27.190000+00:00,https://livetiming.formula1.com/static/2026/2026-07-19_Belgian_Grand_Prix/2026-07-18_Qualifying/TeamRadio/ANT_12_20260718_171053.mp3,2026-10-09T21:59:12.882785Z
1290,11330,3,2026-07-18T15:12:27.342000+00:00,https://livetiming.formula1.com/static/2026/2026-07-19_Belgian_Grand_Prix/2026-07-18_Qualifying/TeamRadio/VER_3_20260718_171140.mp3,2026-10-09T21:59:12.882785Z
1290,11330,5,2026-07-18T15:16:24.251000+00:00,https://livetiming.formula1.com/static/2026/2026-07-19_Belgian_Grand_Prix/2026-07-18_Qualifying/TeamRadio/BOR_5_20260718_171633.mp3,2026-10-09T21:59:12.882785Z
1290,11330,41,2026-07-18T15:17:15.549000+00:00,https://livetiming.formula1.com/static/2026/2026-07-19_Belgian_Grand_Prix/2026-07-18_Qualifying/TeamRadio/LIN_41_20260718_171709.mp3,2026-10-09T21:59:12.882785Z
1290,11330,3,2026-07-18T15:18:46.574000+00:00,https://livetiming.formula1.com/static/2026/2026-07-19_Belgian_Grand_Prix/2026-07-18_Qualifying/TeamRadio/VER_3_20260718_172101.mp3,2026-10-09T21:59:12.882785Z
1291,11335,10,2026-07-24T11:25:35.092000+00:00,https://livetiming.formula1.com/static/2026/2026-07-26_Hungarian_Grand_Prix/2026-07-24_Practice_1/TeamRadio/GAS_10_20260724_132506.mp3,2026-10-09T22:00:03.466440Z
1291,11335,3,2026-07-24T11:36:45.382000+00:00,https://livetiming.formula1.com/static/2026/2026-07-26_Hungarian_Grand_Prix/2026-07-24_Practice_1/TeamRadio/VER_3_20260724_133616.mp3,2026-10-09T22:00:03.466440Z
1291,11335,5,2026-07-24T11:39:17.883000+00:00,https://livetiming.formula1.com/static/2026/2026-07-26_Hungarian_Grand_Prix/2026-07-24_Practice_1/TeamRadio/BOR_5_20260724_133845.mp3,2026-10-09T22:00:03.466440Z
1291,11335,3,2026-07-24T11:41:20.641000+00:00,https://livetiming.formula1.com/static/2026/2026-07-26_Hungarian_Grand_Prix/2026-07-24_Practice_1/TeamRadio/VER_3_20260724_134100.mp3,2026-10-09T22:00:03.466440Z
1291,11335,30,2026-07-24T11:44:53.386000+00:00,https://livetiming.formula1.com/static/2026/2026-07-26_Hungarian_Grand_Prix/2026-07-24_Practice_1/TeamRadio/LAW_30_20260724_134428.mp3,2026-10-09T22:00:03.466440Z
1291,11335,44,2026-07-24T11:51:59.645000+00:00,https://livetiming.formula1.com/static/2026/2026-07-26_Hungarian_Grand_Prix/2026-07-24_Practice_1/TeamRadio/HAM_44_20260724_135123.mp3,2026-10-09T22:00:03.466440Z
1291,11335,67,2026-07-24T12:02:09.078000+00:00,https://livetiming.formula1.com/static/2026/2026-07-26_Hungarian_Grand_Prix/2026-07-24_Practice_1/TeamRadio/FOR_67_20260724_140146.mp3,2026-10-09T22:00:03.466440Z
1291,11335,3,2026-07-24T12:04:10.651000+00:00,https://livetiming.formula1.com/static/2026/2026-07-26_Hungarian_Grand_Prix/2026-07-24_Practice_1/TeamRadio/VER_3_20260724_140344.mp3,2026-10-09T22:00:03.466440Z
1291,11335,44,2026-07-24T12:09:45.465000+00:00,https://livetiming.formula1.com/static/2026/2026-07-26_Hungarian_Grand_Prix/2026-07-24_Practice_1/TeamRadio/HAM_44_20260724_140939.mp3,2026-10-09T22:00:03.466440Z
1291,11335,44,2026-07-24T12:10:15.690000+00:00,https://livetiming.formula1.com/static/2026/2026-07-26_Hungarian_Grand_Prix/2026-07-24_Practice_1/TeamRadio/HAM_44_20260724_141006.mp3,2026-10-09T22:00:03.466440Z
1291,11335,44,2026-07-24T12:10:46.446000+00:00,https://livetiming.formula1.com/static/2026/2026-07-26_Hungarian_Grand_Prix/2026-07-24_Practice_1/TeamRadio/HAM_44_20260724_141008.mp3,2026-10-09T22:00:03.466440Z
1291,11335,16,2026-07-24T12:22:27.657000+00:00,https://livetiming.formula1.com/static/2026/2026-07-26_Hungarian_Grand_Prix/2026-07-24_Practice_1/TeamRadio/LEC_16_20260724_142207.mp3,2026-10-09T22:00:03.466440Z
1291,11335,67,2026-07-24T12:35:39.980000+00:00,https://livetiming.formula1.com/static/2026/2026-07-26_Hungarian_Grand_Prix/2026-07-24_Practice_1/TeamRadio/FOR_67_20260724_143523.mp3,2026-10-09T22:00:03.466440Z
1291,11335,50,2026-07-24T12:36:10.068000+00:00,https://livetiming.formula1.com/static/2026/2026-07-26_Hungarian_Grand_Prix/2026-07-24_Practice_1/TeamRadio/HIR_50_20260724_143541.mp3,2026-10-09T22:00:03.466440Z
1291,11335,72,2026-07-24T12:37:32.697000+00:00,https://livetiming.formula1.com/static/2026/2026-07-26_Hungarian_Grand_Prix/2026-07-24_Practice_1/TeamRadio/VES_72_20260724_143701.mp3,2026-10-09T22:00:03.466440Z
1291,11336,11,2026-07-24T14:55:50.617000+00:00,https://livetiming.formula1.com/static/2026/2026-07-26_Hungarian_Grand_Prix/2026-07-24_Practice_2/TeamRadio/PER_11_20260724_165532.mp3,2026-10-09T22:00:08.013150Z
1291,11336,10,2026-07-24T15:05:59.593000+00:00,https://livetiming.formula1.com/static/2026/2026-07-26_Hungarian_Grand_Prix/2026-07-24_Practice_2/TeamRadio/GAS_10_20260724_170511.mp3,2026-10-09T22:00:08.013150Z
1291,11336,63,2026-07-24T15:08:02.975000+00:00,https://livetiming.formula1.com/static/2026/2026-07-26_Hungarian_Grand_Prix/2026-07-24_Practice_2/TeamRadio/RUS_63_20260724_170745.mp3,2026-10-09T22:00:08.013150Z
1291,11336,12,2026-07-24T15:10:34.206000+00:00,https://livetiming.formula1.com/static/2026/2026-07-26_Hungarian_Grand_Prix/2026-07-24_Practice_2/TeamRadio/ANT_12_20260724_170957.mp3,2026-10-09T22:00:08.013150Z
1291,11336,6,2026-07-24T15:27:19.549000+00:00,https://livetiming.formula1.com/static/2026/2026-07-26_Hungarian_Grand_Prix/2026-07-24_Practice_2/TeamRadio/HAD_6_20260724_172657.mp3,2026-10-09T22:00:08.013150Z
1291,11336,12,2026-07-24T15:38:29.920000+00:00,https://livetiming.formula1.com/static/2026/2026-07-26_Hungarian_Grand_Prix/2026-07-24_Practice_2/TeamRadio/ANT_12_20260724_173756.mp3,2026-10-09T22:00:08.013150Z
1291,11336,41,2026-07-24T15:50:40.127000+00:00,https://livetiming.formula1.com/static/2026/2026-07-26_Hungarian_Grand_Prix/2026-07-24_Practice_2/TeamRadio/LIN_41_20260724_175028.mp3,2026-10-09T22:00:08.013150Z
1291,11337,63,2026-07-25T10:26:40.693000+00:00,https://livetiming.formula1.com/static/2026/2026-07-26_Hungarian_Grand_Prix/2026-07-25_Practice_3/TeamRadio/RUS_63_20260725_122617.mp3,2026-10-09T22:00:12.511418Z
1291,11337,77,2026-07-25T10:43:25.081000+00:00,https://livetiming.formula1.com/static/2026/2026-07-26_Hungarian_Grand_Prix/2026-07-25_Practice_3/TeamRadio/BOT_77_20260725_124254.mp3,2026-10-09T22:00:12.511418Z
1291,11337,77,2026-07-25T10:48:00.678000+00:00,https://livetiming.formula1.com/static/2026/2026-07-26_Hungarian_Grand_Prix/2026-07-25_Practice_3/TeamRadio/BOT_77_20260725_124737.mp3,2026-10-09T22:00:12.511418Z
1291,11337,11,2026-07-25T10:52:03.517000+00:00,https://livetiming.formula1.com/static/2026/2026-07-26_Hungarian_Grand_Prix/2026-07-25_Practice_3/TeamRadio/PER_11_20260725_125126.mp3,2026-10-09T22:00:12.511418Z
1291,11337,6,2026-07-25T11:03:44.054000+00:00,https://livetiming.formula1.com/static/2026/2026-07-26_Hungarian_Grand_Prix/2026-07-25_Practice_3/TeamRadio/HAD_6_20260725_130333.mp3,2026-10-09T22:00:12.511418Z
1291,11337,6,2026-07-25T11:21:58.639000+00:00,https://livetiming.formula1.com/static/2026/2026-07-26_Hungarian_Grand_Prix/2026-07-25_Practice_3/TeamRadio/HAD_6_20260725_132131.mp3,2026-10-09T22:00:12.511418Z
1291,11337,55,2026-07-25T11:32:07.343000+00:00,https://livetiming.formula1.com/static/2026/2026-07-26_Hungarian_Grand_Prix/2026-07-25_Practice_3/TeamRadio/SAI_55_20260725_133152.mp3,2026-10-09T22:00:12.511418Z
1291,11338,43,2026-07-25T13:55:27.208000+00:00,https://livetiming.formula1.com/static/2026/2026-07-26_Hungarian_Grand_Prix/2026-07-25_Qualifying/TeamRadio/COL_43_20260725_155521.mp3,2026-10-09T22:00:17.186339Z
1291,11338,23,2026-07-25T14:05:04.733000+00:00,https://livetiming.formula1.com/static/2026/2026-07-26_Hungarian_Grand_Prix/2026-07-25_Qualifying/TeamRadio/ALB_23_20260725_160444.mp3,2026-10-09T22:00:17.186339Z
1291,11338,14,2026-07-25T14:19:17+00:00,https://livetiming.formula1.com/static/2026/2026-07-26_Hungarian_Grand_Prix/2026-07-25_Qualifying/TeamRadio/ALO_14_20260725_161846.mp3,2026-10-09T22:00:17.186339Z
1291,11338,23,2026-07-25T14:19:47.786000+00:00,https://livetiming.formula1.com/static/2026/2026-07-26_Hungarian_Grand_Prix/2026-07-25_Qualifying/TeamRadio/ALB_23_20260725_161929.mp3,2026-10-09T22:00:17.186339Z
1291,11338,55,2026-07-25T14:20:18.453000+00:00,https://livetiming.formula1.com/static/2026/2026-07-26_Hungarian_Grand_Prix/2026-07-25_Qualifying/TeamRadio/SAI_55_20260725_161955.mp3,2026-10-09T22:00:17.186339Z
1291,11338,12,2026-07-25T14:32:59.624000+00:00,https://livetiming.formula1.com/static/2026/2026-07-26_Hungarian_Grand_Prix/2026-07-25_Qualifying/TeamRadio/ANT_12_20260725_163217.mp3,2026-10-09T22:00:17.186339Z
1291,11338,6,2026-07-25T14:33:00.115000+00:00,https://livetiming.formula1.com/static/2026/2026-07-26_Hungarian_Grand_Prix/2026-07-25_Qualifying/TeamRadio/HAD_6_20260725_163239.mp3,2026-10-09T22:00:17.186339Z
1291,11338,44,2026-07-25T14:34:31.425000+00:00,https://livetiming.formula1.com/static/2026/2026-07-26_Hungarian_Grand_Prix/2026-07-25_Qualifying/TeamRadio/HAM_44_20260725_163405.mp3,2026-10-09T22:00:17.186339Z
1291,11338,30,2026-07-25T14:40:36.875000+00:00,https://livetiming.formula1.com/static/2026/2026-07-26_Hungarian_Grand_Prix/2026-07-25_Qualifying/TeamRadio/LAW_30_20260725_164017.mp3,2026-10-09T22:00:17.186339Z
1291,11338,31,2026-07-25T14:41:38.002000+00:00,https://livetiming.formula1.com/static/2026/2026-07-26_Hungarian_Grand_Prix/2026-07-25_Qualifying/TeamRadio/OCO_31_20260725_164119.mp3,2026-10-09T22:00:17.186339Z
1291,11338,41,2026-07-25T14:42:10.414000+00:00,https://livetiming.formula1.com/static/2026/2026-07-26_Hungarian_Grand_Prix/2026-07-25_Qualifying/TeamRadio/LIN_41_20260725_164152.mp3,2026-10-09T22:00:17.186339Z
1291,11338,10,2026-07-25T14:42:40.506000+00:00,https://livetiming.formula1.com/static/2026/2026-07-26_Hungarian_Grand_Prix/2026-07-25_Qualifying/TeamRadio/GAS_10_20260725_164210.mp3,2026-10-09T22:00:17.186339Z
1291,11338,1,2026-07-25T15:02:56.068000+00:00,https://livetiming.formula1.com/static/2026/2026-07-26_Hungarian_Grand_Prix/2026-07-25_Qualifying/TeamRadio/NOR_1_20260725_170219.mp3,2026-10-09T22:00:17.186339Z
1291,11338,81,2026-07-25T15:09:42.958000+00:00,https://livetiming.formula1.com/static/2026/2026-07-26_Hungarian_Grand_Prix/2026-07-25_Qualifying/TeamRadio/PIA_81_20260725_171144.mp3,2026-10-09T22:00:17.186339Z
1291,11338,3,2026-07-25T15:09:42.958000+00:00,https://livetiming.formula1.com/static/2026/2026-07-26_Hungarian_Grand_Prix/2026-07-25_Qualifying/TeamRadio/VER_3_20260725_171229.mp3,2026-10-09T22:00:17.186339Z
1291,11338,44,2026-07-25T15:09:42.958000+00:00,https://livetiming.formula1.com/static/2026/2026-07-26_Hungarian_Grand_Prix/2026-07-25_Qualifying/TeamRadio/HAM_44_20260725_171239.mp3,2026-10-09T22:00:17.186339Z
1291,11338,63,2026-07-25T15:09:42.958000+00:00,https://livetiming.formula1.com/static/2026/2026-07-26_Hungarian_Grand_Prix/2026-07-25_Qualifying/TeamRadio/RUS_63_20260725_171310.mp3,2026-10-09T22:00:17.186339Z
1292,11343,81,2026-08-21T10:26:44.204000+00:00,https://livetiming.formula1.com/static/2026/2026-08-23_Dutch_Grand_Prix/2026-08-21_Practice_1/TeamRadio/PIA_81_20260821_122624.mp3,2026-10-09T22:01:06.965832Z
1292,11343,27,2026-08-21T10:32:19.051000+00:00,https://livetiming.formula1.com/static/2026/2026-08-23_Dutch_Grand_Prix/2026-08-21_Practice_1/TeamRadio/HUL_27_20260821_123153.mp3,2026-10-09T22:01:06.965832Z
1292,11343,11,2026-08-21T10:33:50.377000+00:00,https://livetiming.formula1.com/static/2026/2026-08-23_Dutch_Grand_Prix/2026-08-21_Practice_1/TeamRadio/PER_11_20260821_123342.mp3,2026-10-09T22:01:06.965832Z
1292,11343,77,2026-08-21T10:50:36.711000+00:00,https://livetiming.formula1.com/static/2026/2026-08-23_Dutch_Grand_Prix/2026-08-21_Practice_1/TeamRadio/BOT_77_20260821_125020.mp3,2026-10-09T22:01:06.965832Z
1292,11343,3,2026-08-21T10:53:37.920000+00:00,https://livetiming.formula1.com/static/2026/2026-08-23_Dutch_Grand_Prix/2026-08-21_Practice_1/TeamRadio/VER_3_20260821_125321.mp3,2026-10-09T22:01:06.965832Z
1292,11343,12,2026-08-21T10:57:12.725000+00:00,https://livetiming.formula1.com/static/2026/2026-08-23_Dutch_Grand_Prix/2026-08-21_Practice_1/TeamRadio/ANT_12_20260821_125637.mp3,2026-10-09T22:01:06.965832Z
1292,11343,3,2026-08-21T11:15:26.185000+00:00,https://livetiming.formula1.com/static/2026/2026-08-23_Dutch_Grand_Prix/2026-08-21_Practice_1/TeamRadio/VER_3_20260821_131452.mp3,2026-10-09T22:01:06.965832Z
1292,11343,30,2026-08-21T11:29:38.361000+00:00,https://livetiming.formula1.com/static/2026/2026-08-23_Dutch_Grand_Prix/2026-08-21_Practice_1/TeamRadio/LAW_30_20260821_132929.mp3,2026-10-09T22:01:06.965832Z
1292,11344,55,2026-08-21T14:31:11.876000+00:00,https://livetiming.formula1.com/static/2026/2026-08-23_Dutch_Grand_Prix/2026-08-21_Sprint_Qualifying/TeamRadio/SAI_55_20260821_163055.mp3,2026-10-09T22:01:12.070734Z
1292,11344,16,2026-08-21T14:31:41.952000+00:00,https://livetiming.formula1.com/static/2026/2026-08-23_Dutch_Grand_Prix/2026-08-21_Sprint_Qualifying/TeamRadio/LEC_16_20260821_163115.mp3,2026-10-09T22:01:12.070734Z
1292,11344,12,2026-08-21T14:38:48.101000+00:00,https://livetiming.formula1.com/static/2026/2026-08-23_Dutch_Grand_Prix/2026-08-21_Sprint_Qualifying/TeamRadio/ANT_12_20260821_163819.mp3,2026-10-09T22:01:12.070734Z
1292,11344,44,2026-08-21T14:44:54.306000+00:00,https://livetiming.formula1.com/static/2026/2026-08-23_Dutch_Grand_Prix/2026-08-21_Sprint_Qualifying/TeamRadio/HAM_44_20260821_164429.mp3,2026-10-09T22:01:12.070734Z
1292,11344,30,2026-08-21T15:00:36.930000+00:00,https://livetiming.formula1.com/static/2026/2026-08-23_Dutch_Grand_Prix/2026-08-21_Sprint_Qualifying/TeamRadio/LAW_30_20260821_170022.mp3,2026-10-09T22:01:12.070734Z
1292,11344,41,2026-08-21T15:02:07.387000+00:00,https://livetiming.formula1.com/static/2026/2026-08-23_Dutch_Grand_Prix/2026-08-21_Sprint_Qualifying/TeamRadio/LIN_41_20260821_170137.mp3,2026-10-09T22:01:12.070734Z
1292,11344,5,2026-08-21T15:04:09.218000+00:00,https://livetiming.formula1.com/static/2026/2026-08-23_Dutch_Grand_Prix/2026-08-21_Sprint_Qualifying/TeamRadio/BOR_5_20260821_170353.mp3,2026-10-09T22:01:12.070734Z
1292,11344,63,2026-08-21T15:15:19.367000+00:00,https://livetiming.formula1.com/static/2026/2026-08-23_Dutch_Grand_Prix/2026-08-21_Sprint_Qualifying/TeamRadio/RUS_63_20260821_171502.mp3,2026-10-09T22:01:12.070734Z
1292,11344,16,2026-08-21T15:16:50.007000+00:00,https://livetiming.formula1.com/static/2026/2026-08-23_Dutch_Grand_Prix/2026-08-21_Sprint_Qualifying/TeamRadio/LEC_16_20260821_171633.mp3,2026-10-09T22:01:12.070734Z
1292,11344,16,2026-08-21T15:16:50.181000+00:00,https://livetiming.formula1.com/static/2026/2026-08-23_Dutch_Grand_Prix/2026-08-21_Sprint_Qualifying/TeamRadio/LEC_16_20260821_171641.mp3,2026-10-09T22:01:12.070734Z
1292,11344,44,2026-08-21T15:17:20.942000+00:00,https://livetiming.formula1.com/static/2026/2026-08-23_Dutch_Grand_Prix/2026-08-21_Sprint_Qualifying/TeamRadio/HAM_44_20260821_171711.mp3,2026-10-09T22:01:12.070734Z
1292,11344,12,2026-08-21T15:18:16.256000+00:00,https://livetiming.formula1.com/static/2026/2026-08-23_Dutch_Grand_Prix/2026-08-21_Sprint_Qualifying/TeamRadio/ANT_12_20260821_171745.mp3,2026-10-09T22:01:12.070734Z
1292,11344,41,2026-08-21T15:19:50.615000+00:00,https://livetiming.formula1.com/static/2026/2026-08-23_Dutch_Grand_Prix/2026-08-21_Sprint_Qualifying/TeamRadio/LIN_41_20260821_171922.mp3,2026-10-09T22:01:12.070734Z
1292,11344,10,2026-08-21T15:20:10.428000+00:00,https://livetiming.formula1.com/static/2026/2026-08-23_Dutch_Grand_Prix/2026-08-21_Sprint_Qualifying/TeamRadio/GAS_10_20260821_171935.mp3,2026-10-09T22:01:12.070734Z
1292,11348,3,2026-08-22T09:56:38.565000+00:00,https://livetiming.formula1.com/static/2026/2026-08-23_Dutch_Grand_Prix/2026-08-22_Sprint/TeamRadio/VER_3_20260822_113609.mp3,2026-10-09T22:01:17.892580Z
1292,11348,81,2026-08-22T09:57:09.067000+00:00,https://livetiming.formula1.com/static/2026/2026-08-23_Dutch_Grand_Prix/2026-08-22_Sprint/TeamRadio/PIA_81_20260822_115658.mp3,2026-10-09T22:01:17.892580Z
1292,11348,81,2026-08-22T09:58:10.010000+00:00,https://livetiming.formula1.com/static/2026/2026-08-23_Dutch_Grand_Prix/2026-08-22_Sprint/TeamRadio/PIA_81_20260822_115741.mp3,2026-10-09T22:01:17.892580Z
1292,11348,23,2026-08-22T10:00:42.574000+00:00,https://livetiming.formula1.com/static/2026/2026-08-23_Dutch_Grand_Prix/2026-08-22_Sprint/TeamRadio/ALB_23_20260822_120032.mp3,2026-10-09T22:01:17.892580Z
1292,11348,63,2026-08-22T10:34:43.603000+00:00,https://livetiming.formula1.com/static/2026/2026-08-23_Dutch_Grand_Prix/2026-08-22_Sprint/TeamRadio/RUS_63_20260822_123417.mp3,2026-10-09T22:01:17.892580Z
1292,11348,3,2026-08-22T10:35:44.555000+00:00,https://livetiming.formula1.com/static/2026/2026-08-23_Dutch_Grand_Prix/2026-08-22_Sprint/TeamRadio/VER_3_20260822_123535.mp3,2026-10-09T22:01:17.892580Z
1292,11353,87,2026-08-23T12:19:56.920000+00:00,https://livetiming.formula1.com/static/2026/2026-08-23_Dutch_Grand_Prix/2026-08-23_Race/TeamRadio/BEA_87_20260823_141940.mp3,2026-10-09T22:02:08.723821Z
1292,11353,87,2026-08-23T12:20:27.007000+00:00,https://livetiming.formula1.com/static/2026/2026-08-23_Dutch_Grand_Prix/2026-08-23_Race/TeamRadio/BEA_87_20260823_142007.mp3,2026-10-09T22:02:08.723821Z
1292,11353,87,2026-08-23T12:22:28.704000+00:00,https://livetiming.formula1.com/static/2026/2026-08-23_Dutch_Grand_Prix/2026-08-23_Race/TeamRadio/BEA_87_20260823_142210.mp3,2026-10-09T22:02:08.723821Z
1292,11353,12,2026-08-23T12:24:32.690000+00:00,https://livetiming.formula1.com/static/2026/2026-08-23_Dutch_Grand_Prix/2026-08-23_Race/TeamRadio/ANT_12_20260823_142409.mp3,2026-10-09T22:02:08.723821Z
1292,11353,3,2026-08-23T13:06:37.663000+00:00,https://livetiming.formula1.com/static/2026/2026-08-23_Dutch_Grand_Prix/2026-08-23_Race/TeamRadio/VER_3_20260823_150618.mp3,2026-10-09T22:02:08.723821Z
1292,11353,63,2026-08-23T13:34:31.961000+00:00,https://livetiming.formula1.com/static/2026/2026-08-23_Dutch_Grand_Prix/2026-08-23_Race/TeamRadio/RUS_63_20260823_153426.mp3,2026-10-09T22:02:08.723821Z
1292,11353,63,2026-08-23T13:53:19.455000+00:00,https://livetiming.formula1.com/static/2026/2026-08-23_Dutch_Grand_Prix/2026-08-23_Race/TeamRadio/RUS_63_20260823_155249.mp3,2026-10-09T22:02:08.723821Z
1292,11353,1,2026-08-23T13:54:53.193000+00:00,https://livetiming.formula1.com/static/2026/2026-08-23_Dutch_Grand_Prix/2026-08-23_Race/TeamRadio/NOR_1_20260823_155430.mp3,2026-10-09T22:02:08.723821Z
1292,11353,81,2026-08-23T13:56:23.747000+00:00,https://livetiming.formula1.com/static/2026/2026-08-23_Dutch_Grand_Prix/2026-08-23_Race/TeamRadio/PIA_81_20260823_155551.mp3,2026-10-09T22:02:08.723821Z
1292,11353,81,2026-08-23T14:00:29.285000+00:00,https://livetiming.formula1.com/static/2026/2026-08-23_Dutch_Grand_Prix/2026-08-23_Race/TeamRadio/PIA_81_20260823_160002.mp3,2026-10-09T22:02:08.723821Z
1292,11353,27,2026-08-23T14:09:47.476000+00:00,https://livetiming.formula1.com/static/2026/2026-08-23_Dutch_Grand_Prix/2026-08-23_Race/TeamRadio/HUL_27_20260823_160940.mp3,2026-10-09T22:02:08.723821Z
1292,11353,18,2026-08-23T14:10:48.840000+00:00,https://livetiming.formula1.com/static/2026/2026-08-23_Dutch_Grand_Prix/2026-08-23_Race/TeamRadio/STR_18_20260823_161020.mp3,2026-10-09T22:02:08.723821Z
1292,11353,44,2026-08-23T14:28:06.322000+00:00,https://livetiming.formula1.com/static/2026/2026-08-23_Dutch_Grand_Prix/2026-08-23_Race/TeamRadio/HAM_44_20260823_162733.mp3,2026-10-09T22:02:08.723821Z
1292,11353,16,2026-08-23T14:28:39.102000+00:00,https://livetiming.formula1.com/static/2026/2026-08-23_Dutch_Grand_Prix/2026-08-23_Race/TeamRadio/LEC_16_20260823_162824.mp3,2026-10-09T22:02:08.723821Z
1292,11353,44,2026-08-23T14:31:10.057000+00:00,https://livetiming.formula1.com/static/2026/2026-08-23_Dutch_Grand_Prix/2026-08-23_Race/TeamRadio/HAM_44_20260823_163049.mp3,2026-10-09T22:02:08.723821Z
1292,11353,44,2026-08-23T14:38:48.522000+00:00,https://livetiming.formula1.com/static/2026/2026-08-23_Dutch_Grand_Prix/2026-08-23_Race/TeamRadio/HAM_44_20260823_163802.mp3,2026-10-09T22:02:08.723821Z
1292,11353,12,2026-08-23T14:40:20.997000+00:00,https://livetiming.formula1.com/static/2026/2026-08-23_Dutch_Grand_Prix/2026-08-23_Race/TeamRadio/ANT_12_20260823_164008.mp3,2026-10-09T22:02:08.723821Z
1292,11353,44,2026-08-23T14:45:26.907000+00:00,https://livetiming.formula1.com/static/2026/2026-08-23_Dutch_Grand_Prix/2026-08-23_Race/TeamRadio/HAM_44_20260823_164514.mp3,2026-10-09T22:02:08.723821Z
1292,11353,1,2026-08-23T14:48:59.467000+00:00,https://livetiming.formula1.com/static/2026/2026-08-23_Dutch_Grand_Prix/2026-08-23_Race/TeamRadio/NOR_1_20260823_164826.mp3,2026-10-09T22:02:08.723821Z
1292,11353,63,2026-08-23T14:50:32.796000+00:00,https://livetiming.formula1.com/static/2026/2026-08-23_Dutch_Grand_Prix/2026-08-23_Race/TeamRadio/RUS_63_20260823_165007.mp3,2026-10-09T22:02:08.723821Z
1292,11353,63,2026-08-23T14:58:49.222000+00:00,https://livetiming.formula1.com/static/2026/2026-08-23_Dutch_Grand_Prix/2026-08-23_Race/TeamRadio/RUS_63_20260823_165834.mp3,2026-10-09T22:02:08.723821Z
1292,11353,63,2026-08-23T14:59:19.679000+00:00,https://livetiming.formula1.com/static/2026/2026-08-23_Dutch_Grand_Prix/2026-08-23_Race/TeamRadio/RUS_63_20260823_165856.mp3,2026-10-09T22:02:08.723821Z
1292,11353,63,2026-08-23T15:00:21.059000+00:00,https://livetiming.formula1.com/static/2026/2026-08-23_Dutch_Grand_Prix/2026-08-23_Race/TeamRadio/RUS_63_20260823_165945.mp3,2026-10-09T22:02:08.723821Z
1292,11353,1,2026-08-23T15:10:01.500000+00:00,https://livetiming.formula1.com/static/2026/2026-08-23_Dutch_Grand_Prix/2026-08-23_Race/TeamRadio/NOR_1_20260823_170926.mp3,2026-10-09T22:02:08.723821Z
1292,11353,12,2026-08-23T15:11:02.264000+00:00,https://livetiming.formula1.com/static/2026/2026-08-23_Dutch_Grand_Prix/2026-08-23_Race/TeamRadio/ANT_12_20260823_171019.mp3,2026-10-09T22:02:08.723821Z
1292,11353,14,2026-08-23T15:14:05.007000+00:00,https://livetiming.formula1.com/static/2026/2026-08-23_Dutch_Grand_Prix/2026-08-23_Race/TeamRadio/ALO_14_20260823_171354.mp3,2026-10-09T22:02:08.723821Z
1292,11353,14,2026-08-23T15:14:37.283000+00:00,https://livetiming.formula1.com/static/2026/2026-08-23_Dutch_Grand_Prix/2026-08-23_Race/TeamRadio/ALO_14_20260823_171406.mp3,2026-10-09T22:02:08.723821Z
1292,11353,44,2026-08-23T15:14:37.283000+00:00,https://livetiming.formula1.com/static/2026/2026-08-23_Dutch_Grand_Prix/2026-08-23_Race/TeamRadio/HAM_44_20260823_171415.mp3,2026-10-09T22:02:08.723821Z
1292,11353,14,2026-08-23T15:15:07.377000+00:00,https://livetiming.formula1.com/static/2026/2026-08-23_Dutch_Grand_Prix/2026-08-23_Race/TeamRadio/ALO_14_20260823_171447.mp3,2026-10-09T22:02:08.723821Z
1292,11353,63,2026-08-23T15:15:07.377000+00:00,https://livetiming.formula1.com/static/2026/2026-08-23_Dutch_Grand_Prix/2026-08-23_Race/TeamRadio/RUS_63_20260823_171451.mp3,2026-10-09T22:02:08.723821Z
1292,11353,5,2026-08-23T15:20:40.065000+00:00,https://livetiming.formula1.com/static/2026/2026-08-23_Dutch_Grand_Prix/2026-08-23_Race/TeamRadio/BOR_5_20260823_171734.mp3,2026-10-09T22:02:08.723821Z
1293,11354,14,2026-09-04T10:25:40.009000+00:00,https://livetiming.formula1.com/static/2026/2026-09-06_Italian_Grand_Prix/2026-09-04_Practice_1/TeamRadio/ALO_14_20260904_122517.mp3,2026-10-09T22:02:13.190788Z
1293,11354,36,2026-09-04T10:36:20.325000+00:00,https://livetiming.formula1.com/static/2026/2026-09-06_Italian_Grand_Prix/2026-09-04_Practice_1/TeamRadio/IWA_36_20260904_123548.mp3,2026-10-09T22:02:13.190788Z
1293,11354,55,2026-09-04T10:38:51.182000+00:00,https://livetiming.formula1.com/static/2026/2026-09-06_Italian_Grand_Prix/2026-09-04_Practice_1/TeamRadio/SAI_55_20260904_123837.mp3,2026-10-09T22:02:13.190788Z
1293,11354,25,2026-09-04T10:50:00.473000+00:00,https://livetiming.formula1.com/static/2026/2026-09-06_Italian_Grand_Prix/2026-09-04_Practice_1/TeamRadio/HER_25_20260904_124929.mp3,2026-10-09T22:02:13.190788Z
1293,11354,46,2026-09-04T10:51:03.022000+00:00,https://livetiming.formula1.com/static/2026/2026-09-06_Italian_Grand_Prix/2026-09-04_Practice_1/TeamRadio/BRO_46_20260904_125038.mp3,2026-10-09T22:02:13.190788Z
1293,11354,36,2026-09-04T11:04:11.846000+00:00,https://livetiming.formula1.com/static/2026/2026-09-06_Italian_Grand_Prix/2026-09-04_Practice_1/TeamRadio/IWA_36_20260904_130400.mp3,2026-10-09T22:02:13.190788Z
1293,11354,22,2026-09-04T11:08:45.916000+00:00,https://livetiming.formula1.com/static/2026/2026-09-06_Italian_Grand_Prix/2026-09-04_Practice_1/TeamRadio/TSU_22_20260904_130837.mp3,2026-10-09T22:02:13.190788Z
1293,11356,10,2026-09-05T10:26:41.663000+00:00,https://livetiming.formula1.com/static/2026/2026-09-06_Italian_Grand_Prix/2026-09-05_Practice_3/TeamRadio/GAS_10_20260905_122622.mp3,2026-10-09T22:03:04.651024Z
1293,11356,23,2026-09-05T10:34:48.224000+00:00,https://livetiming.formula1.com/static/2026/2026-09-06_Italian_Grand_Prix/2026-09-05_Practice_3/TeamRadio/ALB_23_20260905_123431.mp3,2026-10-09T22:03:04.651024Z
1293,11356,77,2026-09-05T10:49:30.320000+00:00,https://livetiming.formula1.com/static/2026/2026-09-06_Italian_Grand_Prix/2026-09-05_Practice_3/TeamRadio/BOT_77_20260905_124920.mp3,2026-10-09T22:03:04.651024Z
1293,11356,22,2026-09-05T10:49:30.320000+00:00,https://livetiming.formula1.com/static/2026/2026-09-06_Italian_Grand_Prix/2026-09-05_Practice_3/TeamRadio/TSU_22_20260905_124921.mp3,2026-10-09T22:03:04.651024Z
1293,11356,30,2026-09-05T10:52:34.976000+00:00,https://livetiming.formula1.com/static/2026/2026-09-06_Italian_Grand_Prix/2026-09-05_Practice_3/TeamRadio/LAW_30_20260905_125225.mp3,2026-10-09T22:03:04.651024Z
1293,11356,81,2026-09-05T10:55:35.996000+00:00,https://livetiming.formula1.com/static/2026/2026-09-06_Italian_Grand_Prix/2026-09-05_Practice_3/TeamRadio/PIA_81_20260905_125525.mp3,2026-10-09T22:03:04.651024Z
1293,11356,3,2026-09-05T10:59:10.934000+00:00,https://livetiming.formula1.com/static/2026/2026-09-06_Italian_Grand_Prix/2026-09-05_Practice_3/TeamRadio/VER_3_20260905_125848.mp3,2026-10-09T22:03:04.651024Z
1293,11356,81,2026-09-05T11:00:11.078000+00:00,https://livetiming.formula1.com/static/2026/2026-09-06_Italian_Grand_Prix/2026-09-05_Practice_3/TeamRadio/PIA_81_20260905_125937.mp3,2026-10-09T22:03:04.651024Z
1293,11356,63,2026-09-05T11:08:47.470000+00:00,https://livetiming.formula1.com/static/2026/2026-09-06_Italian_Grand_Prix/2026-09-05_Practice_3/TeamRadio/RUS_63_20260905_130832.mp3,2026-10-09T22:03:04.651024Z
1293,11356,44,2026-09-05T11:10:49.251000+00:00,https://livetiming.formula1.com/static/2026/2026-09-06_Italian_Grand_Prix/2026-09-05_Practice_3/TeamRadio/HAM_44_20260905_131029.mp3,2026-10-09T22:03:04.651024Z
1293,11356,3,2026-09-05T11:22:29.815000+00:00,https://livetiming.formula1.com/static/2026/2026-09-06_Italian_Grand_Prix/2026-09-05_Practice_3/TeamRadio/VER_3_20260905_132202.mp3,2026-10-09T22:03:04.651024Z
1293,11356,3,2026-09-05T11:26:32.085000+00:00,https://livetiming.formula1.com/static/2026/2026-09-06_Italian_Grand_Prix/2026-09-05_Practice_3/TeamRadio/VER_3_20260905_132603.mp3,2026-10-09T22:03:04.651024Z
1293,11356,3,2026-09-05T11:32:06.838000+00:00,https://livetiming.formula1.com/static/2026/2026-09-06_Italian_Grand_Prix/2026-09-05_Practice_3/TeamRadio/VER_3_20260905_133147.mp3,2026-10-09T22:03:04.651024Z
1293,11356,44,2026-09-05T11:32:37.595000+00:00,https://livetiming.formula1.com/static/2026/2026-09-06_Italian_Grand_Prix/2026-09-05_Practice_3/TeamRadio/HAM_44_20260905_133152.mp3,2026-10-09T22:03:04.651024Z
1293,11357,23,2026-09-05T13:55:44.003000+00:00,https://livetiming.formula1.com/static/2026/2026-09-06_Italian_Grand_Prix/2026-09-05_Qualifying/TeamRadio/ALB_23_20260905_155520.mp3,2026-10-09T22:03:09.283190Z
1293,11357,23,2026-09-05T14:20:04.058000+00:00,https://livetiming.formula1.com/static/2026/2026-09-06_Italian_Grand_Prix/2026-09-05_Qualifying/TeamRadio/ALB_23_20260905_161940.mp3,2026-10-09T22:03:09.283190Z
1293,11357,1,2026-09-05T14:21:35.690000+00:00,https://livetiming.formula1.com/static/2026/2026-09-06_Italian_Grand_Prix/2026-09-05_Qualifying/TeamRadio/NOR_1_20260905_162118.mp3,2026-10-09T22:03:09.283190Z
1293,11357,3,2026-09-05T14:29:44.261000+00:00,https://livetiming.formula1.com/static/2026/2026-09-06_Italian_Grand_Prix/2026-09-05_Qualifying/TeamRadio/VER_3_20260905_162925.mp3,2026-10-09T22:03:09.283190Z
1293,11357,12,2026-09-05T14:34:16.518000+00:00,https://livetiming.formula1.com/static/2026/2026-09-06_Italian_Grand_Prix/2026-09-05_Qualifying/TeamRadio/ANT_12_20260905_163341.mp3,2026-10-09T22:03:09.283190Z
1293,11357,30,2026-09-05T14:41:22.379000+00:00,https://livetiming.formula1.com/static/2026/2026-09-06_Italian_Grand_Prix/2026-09-05_Qualifying/TeamRadio/LAW_30_20260905_164111.mp3,2026-10-09T22:03:09.283190Z
1293,11357,44,2026-09-05T14:41:53.133000+00:00,https://livetiming.formula1.com/static/2026/2026-09-06_Italian_Grand_Prix/2026-09-05_Qualifying/TeamRadio/HAM_44_20260905_164144.mp3,2026-10-09T22:03:09.283190Z
1293,11357,30,2026-09-05T14:42:23.586000+00:00,https://livetiming.formula1.com/static/2026/2026-09-06_Italian_Grand_Prix/2026-09-05_Qualifying/TeamRadio/LAW_30_20260905_164208.mp3,2026-10-09T22:03:09.283190Z
1293,11357,30,2026-09-05T14:42:54.099000+00:00,https://livetiming.formula1.com/static/2026/2026-09-06_Italian_Grand_Prix/2026-09-05_Qualifying/TeamRadio/LAW_30_20260905_164217.mp3,2026-10-09T22:03:09.283190Z
1293,11357,63,2026-09-05T14:52:03.035000+00:00,https://livetiming.formula1.com/static/2026/2026-09-06_Italian_Grand_Prix/2026-09-05_Qualifying/TeamRadio/RUS_63_20260905_165122.mp3,2026-10-09T22:03:09.283190Z
1293,11357,10,2026-09-05T15:02:09.833000+00:00,https://livetiming.formula1.com/static/2026/2026-09-06_Italian_Grand_Prix/2026-09-05_Qualifying/TeamRadio/GAS_10_20260905_170148.mp3,2026-10-09T22:03:09.283190Z
1293,11357,63,2026-09-05T15:03:10.840000+00:00,https://livetiming.formula1.com/static/2026/2026-09-06_Italian_Grand_Prix/2026-09-05_Qualifying/TeamRadio/RUS_63_20260905_170229.mp3,2026-10-09T22:03:09.283190Z
1293,11357,10,2026-09-05T15:03:33.664000+00:00,https://livetiming.formula1.com/static/2026/2026-09-06_Italian_Grand_Prix/2026-09-05_Qualifying/TeamRadio/GAS_10_20260905_170300.mp3,2026-10-09T22:03:09.283190Z
1293,11361,31,2026-09-06T12:55:17.305000+00:00,https://livetiming.formula1.com/static/2026/2026-09-06_Italian_Grand_Prix/2026-09-06_Race/TeamRadio/OCO_31_20260906_145513.mp3,2026-10-09T22:03:15.993999Z
1293,11361,16,2026-09-06T12:55:17.452000+00:00,https://livetiming.formula1.com/static/2026/2026-09-06_Italian_Grand_Prix/2026-09-06_Race/TeamRadio/LEC_16_20260906_145515.mp3,2026-10-09T22:03:15.993999Z
1293,11361,12,2026-09-06T14:11:53.420000+00:00,https://livetiming.formula1.com/static/2026/2026-09-06_Italian_Grand_Prix/2026-09-06_Race/TeamRadio/ANT_12_20260906_161105.mp3,2026-10-09T22:03:15.993999Z
1293,11361,12,2026-09-06T14:13:24.043000+00:00,https://livetiming.formula1.com/static/2026/2026-09-06_Italian_Grand_Prix/2026-09-06_Race/TeamRadio/ANT_12_20260906_161237.mp3,2026-10-09T22:03:15.993999Z
1293,11361,63,2026-09-06T14:21:30.778000+00:00,https://livetiming.formula1.com/static/2026/2026-09-06_Italian_Grand_Prix/2026-09-06_Race/TeamRadio/RUS_63_20260906_162110.mp3,2026-10-09T22:03:15.993999Z
1293,11361,63,2026-09-06T14:28:06.385000+00:00,https://livetiming.formula1.com/static/2026/2026-09-06_Italian_Grand_Prix/2026-09-06_Race/TeamRadio/RUS_63_20260906_162729.mp3,2026-10-09T22:03:15.993999Z
1293,11361,44,2026-09-06T14:29:38.115000+00:00,https://livetiming.formula1.com/static/2026/2026-09-06_Italian_Grand_Prix/2026-09-06_Race/TeamRadio/HAM_44_20260906_162918.mp3,2026-10-09T22:03:15.993999Z
1293,11361,81,2026-09-06T14:32:42.765000+00:00,https://livetiming.formula1.com/static/2026/2026-09-06_Italian_Grand_Prix/2026-09-06_Race/TeamRadio/PIA_81_20260906_163230.mp3,2026-10-09T22:03:15.993999Z
1293,11361,63,2026-09-06T14:34:44.719000+00:00,https://livetiming.formula1.com/static/2026/2026-09-06_Italian_Grand_Prix/2026-09-06_Race/TeamRadio/RUS_63_20260906_163422.mp3,2026-10-09T22:03:15.993999Z
1293,11361,63,2026-09-06T14:44:23.860000+00:00,https://livetiming.formula1.com/static/2026/2026-09-06_Italian_Grand_Prix/2026-09-06_Race/TeamRadio/RUS_63_20260906_164342.mp3,2026-10-09T22:03:15.993999Z
1293,11361,12,2026-09-06T14:48:59.540000+00:00,https://livetiming.formula1.com/static/2026/2026-09-06_Italian_Grand_Prix/2026-09-06_Race/TeamRadio/ANT_12_20260906_164824.mp3,2026-10-09T22:03:15.993999Z
1293,11361,63,2026-09-06T14:49:59.728000+00:00,https://livetiming.formula1.com/static/2026/2026-09-06_Italian_Grand_Prix/2026-09-06_Race/TeamRadio/RUS_63_20260906_164942.mp3,2026-10-09T22:03:15.993999Z
1293,11361,12,2026-09-06T14:50:59.892000+00:00,https://livetiming.formula1.com/static/2026/2026-09-06_Italian_Grand_Prix/2026-09-06_Race/TeamRadio/ANT_12_20260906_165039.mp3,2026-10-09T22:03:15.993999Z
1293,11361,1,2026-09-06T14:52:01.034000+00:00,https://livetiming.formula1.com/static/2026/2026-09-06_Italian_Grand_Prix/2026-09-06_Race/TeamRadio/NOR_1_20260906_165131.mp3,2026-10-09T22:03:15.993999Z
1293,11361,81,2026-09-06T14:53:02.192000+00:00,https://livetiming.formula1.com/static/2026/2026-09-06_Italian_Grand_Prix/2026-09-06_Race/TeamRadio/PIA_81_20260906_165250.mp3,2026-10-09T22:03:15.993999Z
1293,11361,12,2026-09-06T14:56:05.809000+00:00,https://livetiming.formula1.com/static/2026/2026-09-06_Italian_Grand_Prix/2026-09-06_Race/TeamRadio/ANT_12_20260906_165522.mp3,2026-10-09T22:03:15.993999Z
1293,11361,12,2026-09-06T14:57:06.372000+00:00,https://livetiming.formula1.com/static/2026/2026-09-06_Italian_Grand_Prix/2026-09-06_Race/TeamRadio/ANT_12_20260906_165623.mp3,2026-10-09T22:03:15.993999Z
1293,11361,12,2026-09-06T14:57:37.075000+00:00,https://livetiming.formula1.com/static/2026/2026-09-06_Italian_Grand_Prix/2026-09-06_Race/TeamRadio/ANT_12_20260906_165721.mp3,2026-10-09T22:03:15.993999Z
1293,11361,12,2026-09-06T15:00:11.505000+00:00,https://livetiming.formula1.com/static/2026/2026-09-06_Italian_Grand_Prix/2026-09-06_Race/TeamRadio/ANT_12_20260906_165936.mp3,2026-10-09T22:03:15.993999Z
1293,11361,63,2026-09-06T15:00:11.505000+00:00,https://livetiming.formula1.com/static/2026/2026-09-06_Italian_Grand_Prix/2026-09-06_Race/TeamRadio/RUS_63_20260906_165937.mp3,2026-10-09T22:03:15.993999Z
1293,11361,1,2026-09-06T15:01:54.371000+00:00,https://livetiming.formula1.com/static/2026/2026-09-06_Italian_Grand_Prix/2026-09-06_Race/TeamRadio/NOR_1_20260906_171033.mp3,2026-10-09T22:03:15.993999Z
1293,11361,3,2026-09-06T15:01:54.371000+00:00,https://livetiming.formula1.com/static/2026/2026-09-06_Italian_Grand_Prix/2026-09-06_Race/TeamRadio/VER_3_20260906_171046.mp3,2026-10-09T22:03:15.993999Z
1293,11361,30,2026-09-06T15:01:54.371000+00:00,https://livetiming.formula1.com/static/2026/2026-09-06_Italian_Grand_Prix/2026-09-06_Race/TeamRadio/LAW_30_20260906_171110.mp3,2026-10-09T22:03:15.993999Z
1293,11361,44,2026-09-06T15:01:54.371000+00:00,https://livetiming.formula1.com/static/2026/2026-09-06_Italian_Grand_Prix/2026-09-06_Race/TeamRadio/HAM_44_20260906_171131.mp3,2026-10-09T22:03:15.993999Z
1294,11363,10,2026-09-11T14:56:20.066000+00:00,https://livetiming.formula1.com/static/2026/2026-09-13_Spanish_Grand_Prix/2026-09-11_Practice_2/TeamRadio/GAS_10_20260911_165549.mp3,2026-10-09T22:04:06.450771Z
1294,11363,1,2026-09-11T15:05:57.709000+00:00,https://livetiming.formula1.com/static/2026/2026-09-13_Spanish_Grand_Prix/2026-09-11_Practice_2/TeamRadio/NOR_1_20260911_170525.mp3,2026-10-09T22:04:06.450771Z
1294,11363,12,2026-09-11T15:14:07.776000+00:00,https://livetiming.formula1.com/static/2026/2026-09-13_Spanish_Grand_Prix/2026-09-11_Practice_2/TeamRadio/ANT_12_20260911_171354.mp3,2026-10-09T22:04:06.450771Z
1294,11363,44,2026-09-11T15:16:38.563000+00:00,https://livetiming.formula1.com/static/2026/2026-09-13_Spanish_Grand_Prix/2026-09-11_Practice_2/TeamRadio/HAM_44_20260911_171631.mp3,2026-10-09T22:04:06.450771Z
1294,11363,12,2026-09-11T15:20:11.269000+00:00,https://livetiming.formula1.com/static/2026/2026-09-13_Spanish_Grand_Prix/2026-09-11_Practice_2/TeamRadio/ANT_12_20260911_171935.mp3,2026-10-09T22:04:06.450771Z
1294,11363,30,2026-09-11T15:29:20.439000+00:00,https://livetiming.formula1.com/static/2026/2026-09-13_Spanish_Grand_Prix/2026-09-11_Practice_2/TeamRadio/LAW_30_20260911_172901.mp3,2026-10-09T22:04:06.450771Z
1294,11363,44,2026-09-11T15:30:20.606000+00:00,https://livetiming.formula1.com/static/2026/2026-09-13_Spanish_Grand_Prix/2026-09-11_Practice_2/TeamRadio/HAM_44_20260911_173014.mp3,2026-10-09T22:04:06.450771Z
1294,11363,41,2026-09-11T15:31:20.794000+00:00,https://livetiming.formula1.com/static/2026/2026-09-13_Spanish_Grand_Prix/2026-09-11_Practice_2/TeamRadio/LIN_41_20260911_173101.mp3,2026-10-09T22:04:06.450771Z
1294,11363,22,2026-09-11T15:32:21.789000+00:00,https://livetiming.formula1.com/static/2026/2026-09-13_Spanish_Grand_Prix/2026-09-11_Practice_2/TeamRadio/TSU_22_20260911_173204.mp3,2026-10-09T22:04:06.450771Z
1294,11363,63,2026-09-11T15:35:24.233000+00:00,https://livetiming.formula1.com/static/2026/2026-09-13_Spanish_Grand_Prix/2026-09-11_Practice_2/TeamRadio/RUS_63_20260911_173505.mp3,2026-10-09T22:04:06.450771Z
1294,11363,41,2026-09-11T15:36:56.785000+00:00,https://livetiming.formula1.com/static/2026/2026-09-13_Spanish_Grand_Prix/2026-09-11_Practice_2/TeamRadio/LIN_41_20260911_173619.mp3,2026-10-09T22:04:06.450771Z
1294,11363,30,2026-09-11T15:38:27.033000+00:00,https://livetiming.formula1.com/static/2026/2026-09-13_Spanish_Grand_Prix/2026-09-11_Practice_2/TeamRadio/LAW_30_20260911_173758.mp3,2026-10-09T22:04:06.450771Z
1294,11363,41,2026-09-11T15:40:29.074000+00:00,https://livetiming.formula1.com/static/2026/2026-09-13_Spanish_Grand_Prix/2026-09-11_Practice_2/TeamRadio/LIN_41_20260911_173956.mp3,2026-10-09T22:04:06.450771Z
1294,11363,3,2026-09-11T15:49:36.498000+00:00,https://livetiming.formula1.com/static/2026/2026-09-13_Spanish_Grand_Prix/2026-09-11_Practice_2/TeamRadio/VER_3_20260911_174915.mp3,2026-10-09T22:04:06.450771Z
1294,11363,18,2026-09-11T15:58:45.508000+00:00,https://livetiming.formula1.com/static/2026/2026-09-13_Spanish_Grand_Prix/2026-09-11_Practice_2/TeamRadio/STR_18_20260911_175823.mp3,2026-10-09T22:04:06.450771Z
1294,11363,87,2026-09-11T16:02:47.032000+00:00,https://livetiming.formula1.com/static/2026/2026-09-13_Spanish_Grand_Prix/2026-09-11_Practice_2/TeamRadio/BEA_87_20260911_180225.mp3,2026-10-09T22:04:06.450771Z
1294,11363,87,2026-09-11T16:02:47.358000+00:00,https://livetiming.formula1.com/static/2026/2026-09-13_Spanish_Grand_Prix/2026-09-11_Practice_2/TeamRadio/BEA_87_20260911_180236.mp3,2026-10-09T22:04:06.450771Z
1294,11364,30,2026-09-12T10:28:04.109000+00:00,https://livetiming.formula1.com/static/2026/2026-09-13_Spanish_Grand_Prix/2026-09-12_Practice_3/TeamRadio/LAW_30_20260912_122755.mp3,2026-10-09T22:04:10.938593Z
1294,11364,23,2026-09-12T10:42:15.872000+00:00,https://livetiming.formula1.com/static/2026/2026-09-13_Spanish_Grand_Prix/2026-09-12_Practice_3/TeamRadio/ALB_23_20260912_124150.mp3,2026-10-09T22:04:10.938593Z
1294,11364,44,2026-09-12T10:54:27.346000+00:00,https://livetiming.formula1.com/static/2026/2026-09-13_Spanish_Grand_Prix/2026-09-12_Practice_3/TeamRadio/HAM_44_20260912_125356.mp3,2026-10-09T22:04:10.938593Z
1294,11364,44,2026-09-12T10:55:57.597000+00:00,https://livetiming.formula1.com/static/2026/2026-09-13_Spanish_Grand_Prix/2026-09-12_Practice_3/TeamRadio/HAM_44_20260912_125524.mp3,2026-10-09T22:04:10.938593Z
1294,11364,10,2026-09-12T11:44:36.137000+00:00,https://livetiming.formula1.com/static/2026/2026-09-13_Spanish_Grand_Prix/2026-09-12_Practice_3/TeamRadio/GAS_10_20260912_134406.mp3,2026-10-09T22:04:10.938593Z
1294,11364,87,2026-09-12T11:49:11.282000+00:00,https://livetiming.formula1.com/static/2026/2026-09-13_Spanish_Grand_Prix/2026-09-12_Practice_3/TeamRadio/BEA_87_20260912_134830.mp3,2026-10-09T22:04:10.938593Z
1294,11365,55,2026-09-12T13:55:11.237000+00:00,https://livetiming.formula1.com/static/2026/2026-09-13_Spanish_Grand_Prix/2026-09-12_Qualifying/TeamRadio/SAI_55_20260912_155503.mp3,2026-10-09T22:04:15.430514Z
1294,11365,63,2026-09-12T14:13:25.385000+00:00,https://livetiming.formula1.com/static/2026/2026-09-13_Spanish_Grand_Prix/2026-09-12_Qualifying/TeamRadio/RUS_63_20260912_161314.mp3,2026-10-09T22:04:15.430514Z
1294,11365,63,2026-09-12T14:14:26.555000+00:00,https://livetiming.formula1.com/static/2026/2026-09-13_Spanish_Grand_Prix/2026-09-12_Qualifying/TeamRadio/RUS_63_20260912_161421.mp3,2026-10-09T22:04:15.430514Z
1294,11365,11,2026-09-12T14:20:31.757000+00:00,https://livetiming.formula1.com/static/2026/2026-09-13_Spanish_Grand_Prix/2026-09-12_Qualifying/TeamRadio/PER_11_20260912_162005.mp3,2026-10-09T22:04:15.430514Z
1294,11365,23,2026-09-12T14:21:32.914000+00:00,https://livetiming.formula1.com/static/2026/2026-09-13_Spanish_Grand_Prix/2026-09-12_Qualifying/TeamRadio/ALB_23_20260912_162107.mp3,2026-10-09T22:04:15.430514Z
1294,11365,10,2026-09-12T14:41:49.354000+00:00,https://livetiming.formula1.com/static/2026/2026-09-13_Spanish_Grand_Prix/2026-09-12_Qualifying/TeamRadio/GAS_10_20260912_164108.mp3,2026-10-09T22:04:15.430514Z
1294,11365,43,2026-09-12T14:44:21.674000+00:00,https://livetiming.formula1.com/static/2026/2026-09-13_Spanish_Grand_Prix/2026-09-12_Qualifying/TeamRadio/COL_43_20260912_164352.mp3,2026-10-09T22:04:15.430514Z
1294,11365,27,2026-09-12T14:44:52.415000+00:00,https://livetiming.formula1.com/static/2026/2026-09-13_Spanish_Grand_Prix/2026-09-12_Qualifying/TeamRadio/HUL_27_20260912_164424.mp3,2026-10-09T22:04:15.430514Z
1294,11365,27,2026-09-12T14:44:54.398000+00:00,https://livetiming.formula1.com/static/2026/2026-09-13_Spanish_Grand_Prix/2026-09-12_Qualifying/TeamRadio/HUL_27_20260912_164428.mp3,2026-10-09T22:04:15.430514Z
1294,11365,31,2026-09-12T14:44:54.398000+00:00,https://livetiming.formula1.com/static/2026/2026-09-13_Spanish_Grand_Prix/2026-09-12_Qualifying/TeamRadio/OCO_31_20260912_164430.mp3,2026-10-09T22:04:15.430514Z
1294,11365,23,2026-09-12T14:44:54.398000+00:00,https://livetiming.formula1.com/static/2026/2026-09-13_Spanish_Grand_Prix/2026-09-12_Qualifying/TeamRadio/ALB_23_20260912_164440.mp3,2026-10-09T22:04:15.430514Z
1294,11365,1,2026-09-12T15:02:07.197000+00:00,https://livetiming.formula1.com/static/2026/2026-09-13_Spanish_Grand_Prix/2026-09-12_Qualifying/TeamRadio/NOR_1_20260912_170124.mp3,2026-10-09T22:04:15.430514Z
1294,11365,1,2026-09-12T15:02:37.270000+00:00,https://livetiming.formula1.com/static/2026/2026-09-13_Spanish_Grand_Prix/2026-09-12_Qualifying/TeamRadio/NOR_1_20260912_170220.mp3,2026-10-09T22:04:15.430514Z
1294,11365,12,2026-09-12T15:03:38.355000+00:00,https://livetiming.formula1.com/static/2026/2026-09-13_Spanish_Grand_Prix/2026-09-12_Qualifying/TeamRadio/ANT_12_20260912_170252.mp3,2026-10-09T22:04:15.430514Z
1294,11365,3,2026-09-12T15:04:09.020000+00:00,https://livetiming.formula1.com/static/2026/2026-09-13_Spanish_Grand_Prix/2026-09-12_Qualifying/TeamRadio/VER_3_20260912_170341.mp3,2026-10-09T22:04:15.430514Z
1295,11370,3,2026-09-24T08:28:51.552000+00:00,https://livetiming.formula1.com/static/2026/2026-09-26_Azerbaijan_Grand_Prix/2026-09-24_Practice_1/TeamRadio/VER_3_20260924_122834.mp3,2026-10-09T22:05:07.340233Z
1295,11370,6,2026-09-24T08:32:23.935000+00:00,https://livetiming.formula1.com/static/2026/2026-09-26_Azerbaijan_Grand_Prix/2026-09-24_Practice_1/TeamRadio/HAD_6_20260924_123146.mp3,2026-10-09T22:05:07.340233Z
1295,11370,81,2026-09-24T08:33:25.112000+00:00,https://livetiming.formula1.com/static/2026/2026-09-26_Azerbaijan_Grand_Prix/2026-09-24_Practice_1/TeamRadio/PIA_81_20260924_123303.mp3,2026-10-09T22:05:07.340233Z
1295,11370,31,2026-09-24T08:35:28.223000+00:00,https://livetiming.formula1.com/static/2026/2026-09-26_Azerbaijan_Grand_Prix/2026-09-24_Practice_1/TeamRadio/OCO_31_20260924_123515.mp3,2026-10-09T22:05:07.340233Z
1295,11370,3,2026-09-24T08:36:28.452000+00:00,https://livetiming.formula1.com/static/2026/2026-09-26_Azerbaijan_Grand_Prix/2026-09-24_Practice_1/TeamRadio/VER_3_20260924_123602.mp3,2026-10-09T22:05:07.340233Z
1295,11370,55,2026-09-24T08:47:07.649000+00:00,https://livetiming.formula1.com/static/2026/2026-09-26_Azerbaijan_Grand_Prix/2026-09-24_Practice_1/TeamRadio/SAI_55_20260924_124643.mp3,2026-10-09T22:05:07.340233Z
1295,11370,6,2026-09-24T08:47:38.589000+00:00,https://livetiming.formula1.com/static/2026/2026-09-26_Azerbaijan_Grand_Prix/2026-09-24_Practice_1/TeamRadio/HAD_6_20260924_124716.mp3,2026-10-09T22:05:07.340233Z
1295,11370,63,2026-09-24T08:50:11.901000+00:00,https://livetiming.formula1.com/static/2026/2026-09-26_Azerbaijan_Grand_Prix/2026-09-24_Practice_1/TeamRadio/RUS_63_20260924_124938.mp3,2026-10-09T22:05:07.340233Z
1295,11370,41,2026-09-24T08:54:14.327000+00:00,https://livetiming.formula1.com/static/2026/2026-09-26_Azerbaijan_Grand_Prix/2026-09-24_Practice_1/TeamRadio/LIN_41_20260924_125353.mp3,2026-10-09T22:05:07.340233Z
1295,11370,12,2026-09-24T08:54:45.061000+00:00,https://livetiming.formula1.com/static/2026/2026-09-26_Azerbaijan_Grand_Prix/2026-09-24_Practice_1/TeamRadio/ANT_12_20260924_125410.mp3,2026-10-09T22:05:07.340233Z
1295,11370,81,2026-09-24T09:01:20.864000+00:00,https://livetiming.formula1.com/static/2026/2026-09-26_Azerbaijan_Grand_Prix/2026-09-24_Practice_1/TeamRadio/PIA_81_20260924_130055.mp3,2026-10-09T22:05:07.340233Z
1295,11371,10,2026-09-24T12:02:57.043000+00:00,https://livetiming.formula1.com/static/2026/2026-09-26_Azerbaijan_Grand_Prix/2026-09-24_Practice_2/TeamRadio/GAS_10_20260924_160244.mp3,2026-10-09T22:05:11.883346Z
1295,11371,3,2026-09-24T12:07:01.317000+00:00,https://livetiming.formula1.com/static/2026/2026-09-26_Azerbaijan_Grand_Prix/2026-09-24_Practice_2/TeamRadio/VER_3_20260924_160623.mp3,2026-10-09T22:05:11.883346Z
1295,11371,31,2026-09-24T12:13:37.211000+00:00,https://livetiming.formula1.com/static/2026/2026-09-26_Azerbaijan_Grand_Prix/2026-09-24_Practice_2/TeamRadio/OCO_31_20260924_161314.mp3,2026-10-09T22:05:11.883346Z
1295,11371,16,2026-09-24T12:15:08.203000+00:00,https://livetiming.formula1.com/static/2026/2026-09-26_Azerbaijan_Grand_Prix/2026-09-24_Practice_2/TeamRadio/LEC_16_20260924_161432.mp3,2026-10-09T22:05:11.883346Z
1295,11371,41,2026-09-24T12:19:42.996000+00:00,https://livetiming.formula1.com/static/2026/2026-09-26_Azerbaijan_Grand_Prix/2026-09-24_Practice_2/TeamRadio/LIN_41_20260924_161917.mp3,2026-10-09T22:05:11.883346Z
1295,11371,41,2026-09-24T12:21:44.414000+00:00,https://livetiming.formula1.com/static/2026/2026-09-26_Azerbaijan_Grand_Prix/2026-09-24_Practice_2/TeamRadio/LIN_41_20260924_162133.mp3,2026-10-09T22:05:11.883346Z
1295,11371,87,2026-09-24T12:30:21.681000+00:00,https://livetiming.formula1.com/static/2026/2026-09-26_Azerbaijan_Grand_Prix/2026-09-24_Practice_2/TeamRadio/BEA_87_20260924_162958.mp3,2026-10-09T22:05:11.883346Z
1295,11371,87,2026-09-24T12:31:24.649000+00:00,https://livetiming.formula1.com/static/2026/2026-09-26_Azerbaijan_Grand_Prix/2026-09-24_Practice_2/TeamRadio/BEA_87_20260924_163059.mp3,2026-10-09T22:05:11.883346Z
1295,11371,6,2026-09-24T12:37:58.559000+00:00,https://livetiming.formula1.com/static/2026/2026-09-26_Azerbaijan_Grand_Prix/2026-09-24_Practice_2/TeamRadio/HAD_6_20260924_163722.mp3,2026-10-09T22:05:11.883346Z
1295,11371,30,2026-09-24T12:39:31.025000+00:00,https://livetiming.formula1.com/static/2026/2026-09-26_Azerbaijan_Grand_Prix/2026-09-24_Practice_2/TeamRadio/LAW_30_20260924_163919.mp3,2026-10-09T22:05:11.883346Z
1295,11371,5,2026-09-24T12:41:32.011000+00:00,https://livetiming.formula1.com/static/2026/2026-09-26_Azerbaijan_Grand_Prix/2026-09-24_Practice_2/TeamRadio/BOR_5_20260924_164110.mp3,2026-10-09T22:05:11.883346Z
1295,11371,63,2026-09-24T12:45:36.894000+00:00,https://livetiming.formula1.com/static/2026/2026-09-26_Azerbaijan_Grand_Prix/2026-09-24_Practice_2/TeamRadio/RUS_63_20260924_164521.mp3,2026-10-09T22:05:11.883346Z
1295,11371,3,2026-09-24T12:58:18.603000+00:00,https://livetiming.formula1.com/static/2026/2026-09-26_Azerbaijan_Grand_Prix/2026-09-24_Practice_2/TeamRadio/VER_3_20260924_165759.mp3,2026-10-09T22:05:11.883346Z
1295,11371,6,2026-09-24T13:05:24.634000+00:00,https://livetiming.formula1.com/static/2026/2026-09-26_Azerbaijan_Grand_Prix/2026-09-24_Practice_2/TeamRadio/HAD_6_20260924_170444.mp3,2026-10-09T22:05:11.883346Z
1295,11372,6,2026-09-25T08:17:39.011000+00:00,https://livetiming.formula1.com/static/2026/2026-09-26_Azerbaijan_Grand_Prix/2026-09-25_Practice_3/TeamRadio/HAD_6_20260925_121729.mp3,2026-10-09T22:05:16.409940Z
1295,11372,10,2026-09-25T08:34:55.702000+00:00,https://livetiming.formula1.com/static/2026/2026-09-26_Azerbaijan_Grand_Prix/2026-09-25_Practice_3/TeamRadio/GAS_10_20260925_123421.mp3,2026-10-09T22:05:16.409940Z
1295,11372,10,2026-09-25T08:38:27.242000+00:00,https://livetiming.formula1.com/static/2026/2026-09-26_Azerbaijan_Grand_Prix/2026-09-25_Practice_3/TeamRadio/GAS_10_20260925_123812.mp3,2026-10-09T22:05:16.409940Z
1295,11372,30,2026-09-25T08:44:02.354000+00:00,https://livetiming.formula1.com/static/2026/2026-09-26_Azerbaijan_Grand_Prix/2026-09-25_Practice_3/TeamRadio/LAW_30_20260925_124330.mp3,2026-10-09T22:05:16.409940Z
1295,11372,30,2026-09-25T08:44:33.009000+00:00,https://livetiming.formula1.com/static/2026/2026-09-26_Azerbaijan_Grand_Prix/2026-09-25_Practice_3/TeamRadio/LAW_30_20260925_124353.mp3,2026-10-09T22:05:16.409940Z
1295,11372,30,2026-09-25T08:44:33.229000+00:00,https://livetiming.formula1.com/static/2026/2026-09-26_Azerbaijan_Grand_Prix/2026-09-25_Practice_3/TeamRadio/LAW_30_20260925_124409.mp3,2026-10-09T22:05:16.409940Z
1295,11372,23,2026-09-25T08:44:33.263000+00:00,https://livetiming.formula1.com/static/2026/2026-09-26_Azerbaijan_Grand_Prix/2026-09-25_Practice_3/TeamRadio/ALB_23_20260925_124410.mp3,2026-10-09T22:05:16.409940Z
1295,11372,23,2026-09-25T08:48:07.658000+00:00,https://livetiming.formula1.com/static/2026/2026-09-26_Azerbaijan_Grand_Prix/2026-09-25_Practice_3/TeamRadio/ALB_23_20260925_124745.mp3,2026-10-09T22:05:16.409940Z
1295,11372,12,2026-09-25T08:55:13.716000+00:00,https://livetiming.formula1.com/static/2026/2026-09-26_Azerbaijan_Grand_Prix/2026-09-25_Practice_3/TeamRadio/ANT_12_20260925_125441.mp3,2026-10-09T22:05:16.409940Z
1295,11372,3,2026-09-25T08:57:45.542000+00:00,https://livetiming.formula1.com/static/2026/2026-09-26_Azerbaijan_Grand_Prix/2026-09-25_Practice_3/TeamRadio/VER_3_20260925_125733.mp3,2026-10-09T22:05:16.409940Z
1295,11372,31,2026-09-25T08:59:16.965000+00:00,https://livetiming.formula1.com/static/2026/2026-09-26_Azerbaijan_Grand_Prix/2026-09-25_Practice_3/TeamRadio/OCO_31_20260925_125852.mp3,2026-10-09T22:05:16.409940Z
1295,11372,18,2026-09-25T09:02:19.789000+00:00,https://livetiming.formula1.com/static/2026/2026-09-26_Azerbaijan_Grand_Prix/2026-09-25_Practice_3/TeamRadio/STR_18_20260925_130159.mp3,2026-10-09T22:05:16.409940Z
1295,11372,3,2026-09-25T09:02:50.360000+00:00,https://livetiming.formula1.com/static/2026/2026-09-26_Azerbaijan_Grand_Prix/2026-09-25_Practice_3/TeamRadio/VER_3_20260925_130223.mp3,2026-10-09T22:05:16.409940Z
1295,11372,81,2026-09-25T09:04:52.248000+00:00,https://livetiming.formula1.com/static/2026/2026-09-26_Azerbaijan_Grand_Prix/2026-09-25_Practice_3/TeamRadio/PIA_81_20260925_130422.mp3,2026-10-09T22:05:16.409940Z
1295,11372,63,2026-09-25T09:08:55.826000+00:00,https://livetiming.formula1.com/static/2026/2026-09-26_Azerbaijan_Grand_Prix/2026-09-25_Practice_3/TeamRadio/RUS_63_20260925_130824.mp3,2026-10-09T22:05:16.409940Z
1295,11372,63,2026-09-25T09:14:01.417000+00:00,https://livetiming.formula1.com/static/2026/2026-09-26_Azerbaijan_Grand_Prix/2026-09-25_Practice_3/TeamRadio/RUS_63_20260925_131344.mp3,2026-10-09T22:05:16.409940Z
1295,11372,6,2026-09-25T09:18:34.139000+00:00,https://livetiming.formula1.com/static/2026/2026-09-26_Azerbaijan_Grand_Prix/2026-09-25_Practice_3/TeamRadio/HAD_6_20260925_131816.mp3,2026-10-09T22:05:16.409940Z
1295,11372,6,2026-09-25T09:26:10.785000+00:00,https://livetiming.formula1.com/static/2026/2026-09-26_Azerbaijan_Grand_Prix/2026-09-25_Practice_3/TeamRadio/HAD_6_20260925_132533.mp3,2026-10-09T22:05:16.409940Z
1295,11372,6,2026-09-25T09:29:15.283000+00:00,https://livetiming.formula1.com/static/2026/2026-09-26_Azerbaijan_Grand_Prix/2026-09-25_Practice_3/TeamRadio/HAD_6_20260925_132843.mp3,2026-10-09T22:05:16.409940Z
1295,11372,87,2026-09-25T09:29:45.798000+00:00,https://livetiming.formula1.com/static/2026/2026-09-26_Azerbaijan_Grand_Prix/2026-09-25_Practice_3/TeamRadio/BEA_87_20260925_132942.mp3,2026-10-09T22:05:16.409940Z
1295,11372,11,2026-09-25T09:32:48.823000+00:00,https://livetiming.formula1.com/static/2026/2026-09-26_Azerbaijan_Grand_Prix/2026-09-25_Practice_3/TeamRadio/PER_11_20260925_133212.mp3,2026-10-09T22:05:16.409940Z
1295,11372,30,2026-09-25T09:33:49.881000+00:00,https://livetiming.formula1.com/static/2026/2026-09-26_Azerbaijan_Grand_Prix/2026-09-25_Practice_3/TeamRadio/LAW_30_20260925_133311.mp3,2026-10-09T22:05:16.409940Z
1295,11377,6,2026-09-26T10:12:35.858000+00:00,https://livetiming.formula1.com/static/2026/2026-09-26_Azerbaijan_Grand_Prix/2026-09-26_Race/TeamRadio/HAD_6_20260926_141221.mp3,2026-10-09T22:06:08.378154Z
1295,11377,41,2026-09-26T10:29:20.153000+00:00,https://livetiming.formula1.com/static/2026/2026-09-26_Azerbaijan_Grand_Prix/2026-09-26_Race/TeamRadio/LIN_41_20260926_142849.mp3,2026-10-09T22:06:08.378154Z
1295,11377,10,2026-09-26T10:58:16.339000+00:00,https://livetiming.formula1.com/static/2026/2026-09-26_Azerbaijan_Grand_Prix/2026-09-26_Race/TeamRadio/GAS_10_20260926_145811.mp3,2026-10-09T22:06:08.378154Z
1295,11377,87,2026-09-26T10:59:17.280000+00:00,https://livetiming.formula1.com/static/2026/2026-09-26_Azerbaijan_Grand_Prix/2026-09-26_Race/TeamRadio/BEA_87_20260926_145856.mp3,2026-10-09T22:06:08.378154Z
1295,11377,81,2026-09-26T11:10:58.425000+00:00,https://livetiming.formula1.com/static/2026/2026-09-26_Azerbaijan_Grand_Prix/2026-09-26_Race/TeamRadio/PIA_81_20260926_151023.mp3,2026-10-09T22:06:08.378154Z
1295,11377,6,2026-09-26T11:15:03.257000+00:00,https://livetiming.formula1.com/static/2026/2026-09-26_Azerbaijan_Grand_Prix/2026-09-26_Race/TeamRadio/HAD_6_20260926_151448.mp3,2026-10-09T22:06:08.378154Z
1295,11377,81,2026-09-26T11:20:06.874000+00:00,https://livetiming.formula1.com/static/2026/2026-09-26_Azerbaijan_Grand_Prix/2026-09-26_Race/TeamRadio/PIA_81_20260926_151952.mp3,2026-10-09T22:06:08.378154Z
1295,11377,3,2026-09-26T11:21:09.807000+00:00,https://livetiming.formula1.com/static/2026/2026-09-26_Azerbaijan_Grand_Prix/2026-09-26_Race/TeamRadio/VER_3_20260926_152101.mp3,2026-10-09T22:06:08.378154Z
1295,11377,1,2026-09-26T11:24:41.494000+00:00,https://livetiming.formula1.com/static/2026/2026-09-26_Azerbaijan_Grand_Prix/2026-09-26_Race/TeamRadio/NOR_1_20260926_152410.mp3,2026-10-09T22:06:08.378154Z
1295,11377,6,2026-09-26T11:33:19.187000+00:00,https://livetiming.formula1.com/static/2026/2026-09-26_Azerbaijan_Grand_Prix/2026-09-26_Race/TeamRadio/HAD_6_20260926_153246.mp3,2026-10-09T22:06:08.378154Z
1295,11377,55,2026-09-26T11:37:23.283000+00:00,https://livetiming.formula1.com/static/2026/2026-09-26_Azerbaijan_Grand_Prix/2026-09-26_Race/TeamRadio/SAI_55_20260926_153701.mp3,2026-10-09T22:06:08.378154Z
1295,11377,6,2026-09-26T11:39:25.351000+00:00,https://livetiming.formula1.com/static/2026/2026-09-26_Azerbaijan_Grand_Prix/2026-09-26_Race/TeamRadio/HAD_6_20260926_153854.mp3,2026-10-09T22:06:08.378154Z
1295,11377,6,2026-09-26T11:39:56.452000+00:00,https://livetiming.formula1.com/static/2026/2026-09-26_Azerbaijan_Grand_Prix/2026-09-26_Race/TeamRadio/HAD_6_20260926_153947.mp3,2026-10-09T22:06:08.378154Z
1295,11377,6,2026-09-26T11:40:59.178000+00:00,https://livetiming.formula1.com/static/2026/2026-09-26_Azerbaijan_Grand_Prix/2026-09-26_Race/TeamRadio/HAD_6_20260926_154025.mp3,2026-10-09T22:06:08.378154Z
1295,11377,6,2026-09-26T11:42:29.534000+00:00,https://livetiming.formula1.com/static/2026/2026-09-26_Azerbaijan_Grand_Prix/2026-09-26_Race/TeamRadio/HAD_6_20260926_154213.mp3,2026-10-09T22:06:08.378154Z
1295,11377,63,2026-09-26T11:48:35.936000+00:00,https://livetiming.formula1.com/static/2026/2026-09-26_Azerbaijan_Grand_Prix/2026-09-26_Race/TeamRadio/RUS_63_20260926_154756.mp3,2026-10-09T22:06:08.378154Z
1295,11377,44,2026-09-26T11:51:08.211000+00:00,https://livetiming.formula1.com/static/2026/2026-09-26_Azerbaijan_Grand_Prix/2026-09-26_Race/TeamRadio/HAM_44_20260926_155040.mp3,2026-10-09T22:06:08.378154Z
1295,11377,6,2026-09-26T11:51:38.712000+00:00,https://livetiming.formula1.com/static/2026/2026-09-26_Azerbaijan_Grand_Prix/2026-09-26_Race/TeamRadio/HAD_6_20260926_155106.mp3,2026-10-09T22:06:08.378154Z
1295,11377,3,2026-09-26T11:53:11.923000+00:00,https://livetiming.formula1.com/static/2026/2026-09-26_Azerbaijan_Grand_Prix/2026-09-26_Race/TeamRadio/VER_3_20260926_155238.mp3,2026-10-09T22:06:08.378154Z
1295,11377,6,2026-09-26T12:03:20.168000+00:00,https://livetiming.formula1.com/static/2026/2026-09-26_Azerbaijan_Grand_Prix/2026-09-26_Race/TeamRadio/HAD_6_20260926_160250.mp3,2026-10-09T22:06:08.378154Z
1295,11377,6,2026-09-26T12:07:25.136000+00:00,https://livetiming.formula1.com/static/2026/2026-09-26_Azerbaijan_Grand_Prix/2026-09-26_Race/TeamRadio/HAD_6_20260926_160652.mp3,2026-10-09T22:06:08.378154Z
1295,11377,30,2026-09-26T12:15:02.024000+00:00,https://livetiming.formula1.com/static/2026/2026-09-26_Azerbaijan_Grand_Prix/2026-09-26_Race/TeamRadio/LAW_30_20260926_161441.mp3,2026-10-09T22:06:08.378154Z
1295,11377,10,2026-09-26T12:17:33.813000+00:00,https://livetiming.formula1.com/static/2026/2026-09-26_Azerbaijan_Grand_Prix/2026-09-26_Race/TeamRadio/GAS_10_20260926_161650.mp3,2026-10-09T22:06:08.378154Z
1295,11377,6,2026-09-26T12:22:08.435000+00:00,https://livetiming.formula1.com/static/2026/2026-09-26_Azerbaijan_Grand_Prix/2026-09-26_Race/TeamRadio/HAD_6_20260926_162200.mp3,2026-10-09T22:06:08.378154Z
1295,11377,63,2026-09-26T12:30:46.214000+00:00,https://livetiming.formula1.com/static/2026/2026-09-26_Azerbaijan_Grand_Prix/2026-09-26_Race/TeamRadio/RUS_63_20260926_163007.mp3,2026-10-09T22:06:08.378154Z
1295,11377,3,2026-09-26T12:33:51.028000+00:00,https://livetiming.formula1.com/static/2026/2026-09-26_Azerbaijan_Grand_Prix/2026-09-26_Race/TeamRadio/VER_3_20260926_163315.mp3,2026-10-09T22:06:08.378154Z
1295,11377,11,2026-09-26T12:39:54.686000+00:00,https://livetiming.formula1.com/static/2026/2026-09-26_Azerbaijan_Grand_Prix/2026-09-26_Race/TeamRadio/PER_11_20260926_163934.mp3,2026-10-09T22:06:08.378154Z
1295,11377,63,2026-09-26T12:43:28.257000+00:00,https://livetiming.formula1.com/static/2026/2026-09-26_Azerbaijan_Grand_Prix/2026-09-26_Race/TeamRadio/RUS_63_20260926_164244.mp3,2026-10-09T22:06:08.378154Z
1295,11377,3,2026-09-26T12:44:29.593000+00:00,https://livetiming.formula1.com/static/2026/2026-09-26_Azerbaijan_Grand_Prix/2026-09-26_Race/TeamRadio/VER_3_20260926_164334.mp3,2026-10-09T22:06:08.378154Z
1295,11377,6,2026-09-26T12:45:00.304000+00:00,https://livetiming.formula1.com/static/2026/2026-09-26_Azerbaijan_Grand_Prix/2026-09-26_Race/TeamRadio/HAD_6_20260926_164420.mp3,2026-10-09T22:06:08.378154Z
1295,11377,63,2026-09-26T12:45:31.100000+00:00,https://livetiming.formula1.com/static/2026/2026-09-26_Azerbaijan_Grand_Prix/2026-09-26_Race/TeamRadio/RUS_63_20260926_164454.mp3,2026-10-09T22:06:08.378154Z
1308,11727,81,2026-10-02T04:26:37.041000+00:00,https://livetiming.formula1.com/static/2026/2026-10-04_Bahrain_Grand_Prix/2026-10-02_Practice_1/TeamRadio/PIA_81_20261002_122628.mp3,2026-10-09T22:06:12.887022Z
1308,11727,63,2026-10-02T04:43:20.085000+00:00,https://livetiming.formula1.com/static/2026/2026-10-04_Bahrain_Grand_Prix/2026-10-02_Practice_1/TeamRadio/RUS_63_20261002_124306.mp3,2026-10-09T22:06:12.887022Z
1308,11727,30,2026-10-02T04:48:56.103000+00:00,https://livetiming.formula1.com/static/2026/2026-10-04_Bahrain_Grand_Prix/2026-10-02_Practice_1/TeamRadio/LAW_30_20261002_124834.mp3,2026-10-09T22:06:12.887022Z
1308,11727,5,2026-10-02T04:54:29.007000+00:00,https://livetiming.formula1.com/static/2026/2026-10-04_Bahrain_Grand_Prix/2026-10-02_Practice_1/TeamRadio/BOR_5_20261002_125406.mp3,2026-10-09T22:06:12.887022Z
1308,11727,6,2026-10-02T05:01:04.783000+00:00,https://livetiming.formula1.com/static/2026/2026-10-04_Bahrain_Grand_Prix/2026-10-02_Practice_1/TeamRadio/HAD_6_20261002_130052.mp3,2026-10-09T22:06:12.887022Z
1308,11727,6,2026-10-02T05:25:54.009000+00:00,https://livetiming.formula1.com/static/2026/2026-10-04_Bahrain_Grand_Prix/2026-10-02_Practice_1/TeamRadio/HAD_6_20261002_132519.mp3,2026-10-09T22:06:12.887022Z
1308,11727,63,2026-10-02T05:29:28.641000+00:00,https://livetiming.formula1.com/static/2026/2026-10-04_Bahrain_Grand_Prix/2026-10-02_Practice_1/TeamRadio/RUS_63_20261002_132846.mp3,2026-10-09T22:06:12.887022Z
1308,11730,14,2026-10-03T07:55:53.199000+00:00,https://livetiming.formula1.com/static/2026/2026-10-04_Bahrain_Grand_Prix/2026-10-03_Qualifying/TeamRadio/ALO_14_20261003_155532.mp3,2026-10-09T22:07:10.673536Z
1308,11730,41,2026-10-03T08:12:05.631000+00:00,https://livetiming.formula1.com/static/2026/2026-10-04_Bahrain_Grand_Prix/2026-10-03_Qualifying/TeamRadio/LIN_41_20261003_161127.mp3,2026-10-09T22:07:10.673536Z
1308,11730,27,2026-10-03T08:20:12.398000+00:00,https://livetiming.formula1.com/static/2026/2026-10-04_Bahrain_Grand_Prix/2026-10-03_Qualifying/TeamRadio/HUL_27_20261003_161959.mp3,2026-10-09T22:07:10.673536Z
1308,11730,31,2026-10-03T08:21:44.001000+00:00,https://livetiming.formula1.com/static/2026/2026-10-04_Bahrain_Grand_Prix/2026-10-03_Qualifying/TeamRadio/OCO_31_20261003_162109.mp3,2026-10-09T22:07:10.673536Z
1308,11730,77,2026-10-03T08:21:44.150000+00:00,https://livetiming.formula1.com/static/2026/2026-10-04_Bahrain_Grand_Prix/2026-10-03_Qualifying/TeamRadio/BOT_77_20261003_162137.mp3,2026-10-09T22:07:10.673536Z
1308,11730,77,2026-10-03T08:22:14.845000+00:00,https://livetiming.formula1.com/static/2026/2026-10-04_Bahrain_Grand_Prix/2026-10-03_Qualifying/TeamRadio/BOT_77_20261003_162141.mp3,2026-10-09T22:07:10.673536Z
1308,11730,12,2026-10-03T08:32:54.370000+00:00,https://livetiming.formula1.com/static/2026/2026-10-04_Bahrain_Grand_Prix/2026-10-03_Qualifying/TeamRadio/ANT_12_20261003_163238.mp3,2026-10-09T22:07:10.673536Z
1308,11730,12,2026-10-03T08:33:24.464000+00:00,https://livetiming.formula1.com/static/2026/2026-10-04_Bahrain_Grand_Prix/2026-10-03_Qualifying/TeamRadio/ANT_12_20261003_163310.mp3,2026-10-09T22:07:10.673536Z
1308,11730,41,2026-10-03T08:42:01.231000+00:00,https://livetiming.formula1.com/static/2026/2026-10-04_Bahrain_Grand_Prix/2026-10-03_Qualifying/TeamRadio/LIN_41_20261003_164142.mp3,2026-10-09T22:07:10.673536Z
1308,11730,55,2026-10-03T08:43:02.114000+00:00,https://livetiming.formula1.com/static/2026/2026-10-04_Bahrain_Grand_Prix/2026-10-03_Qualifying/TeamRadio/SAI_55_20261003_164242.mp3,2026-10-09T22:07:10.673536Z
1308,11730,5,2026-10-03T08:44:33.514000+00:00,https://livetiming.formula1.com/static/2026/2026-10-04_Bahrain_Grand_Prix/2026-10-03_Qualifying/TeamRadio/BOR_5_20261003_164413.mp3,2026-10-09T22:07:10.673536Z
1308,11730,3,2026-10-03T09:02:19.377000+00:00,https://livetiming.formula1.com/static/2026/2026-10-04_Bahrain_Grand_Prix/2026-10-03_Qualifying/TeamRadio/VER_3_20261003_170143.mp3,2026-10-09T22:07:10.673536Z
1308,11730,44,2026-10-03T09:02:49.450000+00:00,https://livetiming.formula1.com/static/2026/2026-10-04_Bahrain_Grand_Prix/2026-10-03_Qualifying/TeamRadio/HAM_44_20261003_170203.mp3,2026-10-09T22:07:10.673536Z
1308,11730,16,2026-10-03T09:03:19.544000+00:00,https://livetiming.formula1.com/static/2026/2026-10-04_Bahrain_Grand_Prix/2026-10-03_Qualifying/TeamRadio/LEC_16_20261003_170301.mp3,2026-10-09T22:07:10.673536Z
1308,11730,5,2026-10-03T09:03:49.919000+00:00,https://livetiming.formula1.com/static/2026/2026-10-04_Bahrain_Grand_Prix/2026-10-03_Qualifying/TeamRadio/BOR_5_20261003_170341.mp3,2026-10-09T22:07:10.673536Z
1308,11730,10,2026-10-03T09:04:01.387000+00:00,https://livetiming.formula1.com/static/2026/2026-10-04_Bahrain_Grand_Prix/2026-10-03_Qualifying/TeamRadio/GAS_10_20261003_170405.mp3,2026-10-09T22:07:10.673536Z
1308,11730,6,2026-10-03T09:04:01.387000+00:00,https://livetiming.formula1.com/static/2026/2026-10-04_Bahrain_Grand_Prix/2026-10-03_Qualifying/TeamRadio/HAD_6_20261003_170411.mp3,2026-10-09T22:07:10.673536Z
1308,11730,81,2026-10-03T09:04:01.387000+00:00,https://livetiming.formula1.com/static/2026/2026-10-04_Bahrain_Grand_Prix/2026-10-03_Qualifying/TeamRadio/PIA_81_20261003_170448.mp3,2026-10-09T22:07:10.673536Z
1308,11731,63,2026-10-04T06:55:41.255000+00:00,https://livetiming.formula1.com/static/2026/2026-10-04_Bahrain_Grand_Prix/2026-10-04_Race/TeamRadio/RUS_63_20261004_142745.mp3,2026-10-09T22:07:17.288700Z
1308,11731,3,2026-10-04T06:55:41.611000+00:00,https://livetiming.formula1.com/static/2026/2026-10-04_Bahrain_Grand_Prix/2026-10-04_Race/TeamRadio/VER_3_20261004_143127.mp3,2026-10-09T22:07:17.288700Z
1308,11731,1,2026-10-04T06:55:41.721000+00:00,https://livetiming.formula1.com/static/2026/2026-10-04_Bahrain_Grand_Prix/2026-10-04_Race/TeamRadio/NOR_1_20261004_142905.mp3,2026-10-09T22:07:17.288700Z
1308,11731,12,2026-10-04T06:55:41.721000+00:00,https://livetiming.formula1.com/static/2026/2026-10-04_Bahrain_Grand_Prix/2026-10-04_Race/TeamRadio/ANT_12_20261004_143005.mp3,2026-10-09T22:07:17.288700Z
1308,11731,12,2026-10-04T06:55:42.080000+00:00,https://livetiming.formula1.com/static/2026/2026-10-04_Bahrain_Grand_Prix/2026-10-04_Race/TeamRadio/ANT_12_20261004_143316.mp3,2026-10-09T22:07:17.288700Z
1308,11731,44,2026-10-04T06:55:42.314000+00:00,https://livetiming.formula1.com/static/2026/2026-10-04_Bahrain_Grand_Prix/2026-10-04_Race/TeamRadio/HAM_44_20261004_142600.mp3,2026-10-09T22:07:17.288700Z
1308,11731,41,2026-10-04T06:55:42.575000+00:00,https://livetiming.formula1.com/static/2026/2026-10-04_Bahrain_Grand_Prix/2026-10-04_Race/TeamRadio/LIN_41_20261004_142500.mp3,2026-10-09T22:07:17.288700Z
1308,11731,16,2026-10-04T06:55:42.575000+00:00,https://livetiming.formula1.com/static/2026/2026-10-04_Bahrain_Grand_Prix/2026-10-04_Race/TeamRadio/LEC_16_20261004_145537.mp3,2026-10-09T22:07:17.288700Z
1308,11731,16,2026-10-04T06:56:14.846000+00:00,https://livetiming.formula1.com/static/2026/2026-10-04_Bahrain_Grand_Prix/2026-10-04_Race/TeamRadio/LEC_16_20261004_145606.mp3,2026-10-09T22:07:17.288700Z
1308,11731,3,2026-10-04T07:42:50.003000+00:00,https://livetiming.formula1.com/static/2026/2026-10-04_Bahrain_Grand_Prix/2026-10-04_Race/TeamRadio/VER_3_20261004_154219.mp3,2026-10-09T22:07:17.288700Z
1308,11731,44,2026-10-04T07:43:20.745000+00:00,https://livetiming.formula1.com/static/2026/2026-10-04_Bahrain_Grand_Prix/2026-10-04_Race/TeamRadio/HAM_44_20261004_154307.mp3,2026-10-09T22:07:17.288700Z
1308,11731,12,2026-10-04T07:48:55.277000+00:00,https://livetiming.formula1.com/static/2026/2026-10-04_Bahrain_Grand_Prix/2026-10-04_Race/TeamRadio/ANT_12_20261004_154841.mp3,2026-10-09T22:07:17.288700Z
1308,11731,3,2026-10-04T08:35:03.915000+00:00,https://livetiming.formula1.com/static/2026/2026-10-04_Bahrain_Grand_Prix/2026-10-04_Race/TeamRadio/VER_3_20261004_163427.mp3,2026-10-09T22:07:17.288700Z
1308,11731,44,2026-10-04T08:35:36.446000+00:00,https://livetiming.formula1.com/static/2026/2026-10-04_Bahrain_Grand_Prix/2026-10-04_Race/TeamRadio/HAM_44_20261004_163505.mp3,2026-10-09T22:07:17.288700Z
1308,11731,44,2026-10-04T08:44:43.038000+00:00,https://livetiming.formula1.com/static/2026/2026-10-04_Bahrain_Grand_Prix/2026-10-04_Race/TeamRadio/HAM_44_20261004_164359.mp3,2026-10-09T22:07:17.288700Z
1308,11731,63,2026-10-04T08:49:16.062000+00:00,https://livetiming.formula1.com/static/2026/2026-10-04_Bahrain_Grand_Prix/2026-10-04_Race/TeamRadio/RUS_63_20261004_164858.mp3,2026-10-09T22:07:17.288700Z
1308,11731,3,2026-10-04T08:57:22.480000+00:00,https://livetiming.formula1.com/static/2026/2026-10-04_Bahrain_Grand_Prix/2026-10-04_Race/TeamRadio/VER_3_20261004_165649.mp3,2026-10-09T22:07:17.288700Z
1308,11731,44,2026-10-04T08:59:55.565000+00:00,https://livetiming.formula1.com/static/2026/2026-10-04_Bahrain_Grand_Prix/2026-10-04_Race/TeamRadio/HAM_44_20261004_165924.mp3,2026-10-09T22:07:17.288700Z
1308,11731,12,2026-10-04T09:10:33.154000+00:00,https://livetiming.formula1.com/static/2026/2026-10-04_Bahrain_Grand_Prix/2026-10-04_Race/TeamRadio/ANT_12_20261004_171030.mp3,2026-10-09T22:07:17.288700Z
1308,11731,12,2026-10-04T09:11:03.696000+00:00,https://livetiming.formula1.com/static/2026/2026-10-04_Bahrain_Grand_Prix/2026-10-04_Race/TeamRadio/ANT_12_20261004_171034.mp3,2026-10-09T22:07:17.288700Z
1308,11731,63,2026-10-04T09:11:34.290000+00:00,https://livetiming.formula1.com/static/2026/2026-10-04_Bahrain_Grand_Prix/2026-10-04_Race/TeamRadio/RUS_63_20261004_171121.mp3,2026-10-09T22:07:17.288700Z
1308,11731,12,2026-10-04T09:12:35.462000+00:00,https://livetiming.formula1.com/static/2026/2026-10-04_Bahrain_Grand_Prix/2026-10-04_Race/TeamRadio/ANT_12_20261004_171206.mp3,2026-10-09T22:07:17.288700Z
1308,11731,81,2026-10-04T09:14:08.087000+00:00,https://livetiming.formula1.com/static/2026/2026-10-04_Bahrain_Grand_Prix/2026-10-04_Race/TeamRadio/PIA_81_20261004_171329.mp3,2026-10-09T22:07:17.288700Z
1308,11731,5,2026-10-04T09:17:10.031000+00:00,https://livetiming.formula1.com/static/2026/2026-10-04_Bahrain_Grand_Prix/2026-10-04_Race/TeamRadio/BOR_5_20261004_171645.mp3,2026-10-09T22:07:17.288700Z
1308,11731,55,2026-10-04T09:17:10.138000+00:00,https://livetiming.formula1.com/static/2026/2026-10-04_Bahrain_Grand_Prix/2026-10-04_Race/TeamRadio/SAI_55_20261004_171657.mp3,2026-10-09T22:07:17.288700Z
1308,11731,12,2026-10-04T09:22:15.121000+00:00,https://livetiming.formula1.com/static/2026/2026-10-04_Bahrain_Grand_Prix/2026-10-04_Race/TeamRadio/ANT_12_20261004_172141.mp3,2026-10-09T22:07:17.288700Z
1308,11731,63,2026-10-04T09:23:16.246000+00:00,https://livetiming.formula1.com/static/2026/2026-10-04_Bahrain_Grand_Prix/2026-10-04_Race/TeamRadio/RUS_63_20261004_172240.mp3,2026-10-09T22:07:17.288700Z
1308,11731,6,2026-10-04T09:28:21.502000+00:00,https://livetiming.formula1.com/static/2026/2026-10-04_Bahrain_Grand_Prix/2026-10-04_Race/TeamRadio/HAD_6_20261004_172758.mp3,2026-10-09T22:07:17.288700Z
1308,11731,63,2026-10-04T09:37:32.008000+00:00,https://livetiming.formula1.com/static/2026/2026-10-04_Bahrain_Grand_Prix/2026-10-04_Race/TeamRadio/RUS_63_20261004_173708.mp3,2026-10-09T22:07:17.288700Z
1308,11731,44,2026-10-04T09:38:32.148000+00:00,https://livetiming.formula1.com/static/2026/2026-10-04_Bahrain_Grand_Prix/2026-10-04_Race/TeamRadio/HAM_44_20261004_173815.mp3,2026-10-09T22:07:17.288700Z
1308,11731,12,2026-10-04T10:08:07.177000+00:00,https://livetiming.formula1.com/static/2026/2026-10-04_Bahrain_Grand_Prix/2026-10-04_Race/TeamRadio/ANT_12_20261004_180756.mp3,2026-10-09T22:07:17.288700Z
1308,11731,63,2026-10-04T10:09:37.997000+00:00,https://livetiming.formula1.com/static/2026/2026-10-04_Bahrain_Grand_Prix/2026-10-04_Race/TeamRadio/RUS_63_20261004_180922.mp3,2026-10-09T22:07:17.288700Z
1308,11731,12,2026-10-04T10:11:39.904000+00:00,https://livetiming.formula1.com/static/2026/2026-10-04_Bahrain_Grand_Prix/2026-10-04_Race/TeamRadio/ANT_12_20261004_181111.mp3,2026-10-09T22:07:17.288700Z
1308,11731,6,2026-10-04T10:12:40.740000+00:00,https://livetiming.formula1.com/static/2026/2026-10-04_Bahrain_Grand_Prix/2026-10-04_Race/TeamRadio/HAD_6_20261004_181227.mp3,2026-10-09T22:07:17.288700Z
1308,11731,63,2026-10-04T10:12:42.973000+00:00,https://livetiming.formula1.com/static/2026/2026-10-04_Bahrain_Grand_Prix/2026-10-04_Race/TeamRadio/RUS_63_20261004_181228.mp3,2026-10-09T22:07:17.288700Z
1308,11731,3,2026-10-04T10:21:19.471000+00:00,https://livetiming.formula1.com/static/2026/2026-10-04_Bahrain_Grand_Prix/2026-10-04_Race/TeamRadio/VER_3_20261004_182055.mp3,2026-10-09T22:07:17.288700Z
1308,11731,12,2026-10-04T10:22:05.815000+00:00,https://livetiming.formula1.com/static/2026/2026-10-04_Bahrain_Grand_Prix/2026-10-04_Race/TeamRadio/ANT_12_20261004_182140.mp3,2026-10-09T22:07:17.288700Z
1308,11731,44,2026-10-04T10:22:50.353000+00:00,https://livetiming.formula1.com/static/2026/2026-10-04_Bahrain_Grand_Prix/2026-10-04_Race/TeamRadio/HAM_44_20261004_182234.mp3,2026-10-09T22:07:17.288700Z
1308,11731,5,2026-10-04T10:25:57.600000+00:00,https://livetiming.formula1.com/static/2026/2026-10-04_Bahrain_Grand_Prix/2026-10-04_Race/TeamRadio/BOR_5_20261004_182625.mp3,2026-10-09T22:07:17.288700Z
1308,11731,41,2026-10-04T10:25:57.600000+00:00,https://livetiming.formula1.com/static/2026/2026-10-04_Bahrain_Grand_Prix/2026-10-04_Race/TeamRadio/LIN_41_20261004_182626.mp3,2026-10-09T22:07:17.288700Z
1296,11379,23,2026-10-09T12:26:37.569000+00:00,https://livetiming.formula1.com/static/2026/2026-10-11_Singapore_Grand_Prix/2026-10-09_Sprint_Qualifying/TeamRadio/ALB_23_20261009_202622.mp3,2026-10-09T22:08:09.075348Z
1296,11379,44,2026-10-09T12:38:48.873000+00:00,https://livetiming.formula1.com/static/2026/2026-10-11_Singapore_Grand_Prix/2026-10-09_Sprint_Qualifying/TeamRadio/HAM_44_20261009_203838.mp3,2026-10-09T22:08:09.075348Z
1296,11379,3,2026-10-09T12:39:18.975000+00:00,https://livetiming.formula1.com/static/2026/2026-10-11_Singapore_Grand_Prix/2026-10-09_Sprint_Qualifying/TeamRadio/VER_3_20261009_203847.mp3,2026-10-09T22:08:09.075348Z
1296,11379,55,2026-10-09T12:55:01.424000+00:00,https://livetiming.formula1.com/static/2026/2026-10-11_Singapore_Grand_Prix/2026-10-09_Sprint_Qualifying/TeamRadio/SAI_55_20261009_205434.mp3,2026-10-09T22:08:09.075348Z
1296,11379,23,2026-10-09T12:56:01.784000+00:00,https://livetiming.formula1.com/static/2026/2026-10-11_Singapore_Grand_Prix/2026-10-09_Sprint_Qualifying/TeamRadio/ALB_23_20261009_205527.mp3,2026-10-09T22:08:09.075348Z
1296,11379,44,2026-10-09T13:17:20.169000+00:00,https://livetiming.formula1.com/static/2026/2026-10-11_Singapore_Grand_Prix/2026-10-09_Sprint_Qualifying/TeamRadio/HAM_44_20261009_211702.mp3,2026-10-09T22:08:09.075348Z
1296,11379,87,2026-10-09T13:23:26.096000+00:00,https://livetiming.formula1.com/static/2026/2026-10-11_Singapore_Grand_Prix/2026-10-09_Sprint_Qualifying/TeamRadio/BEA_87_20261009_212258.mp3,2026-10-09T22:08:09.075348Z
1296,11379,3,2026-10-09T13:24:26.237000+00:00,https://livetiming.formula1.com/static/2026/2026-10-11_Singapore_Grand_Prix/2026-10-09_Sprint_Qualifying/TeamRadio/VER_3_20261009_212404.mp3,2026-10-09T22:08:09.075348Z
1296,11379,87,2026-10-09T13:25:26.385000+00:00,https://livetiming.formula1.com/static/2026/2026-10-11_Singapore_Grand_Prix/2026-10-09_Sprint_Qualifying/TeamRadio/BEA_87_20261009_212509.mp3,2026-10-09T22:08:09.075348Z
1296,11379,3,2026-10-09T13:38:38.433000+00:00,https://livetiming.formula1.com/static/2026/2026-10-11_Singapore_Grand_Prix/2026-10-09_Sprint_Qualifying/TeamRadio/VER_3_20261009_213804.mp3,2026-10-09T22:08:09.075348Z
1296,11379,63,2026-10-09T13:38:38.433000+00:00,https://livetiming.formula1.com/static/2026/2026-10-11_Singapore_Grand_Prix/2026-10-09_Sprint_Qualifying/TeamRadio/RUS_63_20261009_213826.mp3,2026-10-09T22:08:09.075348Z
1296,11379,16,2026-10-09T13:39:08.533000+00:00,https://livetiming.formula1.com/static/2026/2026-10-11_Singapore_Grand_Prix/2026-10-09_Sprint_Qualifying/TeamRadio/LEC_16_20261009_213850.mp3,2026-10-09T22:08:09.075348Z
1296,11379,16,2026-10-09T13:39:38.616000+00:00,https://livetiming.formula1.com/static/2026/2026-10-11_Singapore_Grand_Prix/2026-10-09_Sprint_Qualifying/TeamRadio/LEC_16_20261009_213913.mp3,2026-10-09T22:08:09.075348Z
1296,11379,3,2026-10-09T13:41:09.666000+00:00,https://livetiming.formula1.com/static/2026/2026-10-11_Singapore_Grand_Prix/2026-10-09_Sprint_Qualifying/TeamRadio/VER_3_20261009_214031.mp3,2026-10-09T22:08:09.075348Z
