timestamp_utc,endpoint,strategy,params_json,rows,status,error,elapsed_seconds
2026-08-22T16:53:34.400525Z,sessions,sessions_by_year,"{""year"": 2026}",131,pass,,0.721
2026-08-22T16:53:35.107073Z,weather,weather_by_session_key,"{""session_key"": 11465}",540,pass,,0.53
2026-08-22T16:53:35.717919Z,race_control,race_control_by_session_key,"{""session_key"": 11465}",56,pass,,0.509
2026-08-22T16:53:36.543117Z,intervals,intervals_by_session_key,"{""session_key"": 11465}",0,http_404,"{""detail"":""No results found.""}",0.723
2026-08-22T16:53:37.363902Z,position,position_by_session_key,"{""session_key"": 11465}",415,pass,,0.72
2026-08-22T16:53:38.031648Z,stints,stints_by_session_key,"{""session_key"": 11465}",207,pass,,0.566
2026-08-22T16:53:38.133390Z,pit,skip_non_race_like_session,"{""session_key"": 11465}",0,skipped_not_applicable,pit endpoint is only treated as required for race/sprint-like sessions,0.0
2026-08-22T16:53:38.871937Z,starting_grid,starting_grid_by_session_key,"{""session_key"": 11465}",0,http_404,"{""detail"":""No results found.""}",0.738
2026-08-22T16:53:39.466986Z,drivers,drivers_by_session_key,"{""session_key"": 11465}",22,pass,,0.494
2026-08-22T16:53:40.071795Z,team_radio,team_radio_by_session_key_opportunistic,"{""session_key"": 11465}",0,http_404,"{""detail"":""No results found.""}",0.503
2026-08-22T16:53:40.717830Z,weather,weather_by_session_key,"{""session_key"": 11466}",484,pass,,0.545
2026-08-22T16:53:41.327090Z,race_control,race_control_by_session_key,"{""session_key"": 11466}",67,pass,,0.507
2026-08-22T16:53:42.138375Z,intervals,intervals_by_session_key,"{""session_key"": 11466}",0,http_404,"{""detail"":""No results found.""}",0.71
2026-08-22T16:53:43.065611Z,position,position_by_session_key,"{""session_key"": 11466}",280,pass,,0.826
2026-08-22T16:53:43.698141Z,stints,stints_by_session_key,"{""session_key"": 11466}",233,pass,,0.531
2026-08-22T16:53:43.799854Z,pit,skip_non_race_like_session,"{""session_key"": 11466}",0,skipped_not_applicable,pit endpoint is only treated as required for race/sprint-like sessions,0.0
2026-08-22T16:53:44.359605Z,starting_grid,starting_grid_by_session_key,"{""session_key"": 11466}",0,http_404,"{""detail"":""No results found.""}",0.56
2026-08-22T16:53:44.953479Z,drivers,drivers_by_session_key,"{""session_key"": 11466}",22,pass,,0.493
2026-08-22T16:53:45.551629Z,team_radio,team_radio_by_session_key_opportunistic,"{""session_key"": 11466}",0,http_404,"{""detail"":""No results found.""}",0.496
2026-08-22T16:53:46.496461Z,weather,weather_by_session_key,"{""session_key"": 11467}",528,pass,,0.844
2026-08-22T16:53:47.112123Z,race_control,race_control_by_session_key,"{""session_key"": 11467}",109,pass,,0.514
2026-08-22T16:53:47.719628Z,intervals,intervals_by_session_key,"{""session_key"": 11467}",0,http_404,"{""detail"":""No results found.""}",0.506
2026-08-22T16:53:48.337737Z,position,position_by_session_key,"{""session_key"": 11467}",216,pass,,0.517
2026-08-22T16:53:49.175067Z,stints,stints_by_session_key,"{""session_key"": 11467}",211,pass,,0.736
2026-08-22T16:53:49.276896Z,pit,skip_non_race_like_session,"{""session_key"": 11467}",0,skipped_not_applicable,pit endpoint is only treated as required for race/sprint-like sessions,0.0
2026-08-22T16:53:49.868753Z,starting_grid,starting_grid_by_session_key,"{""session_key"": 11467}",0,http_404,"{""detail"":""No results found.""}",0.592
2026-08-22T16:53:50.481283Z,drivers,drivers_by_session_key,"{""session_key"": 11467}",22,pass,,0.511
2026-08-22T16:53:51.080122Z,team_radio,team_radio_by_session_key_opportunistic,"{""session_key"": 11467}",1,pass,,0.497
2026-08-22T16:53:51.881669Z,weather,weather_by_session_key,"{""session_key"": 11470}",517,pass,,0.7
2026-08-22T16:53:52.489352Z,race_control,race_control_by_session_key,"{""session_key"": 11470}",57,pass,,0.506
2026-08-22T16:53:53.081785Z,intervals,intervals_by_session_key,"{""session_key"": 11470}",0,http_404,"{""detail"":""No results found.""}",0.491
2026-08-22T16:53:53.706805Z,position,position_by_session_key,"{""session_key"": 11470}",429,pass,,0.524
2026-08-22T16:53:54.311549Z,stints,stints_by_session_key,"{""session_key"": 11470}",0,http_429,"{""detail"":""Rate limit exceeded. Max 30 requests/minute."",""error"":""Too Many Requests""}",0.503
2026-08-22T16:53:54.412739Z,pit,skip_non_race_like_session,"{""session_key"": 11470}",0,skipped_not_applicable,pit endpoint is only treated as required for race/sprint-like sessions,0.0
2026-08-22T16:53:54.914001Z,starting_grid,starting_grid_by_session_key,"{""session_key"": 11470}",0,http_429,"{""detail"":""Rate limit exceeded. Max 30 requests/minute."",""error"":""Too Many Requests""}",0.501
2026-08-22T16:53:55.515206Z,drivers,drivers_by_session_key,"{""session_key"": 11470}",0,http_429,"{""detail"":""Rate limit exceeded. Max 30 requests/minute."",""error"":""Too Many Requests""}",0.5
2026-08-22T16:53:56.120793Z,drivers,drivers_by_observed_driver_number,"{""driver_number"": 1, ""session_key"": 11470}",0,http_429,"{""detail"":""Rate limit exceeded. Max 30 requests/minute."",""error"":""Too Many Requests""}",0.501
2026-08-22T16:53:56.723790Z,drivers,drivers_by_observed_driver_number,"{""driver_number"": 3, ""session_key"": 11470}",0,http_429,"{""detail"":""Rate limit exceeded. Max 30 requests/minute."",""error"":""Too Many Requests""}",0.502
2026-08-22T16:53:57.332210Z,drivers,drivers_by_observed_driver_number,"{""driver_number"": 5, ""session_key"": 11470}",0,http_429,"{""detail"":""Rate limit exceeded. Max 30 requests/minute."",""error"":""Too Many Requests""}",0.507
2026-08-22T16:53:57.935755Z,drivers,drivers_by_observed_driver_number,"{""driver_number"": 6, ""session_key"": 11470}",0,http_429,"{""detail"":""Rate limit exceeded. Max 30 requests/minute."",""error"":""Too Many Requests""}",0.502
2026-08-22T16:53:58.526854Z,drivers,drivers_by_observed_driver_number,"{""driver_number"": 10, ""session_key"": 11470}",0,http_429,"{""detail"":""Rate limit exceeded. Max 30 requests/minute."",""error"":""Too Many Requests""}",0.49
2026-08-22T16:53:59.123147Z,drivers,drivers_by_observed_driver_number,"{""driver_number"": 11, ""session_key"": 11470}",0,http_429,"{""detail"":""Rate limit exceeded. Max 30 requests/minute."",""error"":""Too Many Requests""}",0.495
2026-08-22T16:53:59.766032Z,drivers,drivers_by_observed_driver_number,"{""driver_number"": 12, ""session_key"": 11470}",0,http_429,"{""detail"":""Rate limit exceeded. Max 30 requests/minute."",""error"":""Too Many Requests""}",0.542
2026-08-22T16:54:00.427579Z,drivers,drivers_by_observed_driver_number,"{""driver_number"": 14, ""session_key"": 11470}",1,pass,,0.561
2026-08-22T16:54:01.037598Z,drivers,drivers_by_observed_driver_number,"{""driver_number"": 16, ""session_key"": 11470}",1,pass,,0.509
2026-08-22T16:54:01.648720Z,drivers,drivers_by_observed_driver_number,"{""driver_number"": 18, ""session_key"": 11470}",1,pass,,0.51
2026-08-22T16:54:02.488213Z,drivers,drivers_by_observed_driver_number,"{""driver_number"": 23, ""session_key"": 11470}",1,pass,,0.738
2026-08-22T16:54:03.092736Z,drivers,drivers_by_observed_driver_number,"{""driver_number"": 27, ""session_key"": 11470}",1,pass,,0.503
2026-08-22T16:54:03.703663Z,drivers,drivers_by_observed_driver_number,"{""driver_number"": 30, ""session_key"": 11470}",1,pass,,0.51
2026-08-22T16:54:04.310759Z,drivers,drivers_by_observed_driver_number,"{""driver_number"": 31, ""session_key"": 11470}",1,pass,,0.506
2026-08-22T16:54:04.905249Z,drivers,drivers_by_observed_driver_number,"{""driver_number"": 41, ""session_key"": 11470}",1,pass,,0.493
2026-08-22T16:54:05.511600Z,drivers,drivers_by_observed_driver_number,"{""driver_number"": 43, ""session_key"": 11470}",1,pass,,0.505
2026-08-22T16:54:06.104100Z,drivers,drivers_by_observed_driver_number,"{""driver_number"": 44, ""session_key"": 11470}",1,pass,,0.491
2026-08-22T16:54:06.709106Z,drivers,drivers_by_observed_driver_number,"{""driver_number"": 55, ""session_key"": 11470}",1,pass,,0.504
2026-08-22T16:54:07.318483Z,drivers,drivers_by_observed_driver_number,"{""driver_number"": 63, ""session_key"": 11470}",1,pass,,0.508
2026-08-22T16:54:07.925698Z,drivers,drivers_by_observed_driver_number,"{""driver_number"": 77, ""session_key"": 11470}",1,pass,,0.506
2026-08-22T16:54:08.530563Z,drivers,drivers_by_observed_driver_number,"{""driver_number"": 81, ""session_key"": 11470}",1,pass,,0.504
2026-08-22T16:54:09.134231Z,drivers,drivers_by_observed_driver_number,"{""driver_number"": 87, ""session_key"": 11470}",1,pass,,0.503
2026-08-22T16:54:09.737397Z,drivers,drivers_by_observed_driver_number,"{""driver_number"": 241, ""session_key"": 11470}",0,http_404,"{""detail"":""No results found.""}",0.502
2026-08-22T16:54:10.560884Z,drivers,drivers_by_observed_driver_number,"{""driver_number"": 243, ""session_key"": 11470}",0,http_404,"{""detail"":""No results found.""}",0.722
2026-08-22T16:54:11.171482Z,drivers,drivers_by_observed_driver_number,"{""driver_number"": 247, ""session_key"": 11470}",0,http_404,"{""detail"":""No results found.""}",0.51
2026-08-22T16:54:11.770795Z,team_radio,team_radio_by_session_key_opportunistic,"{""session_key"": 11470}",0,http_404,"{""detail"":""No results found.""}",0.495
2026-08-22T16:54:12.586545Z,weather,weather_by_session_key,"{""session_key"": 11469}",558,pass,,0.714
2026-08-22T16:54:13.202634Z,race_control,race_control_by_session_key,"{""session_key"": 11469}",51,pass,,0.514
2026-08-22T16:54:13.807964Z,intervals,intervals_by_session_key,"{""session_key"": 11469}",0,http_404,"{""detail"":""No results found.""}",0.504
2026-08-22T16:54:14.431696Z,position,position_by_session_key,"{""session_key"": 11469}",364,pass,,0.523
2026-08-22T16:54:15.054566Z,stints,stints_by_session_key,"{""session_key"": 11469}",265,pass,,0.521
2026-08-22T16:54:15.156555Z,pit,skip_non_race_like_session,"{""session_key"": 11469}",0,skipped_not_applicable,pit endpoint is only treated as required for race/sprint-like sessions,0.0
2026-08-22T16:54:15.658523Z,starting_grid,starting_grid_by_session_key,"{""session_key"": 11469}",0,http_404,"{""detail"":""No results found.""}",0.502
2026-08-22T16:54:16.291597Z,drivers,drivers_by_session_key,"{""session_key"": 11469}",22,pass,,0.532
2026-08-22T16:54:16.901899Z,team_radio,team_radio_by_session_key_opportunistic,"{""session_key"": 11469}",0,http_404,"{""detail"":""No results found.""}",0.509
2026-08-22T16:54:17.542461Z,weather,weather_by_session_key,"{""session_key"": 11468}",559,pass,,0.539
2026-08-22T16:54:18.138495Z,race_control,race_control_by_session_key,"{""session_key"": 11468}",46,pass,,0.494
2026-08-22T16:54:18.743046Z,intervals,intervals_by_session_key,"{""session_key"": 11468}",0,http_404,"{""detail"":""No results found.""}",0.503
2026-08-22T16:54:19.332778Z,position,position_by_session_key,"{""session_key"": 11468}",0,http_429,"{""detail"":""Rate limit exceeded. Max 30 requests/minute."",""error"":""Too Many Requests""}",0.489
2026-08-22T16:54:19.927693Z,position,position_by_meeting_key_fallback,"{""meeting_key"": 1305}",0,http_429,"{""detail"":""Rate limit exceeded. Max 30 requests/minute."",""error"":""Too Many Requests""}",0.494
2026-08-22T16:54:20.531940Z,stints,stints_by_session_key,"{""session_key"": 11468}",0,http_429,"{""detail"":""Rate limit exceeded. Max 30 requests/minute."",""error"":""Too Many Requests""}",0.503
2026-08-22T16:54:20.633137Z,pit,skip_non_race_like_session,"{""session_key"": 11468}",0,skipped_not_applicable,pit endpoint is only treated as required for race/sprint-like sessions,0.0
2026-08-22T16:54:21.132138Z,starting_grid,starting_grid_by_session_key,"{""session_key"": 11468}",0,http_429,"{""detail"":""Rate limit exceeded. Max 30 requests/minute."",""error"":""Too Many Requests""}",0.499
2026-08-22T16:54:21.733047Z,drivers,drivers_by_session_key,"{""session_key"": 11468}",0,http_429,"{""detail"":""Rate limit exceeded. Max 30 requests/minute."",""error"":""Too Many Requests""}",0.5
2026-08-22T16:54:22.337268Z,drivers,drivers_by_observed_driver_number,"{""driver_number"": 1, ""session_key"": 11468}",0,http_429,"{""detail"":""Rate limit exceeded. Max 30 requests/minute."",""error"":""Too Many Requests""}",0.499
2026-08-22T16:54:22.939543Z,drivers,drivers_by_observed_driver_number,"{""driver_number"": 3, ""session_key"": 11468}",0,http_429,"{""detail"":""Rate limit exceeded. Max 30 requests/minute."",""error"":""Too Many Requests""}",0.501
2026-08-22T16:54:23.547808Z,drivers,drivers_by_observed_driver_number,"{""driver_number"": 5, ""session_key"": 11468}",0,http_429,"{""detail"":""Rate limit exceeded. Max 30 requests/minute."",""error"":""Too Many Requests""}",0.507
2026-08-22T16:54:24.150509Z,drivers,drivers_by_observed_driver_number,"{""driver_number"": 6, ""session_key"": 11468}",0,http_429,"{""detail"":""Rate limit exceeded. Max 30 requests/minute."",""error"":""Too Many Requests""}",0.502
2026-08-22T16:54:24.741903Z,drivers,drivers_by_observed_driver_number,"{""driver_number"": 10, ""session_key"": 11468}",0,http_429,"{""detail"":""Rate limit exceeded. Max 30 requests/minute."",""error"":""Too Many Requests""}",0.49
2026-08-22T16:54:25.343727Z,drivers,drivers_by_observed_driver_number,"{""driver_number"": 11, ""session_key"": 11468}",0,http_429,"{""detail"":""Rate limit exceeded. Max 30 requests/minute."",""error"":""Too Many Requests""}",0.501
2026-08-22T16:54:25.933323Z,drivers,drivers_by_observed_driver_number,"{""driver_number"": 12, ""session_key"": 11468}",0,http_429,"{""detail"":""Rate limit exceeded. Max 30 requests/minute."",""error"":""Too Many Requests""}",0.488
2026-08-22T16:54:26.528199Z,drivers,drivers_by_observed_driver_number,"{""driver_number"": 14, ""session_key"": 11468}",0,http_429,"{""detail"":""Rate limit exceeded. Max 30 requests/minute."",""error"":""Too Many Requests""}",0.494
2026-08-22T16:54:27.130661Z,drivers,drivers_by_observed_driver_number,"{""driver_number"": 16, ""session_key"": 11468}",0,http_429,"{""detail"":""Rate limit exceeded. Max 30 requests/minute."",""error"":""Too Many Requests""}",0.501
2026-08-22T16:54:27.732362Z,drivers,drivers_by_observed_driver_number,"{""driver_number"": 18, ""session_key"": 11468}",0,http_429,"{""detail"":""Rate limit exceeded. Max 30 requests/minute."",""error"":""Too Many Requests""}",0.501
2026-08-22T16:54:28.336208Z,drivers,drivers_by_observed_driver_number,"{""driver_number"": 23, ""session_key"": 11468}",0,http_429,"{""detail"":""Rate limit exceeded. Max 30 requests/minute."",""error"":""Too Many Requests""}",0.503
2026-08-22T16:54:28.936860Z,drivers,drivers_by_observed_driver_number,"{""driver_number"": 27, ""session_key"": 11468}",0,http_429,"{""detail"":""Rate limit exceeded. Max 30 requests/minute."",""error"":""Too Many Requests""}",0.5
2026-08-22T16:54:29.538605Z,drivers,drivers_by_observed_driver_number,"{""driver_number"": 30, ""session_key"": 11468}",0,http_429,"{""detail"":""Rate limit exceeded. Max 30 requests/minute."",""error"":""Too Many Requests""}",0.501
2026-08-22T16:54:30.146952Z,drivers,drivers_by_observed_driver_number,"{""driver_number"": 31, ""session_key"": 11468}",0,http_429,"{""detail"":""Rate limit exceeded. Max 30 requests/minute."",""error"":""Too Many Requests""}",0.507
2026-08-22T16:54:30.752316Z,drivers,drivers_by_observed_driver_number,"{""driver_number"": 41, ""session_key"": 11468}",0,http_429,"{""detail"":""Rate limit exceeded. Max 30 requests/minute."",""error"":""Too Many Requests""}",0.504
2026-08-22T16:54:31.342869Z,drivers,drivers_by_observed_driver_number,"{""driver_number"": 43, ""session_key"": 11468}",0,http_429,"{""detail"":""Rate limit exceeded. Max 30 requests/minute."",""error"":""Too Many Requests""}",0.489
2026-08-22T16:54:31.944015Z,drivers,drivers_by_observed_driver_number,"{""driver_number"": 44, ""session_key"": 11468}",0,http_429,"{""detail"":""Rate limit exceeded. Max 30 requests/minute."",""error"":""Too Many Requests""}",0.5
2026-08-22T16:54:32.533982Z,drivers,drivers_by_observed_driver_number,"{""driver_number"": 55, ""session_key"": 11468}",0,http_429,"{""detail"":""Rate limit exceeded. Max 30 requests/minute."",""error"":""Too Many Requests""}",0.489
2026-08-22T16:54:33.129653Z,drivers,drivers_by_observed_driver_number,"{""driver_number"": 63, ""session_key"": 11468}",0,http_429,"{""detail"":""Rate limit exceeded. Max 30 requests/minute."",""error"":""Too Many Requests""}",0.495
2026-08-22T16:54:33.733478Z,drivers,drivers_by_observed_driver_number,"{""driver_number"": 77, ""session_key"": 11468}",0,http_429,"{""detail"":""Rate limit exceeded. Max 30 requests/minute."",""error"":""Too Many Requests""}",0.503
2026-08-22T16:54:34.335718Z,drivers,drivers_by_observed_driver_number,"{""driver_number"": 81, ""session_key"": 11468}",0,http_429,"{""detail"":""Rate limit exceeded. Max 30 requests/minute."",""error"":""Too Many Requests""}",0.501
2026-08-22T16:54:34.936437Z,drivers,drivers_by_observed_driver_number,"{""driver_number"": 87, ""session_key"": 11468}",0,http_429,"{""detail"":""Rate limit exceeded. Max 30 requests/minute."",""error"":""Too Many Requests""}",0.5
2026-08-22T16:54:35.538738Z,drivers,drivers_by_observed_driver_number,"{""driver_number"": 241, ""session_key"": 11468}",0,http_429,"{""detail"":""Rate limit exceeded. Max 30 requests/minute."",""error"":""Too Many Requests""}",0.501
2026-08-22T16:54:36.142394Z,drivers,drivers_by_observed_driver_number,"{""driver_number"": 243, ""session_key"": 11468}",0,http_429,"{""detail"":""Rate limit exceeded. Max 30 requests/minute."",""error"":""Too Many Requests""}",0.503
2026-08-22T16:54:36.752469Z,drivers,drivers_by_observed_driver_number,"{""driver_number"": 247, ""session_key"": 11468}",0,http_429,"{""detail"":""Rate limit exceeded. Max 30 requests/minute."",""error"":""Too Many Requests""}",0.509
2026-08-22T16:54:37.357786Z,team_radio,team_radio_by_session_key_opportunistic,"{""session_key"": 11468}",0,http_429,"{""detail"":""Rate limit exceeded. Max 30 requests/minute."",""error"":""Too Many Requests""}",0.504
2026-08-22T16:54:37.951317Z,weather,weather_by_session_key,"{""session_key"": 11227}",0,http_429,"{""detail"":""Rate limit exceeded. Max 30 requests/minute."",""error"":""Too Many Requests""}",0.492
2026-08-22T16:54:38.645270Z,race_control,race_control_by_session_key,"{""session_key"": 11227}",0,http_429,"{""detail"":""Rate limit exceeded. Max 30 requests/minute."",""error"":""Too Many Requests""}",0.593
2026-08-22T16:54:39.235741Z,intervals,intervals_by_session_key,"{""session_key"": 11227}",0,http_429,"{""detail"":""Rate limit exceeded. Max 30 requests/minute."",""error"":""Too Many Requests""}",0.489
2026-08-22T16:54:39.832246Z,position,position_by_session_key,"{""session_key"": 11227}",0,http_429,"{""detail"":""Rate limit exceeded. Max 30 requests/minute."",""error"":""Too Many Requests""}",0.495
2026-08-22T16:54:40.435464Z,position,position_by_meeting_key_fallback,"{""meeting_key"": 1279}",0,http_429,"{""detail"":""Rate limit exceeded. Max 30 requests/minute."",""error"":""Too Many Requests""}",0.502
2026-08-22T16:54:41.036682Z,stints,stints_by_session_key,"{""session_key"": 11227}",0,http_429,"{""detail"":""Rate limit exceeded. Max 30 requests/minute."",""error"":""Too Many Requests""}",0.5
2026-08-22T16:54:41.137908Z,pit,skip_non_race_like_session,"{""session_key"": 11227}",0,skipped_not_applicable,pit endpoint is only treated as required for race/sprint-like sessions,0.0
2026-08-22T16:54:41.639846Z,starting_grid,starting_grid_by_session_key,"{""session_key"": 11227}",0,http_429,"{""detail"":""Rate limit exceeded. Max 30 requests/minute."",""error"":""Too Many Requests""}",0.502
2026-08-22T16:54:42.241287Z,drivers,drivers_by_session_key,"{""session_key"": 11227}",0,http_429,"{""detail"":""Rate limit exceeded. Max 30 requests/minute."",""error"":""Too Many Requests""}",0.5
2026-08-22T16:54:42.849712Z,drivers,drivers_by_observed_driver_number,"{""driver_number"": 1, ""session_key"": 11227}",0,http_429,"{""detail"":""Rate limit exceeded. Max 30 requests/minute."",""error"":""Too Many Requests""}",0.504
2026-08-22T16:54:43.460458Z,drivers,drivers_by_observed_driver_number,"{""driver_number"": 3, ""session_key"": 11227}",0,http_429,"{""detail"":""Rate limit exceeded. Max 30 requests/minute."",""error"":""Too Many Requests""}",0.51
2026-08-22T16:54:44.062570Z,drivers,drivers_by_observed_driver_number,"{""driver_number"": 5, ""session_key"": 11227}",0,http_429,"{""detail"":""Rate limit exceeded. Max 30 requests/minute."",""error"":""Too Many Requests""}",0.501
2026-08-22T16:54:44.653941Z,drivers,drivers_by_observed_driver_number,"{""driver_number"": 6, ""session_key"": 11227}",0,http_429,"{""detail"":""Rate limit exceeded. Max 30 requests/minute."",""error"":""Too Many Requests""}",0.49
2026-08-22T16:54:45.257815Z,drivers,drivers_by_observed_driver_number,"{""driver_number"": 10, ""session_key"": 11227}",0,http_429,"{""detail"":""Rate limit exceeded. Max 30 requests/minute."",""error"":""Too Many Requests""}",0.503
2026-08-22T16:54:45.847787Z,drivers,drivers_by_observed_driver_number,"{""driver_number"": 11, ""session_key"": 11227}",0,http_429,"{""detail"":""Rate limit exceeded. Max 30 requests/minute."",""error"":""Too Many Requests""}",0.489
2026-08-22T16:54:46.443847Z,drivers,drivers_by_observed_driver_number,"{""driver_number"": 12, ""session_key"": 11227}",0,http_429,"{""detail"":""Rate limit exceeded. Max 30 requests/minute."",""error"":""Too Many Requests""}",0.495
2026-08-22T16:54:47.050248Z,drivers,drivers_by_observed_driver_number,"{""driver_number"": 14, ""session_key"": 11227}",0,http_429,"{""detail"":""Rate limit exceeded. Max 30 requests/minute."",""error"":""Too Many Requests""}",0.505
2026-08-22T16:54:47.650774Z,drivers,drivers_by_observed_driver_number,"{""driver_number"": 16, ""session_key"": 11227}",0,http_429,"{""detail"":""Rate limit exceeded. Max 30 requests/minute."",""error"":""Too Many Requests""}",0.499
2026-08-22T16:54:48.255036Z,drivers,drivers_by_observed_driver_number,"{""driver_number"": 18, ""session_key"": 11227}",0,http_429,"{""detail"":""Rate limit exceeded. Max 30 requests/minute."",""error"":""Too Many Requests""}",0.503
2026-08-22T16:54:48.855753Z,drivers,drivers_by_observed_driver_number,"{""driver_number"": 23, ""session_key"": 11227}",0,http_429,"{""detail"":""Rate limit exceeded. Max 30 requests/minute."",""error"":""Too Many Requests""}",0.5
2026-08-22T16:54:49.457812Z,drivers,drivers_by_observed_driver_number,"{""driver_number"": 27, ""session_key"": 11227}",0,http_429,"{""detail"":""Rate limit exceeded. Max 30 requests/minute."",""error"":""Too Many Requests""}",0.501
2026-08-22T16:54:50.068092Z,drivers,drivers_by_observed_driver_number,"{""driver_number"": 30, ""session_key"": 11227}",0,http_429,"{""detail"":""Rate limit exceeded. Max 30 requests/minute."",""error"":""Too Many Requests""}",0.509
2026-08-22T16:54:50.673609Z,drivers,drivers_by_observed_driver_number,"{""driver_number"": 31, ""session_key"": 11227}",0,http_429,"{""detail"":""Rate limit exceeded. Max 30 requests/minute."",""error"":""Too Many Requests""}",0.504
2026-08-22T16:54:51.264876Z,drivers,drivers_by_observed_driver_number,"{""driver_number"": 41, ""session_key"": 11227}",0,http_429,"{""detail"":""Rate limit exceeded. Max 30 requests/minute."",""error"":""Too Many Requests""}",0.49
2026-08-22T16:54:51.865732Z,drivers,drivers_by_observed_driver_number,"{""driver_number"": 43, ""session_key"": 11227}",0,http_429,"{""detail"":""Rate limit exceeded. Max 30 requests/minute."",""error"":""Too Many Requests""}",0.5
2026-08-22T16:54:52.455805Z,drivers,drivers_by_observed_driver_number,"{""driver_number"": 44, ""session_key"": 11227}",0,http_429,"{""detail"":""Rate limit exceeded. Max 30 requests/minute."",""error"":""Too Many Requests""}",0.489
2026-08-22T16:54:53.052004Z,drivers,drivers_by_observed_driver_number,"{""driver_number"": 55, ""session_key"": 11227}",0,http_429,"{""detail"":""Rate limit exceeded. Max 30 requests/minute."",""error"":""Too Many Requests""}",0.495
2026-08-22T16:54:53.657365Z,drivers,drivers_by_observed_driver_number,"{""driver_number"": 63, ""session_key"": 11227}",0,http_429,"{""detail"":""Rate limit exceeded. Max 30 requests/minute."",""error"":""Too Many Requests""}",0.504
2026-08-22T16:54:54.259749Z,drivers,drivers_by_observed_driver_number,"{""driver_number"": 77, ""session_key"": 11227}",0,http_429,"{""detail"":""Rate limit exceeded. Max 30 requests/minute."",""error"":""Too Many Requests""}",0.501
2026-08-22T16:54:54.862625Z,drivers,drivers_by_observed_driver_number,"{""driver_number"": 81, ""session_key"": 11227}",0,http_429,"{""detail"":""Rate limit exceeded. Max 30 requests/minute."",""error"":""Too Many Requests""}",0.502
2026-08-22T16:54:55.464665Z,drivers,drivers_by_observed_driver_number,"{""driver_number"": 87, ""session_key"": 11227}",0,http_429,"{""detail"":""Rate limit exceeded. Max 30 requests/minute."",""error"":""Too Many Requests""}",0.501
2026-08-22T16:54:56.067040Z,drivers,drivers_by_observed_driver_number,"{""driver_number"": 241, ""session_key"": 11227}",0,http_429,"{""detail"":""Rate limit exceeded. Max 30 requests/minute."",""error"":""Too Many Requests""}",0.501
2026-08-22T16:54:56.686292Z,drivers,drivers_by_observed_driver_number,"{""driver_number"": 243, ""session_key"": 11227}",0,http_429,"{""detail"":""Rate limit exceeded. Max 30 requests/minute."",""error"":""Too Many Requests""}",0.518
2026-08-22T16:54:57.290703Z,drivers,drivers_by_observed_driver_number,"{""driver_number"": 247, ""session_key"": 11227}",0,http_429,"{""detail"":""Rate limit exceeded. Max 30 requests/minute."",""error"":""Too Many Requests""}",0.503
2026-08-22T16:54:57.882268Z,team_radio,team_radio_by_session_key_opportunistic,"{""session_key"": 11227}",0,http_429,"{""detail"":""Rate limit exceeded. Max 30 requests/minute."",""error"":""Too Many Requests""}",0.49
2026-08-22T16:54:58.483573Z,weather,weather_by_session_key,"{""session_key"": 11228}",0,http_429,"{""detail"":""Rate limit exceeded. Max 30 requests/minute."",""error"":""Too Many Requests""}",0.5
2026-08-22T16:54:59.072847Z,race_control,race_control_by_session_key,"{""session_key"": 11228}",0,http_429,"{""detail"":""Rate limit exceeded. Max 30 requests/minute."",""error"":""Too Many Requests""}",0.488
2026-08-22T16:54:59.674893Z,intervals,intervals_by_session_key,"{""session_key"": 11228}",0,http_429,"{""detail"":""Rate limit exceeded. Max 30 requests/minute."",""error"":""Too Many Requests""}",0.501
2026-08-22T16:55:00.284729Z,position,position_by_session_key,"{""session_key"": 11228}",550,pass,,0.509
2026-08-22T16:55:00.892376Z,stints,stints_by_session_key,"{""session_key"": 11228}",86,pass,,0.506
2026-08-22T16:55:00.994277Z,pit,skip_non_race_like_session,"{""session_key"": 11228}",0,skipped_not_applicable,pit endpoint is only treated as required for race/sprint-like sessions,0.0
2026-08-22T16:55:01.511087Z,starting_grid,starting_grid_by_session_key,"{""session_key"": 11228}",0,http_404,"{""detail"":""No results found.""}",0.517
2026-08-22T16:55:02.115746Z,drivers,drivers_by_session_key,"{""session_key"": 11228}",22,pass,,0.504
2026-08-22T16:55:02.728621Z,team_radio,team_radio_by_session_key_opportunistic,"{""session_key"": 11228}",1,pass,,0.511
2026-08-22T16:55:03.345463Z,weather,weather_by_session_key,"{""session_key"": 11229}",90,pass,,0.515
2026-08-22T16:55:03.954305Z,race_control,race_control_by_session_key,"{""session_key"": 11229}",66,pass,,0.507
2026-08-22T16:55:04.548813Z,intervals,intervals_by_session_key,"{""session_key"": 11229}",0,http_404,"{""detail"":""No results found.""}",0.493
2026-08-22T16:55:05.178865Z,position,position_by_session_key,"{""session_key"": 11229}",473,pass,,0.529
2026-08-22T16:55:05.777706Z,stints,stints_by_session_key,"{""session_key"": 11229}",78,pass,,0.497
2026-08-22T16:55:05.879444Z,pit,skip_non_race_like_session,"{""session_key"": 11229}",0,skipped_not_applicable,pit endpoint is only treated as required for race/sprint-like sessions,0.0
2026-08-22T16:55:06.382032Z,starting_grid,starting_grid_by_session_key,"{""session_key"": 11229}",0,http_404,"{""detail"":""No results found.""}",0.502
2026-08-22T16:55:06.976551Z,drivers,drivers_by_session_key,"{""session_key"": 11229}",22,pass,,0.493
2026-08-22T16:55:07.582767Z,team_radio,team_radio_by_session_key_opportunistic,"{""session_key"": 11229}",1,pass,,0.504
2026-08-22T16:55:08.192400Z,weather,weather_by_session_key,"{""session_key"": 11230}",95,pass,,0.508
2026-08-22T16:55:08.801948Z,race_control,race_control_by_session_key,"{""session_key"": 11230}",109,pass,,0.508
2026-08-22T16:55:09.409219Z,intervals,intervals_by_session_key,"{""session_key"": 11230}",0,http_404,"{""detail"":""No results found.""}",0.505
2026-08-22T16:55:10.059509Z,position,position_by_session_key,"{""session_key"": 11230}",1070,pass,,0.549
2026-08-22T16:55:10.670714Z,stints,stints_by_session_key,"{""session_key"": 11230}",99,pass,,0.509
2026-08-22T16:55:10.772585Z,pit,skip_non_race_like_session,"{""session_key"": 11230}",0,skipped_not_applicable,pit endpoint is only treated as required for race/sprint-like sessions,0.0
2026-08-22T16:55:11.264823Z,starting_grid,starting_grid_by_session_key,"{""session_key"": 11230}",22,pass,,0.492
2026-08-22T16:55:11.870621Z,drivers,drivers_by_session_key,"{""session_key"": 11230}",22,pass,,0.504
2026-08-22T16:55:12.465706Z,team_radio,team_radio_by_session_key_opportunistic,"{""session_key"": 11230}",0,http_404,"{""detail"":""No results found.""}",0.493
2026-08-22T16:55:13.095971Z,weather,weather_by_session_key,"{""session_key"": 11234}",148,pass,,0.529
2026-08-22T16:55:13.708185Z,race_control,race_control_by_session_key,"{""session_key"": 11234}",169,pass,,0.51
2026-08-22T16:55:16.310855Z,intervals,intervals_by_session_key,"{""session_key"": 11234}",22276,pass,,2.501
2026-08-22T16:55:16.937933Z,position,position_by_session_key,"{""session_key"": 11234}",531,pass,,0.523
2026-08-22T16:55:17.546249Z,stints,stints_by_session_key,"{""session_key"": 11234}",53,pass,,0.506
2026-08-22T16:55:18.160408Z,pit,pit_by_session_key,"{""session_key"": 11234}",36,pass,,0.512
2026-08-22T16:55:18.753090Z,starting_grid,starting_grid_by_session_key,"{""session_key"": 11234}",0,http_404,"{""detail"":""No results found.""}",0.491
2026-08-22T16:55:19.346230Z,drivers,drivers_by_session_key,"{""session_key"": 11234}",22,pass,,0.492
2026-08-22T16:55:19.961431Z,team_radio,team_radio_by_session_key_opportunistic,"{""session_key"": 11234}",0,http_404,"{""detail"":""No results found.""}",0.513
2026-08-22T16:55:20.562745Z,weather,weather_by_session_key,"{""session_key"": 11235}",0,http_429,"{""detail"":""Rate limit exceeded. Max 30 requests/minute."",""error"":""Too Many Requests""}",0.5
2026-08-22T16:55:21.166580Z,race_control,race_control_by_session_key,"{""session_key"": 11235}",0,http_429,"{""detail"":""Rate limit exceeded. Max 30 requests/minute."",""error"":""Too Many Requests""}",0.503
2026-08-22T16:55:21.767491Z,intervals,intervals_by_session_key,"{""session_key"": 11235}",0,http_429,"{""detail"":""Rate limit exceeded. Max 30 requests/minute."",""error"":""Too Many Requests""}",0.5
2026-08-22T16:55:22.356159Z,position,position_by_session_key,"{""session_key"": 11235}",0,http_429,"{""detail"":""Rate limit exceeded. Max 30 requests/minute."",""error"":""Too Many Requests""}",0.488
2026-08-22T16:55:22.957634Z,position,position_by_meeting_key_fallback,"{""meeting_key"": 1280}",0,http_429,"{""detail"":""Rate limit exceeded. Max 30 requests/minute."",""error"":""Too Many Requests""}",0.5
2026-08-22T16:55:23.558090Z,stints,stints_by_session_key,"{""session_key"": 11235}",0,http_429,"{""detail"":""Rate limit exceeded. Max 30 requests/minute."",""error"":""Too Many Requests""}",0.499
2026-08-22T16:55:23.659276Z,pit,skip_non_race_like_session,"{""session_key"": 11235}",0,skipped_not_applicable,pit endpoint is only treated as required for race/sprint-like sessions,0.0
2026-08-22T16:55:24.159915Z,starting_grid,starting_grid_by_session_key,"{""session_key"": 11235}",0,http_429,"{""detail"":""Rate limit exceeded. Max 30 requests/minute."",""error"":""Too Many Requests""}",0.5
2026-08-22T16:55:24.769222Z,drivers,drivers_by_session_key,"{""session_key"": 11235}",0,http_429,"{""detail"":""Rate limit exceeded. Max 30 requests/minute."",""error"":""Too Many Requests""}",0.508
2026-08-22T16:55:25.368022Z,drivers,drivers_by_observed_driver_number,"{""driver_number"": 1, ""session_key"": 11235}",0,http_429,"{""detail"":""Rate limit exceeded. Max 30 requests/minute."",""error"":""Too Many Requests""}",0.491
2026-08-22T16:55:25.958409Z,drivers,drivers_by_observed_driver_number,"{""driver_number"": 3, ""session_key"": 11235}",0,http_429,"{""detail"":""Rate limit exceeded. Max 30 requests/minute."",""error"":""Too Many Requests""}",0.489
2026-08-22T16:55:26.615854Z,drivers,drivers_by_observed_driver_number,"{""driver_number"": 5, ""session_key"": 11235}",0,http_429,"{""detail"":""Rate limit exceeded. Max 30 requests/minute."",""error"":""Too Many Requests""}",0.556
2026-08-22T16:55:27.217077Z,drivers,drivers_by_observed_driver_number,"{""driver_number"": 6, ""session_key"": 11235}",0,http_429,"{""detail"":""Rate limit exceeded. Max 30 requests/minute."",""error"":""Too Many Requests""}",0.5
2026-08-22T16:55:27.819619Z,drivers,drivers_by_observed_driver_number,"{""driver_number"": 10, ""session_key"": 11235}",0,http_429,"{""detail"":""Rate limit exceeded. Max 30 requests/minute."",""error"":""Too Many Requests""}",0.502
2026-08-22T16:55:28.422365Z,drivers,drivers_by_observed_driver_number,"{""driver_number"": 11, ""session_key"": 11235}",0,http_429,"{""detail"":""Rate limit exceeded. Max 30 requests/minute."",""error"":""Too Many Requests""}",0.502
2026-08-22T16:55:29.012431Z,drivers,drivers_by_observed_driver_number,"{""driver_number"": 12, ""session_key"": 11235}",0,http_429,"{""detail"":""Rate limit exceeded. Max 30 requests/minute."",""error"":""Too Many Requests""}",0.489
2026-08-22T16:55:29.613615Z,drivers,drivers_by_observed_driver_number,"{""driver_number"": 14, ""session_key"": 11235}",0,http_429,"{""detail"":""Rate limit exceeded. Max 30 requests/minute."",""error"":""Too Many Requests""}",0.5
2026-08-22T16:55:30.215358Z,drivers,drivers_by_observed_driver_number,"{""driver_number"": 16, ""session_key"": 11235}",0,http_429,"{""detail"":""Rate limit exceeded. Max 30 requests/minute."",""error"":""Too Many Requests""}",0.501
2026-08-22T16:55:30.816766Z,drivers,drivers_by_observed_driver_number,"{""driver_number"": 18, ""session_key"": 11235}",0,http_429,"{""detail"":""Rate limit exceeded. Max 30 requests/minute."",""error"":""Too Many Requests""}",0.5
2026-08-22T16:55:31.425656Z,drivers,drivers_by_observed_driver_number,"{""driver_number"": 23, ""session_key"": 11235}",0,http_429,"{""detail"":""Rate limit exceeded. Max 30 requests/minute."",""error"":""Too Many Requests""}",0.508
2026-08-22T16:55:32.016140Z,drivers,drivers_by_observed_driver_number,"{""driver_number"": 27, ""session_key"": 11235}",0,http_429,"{""detail"":""Rate limit exceeded. Max 30 requests/minute."",""error"":""Too Many Requests""}",0.489
2026-08-22T16:55:32.605854Z,drivers,drivers_by_observed_driver_number,"{""driver_number"": 30, ""session_key"": 11235}",0,http_429,"{""detail"":""Rate limit exceeded. Max 30 requests/minute."",""error"":""Too Many Requests""}",0.489
2026-08-22T16:55:33.210453Z,drivers,drivers_by_observed_driver_number,"{""driver_number"": 31, ""session_key"": 11235}",0,http_429,"{""detail"":""Rate limit exceeded. Max 30 requests/minute."",""error"":""Too Many Requests""}",0.503
2026-08-22T16:55:33.818390Z,drivers,drivers_by_observed_driver_number,"{""driver_number"": 41, ""session_key"": 11235}",0,http_429,"{""detail"":""Rate limit exceeded. Max 30 requests/minute."",""error"":""Too Many Requests""}",0.507
2026-08-22T16:55:34.420860Z,drivers,drivers_by_observed_driver_number,"{""driver_number"": 43, ""session_key"": 11235}",0,http_429,"{""detail"":""Rate limit exceeded. Max 30 requests/minute."",""error"":""Too Many Requests""}",0.501
2026-08-22T16:55:35.024756Z,drivers,drivers_by_observed_driver_number,"{""driver_number"": 44, ""session_key"": 11235}",0,http_429,"{""detail"":""Rate limit exceeded. Max 30 requests/minute."",""error"":""Too Many Requests""}",0.503
2026-08-22T16:55:35.616238Z,drivers,drivers_by_observed_driver_number,"{""driver_number"": 55, ""session_key"": 11235}",0,http_429,"{""detail"":""Rate limit exceeded. Max 30 requests/minute."",""error"":""Too Many Requests""}",0.49
2026-08-22T16:55:36.234835Z,drivers,drivers_by_observed_driver_number,"{""driver_number"": 63, ""session_key"": 11235}",0,http_429,"{""detail"":""Rate limit exceeded. Max 30 requests/minute."",""error"":""Too Many Requests""}",0.517
2026-08-22T16:55:36.835210Z,drivers,drivers_by_observed_driver_number,"{""driver_number"": 77, ""session_key"": 11235}",0,http_429,"{""detail"":""Rate limit exceeded. Max 30 requests/minute."",""error"":""Too Many Requests""}",0.499
2026-08-22T16:55:37.436550Z,drivers,drivers_by_observed_driver_number,"{""driver_number"": 81, ""session_key"": 11235}",0,http_429,"{""detail"":""Rate limit exceeded. Max 30 requests/minute."",""error"":""Too Many Requests""}",0.5
2026-08-22T16:55:38.044707Z,drivers,drivers_by_observed_driver_number,"{""driver_number"": 87, ""session_key"": 11235}",0,http_429,"{""detail"":""Rate limit exceeded. Max 30 requests/minute."",""error"":""Too Many Requests""}",0.507
2026-08-22T16:55:38.639055Z,drivers,drivers_by_observed_driver_number,"{""driver_number"": 241, ""session_key"": 11235}",0,http_429,"{""detail"":""Rate limit exceeded. Max 30 requests/minute."",""error"":""Too Many Requests""}",0.493
2026-08-22T16:55:39.229814Z,drivers,drivers_by_observed_driver_number,"{""driver_number"": 243, ""session_key"": 11235}",0,http_429,"{""detail"":""Rate limit exceeded. Max 30 requests/minute."",""error"":""Too Many Requests""}",0.49
2026-08-22T16:55:39.831942Z,drivers,drivers_by_observed_driver_number,"{""driver_number"": 247, ""session_key"": 11235}",0,http_429,"{""detail"":""Rate limit exceeded. Max 30 requests/minute."",""error"":""Too Many Requests""}",0.501
2026-08-22T16:55:40.432791Z,team_radio,team_radio_by_session_key_opportunistic,"{""session_key"": 11235}",0,http_429,"{""detail"":""Rate limit exceeded. Max 30 requests/minute."",""error"":""Too Many Requests""}",0.499
2026-08-22T16:55:41.035149Z,weather,weather_by_session_key,"{""session_key"": 11236}",0,http_429,"{""detail"":""Rate limit exceeded. Max 30 requests/minute."",""error"":""Too Many Requests""}",0.501
2026-08-22T16:55:41.637128Z,race_control,race_control_by_session_key,"{""session_key"": 11236}",0,http_429,"{""detail"":""Rate limit exceeded. Max 30 requests/minute."",""error"":""Too Many Requests""}",0.501
2026-08-22T16:55:42.227862Z,intervals,intervals_by_session_key,"{""session_key"": 11236}",0,http_429,"{""detail"":""Rate limit exceeded. Max 30 requests/minute."",""error"":""Too Many Requests""}",0.49
2026-08-22T16:55:42.830391Z,position,position_by_session_key,"{""session_key"": 11236}",0,http_429,"{""detail"":""Rate limit exceeded. Max 30 requests/minute."",""error"":""Too Many Requests""}",0.501
2026-08-22T16:55:43.439921Z,position,position_by_meeting_key_fallback,"{""meeting_key"": 1280}",0,http_429,"{""detail"":""Rate limit exceeded. Max 30 requests/minute."",""error"":""Too Many Requests""}",0.508
2026-08-22T16:55:44.041837Z,stints,stints_by_session_key,"{""session_key"": 11236}",0,http_429,"{""detail"":""Rate limit exceeded. Max 30 requests/minute."",""error"":""Too Many Requests""}",0.501
2026-08-22T16:55:44.650615Z,pit,pit_by_session_key,"{""session_key"": 11236}",0,http_429,"{""detail"":""Rate limit exceeded. Max 30 requests/minute."",""error"":""Too Many Requests""}",0.508
2026-08-22T16:55:45.243551Z,starting_grid,starting_grid_by_session_key,"{""session_key"": 11236}",0,http_429,"{""detail"":""Rate limit exceeded. Max 30 requests/minute."",""error"":""Too Many Requests""}",0.492
2026-08-22T16:55:45.834634Z,drivers,drivers_by_session_key,"{""session_key"": 11236}",0,http_429,"{""detail"":""Rate limit exceeded. Max 30 requests/minute."",""error"":""Too Many Requests""}",0.49
2026-08-22T16:55:46.442396Z,drivers,drivers_by_observed_driver_number,"{""driver_number"": 1, ""session_key"": 11236}",0,http_429,"{""detail"":""Rate limit exceeded. Max 30 requests/minute."",""error"":""Too Many Requests""}",0.5
2026-08-22T16:55:47.043995Z,drivers,drivers_by_observed_driver_number,"{""driver_number"": 3, ""session_key"": 11236}",0,http_429,"{""detail"":""Rate limit exceeded. Max 30 requests/minute."",""error"":""Too Many Requests""}",0.501
2026-08-22T16:55:47.648040Z,drivers,drivers_by_observed_driver_number,"{""driver_number"": 5, ""session_key"": 11236}",0,http_429,"{""detail"":""Rate limit exceeded. Max 30 requests/minute."",""error"":""Too Many Requests""}",0.503
2026-08-22T16:55:48.250383Z,drivers,drivers_by_observed_driver_number,"{""driver_number"": 6, ""session_key"": 11236}",0,http_429,"{""detail"":""Rate limit exceeded. Max 30 requests/minute."",""error"":""Too Many Requests""}",0.501
2026-08-22T16:55:48.839874Z,drivers,drivers_by_observed_driver_number,"{""driver_number"": 10, ""session_key"": 11236}",0,http_429,"{""detail"":""Rate limit exceeded. Max 30 requests/minute."",""error"":""Too Many Requests""}",0.488
2026-08-22T16:55:49.441352Z,drivers,drivers_by_observed_driver_number,"{""driver_number"": 11, ""session_key"": 11236}",0,http_429,"{""detail"":""Rate limit exceeded. Max 30 requests/minute."",""error"":""Too Many Requests""}",0.5
2026-08-22T16:55:50.041018Z,drivers,drivers_by_observed_driver_number,"{""driver_number"": 12, ""session_key"": 11236}",0,http_429,"{""detail"":""Rate limit exceeded. Max 30 requests/minute."",""error"":""Too Many Requests""}",0.499
2026-08-22T16:55:50.643529Z,drivers,drivers_by_observed_driver_number,"{""driver_number"": 14, ""session_key"": 11236}",0,http_429,"{""detail"":""Rate limit exceeded. Max 30 requests/minute."",""error"":""Too Many Requests""}",0.501
2026-08-22T16:55:51.252871Z,drivers,drivers_by_observed_driver_number,"{""driver_number"": 16, ""session_key"": 11236}",0,http_429,"{""detail"":""Rate limit exceeded. Max 30 requests/minute."",""error"":""Too Many Requests""}",0.508
2026-08-22T16:55:51.848213Z,drivers,drivers_by_observed_driver_number,"{""driver_number"": 18, ""session_key"": 11236}",0,http_429,"{""detail"":""Rate limit exceeded. Max 30 requests/minute."",""error"":""Too Many Requests""}",0.494
2026-08-22T16:55:52.439326Z,drivers,drivers_by_observed_driver_number,"{""driver_number"": 23, ""session_key"": 11236}",0,http_429,"{""detail"":""Rate limit exceeded. Max 30 requests/minute."",""error"":""Too Many Requests""}",0.49
2026-08-22T16:55:53.041438Z,drivers,drivers_by_observed_driver_number,"{""driver_number"": 27, ""session_key"": 11236}",0,http_429,"{""detail"":""Rate limit exceeded. Max 30 requests/minute."",""error"":""Too Many Requests""}",0.501
2026-08-22T16:55:53.643298Z,drivers,drivers_by_observed_driver_number,"{""driver_number"": 30, ""session_key"": 11236}",0,http_429,"{""detail"":""Rate limit exceeded. Max 30 requests/minute."",""error"":""Too Many Requests""}",0.501
2026-08-22T16:55:54.248738Z,drivers,drivers_by_observed_driver_number,"{""driver_number"": 31, ""session_key"": 11236}",0,http_429,"{""detail"":""Rate limit exceeded. Max 30 requests/minute."",""error"":""Too Many Requests""}",0.504
2026-08-22T16:55:54.851508Z,drivers,drivers_by_observed_driver_number,"{""driver_number"": 41, ""session_key"": 11236}",0,http_429,"{""detail"":""Rate limit exceeded. Max 30 requests/minute."",""error"":""Too Many Requests""}",0.502
2026-08-22T16:55:55.440530Z,drivers,drivers_by_observed_driver_number,"{""driver_number"": 43, ""session_key"": 11236}",0,http_429,"{""detail"":""Rate limit exceeded. Max 30 requests/minute."",""error"":""Too Many Requests""}",0.488
2026-08-22T16:55:56.041666Z,drivers,drivers_by_observed_driver_number,"{""driver_number"": 44, ""session_key"": 11236}",0,http_429,"{""detail"":""Rate limit exceeded. Max 30 requests/minute."",""error"":""Too Many Requests""}",0.5
2026-08-22T16:55:56.643859Z,drivers,drivers_by_observed_driver_number,"{""driver_number"": 55, ""session_key"": 11236}",0,http_429,"{""detail"":""Rate limit exceeded. Max 30 requests/minute."",""error"":""Too Many Requests""}",0.501
2026-08-22T16:55:57.263863Z,drivers,drivers_by_observed_driver_number,"{""driver_number"": 63, ""session_key"": 11236}",0,http_429,"{""detail"":""Rate limit exceeded. Max 30 requests/minute."",""error"":""Too Many Requests""}",0.519
2026-08-22T16:55:57.872020Z,drivers,drivers_by_observed_driver_number,"{""driver_number"": 77, ""session_key"": 11236}",0,http_429,"{""detail"":""Rate limit exceeded. Max 30 requests/minute."",""error"":""Too Many Requests""}",0.507
2026-08-22T16:55:58.465045Z,drivers,drivers_by_observed_driver_number,"{""driver_number"": 81, ""session_key"": 11236}",0,http_429,"{""detail"":""Rate limit exceeded. Max 30 requests/minute."",""error"":""Too Many Requests""}",0.492
2026-08-22T16:55:59.056021Z,drivers,drivers_by_observed_driver_number,"{""driver_number"": 87, ""session_key"": 11236}",0,http_429,"{""detail"":""Rate limit exceeded. Max 30 requests/minute."",""error"":""Too Many Requests""}",0.49
2026-08-22T16:55:59.656843Z,drivers,drivers_by_observed_driver_number,"{""driver_number"": 241, ""session_key"": 11236}",0,http_429,"{""detail"":""Rate limit exceeded. Max 30 requests/minute."",""error"":""Too Many Requests""}",0.5
2026-08-22T16:56:00.260531Z,drivers,drivers_by_observed_driver_number,"{""driver_number"": 243, ""session_key"": 11236}",0,http_404,"{""detail"":""No results found.""}",0.503
2026-08-22T16:56:00.864748Z,drivers,drivers_by_observed_driver_number,"{""driver_number"": 247, ""session_key"": 11236}",0,http_404,"{""detail"":""No results found.""}",0.503
2026-08-22T16:56:01.467560Z,team_radio,team_radio_by_session_key_opportunistic,"{""session_key"": 11236}",0,http_404,"{""detail"":""No results found.""}",0.502
2026-08-22T16:56:02.066005Z,weather,weather_by_session_key,"{""session_key"": 11240}",83,pass,,0.497
2026-08-22T16:56:02.673311Z,race_control,race_control_by_session_key,"{""session_key"": 11240}",51,pass,,0.505
2026-08-22T16:56:04.165198Z,intervals,intervals_by_session_key,"{""session_key"": 11240}",9019,pass,,1.39
2026-08-22T16:56:04.782652Z,position,position_by_session_key,"{""session_key"": 11240}",351,pass,,0.515
2026-08-22T16:56:05.400558Z,stints,stints_by_session_key,"{""session_key"": 11240}",22,pass,,0.516
2026-08-22T16:56:05.993690Z,pit,pit_by_session_key,"{""session_key"": 11240}",12,pass,,0.491
2026-08-22T16:56:06.596726Z,starting_grid,starting_grid_by_session_key,"{""session_key"": 11240}",0,http_404,"{""detail"":""No results found.""}",0.501
2026-08-22T16:56:07.200986Z,drivers,drivers_by_session_key,"{""session_key"": 11240}",22,pass,,0.503
2026-08-22T16:56:07.807592Z,team_radio,team_radio_by_session_key_opportunistic,"{""session_key"": 11240}",0,http_404,"{""detail"":""No results found.""}",0.505
2026-08-22T16:56:08.406864Z,weather,weather_by_session_key,"{""session_key"": 11241}",79,pass,,0.498
2026-08-22T16:56:09.012902Z,race_control,race_control_by_session_key,"{""session_key"": 11241}",47,pass,,0.504
2026-08-22T16:56:09.615745Z,intervals,intervals_by_session_key,"{""session_key"": 11241}",0,http_404,"{""detail"":""No results found.""}",0.501
2026-08-22T16:56:10.251672Z,position,position_by_session_key,"{""session_key"": 11241}",922,pass,,0.535
2026-08-22T16:56:10.858191Z,stints,stints_by_session_key,"{""session_key"": 11241}",42,pass,,0.505
2026-08-22T16:56:10.960032Z,pit,skip_non_race_like_session,"{""session_key"": 11241}",0,skipped_not_applicable,pit endpoint is only treated as required for race/sprint-like sessions,0.0
2026-08-22T16:56:11.469200Z,starting_grid,starting_grid_by_session_key,"{""session_key"": 11241}",22,pass,,0.509
2026-08-22T16:56:12.085521Z,drivers,drivers_by_session_key,"{""session_key"": 11241}",22,pass,,0.515
2026-08-22T16:56:12.680902Z,team_radio,team_radio_by_session_key_opportunistic,"{""session_key"": 11241}",0,http_404,"{""detail"":""No results found.""}",0.493
2026-08-22T16:56:13.306051Z,weather,weather_by_session_key,"{""session_key"": 11245}",152,pass,,0.524
2026-08-22T16:56:13.915467Z,race_control,race_control_by_session_key,"{""session_key"": 11245}",88,pass,,0.508
2026-08-22T16:56:16.095323Z,intervals,intervals_by_session_key,"{""session_key"": 11245}",20663,pass,,2.078
2026-08-22T16:56:16.720041Z,position,position_by_session_key,"{""session_key"": 11245}",524,pass,,0.521
2026-08-22T16:56:17.323781Z,stints,stints_by_session_key,"{""session_key"": 11245}",41,pass,,0.502
2026-08-22T16:56:17.927883Z,pit,pit_by_session_key,"{""session_key"": 11245}",19,pass,,0.502
2026-08-22T16:56:18.537851Z,starting_grid,starting_grid_by_session_key,"{""session_key"": 11245}",0,http_404,"{""detail"":""No results found.""}",0.508
2026-08-22T16:56:19.130668Z,drivers,drivers_by_session_key,"{""session_key"": 11245}",22,pass,,0.492
2026-08-22T16:56:19.734298Z,team_radio,team_radio_by_session_key_opportunistic,"{""session_key"": 11245}",0,http_404,"{""detail"":""No results found.""}",0.502
2026-08-22T16:56:20.341085Z,weather,weather_by_session_key,"{""session_key"": 11246}",83,pass,,0.505
2026-08-22T16:56:20.942838Z,race_control,race_control_by_session_key,"{""session_key"": 11246}",0,http_429,"{""detail"":""Rate limit exceeded. Max 30 requests/minute."",""error"":""Too Many Requests""}",0.5
2026-08-22T16:56:21.531977Z,intervals,intervals_by_session_key,"{""session_key"": 11246}",0,http_429,"{""detail"":""Rate limit exceeded. Max 30 requests/minute."",""error"":""Too Many Requests""}",0.488
2026-08-22T16:56:22.134291Z,position,position_by_session_key,"{""session_key"": 11246}",0,http_429,"{""detail"":""Rate limit exceeded. Max 30 requests/minute."",""error"":""Too Many Requests""}",0.501
2026-08-22T16:56:22.736753Z,position,position_by_meeting_key_fallback,"{""meeting_key"": 1281}",0,http_429,"{""detail"":""Rate limit exceeded. Max 30 requests/minute."",""error"":""Too Many Requests""}",0.501
2026-08-22T16:56:23.337693Z,stints,stints_by_session_key,"{""session_key"": 11246}",0,http_429,"{""detail"":""Rate limit exceeded. Max 30 requests/minute."",""error"":""Too Many Requests""}",0.5
2026-08-22T16:56:23.439046Z,pit,skip_non_race_like_session,"{""session_key"": 11246}",0,skipped_not_applicable,pit endpoint is only treated as required for race/sprint-like sessions,0.0
2026-08-22T16:56:23.938064Z,starting_grid,starting_grid_by_session_key,"{""session_key"": 11246}",0,http_429,"{""detail"":""Rate limit exceeded. Max 30 requests/minute."",""error"":""Too Many Requests""}",0.499
2026-08-22T16:56:24.538449Z,drivers,drivers_by_session_key,"{""session_key"": 11246}",0,http_429,"{""detail"":""Rate limit exceeded. Max 30 requests/minute."",""error"":""Too Many Requests""}",0.499
2026-08-22T16:56:25.156599Z,drivers,drivers_by_observed_driver_number,"{""driver_number"": 1, ""session_key"": 11246}",0,http_429,"{""detail"":""Rate limit exceeded. Max 30 requests/minute."",""error"":""Too Many Requests""}",0.507
2026-08-22T16:56:25.745202Z,drivers,drivers_by_observed_driver_number,"{""driver_number"": 3, ""session_key"": 11246}",0,http_429,"{""detail"":""Rate limit exceeded. Max 30 requests/minute."",""error"":""Too Many Requests""}",0.488
2026-08-22T16:56:26.347604Z,drivers,drivers_by_observed_driver_number,"{""driver_number"": 5, ""session_key"": 11246}",0,http_429,"{""detail"":""Rate limit exceeded. Max 30 requests/minute."",""error"":""Too Many Requests""}",0.501
2026-08-22T16:56:26.949908Z,drivers,drivers_by_observed_driver_number,"{""driver_number"": 6, ""session_key"": 11246}",0,http_429,"{""detail"":""Rate limit exceeded. Max 30 requests/minute."",""error"":""Too Many Requests""}",0.501
2026-08-22T16:56:27.550011Z,drivers,drivers_by_observed_driver_number,"{""driver_number"": 10, ""session_key"": 11246}",0,http_429,"{""detail"":""Rate limit exceeded. Max 30 requests/minute."",""error"":""Too Many Requests""}",0.499
2026-08-22T16:56:28.138797Z,drivers,drivers_by_observed_driver_number,"{""driver_number"": 11, ""session_key"": 11246}",0,http_429,"{""detail"":""Rate limit exceeded. Max 30 requests/minute."",""error"":""Too Many Requests""}",0.488
2026-08-22T16:56:28.741928Z,drivers,drivers_by_observed_driver_number,"{""driver_number"": 12, ""session_key"": 11246}",0,http_429,"{""detail"":""Rate limit exceeded. Max 30 requests/minute."",""error"":""Too Many Requests""}",0.502
2026-08-22T16:56:29.344296Z,drivers,drivers_by_observed_driver_number,"{""driver_number"": 14, ""session_key"": 11246}",0,http_429,"{""detail"":""Rate limit exceeded. Max 30 requests/minute."",""error"":""Too Many Requests""}",0.501
2026-08-22T16:56:29.945413Z,drivers,drivers_by_observed_driver_number,"{""driver_number"": 16, ""session_key"": 11246}",0,http_429,"{""detail"":""Rate limit exceeded. Max 30 requests/minute."",""error"":""Too Many Requests""}",0.5
2026-08-22T16:56:30.545851Z,drivers,drivers_by_observed_driver_number,"{""driver_number"": 18, ""session_key"": 11246}",0,http_429,"{""detail"":""Rate limit exceeded. Max 30 requests/minute."",""error"":""Too Many Requests""}",0.499
2026-08-22T16:56:31.148050Z,drivers,drivers_by_observed_driver_number,"{""driver_number"": 23, ""session_key"": 11246}",0,http_429,"{""detail"":""Rate limit exceeded. Max 30 requests/minute."",""error"":""Too Many Requests""}",0.501
2026-08-22T16:56:31.755622Z,drivers,drivers_by_observed_driver_number,"{""driver_number"": 27, ""session_key"": 11246}",0,http_429,"{""detail"":""Rate limit exceeded. Max 30 requests/minute."",""error"":""Too Many Requests""}",0.506
2026-08-22T16:56:32.344071Z,drivers,drivers_by_observed_driver_number,"{""driver_number"": 30, ""session_key"": 11246}",0,http_429,"{""detail"":""Rate limit exceeded. Max 30 requests/minute."",""error"":""Too Many Requests""}",0.487
2026-08-22T16:56:32.946330Z,drivers,drivers_by_observed_driver_number,"{""driver_number"": 31, ""session_key"": 11246}",0,http_429,"{""detail"":""Rate limit exceeded. Max 30 requests/minute."",""error"":""Too Many Requests""}",0.501
2026-08-22T16:56:33.548057Z,drivers,drivers_by_observed_driver_number,"{""driver_number"": 41, ""session_key"": 11246}",0,http_429,"{""detail"":""Rate limit exceeded. Max 30 requests/minute."",""error"":""Too Many Requests""}",0.501
2026-08-22T16:56:34.149821Z,drivers,drivers_by_observed_driver_number,"{""driver_number"": 43, ""session_key"": 11246}",0,http_429,"{""detail"":""Rate limit exceeded. Max 30 requests/minute."",""error"":""Too Many Requests""}",0.501
2026-08-22T16:56:34.739529Z,drivers,drivers_by_observed_driver_number,"{""driver_number"": 44, ""session_key"": 11246}",0,http_429,"{""detail"":""Rate limit exceeded. Max 30 requests/minute."",""error"":""Too Many Requests""}",0.489
2026-08-22T16:56:35.341999Z,drivers,drivers_by_observed_driver_number,"{""driver_number"": 55, ""session_key"": 11246}",0,http_429,"{""detail"":""Rate limit exceeded. Max 30 requests/minute."",""error"":""Too Many Requests""}",0.501
2026-08-22T16:56:35.945096Z,drivers,drivers_by_observed_driver_number,"{""driver_number"": 63, ""session_key"": 11246}",0,http_429,"{""detail"":""Rate limit exceeded. Max 30 requests/minute."",""error"":""Too Many Requests""}",0.502
2026-08-22T16:56:36.545625Z,drivers,drivers_by_observed_driver_number,"{""driver_number"": 77, ""session_key"": 11246}",0,http_429,"{""detail"":""Rate limit exceeded. Max 30 requests/minute."",""error"":""Too Many Requests""}",0.499
2026-08-22T16:56:37.147775Z,drivers,drivers_by_observed_driver_number,"{""driver_number"": 81, ""session_key"": 11246}",0,http_429,"{""detail"":""Rate limit exceeded. Max 30 requests/minute."",""error"":""Too Many Requests""}",0.501
2026-08-22T16:56:38.084146Z,drivers,drivers_by_observed_driver_number,"{""driver_number"": 87, ""session_key"": 11246}",0,http_429,"{""detail"":""Rate limit exceeded. Max 30 requests/minute."",""error"":""Too Many Requests""}",0.835
2026-08-22T16:56:38.894866Z,drivers,drivers_by_observed_driver_number,"{""driver_number"": 241, ""session_key"": 11246}",0,http_429,"{""detail"":""Rate limit exceeded. Max 30 requests/minute."",""error"":""Too Many Requests""}",0.71
2026-08-22T16:56:39.699583Z,drivers,drivers_by_observed_driver_number,"{""driver_number"": 243, ""session_key"": 11246}",0,http_429,"{""detail"":""Rate limit exceeded. Max 30 requests/minute."",""error"":""Too Many Requests""}",0.704
2026-08-22T16:56:40.301998Z,drivers,drivers_by_observed_driver_number,"{""driver_number"": 247, ""session_key"": 11246}",0,http_429,"{""detail"":""Rate limit exceeded. Max 30 requests/minute."",""error"":""Too Many Requests""}",0.501
2026-08-22T16:56:41.231355Z,team_radio,team_radio_by_session_key_opportunistic,"{""session_key"": 11246}",0,http_429,"{""detail"":""Rate limit exceeded. Max 30 requests/minute."",""error"":""Too Many Requests""}",0.828
2026-08-22T16:56:41.916700Z,weather,weather_by_session_key,"{""session_key"": 11247}",0,http_429,"{""detail"":""Rate limit exceeded. Max 30 requests/minute."",""error"":""Too Many Requests""}",0.584
2026-08-22T16:56:42.618665Z,race_control,race_control_by_session_key,"{""session_key"": 11247}",0,http_429,"{""detail"":""Rate limit exceeded. Max 30 requests/minute."",""error"":""Too Many Requests""}",0.601
2026-08-22T16:56:43.441863Z,intervals,intervals_by_session_key,"{""session_key"": 11247}",0,http_429,"{""detail"":""Rate limit exceeded. Max 30 requests/minute."",""error"":""Too Many Requests""}",0.722
2026-08-22T16:56:44.043213Z,position,position_by_session_key,"{""session_key"": 11247}",0,http_429,"{""detail"":""Rate limit exceeded. Max 30 requests/minute."",""error"":""Too Many Requests""}",0.5
2026-08-22T16:56:44.707397Z,position,position_by_meeting_key_fallback,"{""meeting_key"": 1281}",0,http_429,"{""detail"":""Rate limit exceeded. Max 30 requests/minute."",""error"":""Too Many Requests""}",0.563
2026-08-22T16:56:45.316755Z,stints,stints_by_session_key,"{""session_key"": 11247}",0,http_429,"{""detail"":""Rate limit exceeded. Max 30 requests/minute."",""error"":""Too Many Requests""}",0.508
2026-08-22T16:56:45.417954Z,pit,skip_non_race_like_session,"{""session_key"": 11247}",0,skipped_not_applicable,pit endpoint is only treated as required for race/sprint-like sessions,0.0
2026-08-22T16:56:45.907135Z,starting_grid,starting_grid_by_session_key,"{""session_key"": 11247}",0,http_429,"{""detail"":""Rate limit exceeded. Max 30 requests/minute."",""error"":""Too Many Requests""}",0.489
2026-08-22T16:56:46.508503Z,drivers,drivers_by_session_key,"{""session_key"": 11247}",0,http_429,"{""detail"":""Rate limit exceeded. Max 30 requests/minute."",""error"":""Too Many Requests""}",0.5
2026-08-22T16:56:47.120379Z,drivers,drivers_by_observed_driver_number,"{""driver_number"": 1, ""session_key"": 11247}",0,http_429,"{""detail"":""Rate limit exceeded. Max 30 requests/minute."",""error"":""Too Many Requests""}",0.502
2026-08-22T16:56:47.713768Z,drivers,drivers_by_observed_driver_number,"{""driver_number"": 3, ""session_key"": 11247}",0,http_429,"{""detail"":""Rate limit exceeded. Max 30 requests/minute."",""error"":""Too Many Requests""}",0.492
2026-08-22T16:56:48.617460Z,drivers,drivers_by_observed_driver_number,"{""driver_number"": 5, ""session_key"": 11247}",0,http_429,"{""detail"":""Rate limit exceeded. Max 30 requests/minute."",""error"":""Too Many Requests""}",0.803
2026-08-22T16:56:49.350770Z,drivers,drivers_by_observed_driver_number,"{""driver_number"": 6, ""session_key"": 11247}",0,http_429,"{""detail"":""Rate limit exceeded. Max 30 requests/minute."",""error"":""Too Many Requests""}",0.632
2026-08-22T16:56:49.950757Z,drivers,drivers_by_observed_driver_number,"{""driver_number"": 10, ""session_key"": 11247}",0,http_429,"{""detail"":""Rate limit exceeded. Max 30 requests/minute."",""error"":""Too Many Requests""}",0.499
2026-08-22T16:56:50.604871Z,drivers,drivers_by_observed_driver_number,"{""driver_number"": 11, ""session_key"": 11247}",0,http_429,"{""detail"":""Rate limit exceeded. Max 30 requests/minute."",""error"":""Too Many Requests""}",0.553
2026-08-22T16:56:51.206768Z,drivers,drivers_by_observed_driver_number,"{""driver_number"": 12, ""session_key"": 11247}",0,http_429,"{""detail"":""Rate limit exceeded. Max 30 requests/minute."",""error"":""Too Many Requests""}",0.501
2026-08-22T16:56:51.888423Z,drivers,drivers_by_observed_driver_number,"{""driver_number"": 14, ""session_key"": 11247}",0,http_429,"{""detail"":""Rate limit exceeded. Max 30 requests/minute."",""error"":""Too Many Requests""}",0.581
2026-08-22T16:56:52.479393Z,drivers,drivers_by_observed_driver_number,"{""driver_number"": 16, ""session_key"": 11247}",0,http_429,"{""detail"":""Rate limit exceeded. Max 30 requests/minute."",""error"":""Too Many Requests""}",0.49
2026-08-22T16:56:53.081446Z,drivers,drivers_by_observed_driver_number,"{""driver_number"": 18, ""session_key"": 11247}",0,http_429,"{""detail"":""Rate limit exceeded. Max 30 requests/minute."",""error"":""Too Many Requests""}",0.501
2026-08-22T16:56:53.687091Z,drivers,drivers_by_observed_driver_number,"{""driver_number"": 23, ""session_key"": 11247}",0,http_429,"{""detail"":""Rate limit exceeded. Max 30 requests/minute."",""error"":""Too Many Requests""}",0.505
2026-08-22T16:56:54.277149Z,drivers,drivers_by_observed_driver_number,"{""driver_number"": 27, ""session_key"": 11247}",0,http_429,"{""detail"":""Rate limit exceeded. Max 30 requests/minute."",""error"":""Too Many Requests""}",0.489
2026-08-22T16:56:55.081319Z,drivers,drivers_by_observed_driver_number,"{""driver_number"": 30, ""session_key"": 11247}",0,http_429,"{""detail"":""Rate limit exceeded. Max 30 requests/minute."",""error"":""Too Many Requests""}",0.703
2026-08-22T16:56:55.684843Z,drivers,drivers_by_observed_driver_number,"{""driver_number"": 31, ""session_key"": 11247}",0,http_429,"{""detail"":""Rate limit exceeded. Max 30 requests/minute."",""error"":""Too Many Requests""}",0.502
2026-08-22T16:56:56.350143Z,drivers,drivers_by_observed_driver_number,"{""driver_number"": 41, ""session_key"": 11247}",0,http_429,"{""detail"":""Rate limit exceeded. Max 30 requests/minute."",""error"":""Too Many Requests""}",0.564
2026-08-22T16:56:56.950330Z,drivers,drivers_by_observed_driver_number,"{""driver_number"": 43, ""session_key"": 11247}",0,http_429,"{""detail"":""Rate limit exceeded. Max 30 requests/minute."",""error"":""Too Many Requests""}",0.499
2026-08-22T16:56:57.552807Z,drivers,drivers_by_observed_driver_number,"{""driver_number"": 44, ""session_key"": 11247}",0,http_429,"{""detail"":""Rate limit exceeded. Max 30 requests/minute."",""error"":""Too Many Requests""}",0.501
2026-08-22T16:56:58.224633Z,drivers,drivers_by_observed_driver_number,"{""driver_number"": 55, ""session_key"": 11247}",0,http_429,"{""detail"":""Rate limit exceeded. Max 30 requests/minute."",""error"":""Too Many Requests""}",0.571
2026-08-22T16:56:58.838512Z,drivers,drivers_by_observed_driver_number,"{""driver_number"": 63, ""session_key"": 11247}",0,http_429,"{""detail"":""Rate limit exceeded. Max 30 requests/minute."",""error"":""Too Many Requests""}",0.513
2026-08-22T16:56:59.529523Z,drivers,drivers_by_observed_driver_number,"{""driver_number"": 77, ""session_key"": 11247}",0,http_429,"{""detail"":""Rate limit exceeded. Max 30 requests/minute."",""error"":""Too Many Requests""}",0.59
2026-08-22T16:57:00.134188Z,drivers,drivers_by_observed_driver_number,"{""driver_number"": 81, ""session_key"": 11247}",1,pass,,0.503
2026-08-22T16:57:00.727287Z,drivers,drivers_by_observed_driver_number,"{""driver_number"": 87, ""session_key"": 11247}",1,pass,,0.492
2026-08-22T16:57:01.539196Z,drivers,drivers_by_observed_driver_number,"{""driver_number"": 241, ""session_key"": 11247}",0,http_404,"{""detail"":""No results found.""}",0.711
2026-08-22T16:57:02.145536Z,drivers,drivers_by_observed_driver_number,"{""driver_number"": 243, ""session_key"": 11247}",0,http_404,"{""detail"":""No results found.""}",0.505
2026-08-22T16:57:02.987513Z,drivers,drivers_by_observed_driver_number,"{""driver_number"": 247, ""session_key"": 11247}",0,http_404,"{""detail"":""No results found.""}",0.741
2026-08-22T16:57:03.594038Z,team_radio,team_radio_by_session_key_opportunistic,"{""session_key"": 11247}",0,http_404,"{""detail"":""No results found.""}",0.503
2026-08-22T16:57:04.201014Z,weather,weather_by_session_key,"{""session_key"": 11248}",80,pass,,0.506
2026-08-22T16:57:04.797160Z,race_control,race_control_by_session_key,"{""session_key"": 11248}",48,pass,,0.494
2026-08-22T16:57:05.409751Z,intervals,intervals_by_session_key,"{""session_key"": 11248}",0,http_404,"{""detail"":""No results found.""}",0.511
2026-08-22T16:57:06.030479Z,position,position_by_session_key,"{""session_key"": 11248}",516,pass,,0.52
2026-08-22T16:57:06.640143Z,stints,stints_by_session_key,"{""session_key"": 11248}",92,pass,,0.508
2026-08-22T16:57:06.741895Z,pit,skip_non_race_like_session,"{""session_key"": 11248}",0,skipped_not_applicable,pit endpoint is only treated as required for race/sprint-like sessions,0.0
2026-08-22T16:57:07.232398Z,starting_grid,starting_grid_by_session_key,"{""session_key"": 11248}",0,http_404,"{""detail"":""No results found.""}",0.49
2026-08-22T16:57:07.835678Z,drivers,drivers_by_session_key,"{""session_key"": 11248}",22,pass,,0.502
2026-08-22T16:57:08.443137Z,team_radio,team_radio_by_session_key_opportunistic,"{""session_key"": 11248}",0,http_404,"{""detail"":""No results found.""}",0.506
2026-08-22T16:57:09.049853Z,weather,weather_by_session_key,"{""session_key"": 11249}",75,pass,,0.505
2026-08-22T16:57:09.654808Z,race_control,race_control_by_session_key,"{""session_key"": 11249}",26,pass,,0.503
2026-08-22T16:57:10.256877Z,intervals,intervals_by_session_key,"{""session_key"": 11249}",0,http_404,"{""detail"":""No results found.""}",0.5
2026-08-22T16:57:10.896006Z,position,position_by_session_key,"{""session_key"": 11249}",950,pass,,0.538
2026-08-22T16:57:11.616370Z,stints,stints_by_session_key,"{""session_key"": 11249}",98,pass,,0.618
2026-08-22T16:57:11.718102Z,pit,skip_non_race_like_session,"{""session_key"": 11249}",0,skipped_not_applicable,pit endpoint is only treated as required for race/sprint-like sessions,0.0
2026-08-22T16:57:12.228642Z,starting_grid,starting_grid_by_session_key,"{""session_key"": 11249}",22,pass,,0.51
2026-08-22T16:57:12.834148Z,drivers,drivers_by_session_key,"{""session_key"": 11249}",22,pass,,0.504
2026-08-22T16:57:13.435911Z,team_radio,team_radio_by_session_key_opportunistic,"{""session_key"": 11249}",0,http_404,"{""detail"":""No results found.""}",0.5
2026-08-22T16:57:14.038443Z,weather,weather_by_session_key,"{""session_key"": 11253}",156,pass,,0.501
2026-08-22T16:57:14.731295Z,race_control,race_control_by_session_key,"{""session_key"": 11253}",49,pass,,0.591
2026-08-22T16:57:17.540739Z,intervals,intervals_by_session_key,"{""session_key"": 11253}",28324,pass,,2.708
2026-08-22T16:57:18.163390Z,position,position_by_session_key,"{""session_key"": 11253}",445,pass,,0.518
2026-08-22T16:57:18.770823Z,stints,stints_by_session_key,"{""session_key"": 11253}",51,pass,,0.506
2026-08-22T16:57:19.384477Z,pit,pit_by_session_key,"{""session_key"": 11253}",29,pass,,0.512
2026-08-22T16:57:19.987072Z,starting_grid,starting_grid_by_session_key,"{""session_key"": 11253}",0,http_404,"{""detail"":""No results found.""}",0.501
2026-08-22T16:57:20.592397Z,drivers,drivers_by_session_key,"{""session_key"": 11253}",22,pass,,0.504
2026-08-22T16:57:21.194107Z,team_radio,team_radio_by_session_key_opportunistic,"{""session_key"": 11253}",0,http_429,"{""detail"":""Rate limit exceeded. Max 30 requests/minute."",""error"":""Too Many Requests""}",0.5
2026-08-22T16:57:21.801477Z,weather,weather_by_session_key,"{""session_key"": 11254}",0,http_429,"{""detail"":""Rate limit exceeded. Max 30 requests/minute."",""error"":""Too Many Requests""}",0.506
2026-08-22T16:57:22.390028Z,race_control,race_control_by_session_key,"{""session_key"": 11254}",0,http_429,"{""detail"":""Rate limit exceeded. Max 30 requests/minute."",""error"":""Too Many Requests""}",0.487
2026-08-22T16:57:22.990287Z,intervals,intervals_by_session_key,"{""session_key"": 11254}",0,http_429,"{""detail"":""Rate limit exceeded. Max 30 requests/minute."",""error"":""Too Many Requests""}",0.499
2026-08-22T16:57:23.578342Z,position,position_by_session_key,"{""session_key"": 11254}",0,http_429,"{""detail"":""Rate limit exceeded. Max 30 requests/minute."",""error"":""Too Many Requests""}",0.487
2026-08-22T16:57:24.180752Z,position,position_by_meeting_key_fallback,"{""meeting_key"": 1282}",0,http_429,"{""detail"":""Rate limit exceeded. Max 30 requests/minute."",""error"":""Too Many Requests""}",0.501
2026-08-22T16:57:24.782709Z,stints,stints_by_session_key,"{""session_key"": 11254}",0,http_429,"{""detail"":""Rate limit exceeded. Max 30 requests/minute."",""error"":""Too Many Requests""}",0.501
2026-08-22T16:57:24.883972Z,pit,skip_non_race_like_session,"{""session_key"": 11254}",0,skipped_not_applicable,pit endpoint is only treated as required for race/sprint-like sessions,0.0
2026-08-22T16:57:25.446519Z,starting_grid,starting_grid_by_session_key,"{""session_key"": 11254}",0,http_429,"{""detail"":""Rate limit exceeded. Max 30 requests/minute."",""error"":""Too Many Requests""}",0.562
2026-08-22T16:57:26.054916Z,drivers,drivers_by_session_key,"{""session_key"": 11254}",0,http_429,"{""detail"":""Rate limit exceeded. Max 30 requests/minute."",""error"":""Too Many Requests""}",0.507
2026-08-22T16:57:26.669495Z,drivers,drivers_by_observed_driver_number,"{""driver_number"": 1, ""session_key"": 11254}",0,http_429,"{""detail"":""Rate limit exceeded. Max 30 requests/minute."",""error"":""Too Many Requests""}",0.501
2026-08-22T16:57:27.270571Z,drivers,drivers_by_observed_driver_number,"{""driver_number"": 3, ""session_key"": 11254}",0,http_429,"{""detail"":""Rate limit exceeded. Max 30 requests/minute."",""error"":""Too Many Requests""}",0.5
2026-08-22T16:57:27.870659Z,drivers,drivers_by_observed_driver_number,"{""driver_number"": 5, ""session_key"": 11254}",0,http_429,"{""detail"":""Rate limit exceeded. Max 30 requests/minute."",""error"":""Too Many Requests""}",0.499
2026-08-22T16:57:28.473683Z,drivers,drivers_by_observed_driver_number,"{""driver_number"": 6, ""session_key"": 11254}",0,http_429,"{""detail"":""Rate limit exceeded. Max 30 requests/minute."",""error"":""Too Many Requests""}",0.502
2026-08-22T16:57:29.063782Z,drivers,drivers_by_observed_driver_number,"{""driver_number"": 10, ""session_key"": 11254}",0,http_429,"{""detail"":""Rate limit exceeded. Max 30 requests/minute."",""error"":""Too Many Requests""}",0.489
2026-08-22T16:57:29.665304Z,drivers,drivers_by_observed_driver_number,"{""driver_number"": 11, ""session_key"": 11254}",0,http_429,"{""detail"":""Rate limit exceeded. Max 30 requests/minute."",""error"":""Too Many Requests""}",0.5
2026-08-22T16:57:30.255032Z,drivers,drivers_by_observed_driver_number,"{""driver_number"": 12, ""session_key"": 11254}",0,http_429,"{""detail"":""Rate limit exceeded. Max 30 requests/minute."",""error"":""Too Many Requests""}",0.489
2026-08-22T16:57:30.859546Z,drivers,drivers_by_observed_driver_number,"{""driver_number"": 14, ""session_key"": 11254}",0,http_429,"{""detail"":""Rate limit exceeded. Max 30 requests/minute."",""error"":""Too Many Requests""}",0.503
2026-08-22T16:57:31.460402Z,drivers,drivers_by_observed_driver_number,"{""driver_number"": 16, ""session_key"": 11254}",0,http_429,"{""detail"":""Rate limit exceeded. Max 30 requests/minute."",""error"":""Too Many Requests""}",0.5
2026-08-22T16:57:32.062446Z,drivers,drivers_by_observed_driver_number,"{""driver_number"": 18, ""session_key"": 11254}",0,http_429,"{""detail"":""Rate limit exceeded. Max 30 requests/minute."",""error"":""Too Many Requests""}",0.501
2026-08-22T16:57:32.671097Z,drivers,drivers_by_observed_driver_number,"{""driver_number"": 23, ""session_key"": 11254}",0,http_429,"{""detail"":""Rate limit exceeded. Max 30 requests/minute."",""error"":""Too Many Requests""}",0.507
2026-08-22T16:57:33.272484Z,drivers,drivers_by_observed_driver_number,"{""driver_number"": 27, ""session_key"": 11254}",0,http_429,"{""detail"":""Rate limit exceeded. Max 30 requests/minute."",""error"":""Too Many Requests""}",0.5
2026-08-22T16:57:33.872466Z,drivers,drivers_by_observed_driver_number,"{""driver_number"": 30, ""session_key"": 11254}",0,http_429,"{""detail"":""Rate limit exceeded. Max 30 requests/minute."",""error"":""Too Many Requests""}",0.499
2026-08-22T16:57:34.474528Z,drivers,drivers_by_observed_driver_number,"{""driver_number"": 31, ""session_key"": 11254}",0,http_429,"{""detail"":""Rate limit exceeded. Max 30 requests/minute."",""error"":""Too Many Requests""}",0.501
2026-08-22T16:57:35.078236Z,drivers,drivers_by_observed_driver_number,"{""driver_number"": 41, ""session_key"": 11254}",0,http_429,"{""detail"":""Rate limit exceeded. Max 30 requests/minute."",""error"":""Too Many Requests""}",0.503
2026-08-22T16:57:35.667763Z,drivers,drivers_by_observed_driver_number,"{""driver_number"": 43, ""session_key"": 11254}",0,http_429,"{""detail"":""Rate limit exceeded. Max 30 requests/minute."",""error"":""Too Many Requests""}",0.488
2026-08-22T16:57:36.270915Z,drivers,drivers_by_observed_driver_number,"{""driver_number"": 44, ""session_key"": 11254}",0,http_429,"{""detail"":""Rate limit exceeded. Max 30 requests/minute."",""error"":""Too Many Requests""}",0.502
2026-08-22T16:57:36.864625Z,drivers,drivers_by_observed_driver_number,"{""driver_number"": 55, ""session_key"": 11254}",0,http_429,"{""detail"":""Rate limit exceeded. Max 30 requests/minute."",""error"":""Too Many Requests""}",0.493
2026-08-22T16:57:37.467364Z,drivers,drivers_by_observed_driver_number,"{""driver_number"": 63, ""session_key"": 11254}",0,http_429,"{""detail"":""Rate limit exceeded. Max 30 requests/minute."",""error"":""Too Many Requests""}",0.502
2026-08-22T16:57:38.068303Z,drivers,drivers_by_observed_driver_number,"{""driver_number"": 77, ""session_key"": 11254}",0,http_429,"{""detail"":""Rate limit exceeded. Max 30 requests/minute."",""error"":""Too Many Requests""}",0.5
2026-08-22T16:57:38.670641Z,drivers,drivers_by_observed_driver_number,"{""driver_number"": 81, ""session_key"": 11254}",0,http_429,"{""detail"":""Rate limit exceeded. Max 30 requests/minute."",""error"":""Too Many Requests""}",0.501
2026-08-22T16:57:39.278461Z,drivers,drivers_by_observed_driver_number,"{""driver_number"": 87, ""session_key"": 11254}",0,http_429,"{""detail"":""Rate limit exceeded. Max 30 requests/minute."",""error"":""Too Many Requests""}",0.507
2026-08-22T16:57:39.879643Z,drivers,drivers_by_observed_driver_number,"{""driver_number"": 241, ""session_key"": 11254}",0,http_429,"{""detail"":""Rate limit exceeded. Max 30 requests/minute."",""error"":""Too Many Requests""}",0.5
2026-08-22T16:57:40.481392Z,drivers,drivers_by_observed_driver_number,"{""driver_number"": 243, ""session_key"": 11254}",0,http_429,"{""detail"":""Rate limit exceeded. Max 30 requests/minute."",""error"":""Too Many Requests""}",0.501
2026-08-22T16:57:41.319714Z,drivers,drivers_by_observed_driver_number,"{""driver_number"": 247, ""session_key"": 11254}",0,http_429,"{""detail"":""Rate limit exceeded. Max 30 requests/minute."",""error"":""Too Many Requests""}",0.737
2026-08-22T16:57:41.922551Z,team_radio,team_radio_by_session_key_opportunistic,"{""session_key"": 11254}",0,http_429,"{""detail"":""Rate limit exceeded. Max 30 requests/minute."",""error"":""Too Many Requests""}",0.502
2026-08-22T16:57:42.511598Z,weather,weather_by_session_key,"{""session_key"": 11255}",0,http_429,"{""detail"":""Rate limit exceeded. Max 30 requests/minute."",""error"":""Too Many Requests""}",0.488
2026-08-22T16:57:43.112405Z,race_control,race_control_by_session_key,"{""session_key"": 11255}",0,http_429,"{""detail"":""Rate limit exceeded. Max 30 requests/minute."",""error"":""Too Many Requests""}",0.5
2026-08-22T16:57:43.702748Z,intervals,intervals_by_session_key,"{""session_key"": 11255}",0,http_429,"{""detail"":""Rate limit exceeded. Max 30 requests/minute."",""error"":""Too Many Requests""}",0.489
2026-08-22T16:57:44.307058Z,position,position_by_session_key,"{""session_key"": 11255}",0,http_429,"{""detail"":""Rate limit exceeded. Max 30 requests/minute."",""error"":""Too Many Requests""}",0.503
2026-08-22T16:57:44.907361Z,position,position_by_meeting_key_fallback,"{""meeting_key"": 1282}",0,http_429,"{""detail"":""Rate limit exceeded. Max 30 requests/minute."",""error"":""Too Many Requests""}",0.499
2026-08-22T16:57:45.513368Z,stints,stints_by_session_key,"{""session_key"": 11255}",0,http_429,"{""detail"":""Rate limit exceeded. Max 30 requests/minute."",""error"":""Too Many Requests""}",0.505
2026-08-22T16:57:45.614542Z,pit,skip_non_race_like_session,"{""session_key"": 11255}",0,skipped_not_applicable,pit endpoint is only treated as required for race/sprint-like sessions,0.0
2026-08-22T16:57:46.125831Z,starting_grid,starting_grid_by_session_key,"{""session_key"": 11255}",0,http_429,"{""detail"":""Rate limit exceeded. Max 30 requests/minute."",""error"":""Too Many Requests""}",0.511
2026-08-22T16:57:46.727456Z,drivers,drivers_by_session_key,"{""session_key"": 11255}",0,http_429,"{""detail"":""Rate limit exceeded. Max 30 requests/minute."",""error"":""Too Many Requests""}",0.5
2026-08-22T16:57:47.380128Z,drivers,drivers_by_observed_driver_number,"{""driver_number"": 1, ""session_key"": 11255}",0,http_429,"{""detail"":""Rate limit exceeded. Max 30 requests/minute."",""error"":""Too Many Requests""}",0.54
2026-08-22T16:57:47.981358Z,drivers,drivers_by_observed_driver_number,"{""driver_number"": 3, ""session_key"": 11255}",0,http_429,"{""detail"":""Rate limit exceeded. Max 30 requests/minute."",""error"":""Too Many Requests""}",0.5
2026-08-22T16:57:48.585949Z,drivers,drivers_by_observed_driver_number,"{""driver_number"": 5, ""session_key"": 11255}",0,http_429,"{""detail"":""Rate limit exceeded. Max 30 requests/minute."",""error"":""Too Many Requests""}",0.503
2026-08-22T16:57:49.176972Z,drivers,drivers_by_observed_driver_number,"{""driver_number"": 6, ""session_key"": 11255}",0,http_429,"{""detail"":""Rate limit exceeded. Max 30 requests/minute."",""error"":""Too Many Requests""}",0.49
2026-08-22T16:57:49.777928Z,drivers,drivers_by_observed_driver_number,"{""driver_number"": 10, ""session_key"": 11255}",0,http_429,"{""detail"":""Rate limit exceeded. Max 30 requests/minute."",""error"":""Too Many Requests""}",0.5
2026-08-22T16:57:50.367443Z,drivers,drivers_by_observed_driver_number,"{""driver_number"": 11, ""session_key"": 11255}",0,http_429,"{""detail"":""Rate limit exceeded. Max 30 requests/minute."",""error"":""Too Many Requests""}",0.488
2026-08-22T16:57:50.971104Z,drivers,drivers_by_observed_driver_number,"{""driver_number"": 12, ""session_key"": 11255}",0,http_429,"{""detail"":""Rate limit exceeded. Max 30 requests/minute."",""error"":""Too Many Requests""}",0.503
2026-08-22T16:57:51.572371Z,drivers,drivers_by_observed_driver_number,"{""driver_number"": 14, ""session_key"": 11255}",0,http_429,"{""detail"":""Rate limit exceeded. Max 30 requests/minute."",""error"":""Too Many Requests""}",0.5
2026-08-22T16:57:52.175463Z,drivers,drivers_by_observed_driver_number,"{""driver_number"": 16, ""session_key"": 11255}",0,http_429,"{""detail"":""Rate limit exceeded. Max 30 requests/minute."",""error"":""Too Many Requests""}",0.502
2026-08-22T16:57:52.784540Z,drivers,drivers_by_observed_driver_number,"{""driver_number"": 18, ""session_key"": 11255}",0,http_429,"{""detail"":""Rate limit exceeded. Max 30 requests/minute."",""error"":""Too Many Requests""}",0.508
2026-08-22T16:57:53.385832Z,drivers,drivers_by_observed_driver_number,"{""driver_number"": 23, ""session_key"": 11255}",0,http_429,"{""detail"":""Rate limit exceeded. Max 30 requests/minute."",""error"":""Too Many Requests""}",0.5
2026-08-22T16:57:53.987930Z,drivers,drivers_by_observed_driver_number,"{""driver_number"": 27, ""session_key"": 11255}",0,http_429,"{""detail"":""Rate limit exceeded. Max 30 requests/minute."",""error"":""Too Many Requests""}",0.501
2026-08-22T16:57:54.588884Z,drivers,drivers_by_observed_driver_number,"{""driver_number"": 30, ""session_key"": 11255}",0,http_429,"{""detail"":""Rate limit exceeded. Max 30 requests/minute."",""error"":""Too Many Requests""}",0.5
2026-08-22T16:57:55.193273Z,drivers,drivers_by_observed_driver_number,"{""driver_number"": 31, ""session_key"": 11255}",0,http_429,"{""detail"":""Rate limit exceeded. Max 30 requests/minute."",""error"":""Too Many Requests""}",0.503
2026-08-22T16:57:55.783901Z,drivers,drivers_by_observed_driver_number,"{""driver_number"": 41, ""session_key"": 11255}",0,http_429,"{""detail"":""Rate limit exceeded. Max 30 requests/minute."",""error"":""Too Many Requests""}",0.489
2026-08-22T16:57:56.384967Z,drivers,drivers_by_observed_driver_number,"{""driver_number"": 43, ""session_key"": 11255}",0,http_429,"{""detail"":""Rate limit exceeded. Max 30 requests/minute."",""error"":""Too Many Requests""}",0.5
2026-08-22T16:57:56.979586Z,drivers,drivers_by_observed_driver_number,"{""driver_number"": 44, ""session_key"": 11255}",0,http_429,"{""detail"":""Rate limit exceeded. Max 30 requests/minute."",""error"":""Too Many Requests""}",0.494
2026-08-22T16:57:57.582786Z,drivers,drivers_by_observed_driver_number,"{""driver_number"": 55, ""session_key"": 11255}",0,http_429,"{""detail"":""Rate limit exceeded. Max 30 requests/minute."",""error"":""Too Many Requests""}",0.502
2026-08-22T16:57:58.185216Z,drivers,drivers_by_observed_driver_number,"{""driver_number"": 63, ""session_key"": 11255}",0,http_429,"{""detail"":""Rate limit exceeded. Max 30 requests/minute."",""error"":""Too Many Requests""}",0.501
2026-08-22T16:57:58.787407Z,drivers,drivers_by_observed_driver_number,"{""driver_number"": 77, ""session_key"": 11255}",0,http_429,"{""detail"":""Rate limit exceeded. Max 30 requests/minute."",""error"":""Too Many Requests""}",0.501
2026-08-22T16:57:59.396357Z,drivers,drivers_by_observed_driver_number,"{""driver_number"": 81, ""session_key"": 11255}",0,http_429,"{""detail"":""Rate limit exceeded. Max 30 requests/minute."",""error"":""Too Many Requests""}",0.508
2026-08-22T16:57:59.997669Z,drivers,drivers_by_observed_driver_number,"{""driver_number"": 87, ""session_key"": 11255}",0,http_429,"{""detail"":""Rate limit exceeded. Max 30 requests/minute."",""error"":""Too Many Requests""}",0.5
2026-08-22T16:58:00.620545Z,drivers,drivers_by_observed_driver_number,"{""driver_number"": 241, ""session_key"": 11255}",0,http_404,"{""detail"":""No results found.""}",0.522
2026-08-22T16:58:01.349985Z,drivers,drivers_by_observed_driver_number,"{""driver_number"": 243, ""session_key"": 11255}",0,http_404,"{""detail"":""No results found.""}",0.628
2026-08-22T16:58:01.953887Z,drivers,drivers_by_observed_driver_number,"{""driver_number"": 247, ""session_key"": 11255}",0,http_404,"{""detail"":""No results found.""}",0.503
2026-08-22T16:58:02.545124Z,team_radio,team_radio_by_session_key_opportunistic,"{""session_key"": 11255}",0,http_404,"{""detail"":""No results found.""}",0.49
2026-08-22T16:58:03.147663Z,weather,weather_by_session_key,"{""session_key"": 11256}",0,http_404,"{""detail"":""No results found.""}",0.501
2026-08-22T16:58:03.739689Z,race_control,race_control_by_session_key,"{""session_key"": 11256}",0,http_404,"{""detail"":""No results found.""}",0.491
2026-08-22T16:58:04.344863Z,intervals,intervals_by_session_key,"{""session_key"": 11256}",0,http_404,"{""detail"":""No results found.""}",0.504
2026-08-22T16:58:04.948422Z,position,position_by_session_key,"{""session_key"": 11256}",0,http_404,"{""detail"":""No results found.""}",0.502
2026-08-22T16:58:05.557978Z,position,position_by_meeting_key_fallback,"{""meeting_key"": 1282}",0,http_404,"{""detail"":""No results found.""}",0.508
2026-08-22T16:58:06.170321Z,stints,stints_by_session_key,"{""session_key"": 11256}",0,http_404,"{""detail"":""No results found.""}",0.511
2026-08-22T16:58:06.271470Z,pit,skip_non_race_like_session,"{""session_key"": 11256}",0,skipped_not_applicable,pit endpoint is only treated as required for race/sprint-like sessions,0.0
2026-08-22T16:58:06.772573Z,starting_grid,starting_grid_by_session_key,"{""session_key"": 11256}",0,http_404,"{""detail"":""No results found.""}",0.501
2026-08-22T16:58:07.380428Z,drivers,drivers_by_session_key,"{""session_key"": 11256}",22,pass,,0.507
2026-08-22T16:58:07.982826Z,team_radio,team_radio_by_session_key_opportunistic,"{""session_key"": 11256}",0,http_404,"{""detail"":""No results found.""}",0.501
2026-08-22T16:58:08.574563Z,weather,weather_by_session_key,"{""session_key"": 11257}",0,http_404,"{""detail"":""No results found.""}",0.49
2026-08-22T16:58:09.165135Z,race_control,race_control_by_session_key,"{""session_key"": 11257}",0,http_404,"{""detail"":""No results found.""}",0.489
2026-08-22T16:58:09.774377Z,intervals,intervals_by_session_key,"{""session_key"": 11257}",0,http_404,"{""detail"":""No results found.""}",0.508
2026-08-22T16:58:10.371870Z,position,position_by_session_key,"{""session_key"": 11257}",0,http_404,"{""detail"":""No results found.""}",0.496
2026-08-22T16:58:10.975877Z,position,position_by_meeting_key_fallback,"{""meeting_key"": 1282}",0,http_404,"{""detail"":""No results found.""}",0.503
2026-08-22T16:58:11.581079Z,stints,stints_by_session_key,"{""session_key"": 11257}",0,http_404,"{""detail"":""No results found.""}",0.504
2026-08-22T16:58:11.682268Z,pit,skip_non_race_like_session,"{""session_key"": 11257}",0,skipped_not_applicable,pit endpoint is only treated as required for race/sprint-like sessions,0.0
2026-08-22T16:58:12.186263Z,starting_grid,starting_grid_by_session_key,"{""session_key"": 11257}",0,http_404,"{""detail"":""No results found.""}",0.504
2026-08-22T16:58:12.797905Z,drivers,drivers_by_session_key,"{""session_key"": 11257}",22,pass,,0.51
2026-08-22T16:58:13.400879Z,team_radio,team_radio_by_session_key_opportunistic,"{""session_key"": 11257}",0,http_404,"{""detail"":""No results found.""}",0.501
2026-08-22T16:58:14.004505Z,weather,weather_by_session_key,"{""session_key"": 11261}",0,http_404,"{""detail"":""No results found.""}",0.502
2026-08-22T16:58:14.606963Z,race_control,race_control_by_session_key,"{""session_key"": 11261}",0,http_404,"{""detail"":""No results found.""}",0.501
2026-08-22T16:58:15.540877Z,intervals,intervals_by_session_key,"{""session_key"": 11261}",0,http_404,"{""detail"":""No results found.""}",0.833
2026-08-22T16:58:16.131485Z,position,position_by_session_key,"{""session_key"": 11261}",0,http_404,"{""detail"":""No results found.""}",0.49
2026-08-22T16:58:16.734767Z,position,position_by_meeting_key_fallback,"{""meeting_key"": 1282}",0,http_404,"{""detail"":""No results found.""}",0.502
2026-08-22T16:58:17.325555Z,stints,stints_by_session_key,"{""session_key"": 11261}",0,http_404,"{""detail"":""No results found.""}",0.49
2026-08-22T16:58:17.930335Z,pit,pit_by_session_key,"{""session_key"": 11261}",0,http_404,"{""detail"":""No results found.""}",0.504
2026-08-22T16:58:18.535607Z,starting_grid,starting_grid_by_session_key,"{""session_key"": 11261}",0,http_404,"{""detail"":""No results found.""}",0.504
2026-08-22T16:58:19.137604Z,drivers,drivers_by_session_key,"{""session_key"": 11261}",0,http_429,"{""detail"":""Rate limit exceeded. Max 30 requests/minute."",""error"":""Too Many Requests""}",0.501
2026-08-22T16:58:19.756526Z,drivers,drivers_by_observed_driver_number,"{""driver_number"": 1, ""session_key"": 11261}",0,http_429,"{""detail"":""Rate limit exceeded. Max 30 requests/minute."",""error"":""Too Many Requests""}",0.506
2026-08-22T16:58:20.356975Z,drivers,drivers_by_observed_driver_number,"{""driver_number"": 3, ""session_key"": 11261}",0,http_429,"{""detail"":""Rate limit exceeded. Max 30 requests/minute."",""error"":""Too Many Requests""}",0.499
2026-08-22T16:58:20.956894Z,drivers,drivers_by_observed_driver_number,"{""driver_number"": 5, ""session_key"": 11261}",0,http_429,"{""detail"":""Rate limit exceeded. Max 30 requests/minute."",""error"":""Too Many Requests""}",0.499
2026-08-22T16:58:21.561884Z,drivers,drivers_by_observed_driver_number,"{""driver_number"": 6, ""session_key"": 11261}",0,http_429,"{""detail"":""Rate limit exceeded. Max 30 requests/minute."",""error"":""Too Many Requests""}",0.504
2026-08-22T16:58:22.151750Z,drivers,drivers_by_observed_driver_number,"{""driver_number"": 10, ""session_key"": 11261}",0,http_429,"{""detail"":""Rate limit exceeded. Max 30 requests/minute."",""error"":""Too Many Requests""}",0.489
2026-08-22T16:58:22.741011Z,drivers,drivers_by_observed_driver_number,"{""driver_number"": 11, ""session_key"": 11261}",0,http_429,"{""detail"":""Rate limit exceeded. Max 30 requests/minute."",""error"":""Too Many Requests""}",0.488
2026-08-22T16:58:23.344945Z,drivers,drivers_by_observed_driver_number,"{""driver_number"": 12, ""session_key"": 11261}",0,http_429,"{""detail"":""Rate limit exceeded. Max 30 requests/minute."",""error"":""Too Many Requests""}",0.503
2026-08-22T16:58:23.934234Z,drivers,drivers_by_observed_driver_number,"{""driver_number"": 14, ""session_key"": 11261}",0,http_429,"{""detail"":""Rate limit exceeded. Max 30 requests/minute."",""error"":""Too Many Requests""}",0.488
2026-08-22T16:58:24.534723Z,drivers,drivers_by_observed_driver_number,"{""driver_number"": 16, ""session_key"": 11261}",0,http_429,"{""detail"":""Rate limit exceeded. Max 30 requests/minute."",""error"":""Too Many Requests""}",0.499
2026-08-22T16:58:25.137326Z,drivers,drivers_by_observed_driver_number,"{""driver_number"": 18, ""session_key"": 11261}",0,http_429,"{""detail"":""Rate limit exceeded. Max 30 requests/minute."",""error"":""Too Many Requests""}",0.502
2026-08-22T16:58:25.737881Z,drivers,drivers_by_observed_driver_number,"{""driver_number"": 23, ""session_key"": 11261}",0,http_429,"{""detail"":""Rate limit exceeded. Max 30 requests/minute."",""error"":""Too Many Requests""}",0.499
2026-08-22T16:58:26.369139Z,drivers,drivers_by_observed_driver_number,"{""driver_number"": 27, ""session_key"": 11261}",0,http_429,"{""detail"":""Rate limit exceeded. Max 30 requests/minute."",""error"":""Too Many Requests""}",0.53
2026-08-22T16:58:26.970681Z,drivers,drivers_by_observed_driver_number,"{""driver_number"": 30, ""session_key"": 11261}",0,http_429,"{""detail"":""Rate limit exceeded. Max 30 requests/minute."",""error"":""Too Many Requests""}",0.5
2026-08-22T16:58:27.571823Z,drivers,drivers_by_observed_driver_number,"{""driver_number"": 31, ""session_key"": 11261}",0,http_429,"{""detail"":""Rate limit exceeded. Max 30 requests/minute."",""error"":""Too Many Requests""}",0.5
2026-08-22T16:58:28.175344Z,drivers,drivers_by_observed_driver_number,"{""driver_number"": 41, ""session_key"": 11261}",0,http_429,"{""detail"":""Rate limit exceeded. Max 30 requests/minute."",""error"":""Too Many Requests""}",0.502
2026-08-22T16:58:28.766779Z,drivers,drivers_by_observed_driver_number,"{""driver_number"": 43, ""session_key"": 11261}",0,http_429,"{""detail"":""Rate limit exceeded. Max 30 requests/minute."",""error"":""Too Many Requests""}",0.49
2026-08-22T16:58:29.368155Z,drivers,drivers_by_observed_driver_number,"{""driver_number"": 44, ""session_key"": 11261}",0,http_429,"{""detail"":""Rate limit exceeded. Max 30 requests/minute."",""error"":""Too Many Requests""}",0.5
2026-08-22T16:58:29.968435Z,drivers,drivers_by_observed_driver_number,"{""driver_number"": 55, ""session_key"": 11261}",0,http_429,"{""detail"":""Rate limit exceeded. Max 30 requests/minute."",""error"":""Too Many Requests""}",0.499
2026-08-22T16:58:30.558057Z,drivers,drivers_by_observed_driver_number,"{""driver_number"": 63, ""session_key"": 11261}",0,http_429,"{""detail"":""Rate limit exceeded. Max 30 requests/minute."",""error"":""Too Many Requests""}",0.489
2026-08-22T16:58:31.160545Z,drivers,drivers_by_observed_driver_number,"{""driver_number"": 77, ""session_key"": 11261}",0,http_429,"{""detail"":""Rate limit exceeded. Max 30 requests/minute."",""error"":""Too Many Requests""}",0.501
2026-08-22T16:58:31.764032Z,drivers,drivers_by_observed_driver_number,"{""driver_number"": 81, ""session_key"": 11261}",0,http_429,"{""detail"":""Rate limit exceeded. Max 30 requests/minute."",""error"":""Too Many Requests""}",0.502
2026-08-22T16:58:32.367208Z,drivers,drivers_by_observed_driver_number,"{""driver_number"": 87, ""session_key"": 11261}",0,http_429,"{""detail"":""Rate limit exceeded. Max 30 requests/minute."",""error"":""Too Many Requests""}",0.502
2026-08-22T16:58:32.976018Z,drivers,drivers_by_observed_driver_number,"{""driver_number"": 241, ""session_key"": 11261}",0,http_429,"{""detail"":""Rate limit exceeded. Max 30 requests/minute."",""error"":""Too Many Requests""}",0.508
2026-08-22T16:58:33.623081Z,drivers,drivers_by_observed_driver_number,"{""driver_number"": 243, ""session_key"": 11261}",0,http_429,"{""detail"":""Rate limit exceeded. Max 30 requests/minute."",""error"":""Too Many Requests""}",0.546
2026-08-22T16:58:34.223668Z,drivers,drivers_by_observed_driver_number,"{""driver_number"": 247, ""session_key"": 11261}",0,http_429,"{""detail"":""Rate limit exceeded. Max 30 requests/minute."",""error"":""Too Many Requests""}",0.499
2026-08-22T16:58:34.827515Z,team_radio,team_radio_by_session_key_opportunistic,"{""session_key"": 11261}",0,http_429,"{""detail"":""Rate limit exceeded. Max 30 requests/minute."",""error"":""Too Many Requests""}",0.502
2026-08-22T16:58:35.418407Z,weather,weather_by_session_key,"{""session_key"": 11262}",0,http_429,"{""detail"":""Rate limit exceeded. Max 30 requests/minute."",""error"":""Too Many Requests""}",0.49
2026-08-22T16:58:36.008781Z,race_control,race_control_by_session_key,"{""session_key"": 11262}",0,http_429,"{""detail"":""Rate limit exceeded. Max 30 requests/minute."",""error"":""Too Many Requests""}",0.489
2026-08-22T16:58:36.610884Z,intervals,intervals_by_session_key,"{""session_key"": 11262}",0,http_429,"{""detail"":""Rate limit exceeded. Max 30 requests/minute."",""error"":""Too Many Requests""}",0.501
2026-08-22T16:58:37.202805Z,position,position_by_session_key,"{""session_key"": 11262}",0,http_429,"{""detail"":""Rate limit exceeded. Max 30 requests/minute."",""error"":""Too Many Requests""}",0.491
2026-08-22T16:58:37.805713Z,position,position_by_meeting_key_fallback,"{""meeting_key"": 1283}",0,http_429,"{""detail"":""Rate limit exceeded. Max 30 requests/minute."",""error"":""Too Many Requests""}",0.502
2026-08-22T16:58:38.408704Z,stints,stints_by_session_key,"{""session_key"": 11262}",0,http_429,"{""detail"":""Rate limit exceeded. Max 30 requests/minute."",""error"":""Too Many Requests""}",0.502
2026-08-22T16:58:38.509902Z,pit,skip_non_race_like_session,"{""session_key"": 11262}",0,skipped_not_applicable,pit endpoint is only treated as required for race/sprint-like sessions,0.0
2026-08-22T16:58:39.010089Z,starting_grid,starting_grid_by_session_key,"{""session_key"": 11262}",0,http_429,"{""detail"":""Rate limit exceeded. Max 30 requests/minute."",""error"":""Too Many Requests""}",0.5
2026-08-22T16:58:39.618566Z,drivers,drivers_by_session_key,"{""session_key"": 11262}",0,http_429,"{""detail"":""Rate limit exceeded. Max 30 requests/minute."",""error"":""Too Many Requests""}",0.507
2026-08-22T16:58:40.229825Z,drivers,drivers_by_observed_driver_number,"{""driver_number"": 1, ""session_key"": 11262}",0,http_429,"{""detail"":""Rate limit exceeded. Max 30 requests/minute."",""error"":""Too Many Requests""}",0.499
2026-08-22T16:58:40.832232Z,drivers,drivers_by_observed_driver_number,"{""driver_number"": 3, ""session_key"": 11262}",0,http_429,"{""detail"":""Rate limit exceeded. Max 30 requests/minute."",""error"":""Too Many Requests""}",0.501
2026-08-22T16:58:41.564622Z,drivers,drivers_by_observed_driver_number,"{""driver_number"": 5, ""session_key"": 11262}",0,http_429,"{""detail"":""Rate limit exceeded. Max 30 requests/minute."",""error"":""Too Many Requests""}",0.631
2026-08-22T16:58:42.166017Z,drivers,drivers_by_observed_driver_number,"{""driver_number"": 6, ""session_key"": 11262}",0,http_429,"{""detail"":""Rate limit exceeded. Max 30 requests/minute."",""error"":""Too Many Requests""}",0.5
2026-08-22T16:58:42.755644Z,drivers,drivers_by_observed_driver_number,"{""driver_number"": 10, ""session_key"": 11262}",0,http_429,"{""detail"":""Rate limit exceeded. Max 30 requests/minute."",""error"":""Too Many Requests""}",0.489
2026-08-22T16:58:43.357750Z,drivers,drivers_by_observed_driver_number,"{""driver_number"": 11, ""session_key"": 11262}",0,http_429,"{""detail"":""Rate limit exceeded. Max 30 requests/minute."",""error"":""Too Many Requests""}",0.501
2026-08-22T16:58:43.946639Z,drivers,drivers_by_observed_driver_number,"{""driver_number"": 12, ""session_key"": 11262}",0,http_429,"{""detail"":""Rate limit exceeded. Max 30 requests/minute."",""error"":""Too Many Requests""}",0.488
2026-08-22T16:58:44.547513Z,drivers,drivers_by_observed_driver_number,"{""driver_number"": 14, ""session_key"": 11262}",0,http_429,"{""detail"":""Rate limit exceeded. Max 30 requests/minute."",""error"":""Too Many Requests""}",0.5
2026-08-22T16:58:45.150846Z,drivers,drivers_by_observed_driver_number,"{""driver_number"": 16, ""session_key"": 11262}",0,http_429,"{""detail"":""Rate limit exceeded. Max 30 requests/minute."",""error"":""Too Many Requests""}",0.502
2026-08-22T16:58:45.751986Z,drivers,drivers_by_observed_driver_number,"{""driver_number"": 18, ""session_key"": 11262}",0,http_429,"{""detail"":""Rate limit exceeded. Max 30 requests/minute."",""error"":""Too Many Requests""}",0.5
2026-08-22T16:58:46.360892Z,drivers,drivers_by_observed_driver_number,"{""driver_number"": 23, ""session_key"": 11262}",0,http_429,"{""detail"":""Rate limit exceeded. Max 30 requests/minute."",""error"":""Too Many Requests""}",0.508
2026-08-22T16:58:46.964722Z,drivers,drivers_by_observed_driver_number,"{""driver_number"": 27, ""session_key"": 11262}",0,http_429,"{""detail"":""Rate limit exceeded. Max 30 requests/minute."",""error"":""Too Many Requests""}",0.503
2026-08-22T16:58:47.566032Z,drivers,drivers_by_observed_driver_number,"{""driver_number"": 30, ""session_key"": 11262}",0,http_429,"{""detail"":""Rate limit exceeded. Max 30 requests/minute."",""error"":""Too Many Requests""}",0.5
2026-08-22T16:58:48.168532Z,drivers,drivers_by_observed_driver_number,"{""driver_number"": 31, ""session_key"": 11262}",0,http_429,"{""detail"":""Rate limit exceeded. Max 30 requests/minute."",""error"":""Too Many Requests""}",0.501
2026-08-22T16:58:48.758548Z,drivers,drivers_by_observed_driver_number,"{""driver_number"": 41, ""session_key"": 11262}",0,http_429,"{""detail"":""Rate limit exceeded. Max 30 requests/minute."",""error"":""Too Many Requests""}",0.489
2026-08-22T16:58:49.349449Z,drivers,drivers_by_observed_driver_number,"{""driver_number"": 43, ""session_key"": 11262}",0,http_429,"{""detail"":""Rate limit exceeded. Max 30 requests/minute."",""error"":""Too Many Requests""}",0.49
2026-08-22T16:58:49.951981Z,drivers,drivers_by_observed_driver_number,"{""driver_number"": 44, ""session_key"": 11262}",0,http_429,"{""detail"":""Rate limit exceeded. Max 30 requests/minute."",""error"":""Too Many Requests""}",0.501
2026-08-22T16:58:50.544563Z,drivers,drivers_by_observed_driver_number,"{""driver_number"": 55, ""session_key"": 11262}",0,http_429,"{""detail"":""Rate limit exceeded. Max 30 requests/minute."",""error"":""Too Many Requests""}",0.491
2026-08-22T16:58:51.146739Z,drivers,drivers_by_observed_driver_number,"{""driver_number"": 63, ""session_key"": 11262}",0,http_429,"{""detail"":""Rate limit exceeded. Max 30 requests/minute."",""error"":""Too Many Requests""}",0.501
2026-08-22T16:58:51.748660Z,drivers,drivers_by_observed_driver_number,"{""driver_number"": 77, ""session_key"": 11262}",0,http_429,"{""detail"":""Rate limit exceeded. Max 30 requests/minute."",""error"":""Too Many Requests""}",0.501
2026-08-22T16:58:52.350250Z,drivers,drivers_by_observed_driver_number,"{""driver_number"": 81, ""session_key"": 11262}",0,http_429,"{""detail"":""Rate limit exceeded. Max 30 requests/minute."",""error"":""Too Many Requests""}",0.5
2026-08-22T16:58:52.958910Z,drivers,drivers_by_observed_driver_number,"{""driver_number"": 87, ""session_key"": 11262}",0,http_429,"{""detail"":""Rate limit exceeded. Max 30 requests/minute."",""error"":""Too Many Requests""}",0.508
2026-08-22T16:58:53.559196Z,drivers,drivers_by_observed_driver_number,"{""driver_number"": 241, ""session_key"": 11262}",0,http_429,"{""detail"":""Rate limit exceeded. Max 30 requests/minute."",""error"":""Too Many Requests""}",0.499
2026-08-22T16:58:54.161037Z,drivers,drivers_by_observed_driver_number,"{""driver_number"": 243, ""session_key"": 11262}",0,http_429,"{""detail"":""Rate limit exceeded. Max 30 requests/minute."",""error"":""Too Many Requests""}",0.501
2026-08-22T16:58:54.764457Z,drivers,drivers_by_observed_driver_number,"{""driver_number"": 247, ""session_key"": 11262}",0,http_429,"{""detail"":""Rate limit exceeded. Max 30 requests/minute."",""error"":""Too Many Requests""}",0.502
2026-08-22T16:58:55.355485Z,team_radio,team_radio_by_session_key_opportunistic,"{""session_key"": 11262}",0,http_429,"{""detail"":""Rate limit exceeded. Max 30 requests/minute."",""error"":""Too Many Requests""}",0.49
2026-08-22T16:58:55.944482Z,weather,weather_by_session_key,"{""session_key"": 11263}",0,http_429,"{""detail"":""Rate limit exceeded. Max 30 requests/minute."",""error"":""Too Many Requests""}",0.488
2026-08-22T16:58:56.546210Z,race_control,race_control_by_session_key,"{""session_key"": 11263}",0,http_429,"{""detail"":""Rate limit exceeded. Max 30 requests/minute."",""error"":""Too Many Requests""}",0.5
2026-08-22T16:58:57.135840Z,intervals,intervals_by_session_key,"{""session_key"": 11263}",0,http_429,"{""detail"":""Rate limit exceeded. Max 30 requests/minute."",""error"":""Too Many Requests""}",0.488
2026-08-22T16:58:57.737480Z,position,position_by_session_key,"{""session_key"": 11263}",0,http_429,"{""detail"":""Rate limit exceeded. Max 30 requests/minute."",""error"":""Too Many Requests""}",0.5
2026-08-22T16:58:58.340858Z,position,position_by_meeting_key_fallback,"{""meeting_key"": 1283}",0,http_429,"{""detail"":""Rate limit exceeded. Max 30 requests/minute."",""error"":""Too Many Requests""}",0.502
2026-08-22T16:58:58.945992Z,stints,stints_by_session_key,"{""session_key"": 11263}",0,http_429,"{""detail"":""Rate limit exceeded. Max 30 requests/minute."",""error"":""Too Many Requests""}",0.504
2026-08-22T16:58:59.047226Z,pit,skip_non_race_like_session,"{""session_key"": 11263}",0,skipped_not_applicable,pit endpoint is only treated as required for race/sprint-like sessions,0.0
2026-08-22T16:58:59.553075Z,starting_grid,starting_grid_by_session_key,"{""session_key"": 11263}",0,http_429,"{""detail"":""Rate limit exceeded. Max 30 requests/minute."",""error"":""Too Many Requests""}",0.506
2026-08-22T16:59:00.158794Z,drivers,drivers_by_session_key,"{""session_key"": 11263}",22,pass,,0.504
2026-08-22T16:59:00.762673Z,team_radio,team_radio_by_session_key_opportunistic,"{""session_key"": 11263}",0,http_404,"{""detail"":""No results found.""}",0.502
2026-08-22T16:59:01.366834Z,weather,weather_by_session_key,"{""session_key"": 11264}",0,http_404,"{""detail"":""No results found.""}",0.503
2026-08-22T16:59:01.958442Z,race_control,race_control_by_session_key,"{""session_key"": 11264}",0,http_404,"{""detail"":""No results found.""}",0.49
2026-08-22T16:59:02.552385Z,intervals,intervals_by_session_key,"{""session_key"": 11264}",0,http_404,"{""detail"":""No results found.""}",0.493
2026-08-22T16:59:03.171137Z,position,position_by_session_key,"{""session_key"": 11264}",0,http_404,"{""detail"":""No results found.""}",0.518
2026-08-22T16:59:03.762827Z,position,position_by_meeting_key_fallback,"{""meeting_key"": 1283}",0,http_404,"{""detail"":""No results found.""}",0.491
2026-08-22T16:59:04.364890Z,stints,stints_by_session_key,"{""session_key"": 11264}",0,http_404,"{""detail"":""No results found.""}",0.501
2026-08-22T16:59:04.466117Z,pit,skip_non_race_like_session,"{""session_key"": 11264}",0,skipped_not_applicable,pit endpoint is only treated as required for race/sprint-like sessions,0.0
2026-08-22T16:59:04.967974Z,starting_grid,starting_grid_by_session_key,"{""session_key"": 11264}",0,http_404,"{""detail"":""No results found.""}",0.502
2026-08-22T16:59:05.575229Z,drivers,drivers_by_session_key,"{""session_key"": 11264}",22,pass,,0.506
2026-08-22T16:59:06.189450Z,team_radio,team_radio_by_session_key_opportunistic,"{""session_key"": 11264}",0,http_404,"{""detail"":""No results found.""}",0.512
2026-08-22T16:59:06.791437Z,weather,weather_by_session_key,"{""session_key"": 11265}",0,http_404,"{""detail"":""No results found.""}",0.501
2026-08-22T16:59:07.393734Z,race_control,race_control_by_session_key,"{""session_key"": 11265}",0,http_404,"{""detail"":""No results found.""}",0.501
2026-08-22T16:59:07.999599Z,intervals,intervals_by_session_key,"{""session_key"": 11265}",0,http_404,"{""detail"":""No results found.""}",0.505
2026-08-22T16:59:08.592306Z,position,position_by_session_key,"{""session_key"": 11265}",0,http_404,"{""detail"":""No results found.""}",0.492
2026-08-22T16:59:09.184754Z,position,position_by_meeting_key_fallback,"{""meeting_key"": 1283}",0,http_404,"{""detail"":""No results found.""}",0.491
2026-08-22T16:59:09.788418Z,stints,stints_by_session_key,"{""session_key"": 11265}",0,http_404,"{""detail"":""No results found.""}",0.503
2026-08-22T16:59:09.889648Z,pit,skip_non_race_like_session,"{""session_key"": 11265}",0,skipped_not_applicable,pit endpoint is only treated as required for race/sprint-like sessions,0.0
2026-08-22T16:59:10.381986Z,starting_grid,starting_grid_by_session_key,"{""session_key"": 11265}",0,http_404,"{""detail"":""No results found.""}",0.492
2026-08-22T16:59:10.986939Z,drivers,drivers_by_session_key,"{""session_key"": 11265}",22,pass,,0.504
2026-08-22T16:59:11.601956Z,team_radio,team_radio_by_session_key_opportunistic,"{""session_key"": 11265}",0,http_404,"{""detail"":""No results found.""}",0.513
2026-08-22T16:59:12.208295Z,weather,weather_by_session_key,"{""session_key"": 11269}",0,http_404,"{""detail"":""No results found.""}",0.505
2026-08-22T16:59:12.817249Z,race_control,race_control_by_session_key,"{""session_key"": 11269}",0,http_404,"{""detail"":""No results found.""}",0.508
2026-08-22T16:59:13.418792Z,intervals,intervals_by_session_key,"{""session_key"": 11269}",0,http_404,"{""detail"":""No results found.""}",0.5
2026-08-22T16:59:14.021078Z,position,position_by_session_key,"{""session_key"": 11269}",0,http_404,"{""detail"":""No results found.""}",0.501
2026-08-22T16:59:14.624729Z,position,position_by_meeting_key_fallback,"{""meeting_key"": 1283}",0,http_404,"{""detail"":""No results found.""}",0.503
2026-08-22T16:59:15.215390Z,stints,stints_by_session_key,"{""session_key"": 11269}",0,http_404,"{""detail"":""No results found.""}",0.49
2026-08-22T16:59:15.806349Z,pit,pit_by_session_key,"{""session_key"": 11269}",0,http_404,"{""detail"":""No results found.""}",0.49
2026-08-22T16:59:16.409370Z,starting_grid,starting_grid_by_session_key,"{""session_key"": 11269}",0,http_404,"{""detail"":""No results found.""}",0.502
2026-08-22T16:59:17.001615Z,drivers,drivers_by_session_key,"{""session_key"": 11269}",22,pass,,0.491
2026-08-22T16:59:17.603032Z,team_radio,team_radio_by_session_key_opportunistic,"{""session_key"": 11269}",0,http_404,"{""detail"":""No results found.""}",0.5
2026-08-22T16:59:18.204777Z,weather,weather_by_session_key,"{""session_key"": 11270}",0,http_429,"{""detail"":""Rate limit exceeded. Max 30 requests/minute."",""error"":""Too Many Requests""}",0.5
2026-08-22T16:59:18.805428Z,race_control,race_control_by_session_key,"{""session_key"": 11270}",0,http_429,"{""detail"":""Rate limit exceeded. Max 30 requests/minute."",""error"":""Too Many Requests""}",0.499
2026-08-22T16:59:19.419894Z,intervals,intervals_by_session_key,"{""session_key"": 11270}",0,http_429,"{""detail"":""Rate limit exceeded. Max 30 requests/minute."",""error"":""Too Many Requests""}",0.513
2026-08-22T16:59:20.019627Z,position,position_by_session_key,"{""session_key"": 11270}",0,http_429,"{""detail"":""Rate limit exceeded. Max 30 requests/minute."",""error"":""Too Many Requests""}",0.499
2026-08-22T16:59:20.620119Z,position,position_by_meeting_key_fallback,"{""meeting_key"": 1284}",0,http_429,"{""detail"":""Rate limit exceeded. Max 30 requests/minute."",""error"":""Too Many Requests""}",0.499
2026-08-22T16:59:21.221856Z,stints,stints_by_session_key,"{""session_key"": 11270}",0,http_429,"{""detail"":""Rate limit exceeded. Max 30 requests/minute."",""error"":""Too Many Requests""}",0.501
2026-08-22T16:59:21.323061Z,pit,skip_non_race_like_session,"{""session_key"": 11270}",0,skipped_not_applicable,pit endpoint is only treated as required for race/sprint-like sessions,0.0
2026-08-22T16:59:21.810952Z,starting_grid,starting_grid_by_session_key,"{""session_key"": 11270}",0,http_429,"{""detail"":""Rate limit exceeded. Max 30 requests/minute."",""error"":""Too Many Requests""}",0.488
2026-08-22T16:59:22.400260Z,drivers,drivers_by_session_key,"{""session_key"": 11270}",0,http_429,"{""detail"":""Rate limit exceeded. Max 30 requests/minute."",""error"":""Too Many Requests""}",0.488
2026-08-22T16:59:23.011613Z,drivers,drivers_by_observed_driver_number,"{""driver_number"": 1, ""session_key"": 11270}",0,http_429,"{""detail"":""Rate limit exceeded. Max 30 requests/minute."",""error"":""Too Many Requests""}",0.498
2026-08-22T16:59:23.600542Z,drivers,drivers_by_observed_driver_number,"{""driver_number"": 3, ""session_key"": 11270}",0,http_429,"{""detail"":""Rate limit exceeded. Max 30 requests/minute."",""error"":""Too Many Requests""}",0.488
2026-08-22T16:59:24.200707Z,drivers,drivers_by_observed_driver_number,"{""driver_number"": 5, ""session_key"": 11270}",0,http_429,"{""detail"":""Rate limit exceeded. Max 30 requests/minute."",""error"":""Too Many Requests""}",0.499
2026-08-22T16:59:24.802899Z,drivers,drivers_by_observed_driver_number,"{""driver_number"": 6, ""session_key"": 11270}",0,http_429,"{""detail"":""Rate limit exceeded. Max 30 requests/minute."",""error"":""Too Many Requests""}",0.501
2026-08-22T16:59:25.403794Z,drivers,drivers_by_observed_driver_number,"{""driver_number"": 10, ""session_key"": 11270}",0,http_429,"{""detail"":""Rate limit exceeded. Max 30 requests/minute."",""error"":""Too Many Requests""}",0.5
2026-08-22T16:59:26.013212Z,drivers,drivers_by_observed_driver_number,"{""driver_number"": 11, ""session_key"": 11270}",0,http_429,"{""detail"":""Rate limit exceeded. Max 30 requests/minute."",""error"":""Too Many Requests""}",0.508
2026-08-22T16:59:26.615889Z,drivers,drivers_by_observed_driver_number,"{""driver_number"": 12, ""session_key"": 11270}",0,http_429,"{""detail"":""Rate limit exceeded. Max 30 requests/minute."",""error"":""Too Many Requests""}",0.502
2026-08-22T16:59:27.221427Z,drivers,drivers_by_observed_driver_number,"{""driver_number"": 14, ""session_key"": 11270}",0,http_429,"{""detail"":""Rate limit exceeded. Max 30 requests/minute."",""error"":""Too Many Requests""}",0.504
2026-08-22T16:59:27.824379Z,drivers,drivers_by_observed_driver_number,"{""driver_number"": 16, ""session_key"": 11270}",0,http_429,"{""detail"":""Rate limit exceeded. Max 30 requests/minute."",""error"":""Too Many Requests""}",0.502
2026-08-22T16:59:28.414012Z,drivers,drivers_by_observed_driver_number,"{""driver_number"": 18, ""session_key"": 11270}",0,http_429,"{""detail"":""Rate limit exceeded. Max 30 requests/minute."",""error"":""Too Many Requests""}",0.489
2026-08-22T16:59:29.002875Z,drivers,drivers_by_observed_driver_number,"{""driver_number"": 23, ""session_key"": 11270}",0,http_429,"{""detail"":""Rate limit exceeded. Max 30 requests/minute."",""error"":""Too Many Requests""}",0.488
2026-08-22T16:59:29.604757Z,drivers,drivers_by_observed_driver_number,"{""driver_number"": 27, ""session_key"": 11270}",0,http_429,"{""detail"":""Rate limit exceeded. Max 30 requests/minute."",""error"":""Too Many Requests""}",0.501
2026-08-22T16:59:30.194718Z,drivers,drivers_by_observed_driver_number,"{""driver_number"": 30, ""session_key"": 11270}",0,http_429,"{""detail"":""Rate limit exceeded. Max 30 requests/minute."",""error"":""Too Many Requests""}",0.489
2026-08-22T16:59:30.795278Z,drivers,drivers_by_observed_driver_number,"{""driver_number"": 31, ""session_key"": 11270}",0,http_429,"{""detail"":""Rate limit exceeded. Max 30 requests/minute."",""error"":""Too Many Requests""}",0.499
2026-08-22T16:59:31.398478Z,drivers,drivers_by_observed_driver_number,"{""driver_number"": 41, ""session_key"": 11270}",0,http_429,"{""detail"":""Rate limit exceeded. Max 30 requests/minute."",""error"":""Too Many Requests""}",0.502
2026-08-22T16:59:31.999916Z,drivers,drivers_by_observed_driver_number,"{""driver_number"": 43, ""session_key"": 11270}",0,http_429,"{""detail"":""Rate limit exceeded. Max 30 requests/minute."",""error"":""Too Many Requests""}",0.5
2026-08-22T16:59:32.608742Z,drivers,drivers_by_observed_driver_number,"{""driver_number"": 44, ""session_key"": 11270}",0,http_429,"{""detail"":""Rate limit exceeded. Max 30 requests/minute."",""error"":""Too Many Requests""}",0.508
2026-08-22T16:59:33.210496Z,drivers,drivers_by_observed_driver_number,"{""driver_number"": 55, ""session_key"": 11270}",0,http_429,"{""detail"":""Rate limit exceeded. Max 30 requests/minute."",""error"":""Too Many Requests""}",0.501
2026-08-22T16:59:33.812403Z,drivers,drivers_by_observed_driver_number,"{""driver_number"": 63, ""session_key"": 11270}",0,http_429,"{""detail"":""Rate limit exceeded. Max 30 requests/minute."",""error"":""Too Many Requests""}",0.501
2026-08-22T16:59:34.418865Z,drivers,drivers_by_observed_driver_number,"{""driver_number"": 77, ""session_key"": 11270}",0,http_429,"{""detail"":""Rate limit exceeded. Max 30 requests/minute."",""error"":""Too Many Requests""}",0.505
2026-08-22T16:59:35.009829Z,drivers,drivers_by_observed_driver_number,"{""driver_number"": 81, ""session_key"": 11270}",0,http_429,"{""detail"":""Rate limit exceeded. Max 30 requests/minute."",""error"":""Too Many Requests""}",0.49
2026-08-22T16:59:35.598703Z,drivers,drivers_by_observed_driver_number,"{""driver_number"": 87, ""session_key"": 11270}",0,http_429,"{""detail"":""Rate limit exceeded. Max 30 requests/minute."",""error"":""Too Many Requests""}",0.488
2026-08-22T16:59:36.199356Z,drivers,drivers_by_observed_driver_number,"{""driver_number"": 241, ""session_key"": 11270}",0,http_429,"{""detail"":""Rate limit exceeded. Max 30 requests/minute."",""error"":""Too Many Requests""}",0.5
2026-08-22T16:59:36.789539Z,drivers,drivers_by_observed_driver_number,"{""driver_number"": 243, ""session_key"": 11270}",0,http_429,"{""detail"":""Rate limit exceeded. Max 30 requests/minute."",""error"":""Too Many Requests""}",0.489
2026-08-22T16:59:37.389605Z,drivers,drivers_by_observed_driver_number,"{""driver_number"": 247, ""session_key"": 11270}",0,http_429,"{""detail"":""Rate limit exceeded. Max 30 requests/minute."",""error"":""Too Many Requests""}",0.499
2026-08-22T16:59:37.993285Z,team_radio,team_radio_by_session_key_opportunistic,"{""session_key"": 11270}",0,http_429,"{""detail"":""Rate limit exceeded. Max 30 requests/minute."",""error"":""Too Many Requests""}",0.502
2026-08-22T16:59:38.594196Z,weather,weather_by_session_key,"{""session_key"": 11271}",0,http_429,"{""detail"":""Rate limit exceeded. Max 30 requests/minute."",""error"":""Too Many Requests""}",0.5
2026-08-22T16:59:39.202608Z,race_control,race_control_by_session_key,"{""session_key"": 11271}",0,http_429,"{""detail"":""Rate limit exceeded. Max 30 requests/minute."",""error"":""Too Many Requests""}",0.507
2026-08-22T16:59:39.804306Z,intervals,intervals_by_session_key,"{""session_key"": 11271}",0,http_429,"{""detail"":""Rate limit exceeded. Max 30 requests/minute."",""error"":""Too Many Requests""}",0.501
2026-08-22T16:59:40.407027Z,position,position_by_session_key,"{""session_key"": 11271}",0,http_429,"{""detail"":""Rate limit exceeded. Max 30 requests/minute."",""error"":""Too Many Requests""}",0.502
2026-08-22T16:59:41.011554Z,position,position_by_meeting_key_fallback,"{""meeting_key"": 1284}",0,http_429,"{""detail"":""Rate limit exceeded. Max 30 requests/minute."",""error"":""Too Many Requests""}",0.503
2026-08-22T16:59:41.603816Z,stints,stints_by_session_key,"{""session_key"": 11271}",0,http_429,"{""detail"":""Rate limit exceeded. Max 30 requests/minute."",""error"":""Too Many Requests""}",0.491
2026-08-22T16:59:42.194432Z,pit,pit_by_session_key,"{""session_key"": 11271}",0,http_429,"{""detail"":""Rate limit exceeded. Max 30 requests/minute."",""error"":""Too Many Requests""}",0.489
2026-08-22T16:59:42.794480Z,starting_grid,starting_grid_by_session_key,"{""session_key"": 11271}",0,http_429,"{""detail"":""Rate limit exceeded. Max 30 requests/minute."",""error"":""Too Many Requests""}",0.499
2026-08-22T16:59:43.385391Z,drivers,drivers_by_session_key,"{""session_key"": 11271}",0,http_429,"{""detail"":""Rate limit exceeded. Max 30 requests/minute."",""error"":""Too Many Requests""}",0.49
2026-08-22T16:59:43.996588Z,drivers,drivers_by_observed_driver_number,"{""driver_number"": 1, ""session_key"": 11271}",0,http_429,"{""detail"":""Rate limit exceeded. Max 30 requests/minute."",""error"":""Too Many Requests""}",0.498
2026-08-22T16:59:44.599207Z,drivers,drivers_by_observed_driver_number,"{""driver_number"": 3, ""session_key"": 11271}",0,http_429,"{""detail"":""Rate limit exceeded. Max 30 requests/minute."",""error"":""Too Many Requests""}",0.502
2026-08-22T16:59:45.201885Z,drivers,drivers_by_observed_driver_number,"{""driver_number"": 5, ""session_key"": 11271}",0,http_429,"{""detail"":""Rate limit exceeded. Max 30 requests/minute."",""error"":""Too Many Requests""}",0.502
2026-08-22T16:59:45.811017Z,drivers,drivers_by_observed_driver_number,"{""driver_number"": 6, ""session_key"": 11271}",0,http_429,"{""detail"":""Rate limit exceeded. Max 30 requests/minute."",""error"":""Too Many Requests""}",0.508
2026-08-22T16:59:46.412750Z,drivers,drivers_by_observed_driver_number,"{""driver_number"": 10, ""session_key"": 11271}",0,http_429,"{""detail"":""Rate limit exceeded. Max 30 requests/minute."",""error"":""Too Many Requests""}",0.501
2026-08-22T16:59:47.019245Z,drivers,drivers_by_observed_driver_number,"{""driver_number"": 11, ""session_key"": 11271}",0,http_429,"{""detail"":""Rate limit exceeded. Max 30 requests/minute."",""error"":""Too Many Requests""}",0.505
2026-08-22T16:59:47.622136Z,drivers,drivers_by_observed_driver_number,"{""driver_number"": 12, ""session_key"": 11271}",0,http_429,"{""detail"":""Rate limit exceeded. Max 30 requests/minute."",""error"":""Too Many Requests""}",0.502
2026-08-22T16:59:48.213852Z,drivers,drivers_by_observed_driver_number,"{""driver_number"": 14, ""session_key"": 11271}",0,http_429,"{""detail"":""Rate limit exceeded. Max 30 requests/minute."",""error"":""Too Many Requests""}",0.491
2026-08-22T16:59:48.802465Z,drivers,drivers_by_observed_driver_number,"{""driver_number"": 16, ""session_key"": 11271}",0,http_429,"{""detail"":""Rate limit exceeded. Max 30 requests/minute."",""error"":""Too Many Requests""}",0.487
2026-08-22T16:59:49.404312Z,drivers,drivers_by_observed_driver_number,"{""driver_number"": 18, ""session_key"": 11271}",0,http_429,"{""detail"":""Rate limit exceeded. Max 30 requests/minute."",""error"":""Too Many Requests""}",0.501
2026-08-22T16:59:49.994505Z,drivers,drivers_by_observed_driver_number,"{""driver_number"": 23, ""session_key"": 11271}",0,http_429,"{""detail"":""Rate limit exceeded. Max 30 requests/minute."",""error"":""Too Many Requests""}",0.489
2026-08-22T16:59:50.595978Z,drivers,drivers_by_observed_driver_number,"{""driver_number"": 27, ""session_key"": 11271}",0,http_429,"{""detail"":""Rate limit exceeded. Max 30 requests/minute."",""error"":""Too Many Requests""}",0.5
2026-08-22T16:59:51.199914Z,drivers,drivers_by_observed_driver_number,"{""driver_number"": 30, ""session_key"": 11271}",0,http_429,"{""detail"":""Rate limit exceeded. Max 30 requests/minute."",""error"":""Too Many Requests""}",0.503
2026-08-22T16:59:51.802395Z,drivers,drivers_by_observed_driver_number,"{""driver_number"": 31, ""session_key"": 11271}",0,http_429,"{""detail"":""Rate limit exceeded. Max 30 requests/minute."",""error"":""Too Many Requests""}",0.501
2026-08-22T16:59:52.412057Z,drivers,drivers_by_observed_driver_number,"{""driver_number"": 41, ""session_key"": 11271}",0,http_429,"{""detail"":""Rate limit exceeded. Max 30 requests/minute."",""error"":""Too Many Requests""}",0.509
2026-08-22T16:59:53.013088Z,drivers,drivers_by_observed_driver_number,"{""driver_number"": 43, ""session_key"": 11271}",0,http_429,"{""detail"":""Rate limit exceeded. Max 30 requests/minute."",""error"":""Too Many Requests""}",0.5
2026-08-22T16:59:53.613616Z,drivers,drivers_by_observed_driver_number,"{""driver_number"": 44, ""session_key"": 11271}",0,http_429,"{""detail"":""Rate limit exceeded. Max 30 requests/minute."",""error"":""Too Many Requests""}",0.499
2026-08-22T16:59:54.217749Z,drivers,drivers_by_observed_driver_number,"{""driver_number"": 55, ""session_key"": 11271}",0,http_429,"{""detail"":""Rate limit exceeded. Max 30 requests/minute."",""error"":""Too Many Requests""}",0.503
2026-08-22T16:59:54.807193Z,drivers,drivers_by_observed_driver_number,"{""driver_number"": 63, ""session_key"": 11271}",0,http_429,"{""detail"":""Rate limit exceeded. Max 30 requests/minute."",""error"":""Too Many Requests""}",0.488
2026-08-22T16:59:55.399387Z,drivers,drivers_by_observed_driver_number,"{""driver_number"": 77, ""session_key"": 11271}",0,http_429,"{""detail"":""Rate limit exceeded. Max 30 requests/minute."",""error"":""Too Many Requests""}",0.491
2026-08-22T16:59:55.999161Z,drivers,drivers_by_observed_driver_number,"{""driver_number"": 81, ""session_key"": 11271}",0,http_429,"{""detail"":""Rate limit exceeded. Max 30 requests/minute."",""error"":""Too Many Requests""}",0.499
2026-08-22T16:59:56.590348Z,drivers,drivers_by_observed_driver_number,"{""driver_number"": 87, ""session_key"": 11271}",0,http_429,"{""detail"":""Rate limit exceeded. Max 30 requests/minute."",""error"":""Too Many Requests""}",0.49
2026-08-22T16:59:57.190355Z,drivers,drivers_by_observed_driver_number,"{""driver_number"": 241, ""session_key"": 11271}",0,http_429,"{""detail"":""Rate limit exceeded. Max 30 requests/minute."",""error"":""Too Many Requests""}",0.499
2026-08-22T16:59:57.792880Z,drivers,drivers_by_observed_driver_number,"{""driver_number"": 243, ""session_key"": 11271}",0,http_429,"{""detail"":""Rate limit exceeded. Max 30 requests/minute."",""error"":""Too Many Requests""}",0.501
2026-08-22T16:59:58.399285Z,drivers,drivers_by_observed_driver_number,"{""driver_number"": 247, ""session_key"": 11271}",0,http_429,"{""detail"":""Rate limit exceeded. Max 30 requests/minute."",""error"":""Too Many Requests""}",0.505
2026-08-22T16:59:59.008951Z,team_radio,team_radio_by_session_key_opportunistic,"{""session_key"": 11271}",0,http_429,"{""detail"":""Rate limit exceeded. Max 30 requests/minute."",""error"":""Too Many Requests""}",0.508
2026-08-22T16:59:59.610220Z,weather,weather_by_session_key,"{""session_key"": 11275}",0,http_429,"{""detail"":""Rate limit exceeded. Max 30 requests/minute."",""error"":""Too Many Requests""}",0.5
2026-08-22T17:00:00.222706Z,race_control,race_control_by_session_key,"{""session_key"": 11275}",84,pass,,0.511
2026-08-22T17:00:01.592789Z,intervals,intervals_by_session_key,"{""session_key"": 11275}",9347,pass,,1.268
2026-08-22T17:00:02.192291Z,position,position_by_session_key,"{""session_key"": 11275}",164,pass,,0.497
2026-08-22T17:00:02.945088Z,stints,stints_by_session_key,"{""session_key"": 11275}",23,pass,,0.651
2026-08-22T17:00:03.538051Z,pit,pit_by_session_key,"{""session_key"": 11275}",1,pass,,0.491
2026-08-22T17:00:04.153709Z,starting_grid,starting_grid_by_session_key,"{""session_key"": 11275}",0,http_404,"{""detail"":""No results found.""}",0.514
2026-08-22T17:00:04.756679Z,drivers,drivers_by_session_key,"{""session_key"": 11275}",22,pass,,0.502
2026-08-22T17:00:05.360585Z,team_radio,team_radio_by_session_key_opportunistic,"{""session_key"": 11275}",0,http_404,"{""detail"":""No results found.""}",0.502
2026-08-22T17:00:05.978374Z,weather,weather_by_session_key,"{""session_key"": 11276}",81,pass,,0.517
2026-08-22T17:00:06.586224Z,race_control,race_control_by_session_key,"{""session_key"": 11276}",66,pass,,0.506
2026-08-22T17:00:07.188624Z,intervals,intervals_by_session_key,"{""session_key"": 11276}",0,http_404,"{""detail"":""No results found.""}",0.5
2026-08-22T17:00:07.816672Z,position,position_by_session_key,"{""session_key"": 11276}",981,pass,,0.527
2026-08-22T17:00:08.432296Z,stints,stints_by_session_key,"{""session_key"": 11276}",104,pass,,0.514
2026-08-22T17:00:08.534085Z,pit,skip_non_race_like_session,"{""session_key"": 11276}",0,skipped_not_applicable,pit endpoint is only treated as required for race/sprint-like sessions,0.0
2026-08-22T17:00:09.023973Z,starting_grid,starting_grid_by_session_key,"{""session_key"": 11276}",22,pass,,0.49
2026-08-22T17:00:10.405047Z,drivers,drivers_by_session_key,"{""session_key"": 11276}",22,pass,,1.279
2026-08-22T17:00:11.007660Z,team_radio,team_radio_by_session_key_opportunistic,"{""session_key"": 11276}",0,http_404,"{""detail"":""No results found.""}",0.501
2026-08-22T17:00:11.629388Z,weather,weather_by_session_key,"{""session_key"": 11280}",168,pass,,0.52
2026-08-22T17:00:12.248347Z,race_control,race_control_by_session_key,"{""session_key"": 11280}",178,pass,,0.517
2026-08-22T17:00:14.759325Z,intervals,intervals_by_session_key,"{""session_key"": 11280}",25483,pass,,2.409
2026-08-22T17:00:15.384162Z,position,position_by_session_key,"{""session_key"": 11280}",550,pass,,0.52
2026-08-22T17:00:15.990685Z,stints,stints_by_session_key,"{""session_key"": 11280}",44,pass,,0.505
2026-08-22T17:00:16.584758Z,pit,pit_by_session_key,"{""session_key"": 11280}",22,pass,,0.492
2026-08-22T17:00:17.186636Z,starting_grid,starting_grid_by_session_key,"{""session_key"": 11280}",0,http_404,"{""detail"":""No results found.""}",0.5
2026-08-22T17:00:17.779808Z,drivers,drivers_by_session_key,"{""session_key"": 11280}",22,pass,,0.492
2026-08-22T17:00:18.383579Z,team_radio,team_radio_by_session_key_opportunistic,"{""session_key"": 11280}",0,http_404,"{""detail"":""No results found.""}",0.502
2026-08-22T17:00:18.995508Z,weather,weather_by_session_key,"{""session_key"": 11281}",102,pass,,0.511
2026-08-22T17:00:19.606903Z,race_control,race_control_by_session_key,"{""session_key"": 11281}",106,pass,,0.51
2026-08-22T17:00:20.211948Z,intervals,intervals_by_session_key,"{""session_key"": 11281}",0,http_404,"{""detail"":""No results found.""}",0.503
2026-08-22T17:00:20.854962Z,position,position_by_session_key,"{""session_key"": 11281}",843,pass,,0.542
2026-08-22T17:00:21.472750Z,stints,stints_by_session_key,"{""session_key"": 11281}",109,pass,,0.516
2026-08-22T17:00:21.574687Z,pit,skip_non_race_like_session,"{""session_key"": 11281}",0,skipped_not_applicable,pit endpoint is only treated as required for race/sprint-like sessions,0.0
2026-08-22T17:00:22.074539Z,starting_grid,starting_grid_by_session_key,"{""session_key"": 11281}",0,http_429,"{""detail"":""Rate limit exceeded. Max 30 requests/minute."",""error"":""Too Many Requests""}",0.5
2026-08-22T17:00:22.677091Z,drivers,drivers_by_session_key,"{""session_key"": 11281}",0,http_429,"{""detail"":""Rate limit exceeded. Max 30 requests/minute."",""error"":""Too Many Requests""}",0.501
2026-08-22T17:00:23.282962Z,drivers,drivers_by_observed_driver_number,"{""driver_number"": 1, ""session_key"": 11281}",0,http_429,"{""detail"":""Rate limit exceeded. Max 30 requests/minute."",""error"":""Too Many Requests""}",0.489
2026-08-22T17:00:23.884007Z,drivers,drivers_by_observed_driver_number,"{""driver_number"": 3, ""session_key"": 11281}",0,http_429,"{""detail"":""Rate limit exceeded. Max 30 requests/minute."",""error"":""Too Many Requests""}",0.5
2026-08-22T17:00:24.472668Z,drivers,drivers_by_observed_driver_number,"{""driver_number"": 5, ""session_key"": 11281}",0,http_429,"{""detail"":""Rate limit exceeded. Max 30 requests/minute."",""error"":""Too Many Requests""}",0.487
2026-08-22T17:00:25.074735Z,drivers,drivers_by_observed_driver_number,"{""driver_number"": 6, ""session_key"": 11281}",0,http_429,"{""detail"":""Rate limit exceeded. Max 30 requests/minute."",""error"":""Too Many Requests""}",0.501
2026-08-22T17:00:25.675927Z,drivers,drivers_by_observed_driver_number,"{""driver_number"": 10, ""session_key"": 11281}",0,http_429,"{""detail"":""Rate limit exceeded. Max 30 requests/minute."",""error"":""Too Many Requests""}",0.5
2026-08-22T17:00:26.278603Z,drivers,drivers_by_observed_driver_number,"{""driver_number"": 11, ""session_key"": 11281}",0,http_429,"{""detail"":""Rate limit exceeded. Max 30 requests/minute."",""error"":""Too Many Requests""}",0.502
2026-08-22T17:00:26.882059Z,drivers,drivers_by_observed_driver_number,"{""driver_number"": 12, ""session_key"": 11281}",0,http_429,"{""detail"":""Rate limit exceeded. Max 30 requests/minute."",""error"":""Too Many Requests""}",0.502
2026-08-22T17:00:27.472654Z,drivers,drivers_by_observed_driver_number,"{""driver_number"": 14, ""session_key"": 11281}",0,http_429,"{""detail"":""Rate limit exceeded. Max 30 requests/minute."",""error"":""Too Many Requests""}",0.489
2026-08-22T17:00:28.081280Z,drivers,drivers_by_observed_driver_number,"{""driver_number"": 16, ""session_key"": 11281}",0,http_429,"{""detail"":""Rate limit exceeded. Max 30 requests/minute."",""error"":""Too Many Requests""}",0.507
2026-08-22T17:00:28.681588Z,drivers,drivers_by_observed_driver_number,"{""driver_number"": 18, ""session_key"": 11281}",0,http_429,"{""detail"":""Rate limit exceeded. Max 30 requests/minute."",""error"":""Too Many Requests""}",0.499
2026-08-22T17:00:29.281571Z,drivers,drivers_by_observed_driver_number,"{""driver_number"": 23, ""session_key"": 11281}",0,http_429,"{""detail"":""Rate limit exceeded. Max 30 requests/minute."",""error"":""Too Many Requests""}",0.499
2026-08-22T17:00:29.871051Z,drivers,drivers_by_observed_driver_number,"{""driver_number"": 27, ""session_key"": 11281}",0,http_429,"{""detail"":""Rate limit exceeded. Max 30 requests/minute."",""error"":""Too Many Requests""}",0.488
2026-08-22T17:00:30.470862Z,drivers,drivers_by_observed_driver_number,"{""driver_number"": 30, ""session_key"": 11281}",0,http_429,"{""detail"":""Rate limit exceeded. Max 30 requests/minute."",""error"":""Too Many Requests""}",0.499
2026-08-22T17:00:31.059102Z,drivers,drivers_by_observed_driver_number,"{""driver_number"": 31, ""session_key"": 11281}",0,http_429,"{""detail"":""Rate limit exceeded. Max 30 requests/minute."",""error"":""Too Many Requests""}",0.487
2026-08-22T17:00:31.659697Z,drivers,drivers_by_observed_driver_number,"{""driver_number"": 41, ""session_key"": 11281}",0,http_429,"{""detail"":""Rate limit exceeded. Max 30 requests/minute."",""error"":""Too Many Requests""}",0.5
2026-08-22T17:00:32.262089Z,drivers,drivers_by_observed_driver_number,"{""driver_number"": 43, ""session_key"": 11281}",0,http_429,"{""detail"":""Rate limit exceeded. Max 30 requests/minute."",""error"":""Too Many Requests""}",0.501
2026-08-22T17:00:32.906700Z,drivers,drivers_by_observed_driver_number,"{""driver_number"": 44, ""session_key"": 11281}",0,http_429,"{""detail"":""Rate limit exceeded. Max 30 requests/minute."",""error"":""Too Many Requests""}",0.543
2026-08-22T17:00:33.510596Z,drivers,drivers_by_observed_driver_number,"{""driver_number"": 55, ""session_key"": 11281}",0,http_429,"{""detail"":""Rate limit exceeded. Max 30 requests/minute."",""error"":""Too Many Requests""}",0.503
2026-08-22T17:00:34.101011Z,drivers,drivers_by_observed_driver_number,"{""driver_number"": 63, ""session_key"": 11281}",0,http_429,"{""detail"":""Rate limit exceeded. Max 30 requests/minute."",""error"":""Too Many Requests""}",0.489
2026-08-22T17:00:34.709442Z,drivers,drivers_by_observed_driver_number,"{""driver_number"": 77, ""session_key"": 11281}",0,http_429,"{""detail"":""Rate limit exceeded. Max 30 requests/minute."",""error"":""Too Many Requests""}",0.507
2026-08-22T17:00:35.318245Z,drivers,drivers_by_observed_driver_number,"{""driver_number"": 81, ""session_key"": 11281}",0,http_429,"{""detail"":""Rate limit exceeded. Max 30 requests/minute."",""error"":""Too Many Requests""}",0.508
2026-08-22T17:00:35.918788Z,drivers,drivers_by_observed_driver_number,"{""driver_number"": 87, ""session_key"": 11281}",0,http_429,"{""detail"":""Rate limit exceeded. Max 30 requests/minute."",""error"":""Too Many Requests""}",0.499
2026-08-22T17:00:36.509304Z,drivers,drivers_by_observed_driver_number,"{""driver_number"": 241, ""session_key"": 11281}",0,http_429,"{""detail"":""Rate limit exceeded. Max 30 requests/minute."",""error"":""Too Many Requests""}",0.489
2026-08-22T17:00:37.111253Z,drivers,drivers_by_observed_driver_number,"{""driver_number"": 243, ""session_key"": 11281}",0,http_429,"{""detail"":""Rate limit exceeded. Max 30 requests/minute."",""error"":""Too Many Requests""}",0.501
2026-08-22T17:00:37.714574Z,drivers,drivers_by_observed_driver_number,"{""driver_number"": 247, ""session_key"": 11281}",0,http_429,"{""detail"":""Rate limit exceeded. Max 30 requests/minute."",""error"":""Too Many Requests""}",0.502
2026-08-22T17:00:38.314446Z,team_radio,team_radio_by_session_key_opportunistic,"{""session_key"": 11281}",0,http_429,"{""detail"":""Rate limit exceeded. Max 30 requests/minute."",""error"":""Too Many Requests""}",0.499
2026-08-22T17:00:38.980364Z,weather,weather_by_session_key,"{""session_key"": 11282}",0,http_429,"{""detail"":""Rate limit exceeded. Max 30 requests/minute."",""error"":""Too Many Requests""}",0.565
2026-08-22T17:00:39.638275Z,race_control,race_control_by_session_key,"{""session_key"": 11282}",0,http_429,"{""detail"":""Rate limit exceeded. Max 30 requests/minute."",""error"":""Too Many Requests""}",0.557
2026-08-22T17:00:40.486041Z,intervals,intervals_by_session_key,"{""session_key"": 11282}",0,http_429,"{""detail"":""Rate limit exceeded. Max 30 requests/minute."",""error"":""Too Many Requests""}",0.747
2026-08-22T17:00:41.186897Z,position,position_by_session_key,"{""session_key"": 11282}",0,http_429,"{""detail"":""Rate limit exceeded. Max 30 requests/minute."",""error"":""Too Many Requests""}",0.6
2026-08-22T17:00:41.793788Z,position,position_by_meeting_key_fallback,"{""meeting_key"": 1285}",0,http_429,"{""detail"":""Rate limit exceeded. Max 30 requests/minute."",""error"":""Too Many Requests""}",0.506
2026-08-22T17:00:42.459513Z,stints,stints_by_session_key,"{""session_key"": 11282}",0,http_429,"{""detail"":""Rate limit exceeded. Max 30 requests/minute."",""error"":""Too Many Requests""}",0.564
2026-08-22T17:00:43.252017Z,pit,pit_by_session_key,"{""session_key"": 11282}",0,http_429,"{""detail"":""Rate limit exceeded. Max 30 requests/minute."",""error"":""Too Many Requests""}",0.691
2026-08-22T17:00:43.947644Z,starting_grid,starting_grid_by_session_key,"{""session_key"": 11282}",0,http_429,"{""detail"":""Rate limit exceeded. Max 30 requests/minute."",""error"":""Too Many Requests""}",0.594
2026-08-22T17:00:44.538636Z,drivers,drivers_by_session_key,"{""session_key"": 11282}",0,http_429,"{""detail"":""Rate limit exceeded. Max 30 requests/minute."",""error"":""Too Many Requests""}",0.49
2026-08-22T17:00:45.153700Z,drivers,drivers_by_observed_driver_number,"{""driver_number"": 1, ""session_key"": 11282}",0,http_429,"{""detail"":""Rate limit exceeded. Max 30 requests/minute."",""error"":""Too Many Requests""}",0.499
2026-08-22T17:00:45.968391Z,drivers,drivers_by_observed_driver_number,"{""driver_number"": 3, ""session_key"": 11282}",0,http_429,"{""detail"":""Rate limit exceeded. Max 30 requests/minute."",""error"":""Too Many Requests""}",0.714
2026-08-22T17:00:46.624662Z,drivers,drivers_by_observed_driver_number,"{""driver_number"": 5, ""session_key"": 11282}",0,http_429,"{""detail"":""Rate limit exceeded. Max 30 requests/minute."",""error"":""Too Many Requests""}",0.555
2026-08-22T17:00:47.226983Z,drivers,drivers_by_observed_driver_number,"{""driver_number"": 6, ""session_key"": 11282}",0,http_429,"{""detail"":""Rate limit exceeded. Max 30 requests/minute."",""error"":""Too Many Requests""}",0.501
2026-08-22T17:00:47.837228Z,drivers,drivers_by_observed_driver_number,"{""driver_number"": 10, ""session_key"": 11282}",0,http_429,"{""detail"":""Rate limit exceeded. Max 30 requests/minute."",""error"":""Too Many Requests""}",0.509
2026-08-22T17:00:48.486893Z,drivers,drivers_by_observed_driver_number,"{""driver_number"": 11, ""session_key"": 11282}",0,http_429,"{""detail"":""Rate limit exceeded. Max 30 requests/minute."",""error"":""Too Many Requests""}",0.548
2026-08-22T17:00:49.364530Z,drivers,drivers_by_observed_driver_number,"{""driver_number"": 12, ""session_key"": 11282}",0,http_429,"{""detail"":""Rate limit exceeded. Max 30 requests/minute."",""error"":""Too Many Requests""}",0.777
2026-08-22T17:00:50.260877Z,drivers,drivers_by_observed_driver_number,"{""driver_number"": 14, ""session_key"": 11282}",0,http_429,"{""detail"":""Rate limit exceeded. Max 30 requests/minute."",""error"":""Too Many Requests""}",0.795
2026-08-22T17:00:51.089272Z,drivers,drivers_by_observed_driver_number,"{""driver_number"": 16, ""session_key"": 11282}",0,http_429,"{""detail"":""Rate limit exceeded. Max 30 requests/minute."",""error"":""Too Many Requests""}",0.727
2026-08-22T17:00:51.694430Z,drivers,drivers_by_observed_driver_number,"{""driver_number"": 18, ""session_key"": 11282}",0,http_429,"{""detail"":""Rate limit exceeded. Max 30 requests/minute."",""error"":""Too Many Requests""}",0.504
2026-08-22T17:00:52.296499Z,drivers,drivers_by_observed_driver_number,"{""driver_number"": 23, ""session_key"": 11282}",0,http_429,"{""detail"":""Rate limit exceeded. Max 30 requests/minute."",""error"":""Too Many Requests""}",0.501
2026-08-22T17:00:52.898601Z,drivers,drivers_by_observed_driver_number,"{""driver_number"": 27, ""session_key"": 11282}",0,http_429,"{""detail"":""Rate limit exceeded. Max 30 requests/minute."",""error"":""Too Many Requests""}",0.501
2026-08-22T17:00:53.502507Z,drivers,drivers_by_observed_driver_number,"{""driver_number"": 30, ""session_key"": 11282}",0,http_429,"{""detail"":""Rate limit exceeded. Max 30 requests/minute."",""error"":""Too Many Requests""}",0.503
2026-08-22T17:00:54.104841Z,drivers,drivers_by_observed_driver_number,"{""driver_number"": 31, ""session_key"": 11282}",0,http_429,"{""detail"":""Rate limit exceeded. Max 30 requests/minute."",""error"":""Too Many Requests""}",0.501
2026-08-22T17:00:54.714569Z,drivers,drivers_by_observed_driver_number,"{""driver_number"": 41, ""session_key"": 11282}",0,http_429,"{""detail"":""Rate limit exceeded. Max 30 requests/minute."",""error"":""Too Many Requests""}",0.509
2026-08-22T17:00:55.372611Z,drivers,drivers_by_observed_driver_number,"{""driver_number"": 43, ""session_key"": 11282}",0,http_429,"{""detail"":""Rate limit exceeded. Max 30 requests/minute."",""error"":""Too Many Requests""}",0.557
2026-08-22T17:00:55.972667Z,drivers,drivers_by_observed_driver_number,"{""driver_number"": 44, ""session_key"": 11282}",0,http_429,"{""detail"":""Rate limit exceeded. Max 30 requests/minute."",""error"":""Too Many Requests""}",0.499
2026-08-22T17:00:56.851296Z,drivers,drivers_by_observed_driver_number,"{""driver_number"": 55, ""session_key"": 11282}",0,http_429,"{""detail"":""Rate limit exceeded. Max 30 requests/minute."",""error"":""Too Many Requests""}",0.777
2026-08-22T17:00:57.441381Z,drivers,drivers_by_observed_driver_number,"{""driver_number"": 63, ""session_key"": 11282}",0,http_429,"{""detail"":""Rate limit exceeded. Max 30 requests/minute."",""error"":""Too Many Requests""}",0.489
2026-08-22T17:00:58.042097Z,drivers,drivers_by_observed_driver_number,"{""driver_number"": 77, ""session_key"": 11282}",0,http_429,"{""detail"":""Rate limit exceeded. Max 30 requests/minute."",""error"":""Too Many Requests""}",0.5
2026-08-22T17:00:58.652442Z,drivers,drivers_by_observed_driver_number,"{""driver_number"": 81, ""session_key"": 11282}",0,http_429,"{""detail"":""Rate limit exceeded. Max 30 requests/minute."",""error"":""Too Many Requests""}",0.509
2026-08-22T17:00:59.309513Z,drivers,drivers_by_observed_driver_number,"{""driver_number"": 87, ""session_key"": 11282}",0,http_429,"{""detail"":""Rate limit exceeded. Max 30 requests/minute."",""error"":""Too Many Requests""}",0.556
2026-08-22T17:00:59.899817Z,drivers,drivers_by_observed_driver_number,"{""driver_number"": 241, ""session_key"": 11282}",0,http_429,"{""detail"":""Rate limit exceeded. Max 30 requests/minute."",""error"":""Too Many Requests""}",0.489
2026-08-22T17:01:00.505726Z,drivers,drivers_by_observed_driver_number,"{""driver_number"": 243, ""session_key"": 11282}",0,http_404,"{""detail"":""No results found.""}",0.505
2026-08-22T17:01:01.321752Z,drivers,drivers_by_observed_driver_number,"{""driver_number"": 247, ""session_key"": 11282}",0,http_404,"{""detail"":""No results found.""}",0.715
2026-08-22T17:01:01.922245Z,team_radio,team_radio_by_session_key_opportunistic,"{""session_key"": 11282}",0,http_404,"{""detail"":""No results found.""}",0.499
2026-08-22T17:01:02.527125Z,weather,weather_by_session_key,"{""session_key"": 11286}",76,pass,,0.504
2026-08-22T17:01:03.136465Z,race_control,race_control_by_session_key,"{""session_key"": 11286}",71,pass,,0.508
2026-08-22T17:01:04.550693Z,intervals,intervals_by_session_key,"{""session_key"": 11286}",9131,pass,,1.313
2026-08-22T17:01:05.164360Z,position,position_by_session_key,"{""session_key"": 11286}",200,pass,,0.511
2026-08-22T17:01:05.775192Z,stints,stints_by_session_key,"{""session_key"": 11286}",28,pass,,0.509
2026-08-22T17:01:06.368880Z,pit,pit_by_session_key,"{""session_key"": 11286}",6,pass,,0.492
2026-08-22T17:01:06.971463Z,starting_grid,starting_grid_by_session_key,"{""session_key"": 11286}",0,http_404,"{""detail"":""No results found.""}",0.501
2026-08-22T17:01:07.576955Z,drivers,drivers_by_session_key,"{""session_key"": 11286}",22,pass,,0.504
2026-08-22T17:01:08.188094Z,team_radio,team_radio_by_session_key_opportunistic,"{""session_key"": 11286}",13,pass,,0.509
2026-08-22T17:01:08.788878Z,weather,weather_by_session_key,"{""session_key"": 11287}",76,pass,,0.499
2026-08-22T17:01:09.395607Z,race_control,race_control_by_session_key,"{""session_key"": 11287}",60,pass,,0.505
2026-08-22T17:01:09.991028Z,intervals,intervals_by_session_key,"{""session_key"": 11287}",0,http_404,"{""detail"":""No results found.""}",0.494
2026-08-22T17:01:10.680464Z,position,position_by_session_key,"{""session_key"": 11287}",1449,pass,,0.588
2026-08-22T17:01:11.291560Z,stints,stints_by_session_key,"{""session_key"": 11287}",91,pass,,0.509
2026-08-22T17:01:11.393372Z,pit,skip_non_race_like_session,"{""session_key"": 11287}",0,skipped_not_applicable,pit endpoint is only treated as required for race/sprint-like sessions,0.0
2026-08-22T17:01:12.155451Z,starting_grid,starting_grid_by_session_key,"{""session_key"": 11287}",22,pass,,0.762
2026-08-22T17:01:12.761437Z,drivers,drivers_by_session_key,"{""session_key"": 11287}",22,pass,,0.504
2026-08-22T17:01:13.354000Z,team_radio,team_radio_by_session_key_opportunistic,"{""session_key"": 11287}",19,pass,,0.491
2026-08-22T17:01:13.986840Z,weather,weather_by_session_key,"{""session_key"": 11291}",160,pass,,0.531
2026-08-22T17:01:14.611218Z,race_control,race_control_by_session_key,"{""session_key"": 11291}",287,pass,,0.523
2026-08-22T17:01:17.457020Z,intervals,intervals_by_session_key,"{""session_key"": 11291}",22532,pass,,2.744
2026-08-22T17:01:18.084014Z,position,position_by_session_key,"{""session_key"": 11291}",470,pass,,0.522
2026-08-22T17:01:18.696573Z,stints,stints_by_session_key,"{""session_key"": 11291}",56,pass,,0.511
2026-08-22T17:01:19.303000Z,pit,pit_by_session_key,"{""session_key"": 11291}",34,pass,,0.505
2026-08-22T17:01:19.906559Z,starting_grid,starting_grid_by_session_key,"{""session_key"": 11291}",0,http_404,"{""detail"":""No results found.""}",0.502
2026-08-22T17:01:20.499799Z,drivers,drivers_by_session_key,"{""session_key"": 11291}",22,pass,,0.492
2026-08-22T17:01:21.114064Z,team_radio,team_radio_by_session_key_opportunistic,"{""session_key"": 11291}",33,pass,,0.512
2026-08-22T17:01:21.721261Z,weather,weather_by_session_key,"{""session_key"": 11292}",80,pass,,0.505
2026-08-22T17:01:22.323303Z,race_control,race_control_by_session_key,"{""session_key"": 11292}",0,http_429,"{""detail"":""Rate limit exceeded. Max 30 requests/minute."",""error"":""Too Many Requests""}",0.5
2026-08-22T17:01:22.912850Z,intervals,intervals_by_session_key,"{""session_key"": 11292}",0,http_429,"{""detail"":""Rate limit exceeded. Max 30 requests/minute."",""error"":""Too Many Requests""}",0.488
2026-08-22T17:01:23.515462Z,position,position_by_session_key,"{""session_key"": 11292}",0,http_429,"{""detail"":""Rate limit exceeded. Max 30 requests/minute."",""error"":""Too Many Requests""}",0.501
2026-08-22T17:01:24.122103Z,position,position_by_meeting_key_fallback,"{""meeting_key"": 1286}",0,http_429,"{""detail"":""Rate limit exceeded. Max 30 requests/minute."",""error"":""Too Many Requests""}",0.506
2026-08-22T17:01:24.724103Z,stints,stints_by_session_key,"{""session_key"": 11292}",0,http_429,"{""detail"":""Rate limit exceeded. Max 30 requests/minute."",""error"":""Too Many Requests""}",0.501
2026-08-22T17:01:24.825333Z,pit,skip_non_race_like_session,"{""session_key"": 11292}",0,skipped_not_applicable,pit endpoint is only treated as required for race/sprint-like sessions,0.0
2026-08-22T17:01:25.325474Z,starting_grid,starting_grid_by_session_key,"{""session_key"": 11292}",0,http_429,"{""detail"":""Rate limit exceeded. Max 30 requests/minute."",""error"":""Too Many Requests""}",0.5
2026-08-22T17:01:25.926854Z,drivers,drivers_by_session_key,"{""session_key"": 11292}",0,http_429,"{""detail"":""Rate limit exceeded. Max 30 requests/minute."",""error"":""Too Many Requests""}",0.5
2026-08-22T17:01:26.546908Z,drivers,drivers_by_observed_driver_number,"{""driver_number"": 1, ""session_key"": 11292}",0,http_429,"{""detail"":""Rate limit exceeded. Max 30 requests/minute."",""error"":""Too Many Requests""}",0.5
2026-08-22T17:01:27.135742Z,drivers,drivers_by_observed_driver_number,"{""driver_number"": 3, ""session_key"": 11292}",0,http_429,"{""detail"":""Rate limit exceeded. Max 30 requests/minute."",""error"":""Too Many Requests""}",0.488
2026-08-22T17:01:27.744317Z,drivers,drivers_by_observed_driver_number,"{""driver_number"": 5, ""session_key"": 11292}",0,http_429,"{""detail"":""Rate limit exceeded. Max 30 requests/minute."",""error"":""Too Many Requests""}",0.507
2026-08-22T17:01:28.346849Z,drivers,drivers_by_observed_driver_number,"{""driver_number"": 6, ""session_key"": 11292}",0,http_429,"{""detail"":""Rate limit exceeded. Max 30 requests/minute."",""error"":""Too Many Requests""}",0.501
2026-08-22T17:01:28.948821Z,drivers,drivers_by_observed_driver_number,"{""driver_number"": 10, ""session_key"": 11292}",0,http_429,"{""detail"":""Rate limit exceeded. Max 30 requests/minute."",""error"":""Too Many Requests""}",0.501
2026-08-22T17:01:29.538309Z,drivers,drivers_by_observed_driver_number,"{""driver_number"": 11, ""session_key"": 11292}",0,http_429,"{""detail"":""Rate limit exceeded. Max 30 requests/minute."",""error"":""Too Many Requests""}",0.488
2026-08-22T17:01:30.142123Z,drivers,drivers_by_observed_driver_number,"{""driver_number"": 12, ""session_key"": 11292}",0,http_429,"{""detail"":""Rate limit exceeded. Max 30 requests/minute."",""error"":""Too Many Requests""}",0.503
2026-08-22T17:01:30.737702Z,drivers,drivers_by_observed_driver_number,"{""driver_number"": 14, ""session_key"": 11292}",0,http_429,"{""detail"":""Rate limit exceeded. Max 30 requests/minute."",""error"":""Too Many Requests""}",0.494
2026-08-22T17:01:31.338234Z,drivers,drivers_by_observed_driver_number,"{""driver_number"": 16, ""session_key"": 11292}",0,http_429,"{""detail"":""Rate limit exceeded. Max 30 requests/minute."",""error"":""Too Many Requests""}",0.499
2026-08-22T17:01:31.940103Z,drivers,drivers_by_observed_driver_number,"{""driver_number"": 18, ""session_key"": 11292}",0,http_429,"{""detail"":""Rate limit exceeded. Max 30 requests/minute."",""error"":""Too Many Requests""}",0.501
2026-08-22T17:01:32.545702Z,drivers,drivers_by_observed_driver_number,"{""driver_number"": 23, ""session_key"": 11292}",0,http_429,"{""detail"":""Rate limit exceeded. Max 30 requests/minute."",""error"":""Too Many Requests""}",0.504
2026-08-22T17:01:33.148755Z,drivers,drivers_by_observed_driver_number,"{""driver_number"": 27, ""session_key"": 11292}",0,http_429,"{""detail"":""Rate limit exceeded. Max 30 requests/minute."",""error"":""Too Many Requests""}",0.502
2026-08-22T17:01:33.739345Z,drivers,drivers_by_observed_driver_number,"{""driver_number"": 30, ""session_key"": 11292}",0,http_429,"{""detail"":""Rate limit exceeded. Max 30 requests/minute."",""error"":""Too Many Requests""}",0.489
2026-08-22T17:01:34.349068Z,drivers,drivers_by_observed_driver_number,"{""driver_number"": 31, ""session_key"": 11292}",0,http_429,"{""detail"":""Rate limit exceeded. Max 30 requests/minute."",""error"":""Too Many Requests""}",0.509
2026-08-22T17:01:34.950868Z,drivers,drivers_by_observed_driver_number,"{""driver_number"": 41, ""session_key"": 11292}",0,http_429,"{""detail"":""Rate limit exceeded. Max 30 requests/minute."",""error"":""Too Many Requests""}",0.501
2026-08-22T17:01:35.554320Z,drivers,drivers_by_observed_driver_number,"{""driver_number"": 43, ""session_key"": 11292}",0,http_429,"{""detail"":""Rate limit exceeded. Max 30 requests/minute."",""error"":""Too Many Requests""}",0.502
2026-08-22T17:01:36.144391Z,drivers,drivers_by_observed_driver_number,"{""driver_number"": 44, ""session_key"": 11292}",0,http_429,"{""detail"":""Rate limit exceeded. Max 30 requests/minute."",""error"":""Too Many Requests""}",0.489
2026-08-22T17:01:36.745919Z,drivers,drivers_by_observed_driver_number,"{""driver_number"": 55, ""session_key"": 11292}",0,http_429,"{""detail"":""Rate limit exceeded. Max 30 requests/minute."",""error"":""Too Many Requests""}",0.5
2026-08-22T17:01:37.342978Z,drivers,drivers_by_observed_driver_number,"{""driver_number"": 63, ""session_key"": 11292}",0,http_429,"{""detail"":""Rate limit exceeded. Max 30 requests/minute."",""error"":""Too Many Requests""}",0.496
2026-08-22T17:01:37.943696Z,drivers,drivers_by_observed_driver_number,"{""driver_number"": 77, ""session_key"": 11292}",0,http_429,"{""detail"":""Rate limit exceeded. Max 30 requests/minute."",""error"":""Too Many Requests""}",0.5
2026-08-22T17:01:38.545730Z,drivers,drivers_by_observed_driver_number,"{""driver_number"": 81, ""session_key"": 11292}",0,http_429,"{""detail"":""Rate limit exceeded. Max 30 requests/minute."",""error"":""Too Many Requests""}",0.501
2026-08-22T17:01:39.147973Z,drivers,drivers_by_observed_driver_number,"{""driver_number"": 87, ""session_key"": 11292}",0,http_429,"{""detail"":""Rate limit exceeded. Max 30 requests/minute."",""error"":""Too Many Requests""}",0.501
2026-08-22T17:01:39.749154Z,drivers,drivers_by_observed_driver_number,"{""driver_number"": 241, ""session_key"": 11292}",0,http_429,"{""detail"":""Rate limit exceeded. Max 30 requests/minute."",""error"":""Too Many Requests""}",0.5
2026-08-22T17:01:40.340368Z,drivers,drivers_by_observed_driver_number,"{""driver_number"": 243, ""session_key"": 11292}",0,http_429,"{""detail"":""Rate limit exceeded. Max 30 requests/minute."",""error"":""Too Many Requests""}",0.49
2026-08-22T17:01:40.949876Z,drivers,drivers_by_observed_driver_number,"{""driver_number"": 247, ""session_key"": 11292}",0,http_429,"{""detail"":""Rate limit exceeded. Max 30 requests/minute."",""error"":""Too Many Requests""}",0.508
2026-08-22T17:01:41.550240Z,team_radio,team_radio_by_session_key_opportunistic,"{""session_key"": 11292}",0,http_429,"{""detail"":""Rate limit exceeded. Max 30 requests/minute."",""error"":""Too Many Requests""}",0.499
2026-08-22T17:01:42.156541Z,weather,weather_by_session_key,"{""session_key"": 11293}",0,http_429,"{""detail"":""Rate limit exceeded. Max 30 requests/minute."",""error"":""Too Many Requests""}",0.505
2026-08-22T17:01:42.746161Z,race_control,race_control_by_session_key,"{""session_key"": 11293}",0,http_429,"{""detail"":""Rate limit exceeded. Max 30 requests/minute."",""error"":""Too Many Requests""}",0.488
2026-08-22T17:01:43.348764Z,intervals,intervals_by_session_key,"{""session_key"": 11293}",0,http_429,"{""detail"":""Rate limit exceeded. Max 30 requests/minute."",""error"":""Too Many Requests""}",0.501
2026-08-22T17:01:43.944392Z,position,position_by_session_key,"{""session_key"": 11293}",0,http_429,"{""detail"":""Rate limit exceeded. Max 30 requests/minute."",""error"":""Too Many Requests""}",0.494
2026-08-22T17:01:44.545465Z,position,position_by_meeting_key_fallback,"{""meeting_key"": 1286}",0,http_429,"{""detail"":""Rate limit exceeded. Max 30 requests/minute."",""error"":""Too Many Requests""}",0.5
2026-08-22T17:01:45.146062Z,stints,stints_by_session_key,"{""session_key"": 11293}",0,http_429,"{""detail"":""Rate limit exceeded. Max 30 requests/minute."",""error"":""Too Many Requests""}",0.499
2026-08-22T17:01:45.247361Z,pit,skip_non_race_like_session,"{""session_key"": 11293}",0,skipped_not_applicable,pit endpoint is only treated as required for race/sprint-like sessions,0.0
2026-08-22T17:01:45.747063Z,starting_grid,starting_grid_by_session_key,"{""session_key"": 11293}",0,http_429,"{""detail"":""Rate limit exceeded. Max 30 requests/minute."",""error"":""Too Many Requests""}",0.5
2026-08-22T17:01:46.348648Z,drivers,drivers_by_session_key,"{""session_key"": 11293}",0,http_429,"{""detail"":""Rate limit exceeded. Max 30 requests/minute."",""error"":""Too Many Requests""}",0.5
2026-08-22T17:01:46.959441Z,drivers,drivers_by_observed_driver_number,"{""driver_number"": 1, ""session_key"": 11293}",0,http_429,"{""detail"":""Rate limit exceeded. Max 30 requests/minute."",""error"":""Too Many Requests""}",0.492
2026-08-22T17:01:47.569819Z,drivers,drivers_by_observed_driver_number,"{""driver_number"": 3, ""session_key"": 11293}",0,http_429,"{""detail"":""Rate limit exceeded. Max 30 requests/minute."",""error"":""Too Many Requests""}",0.509
2026-08-22T17:01:48.174512Z,drivers,drivers_by_observed_driver_number,"{""driver_number"": 5, ""session_key"": 11293}",0,http_429,"{""detail"":""Rate limit exceeded. Max 30 requests/minute."",""error"":""Too Many Requests""}",0.504
2026-08-22T17:01:48.776740Z,drivers,drivers_by_observed_driver_number,"{""driver_number"": 6, ""session_key"": 11293}",0,http_429,"{""detail"":""Rate limit exceeded. Max 30 requests/minute."",""error"":""Too Many Requests""}",0.501
2026-08-22T17:01:49.382933Z,drivers,drivers_by_observed_driver_number,"{""driver_number"": 10, ""session_key"": 11293}",0,http_429,"{""detail"":""Rate limit exceeded. Max 30 requests/minute."",""error"":""Too Many Requests""}",0.505
2026-08-22T17:01:49.972829Z,drivers,drivers_by_observed_driver_number,"{""driver_number"": 11, ""session_key"": 11293}",0,http_429,"{""detail"":""Rate limit exceeded. Max 30 requests/minute."",""error"":""Too Many Requests""}",0.489
2026-08-22T17:01:50.569748Z,drivers,drivers_by_observed_driver_number,"{""driver_number"": 12, ""session_key"": 11293}",0,http_429,"{""detail"":""Rate limit exceeded. Max 30 requests/minute."",""error"":""Too Many Requests""}",0.496
2026-08-22T17:01:51.172443Z,drivers,drivers_by_observed_driver_number,"{""driver_number"": 14, ""session_key"": 11293}",0,http_429,"{""detail"":""Rate limit exceeded. Max 30 requests/minute."",""error"":""Too Many Requests""}",0.502
2026-08-22T17:01:51.774590Z,drivers,drivers_by_observed_driver_number,"{""driver_number"": 16, ""session_key"": 11293}",0,http_429,"{""detail"":""Rate limit exceeded. Max 30 requests/minute."",""error"":""Too Many Requests""}",0.501
2026-08-22T17:01:52.377998Z,drivers,drivers_by_observed_driver_number,"{""driver_number"": 18, ""session_key"": 11293}",0,http_429,"{""detail"":""Rate limit exceeded. Max 30 requests/minute."",""error"":""Too Many Requests""}",0.502
2026-08-22T17:01:52.978968Z,drivers,drivers_by_observed_driver_number,"{""driver_number"": 23, ""session_key"": 11293}",0,http_429,"{""detail"":""Rate limit exceeded. Max 30 requests/minute."",""error"":""Too Many Requests""}",0.5
2026-08-22T17:01:53.570197Z,drivers,drivers_by_observed_driver_number,"{""driver_number"": 27, ""session_key"": 11293}",0,http_429,"{""detail"":""Rate limit exceeded. Max 30 requests/minute."",""error"":""Too Many Requests""}",0.49
2026-08-22T17:01:54.180371Z,drivers,drivers_by_observed_driver_number,"{""driver_number"": 30, ""session_key"": 11293}",0,http_429,"{""detail"":""Rate limit exceeded. Max 30 requests/minute."",""error"":""Too Many Requests""}",0.509
2026-08-22T17:01:54.787565Z,drivers,drivers_by_observed_driver_number,"{""driver_number"": 31, ""session_key"": 11293}",0,http_429,"{""detail"":""Rate limit exceeded. Max 30 requests/minute."",""error"":""Too Many Requests""}",0.506
2026-08-22T17:01:55.388532Z,drivers,drivers_by_observed_driver_number,"{""driver_number"": 41, ""session_key"": 11293}",0,http_429,"{""detail"":""Rate limit exceeded. Max 30 requests/minute."",""error"":""Too Many Requests""}",0.5
2026-08-22T17:01:55.993060Z,drivers,drivers_by_observed_driver_number,"{""driver_number"": 43, ""session_key"": 11293}",0,http_429,"{""detail"":""Rate limit exceeded. Max 30 requests/minute."",""error"":""Too Many Requests""}",0.503
2026-08-22T17:01:56.583604Z,drivers,drivers_by_observed_driver_number,"{""driver_number"": 44, ""session_key"": 11293}",0,http_429,"{""detail"":""Rate limit exceeded. Max 30 requests/minute."",""error"":""Too Many Requests""}",0.489
2026-08-22T17:01:57.180663Z,drivers,drivers_by_observed_driver_number,"{""driver_number"": 55, ""session_key"": 11293}",0,http_429,"{""detail"":""Rate limit exceeded. Max 30 requests/minute."",""error"":""Too Many Requests""}",0.496
2026-08-22T17:01:57.788729Z,drivers,drivers_by_observed_driver_number,"{""driver_number"": 63, ""session_key"": 11293}",0,http_429,"{""detail"":""Rate limit exceeded. Max 30 requests/minute."",""error"":""Too Many Requests""}",0.507
2026-08-22T17:01:58.389517Z,drivers,drivers_by_observed_driver_number,"{""driver_number"": 77, ""session_key"": 11293}",0,http_429,"{""detail"":""Rate limit exceeded. Max 30 requests/minute."",""error"":""Too Many Requests""}",0.5
2026-08-22T17:01:58.991940Z,drivers,drivers_by_observed_driver_number,"{""driver_number"": 81, ""session_key"": 11293}",0,http_429,"{""detail"":""Rate limit exceeded. Max 30 requests/minute."",""error"":""Too Many Requests""}",0.501
2026-08-22T17:01:59.594570Z,drivers,drivers_by_observed_driver_number,"{""driver_number"": 87, ""session_key"": 11293}",0,http_429,"{""detail"":""Rate limit exceeded. Max 30 requests/minute."",""error"":""Too Many Requests""}",0.501
2026-08-22T17:02:00.186244Z,drivers,drivers_by_observed_driver_number,"{""driver_number"": 241, ""session_key"": 11293}",0,http_404,"{""detail"":""No results found.""}",0.491
2026-08-22T17:02:00.796928Z,drivers,drivers_by_observed_driver_number,"{""driver_number"": 243, ""session_key"": 11293}",0,http_404,"{""detail"":""No results found.""}",0.51
2026-08-22T17:02:01.404641Z,drivers,drivers_by_observed_driver_number,"{""driver_number"": 247, ""session_key"": 11293}",0,http_404,"{""detail"":""No results found.""}",0.507
2026-08-22T17:02:02.006817Z,team_radio,team_radio_by_session_key_opportunistic,"{""session_key"": 11293}",0,http_404,"{""detail"":""No results found.""}",0.501
2026-08-22T17:02:02.614905Z,weather,weather_by_session_key,"{""session_key"": 11294}",79,pass,,0.507
2026-08-22T17:02:03.329990Z,race_control,race_control_by_session_key,"{""session_key"": 11294}",73,pass,,0.613
2026-08-22T17:02:03.927690Z,intervals,intervals_by_session_key,"{""session_key"": 11294}",0,http_404,"{""detail"":""No results found.""}",0.496
2026-08-22T17:02:04.544578Z,position,position_by_session_key,"{""session_key"": 11294}",592,pass,,0.516
2026-08-22T17:02:05.153620Z,stints,stints_by_session_key,"{""session_key"": 11294}",82,pass,,0.507
2026-08-22T17:02:05.255472Z,pit,skip_non_race_like_session,"{""session_key"": 11294}",0,skipped_not_applicable,pit endpoint is only treated as required for race/sprint-like sessions,0.0
2026-08-22T17:02:05.756954Z,starting_grid,starting_grid_by_session_key,"{""session_key"": 11294}",0,http_404,"{""detail"":""No results found.""}",0.501
2026-08-22T17:02:06.360577Z,drivers,drivers_by_session_key,"{""session_key"": 11294}",22,pass,,0.502
2026-08-22T17:02:06.964440Z,team_radio,team_radio_by_session_key_opportunistic,"{""session_key"": 11294}",22,pass,,0.502
2026-08-22T17:02:07.580438Z,weather,weather_by_session_key,"{""session_key"": 11295}",84,pass,,0.514
2026-08-22T17:02:08.190273Z,race_control,race_control_by_session_key,"{""session_key"": 11295}",73,pass,,0.508
2026-08-22T17:02:08.781381Z,intervals,intervals_by_session_key,"{""session_key"": 11295}",0,http_404,"{""detail"":""No results found.""}",0.489
2026-08-22T17:02:09.484117Z,position,position_by_session_key,"{""session_key"": 11295}",1616,pass,,0.602
2026-08-22T17:02:10.100636Z,stints,stints_by_session_key,"{""session_key"": 11295}",100,pass,,0.515
2026-08-22T17:02:10.202627Z,pit,skip_non_race_like_session,"{""session_key"": 11295}",0,skipped_not_applicable,pit endpoint is only treated as required for race/sprint-like sessions,0.0
2026-08-22T17:02:10.704712Z,starting_grid,starting_grid_by_session_key,"{""session_key"": 11295}",22,pass,,0.502
2026-08-22T17:02:11.297219Z,drivers,drivers_by_session_key,"{""session_key"": 11295}",22,pass,,0.491
2026-08-22T17:02:11.903574Z,team_radio,team_radio_by_session_key_opportunistic,"{""session_key"": 11295}",18,pass,,0.504
2026-08-22T17:02:12.518612Z,weather,weather_by_session_key,"{""session_key"": 11299}",208,pass,,0.513
2026-08-22T17:02:13.135760Z,race_control,race_control_by_session_key,"{""session_key"": 11299}",269,pass,,0.515
2026-08-22T17:02:15.800412Z,intervals,intervals_by_session_key,"{""session_key"": 11299}",29916,pass,,2.563
2026-08-22T17:02:16.423932Z,position,position_by_session_key,"{""session_key"": 11299}",291,pass,,0.518
2026-08-22T17:02:17.049023Z,stints,stints_by_session_key,"{""session_key"": 11299}",108,pass,,0.523
2026-08-22T17:02:17.646318Z,pit,pit_by_session_key,"{""session_key"": 11299}",86,pass,,0.495
2026-08-22T17:02:18.249664Z,starting_grid,starting_grid_by_session_key,"{""session_key"": 11299}",0,http_404,"{""detail"":""No results found.""}",0.501
2026-08-22T17:02:18.862760Z,drivers,drivers_by_session_key,"{""session_key"": 11299}",22,pass,,0.512
2026-08-22T17:02:19.463196Z,team_radio,team_radio_by_session_key_opportunistic,"{""session_key"": 11299}",36,pass,,0.499
2026-08-22T17:02:20.070951Z,weather,weather_by_session_key,"{""session_key"": 11300}",84,pass,,0.506
2026-08-22T17:02:20.662689Z,race_control,race_control_by_session_key,"{""session_key"": 11300}",0,http_429,"{""detail"":""Rate limit exceeded. Max 30 requests/minute."",""error"":""Too Many Requests""}",0.49
2026-08-22T17:02:21.262883Z,intervals,intervals_by_session_key,"{""session_key"": 11300}",0,http_429,"{""detail"":""Rate limit exceeded. Max 30 requests/minute."",""error"":""Too Many Requests""}",0.499
2026-08-22T17:02:21.865548Z,position,position_by_session_key,"{""session_key"": 11300}",0,http_429,"{""detail"":""Rate limit exceeded. Max 30 requests/minute."",""error"":""Too Many Requests""}",0.502
2026-08-22T17:02:22.467346Z,position,position_by_meeting_key_fallback,"{""meeting_key"": 1287}",0,http_429,"{""detail"":""Rate limit exceeded. Max 30 requests/minute."",""error"":""Too Many Requests""}",0.501
2026-08-22T17:02:23.072417Z,stints,stints_by_session_key,"{""session_key"": 11300}",0,http_429,"{""detail"":""Rate limit exceeded. Max 30 requests/minute."",""error"":""Too Many Requests""}",0.504
2026-08-22T17:02:23.173702Z,pit,skip_non_race_like_session,"{""session_key"": 11300}",0,skipped_not_applicable,pit endpoint is only treated as required for race/sprint-like sessions,0.0
2026-08-22T17:02:23.684455Z,starting_grid,starting_grid_by_session_key,"{""session_key"": 11300}",0,http_429,"{""detail"":""Rate limit exceeded. Max 30 requests/minute."",""error"":""Too Many Requests""}",0.511
2026-08-22T17:02:24.274311Z,drivers,drivers_by_session_key,"{""session_key"": 11300}",0,http_429,"{""detail"":""Rate limit exceeded. Max 30 requests/minute."",""error"":""Too Many Requests""}",0.489
2026-08-22T17:02:24.896048Z,drivers,drivers_by_observed_driver_number,"{""driver_number"": 1, ""session_key"": 11300}",0,http_429,"{""detail"":""Rate limit exceeded. Max 30 requests/minute."",""error"":""Too Many Requests""}",0.499
2026-08-22T17:02:25.498125Z,drivers,drivers_by_observed_driver_number,"{""driver_number"": 3, ""session_key"": 11300}",0,http_429,"{""detail"":""Rate limit exceeded. Max 30 requests/minute."",""error"":""Too Many Requests""}",0.501
2026-08-22T17:02:26.093935Z,drivers,drivers_by_observed_driver_number,"{""driver_number"": 5, ""session_key"": 11300}",0,http_429,"{""detail"":""Rate limit exceeded. Max 30 requests/minute."",""error"":""Too Many Requests""}",0.495
2026-08-22T17:02:26.695232Z,drivers,drivers_by_observed_driver_number,"{""driver_number"": 6, ""session_key"": 11300}",0,http_429,"{""detail"":""Rate limit exceeded. Max 30 requests/minute."",""error"":""Too Many Requests""}",0.5
2026-08-22T17:02:27.285573Z,drivers,drivers_by_observed_driver_number,"{""driver_number"": 10, ""session_key"": 11300}",0,http_429,"{""detail"":""Rate limit exceeded. Max 30 requests/minute."",""error"":""Too Many Requests""}",0.489
2026-08-22T17:02:27.885577Z,drivers,drivers_by_observed_driver_number,"{""driver_number"": 11, ""session_key"": 11300}",0,http_429,"{""detail"":""Rate limit exceeded. Max 30 requests/minute."",""error"":""Too Many Requests""}",0.499
2026-08-22T17:02:28.488915Z,drivers,drivers_by_observed_driver_number,"{""driver_number"": 12, ""session_key"": 11300}",0,http_429,"{""detail"":""Rate limit exceeded. Max 30 requests/minute."",""error"":""Too Many Requests""}",0.502
2026-08-22T17:02:29.089951Z,drivers,drivers_by_observed_driver_number,"{""driver_number"": 14, ""session_key"": 11300}",0,http_429,"{""detail"":""Rate limit exceeded. Max 30 requests/minute."",""error"":""Too Many Requests""}",0.5
2026-08-22T17:02:29.697091Z,drivers,drivers_by_observed_driver_number,"{""driver_number"": 16, ""session_key"": 11300}",0,http_429,"{""detail"":""Rate limit exceeded. Max 30 requests/minute."",""error"":""Too Many Requests""}",0.506
2026-08-22T17:02:30.304895Z,drivers,drivers_by_observed_driver_number,"{""driver_number"": 18, ""session_key"": 11300}",0,http_429,"{""detail"":""Rate limit exceeded. Max 30 requests/minute."",""error"":""Too Many Requests""}",0.507
2026-08-22T17:02:30.894235Z,drivers,drivers_by_observed_driver_number,"{""driver_number"": 23, ""session_key"": 11300}",0,http_429,"{""detail"":""Rate limit exceeded. Max 30 requests/minute."",""error"":""Too Many Requests""}",0.488
2026-08-22T17:02:31.494864Z,drivers,drivers_by_observed_driver_number,"{""driver_number"": 27, ""session_key"": 11300}",0,http_429,"{""detail"":""Rate limit exceeded. Max 30 requests/minute."",""error"":""Too Many Requests""}",0.499
2026-08-22T17:02:32.096218Z,drivers,drivers_by_observed_driver_number,"{""driver_number"": 30, ""session_key"": 11300}",0,http_429,"{""detail"":""Rate limit exceeded. Max 30 requests/minute."",""error"":""Too Many Requests""}",0.5
2026-08-22T17:02:32.691821Z,drivers,drivers_by_observed_driver_number,"{""driver_number"": 31, ""session_key"": 11300}",0,http_429,"{""detail"":""Rate limit exceeded. Max 30 requests/minute."",""error"":""Too Many Requests""}",0.494
2026-08-22T17:02:33.292739Z,drivers,drivers_by_observed_driver_number,"{""driver_number"": 41, ""session_key"": 11300}",0,http_429,"{""detail"":""Rate limit exceeded. Max 30 requests/minute."",""error"":""Too Many Requests""}",0.5
2026-08-22T17:02:33.884292Z,drivers,drivers_by_observed_driver_number,"{""driver_number"": 43, ""session_key"": 11300}",0,http_429,"{""detail"":""Rate limit exceeded. Max 30 requests/minute."",""error"":""Too Many Requests""}",0.49
2026-08-22T17:02:34.485599Z,drivers,drivers_by_observed_driver_number,"{""driver_number"": 44, ""session_key"": 11300}",0,http_429,"{""detail"":""Rate limit exceeded. Max 30 requests/minute."",""error"":""Too Many Requests""}",0.5
2026-08-22T17:02:35.088468Z,drivers,drivers_by_observed_driver_number,"{""driver_number"": 55, ""session_key"": 11300}",0,http_429,"{""detail"":""Rate limit exceeded. Max 30 requests/minute."",""error"":""Too Many Requests""}",0.502
2026-08-22T17:02:35.689794Z,drivers,drivers_by_observed_driver_number,"{""driver_number"": 63, ""session_key"": 11300}",0,http_429,"{""detail"":""Rate limit exceeded. Max 30 requests/minute."",""error"":""Too Many Requests""}",0.5
2026-08-22T17:02:36.279831Z,drivers,drivers_by_observed_driver_number,"{""driver_number"": 77, ""session_key"": 11300}",0,http_429,"{""detail"":""Rate limit exceeded. Max 30 requests/minute."",""error"":""Too Many Requests""}",0.489
2026-08-22T17:02:36.891724Z,drivers,drivers_by_observed_driver_number,"{""driver_number"": 81, ""session_key"": 11300}",0,http_429,"{""detail"":""Rate limit exceeded. Max 30 requests/minute."",""error"":""Too Many Requests""}",0.511
2026-08-22T17:02:37.482628Z,drivers,drivers_by_observed_driver_number,"{""driver_number"": 87, ""session_key"": 11300}",0,http_429,"{""detail"":""Rate limit exceeded. Max 30 requests/minute."",""error"":""Too Many Requests""}",0.49
2026-08-22T17:02:38.084445Z,drivers,drivers_by_observed_driver_number,"{""driver_number"": 241, ""session_key"": 11300}",0,http_429,"{""detail"":""Rate limit exceeded. Max 30 requests/minute."",""error"":""Too Many Requests""}",0.501
2026-08-22T17:02:38.686832Z,drivers,drivers_by_observed_driver_number,"{""driver_number"": 243, ""session_key"": 11300}",0,http_429,"{""detail"":""Rate limit exceeded. Max 30 requests/minute."",""error"":""Too Many Requests""}",0.501
2026-08-22T17:02:39.282806Z,drivers,drivers_by_observed_driver_number,"{""driver_number"": 247, ""session_key"": 11300}",0,http_429,"{""detail"":""Rate limit exceeded. Max 30 requests/minute."",""error"":""Too Many Requests""}",0.495
2026-08-22T17:02:39.883752Z,team_radio,team_radio_by_session_key_opportunistic,"{""session_key"": 11300}",0,http_429,"{""detail"":""Rate limit exceeded. Max 30 requests/minute."",""error"":""Too Many Requests""}",0.5
2026-08-22T17:02:40.475948Z,weather,weather_by_session_key,"{""session_key"": 11301}",0,http_429,"{""detail"":""Rate limit exceeded. Max 30 requests/minute."",""error"":""Too Many Requests""}",0.491
2026-08-22T17:02:41.077864Z,race_control,race_control_by_session_key,"{""session_key"": 11301}",0,http_429,"{""detail"":""Rate limit exceeded. Max 30 requests/minute."",""error"":""Too Many Requests""}",0.501
2026-08-22T17:02:41.681299Z,intervals,intervals_by_session_key,"{""session_key"": 11301}",0,http_429,"{""detail"":""Rate limit exceeded. Max 30 requests/minute."",""error"":""Too Many Requests""}",0.502
2026-08-22T17:02:42.282527Z,position,position_by_session_key,"{""session_key"": 11301}",0,http_429,"{""detail"":""Rate limit exceeded. Max 30 requests/minute."",""error"":""Too Many Requests""}",0.5
2026-08-22T17:02:42.876626Z,position,position_by_meeting_key_fallback,"{""meeting_key"": 1287}",0,http_429,"{""detail"":""Rate limit exceeded. Max 30 requests/minute."",""error"":""Too Many Requests""}",0.493
2026-08-22T17:02:43.485752Z,stints,stints_by_session_key,"{""session_key"": 11301}",0,http_429,"{""detail"":""Rate limit exceeded. Max 30 requests/minute."",""error"":""Too Many Requests""}",0.508
2026-08-22T17:02:43.587041Z,pit,skip_non_race_like_session,"{""session_key"": 11301}",0,skipped_not_applicable,pit endpoint is only treated as required for race/sprint-like sessions,0.0
2026-08-22T17:02:44.077744Z,starting_grid,starting_grid_by_session_key,"{""session_key"": 11301}",0,http_429,"{""detail"":""Rate limit exceeded. Max 30 requests/minute."",""error"":""Too Many Requests""}",0.49
2026-08-22T17:02:44.677830Z,drivers,drivers_by_session_key,"{""session_key"": 11301}",0,http_429,"{""detail"":""Rate limit exceeded. Max 30 requests/minute."",""error"":""Too Many Requests""}",0.499
2026-08-22T17:02:45.300350Z,drivers,drivers_by_observed_driver_number,"{""driver_number"": 1, ""session_key"": 11301}",0,http_429,"{""detail"":""Rate limit exceeded. Max 30 requests/minute."",""error"":""Too Many Requests""}",0.501
2026-08-22T17:02:45.898149Z,drivers,drivers_by_observed_driver_number,"{""driver_number"": 3, ""session_key"": 11301}",0,http_429,"{""detail"":""Rate limit exceeded. Max 30 requests/minute."",""error"":""Too Many Requests""}",0.497
2026-08-22T17:02:46.498730Z,drivers,drivers_by_observed_driver_number,"{""driver_number"": 5, ""session_key"": 11301}",0,http_429,"{""detail"":""Rate limit exceeded. Max 30 requests/minute."",""error"":""Too Many Requests""}",0.499
2026-08-22T17:02:47.089531Z,drivers,drivers_by_observed_driver_number,"{""driver_number"": 6, ""session_key"": 11301}",0,http_429,"{""detail"":""Rate limit exceeded. Max 30 requests/minute."",""error"":""Too Many Requests""}",0.49
2026-08-22T17:02:47.692219Z,drivers,drivers_by_observed_driver_number,"{""driver_number"": 10, ""session_key"": 11301}",0,http_429,"{""detail"":""Rate limit exceeded. Max 30 requests/minute."",""error"":""Too Many Requests""}",0.502
2026-08-22T17:02:48.295973Z,drivers,drivers_by_observed_driver_number,"{""driver_number"": 11, ""session_key"": 11301}",0,http_429,"{""detail"":""Rate limit exceeded. Max 30 requests/minute."",""error"":""Too Many Requests""}",0.503
2026-08-22T17:02:48.898148Z,drivers,drivers_by_observed_driver_number,"{""driver_number"": 12, ""session_key"": 11301}",0,http_429,"{""detail"":""Rate limit exceeded. Max 30 requests/minute."",""error"":""Too Many Requests""}",0.501
2026-08-22T17:02:49.490007Z,drivers,drivers_by_observed_driver_number,"{""driver_number"": 14, ""session_key"": 11301}",0,http_429,"{""detail"":""Rate limit exceeded. Max 30 requests/minute."",""error"":""Too Many Requests""}",0.491
2026-08-22T17:02:50.099451Z,drivers,drivers_by_observed_driver_number,"{""driver_number"": 16, ""session_key"": 11301}",0,http_429,"{""detail"":""Rate limit exceeded. Max 30 requests/minute."",""error"":""Too Many Requests""}",0.508
2026-08-22T17:02:50.689462Z,drivers,drivers_by_observed_driver_number,"{""driver_number"": 18, ""session_key"": 11301}",0,http_429,"{""detail"":""Rate limit exceeded. Max 30 requests/minute."",""error"":""Too Many Requests""}",0.489
2026-08-22T17:02:51.291675Z,drivers,drivers_by_observed_driver_number,"{""driver_number"": 23, ""session_key"": 11301}",0,http_429,"{""detail"":""Rate limit exceeded. Max 30 requests/minute."",""error"":""Too Many Requests""}",0.501
2026-08-22T17:02:51.893271Z,drivers,drivers_by_observed_driver_number,"{""driver_number"": 27, ""session_key"": 11301}",0,http_429,"{""detail"":""Rate limit exceeded. Max 30 requests/minute."",""error"":""Too Many Requests""}",0.5
2026-08-22T17:02:52.490027Z,drivers,drivers_by_observed_driver_number,"{""driver_number"": 30, ""session_key"": 11301}",0,http_429,"{""detail"":""Rate limit exceeded. Max 30 requests/minute."",""error"":""Too Many Requests""}",0.496
2026-08-22T17:02:53.090758Z,drivers,drivers_by_observed_driver_number,"{""driver_number"": 31, ""session_key"": 11301}",0,http_429,"{""detail"":""Rate limit exceeded. Max 30 requests/minute."",""error"":""Too Many Requests""}",0.5
2026-08-22T17:02:53.680828Z,drivers,drivers_by_observed_driver_number,"{""driver_number"": 41, ""session_key"": 11301}",0,http_429,"{""detail"":""Rate limit exceeded. Max 30 requests/minute."",""error"":""Too Many Requests""}",0.489
2026-08-22T17:02:54.273615Z,drivers,drivers_by_observed_driver_number,"{""driver_number"": 43, ""session_key"": 11301}",0,http_429,"{""detail"":""Rate limit exceeded. Max 30 requests/minute."",""error"":""Too Many Requests""}",0.492
2026-08-22T17:02:54.876706Z,drivers,drivers_by_observed_driver_number,"{""driver_number"": 44, ""session_key"": 11301}",0,http_429,"{""detail"":""Rate limit exceeded. Max 30 requests/minute."",""error"":""Too Many Requests""}",0.502
2026-08-22T17:02:55.478415Z,drivers,drivers_by_observed_driver_number,"{""driver_number"": 55, ""session_key"": 11301}",0,http_429,"{""detail"":""Rate limit exceeded. Max 30 requests/minute."",""error"":""Too Many Requests""}",0.501
2026-08-22T17:02:56.083433Z,drivers,drivers_by_observed_driver_number,"{""driver_number"": 63, ""session_key"": 11301}",0,http_429,"{""detail"":""Rate limit exceeded. Max 30 requests/minute."",""error"":""Too Many Requests""}",0.504
2026-08-22T17:02:56.693239Z,drivers,drivers_by_observed_driver_number,"{""driver_number"": 77, ""session_key"": 11301}",0,http_429,"{""detail"":""Rate limit exceeded. Max 30 requests/minute."",""error"":""Too Many Requests""}",0.509
2026-08-22T17:02:57.284809Z,drivers,drivers_by_observed_driver_number,"{""driver_number"": 81, ""session_key"": 11301}",0,http_429,"{""detail"":""Rate limit exceeded. Max 30 requests/minute."",""error"":""Too Many Requests""}",0.49
2026-08-22T17:02:57.886279Z,drivers,drivers_by_observed_driver_number,"{""driver_number"": 87, ""session_key"": 11301}",0,http_429,"{""detail"":""Rate limit exceeded. Max 30 requests/minute."",""error"":""Too Many Requests""}",0.5
2026-08-22T17:02:58.488794Z,drivers,drivers_by_observed_driver_number,"{""driver_number"": 241, ""session_key"": 11301}",0,http_429,"{""detail"":""Rate limit exceeded. Max 30 requests/minute."",""error"":""Too Many Requests""}",0.501
2026-08-22T17:02:59.086289Z,drivers,drivers_by_observed_driver_number,"{""driver_number"": 243, ""session_key"": 11301}",0,http_429,"{""detail"":""Rate limit exceeded. Max 30 requests/minute."",""error"":""Too Many Requests""}",0.496
2026-08-22T17:02:59.685948Z,drivers,drivers_by_observed_driver_number,"{""driver_number"": 247, ""session_key"": 11301}",0,http_429,"{""detail"":""Rate limit exceeded. Max 30 requests/minute."",""error"":""Too Many Requests""}",0.499
2026-08-22T17:03:00.292411Z,team_radio,team_radio_by_session_key_opportunistic,"{""session_key"": 11301}",6,pass,,0.505
2026-08-22T17:03:00.895340Z,weather,weather_by_session_key,"{""session_key"": 11302}",81,pass,,0.501
2026-08-22T17:03:01.490693Z,race_control,race_control_by_session_key,"{""session_key"": 11302}",44,pass,,0.494
2026-08-22T17:03:02.095734Z,intervals,intervals_by_session_key,"{""session_key"": 11302}",0,http_404,"{""detail"":""No results found.""}",0.503
2026-08-22T17:03:02.714598Z,position,position_by_session_key,"{""session_key"": 11302}",465,pass,,0.518
2026-08-22T17:03:03.461721Z,stints,stints_by_session_key,"{""session_key"": 11302}",105,pass,,0.645
2026-08-22T17:03:03.563609Z,pit,skip_non_race_like_session,"{""session_key"": 11302}",0,skipped_not_applicable,pit endpoint is only treated as required for race/sprint-like sessions,0.0
2026-08-22T17:03:04.053848Z,starting_grid,starting_grid_by_session_key,"{""session_key"": 11302}",0,http_404,"{""detail"":""No results found.""}",0.49
2026-08-22T17:03:04.662392Z,drivers,drivers_by_session_key,"{""session_key"": 11302}",22,pass,,0.507
2026-08-22T17:03:05.266767Z,team_radio,team_radio_by_session_key_opportunistic,"{""session_key"": 11302}",8,pass,,0.503
2026-08-22T17:03:05.876472Z,weather,weather_by_session_key,"{""session_key"": 11303}",88,pass,,0.508
2026-08-22T17:03:06.482341Z,race_control,race_control_by_session_key,"{""session_key"": 11303}",50,pass,,0.504
2026-08-22T17:03:07.088708Z,intervals,intervals_by_session_key,"{""session_key"": 11303}",0,http_404,"{""detail"":""No results found.""}",0.505
2026-08-22T17:03:07.777535Z,position,position_by_session_key,"{""session_key"": 11303}",1116,pass,,0.588
2026-08-22T17:03:08.423611Z,stints,stints_by_session_key,"{""session_key"": 11303}",89,pass,,0.544
2026-08-22T17:03:08.525531Z,pit,skip_non_race_like_session,"{""session_key"": 11303}",0,skipped_not_applicable,pit endpoint is only treated as required for race/sprint-like sessions,0.0
2026-08-22T17:03:09.026098Z,starting_grid,starting_grid_by_session_key,"{""session_key"": 11303}",22,pass,,0.5
2026-08-22T17:03:09.638077Z,drivers,drivers_by_session_key,"{""session_key"": 11303}",22,pass,,0.51
2026-08-22T17:03:10.254845Z,team_radio,team_radio_by_session_key_opportunistic,"{""session_key"": 11303}",8,pass,,0.515
2026-08-22T17:03:10.856029Z,weather,weather_by_session_key,"{""session_key"": 11307}",150,pass,,0.499
2026-08-22T17:03:11.474441Z,race_control,race_control_by_session_key,"{""session_key"": 11307}",179,pass,,0.517
2026-08-22T17:03:14.655054Z,intervals,intervals_by_session_key,"{""session_key"": 11307}",25022,pass,,3.079
2026-08-22T17:03:15.290071Z,position,position_by_session_key,"{""session_key"": 11307}",613,pass,,0.53
2026-08-22T17:03:15.890780Z,stints,stints_by_session_key,"{""session_key"": 11307}",70,pass,,0.499
2026-08-22T17:03:16.661307Z,pit,pit_by_session_key,"{""session_key"": 11307}",48,pass,,0.669
2026-08-22T17:03:17.257714Z,starting_grid,starting_grid_by_session_key,"{""session_key"": 11307}",0,http_404,"{""detail"":""No results found.""}",0.494
2026-08-22T17:03:17.861490Z,drivers,drivers_by_session_key,"{""session_key"": 11307}",22,pass,,0.502
2026-08-22T17:03:18.474440Z,team_radio,team_radio_by_session_key_opportunistic,"{""session_key"": 11307}",40,pass,,0.511
2026-08-22T17:03:19.095162Z,weather,weather_by_session_key,"{""session_key"": 11308}",77,pass,,0.519
2026-08-22T17:03:19.708559Z,race_control,race_control_by_session_key,"{""session_key"": 11308}",55,pass,,0.512
2026-08-22T17:03:20.312544Z,intervals,intervals_by_session_key,"{""session_key"": 11308}",0,http_404,"{""detail"":""No results found.""}",0.502
2026-08-22T17:03:20.946629Z,position,position_by_session_key,"{""session_key"": 11308}",640,pass,,0.533
2026-08-22T17:03:21.538195Z,stints,stints_by_session_key,"{""session_key"": 11308}",0,http_429,"{""detail"":""Rate limit exceeded. Max 30 requests/minute."",""error"":""Too Many Requests""}",0.49
2026-08-22T17:03:21.639423Z,pit,skip_non_race_like_session,"{""session_key"": 11308}",0,skipped_not_applicable,pit endpoint is only treated as required for race/sprint-like sessions,0.0
2026-08-22T17:03:22.129134Z,starting_grid,starting_grid_by_session_key,"{""session_key"": 11308}",0,http_429,"{""detail"":""Rate limit exceeded. Max 30 requests/minute."",""error"":""Too Many Requests""}",0.49
2026-08-22T17:03:22.724730Z,drivers,drivers_by_session_key,"{""session_key"": 11308}",0,http_429,"{""detail"":""Rate limit exceeded. Max 30 requests/minute."",""error"":""Too Many Requests""}",0.494
2026-08-22T17:03:23.349296Z,drivers,drivers_by_observed_driver_number,"{""driver_number"": 1, ""session_key"": 11308}",0,http_429,"{""detail"":""Rate limit exceeded. Max 30 requests/minute."",""error"":""Too Many Requests""}",0.499
2026-08-22T17:03:23.953070Z,drivers,drivers_by_observed_driver_number,"{""driver_number"": 3, ""session_key"": 11308}",0,http_429,"{""detail"":""Rate limit exceeded. Max 30 requests/minute."",""error"":""Too Many Requests""}",0.503
2026-08-22T17:03:24.552790Z,drivers,drivers_by_observed_driver_number,"{""driver_number"": 5, ""session_key"": 11308}",0,http_429,"{""detail"":""Rate limit exceeded. Max 30 requests/minute."",""error"":""Too Many Requests""}",0.499
2026-08-22T17:03:25.161002Z,drivers,drivers_by_observed_driver_number,"{""driver_number"": 6, ""session_key"": 11308}",0,http_429,"{""detail"":""Rate limit exceeded. Max 30 requests/minute."",""error"":""Too Many Requests""}",0.507
2026-08-22T17:03:25.761283Z,drivers,drivers_by_observed_driver_number,"{""driver_number"": 10, ""session_key"": 11308}",0,http_429,"{""detail"":""Rate limit exceeded. Max 30 requests/minute."",""error"":""Too Many Requests""}",0.499
2026-08-22T17:03:26.362111Z,drivers,drivers_by_observed_driver_number,"{""driver_number"": 11, ""session_key"": 11308}",0,http_429,"{""detail"":""Rate limit exceeded. Max 30 requests/minute."",""error"":""Too Many Requests""}",0.5
2026-08-22T17:03:26.963737Z,drivers,drivers_by_observed_driver_number,"{""driver_number"": 12, ""session_key"": 11308}",0,http_429,"{""detail"":""Rate limit exceeded. Max 30 requests/minute."",""error"":""Too Many Requests""}",0.5
2026-08-22T17:03:27.566000Z,drivers,drivers_by_observed_driver_number,"{""driver_number"": 14, ""session_key"": 11308}",0,http_429,"{""detail"":""Rate limit exceeded. Max 30 requests/minute."",""error"":""Too Many Requests""}",0.501
2026-08-22T17:03:28.154949Z,drivers,drivers_by_observed_driver_number,"{""driver_number"": 16, ""session_key"": 11308}",0,http_429,"{""detail"":""Rate limit exceeded. Max 30 requests/minute."",""error"":""Too Many Requests""}",0.488
2026-08-22T17:03:28.746588Z,drivers,drivers_by_observed_driver_number,"{""driver_number"": 18, ""session_key"": 11308}",0,http_429,"{""detail"":""Rate limit exceeded. Max 30 requests/minute."",""error"":""Too Many Requests""}",0.49
2026-08-22T17:03:29.343731Z,drivers,drivers_by_observed_driver_number,"{""driver_number"": 23, ""session_key"": 11308}",0,http_429,"{""detail"":""Rate limit exceeded. Max 30 requests/minute."",""error"":""Too Many Requests""}",0.496
2026-08-22T17:03:29.944636Z,drivers,drivers_by_observed_driver_number,"{""driver_number"": 27, ""session_key"": 11308}",0,http_429,"{""detail"":""Rate limit exceeded. Max 30 requests/minute."",""error"":""Too Many Requests""}",0.5
2026-08-22T17:03:30.535464Z,drivers,drivers_by_observed_driver_number,"{""driver_number"": 30, ""session_key"": 11308}",0,http_429,"{""detail"":""Rate limit exceeded. Max 30 requests/minute."",""error"":""Too Many Requests""}",0.49
2026-08-22T17:03:31.136552Z,drivers,drivers_by_observed_driver_number,"{""driver_number"": 31, ""session_key"": 11308}",0,http_429,"{""detail"":""Rate limit exceeded. Max 30 requests/minute."",""error"":""Too Many Requests""}",0.5
2026-08-22T17:03:31.744651Z,drivers,drivers_by_observed_driver_number,"{""driver_number"": 34, ""session_key"": 11308}",0,http_429,"{""detail"":""Rate limit exceeded. Max 30 requests/minute."",""error"":""Too Many Requests""}",0.507
2026-08-22T17:03:32.348155Z,drivers,drivers_by_observed_driver_number,"{""driver_number"": 38, ""session_key"": 11308}",0,http_429,"{""detail"":""Rate limit exceeded. Max 30 requests/minute."",""error"":""Too Many Requests""}",0.502
2026-08-22T17:03:32.950136Z,drivers,drivers_by_observed_driver_number,"{""driver_number"": 41, ""session_key"": 11308}",0,http_429,"{""detail"":""Rate limit exceeded. Max 30 requests/minute."",""error"":""Too Many Requests""}",0.501
2026-08-22T17:03:33.553477Z,drivers,drivers_by_observed_driver_number,"{""driver_number"": 43, ""session_key"": 11308}",0,http_429,"{""detail"":""Rate limit exceeded. Max 30 requests/minute."",""error"":""Too Many Requests""}",0.502
2026-08-22T17:03:34.240826Z,drivers,drivers_by_observed_driver_number,"{""driver_number"": 44, ""session_key"": 11308}",0,http_429,"{""detail"":""Rate limit exceeded. Max 30 requests/minute."",""error"":""Too Many Requests""}",0.586
2026-08-22T17:03:34.832206Z,drivers,drivers_by_observed_driver_number,"{""driver_number"": 46, ""session_key"": 11308}",0,http_429,"{""detail"":""Rate limit exceeded. Max 30 requests/minute."",""error"":""Too Many Requests""}",0.49
2026-08-22T17:03:35.423854Z,drivers,drivers_by_observed_driver_number,"{""driver_number"": 50, ""session_key"": 11308}",0,http_429,"{""detail"":""Rate limit exceeded. Max 30 requests/minute."",""error"":""Too Many Requests""}",0.49
2026-08-22T17:03:36.019366Z,drivers,drivers_by_observed_driver_number,"{""driver_number"": 55, ""session_key"": 11308}",0,http_429,"{""detail"":""Rate limit exceeded. Max 30 requests/minute."",""error"":""Too Many Requests""}",0.494
2026-08-22T17:03:36.622107Z,drivers,drivers_by_observed_driver_number,"{""driver_number"": 63, ""session_key"": 11308}",0,http_429,"{""detail"":""Rate limit exceeded. Max 30 requests/minute."",""error"":""Too Many Requests""}",0.502
2026-08-22T17:03:37.211538Z,drivers,drivers_by_observed_driver_number,"{""driver_number"": 77, ""session_key"": 11308}",0,http_429,"{""detail"":""Rate limit exceeded. Max 30 requests/minute."",""error"":""Too Many Requests""}",0.488
2026-08-22T17:03:37.811826Z,drivers,drivers_by_observed_driver_number,"{""driver_number"": 81, ""session_key"": 11308}",0,http_429,"{""detail"":""Rate limit exceeded. Max 30 requests/minute."",""error"":""Too Many Requests""}",0.499
2026-08-22T17:03:38.420859Z,drivers,drivers_by_observed_driver_number,"{""driver_number"": 87, ""session_key"": 11308}",0,http_429,"{""detail"":""Rate limit exceeded. Max 30 requests/minute."",""error"":""Too Many Requests""}",0.508
2026-08-22T17:03:39.022201Z,drivers,drivers_by_observed_driver_number,"{""driver_number"": 90, ""session_key"": 11308}",0,http_429,"{""detail"":""Rate limit exceeded. Max 30 requests/minute."",""error"":""Too Many Requests""}",0.5
2026-08-22T17:03:39.622444Z,drivers,drivers_by_observed_driver_number,"{""driver_number"": 97, ""session_key"": 11308}",0,http_429,"{""detail"":""Rate limit exceeded. Max 30 requests/minute."",""error"":""Too Many Requests""}",0.499
2026-08-22T17:03:40.225360Z,drivers,drivers_by_observed_driver_number,"{""driver_number"": 241, ""session_key"": 11308}",0,http_429,"{""detail"":""Rate limit exceeded. Max 30 requests/minute."",""error"":""Too Many Requests""}",0.502
2026-08-22T17:03:40.826648Z,drivers,drivers_by_observed_driver_number,"{""driver_number"": 243, ""session_key"": 11308}",0,http_429,"{""detail"":""Rate limit exceeded. Max 30 requests/minute."",""error"":""Too Many Requests""}",0.5
2026-08-22T17:03:41.420491Z,drivers,drivers_by_observed_driver_number,"{""driver_number"": 247, ""session_key"": 11308}",0,http_429,"{""detail"":""Rate limit exceeded. Max 30 requests/minute."",""error"":""Too Many Requests""}",0.493
2026-08-22T17:03:42.012606Z,team_radio,team_radio_by_session_key_opportunistic,"{""session_key"": 11308}",0,http_429,"{""detail"":""Rate limit exceeded. Max 30 requests/minute."",""error"":""Too Many Requests""}",0.491
2026-08-22T17:03:42.608126Z,weather,weather_by_session_key,"{""session_key"": 11309}",0,http_429,"{""detail"":""Rate limit exceeded. Max 30 requests/minute."",""error"":""Too Many Requests""}",0.494
2026-08-22T17:03:43.203609Z,race_control,race_control_by_session_key,"{""session_key"": 11309}",0,http_429,"{""detail"":""Rate limit exceeded. Max 30 requests/minute."",""error"":""Too Many Requests""}",0.494
2026-08-22T17:03:43.793308Z,intervals,intervals_by_session_key,"{""session_key"": 11309}",0,http_429,"{""detail"":""Rate limit exceeded. Max 30 requests/minute."",""error"":""Too Many Requests""}",0.489
2026-08-22T17:03:44.394506Z,position,position_by_session_key,"{""session_key"": 11309}",0,http_429,"{""detail"":""Rate limit exceeded. Max 30 requests/minute."",""error"":""Too Many Requests""}",0.5
2026-08-22T17:03:45.004503Z,position,position_by_meeting_key_fallback,"{""meeting_key"": 1288}",0,http_429,"{""detail"":""Rate limit exceeded. Max 30 requests/minute."",""error"":""Too Many Requests""}",0.509
2026-08-22T17:03:45.605525Z,stints,stints_by_session_key,"{""session_key"": 11309}",0,http_429,"{""detail"":""Rate limit exceeded. Max 30 requests/minute."",""error"":""Too Many Requests""}",0.5
2026-08-22T17:03:45.706727Z,pit,skip_non_race_like_session,"{""session_key"": 11309}",0,skipped_not_applicable,pit endpoint is only treated as required for race/sprint-like sessions,0.0
2026-08-22T17:03:46.208551Z,starting_grid,starting_grid_by_session_key,"{""session_key"": 11309}",0,http_429,"{""detail"":""Rate limit exceeded. Max 30 requests/minute."",""error"":""Too Many Requests""}",0.502
2026-08-22T17:03:46.810743Z,drivers,drivers_by_session_key,"{""session_key"": 11309}",0,http_429,"{""detail"":""Rate limit exceeded. Max 30 requests/minute."",""error"":""Too Many Requests""}",0.501
2026-08-22T17:03:47.436672Z,drivers,drivers_by_observed_driver_number,"{""driver_number"": 1, ""session_key"": 11309}",0,http_429,"{""detail"":""Rate limit exceeded. Max 30 requests/minute."",""error"":""Too Many Requests""}",0.501
2026-08-22T17:03:48.038947Z,drivers,drivers_by_observed_driver_number,"{""driver_number"": 3, ""session_key"": 11309}",0,http_429,"{""detail"":""Rate limit exceeded. Max 30 requests/minute."",""error"":""Too Many Requests""}",0.501
2026-08-22T17:03:48.629935Z,drivers,drivers_by_observed_driver_number,"{""driver_number"": 5, ""session_key"": 11309}",0,http_429,"{""detail"":""Rate limit exceeded. Max 30 requests/minute."",""error"":""Too Many Requests""}",0.49
2026-08-22T17:03:49.224351Z,drivers,drivers_by_observed_driver_number,"{""driver_number"": 6, ""session_key"": 11309}",0,http_429,"{""detail"":""Rate limit exceeded. Max 30 requests/minute."",""error"":""Too Many Requests""}",0.493
2026-08-22T17:03:49.819852Z,drivers,drivers_by_observed_driver_number,"{""driver_number"": 10, ""session_key"": 11309}",0,http_429,"{""detail"":""Rate limit exceeded. Max 30 requests/minute."",""error"":""Too Many Requests""}",0.494
2026-08-22T17:03:50.411072Z,drivers,drivers_by_observed_driver_number,"{""driver_number"": 11, ""session_key"": 11309}",0,http_429,"{""detail"":""Rate limit exceeded. Max 30 requests/minute."",""error"":""Too Many Requests""}",0.49
2026-08-22T17:03:51.012146Z,drivers,drivers_by_observed_driver_number,"{""driver_number"": 12, ""session_key"": 11309}",0,http_429,"{""detail"":""Rate limit exceeded. Max 30 requests/minute."",""error"":""Too Many Requests""}",0.5
2026-08-22T17:03:51.622392Z,drivers,drivers_by_observed_driver_number,"{""driver_number"": 14, ""session_key"": 11309}",0,http_429,"{""detail"":""Rate limit exceeded. Max 30 requests/minute."",""error"":""Too Many Requests""}",0.509
2026-08-22T17:03:52.223775Z,drivers,drivers_by_observed_driver_number,"{""driver_number"": 16, ""session_key"": 11309}",0,http_429,"{""detail"":""Rate limit exceeded. Max 30 requests/minute."",""error"":""Too Many Requests""}",0.5
2026-08-22T17:03:52.826509Z,drivers,drivers_by_observed_driver_number,"{""driver_number"": 18, ""session_key"": 11309}",0,http_429,"{""detail"":""Rate limit exceeded. Max 30 requests/minute."",""error"":""Too Many Requests""}",0.502
2026-08-22T17:03:53.430103Z,drivers,drivers_by_observed_driver_number,"{""driver_number"": 23, ""session_key"": 11309}",0,http_429,"{""detail"":""Rate limit exceeded. Max 30 requests/minute."",""error"":""Too Many Requests""}",0.502
2026-08-22T17:03:54.032402Z,drivers,drivers_by_observed_driver_number,"{""driver_number"": 27, ""session_key"": 11309}",0,http_429,"{""detail"":""Rate limit exceeded. Max 30 requests/minute."",""error"":""Too Many Requests""}",0.501
2026-08-22T17:03:54.634049Z,drivers,drivers_by_observed_driver_number,"{""driver_number"": 30, ""session_key"": 11309}",0,http_429,"{""detail"":""Rate limit exceeded. Max 30 requests/minute."",""error"":""Too Many Requests""}",0.501
2026-08-22T17:03:55.227317Z,drivers,drivers_by_observed_driver_number,"{""driver_number"": 31, ""session_key"": 11309}",0,http_429,"{""detail"":""Rate limit exceeded. Max 30 requests/minute."",""error"":""Too Many Requests""}",0.492
2026-08-22T17:03:55.820613Z,drivers,drivers_by_observed_driver_number,"{""driver_number"": 34, ""session_key"": 11309}",0,http_429,"{""detail"":""Rate limit exceeded. Max 30 requests/minute."",""error"":""Too Many Requests""}",0.492
2026-08-22T17:03:56.415670Z,drivers,drivers_by_observed_driver_number,"{""driver_number"": 38, ""session_key"": 11309}",0,http_429,"{""detail"":""Rate limit exceeded. Max 30 requests/minute."",""error"":""Too Many Requests""}",0.494
2026-08-22T17:03:57.007053Z,drivers,drivers_by_observed_driver_number,"{""driver_number"": 41, ""session_key"": 11309}",0,http_429,"{""detail"":""Rate limit exceeded. Max 30 requests/minute."",""error"":""Too Many Requests""}",0.49
2026-08-22T17:03:57.609638Z,drivers,drivers_by_observed_driver_number,"{""driver_number"": 43, ""session_key"": 11309}",0,http_429,"{""detail"":""Rate limit exceeded. Max 30 requests/minute."",""error"":""Too Many Requests""}",0.501
2026-08-22T17:03:58.221117Z,drivers,drivers_by_observed_driver_number,"{""driver_number"": 44, ""session_key"": 11309}",0,http_429,"{""detail"":""Rate limit exceeded. Max 30 requests/minute."",""error"":""Too Many Requests""}",0.51
2026-08-22T17:03:58.822870Z,drivers,drivers_by_observed_driver_number,"{""driver_number"": 46, ""session_key"": 11309}",0,http_429,"{""detail"":""Rate limit exceeded. Max 30 requests/minute."",""error"":""Too Many Requests""}",0.501
2026-08-22T17:03:59.426389Z,drivers,drivers_by_observed_driver_number,"{""driver_number"": 50, ""session_key"": 11309}",0,http_429,"{""detail"":""Rate limit exceeded. Max 30 requests/minute."",""error"":""Too Many Requests""}",0.502
2026-08-22T17:04:00.029094Z,drivers,drivers_by_observed_driver_number,"{""driver_number"": 55, ""session_key"": 11309}",0,http_429,"{""detail"":""Rate limit exceeded. Max 30 requests/minute."",""error"":""Too Many Requests""}",0.502
2026-08-22T17:04:00.633412Z,drivers,drivers_by_observed_driver_number,"{""driver_number"": 63, ""session_key"": 11309}",1,pass,,0.503
2026-08-22T17:04:01.237134Z,drivers,drivers_by_observed_driver_number,"{""driver_number"": 77, ""session_key"": 11309}",1,pass,,0.503
2026-08-22T17:04:01.830229Z,drivers,drivers_by_observed_driver_number,"{""driver_number"": 81, ""session_key"": 11309}",1,pass,,0.492
2026-08-22T17:04:02.428141Z,drivers,drivers_by_observed_driver_number,"{""driver_number"": 87, ""session_key"": 11309}",1,pass,,0.497
2026-08-22T17:04:03.025464Z,drivers,drivers_by_observed_driver_number,"{""driver_number"": 90, ""session_key"": 11309}",0,http_404,"{""detail"":""No results found.""}",0.496
2026-08-22T17:04:03.669502Z,drivers,drivers_by_observed_driver_number,"{""driver_number"": 97, ""session_key"": 11309}",0,http_404,"{""detail"":""No results found.""}",0.543
2026-08-22T17:04:04.276493Z,drivers,drivers_by_observed_driver_number,"{""driver_number"": 241, ""session_key"": 11309}",0,http_404,"{""detail"":""No results found.""}",0.506
2026-08-22T17:04:04.886855Z,drivers,drivers_by_observed_driver_number,"{""driver_number"": 243, ""session_key"": 11309}",0,http_404,"{""detail"":""No results found.""}",0.509
2026-08-22T17:04:05.504680Z,drivers,drivers_by_observed_driver_number,"{""driver_number"": 247, ""session_key"": 11309}",0,http_404,"{""detail"":""No results found.""}",0.517
2026-08-22T17:04:06.111591Z,team_radio,team_radio_by_session_key_opportunistic,"{""session_key"": 11309}",0,http_404,"{""detail"":""No results found.""}",0.503
2026-08-22T17:04:06.735453Z,weather,weather_by_session_key,"{""session_key"": 11310}",81,pass,,0.522
2026-08-22T17:04:07.344666Z,race_control,race_control_by_session_key,"{""session_key"": 11310}",21,pass,,0.507
2026-08-22T17:04:07.947796Z,intervals,intervals_by_session_key,"{""session_key"": 11310}",0,http_404,"{""detail"":""No results found.""}",0.501
2026-08-22T17:04:08.557655Z,position,position_by_session_key,"{""session_key"": 11310}",475,pass,,0.509
2026-08-22T17:04:09.161319Z,stints,stints_by_session_key,"{""session_key"": 11310}",116,pass,,0.502
2026-08-22T17:04:09.263140Z,pit,skip_non_race_like_session,"{""session_key"": 11310}",0,skipped_not_applicable,pit endpoint is only treated as required for race/sprint-like sessions,0.0
2026-08-22T17:04:09.758970Z,starting_grid,starting_grid_by_session_key,"{""session_key"": 11310}",0,http_404,"{""detail"":""No results found.""}",0.496
2026-08-22T17:04:10.351587Z,drivers,drivers_by_session_key,"{""session_key"": 11310}",22,pass,,0.491
2026-08-22T17:04:10.956208Z,team_radio,team_radio_by_session_key_opportunistic,"{""session_key"": 11310}",12,pass,,0.503
2026-08-22T17:04:11.572676Z,weather,weather_by_session_key,"{""session_key"": 11311}",80,pass,,0.514
2026-08-22T17:04:12.180024Z,race_control,race_control_by_session_key,"{""session_key"": 11311}",55,pass,,0.505
2026-08-22T17:04:12.782920Z,intervals,intervals_by_session_key,"{""session_key"": 11311}",0,http_404,"{""detail"":""No results found.""}",0.501
2026-08-22T17:04:13.425603Z,position,position_by_session_key,"{""session_key"": 11311}",982,pass,,0.541
2026-08-22T17:04:14.032341Z,stints,stints_by_session_key,"{""session_key"": 11311}",99,pass,,0.505
2026-08-22T17:04:14.134199Z,pit,skip_non_race_like_session,"{""session_key"": 11311}",0,skipped_not_applicable,pit endpoint is only treated as required for race/sprint-like sessions,0.0
2026-08-22T17:04:14.636752Z,starting_grid,starting_grid_by_session_key,"{""session_key"": 11311}",22,pass,,0.502
2026-08-22T17:04:15.232223Z,drivers,drivers_by_session_key,"{""session_key"": 11311}",22,pass,,0.494
2026-08-22T17:04:15.831907Z,team_radio,team_radio_by_session_key_opportunistic,"{""session_key"": 11311}",12,pass,,0.498
2026-08-22T17:04:16.447259Z,weather,weather_by_session_key,"{""session_key"": 11315}",149,pass,,0.513
2026-08-22T17:04:17.053848Z,race_control,race_control_by_session_key,"{""session_key"": 11315}",213,pass,,0.505
2026-08-22T17:04:19.760320Z,intervals,intervals_by_session_key,"{""session_key"": 11315}",26312,pass,,2.605
2026-08-22T17:04:20.391755Z,position,position_by_session_key,"{""session_key"": 11315}",499,pass,,0.526
2026-08-22T17:04:21.000366Z,stints,stints_by_session_key,"{""session_key"": 11315}",0,http_429,"{""detail"":""Rate limit exceeded. Max 30 requests/minute."",""error"":""Too Many Requests""}",0.507
2026-08-22T17:04:21.592523Z,pit,pit_by_session_key,"{""session_key"": 11315}",0,http_429,"{""detail"":""Rate limit exceeded. Max 30 requests/minute."",""error"":""Too Many Requests""}",0.491
2026-08-22T17:04:22.186521Z,starting_grid,starting_grid_by_session_key,"{""session_key"": 11315}",0,http_429,"{""detail"":""Rate limit exceeded. Max 30 requests/minute."",""error"":""Too Many Requests""}",0.493
2026-08-22T17:04:22.784432Z,drivers,drivers_by_session_key,"{""session_key"": 11315}",0,http_429,"{""detail"":""Rate limit exceeded. Max 30 requests/minute."",""error"":""Too Many Requests""}",0.497
2026-08-22T17:04:23.411123Z,drivers,drivers_by_observed_driver_number,"{""driver_number"": 1, ""session_key"": 11315}",0,http_429,"{""detail"":""Rate limit exceeded. Max 30 requests/minute."",""error"":""Too Many Requests""}",0.499
2026-08-22T17:04:24.012581Z,drivers,drivers_by_observed_driver_number,"{""driver_number"": 3, ""session_key"": 11315}",0,http_429,"{""detail"":""Rate limit exceeded. Max 30 requests/minute."",""error"":""Too Many Requests""}",0.5
2026-08-22T17:04:24.613474Z,drivers,drivers_by_observed_driver_number,"{""driver_number"": 5, ""session_key"": 11315}",0,http_429,"{""detail"":""Rate limit exceeded. Max 30 requests/minute."",""error"":""Too Many Requests""}",0.5
2026-08-22T17:04:25.214707Z,drivers,drivers_by_observed_driver_number,"{""driver_number"": 6, ""session_key"": 11315}",0,http_429,"{""detail"":""Rate limit exceeded. Max 30 requests/minute."",""error"":""Too Many Requests""}",0.5
2026-08-22T17:04:25.805432Z,drivers,drivers_by_observed_driver_number,"{""driver_number"": 10, ""session_key"": 11315}",0,http_429,"{""detail"":""Rate limit exceeded. Max 30 requests/minute."",""error"":""Too Many Requests""}",0.49
2026-08-22T17:04:26.406777Z,drivers,drivers_by_observed_driver_number,"{""driver_number"": 11, ""session_key"": 11315}",0,http_429,"{""detail"":""Rate limit exceeded. Max 30 requests/minute."",""error"":""Too Many Requests""}",0.5
2026-08-22T17:04:27.007756Z,drivers,drivers_by_observed_driver_number,"{""driver_number"": 12, ""session_key"": 11315}",0,http_429,"{""detail"":""Rate limit exceeded. Max 30 requests/minute."",""error"":""Too Many Requests""}",0.5
2026-08-22T17:04:27.616359Z,drivers,drivers_by_observed_driver_number,"{""driver_number"": 14, ""session_key"": 11315}",0,http_429,"{""detail"":""Rate limit exceeded. Max 30 requests/minute."",""error"":""Too Many Requests""}",0.507
2026-08-22T17:04:28.214375Z,drivers,drivers_by_observed_driver_number,"{""driver_number"": 16, ""session_key"": 11315}",0,http_429,"{""detail"":""Rate limit exceeded. Max 30 requests/minute."",""error"":""Too Many Requests""}",0.497
2026-08-22T17:04:28.809678Z,drivers,drivers_by_observed_driver_number,"{""driver_number"": 18, ""session_key"": 11315}",0,http_429,"{""detail"":""Rate limit exceeded. Max 30 requests/minute."",""error"":""Too Many Requests""}",0.494
2026-08-22T17:04:29.405717Z,drivers,drivers_by_observed_driver_number,"{""driver_number"": 23, ""session_key"": 11315}",0,http_429,"{""detail"":""Rate limit exceeded. Max 30 requests/minute."",""error"":""Too Many Requests""}",0.495
2026-08-22T17:04:30.006540Z,drivers,drivers_by_observed_driver_number,"{""driver_number"": 27, ""session_key"": 11315}",0,http_429,"{""detail"":""Rate limit exceeded. Max 30 requests/minute."",""error"":""Too Many Requests""}",0.5
2026-08-22T17:04:30.607905Z,drivers,drivers_by_observed_driver_number,"{""driver_number"": 30, ""session_key"": 11315}",0,http_429,"{""detail"":""Rate limit exceeded. Max 30 requests/minute."",""error"":""Too Many Requests""}",0.5
2026-08-22T17:04:31.211949Z,drivers,drivers_by_observed_driver_number,"{""driver_number"": 31, ""session_key"": 11315}",0,http_429,"{""detail"":""Rate limit exceeded. Max 30 requests/minute."",""error"":""Too Many Requests""}",0.503
2026-08-22T17:04:31.813989Z,drivers,drivers_by_observed_driver_number,"{""driver_number"": 34, ""session_key"": 11315}",0,http_429,"{""detail"":""Rate limit exceeded. Max 30 requests/minute."",""error"":""Too Many Requests""}",0.501
2026-08-22T17:04:32.405258Z,drivers,drivers_by_observed_driver_number,"{""driver_number"": 38, ""session_key"": 11315}",0,http_429,"{""detail"":""Rate limit exceeded. Max 30 requests/minute."",""error"":""Too Many Requests""}",0.49
2026-08-22T17:04:33.010345Z,drivers,drivers_by_observed_driver_number,"{""driver_number"": 41, ""session_key"": 11315}",0,http_429,"{""detail"":""Rate limit exceeded. Max 30 requests/minute."",""error"":""Too Many Requests""}",0.504
2026-08-22T17:04:33.611711Z,drivers,drivers_by_observed_driver_number,"{""driver_number"": 43, ""session_key"": 11315}",0,http_429,"{""detail"":""Rate limit exceeded. Max 30 requests/minute."",""error"":""Too Many Requests""}",0.5
2026-08-22T17:04:34.221680Z,drivers,drivers_by_observed_driver_number,"{""driver_number"": 44, ""session_key"": 11315}",0,http_429,"{""detail"":""Rate limit exceeded. Max 30 requests/minute."",""error"":""Too Many Requests""}",0.509
2026-08-22T17:04:34.813409Z,drivers,drivers_by_observed_driver_number,"{""driver_number"": 46, ""session_key"": 11315}",0,http_429,"{""detail"":""Rate limit exceeded. Max 30 requests/minute."",""error"":""Too Many Requests""}",0.491
2026-08-22T17:04:35.407819Z,drivers,drivers_by_observed_driver_number,"{""driver_number"": 50, ""session_key"": 11315}",0,http_429,"{""detail"":""Rate limit exceeded. Max 30 requests/minute."",""error"":""Too Many Requests""}",0.493
2026-08-22T17:04:36.006284Z,drivers,drivers_by_observed_driver_number,"{""driver_number"": 55, ""session_key"": 11315}",0,http_429,"{""detail"":""Rate limit exceeded. Max 30 requests/minute."",""error"":""Too Many Requests""}",0.497
2026-08-22T17:04:36.607880Z,drivers,drivers_by_observed_driver_number,"{""driver_number"": 63, ""session_key"": 11315}",0,http_429,"{""detail"":""Rate limit exceeded. Max 30 requests/minute."",""error"":""Too Many Requests""}",0.5
2026-08-22T17:04:37.208800Z,drivers,drivers_by_observed_driver_number,"{""driver_number"": 77, ""session_key"": 11315}",0,http_429,"{""detail"":""Rate limit exceeded. Max 30 requests/minute."",""error"":""Too Many Requests""}",0.5
2026-08-22T17:04:37.812408Z,drivers,drivers_by_observed_driver_number,"{""driver_number"": 81, ""session_key"": 11315}",0,http_429,"{""detail"":""Rate limit exceeded. Max 30 requests/minute."",""error"":""Too Many Requests""}",0.503
2026-08-22T17:04:38.415941Z,drivers,drivers_by_observed_driver_number,"{""driver_number"": 87, ""session_key"": 11315}",0,http_429,"{""detail"":""Rate limit exceeded. Max 30 requests/minute."",""error"":""Too Many Requests""}",0.502
2026-08-22T17:04:39.004844Z,drivers,drivers_by_observed_driver_number,"{""driver_number"": 90, ""session_key"": 11315}",0,http_429,"{""detail"":""Rate limit exceeded. Max 30 requests/minute."",""error"":""Too Many Requests""}",0.488
2026-08-22T17:04:39.605760Z,drivers,drivers_by_observed_driver_number,"{""driver_number"": 97, ""session_key"": 11315}",0,http_429,"{""detail"":""Rate limit exceeded. Max 30 requests/minute."",""error"":""Too Many Requests""}",0.5
2026-08-22T17:04:40.261980Z,drivers,drivers_by_observed_driver_number,"{""driver_number"": 241, ""session_key"": 11315}",0,http_429,"{""detail"":""Rate limit exceeded. Max 30 requests/minute."",""error"":""Too Many Requests""}",0.555
2026-08-22T17:04:41.202565Z,drivers,drivers_by_observed_driver_number,"{""driver_number"": 243, ""session_key"": 11315}",0,http_429,"{""detail"":""Rate limit exceeded. Max 30 requests/minute."",""error"":""Too Many Requests""}",0.839
2026-08-22T17:04:41.863521Z,drivers,drivers_by_observed_driver_number,"{""driver_number"": 247, ""session_key"": 11315}",0,http_429,"{""detail"":""Rate limit exceeded. Max 30 requests/minute."",""error"":""Too Many Requests""}",0.56
2026-08-22T17:04:42.770911Z,team_radio,team_radio_by_session_key_opportunistic,"{""session_key"": 11315}",0,http_429,"{""detail"":""Rate limit exceeded. Max 30 requests/minute."",""error"":""Too Many Requests""}",0.806
2026-08-22T17:04:43.367226Z,weather,weather_by_session_key,"{""session_key"": 11316}",0,http_429,"{""detail"":""Rate limit exceeded. Max 30 requests/minute."",""error"":""Too Many Requests""}",0.495
2026-08-22T17:04:44.030029Z,race_control,race_control_by_session_key,"{""session_key"": 11316}",0,http_429,"{""detail"":""Rate limit exceeded. Max 30 requests/minute."",""error"":""Too Many Requests""}",0.562
2026-08-22T17:04:44.923192Z,intervals,intervals_by_session_key,"{""session_key"": 11316}",0,http_429,"{""detail"":""Rate limit exceeded. Max 30 requests/minute."",""error"":""Too Many Requests""}",0.792
2026-08-22T17:04:45.588196Z,position,position_by_session_key,"{""session_key"": 11316}",0,http_429,"{""detail"":""Rate limit exceeded. Max 30 requests/minute."",""error"":""Too Many Requests""}",0.564
2026-08-22T17:04:46.280076Z,position,position_by_meeting_key_fallback,"{""meeting_key"": 1289}",0,http_429,"{""detail"":""Rate limit exceeded. Max 30 requests/minute."",""error"":""Too Many Requests""}",0.591
2026-08-22T17:04:46.972261Z,stints,stints_by_session_key,"{""session_key"": 11316}",0,http_429,"{""detail"":""Rate limit exceeded. Max 30 requests/minute."",""error"":""Too Many Requests""}",0.591
2026-08-22T17:04:47.073548Z,pit,skip_non_race_like_session,"{""session_key"": 11316}",0,skipped_not_applicable,pit endpoint is only treated as required for race/sprint-like sessions,0.0
2026-08-22T17:04:47.582440Z,starting_grid,starting_grid_by_session_key,"{""session_key"": 11316}",0,http_429,"{""detail"":""Rate limit exceeded. Max 30 requests/minute."",""error"":""Too Many Requests""}",0.509
2026-08-22T17:04:48.178139Z,drivers,drivers_by_session_key,"{""session_key"": 11316}",0,http_429,"{""detail"":""Rate limit exceeded. Max 30 requests/minute."",""error"":""Too Many Requests""}",0.494
2026-08-22T17:04:48.804803Z,drivers,drivers_by_observed_driver_number,"{""driver_number"": 1, ""session_key"": 11316}",0,http_429,"{""detail"":""Rate limit exceeded. Max 30 requests/minute."",""error"":""Too Many Requests""}",0.499
2026-08-22T17:04:49.398222Z,drivers,drivers_by_observed_driver_number,"{""driver_number"": 3, ""session_key"": 11316}",0,http_429,"{""detail"":""Rate limit exceeded. Max 30 requests/minute."",""error"":""Too Many Requests""}",0.492
2026-08-22T17:04:50.208399Z,drivers,drivers_by_observed_driver_number,"{""driver_number"": 5, ""session_key"": 11316}",0,http_429,"{""detail"":""Rate limit exceeded. Max 30 requests/minute."",""error"":""Too Many Requests""}",0.709
2026-08-22T17:04:50.874633Z,drivers,drivers_by_observed_driver_number,"{""driver_number"": 6, ""session_key"": 11316}",0,http_429,"{""detail"":""Rate limit exceeded. Max 30 requests/minute."",""error"":""Too Many Requests""}",0.565
2026-08-22T17:04:51.477518Z,drivers,drivers_by_observed_driver_number,"{""driver_number"": 10, ""session_key"": 11316}",0,http_429,"{""detail"":""Rate limit exceeded. Max 30 requests/minute."",""error"":""Too Many Requests""}",0.502
2026-08-22T17:04:52.286485Z,drivers,drivers_by_observed_driver_number,"{""driver_number"": 11, ""session_key"": 11316}",0,http_429,"{""detail"":""Rate limit exceeded. Max 30 requests/minute."",""error"":""Too Many Requests""}",0.708
2026-08-22T17:04:52.886704Z,drivers,drivers_by_observed_driver_number,"{""driver_number"": 12, ""session_key"": 11316}",0,http_429,"{""detail"":""Rate limit exceeded. Max 30 requests/minute."",""error"":""Too Many Requests""}",0.499
2026-08-22T17:04:53.490942Z,drivers,drivers_by_observed_driver_number,"{""driver_number"": 14, ""session_key"": 11316}",0,http_429,"{""detail"":""Rate limit exceeded. Max 30 requests/minute."",""error"":""Too Many Requests""}",0.503
2026-08-22T17:04:54.102774Z,drivers,drivers_by_observed_driver_number,"{""driver_number"": 16, ""session_key"": 11316}",0,http_429,"{""detail"":""Rate limit exceeded. Max 30 requests/minute."",""error"":""Too Many Requests""}",0.511
2026-08-22T17:04:54.698388Z,drivers,drivers_by_observed_driver_number,"{""driver_number"": 18, ""session_key"": 11316}",0,http_429,"{""detail"":""Rate limit exceeded. Max 30 requests/minute."",""error"":""Too Many Requests""}",0.494
2026-08-22T17:04:55.299282Z,drivers,drivers_by_observed_driver_number,"{""driver_number"": 23, ""session_key"": 11316}",0,http_429,"{""detail"":""Rate limit exceeded. Max 30 requests/minute."",""error"":""Too Many Requests""}",0.5
2026-08-22T17:04:55.889487Z,drivers,drivers_by_observed_driver_number,"{""driver_number"": 27, ""session_key"": 11316}",0,http_429,"{""detail"":""Rate limit exceeded. Max 30 requests/minute."",""error"":""Too Many Requests""}",0.489
2026-08-22T17:04:56.771394Z,drivers,drivers_by_observed_driver_number,"{""driver_number"": 30, ""session_key"": 11316}",0,http_429,"{""detail"":""Rate limit exceeded. Max 30 requests/minute."",""error"":""Too Many Requests""}",0.781
2026-08-22T17:04:57.373628Z,drivers,drivers_by_observed_driver_number,"{""driver_number"": 31, ""session_key"": 11316}",0,http_429,"{""detail"":""Rate limit exceeded. Max 30 requests/minute."",""error"":""Too Many Requests""}",0.501
2026-08-22T17:04:58.066349Z,drivers,drivers_by_observed_driver_number,"{""driver_number"": 34, ""session_key"": 11316}",0,http_429,"{""detail"":""Rate limit exceeded. Max 30 requests/minute."",""error"":""Too Many Requests""}",0.592
2026-08-22T17:04:58.868318Z,drivers,drivers_by_observed_driver_number,"{""driver_number"": 38, ""session_key"": 11316}",0,http_429,"{""detail"":""Rate limit exceeded. Max 30 requests/minute."",""error"":""Too Many Requests""}",0.701
2026-08-22T17:04:59.469952Z,drivers,drivers_by_observed_driver_number,"{""driver_number"": 41, ""session_key"": 11316}",0,http_429,"{""detail"":""Rate limit exceeded. Max 30 requests/minute."",""error"":""Too Many Requests""}",0.5
2026-08-22T17:05:00.071968Z,drivers,drivers_by_observed_driver_number,"{""driver_number"": 43, ""session_key"": 11316}",0,http_429,"{""detail"":""Rate limit exceeded. Max 30 requests/minute."",""error"":""Too Many Requests""}",0.501
2026-08-22T17:05:00.682593Z,drivers,drivers_by_observed_driver_number,"{""driver_number"": 44, ""session_key"": 11316}",1,pass,,0.509
2026-08-22T17:05:01.280666Z,drivers,drivers_by_observed_driver_number,"{""driver_number"": 46, ""session_key"": 11316}",0,http_404,"{""detail"":""No results found.""}",0.497
2026-08-22T17:05:01.883252Z,drivers,drivers_by_observed_driver_number,"{""driver_number"": 50, ""session_key"": 11316}",0,http_404,"{""detail"":""No results found.""}",0.501
2026-08-22T17:05:02.478404Z,drivers,drivers_by_observed_driver_number,"{""driver_number"": 55, ""session_key"": 11316}",1,pass,,0.494
2026-08-22T17:05:03.071741Z,drivers,drivers_by_observed_driver_number,"{""driver_number"": 63, ""session_key"": 11316}",1,pass,,0.492
2026-08-22T17:05:03.670555Z,drivers,drivers_by_observed_driver_number,"{""driver_number"": 77, ""session_key"": 11316}",1,pass,,0.498
2026-08-22T17:05:04.514970Z,drivers,drivers_by_observed_driver_number,"{""driver_number"": 81, ""session_key"": 11316}",1,pass,,0.743
2026-08-22T17:05:05.121265Z,drivers,drivers_by_observed_driver_number,"{""driver_number"": 87, ""session_key"": 11316}",1,pass,,0.505
2026-08-22T17:05:05.723811Z,drivers,drivers_by_observed_driver_number,"{""driver_number"": 90, ""session_key"": 11316}",0,http_404,"{""detail"":""No results found.""}",0.501
2026-08-22T17:05:06.326575Z,drivers,drivers_by_observed_driver_number,"{""driver_number"": 97, ""session_key"": 11316}",0,http_404,"{""detail"":""No results found.""}",0.502
2026-08-22T17:05:07.461967Z,drivers,drivers_by_observed_driver_number,"{""driver_number"": 241, ""session_key"": 11316}",0,http_404,"{""detail"":""No results found.""}",1.034
2026-08-22T17:05:08.071011Z,drivers,drivers_by_observed_driver_number,"{""driver_number"": 243, ""session_key"": 11316}",0,http_404,"{""detail"":""No results found.""}",0.508
2026-08-22T17:05:08.667417Z,drivers,drivers_by_observed_driver_number,"{""driver_number"": 247, ""session_key"": 11316}",0,http_404,"{""detail"":""No results found.""}",0.495
2026-08-22T17:05:09.465945Z,team_radio,team_radio_by_session_key_opportunistic,"{""session_key"": 11316}",9,pass,,0.695
2026-08-22T17:05:10.067269Z,weather,weather_by_session_key,"{""session_key"": 11317}",60,pass,,0.499
2026-08-22T17:05:10.683826Z,race_control,race_control_by_session_key,"{""session_key"": 11317}",64,pass,,0.515
2026-08-22T17:05:11.322831Z,intervals,intervals_by_session_key,"{""session_key"": 11317}",0,http_404,"{""detail"":""No results found.""}",0.537
2026-08-22T17:05:11.969426Z,position,position_by_session_key,"{""session_key"": 11317}",839,pass,,0.545
2026-08-22T17:05:12.585430Z,stints,stints_by_session_key,"{""session_key"": 11317}",63,pass,,0.514
2026-08-22T17:05:13.191127Z,pit,pit_by_session_key,"{""session_key"": 11317}",63,pass,,0.504
2026-08-22T17:05:13.795513Z,starting_grid,starting_grid_by_session_key,"{""session_key"": 11317}",22,pass,,0.503
2026-08-22T17:05:14.388496Z,drivers,drivers_by_session_key,"{""session_key"": 11317}",22,pass,,0.491
2026-08-22T17:05:15.000347Z,team_radio,team_radio_by_session_key_opportunistic,"{""session_key"": 11317}",7,pass,,0.51
2026-08-22T17:05:15.600310Z,weather,weather_by_session_key,"{""session_key"": 11321}",79,pass,,0.498
2026-08-22T17:05:16.210986Z,race_control,race_control_by_session_key,"{""session_key"": 11321}",95,pass,,0.509
2026-08-22T17:05:17.790837Z,intervals,intervals_by_session_key,"{""session_key"": 11321}",9414,pass,,1.478
2026-08-22T17:05:18.409420Z,position,position_by_session_key,"{""session_key"": 11321}",196,pass,,0.516
2026-08-22T17:05:19.014251Z,stints,stints_by_session_key,"{""session_key"": 11321}",22,pass,,0.503
2026-08-22T17:05:19.618383Z,pit,pit_by_session_key,"{""session_key"": 11321}",2,pass,,0.502
2026-08-22T17:05:20.221678Z,starting_grid,starting_grid_by_session_key,"{""session_key"": 11321}",0,http_404,"{""detail"":""No results found.""}",0.501
2026-08-22T17:05:20.822359Z,drivers,drivers_by_session_key,"{""session_key"": 11321}",0,http_429,"{""detail"":""Rate limit exceeded. Max 30 requests/minute."",""error"":""Too Many Requests""}",0.5
2026-08-22T17:05:21.460046Z,drivers,drivers_by_observed_driver_number,"{""driver_number"": 1, ""session_key"": 11321}",0,http_429,"{""detail"":""Rate limit exceeded. Max 30 requests/minute."",""error"":""Too Many Requests""}",0.508
2026-08-22T17:05:22.058635Z,drivers,drivers_by_observed_driver_number,"{""driver_number"": 3, ""session_key"": 11321}",0,http_429,"{""detail"":""Rate limit exceeded. Max 30 requests/minute."",""error"":""Too Many Requests""}",0.497
2026-08-22T17:05:22.650349Z,drivers,drivers_by_observed_driver_number,"{""driver_number"": 5, ""session_key"": 11321}",0,http_429,"{""detail"":""Rate limit exceeded. Max 30 requests/minute."",""error"":""Too Many Requests""}",0.491
2026-08-22T17:05:23.250497Z,drivers,drivers_by_observed_driver_number,"{""driver_number"": 6, ""session_key"": 11321}",0,http_429,"{""detail"":""Rate limit exceeded. Max 30 requests/minute."",""error"":""Too Many Requests""}",0.499
2026-08-22T17:05:23.872734Z,drivers,drivers_by_observed_driver_number,"{""driver_number"": 10, ""session_key"": 11321}",0,http_429,"{""detail"":""Rate limit exceeded. Max 30 requests/minute."",""error"":""Too Many Requests""}",0.521
2026-08-22T17:05:24.468003Z,drivers,drivers_by_observed_driver_number,"{""driver_number"": 11, ""session_key"": 11321}",0,http_429,"{""detail"":""Rate limit exceeded. Max 30 requests/minute."",""error"":""Too Many Requests""}",0.494
2026-08-22T17:05:25.069726Z,drivers,drivers_by_observed_driver_number,"{""driver_number"": 12, ""session_key"": 11321}",0,http_429,"{""detail"":""Rate limit exceeded. Max 30 requests/minute."",""error"":""Too Many Requests""}",0.501
2026-08-22T17:05:25.670937Z,drivers,drivers_by_observed_driver_number,"{""driver_number"": 14, ""session_key"": 11321}",0,http_429,"{""detail"":""Rate limit exceeded. Max 30 requests/minute."",""error"":""Too Many Requests""}",0.5
2026-08-22T17:05:26.272325Z,drivers,drivers_by_observed_driver_number,"{""driver_number"": 16, ""session_key"": 11321}",0,http_429,"{""detail"":""Rate limit exceeded. Max 30 requests/minute."",""error"":""Too Many Requests""}",0.5
2026-08-22T17:05:26.873999Z,drivers,drivers_by_observed_driver_number,"{""driver_number"": 18, ""session_key"": 11321}",0,http_429,"{""detail"":""Rate limit exceeded. Max 30 requests/minute."",""error"":""Too Many Requests""}",0.5
2026-08-22T17:05:27.474598Z,drivers,drivers_by_observed_driver_number,"{""driver_number"": 23, ""session_key"": 11321}",0,http_429,"{""detail"":""Rate limit exceeded. Max 30 requests/minute."",""error"":""Too Many Requests""}",0.499
2026-08-22T17:05:28.085303Z,drivers,drivers_by_observed_driver_number,"{""driver_number"": 27, ""session_key"": 11321}",0,http_429,"{""detail"":""Rate limit exceeded. Max 30 requests/minute."",""error"":""Too Many Requests""}",0.51
2026-08-22T17:05:28.681050Z,drivers,drivers_by_observed_driver_number,"{""driver_number"": 30, ""session_key"": 11321}",0,http_429,"{""detail"":""Rate limit exceeded. Max 30 requests/minute."",""error"":""Too Many Requests""}",0.495
2026-08-22T17:05:29.272752Z,drivers,drivers_by_observed_driver_number,"{""driver_number"": 31, ""session_key"": 11321}",0,http_429,"{""detail"":""Rate limit exceeded. Max 30 requests/minute."",""error"":""Too Many Requests""}",0.491
2026-08-22T17:05:29.874745Z,drivers,drivers_by_observed_driver_number,"{""driver_number"": 34, ""session_key"": 11321}",0,http_429,"{""detail"":""Rate limit exceeded. Max 30 requests/minute."",""error"":""Too Many Requests""}",0.501
2026-08-22T17:05:30.463390Z,drivers,drivers_by_observed_driver_number,"{""driver_number"": 38, ""session_key"": 11321}",0,http_429,"{""detail"":""Rate limit exceeded. Max 30 requests/minute."",""error"":""Too Many Requests""}",0.487
2026-08-22T17:05:31.057888Z,drivers,drivers_by_observed_driver_number,"{""driver_number"": 41, ""session_key"": 11321}",0,http_429,"{""detail"":""Rate limit exceeded. Max 30 requests/minute."",""error"":""Too Many Requests""}",0.493
2026-08-22T17:05:31.661072Z,drivers,drivers_by_observed_driver_number,"{""driver_number"": 43, ""session_key"": 11321}",0,http_429,"{""detail"":""Rate limit exceeded. Max 30 requests/minute."",""error"":""Too Many Requests""}",0.502
2026-08-22T17:05:32.262647Z,drivers,drivers_by_observed_driver_number,"{""driver_number"": 44, ""session_key"": 11321}",0,http_429,"{""detail"":""Rate limit exceeded. Max 30 requests/minute."",""error"":""Too Many Requests""}",0.5
2026-08-22T17:05:32.862978Z,drivers,drivers_by_observed_driver_number,"{""driver_number"": 46, ""session_key"": 11321}",0,http_429,"{""detail"":""Rate limit exceeded. Max 30 requests/minute."",""error"":""Too Many Requests""}",0.499
2026-08-22T17:05:33.466158Z,drivers,drivers_by_observed_driver_number,"{""driver_number"": 50, ""session_key"": 11321}",0,http_429,"{""detail"":""Rate limit exceeded. Max 30 requests/minute."",""error"":""Too Many Requests""}",0.502
2026-08-22T17:05:34.067338Z,drivers,drivers_by_observed_driver_number,"{""driver_number"": 55, ""session_key"": 11321}",0,http_429,"{""detail"":""Rate limit exceeded. Max 30 requests/minute."",""error"":""Too Many Requests""}",0.5
2026-08-22T17:05:34.676923Z,drivers,drivers_by_observed_driver_number,"{""driver_number"": 63, ""session_key"": 11321}",0,http_429,"{""detail"":""Rate limit exceeded. Max 30 requests/minute."",""error"":""Too Many Requests""}",0.508
2026-08-22T17:05:35.270632Z,drivers,drivers_by_observed_driver_number,"{""driver_number"": 77, ""session_key"": 11321}",0,http_429,"{""detail"":""Rate limit exceeded. Max 30 requests/minute."",""error"":""Too Many Requests""}",0.493
2026-08-22T17:05:35.864677Z,drivers,drivers_by_observed_driver_number,"{""driver_number"": 81, ""session_key"": 11321}",0,http_429,"{""detail"":""Rate limit exceeded. Max 30 requests/minute."",""error"":""Too Many Requests""}",0.493
2026-08-22T17:05:36.467487Z,drivers,drivers_by_observed_driver_number,"{""driver_number"": 87, ""session_key"": 11321}",0,http_429,"{""detail"":""Rate limit exceeded. Max 30 requests/minute."",""error"":""Too Many Requests""}",0.502
2026-08-22T17:05:37.058094Z,drivers,drivers_by_observed_driver_number,"{""driver_number"": 90, ""session_key"": 11321}",0,http_429,"{""detail"":""Rate limit exceeded. Max 30 requests/minute."",""error"":""Too Many Requests""}",0.489
2026-08-22T17:05:37.653898Z,drivers,drivers_by_observed_driver_number,"{""driver_number"": 97, ""session_key"": 11321}",0,http_429,"{""detail"":""Rate limit exceeded. Max 30 requests/minute."",""error"":""Too Many Requests""}",0.495
2026-08-22T17:05:38.254274Z,drivers,drivers_by_observed_driver_number,"{""driver_number"": 241, ""session_key"": 11321}",0,http_429,"{""detail"":""Rate limit exceeded. Max 30 requests/minute."",""error"":""Too Many Requests""}",0.499
2026-08-22T17:05:38.857346Z,drivers,drivers_by_observed_driver_number,"{""driver_number"": 243, ""session_key"": 11321}",0,http_429,"{""detail"":""Rate limit exceeded. Max 30 requests/minute."",""error"":""Too Many Requests""}",0.502
2026-08-22T17:05:39.459700Z,drivers,drivers_by_observed_driver_number,"{""driver_number"": 247, ""session_key"": 11321}",0,http_429,"{""detail"":""Rate limit exceeded. Max 30 requests/minute."",""error"":""Too Many Requests""}",0.501
2026-08-22T17:05:40.062284Z,team_radio,team_radio_by_session_key_opportunistic,"{""session_key"": 11321}",0,http_429,"{""detail"":""Rate limit exceeded. Max 30 requests/minute."",""error"":""Too Many Requests""}",0.501
2026-08-22T17:05:40.666092Z,weather,weather_by_session_key,"{""session_key"": 11322}",0,http_429,"{""detail"":""Rate limit exceeded. Max 30 requests/minute."",""error"":""Too Many Requests""}",0.502
2026-08-22T17:05:41.276035Z,race_control,race_control_by_session_key,"{""session_key"": 11322}",0,http_429,"{""detail"":""Rate limit exceeded. Max 30 requests/minute."",""error"":""Too Many Requests""}",0.509
2026-08-22T17:05:41.870134Z,intervals,intervals_by_session_key,"{""session_key"": 11322}",0,http_429,"{""detail"":""Rate limit exceeded. Max 30 requests/minute."",""error"":""Too Many Requests""}",0.493
2026-08-22T17:05:42.474391Z,position,position_by_session_key,"{""session_key"": 11322}",0,http_429,"{""detail"":""Rate limit exceeded. Max 30 requests/minute."",""error"":""Too Many Requests""}",0.503
2026-08-22T17:05:43.067801Z,position,position_by_meeting_key_fallback,"{""meeting_key"": 1289}",0,http_429,"{""detail"":""Rate limit exceeded. Max 30 requests/minute."",""error"":""Too Many Requests""}",0.492
2026-08-22T17:05:43.670935Z,stints,stints_by_session_key,"{""session_key"": 11322}",0,http_429,"{""detail"":""Rate limit exceeded. Max 30 requests/minute."",""error"":""Too Many Requests""}",0.502
2026-08-22T17:05:43.772374Z,pit,skip_non_race_like_session,"{""session_key"": 11322}",0,skipped_not_applicable,pit endpoint is only treated as required for race/sprint-like sessions,0.0
2026-08-22T17:05:44.268060Z,starting_grid,starting_grid_by_session_key,"{""session_key"": 11322}",0,http_429,"{""detail"":""Rate limit exceeded. Max 30 requests/minute."",""error"":""Too Many Requests""}",0.496
2026-08-22T17:05:44.869948Z,drivers,drivers_by_session_key,"{""session_key"": 11322}",0,http_429,"{""detail"":""Rate limit exceeded. Max 30 requests/minute."",""error"":""Too Many Requests""}",0.501
2026-08-22T17:05:45.500438Z,drivers,drivers_by_observed_driver_number,"{""driver_number"": 1, ""session_key"": 11322}",0,http_429,"{""detail"":""Rate limit exceeded. Max 30 requests/minute."",""error"":""Too Many Requests""}",0.501
2026-08-22T17:05:46.101491Z,drivers,drivers_by_observed_driver_number,"{""driver_number"": 3, ""session_key"": 11322}",0,http_429,"{""detail"":""Rate limit exceeded. Max 30 requests/minute."",""error"":""Too Many Requests""}",0.5
2026-08-22T17:05:46.702485Z,drivers,drivers_by_observed_driver_number,"{""driver_number"": 5, ""session_key"": 11322}",0,http_429,"{""detail"":""Rate limit exceeded. Max 30 requests/minute."",""error"":""Too Many Requests""}",0.5
2026-08-22T17:05:47.304564Z,drivers,drivers_by_observed_driver_number,"{""driver_number"": 6, ""session_key"": 11322}",0,http_429,"{""detail"":""Rate limit exceeded. Max 30 requests/minute."",""error"":""Too Many Requests""}",0.501
2026-08-22T17:05:47.914481Z,drivers,drivers_by_observed_driver_number,"{""driver_number"": 10, ""session_key"": 11322}",0,http_429,"{""detail"":""Rate limit exceeded. Max 30 requests/minute."",""error"":""Too Many Requests""}",0.509
2026-08-22T17:05:48.510432Z,drivers,drivers_by_observed_driver_number,"{""driver_number"": 11, ""session_key"": 11322}",0,http_429,"{""detail"":""Rate limit exceeded. Max 30 requests/minute."",""error"":""Too Many Requests""}",0.495
2026-08-22T17:05:49.115897Z,drivers,drivers_by_observed_driver_number,"{""driver_number"": 12, ""session_key"": 11322}",0,http_429,"{""detail"":""Rate limit exceeded. Max 30 requests/minute."",""error"":""Too Many Requests""}",0.504
2026-08-22T17:05:49.708965Z,drivers,drivers_by_observed_driver_number,"{""driver_number"": 14, ""session_key"": 11322}",0,http_429,"{""detail"":""Rate limit exceeded. Max 30 requests/minute."",""error"":""Too Many Requests""}",0.492
2026-08-22T17:05:50.311880Z,drivers,drivers_by_observed_driver_number,"{""driver_number"": 16, ""session_key"": 11322}",0,http_429,"{""detail"":""Rate limit exceeded. Max 30 requests/minute."",""error"":""Too Many Requests""}",0.502
2026-08-22T17:05:50.908278Z,drivers,drivers_by_observed_driver_number,"{""driver_number"": 18, ""session_key"": 11322}",0,http_429,"{""detail"":""Rate limit exceeded. Max 30 requests/minute."",""error"":""Too Many Requests""}",0.495
2026-08-22T17:05:51.508852Z,drivers,drivers_by_observed_driver_number,"{""driver_number"": 23, ""session_key"": 11322}",0,http_429,"{""detail"":""Rate limit exceeded. Max 30 requests/minute."",""error"":""Too Many Requests""}",0.499
2026-08-22T17:05:52.113059Z,drivers,drivers_by_observed_driver_number,"{""driver_number"": 27, ""session_key"": 11322}",0,http_429,"{""detail"":""Rate limit exceeded. Max 30 requests/minute."",""error"":""Too Many Requests""}",0.503
2026-08-22T17:05:52.714918Z,drivers,drivers_by_observed_driver_number,"{""driver_number"": 30, ""session_key"": 11322}",0,http_429,"{""detail"":""Rate limit exceeded. Max 30 requests/minute."",""error"":""Too Many Requests""}",0.501
2026-08-22T17:05:53.317921Z,drivers,drivers_by_observed_driver_number,"{""driver_number"": 31, ""session_key"": 11322}",0,http_429,"{""detail"":""Rate limit exceeded. Max 30 requests/minute."",""error"":""Too Many Requests""}",0.502
2026-08-22T17:05:53.918327Z,drivers,drivers_by_observed_driver_number,"{""driver_number"": 34, ""session_key"": 11322}",0,http_429,"{""detail"":""Rate limit exceeded. Max 30 requests/minute."",""error"":""Too Many Requests""}",0.499
2026-08-22T17:05:54.528292Z,drivers,drivers_by_observed_driver_number,"{""driver_number"": 38, ""session_key"": 11322}",0,http_429,"{""detail"":""Rate limit exceeded. Max 30 requests/minute."",""error"":""Too Many Requests""}",0.509
2026-08-22T17:05:55.124739Z,drivers,drivers_by_observed_driver_number,"{""driver_number"": 41, ""session_key"": 11322}",0,http_429,"{""detail"":""Rate limit exceeded. Max 30 requests/minute."",""error"":""Too Many Requests""}",0.495
2026-08-22T17:05:55.714605Z,drivers,drivers_by_observed_driver_number,"{""driver_number"": 43, ""session_key"": 11322}",0,http_429,"{""detail"":""Rate limit exceeded. Max 30 requests/minute."",""error"":""Too Many Requests""}",0.489
2026-08-22T17:05:56.307067Z,drivers,drivers_by_observed_driver_number,"{""driver_number"": 44, ""session_key"": 11322}",0,http_429,"{""detail"":""Rate limit exceeded. Max 30 requests/minute."",""error"":""Too Many Requests""}",0.491
2026-08-22T17:05:56.907315Z,drivers,drivers_by_observed_driver_number,"{""driver_number"": 46, ""session_key"": 11322}",0,http_429,"{""detail"":""Rate limit exceeded. Max 30 requests/minute."",""error"":""Too Many Requests""}",0.499
2026-08-22T17:05:57.503308Z,drivers,drivers_by_observed_driver_number,"{""driver_number"": 50, ""session_key"": 11322}",0,http_429,"{""detail"":""Rate limit exceeded. Max 30 requests/minute."",""error"":""Too Many Requests""}",0.495
2026-08-22T17:05:58.104945Z,drivers,drivers_by_observed_driver_number,"{""driver_number"": 55, ""session_key"": 11322}",0,http_429,"{""detail"":""Rate limit exceeded. Max 30 requests/minute."",""error"":""Too Many Requests""}",0.5
2026-08-22T17:05:58.705887Z,drivers,drivers_by_observed_driver_number,"{""driver_number"": 63, ""session_key"": 11322}",0,http_429,"{""detail"":""Rate limit exceeded. Max 30 requests/minute."",""error"":""Too Many Requests""}",0.5
2026-08-22T17:05:59.306867Z,drivers,drivers_by_observed_driver_number,"{""driver_number"": 77, ""session_key"": 11322}",0,http_429,"{""detail"":""Rate limit exceeded. Max 30 requests/minute."",""error"":""Too Many Requests""}",0.5
2026-08-22T17:05:59.908737Z,drivers,drivers_by_observed_driver_number,"{""driver_number"": 81, ""session_key"": 11322}",0,http_429,"{""detail"":""Rate limit exceeded. Max 30 requests/minute."",""error"":""Too Many Requests""}",0.501
2026-08-22T17:06:00.516461Z,drivers,drivers_by_observed_driver_number,"{""driver_number"": 87, ""session_key"": 11322}",2,pass,,0.507
2026-08-22T17:06:01.127291Z,drivers,drivers_by_observed_driver_number,"{""driver_number"": 90, ""session_key"": 11322}",0,http_404,"{""detail"":""No results found.""}",0.51
2026-08-22T17:06:01.723248Z,drivers,drivers_by_observed_driver_number,"{""driver_number"": 97, ""session_key"": 11322}",0,http_404,"{""detail"":""No results found.""}",0.495
2026-08-22T17:06:02.317867Z,drivers,drivers_by_observed_driver_number,"{""driver_number"": 241, ""session_key"": 11322}",0,http_404,"{""detail"":""No results found.""}",0.493
2026-08-22T17:06:02.910263Z,drivers,drivers_by_observed_driver_number,"{""driver_number"": 243, ""session_key"": 11322}",0,http_404,"{""detail"":""No results found.""}",0.491
2026-08-22T17:06:03.514335Z,drivers,drivers_by_observed_driver_number,"{""driver_number"": 247, ""session_key"": 11322}",0,http_404,"{""detail"":""No results found.""}",0.503
2026-08-22T17:06:04.115594Z,team_radio,team_radio_by_session_key_opportunistic,"{""session_key"": 11322}",12,pass,,0.498
2026-08-22T17:06:04.728008Z,weather,weather_by_session_key,"{""session_key"": 11326}",156,pass,,0.51
2026-08-22T17:06:05.346081Z,race_control,race_control_by_session_key,"{""session_key"": 11326}",250,pass,,0.516
2026-08-22T17:06:07.805357Z,intervals,intervals_by_session_key,"{""session_key"": 11326}",28253,pass,,2.357
2026-08-22T17:06:08.431464Z,position,position_by_session_key,"{""session_key"": 11326}",467,pass,,0.52
2026-08-22T17:06:09.054664Z,stints,stints_by_session_key,"{""session_key"": 11326}",73,pass,,0.521
2026-08-22T17:06:09.654343Z,pit,pit_by_session_key,"{""session_key"": 11326}",51,pass,,0.498
2026-08-22T17:06:10.250831Z,starting_grid,starting_grid_by_session_key,"{""session_key"": 11326}",0,http_404,"{""detail"":""No results found.""}",0.495
2026-08-22T17:06:10.848986Z,drivers,drivers_by_session_key,"{""session_key"": 11326}",22,pass,,0.497
2026-08-22T17:06:11.452518Z,team_radio,team_radio_by_session_key_opportunistic,"{""session_key"": 11326}",20,pass,,0.502
2026-08-22T17:06:12.061670Z,weather,weather_by_session_key,"{""session_key"": 11327}",81,pass,,0.507
2026-08-22T17:06:12.671549Z,race_control,race_control_by_session_key,"{""session_key"": 11327}",87,pass,,0.508
2026-08-22T17:06:13.275536Z,intervals,intervals_by_session_key,"{""session_key"": 11327}",0,http_404,"{""detail"":""No results found.""}",0.502
2026-08-22T17:06:13.886388Z,position,position_by_session_key,"{""session_key"": 11327}",600,pass,,0.51
2026-08-22T17:06:14.492792Z,stints,stints_by_session_key,"{""session_key"": 11327}",84,pass,,0.505
2026-08-22T17:06:14.594680Z,pit,skip_non_race_like_session,"{""session_key"": 11327}",0,skipped_not_applicable,pit endpoint is only treated as required for race/sprint-like sessions,0.0
2026-08-22T17:06:15.096499Z,starting_grid,starting_grid_by_session_key,"{""session_key"": 11327}",0,http_404,"{""detail"":""No results found.""}",0.502
2026-08-22T17:06:15.711135Z,drivers,drivers_by_session_key,"{""session_key"": 11327}",22,pass,,0.513
2026-08-22T17:06:16.313917Z,team_radio,team_radio_by_session_key_opportunistic,"{""session_key"": 11327}",4,pass,,0.501
2026-08-22T17:06:16.919365Z,weather,weather_by_session_key,"{""session_key"": 11328}",83,pass,,0.504
2026-08-22T17:06:17.526186Z,race_control,race_control_by_session_key,"{""session_key"": 11328}",89,pass,,0.505
2026-08-22T17:06:18.129084Z,intervals,intervals_by_session_key,"{""session_key"": 11328}",0,http_404,"{""detail"":""No results found.""}",0.501
2026-08-22T17:06:18.764736Z,position,position_by_session_key,"{""session_key"": 11328}",464,pass,,0.534
2026-08-22T17:06:19.372864Z,stints,stints_by_session_key,"{""session_key"": 11328}",97,pass,,0.506
2026-08-22T17:06:19.474862Z,pit,skip_non_race_like_session,"{""session_key"": 11328}",0,skipped_not_applicable,pit endpoint is only treated as required for race/sprint-like sessions,0.0
2026-08-22T17:06:19.975673Z,starting_grid,starting_grid_by_session_key,"{""session_key"": 11328}",0,http_404,"{""detail"":""No results found.""}",0.501
2026-08-22T17:06:20.565336Z,drivers,drivers_by_session_key,"{""session_key"": 11328}",0,http_429,"{""detail"":""Rate limit exceeded. Max 30 requests/minute."",""error"":""Too Many Requests""}",0.488
2026-08-22T17:06:21.202505Z,drivers,drivers_by_observed_driver_number,"{""driver_number"": 1, ""session_key"": 11328}",0,http_429,"{""detail"":""Rate limit exceeded. Max 30 requests/minute."",""error"":""Too Many Requests""}",0.505
2026-08-22T17:06:21.803773Z,drivers,drivers_by_observed_driver_number,"{""driver_number"": 3, ""session_key"": 11328}",0,http_429,"{""detail"":""Rate limit exceeded. Max 30 requests/minute."",""error"":""Too Many Requests""}",0.5
2026-08-22T17:06:22.411876Z,drivers,drivers_by_observed_driver_number,"{""driver_number"": 5, ""session_key"": 11328}",0,http_429,"{""detail"":""Rate limit exceeded. Max 30 requests/minute."",""error"":""Too Many Requests""}",0.507
2026-08-22T17:06:23.005875Z,drivers,drivers_by_observed_driver_number,"{""driver_number"": 6, ""session_key"": 11328}",0,http_429,"{""detail"":""Rate limit exceeded. Max 30 requests/minute."",""error"":""Too Many Requests""}",0.493
2026-08-22T17:06:23.599864Z,drivers,drivers_by_observed_driver_number,"{""driver_number"": 10, ""session_key"": 11328}",0,http_429,"{""detail"":""Rate limit exceeded. Max 30 requests/minute."",""error"":""Too Many Requests""}",0.493
2026-08-22T17:06:24.195335Z,drivers,drivers_by_observed_driver_number,"{""driver_number"": 11, ""session_key"": 11328}",0,http_429,"{""detail"":""Rate limit exceeded. Max 30 requests/minute."",""error"":""Too Many Requests""}",0.494
2026-08-22T17:06:24.795759Z,drivers,drivers_by_observed_driver_number,"{""driver_number"": 12, ""session_key"": 11328}",0,http_429,"{""detail"":""Rate limit exceeded. Max 30 requests/minute."",""error"":""Too Many Requests""}",0.499
2026-08-22T17:06:25.398219Z,drivers,drivers_by_observed_driver_number,"{""driver_number"": 14, ""session_key"": 11328}",0,http_429,"{""detail"":""Rate limit exceeded. Max 30 requests/minute."",""error"":""Too Many Requests""}",0.501
2026-08-22T17:06:25.998539Z,drivers,drivers_by_observed_driver_number,"{""driver_number"": 16, ""session_key"": 11328}",0,http_429,"{""detail"":""Rate limit exceeded. Max 30 requests/minute."",""error"":""Too Many Requests""}",0.499
2026-08-22T17:06:26.600081Z,drivers,drivers_by_observed_driver_number,"{""driver_number"": 18, ""session_key"": 11328}",0,http_429,"{""detail"":""Rate limit exceeded. Max 30 requests/minute."",""error"":""Too Many Requests""}",0.5
2026-08-22T17:06:27.190562Z,drivers,drivers_by_observed_driver_number,"{""driver_number"": 23, ""session_key"": 11328}",0,http_429,"{""detail"":""Rate limit exceeded. Max 30 requests/minute."",""error"":""Too Many Requests""}",0.489
2026-08-22T17:06:27.790202Z,drivers,drivers_by_observed_driver_number,"{""driver_number"": 27, ""session_key"": 11328}",0,http_429,"{""detail"":""Rate limit exceeded. Max 30 requests/minute."",""error"":""Too Many Requests""}",0.498
2026-08-22T17:06:28.390702Z,drivers,drivers_by_observed_driver_number,"{""driver_number"": 30, ""session_key"": 11328}",0,http_429,"{""detail"":""Rate limit exceeded. Max 30 requests/minute."",""error"":""Too Many Requests""}",0.499
2026-08-22T17:06:28.999575Z,drivers,drivers_by_observed_driver_number,"{""driver_number"": 31, ""session_key"": 11328}",0,http_429,"{""detail"":""Rate limit exceeded. Max 30 requests/minute."",""error"":""Too Many Requests""}",0.508
2026-08-22T17:06:29.593669Z,drivers,drivers_by_observed_driver_number,"{""driver_number"": 34, ""session_key"": 11328}",0,http_429,"{""detail"":""Rate limit exceeded. Max 30 requests/minute."",""error"":""Too Many Requests""}",0.493
2026-08-22T17:06:30.185578Z,drivers,drivers_by_observed_driver_number,"{""driver_number"": 38, ""session_key"": 11328}",0,http_429,"{""detail"":""Rate limit exceeded. Max 30 requests/minute."",""error"":""Too Many Requests""}",0.491
2026-08-22T17:06:30.780788Z,drivers,drivers_by_observed_driver_number,"{""driver_number"": 41, ""session_key"": 11328}",0,http_429,"{""detail"":""Rate limit exceeded. Max 30 requests/minute."",""error"":""Too Many Requests""}",0.494
2026-08-22T17:06:31.383861Z,drivers,drivers_by_observed_driver_number,"{""driver_number"": 43, ""session_key"": 11328}",0,http_429,"{""detail"":""Rate limit exceeded. Max 30 requests/minute."",""error"":""Too Many Requests""}",0.502
2026-08-22T17:06:31.987748Z,drivers,drivers_by_observed_driver_number,"{""driver_number"": 44, ""session_key"": 11328}",0,http_429,"{""detail"":""Rate limit exceeded. Max 30 requests/minute."",""error"":""Too Many Requests""}",0.503
2026-08-22T17:06:32.588650Z,drivers,drivers_by_observed_driver_number,"{""driver_number"": 46, ""session_key"": 11328}",0,http_429,"{""detail"":""Rate limit exceeded. Max 30 requests/minute."",""error"":""Too Many Requests""}",0.5
2026-08-22T17:06:33.193787Z,drivers,drivers_by_observed_driver_number,"{""driver_number"": 50, ""session_key"": 11328}",0,http_429,"{""detail"":""Rate limit exceeded. Max 30 requests/minute."",""error"":""Too Many Requests""}",0.504
2026-08-22T17:06:33.784831Z,drivers,drivers_by_observed_driver_number,"{""driver_number"": 55, ""session_key"": 11328}",0,http_429,"{""detail"":""Rate limit exceeded. Max 30 requests/minute."",""error"":""Too Many Requests""}",0.49
2026-08-22T17:06:34.384821Z,drivers,drivers_by_observed_driver_number,"{""driver_number"": 63, ""session_key"": 11328}",0,http_429,"{""detail"":""Rate limit exceeded. Max 30 requests/minute."",""error"":""Too Many Requests""}",0.499
2026-08-22T17:06:34.986236Z,drivers,drivers_by_observed_driver_number,"{""driver_number"": 77, ""session_key"": 11328}",0,http_429,"{""detail"":""Rate limit exceeded. Max 30 requests/minute."",""error"":""Too Many Requests""}",0.5
2026-08-22T17:06:35.596334Z,drivers,drivers_by_observed_driver_number,"{""driver_number"": 81, ""session_key"": 11328}",0,http_429,"{""detail"":""Rate limit exceeded. Max 30 requests/minute."",""error"":""Too Many Requests""}",0.509
2026-08-22T17:06:36.199285Z,drivers,drivers_by_observed_driver_number,"{""driver_number"": 87, ""session_key"": 11328}",0,http_429,"{""detail"":""Rate limit exceeded. Max 30 requests/minute."",""error"":""Too Many Requests""}",0.502
2026-08-22T17:06:36.791730Z,drivers,drivers_by_observed_driver_number,"{""driver_number"": 90, ""session_key"": 11328}",0,http_429,"{""detail"":""Rate limit exceeded. Max 30 requests/minute."",""error"":""Too Many Requests""}",0.491
2026-08-22T17:06:37.513950Z,drivers,drivers_by_observed_driver_number,"{""driver_number"": 97, ""session_key"": 11328}",0,http_429,"{""detail"":""Rate limit exceeded. Max 30 requests/minute."",""error"":""Too Many Requests""}",0.621
2026-08-22T17:06:38.118802Z,drivers,drivers_by_observed_driver_number,"{""driver_number"": 241, ""session_key"": 11328}",0,http_429,"{""detail"":""Rate limit exceeded. Max 30 requests/minute."",""error"":""Too Many Requests""}",0.504
2026-08-22T17:06:38.722292Z,drivers,drivers_by_observed_driver_number,"{""driver_number"": 243, ""session_key"": 11328}",0,http_429,"{""detail"":""Rate limit exceeded. Max 30 requests/minute."",""error"":""Too Many Requests""}",0.502
2026-08-22T17:06:39.323647Z,drivers,drivers_by_observed_driver_number,"{""driver_number"": 247, ""session_key"": 11328}",0,http_429,"{""detail"":""Rate limit exceeded. Max 30 requests/minute."",""error"":""Too Many Requests""}",0.5
2026-08-22T17:06:39.925947Z,team_radio,team_radio_by_session_key_opportunistic,"{""session_key"": 11328}",0,http_429,"{""detail"":""Rate limit exceeded. Max 30 requests/minute."",""error"":""Too Many Requests""}",0.501
2026-08-22T17:06:40.519017Z,weather,weather_by_session_key,"{""session_key"": 11329}",0,http_429,"{""detail"":""Rate limit exceeded. Max 30 requests/minute."",""error"":""Too Many Requests""}",0.492
2026-08-22T17:06:41.119797Z,race_control,race_control_by_session_key,"{""session_key"": 11329}",0,http_429,"{""detail"":""Rate limit exceeded. Max 30 requests/minute."",""error"":""Too Many Requests""}",0.499
2026-08-22T17:06:41.722211Z,intervals,intervals_by_session_key,"{""session_key"": 11329}",0,http_429,"{""detail"":""Rate limit exceeded. Max 30 requests/minute."",""error"":""Too Many Requests""}",0.501
2026-08-22T17:06:42.332757Z,position,position_by_session_key,"{""session_key"": 11329}",0,http_429,"{""detail"":""Rate limit exceeded. Max 30 requests/minute."",""error"":""Too Many Requests""}",0.509
2026-08-22T17:06:42.929423Z,position,position_by_meeting_key_fallback,"{""meeting_key"": 1290}",0,http_429,"{""detail"":""Rate limit exceeded. Max 30 requests/minute."",""error"":""Too Many Requests""}",0.495
2026-08-22T17:06:43.522597Z,stints,stints_by_session_key,"{""session_key"": 11329}",0,http_429,"{""detail"":""Rate limit exceeded. Max 30 requests/minute."",""error"":""Too Many Requests""}",0.492
2026-08-22T17:06:43.623894Z,pit,skip_non_race_like_session,"{""session_key"": 11329}",0,skipped_not_applicable,pit endpoint is only treated as required for race/sprint-like sessions,0.0
2026-08-22T17:06:44.120440Z,starting_grid,starting_grid_by_session_key,"{""session_key"": 11329}",0,http_429,"{""detail"":""Rate limit exceeded. Max 30 requests/minute."",""error"":""Too Many Requests""}",0.496
2026-08-22T17:06:44.720931Z,drivers,drivers_by_session_key,"{""session_key"": 11329}",0,http_429,"{""detail"":""Rate limit exceeded. Max 30 requests/minute."",""error"":""Too Many Requests""}",0.499
2026-08-22T17:06:45.351731Z,drivers,drivers_by_observed_driver_number,"{""driver_number"": 1, ""session_key"": 11329}",0,http_429,"{""detail"":""Rate limit exceeded. Max 30 requests/minute."",""error"":""Too Many Requests""}",0.499
2026-08-22T17:06:45.952396Z,drivers,drivers_by_observed_driver_number,"{""driver_number"": 3, ""session_key"": 11329}",0,http_429,"{""detail"":""Rate limit exceeded. Max 30 requests/minute."",""error"":""Too Many Requests""}",0.5
2026-08-22T17:06:46.554689Z,drivers,drivers_by_observed_driver_number,"{""driver_number"": 5, ""session_key"": 11329}",0,http_429,"{""detail"":""Rate limit exceeded. Max 30 requests/minute."",""error"":""Too Many Requests""}",0.501
2026-08-22T17:06:47.144619Z,drivers,drivers_by_observed_driver_number,"{""driver_number"": 6, ""session_key"": 11329}",0,http_429,"{""detail"":""Rate limit exceeded. Max 30 requests/minute."",""error"":""Too Many Requests""}",0.489
2026-08-22T17:06:47.745491Z,drivers,drivers_by_observed_driver_number,"{""driver_number"": 10, ""session_key"": 11329}",0,http_429,"{""detail"":""Rate limit exceeded. Max 30 requests/minute."",""error"":""Too Many Requests""}",0.5
2026-08-22T17:06:48.347899Z,drivers,drivers_by_observed_driver_number,"{""driver_number"": 11, ""session_key"": 11329}",0,http_429,"{""detail"":""Rate limit exceeded. Max 30 requests/minute."",""error"":""Too Many Requests""}",0.501
2026-08-22T17:06:48.958024Z,drivers,drivers_by_observed_driver_number,"{""driver_number"": 12, ""session_key"": 11329}",0,http_429,"{""detail"":""Rate limit exceeded. Max 30 requests/minute."",""error"":""Too Many Requests""}",0.509
2026-08-22T17:06:49.561351Z,drivers,drivers_by_observed_driver_number,"{""driver_number"": 14, ""session_key"": 11329}",0,http_429,"{""detail"":""Rate limit exceeded. Max 30 requests/minute."",""error"":""Too Many Requests""}",0.502
2026-08-22T17:06:50.152740Z,drivers,drivers_by_observed_driver_number,"{""driver_number"": 16, ""session_key"": 11329}",0,http_429,"{""detail"":""Rate limit exceeded. Max 30 requests/minute."",""error"":""Too Many Requests""}",0.49
2026-08-22T17:06:50.751665Z,drivers,drivers_by_observed_driver_number,"{""driver_number"": 18, ""session_key"": 11329}",0,http_429,"{""detail"":""Rate limit exceeded. Max 30 requests/minute."",""error"":""Too Many Requests""}",0.498
2026-08-22T17:06:51.353629Z,drivers,drivers_by_observed_driver_number,"{""driver_number"": 23, ""session_key"": 11329}",0,http_429,"{""detail"":""Rate limit exceeded. Max 30 requests/minute."",""error"":""Too Many Requests""}",0.501
2026-08-22T17:06:51.957530Z,drivers,drivers_by_observed_driver_number,"{""driver_number"": 27, ""session_key"": 11329}",0,http_429,"{""detail"":""Rate limit exceeded. Max 30 requests/minute."",""error"":""Too Many Requests""}",0.503
2026-08-22T17:06:52.558977Z,drivers,drivers_by_observed_driver_number,"{""driver_number"": 30, ""session_key"": 11329}",0,http_429,"{""detail"":""Rate limit exceeded. Max 30 requests/minute."",""error"":""Too Many Requests""}",0.5
2026-08-22T17:06:53.161753Z,drivers,drivers_by_observed_driver_number,"{""driver_number"": 31, ""session_key"": 11329}",0,http_429,"{""detail"":""Rate limit exceeded. Max 30 requests/minute."",""error"":""Too Many Requests""}",0.502
2026-08-22T17:06:53.750636Z,drivers,drivers_by_observed_driver_number,"{""driver_number"": 34, ""session_key"": 11329}",0,http_429,"{""detail"":""Rate limit exceeded. Max 30 requests/minute."",""error"":""Too Many Requests""}",0.488
2026-08-22T17:06:54.352569Z,drivers,drivers_by_observed_driver_number,"{""driver_number"": 38, ""session_key"": 11329}",0,http_429,"{""detail"":""Rate limit exceeded. Max 30 requests/minute."",""error"":""Too Many Requests""}",0.501
2026-08-22T17:06:54.954551Z,drivers,drivers_by_observed_driver_number,"{""driver_number"": 41, ""session_key"": 11329}",0,http_429,"{""detail"":""Rate limit exceeded. Max 30 requests/minute."",""error"":""Too Many Requests""}",0.501
2026-08-22T17:06:55.565424Z,drivers,drivers_by_observed_driver_number,"{""driver_number"": 43, ""session_key"": 11329}",0,http_429,"{""detail"":""Rate limit exceeded. Max 30 requests/minute."",""error"":""Too Many Requests""}",0.51
2026-08-22T17:06:56.169757Z,drivers,drivers_by_observed_driver_number,"{""driver_number"": 44, ""session_key"": 11329}",0,http_429,"{""detail"":""Rate limit exceeded. Max 30 requests/minute."",""error"":""Too Many Requests""}",0.503
2026-08-22T17:06:56.762555Z,drivers,drivers_by_observed_driver_number,"{""driver_number"": 46, ""session_key"": 11329}",0,http_429,"{""detail"":""Rate limit exceeded. Max 30 requests/minute."",""error"":""Too Many Requests""}",0.492
2026-08-22T17:06:57.366367Z,drivers,drivers_by_observed_driver_number,"{""driver_number"": 50, ""session_key"": 11329}",0,http_429,"{""detail"":""Rate limit exceeded. Max 30 requests/minute."",""error"":""Too Many Requests""}",0.503
2026-08-22T17:06:57.968799Z,drivers,drivers_by_observed_driver_number,"{""driver_number"": 55, ""session_key"": 11329}",0,http_429,"{""detail"":""Rate limit exceeded. Max 30 requests/minute."",""error"":""Too Many Requests""}",0.501
2026-08-22T17:06:58.571552Z,drivers,drivers_by_observed_driver_number,"{""driver_number"": 63, ""session_key"": 11329}",0,http_429,"{""detail"":""Rate limit exceeded. Max 30 requests/minute."",""error"":""Too Many Requests""}",0.502
2026-08-22T17:06:59.177378Z,drivers,drivers_by_observed_driver_number,"{""driver_number"": 77, ""session_key"": 11329}",0,http_429,"{""detail"":""Rate limit exceeded. Max 30 requests/minute."",""error"":""Too Many Requests""}",0.505
2026-08-22T17:06:59.778872Z,drivers,drivers_by_observed_driver_number,"{""driver_number"": 81, ""session_key"": 11329}",0,http_429,"{""detail"":""Rate limit exceeded. Max 30 requests/minute."",""error"":""Too Many Requests""}",0.5
2026-08-22T17:07:00.375705Z,drivers,drivers_by_observed_driver_number,"{""driver_number"": 87, ""session_key"": 11329}",1,pass,,0.496
2026-08-22T17:07:00.980159Z,drivers,drivers_by_observed_driver_number,"{""driver_number"": 90, ""session_key"": 11329}",0,http_404,"{""detail"":""No results found.""}",0.503
2026-08-22T17:07:01.582868Z,drivers,drivers_by_observed_driver_number,"{""driver_number"": 97, ""session_key"": 11329}",0,http_404,"{""detail"":""No results found.""}",0.502
2026-08-22T17:07:02.193413Z,drivers,drivers_by_observed_driver_number,"{""driver_number"": 241, ""session_key"": 11329}",0,http_404,"{""detail"":""No results found.""}",0.509
2026-08-22T17:07:02.796255Z,drivers,drivers_by_observed_driver_number,"{""driver_number"": 243, ""session_key"": 11329}",0,http_404,"{""detail"":""No results found.""}",0.502
2026-08-22T17:07:03.389928Z,drivers,drivers_by_observed_driver_number,"{""driver_number"": 247, ""session_key"": 11329}",0,http_404,"{""detail"":""No results found.""}",0.493
2026-08-22T17:07:03.989620Z,team_radio,team_radio_by_session_key_opportunistic,"{""session_key"": 11329}",10,pass,,0.497
2026-08-22T17:07:04.601855Z,weather,weather_by_session_key,"{""session_key"": 11330}",88,pass,,0.51
2026-08-22T17:07:05.210378Z,race_control,race_control_by_session_key,"{""session_key"": 11330}",65,pass,,0.507
2026-08-22T17:07:05.812036Z,intervals,intervals_by_session_key,"{""session_key"": 11330}",0,http_404,"{""detail"":""No results found.""}",0.5
2026-08-22T17:07:06.478540Z,position,position_by_session_key,"{""session_key"": 11330}",1064,pass,,0.565
2026-08-22T17:07:07.076588Z,stints,stints_by_session_key,"{""session_key"": 11330}",90,pass,,0.496
2026-08-22T17:07:07.178447Z,pit,skip_non_race_like_session,"{""session_key"": 11330}",0,skipped_not_applicable,pit endpoint is only treated as required for race/sprint-like sessions,0.0
2026-08-22T17:07:07.680525Z,starting_grid,starting_grid_by_session_key,"{""session_key"": 11330}",22,pass,,0.502
2026-08-22T17:07:08.287444Z,drivers,drivers_by_session_key,"{""session_key"": 11330}",22,pass,,0.505
2026-08-22T17:07:08.897756Z,team_radio,team_radio_by_session_key_opportunistic,"{""session_key"": 11330}",5,pass,,0.508
2026-08-22T17:07:09.511587Z,weather,weather_by_session_key,"{""session_key"": 11334}",146,pass,,0.512
2026-08-22T17:07:10.112034Z,race_control,race_control_by_session_key,"{""session_key"": 11334}",151,pass,,0.498
2026-08-22T17:07:12.529482Z,intervals,intervals_by_session_key,"{""session_key"": 11334}",23116,pass,,2.315
2026-08-22T17:07:13.192896Z,position,position_by_session_key,"{""session_key"": 11334}",443,pass,,0.558
2026-08-22T17:07:13.804082Z,stints,stints_by_session_key,"{""session_key"": 11334}",51,pass,,0.509
2026-08-22T17:07:14.412521Z,pit,pit_by_session_key,"{""session_key"": 11334}",28,pass,,0.507
2026-08-22T17:07:15.026672Z,starting_grid,starting_grid_by_session_key,"{""session_key"": 11334}",0,http_404,"{""detail"":""No results found.""}",0.512
2026-08-22T17:07:15.642825Z,drivers,drivers_by_session_key,"{""session_key"": 11334}",22,pass,,0.515
2026-08-22T17:07:16.254598Z,team_radio,team_radio_by_session_key_opportunistic,"{""session_key"": 11334}",29,pass,,0.51
2026-08-22T17:07:16.855526Z,weather,weather_by_session_key,"{""session_key"": 11335}",79,pass,,0.499
2026-08-22T17:07:17.467418Z,race_control,race_control_by_session_key,"{""session_key"": 11335}",57,pass,,0.51
2026-08-22T17:07:18.071349Z,intervals,intervals_by_session_key,"{""session_key"": 11335}",0,http_404,"{""detail"":""No results found.""}",0.502
2026-08-22T17:07:18.755558Z,position,position_by_session_key,"{""session_key"": 11335}",734,pass,,0.583
2026-08-22T17:07:19.360263Z,stints,stints_by_session_key,"{""session_key"": 11335}",106,pass,,0.503
2026-08-22T17:07:19.462108Z,pit,skip_non_race_like_session,"{""session_key"": 11335}",0,skipped_not_applicable,pit endpoint is only treated as required for race/sprint-like sessions,0.0
2026-08-22T17:07:19.964571Z,starting_grid,starting_grid_by_session_key,"{""session_key"": 11335}",0,http_404,"{""detail"":""No results found.""}",0.502
2026-08-22T17:07:20.568944Z,drivers,drivers_by_session_key,"{""session_key"": 11335}",0,http_429,"{""detail"":""Rate limit exceeded. Max 30 requests/minute."",""error"":""Too Many Requests""}",0.503
2026-08-22T17:07:21.203668Z,drivers,drivers_by_observed_driver_number,"{""driver_number"": 1, ""session_key"": 11335}",0,http_429,"{""detail"":""Rate limit exceeded. Max 30 requests/minute."",""error"":""Too Many Requests""}",0.5
2026-08-22T17:07:21.803851Z,drivers,drivers_by_observed_driver_number,"{""driver_number"": 3, ""session_key"": 11335}",0,http_429,"{""detail"":""Rate limit exceeded. Max 30 requests/minute."",""error"":""Too Many Requests""}",0.499
2026-08-22T17:07:22.412149Z,drivers,drivers_by_observed_driver_number,"{""driver_number"": 5, ""session_key"": 11335}",0,http_429,"{""detail"":""Rate limit exceeded. Max 30 requests/minute."",""error"":""Too Many Requests""}",0.507
2026-08-22T17:07:23.013378Z,drivers,drivers_by_observed_driver_number,"{""driver_number"": 6, ""session_key"": 11335}",0,http_429,"{""detail"":""Rate limit exceeded. Max 30 requests/minute."",""error"":""Too Many Requests""}",0.5
2026-08-22T17:07:23.604714Z,drivers,drivers_by_observed_driver_number,"{""driver_number"": 10, ""session_key"": 11335}",0,http_429,"{""detail"":""Rate limit exceeded. Max 30 requests/minute."",""error"":""Too Many Requests""}",0.49
2026-08-22T17:07:24.206785Z,drivers,drivers_by_observed_driver_number,"{""driver_number"": 11, ""session_key"": 11335}",0,http_429,"{""detail"":""Rate limit exceeded. Max 30 requests/minute."",""error"":""Too Many Requests""}",0.501
2026-08-22T17:07:24.808839Z,drivers,drivers_by_observed_driver_number,"{""driver_number"": 12, ""session_key"": 11335}",0,http_429,"{""detail"":""Rate limit exceeded. Max 30 requests/minute."",""error"":""Too Many Requests""}",0.501
2026-08-22T17:07:25.399118Z,drivers,drivers_by_observed_driver_number,"{""driver_number"": 14, ""session_key"": 11335}",0,http_429,"{""detail"":""Rate limit exceeded. Max 30 requests/minute."",""error"":""Too Many Requests""}",0.489
2026-08-22T17:07:25.993780Z,drivers,drivers_by_observed_driver_number,"{""driver_number"": 16, ""session_key"": 11335}",0,http_429,"{""detail"":""Rate limit exceeded. Max 30 requests/minute."",""error"":""Too Many Requests""}",0.493
2026-08-22T17:07:26.596642Z,drivers,drivers_by_observed_driver_number,"{""driver_number"": 18, ""session_key"": 11335}",0,http_429,"{""detail"":""Rate limit exceeded. Max 30 requests/minute."",""error"":""Too Many Requests""}",0.502
2026-08-22T17:07:27.197276Z,drivers,drivers_by_observed_driver_number,"{""driver_number"": 23, ""session_key"": 11335}",0,http_429,"{""detail"":""Rate limit exceeded. Max 30 requests/minute."",""error"":""Too Many Requests""}",0.499
2026-08-22T17:07:27.797584Z,drivers,drivers_by_observed_driver_number,"{""driver_number"": 25, ""session_key"": 11335}",0,http_429,"{""detail"":""Rate limit exceeded. Max 30 requests/minute."",""error"":""Too Many Requests""}",0.499
2026-08-22T17:07:28.399924Z,drivers,drivers_by_observed_driver_number,"{""driver_number"": 27, ""session_key"": 11335}",0,http_429,"{""detail"":""Rate limit exceeded. Max 30 requests/minute."",""error"":""Too Many Requests""}",0.501
2026-08-22T17:07:29.009740Z,drivers,drivers_by_observed_driver_number,"{""driver_number"": 30, ""session_key"": 11335}",0,http_429,"{""detail"":""Rate limit exceeded. Max 30 requests/minute."",""error"":""Too Many Requests""}",0.509
2026-08-22T17:07:29.612240Z,drivers,drivers_by_observed_driver_number,"{""driver_number"": 31, ""session_key"": 11335}",0,http_429,"{""detail"":""Rate limit exceeded. Max 30 requests/minute."",""error"":""Too Many Requests""}",0.501
2026-08-22T17:07:30.203486Z,drivers,drivers_by_observed_driver_number,"{""driver_number"": 34, ""session_key"": 11335}",0,http_429,"{""detail"":""Rate limit exceeded. Max 30 requests/minute."",""error"":""Too Many Requests""}",0.49
2026-08-22T17:07:30.805769Z,drivers,drivers_by_observed_driver_number,"{""driver_number"": 38, ""session_key"": 11335}",0,http_429,"{""detail"":""Rate limit exceeded. Max 30 requests/minute."",""error"":""Too Many Requests""}",0.501
2026-08-22T17:07:31.425826Z,drivers,drivers_by_observed_driver_number,"{""driver_number"": 41, ""session_key"": 11335}",0,http_429,"{""detail"":""Rate limit exceeded. Max 30 requests/minute."",""error"":""Too Many Requests""}",0.519
2026-08-22T17:07:32.015421Z,drivers,drivers_by_observed_driver_number,"{""driver_number"": 43, ""session_key"": 11335}",0,http_429,"{""detail"":""Rate limit exceeded. Max 30 requests/minute."",""error"":""Too Many Requests""}",0.488
2026-08-22T17:07:32.611887Z,drivers,drivers_by_observed_driver_number,"{""driver_number"": 44, ""session_key"": 11335}",0,http_429,"{""detail"":""Rate limit exceeded. Max 30 requests/minute."",""error"":""Too Many Requests""}",0.495
2026-08-22T17:07:33.216432Z,drivers,drivers_by_observed_driver_number,"{""driver_number"": 46, ""session_key"": 11335}",0,http_429,"{""detail"":""Rate limit exceeded. Max 30 requests/minute."",""error"":""Too Many Requests""}",0.503
2026-08-22T17:07:33.817546Z,drivers,drivers_by_observed_driver_number,"{""driver_number"": 50, ""session_key"": 11335}",0,http_429,"{""detail"":""Rate limit exceeded. Max 30 requests/minute."",""error"":""Too Many Requests""}",0.5
2026-08-22T17:07:34.420804Z,drivers,drivers_by_observed_driver_number,"{""driver_number"": 55, ""session_key"": 11335}",0,http_429,"{""detail"":""Rate limit exceeded. Max 30 requests/minute."",""error"":""Too Many Requests""}",0.502
2026-08-22T17:07:35.024513Z,drivers,drivers_by_observed_driver_number,"{""driver_number"": 61, ""session_key"": 11335}",0,http_429,"{""detail"":""Rate limit exceeded. Max 30 requests/minute."",""error"":""Too Many Requests""}",0.502
2026-08-22T17:07:35.633108Z,drivers,drivers_by_observed_driver_number,"{""driver_number"": 63, ""session_key"": 11335}",0,http_429,"{""detail"":""Rate limit exceeded. Max 30 requests/minute."",""error"":""Too Many Requests""}",0.507
2026-08-22T17:07:36.234727Z,drivers,drivers_by_observed_driver_number,"{""driver_number"": 67, ""session_key"": 11335}",0,http_429,"{""detail"":""Rate limit exceeded. Max 30 requests/minute."",""error"":""Too Many Requests""}",0.5
2026-08-22T17:07:36.825856Z,drivers,drivers_by_observed_driver_number,"{""driver_number"": 72, ""session_key"": 11335}",0,http_429,"{""detail"":""Rate limit exceeded. Max 30 requests/minute."",""error"":""Too Many Requests""}",0.49
2026-08-22T17:07:37.427732Z,drivers,drivers_by_observed_driver_number,"{""driver_number"": 77, ""session_key"": 11335}",0,http_429,"{""detail"":""Rate limit exceeded. Max 30 requests/minute."",""error"":""Too Many Requests""}",0.501
2026-08-22T17:07:38.028315Z,drivers,drivers_by_observed_driver_number,"{""driver_number"": 81, ""session_key"": 11335}",0,http_429,"{""detail"":""Rate limit exceeded. Max 30 requests/minute."",""error"":""Too Many Requests""}",0.499
2026-08-22T17:07:38.617866Z,drivers,drivers_by_observed_driver_number,"{""driver_number"": 87, ""session_key"": 11335}",0,http_429,"{""detail"":""Rate limit exceeded. Max 30 requests/minute."",""error"":""Too Many Requests""}",0.488
2026-08-22T17:07:39.214296Z,drivers,drivers_by_observed_driver_number,"{""driver_number"": 90, ""session_key"": 11335}",0,http_429,"{""detail"":""Rate limit exceeded. Max 30 requests/minute."",""error"":""Too Many Requests""}",0.495
2026-08-22T17:07:39.817233Z,drivers,drivers_by_observed_driver_number,"{""driver_number"": 97, ""session_key"": 11335}",0,http_429,"{""detail"":""Rate limit exceeded. Max 30 requests/minute."",""error"":""Too Many Requests""}",0.502
2026-08-22T17:07:40.418218Z,drivers,drivers_by_observed_driver_number,"{""driver_number"": 241, ""session_key"": 11335}",0,http_429,"{""detail"":""Rate limit exceeded. Max 30 requests/minute."",""error"":""Too Many Requests""}",0.5
2026-08-22T17:07:41.022344Z,drivers,drivers_by_observed_driver_number,"{""driver_number"": 243, ""session_key"": 11335}",0,http_429,"{""detail"":""Rate limit exceeded. Max 30 requests/minute."",""error"":""Too Many Requests""}",0.503
2026-08-22T17:07:41.623696Z,drivers,drivers_by_observed_driver_number,"{""driver_number"": 247, ""session_key"": 11335}",0,http_429,"{""detail"":""Rate limit exceeded. Max 30 requests/minute."",""error"":""Too Many Requests""}",0.5
2026-08-22T17:07:42.232012Z,team_radio,team_radio_by_session_key_opportunistic,"{""session_key"": 11335}",0,http_429,"{""detail"":""Rate limit exceeded. Max 30 requests/minute."",""error"":""Too Many Requests""}",0.507
2026-08-22T17:07:42.832426Z,weather,weather_by_session_key,"{""session_key"": 11336}",0,http_429,"{""detail"":""Rate limit exceeded. Max 30 requests/minute."",""error"":""Too Many Requests""}",0.499
2026-08-22T17:07:43.424749Z,race_control,race_control_by_session_key,"{""session_key"": 11336}",0,http_429,"{""detail"":""Rate limit exceeded. Max 30 requests/minute."",""error"":""Too Many Requests""}",0.491
2026-08-22T17:07:44.027151Z,intervals,intervals_by_session_key,"{""session_key"": 11336}",0,http_429,"{""detail"":""Rate limit exceeded. Max 30 requests/minute."",""error"":""Too Many Requests""}",0.501
2026-08-22T17:07:44.632111Z,position,position_by_session_key,"{""session_key"": 11336}",0,http_429,"{""detail"":""Rate limit exceeded. Max 30 requests/minute."",""error"":""Too Many Requests""}",0.504
2026-08-22T17:07:45.233535Z,position,position_by_meeting_key_fallback,"{""meeting_key"": 1291}",0,http_429,"{""detail"":""Rate limit exceeded. Max 30 requests/minute."",""error"":""Too Many Requests""}",0.5
2026-08-22T17:07:45.831980Z,stints,stints_by_session_key,"{""session_key"": 11336}",0,http_429,"{""detail"":""Rate limit exceeded. Max 30 requests/minute."",""error"":""Too Many Requests""}",0.497
2026-08-22T17:07:45.933226Z,pit,skip_non_race_like_session,"{""session_key"": 11336}",0,skipped_not_applicable,pit endpoint is only treated as required for race/sprint-like sessions,0.0
2026-08-22T17:07:46.435768Z,starting_grid,starting_grid_by_session_key,"{""session_key"": 11336}",0,http_429,"{""detail"":""Rate limit exceeded. Max 30 requests/minute."",""error"":""Too Many Requests""}",0.502
2026-08-22T17:07:47.026077Z,drivers,drivers_by_session_key,"{""session_key"": 11336}",0,http_429,"{""detail"":""Rate limit exceeded. Max 30 requests/minute."",""error"":""Too Many Requests""}",0.489
2026-08-22T17:07:47.659154Z,drivers,drivers_by_observed_driver_number,"{""driver_number"": 1, ""session_key"": 11336}",0,http_429,"{""detail"":""Rate limit exceeded. Max 30 requests/minute."",""error"":""Too Many Requests""}",0.499
2026-08-22T17:07:48.262125Z,drivers,drivers_by_observed_driver_number,"{""driver_number"": 3, ""session_key"": 11336}",0,http_429,"{""detail"":""Rate limit exceeded. Max 30 requests/minute."",""error"":""Too Many Requests""}",0.502
2026-08-22T17:07:48.870785Z,drivers,drivers_by_observed_driver_number,"{""driver_number"": 5, ""session_key"": 11336}",0,http_429,"{""detail"":""Rate limit exceeded. Max 30 requests/minute."",""error"":""Too Many Requests""}",0.508
2026-08-22T17:07:49.472469Z,drivers,drivers_by_observed_driver_number,"{""driver_number"": 6, ""session_key"": 11336}",0,http_429,"{""detail"":""Rate limit exceeded. Max 30 requests/minute."",""error"":""Too Many Requests""}",0.5
2026-08-22T17:07:50.064208Z,drivers,drivers_by_observed_driver_number,"{""driver_number"": 10, ""session_key"": 11336}",0,http_429,"{""detail"":""Rate limit exceeded. Max 30 requests/minute."",""error"":""Too Many Requests""}",0.491
2026-08-22T17:07:50.665267Z,drivers,drivers_by_observed_driver_number,"{""driver_number"": 11, ""session_key"": 11336}",0,http_429,"{""detail"":""Rate limit exceeded. Max 30 requests/minute."",""error"":""Too Many Requests""}",0.5
2026-08-22T17:07:51.268589Z,drivers,drivers_by_observed_driver_number,"{""driver_number"": 12, ""session_key"": 11336}",0,http_429,"{""detail"":""Rate limit exceeded. Max 30 requests/minute."",""error"":""Too Many Requests""}",0.502
2026-08-22T17:07:51.872198Z,drivers,drivers_by_observed_driver_number,"{""driver_number"": 14, ""session_key"": 11336}",0,http_429,"{""detail"":""Rate limit exceeded. Max 30 requests/minute."",""error"":""Too Many Requests""}",0.502
2026-08-22T17:07:52.468988Z,drivers,drivers_by_observed_driver_number,"{""driver_number"": 16, ""session_key"": 11336}",0,http_429,"{""detail"":""Rate limit exceeded. Max 30 requests/minute."",""error"":""Too Many Requests""}",0.496
2026-08-22T17:07:53.076369Z,drivers,drivers_by_observed_driver_number,"{""driver_number"": 18, ""session_key"": 11336}",0,http_429,"{""detail"":""Rate limit exceeded. Max 30 requests/minute."",""error"":""Too Many Requests""}",0.506
2026-08-22T17:07:53.666583Z,drivers,drivers_by_observed_driver_number,"{""driver_number"": 23, ""session_key"": 11336}",0,http_429,"{""detail"":""Rate limit exceeded. Max 30 requests/minute."",""error"":""Too Many Requests""}",0.489
2026-08-22T17:07:54.269251Z,drivers,drivers_by_observed_driver_number,"{""driver_number"": 25, ""session_key"": 11336}",0,http_429,"{""detail"":""Rate limit exceeded. Max 30 requests/minute."",""error"":""Too Many Requests""}",0.501
2026-08-22T17:07:54.870583Z,drivers,drivers_by_observed_driver_number,"{""driver_number"": 27, ""session_key"": 11336}",0,http_429,"{""detail"":""Rate limit exceeded. Max 30 requests/minute."",""error"":""Too Many Requests""}",0.5
2026-08-22T17:07:55.481293Z,drivers,drivers_by_observed_driver_number,"{""driver_number"": 30, ""session_key"": 11336}",0,http_429,"{""detail"":""Rate limit exceeded. Max 30 requests/minute."",""error"":""Too Many Requests""}",0.51
2026-08-22T17:07:56.084622Z,drivers,drivers_by_observed_driver_number,"{""driver_number"": 31, ""session_key"": 11336}",0,http_429,"{""detail"":""Rate limit exceeded. Max 30 requests/minute."",""error"":""Too Many Requests""}",0.502
2026-08-22T17:07:56.676677Z,drivers,drivers_by_observed_driver_number,"{""driver_number"": 34, ""session_key"": 11336}",0,http_429,"{""detail"":""Rate limit exceeded. Max 30 requests/minute."",""error"":""Too Many Requests""}",0.491
2026-08-22T17:07:57.278801Z,drivers,drivers_by_observed_driver_number,"{""driver_number"": 38, ""session_key"": 11336}",0,http_429,"{""detail"":""Rate limit exceeded. Max 30 requests/minute."",""error"":""Too Many Requests""}",0.501
2026-08-22T17:07:57.882819Z,drivers,drivers_by_observed_driver_number,"{""driver_number"": 41, ""session_key"": 11336}",0,http_429,"{""detail"":""Rate limit exceeded. Max 30 requests/minute."",""error"":""Too Many Requests""}",0.503
2026-08-22T17:07:58.486541Z,drivers,drivers_by_observed_driver_number,"{""driver_number"": 43, ""session_key"": 11336}",0,http_429,"{""detail"":""Rate limit exceeded. Max 30 requests/minute."",""error"":""Too Many Requests""}",0.503
2026-08-22T17:07:59.083739Z,drivers,drivers_by_observed_driver_number,"{""driver_number"": 44, ""session_key"": 11336}",0,http_429,"{""detail"":""Rate limit exceeded. Max 30 requests/minute."",""error"":""Too Many Requests""}",0.496
2026-08-22T17:07:59.688153Z,drivers,drivers_by_observed_driver_number,"{""driver_number"": 46, ""session_key"": 11336}",0,http_429,"{""detail"":""Rate limit exceeded. Max 30 requests/minute."",""error"":""Too Many Requests""}",0.503
2026-08-22T17:08:00.280714Z,drivers,drivers_by_observed_driver_number,"{""driver_number"": 50, ""session_key"": 11336}",0,http_404,"{""detail"":""No results found.""}",0.491
2026-08-22T17:08:00.884112Z,drivers,drivers_by_observed_driver_number,"{""driver_number"": 55, ""session_key"": 11336}",1,pass,,0.502
2026-08-22T17:08:01.487285Z,drivers,drivers_by_observed_driver_number,"{""driver_number"": 61, ""session_key"": 11336}",0,http_404,"{""detail"":""No results found.""}",0.502
2026-08-22T17:08:02.097367Z,drivers,drivers_by_observed_driver_number,"{""driver_number"": 63, ""session_key"": 11336}",1,pass,,0.509
2026-08-22T17:08:02.703398Z,drivers,drivers_by_observed_driver_number,"{""driver_number"": 67, ""session_key"": 11336}",0,http_404,"{""detail"":""No results found.""}",0.505
2026-08-22T17:08:03.297481Z,drivers,drivers_by_observed_driver_number,"{""driver_number"": 72, ""session_key"": 11336}",0,http_404,"{""detail"":""No results found.""}",0.493
2026-08-22T17:08:03.900973Z,drivers,drivers_by_observed_driver_number,"{""driver_number"": 77, ""session_key"": 11336}",1,pass,,0.502
2026-08-22T17:08:04.509142Z,drivers,drivers_by_observed_driver_number,"{""driver_number"": 81, ""session_key"": 11336}",1,pass,,0.507
2026-08-22T17:08:05.112272Z,drivers,drivers_by_observed_driver_number,"{""driver_number"": 87, ""session_key"": 11336}",1,pass,,0.502
2026-08-22T17:08:05.708648Z,drivers,drivers_by_observed_driver_number,"{""driver_number"": 90, ""session_key"": 11336}",0,http_404,"{""detail"":""No results found.""}",0.495
2026-08-22T17:08:06.315330Z,drivers,drivers_by_observed_driver_number,"{""driver_number"": 97, ""session_key"": 11336}",0,http_404,"{""detail"":""No results found.""}",0.505
2026-08-22T17:08:06.908425Z,drivers,drivers_by_observed_driver_number,"{""driver_number"": 241, ""session_key"": 11336}",0,http_404,"{""detail"":""No results found.""}",0.492
2026-08-22T17:08:07.511523Z,drivers,drivers_by_observed_driver_number,"{""driver_number"": 243, ""session_key"": 11336}",0,http_404,"{""detail"":""No results found.""}",0.502
2026-08-22T17:08:08.115638Z,drivers,drivers_by_observed_driver_number,"{""driver_number"": 247, ""session_key"": 11336}",0,http_404,"{""detail"":""No results found.""}",0.503
2026-08-22T17:08:08.734299Z,team_radio,team_radio_by_session_key_opportunistic,"{""session_key"": 11336}",7,pass,,0.515
2026-08-22T17:08:09.344156Z,weather,weather_by_session_key,"{""session_key"": 11337}",80,pass,,0.508
2026-08-22T17:08:09.945057Z,race_control,race_control_by_session_key,"{""session_key"": 11337}",67,pass,,0.499
2026-08-22T17:08:10.548375Z,intervals,intervals_by_session_key,"{""session_key"": 11337}",0,http_404,"{""detail"":""No results found.""}",0.501
2026-08-22T17:08:11.178765Z,position,position_by_session_key,"{""session_key"": 11337}",513,pass,,0.529
2026-08-22T17:08:11.791512Z,stints,stints_by_session_key,"{""session_key"": 11337}",89,pass,,0.511
2026-08-22T17:08:11.893388Z,pit,skip_non_race_like_session,"{""session_key"": 11337}",0,skipped_not_applicable,pit endpoint is only treated as required for race/sprint-like sessions,0.0
2026-08-22T17:08:12.400522Z,starting_grid,starting_grid_by_session_key,"{""session_key"": 11337}",0,http_404,"{""detail"":""No results found.""}",0.507
2026-08-22T17:08:13.007401Z,drivers,drivers_by_session_key,"{""session_key"": 11337}",22,pass,,0.506
2026-08-22T17:08:13.599539Z,team_radio,team_radio_by_session_key_opportunistic,"{""session_key"": 11337}",7,pass,,0.49
2026-08-22T17:08:14.206760Z,weather,weather_by_session_key,"{""session_key"": 11338}",76,pass,,0.505
2026-08-22T17:08:14.813028Z,race_control,race_control_by_session_key,"{""session_key"": 11338}",48,pass,,0.504
2026-08-22T17:08:15.428430Z,intervals,intervals_by_session_key,"{""session_key"": 11338}",0,http_404,"{""detail"":""No results found.""}",0.514
2026-08-22T17:08:16.100193Z,position,position_by_session_key,"{""session_key"": 11338}",1016,pass,,0.571
2026-08-22T17:08:16.703377Z,stints,stints_by_session_key,"{""session_key"": 11338}",98,pass,,0.501
2026-08-22T17:08:16.805326Z,pit,skip_non_race_like_session,"{""session_key"": 11338}",0,skipped_not_applicable,pit endpoint is only treated as required for race/sprint-like sessions,0.0
2026-08-22T17:08:17.307906Z,starting_grid,starting_grid_by_session_key,"{""session_key"": 11338}",22,pass,,0.502
2026-08-22T17:08:17.915536Z,drivers,drivers_by_session_key,"{""session_key"": 11338}",22,pass,,0.506
2026-08-22T17:08:18.517410Z,team_radio,team_radio_by_session_key_opportunistic,"{""session_key"": 11338}",0,http_429,"{""detail"":""Rate limit exceeded. Max 30 requests/minute."",""error"":""Too Many Requests""}",0.5
2026-08-22T17:08:19.113515Z,weather,weather_by_session_key,"{""session_key"": 11342}",0,http_429,"{""detail"":""Rate limit exceeded. Max 30 requests/minute."",""error"":""Too Many Requests""}",0.495
2026-08-22T17:08:19.716433Z,race_control,race_control_by_session_key,"{""session_key"": 11342}",0,http_429,"{""detail"":""Rate limit exceeded. Max 30 requests/minute."",""error"":""Too Many Requests""}",0.502
2026-08-22T17:08:20.306035Z,intervals,intervals_by_session_key,"{""session_key"": 11342}",0,http_429,"{""detail"":""Rate limit exceeded. Max 30 requests/minute."",""error"":""Too Many Requests""}",0.488
2026-08-22T17:08:20.906546Z,position,position_by_session_key,"{""session_key"": 11342}",0,http_429,"{""detail"":""Rate limit exceeded. Max 30 requests/minute."",""error"":""Too Many Requests""}",0.499
2026-08-22T17:08:21.507276Z,position,position_by_meeting_key_fallback,"{""meeting_key"": 1291}",0,http_429,"{""detail"":""Rate limit exceeded. Max 30 requests/minute."",""error"":""Too Many Requests""}",0.5
2026-08-22T17:08:22.115253Z,stints,stints_by_session_key,"{""session_key"": 11342}",0,http_429,"{""detail"":""Rate limit exceeded. Max 30 requests/minute."",""error"":""Too Many Requests""}",0.507
2026-08-22T17:08:22.717395Z,pit,pit_by_session_key,"{""session_key"": 11342}",0,http_429,"{""detail"":""Rate limit exceeded. Max 30 requests/minute."",""error"":""Too Many Requests""}",0.501
2026-08-22T17:08:23.309823Z,starting_grid,starting_grid_by_session_key,"{""session_key"": 11342}",0,http_429,"{""detail"":""Rate limit exceeded. Max 30 requests/minute."",""error"":""Too Many Requests""}",0.491
2026-08-22T17:08:23.913099Z,drivers,drivers_by_session_key,"{""session_key"": 11342}",0,http_429,"{""detail"":""Rate limit exceeded. Max 30 requests/minute."",""error"":""Too Many Requests""}",0.502
2026-08-22T17:08:24.551804Z,drivers,drivers_by_observed_driver_number,"{""driver_number"": 1, ""session_key"": 11342}",0,http_429,"{""detail"":""Rate limit exceeded. Max 30 requests/minute."",""error"":""Too Many Requests""}",0.502
2026-08-22T17:08:25.152496Z,drivers,drivers_by_observed_driver_number,"{""driver_number"": 3, ""session_key"": 11342}",0,http_429,"{""detail"":""Rate limit exceeded. Max 30 requests/minute."",""error"":""Too Many Requests""}",0.499
2026-08-22T17:08:25.748527Z,drivers,drivers_by_observed_driver_number,"{""driver_number"": 5, ""session_key"": 11342}",0,http_429,"{""detail"":""Rate limit exceeded. Max 30 requests/minute."",""error"":""Too Many Requests""}",0.495
2026-08-22T17:08:26.352342Z,drivers,drivers_by_observed_driver_number,"{""driver_number"": 6, ""session_key"": 11342}",0,http_429,"{""detail"":""Rate limit exceeded. Max 30 requests/minute."",""error"":""Too Many Requests""}",0.503
2026-08-22T17:08:26.941090Z,drivers,drivers_by_observed_driver_number,"{""driver_number"": 10, ""session_key"": 11342}",0,http_429,"{""detail"":""Rate limit exceeded. Max 30 requests/minute."",""error"":""Too Many Requests""}",0.488
2026-08-22T17:08:27.542146Z,drivers,drivers_by_observed_driver_number,"{""driver_number"": 11, ""session_key"": 11342}",0,http_429,"{""detail"":""Rate limit exceeded. Max 30 requests/minute."",""error"":""Too Many Requests""}",0.5
2026-08-22T17:08:28.144555Z,drivers,drivers_by_observed_driver_number,"{""driver_number"": 12, ""session_key"": 11342}",0,http_429,"{""detail"":""Rate limit exceeded. Max 30 requests/minute."",""error"":""Too Many Requests""}",0.501
2026-08-22T17:08:28.753891Z,drivers,drivers_by_observed_driver_number,"{""driver_number"": 14, ""session_key"": 11342}",0,http_429,"{""detail"":""Rate limit exceeded. Max 30 requests/minute."",""error"":""Too Many Requests""}",0.508
2026-08-22T17:08:29.356546Z,drivers,drivers_by_observed_driver_number,"{""driver_number"": 16, ""session_key"": 11342}",0,http_429,"{""detail"":""Rate limit exceeded. Max 30 requests/minute."",""error"":""Too Many Requests""}",0.501
2026-08-22T17:08:29.954123Z,drivers,drivers_by_observed_driver_number,"{""driver_number"": 18, ""session_key"": 11342}",0,http_429,"{""detail"":""Rate limit exceeded. Max 30 requests/minute."",""error"":""Too Many Requests""}",0.496
2026-08-22T17:08:30.554806Z,drivers,drivers_by_observed_driver_number,"{""driver_number"": 23, ""session_key"": 11342}",0,http_429,"{""detail"":""Rate limit exceeded. Max 30 requests/minute."",""error"":""Too Many Requests""}",0.499
2026-08-22T17:08:31.159522Z,drivers,drivers_by_observed_driver_number,"{""driver_number"": 25, ""session_key"": 11342}",0,http_429,"{""detail"":""Rate limit exceeded. Max 30 requests/minute."",""error"":""Too Many Requests""}",0.504
2026-08-22T17:08:31.761502Z,drivers,drivers_by_observed_driver_number,"{""driver_number"": 27, ""session_key"": 11342}",0,http_429,"{""detail"":""Rate limit exceeded. Max 30 requests/minute."",""error"":""Too Many Requests""}",0.501
2026-08-22T17:08:32.357235Z,drivers,drivers_by_observed_driver_number,"{""driver_number"": 30, ""session_key"": 11342}",0,http_429,"{""detail"":""Rate limit exceeded. Max 30 requests/minute."",""error"":""Too Many Requests""}",0.495
2026-08-22T17:08:32.969302Z,drivers,drivers_by_observed_driver_number,"{""driver_number"": 31, ""session_key"": 11342}",0,http_429,"{""detail"":""Rate limit exceeded. Max 30 requests/minute."",""error"":""Too Many Requests""}",0.511
2026-08-22T17:08:33.560059Z,drivers,drivers_by_observed_driver_number,"{""driver_number"": 34, ""session_key"": 11342}",0,http_429,"{""detail"":""Rate limit exceeded. Max 30 requests/minute."",""error"":""Too Many Requests""}",0.489
2026-08-22T17:08:34.160927Z,drivers,drivers_by_observed_driver_number,"{""driver_number"": 38, ""session_key"": 11342}",0,http_429,"{""detail"":""Rate limit exceeded. Max 30 requests/minute."",""error"":""Too Many Requests""}",0.5
2026-08-22T17:08:34.809062Z,drivers,drivers_by_observed_driver_number,"{""driver_number"": 41, ""session_key"": 11342}",0,http_429,"{""detail"":""Rate limit exceeded. Max 30 requests/minute."",""error"":""Too Many Requests""}",0.547
2026-08-22T17:08:35.441752Z,drivers,drivers_by_observed_driver_number,"{""driver_number"": 43, ""session_key"": 11342}",0,http_429,"{""detail"":""Rate limit exceeded. Max 30 requests/minute."",""error"":""Too Many Requests""}",0.531
2026-08-22T17:08:36.042454Z,drivers,drivers_by_observed_driver_number,"{""driver_number"": 44, ""session_key"": 11342}",0,http_429,"{""detail"":""Rate limit exceeded. Max 30 requests/minute."",""error"":""Too Many Requests""}",0.5
2026-08-22T17:08:36.635651Z,drivers,drivers_by_observed_driver_number,"{""driver_number"": 46, ""session_key"": 11342}",0,http_429,"{""detail"":""Rate limit exceeded. Max 30 requests/minute."",""error"":""Too Many Requests""}",0.492
2026-08-22T17:08:37.237858Z,drivers,drivers_by_observed_driver_number,"{""driver_number"": 50, ""session_key"": 11342}",0,http_429,"{""detail"":""Rate limit exceeded. Max 30 requests/minute."",""error"":""Too Many Requests""}",0.501
2026-08-22T17:08:37.840768Z,drivers,drivers_by_observed_driver_number,"{""driver_number"": 55, ""session_key"": 11342}",0,http_429,"{""detail"":""Rate limit exceeded. Max 30 requests/minute."",""error"":""Too Many Requests""}",0.502
2026-08-22T17:08:38.442537Z,drivers,drivers_by_observed_driver_number,"{""driver_number"": 61, ""session_key"": 11342}",0,http_429,"{""detail"":""Rate limit exceeded. Max 30 requests/minute."",""error"":""Too Many Requests""}",0.5
2026-08-22T17:08:39.038675Z,drivers,drivers_by_observed_driver_number,"{""driver_number"": 63, ""session_key"": 11342}",0,http_429,"{""detail"":""Rate limit exceeded. Max 30 requests/minute."",""error"":""Too Many Requests""}",0.495
2026-08-22T17:08:39.643090Z,drivers,drivers_by_observed_driver_number,"{""driver_number"": 67, ""session_key"": 11342}",0,http_429,"{""detail"":""Rate limit exceeded. Max 30 requests/minute."",""error"":""Too Many Requests""}",0.503
2026-08-22T17:08:40.232556Z,drivers,drivers_by_observed_driver_number,"{""driver_number"": 72, ""session_key"": 11342}",0,http_429,"{""detail"":""Rate limit exceeded. Max 30 requests/minute."",""error"":""Too Many Requests""}",0.488
2026-08-22T17:08:40.833255Z,drivers,drivers_by_observed_driver_number,"{""driver_number"": 77, ""session_key"": 11342}",0,http_429,"{""detail"":""Rate limit exceeded. Max 30 requests/minute."",""error"":""Too Many Requests""}",0.499
2026-08-22T17:08:41.644936Z,drivers,drivers_by_observed_driver_number,"{""driver_number"": 81, ""session_key"": 11342}",0,http_429,"{""detail"":""Rate limit exceeded. Max 30 requests/minute."",""error"":""Too Many Requests""}",0.71
2026-08-22T17:08:42.490205Z,drivers,drivers_by_observed_driver_number,"{""driver_number"": 87, ""session_key"": 11342}",0,http_429,"{""detail"":""Rate limit exceeded. Max 30 requests/minute."",""error"":""Too Many Requests""}",0.744
2026-08-22T17:08:43.124922Z,drivers,drivers_by_observed_driver_number,"{""driver_number"": 90, ""session_key"": 11342}",0,http_429,"{""detail"":""Rate limit exceeded. Max 30 requests/minute."",""error"":""Too Many Requests""}",0.533
2026-08-22T17:08:43.822489Z,drivers,drivers_by_observed_driver_number,"{""driver_number"": 97, ""session_key"": 11342}",0,http_429,"{""detail"":""Rate limit exceeded. Max 30 requests/minute."",""error"":""Too Many Requests""}",0.596
2026-08-22T17:08:44.468989Z,drivers,drivers_by_observed_driver_number,"{""driver_number"": 241, ""session_key"": 11342}",0,http_429,"{""detail"":""Rate limit exceeded. Max 30 requests/minute."",""error"":""Too Many Requests""}",0.545
2026-08-22T17:08:45.387860Z,drivers,drivers_by_observed_driver_number,"{""driver_number"": 243, ""session_key"": 11342}",0,http_429,"{""detail"":""Rate limit exceeded. Max 30 requests/minute."",""error"":""Too Many Requests""}",0.818
2026-08-22T17:08:46.230582Z,drivers,drivers_by_observed_driver_number,"{""driver_number"": 247, ""session_key"": 11342}",0,http_429,"{""detail"":""Rate limit exceeded. Max 30 requests/minute."",""error"":""Too Many Requests""}",0.741
2026-08-22T17:08:46.826926Z,team_radio,team_radio_by_session_key_opportunistic,"{""session_key"": 11342}",0,http_429,"{""detail"":""Rate limit exceeded. Max 30 requests/minute."",""error"":""Too Many Requests""}",0.495
2026-08-22T17:08:47.487861Z,weather,weather_by_session_key,"{""session_key"": 11343}",0,http_429,"{""detail"":""Rate limit exceeded. Max 30 requests/minute."",""error"":""Too Many Requests""}",0.56
2026-08-22T17:08:48.144986Z,race_control,race_control_by_session_key,"{""session_key"": 11343}",0,http_429,"{""detail"":""Rate limit exceeded. Max 30 requests/minute."",""error"":""Too Many Requests""}",0.556
2026-08-22T17:08:48.748667Z,intervals,intervals_by_session_key,"{""session_key"": 11343}",0,http_429,"{""detail"":""Rate limit exceeded. Max 30 requests/minute."",""error"":""Too Many Requests""}",0.502
2026-08-22T17:08:49.559158Z,position,position_by_session_key,"{""session_key"": 11343}",0,http_429,"{""detail"":""Rate limit exceeded. Max 30 requests/minute."",""error"":""Too Many Requests""}",0.709
2026-08-22T17:08:50.239002Z,position,position_by_meeting_key_fallback,"{""meeting_key"": 1292}",0,http_429,"{""detail"":""Rate limit exceeded. Max 30 requests/minute."",""error"":""Too Many Requests""}",0.579
2026-08-22T17:08:50.904227Z,stints,stints_by_session_key,"{""session_key"": 11343}",0,http_429,"{""detail"":""Rate limit exceeded. Max 30 requests/minute."",""error"":""Too Many Requests""}",0.564
2026-08-22T17:08:51.005567Z,pit,skip_non_race_like_session,"{""session_key"": 11343}",0,skipped_not_applicable,pit endpoint is only treated as required for race/sprint-like sessions,0.0
2026-08-22T17:08:51.505542Z,starting_grid,starting_grid_by_session_key,"{""session_key"": 11343}",0,http_429,"{""detail"":""Rate limit exceeded. Max 30 requests/minute."",""error"":""Too Many Requests""}",0.5
2026-08-22T17:08:52.310334Z,drivers,drivers_by_session_key,"{""session_key"": 11343}",0,http_429,"{""detail"":""Rate limit exceeded. Max 30 requests/minute."",""error"":""Too Many Requests""}",0.703
2026-08-22T17:08:52.948996Z,drivers,drivers_by_observed_driver_number,"{""driver_number"": 1, ""session_key"": 11343}",0,http_429,"{""detail"":""Rate limit exceeded. Max 30 requests/minute."",""error"":""Too Many Requests""}",0.503
2026-08-22T17:08:53.631462Z,drivers,drivers_by_observed_driver_number,"{""driver_number"": 3, ""session_key"": 11343}",0,http_429,"{""detail"":""Rate limit exceeded. Max 30 requests/minute."",""error"":""Too Many Requests""}",0.581
2026-08-22T17:08:54.235660Z,drivers,drivers_by_observed_driver_number,"{""driver_number"": 5, ""session_key"": 11343}",0,http_429,"{""detail"":""Rate limit exceeded. Max 30 requests/minute."",""error"":""Too Many Requests""}",0.503
2026-08-22T17:08:54.837926Z,drivers,drivers_by_observed_driver_number,"{""driver_number"": 6, ""session_key"": 11343}",0,http_429,"{""detail"":""Rate limit exceeded. Max 30 requests/minute."",""error"":""Too Many Requests""}",0.501
2026-08-22T17:08:55.651709Z,drivers,drivers_by_observed_driver_number,"{""driver_number"": 10, ""session_key"": 11343}",0,http_429,"{""detail"":""Rate limit exceeded. Max 30 requests/minute."",""error"":""Too Many Requests""}",0.713
2026-08-22T17:08:56.264777Z,drivers,drivers_by_observed_driver_number,"{""driver_number"": 11, ""session_key"": 11343}",0,http_429,"{""detail"":""Rate limit exceeded. Max 30 requests/minute."",""error"":""Too Many Requests""}",0.512
2026-08-22T17:08:56.855381Z,drivers,drivers_by_observed_driver_number,"{""driver_number"": 12, ""session_key"": 11343}",0,http_429,"{""detail"":""Rate limit exceeded. Max 30 requests/minute."",""error"":""Too Many Requests""}",0.489
2026-08-22T17:08:57.457833Z,drivers,drivers_by_observed_driver_number,"{""driver_number"": 14, ""session_key"": 11343}",0,http_429,"{""detail"":""Rate limit exceeded. Max 30 requests/minute."",""error"":""Too Many Requests""}",0.501
2026-08-22T17:08:58.060502Z,drivers,drivers_by_observed_driver_number,"{""driver_number"": 16, ""session_key"": 11343}",0,http_429,"{""detail"":""Rate limit exceeded. Max 30 requests/minute."",""error"":""Too Many Requests""}",0.501
2026-08-22T17:08:58.663712Z,drivers,drivers_by_observed_driver_number,"{""driver_number"": 18, ""session_key"": 11343}",0,http_429,"{""detail"":""Rate limit exceeded. Max 30 requests/minute."",""error"":""Too Many Requests""}",0.502
2026-08-22T17:08:59.269989Z,drivers,drivers_by_observed_driver_number,"{""driver_number"": 23, ""session_key"": 11343}",0,http_429,"{""detail"":""Rate limit exceeded. Max 30 requests/minute."",""error"":""Too Many Requests""}",0.505
2026-08-22T17:08:59.859244Z,drivers,drivers_by_observed_driver_number,"{""driver_number"": 25, ""session_key"": 11343}",0,http_429,"{""detail"":""Rate limit exceeded. Max 30 requests/minute."",""error"":""Too Many Requests""}",0.488
2026-08-22T17:09:00.460461Z,drivers,drivers_by_observed_driver_number,"{""driver_number"": 27, ""session_key"": 11343}",1,pass,,0.5
2026-08-22T17:09:01.064946Z,drivers,drivers_by_observed_driver_number,"{""driver_number"": 30, ""session_key"": 11343}",1,pass,,0.503
2026-08-22T17:09:01.668474Z,drivers,drivers_by_observed_driver_number,"{""driver_number"": 31, ""session_key"": 11343}",1,pass,,0.502
2026-08-22T17:09:02.285855Z,drivers,drivers_by_observed_driver_number,"{""driver_number"": 34, ""session_key"": 11343}",0,http_404,"{""detail"":""No results found.""}",0.516
2026-08-22T17:09:02.896226Z,drivers,drivers_by_observed_driver_number,"{""driver_number"": 38, ""session_key"": 11343}",0,http_404,"{""detail"":""No results found.""}",0.509
2026-08-22T17:09:03.518871Z,drivers,drivers_by_observed_driver_number,"{""driver_number"": 41, ""session_key"": 11343}",1,pass,,0.521
2026-08-22T17:09:04.209190Z,drivers,drivers_by_observed_driver_number,"{""driver_number"": 43, ""session_key"": 11343}",1,pass,,0.589
2026-08-22T17:09:04.812263Z,drivers,drivers_by_observed_driver_number,"{""driver_number"": 44, ""session_key"": 11343}",1,pass,,0.502
2026-08-22T17:09:05.416962Z,drivers,drivers_by_observed_driver_number,"{""driver_number"": 46, ""session_key"": 11343}",0,http_404,"{""detail"":""No results found.""}",0.504
2026-08-22T17:09:06.022320Z,drivers,drivers_by_observed_driver_number,"{""driver_number"": 50, ""session_key"": 11343}",0,http_404,"{""detail"":""No results found.""}",0.504
2026-08-22T17:09:06.615297Z,drivers,drivers_by_observed_driver_number,"{""driver_number"": 55, ""session_key"": 11343}",1,pass,,0.492
2026-08-22T17:09:07.219940Z,drivers,drivers_by_observed_driver_number,"{""driver_number"": 61, ""session_key"": 11343}",0,http_404,"{""detail"":""No results found.""}",0.503
2026-08-22T17:09:07.822542Z,drivers,drivers_by_observed_driver_number,"{""driver_number"": 63, ""session_key"": 11343}",1,pass,,0.501
2026-08-22T17:09:08.425832Z,drivers,drivers_by_observed_driver_number,"{""driver_number"": 67, ""session_key"": 11343}",0,http_404,"{""detail"":""No results found.""}",0.502
2026-08-22T17:09:09.028669Z,drivers,drivers_by_observed_driver_number,"{""driver_number"": 72, ""session_key"": 11343}",0,http_404,"{""detail"":""No results found.""}",0.502
2026-08-22T17:09:09.646984Z,drivers,drivers_by_observed_driver_number,"{""driver_number"": 77, ""session_key"": 11343}",1,pass,,0.517
2026-08-22T17:09:10.241187Z,drivers,drivers_by_observed_driver_number,"{""driver_number"": 81, ""session_key"": 11343}",1,pass,,0.493
2026-08-22T17:09:10.940553Z,drivers,drivers_by_observed_driver_number,"{""driver_number"": 87, ""session_key"": 11343}",1,pass,,0.598
2026-08-22T17:09:11.545383Z,drivers,drivers_by_observed_driver_number,"{""driver_number"": 90, ""session_key"": 11343}",0,http_404,"{""detail"":""No results found.""}",0.504
2026-08-22T17:09:12.155399Z,drivers,drivers_by_observed_driver_number,"{""driver_number"": 97, ""session_key"": 11343}",0,http_404,"{""detail"":""No results found.""}",0.509
2026-08-22T17:09:12.761863Z,drivers,drivers_by_observed_driver_number,"{""driver_number"": 241, ""session_key"": 11343}",0,http_404,"{""detail"":""No results found.""}",0.505
2026-08-22T17:09:13.369390Z,drivers,drivers_by_observed_driver_number,"{""driver_number"": 243, ""session_key"": 11343}",0,http_404,"{""detail"":""No results found.""}",0.506
2026-08-22T17:09:14.021408Z,drivers,drivers_by_observed_driver_number,"{""driver_number"": 247, ""session_key"": 11343}",0,http_404,"{""detail"":""No results found.""}",0.551
2026-08-22T17:09:14.627383Z,team_radio,team_radio_by_session_key_opportunistic,"{""session_key"": 11343}",8,pass,,0.502
2026-08-22T17:09:15.241815Z,weather,weather_by_session_key,"{""session_key"": 11344}",62,pass,,0.512
2026-08-22T17:09:15.855092Z,race_control,race_control_by_session_key,"{""session_key"": 11344}",62,pass,,0.511
2026-08-22T17:09:16.468717Z,intervals,intervals_by_session_key,"{""session_key"": 11344}",0,http_404,"{""detail"":""No results found.""}",0.512
2026-08-22T17:09:17.095289Z,position,position_by_session_key,"{""session_key"": 11344}",767,pass,,0.525
2026-08-22T17:09:17.703723Z,stints,stints_by_session_key,"{""session_key"": 11344}",57,pass,,0.507
2026-08-22T17:09:18.313982Z,pit,pit_by_session_key,"{""session_key"": 11344}",57,pass,,0.508
2026-08-22T17:09:18.917458Z,starting_grid,starting_grid_by_session_key,"{""session_key"": 11344}",0,http_429,"{""detail"":""Rate limit exceeded. Max 30 requests/minute."",""error"":""Too Many Requests""}",0.501
2026-08-22T17:09:19.521217Z,drivers,drivers_by_session_key,"{""session_key"": 11344}",0,http_429,"{""detail"":""Rate limit exceeded. Max 30 requests/minute."",""error"":""Too Many Requests""}",0.503
2026-08-22T17:09:20.146412Z,drivers,drivers_by_observed_driver_number,"{""driver_number"": 1, ""session_key"": 11344}",0,http_429,"{""detail"":""Rate limit exceeded. Max 30 requests/minute."",""error"":""Too Many Requests""}",0.488
2026-08-22T17:09:20.742905Z,drivers,drivers_by_observed_driver_number,"{""driver_number"": 3, ""session_key"": 11344}",0,http_429,"{""detail"":""Rate limit exceeded. Max 30 requests/minute."",""error"":""Too Many Requests""}",0.495
2026-08-22T17:09:21.343151Z,drivers,drivers_by_observed_driver_number,"{""driver_number"": 5, ""session_key"": 11344}",0,http_429,"{""detail"":""Rate limit exceeded. Max 30 requests/minute."",""error"":""Too Many Requests""}",0.499
2026-08-22T17:09:21.945662Z,drivers,drivers_by_observed_driver_number,"{""driver_number"": 6, ""session_key"": 11344}",0,http_429,"{""detail"":""Rate limit exceeded. Max 30 requests/minute."",""error"":""Too Many Requests""}",0.501
2026-08-22T17:09:22.546798Z,drivers,drivers_by_observed_driver_number,"{""driver_number"": 10, ""session_key"": 11344}",0,http_429,"{""detail"":""Rate limit exceeded. Max 30 requests/minute."",""error"":""Too Many Requests""}",0.5
2026-08-22T17:09:23.155940Z,drivers,drivers_by_observed_driver_number,"{""driver_number"": 11, ""session_key"": 11344}",0,http_429,"{""detail"":""Rate limit exceeded. Max 30 requests/minute."",""error"":""Too Many Requests""}",0.508
2026-08-22T17:09:23.747309Z,drivers,drivers_by_observed_driver_number,"{""driver_number"": 12, ""session_key"": 11344}",0,http_429,"{""detail"":""Rate limit exceeded. Max 30 requests/minute."",""error"":""Too Many Requests""}",0.49
2026-08-22T17:09:24.348283Z,drivers,drivers_by_observed_driver_number,"{""driver_number"": 14, ""session_key"": 11344}",0,http_429,"{""detail"":""Rate limit exceeded. Max 30 requests/minute."",""error"":""Too Many Requests""}",0.5
2026-08-22T17:09:24.950665Z,drivers,drivers_by_observed_driver_number,"{""driver_number"": 16, ""session_key"": 11344}",0,http_429,"{""detail"":""Rate limit exceeded. Max 30 requests/minute."",""error"":""Too Many Requests""}",0.501
2026-08-22T17:09:25.553440Z,drivers,drivers_by_observed_driver_number,"{""driver_number"": 18, ""session_key"": 11344}",0,http_429,"{""detail"":""Rate limit exceeded. Max 30 requests/minute."",""error"":""Too Many Requests""}",0.502
2026-08-22T17:09:26.156016Z,drivers,drivers_by_observed_driver_number,"{""driver_number"": 22, ""session_key"": 11344}",0,http_429,"{""detail"":""Rate limit exceeded. Max 30 requests/minute."",""error"":""Too Many Requests""}",0.501
2026-08-22T17:09:26.777460Z,drivers,drivers_by_observed_driver_number,"{""driver_number"": 23, ""session_key"": 11344}",0,http_429,"{""detail"":""Rate limit exceeded. Max 30 requests/minute."",""error"":""Too Many Requests""}",0.52
2026-08-22T17:09:27.372788Z,drivers,drivers_by_observed_driver_number,"{""driver_number"": 25, ""session_key"": 11344}",0,http_429,"{""detail"":""Rate limit exceeded. Max 30 requests/minute."",""error"":""Too Many Requests""}",0.494
2026-08-22T17:09:27.972690Z,drivers,drivers_by_observed_driver_number,"{""driver_number"": 27, ""session_key"": 11344}",0,http_429,"{""detail"":""Rate limit exceeded. Max 30 requests/minute."",""error"":""Too Many Requests""}",0.499
2026-08-22T17:09:28.583583Z,drivers,drivers_by_observed_driver_number,"{""driver_number"": 30, ""session_key"": 11344}",0,http_429,"{""detail"":""Rate limit exceeded. Max 30 requests/minute."",""error"":""Too Many Requests""}",0.51
2026-08-22T17:09:29.184069Z,drivers,drivers_by_observed_driver_number,"{""driver_number"": 31, ""session_key"": 11344}",0,http_429,"{""detail"":""Rate limit exceeded. Max 30 requests/minute."",""error"":""Too Many Requests""}",0.499
2026-08-22T17:09:29.792393Z,drivers,drivers_by_observed_driver_number,"{""driver_number"": 34, ""session_key"": 11344}",0,http_429,"{""detail"":""Rate limit exceeded. Max 30 requests/minute."",""error"":""Too Many Requests""}",0.507
2026-08-22T17:09:30.384018Z,drivers,drivers_by_observed_driver_number,"{""driver_number"": 38, ""session_key"": 11344}",0,http_429,"{""detail"":""Rate limit exceeded. Max 30 requests/minute."",""error"":""Too Many Requests""}",0.49
2026-08-22T17:09:30.984861Z,drivers,drivers_by_observed_driver_number,"{""driver_number"": 41, ""session_key"": 11344}",0,http_429,"{""detail"":""Rate limit exceeded. Max 30 requests/minute."",""error"":""Too Many Requests""}",0.5
2026-08-22T17:09:31.621311Z,drivers,drivers_by_observed_driver_number,"{""driver_number"": 43, ""session_key"": 11344}",0,http_429,"{""detail"":""Rate limit exceeded. Max 30 requests/minute."",""error"":""Too Many Requests""}",0.535
2026-08-22T17:09:32.224624Z,drivers,drivers_by_observed_driver_number,"{""driver_number"": 44, ""session_key"": 11344}",0,http_429,"{""detail"":""Rate limit exceeded. Max 30 requests/minute."",""error"":""Too Many Requests""}",0.502
2026-08-22T17:09:32.827266Z,drivers,drivers_by_observed_driver_number,"{""driver_number"": 46, ""session_key"": 11344}",0,http_429,"{""detail"":""Rate limit exceeded. Max 30 requests/minute."",""error"":""Too Many Requests""}",0.501
2026-08-22T17:09:33.416066Z,drivers,drivers_by_observed_driver_number,"{""driver_number"": 50, ""session_key"": 11344}",0,http_429,"{""detail"":""Rate limit exceeded. Max 30 requests/minute."",""error"":""Too Many Requests""}",0.488
2026-08-22T17:09:34.012140Z,drivers,drivers_by_observed_driver_number,"{""driver_number"": 55, ""session_key"": 11344}",0,http_429,"{""detail"":""Rate limit exceeded. Max 30 requests/minute."",""error"":""Too Many Requests""}",0.495
2026-08-22T17:09:34.613305Z,drivers,drivers_by_observed_driver_number,"{""driver_number"": 61, ""session_key"": 11344}",0,http_429,"{""detail"":""Rate limit exceeded. Max 30 requests/minute."",""error"":""Too Many Requests""}",0.5
2026-08-22T17:09:35.217443Z,drivers,drivers_by_observed_driver_number,"{""driver_number"": 63, ""session_key"": 11344}",0,http_429,"{""detail"":""Rate limit exceeded. Max 30 requests/minute."",""error"":""Too Many Requests""}",0.503
2026-08-22T17:09:35.820702Z,drivers,drivers_by_observed_driver_number,"{""driver_number"": 67, ""session_key"": 11344}",0,http_429,"{""detail"":""Rate limit exceeded. Max 30 requests/minute."",""error"":""Too Many Requests""}",0.502
2026-08-22T17:09:36.431051Z,drivers,drivers_by_observed_driver_number,"{""driver_number"": 72, ""session_key"": 11344}",0,http_429,"{""detail"":""Rate limit exceeded. Max 30 requests/minute."",""error"":""Too Many Requests""}",0.509
2026-08-22T17:09:37.033789Z,drivers,drivers_by_observed_driver_number,"{""driver_number"": 77, ""session_key"": 11344}",0,http_429,"{""detail"":""Rate limit exceeded. Max 30 requests/minute."",""error"":""Too Many Requests""}",0.501
2026-08-22T17:09:37.675139Z,drivers,drivers_by_observed_driver_number,"{""driver_number"": 81, ""session_key"": 11344}",0,http_429,"{""detail"":""Rate limit exceeded. Max 30 requests/minute."",""error"":""Too Many Requests""}",0.54
2026-08-22T17:09:38.280583Z,drivers,drivers_by_observed_driver_number,"{""driver_number"": 87, ""session_key"": 11344}",0,http_429,"{""detail"":""Rate limit exceeded. Max 30 requests/minute."",""error"":""Too Many Requests""}",0.504
2026-08-22T17:09:38.883636Z,drivers,drivers_by_observed_driver_number,"{""driver_number"": 90, ""session_key"": 11344}",0,http_429,"{""detail"":""Rate limit exceeded. Max 30 requests/minute."",""error"":""Too Many Requests""}",0.502
2026-08-22T17:09:39.487760Z,drivers,drivers_by_observed_driver_number,"{""driver_number"": 97, ""session_key"": 11344}",0,http_429,"{""detail"":""Rate limit exceeded. Max 30 requests/minute."",""error"":""Too Many Requests""}",0.503
2026-08-22T17:09:40.079243Z,drivers,drivers_by_observed_driver_number,"{""driver_number"": 241, ""session_key"": 11344}",0,http_429,"{""detail"":""Rate limit exceeded. Max 30 requests/minute."",""error"":""Too Many Requests""}",0.49
2026-08-22T17:09:40.677285Z,drivers,drivers_by_observed_driver_number,"{""driver_number"": 243, ""session_key"": 11344}",0,http_429,"{""detail"":""Rate limit exceeded. Max 30 requests/minute."",""error"":""Too Many Requests""}",0.497
2026-08-22T17:09:41.278580Z,drivers,drivers_by_observed_driver_number,"{""driver_number"": 247, ""session_key"": 11344}",0,http_429,"{""detail"":""Rate limit exceeded. Max 30 requests/minute."",""error"":""Too Many Requests""}",0.5
2026-08-22T17:09:41.881946Z,team_radio,team_radio_by_session_key_opportunistic,"{""session_key"": 11344}",0,http_429,"{""detail"":""Rate limit exceeded. Max 30 requests/minute."",""error"":""Too Many Requests""}",0.502
2026-08-22T17:09:42.484233Z,weather,weather_by_session_key,"{""session_key"": 11348}",0,http_429,"{""detail"":""Rate limit exceeded. Max 30 requests/minute."",""error"":""Too Many Requests""}",0.501
2026-08-22T17:09:43.097212Z,race_control,race_control_by_session_key,"{""session_key"": 11348}",0,http_429,"{""detail"":""Rate limit exceeded. Max 30 requests/minute."",""error"":""Too Many Requests""}",0.512
2026-08-22T17:09:43.698045Z,intervals,intervals_by_session_key,"{""session_key"": 11348}",0,http_429,"{""detail"":""Rate limit exceeded. Max 30 requests/minute."",""error"":""Too Many Requests""}",0.5
2026-08-22T17:09:44.313469Z,position,position_by_session_key,"{""session_key"": 11348}",0,http_429,"{""detail"":""Rate limit exceeded. Max 30 requests/minute."",""error"":""Too Many Requests""}",0.514
2026-08-22T17:09:44.916065Z,position,position_by_meeting_key_fallback,"{""meeting_key"": 1292}",0,http_429,"{""detail"":""Rate limit exceeded. Max 30 requests/minute."",""error"":""Too Many Requests""}",0.501
2026-08-22T17:09:45.521143Z,stints,stints_by_session_key,"{""session_key"": 11348}",0,http_429,"{""detail"":""Rate limit exceeded. Max 30 requests/minute."",""error"":""Too Many Requests""}",0.504
2026-08-22T17:09:46.128946Z,pit,pit_by_session_key,"{""session_key"": 11348}",0,http_429,"{""detail"":""Rate limit exceeded. Max 30 requests/minute."",""error"":""Too Many Requests""}",0.506
2026-08-22T17:09:46.718929Z,starting_grid,starting_grid_by_session_key,"{""session_key"": 11348}",0,http_429,"{""detail"":""Rate limit exceeded. Max 30 requests/minute."",""error"":""Too Many Requests""}",0.489
2026-08-22T17:09:47.333883Z,drivers,drivers_by_session_key,"{""session_key"": 11348}",0,http_429,"{""detail"":""Rate limit exceeded. Max 30 requests/minute."",""error"":""Too Many Requests""}",0.514
2026-08-22T17:09:47.969831Z,drivers,drivers_by_observed_driver_number,"{""driver_number"": 1, ""session_key"": 11348}",0,http_429,"{""detail"":""Rate limit exceeded. Max 30 requests/minute."",""error"":""Too Many Requests""}",0.5
2026-08-22T17:09:48.571753Z,drivers,drivers_by_observed_driver_number,"{""driver_number"": 3, ""session_key"": 11348}",0,http_429,"{""detail"":""Rate limit exceeded. Max 30 requests/minute."",""error"":""Too Many Requests""}",0.501
2026-08-22T17:09:49.174660Z,drivers,drivers_by_observed_driver_number,"{""driver_number"": 5, ""session_key"": 11348}",0,http_429,"{""detail"":""Rate limit exceeded. Max 30 requests/minute."",""error"":""Too Many Requests""}",0.502
2026-08-22T17:09:49.783668Z,drivers,drivers_by_observed_driver_number,"{""driver_number"": 6, ""session_key"": 11348}",0,http_429,"{""detail"":""Rate limit exceeded. Max 30 requests/minute."",""error"":""Too Many Requests""}",0.508
2026-08-22T17:09:50.384526Z,drivers,drivers_by_observed_driver_number,"{""driver_number"": 10, ""session_key"": 11348}",0,http_429,"{""detail"":""Rate limit exceeded. Max 30 requests/minute."",""error"":""Too Many Requests""}",0.5
2026-08-22T17:09:50.986244Z,drivers,drivers_by_observed_driver_number,"{""driver_number"": 11, ""session_key"": 11348}",0,http_429,"{""detail"":""Rate limit exceeded. Max 30 requests/minute."",""error"":""Too Many Requests""}",0.5
2026-08-22T17:09:51.590421Z,drivers,drivers_by_observed_driver_number,"{""driver_number"": 12, ""session_key"": 11348}",0,http_429,"{""detail"":""Rate limit exceeded. Max 30 requests/minute."",""error"":""Too Many Requests""}",0.503
2026-08-22T17:09:52.193623Z,drivers,drivers_by_observed_driver_number,"{""driver_number"": 14, ""session_key"": 11348}",0,http_429,"{""detail"":""Rate limit exceeded. Max 30 requests/minute."",""error"":""Too Many Requests""}",0.502
2026-08-22T17:09:52.797708Z,drivers,drivers_by_observed_driver_number,"{""driver_number"": 16, ""session_key"": 11348}",0,http_429,"{""detail"":""Rate limit exceeded. Max 30 requests/minute."",""error"":""Too Many Requests""}",0.503
2026-08-22T17:09:53.387972Z,drivers,drivers_by_observed_driver_number,"{""driver_number"": 18, ""session_key"": 11348}",0,http_429,"{""detail"":""Rate limit exceeded. Max 30 requests/minute."",""error"":""Too Many Requests""}",0.489
2026-08-22T17:09:53.984873Z,drivers,drivers_by_observed_driver_number,"{""driver_number"": 22, ""session_key"": 11348}",0,http_429,"{""detail"":""Rate limit exceeded. Max 30 requests/minute."",""error"":""Too Many Requests""}",0.496
2026-08-22T17:09:54.589437Z,drivers,drivers_by_observed_driver_number,"{""driver_number"": 23, ""session_key"": 11348}",0,http_429,"{""detail"":""Rate limit exceeded. Max 30 requests/minute."",""error"":""Too Many Requests""}",0.503
2026-08-22T17:09:55.190337Z,drivers,drivers_by_observed_driver_number,"{""driver_number"": 25, ""session_key"": 11348}",0,http_429,"{""detail"":""Rate limit exceeded. Max 30 requests/minute."",""error"":""Too Many Requests""}",0.5
2026-08-22T17:09:55.793864Z,drivers,drivers_by_observed_driver_number,"{""driver_number"": 27, ""session_key"": 11348}",0,http_429,"{""detail"":""Rate limit exceeded. Max 30 requests/minute."",""error"":""Too Many Requests""}",0.502
2026-08-22T17:09:56.404568Z,drivers,drivers_by_observed_driver_number,"{""driver_number"": 30, ""session_key"": 11348}",0,http_429,"{""detail"":""Rate limit exceeded. Max 30 requests/minute."",""error"":""Too Many Requests""}",0.51
2026-08-22T17:09:57.008085Z,drivers,drivers_by_observed_driver_number,"{""driver_number"": 31, ""session_key"": 11348}",0,http_429,"{""detail"":""Rate limit exceeded. Max 30 requests/minute."",""error"":""Too Many Requests""}",0.502
2026-08-22T17:09:57.610676Z,drivers,drivers_by_observed_driver_number,"{""driver_number"": 34, ""session_key"": 11348}",0,http_429,"{""detail"":""Rate limit exceeded. Max 30 requests/minute."",""error"":""Too Many Requests""}",0.501
2026-08-22T17:09:58.212113Z,drivers,drivers_by_observed_driver_number,"{""driver_number"": 38, ""session_key"": 11348}",0,http_429,"{""detail"":""Rate limit exceeded. Max 30 requests/minute."",""error"":""Too Many Requests""}",0.5
2026-08-22T17:09:58.815942Z,drivers,drivers_by_observed_driver_number,"{""driver_number"": 41, ""session_key"": 11348}",0,http_429,"{""detail"":""Rate limit exceeded. Max 30 requests/minute."",""error"":""Too Many Requests""}",0.503
2026-08-22T17:09:59.418965Z,drivers,drivers_by_observed_driver_number,"{""driver_number"": 43, ""session_key"": 11348}",0,http_429,"{""detail"":""Rate limit exceeded. Max 30 requests/minute."",""error"":""Too Many Requests""}",0.502
2026-08-22T17:10:00.009915Z,drivers,drivers_by_observed_driver_number,"{""driver_number"": 44, ""session_key"": 11348}",0,http_429,"{""detail"":""Rate limit exceeded. Max 30 requests/minute."",""error"":""Too Many Requests""}",0.49
2026-08-22T17:10:00.609721Z,drivers,drivers_by_observed_driver_number,"{""driver_number"": 46, ""session_key"": 11348}",0,http_404,"{""detail"":""No results found.""}",0.499
2026-08-22T17:10:01.212037Z,drivers,drivers_by_observed_driver_number,"{""driver_number"": 50, ""session_key"": 11348}",0,http_404,"{""detail"":""No results found.""}",0.501
2026-08-22T17:10:01.817015Z,drivers,drivers_by_observed_driver_number,"{""driver_number"": 55, ""session_key"": 11348}",2,pass,,0.504
2026-08-22T17:10:02.421526Z,drivers,drivers_by_observed_driver_number,"{""driver_number"": 61, ""session_key"": 11348}",0,http_404,"{""detail"":""No results found.""}",0.503
2026-08-22T17:10:03.036780Z,drivers,drivers_by_observed_driver_number,"{""driver_number"": 63, ""session_key"": 11348}",2,pass,,0.514
2026-08-22T17:10:03.639534Z,drivers,drivers_by_observed_driver_number,"{""driver_number"": 67, ""session_key"": 11348}",0,http_404,"{""detail"":""No results found.""}",0.502
2026-08-22T17:10:04.242660Z,drivers,drivers_by_observed_driver_number,"{""driver_number"": 72, ""session_key"": 11348}",0,http_404,"{""detail"":""No results found.""}",0.502
2026-08-22T17:10:04.846637Z,drivers,drivers_by_observed_driver_number,"{""driver_number"": 77, ""session_key"": 11348}",2,pass,,0.503
2026-08-22T17:10:05.451005Z,drivers,drivers_by_observed_driver_number,"{""driver_number"": 81, ""session_key"": 11348}",2,pass,,0.503
2026-08-22T17:10:06.055333Z,drivers,drivers_by_observed_driver_number,"{""driver_number"": 87, ""session_key"": 11348}",2,pass,,0.503
2026-08-22T17:10:06.654253Z,drivers,drivers_by_observed_driver_number,"{""driver_number"": 90, ""session_key"": 11348}",0,http_404,"{""detail"":""No results found.""}",0.498
2026-08-22T17:10:07.251660Z,drivers,drivers_by_observed_driver_number,"{""driver_number"": 97, ""session_key"": 11348}",0,http_404,"{""detail"":""No results found.""}",0.496
2026-08-22T17:10:07.856653Z,drivers,drivers_by_observed_driver_number,"{""driver_number"": 241, ""session_key"": 11348}",0,http_404,"{""detail"":""No results found.""}",0.504
2026-08-22T17:10:08.461650Z,drivers,drivers_by_observed_driver_number,"{""driver_number"": 243, ""session_key"": 11348}",0,http_404,"{""detail"":""No results found.""}",0.504
2026-08-22T17:10:09.068258Z,drivers,drivers_by_observed_driver_number,"{""driver_number"": 247, ""session_key"": 11348}",0,http_404,"{""detail"":""No results found.""}",0.505
2026-08-22T17:10:09.682582Z,team_radio,team_radio_by_session_key_opportunistic,"{""session_key"": 11348}",6,pass,,0.51
2026-08-22T17:10:10.288276Z,weather,weather_by_session_key,"{""session_key"": 11349}",77,pass,,0.504
2026-08-22T17:10:10.901891Z,race_control,race_control_by_session_key,"{""session_key"": 11349}",118,pass,,0.512
2026-08-22T17:10:11.505546Z,intervals,intervals_by_session_key,"{""session_key"": 11349}",0,http_404,"{""detail"":""No results found.""}",0.502
2026-08-22T17:10:12.159610Z,position,position_by_session_key,"{""session_key"": 11349}",1184,pass,,0.553
2026-08-22T17:10:12.773881Z,stints,stints_by_session_key,"{""session_key"": 11349}",109,pass,,0.512
2026-08-22T17:10:12.875785Z,pit,skip_non_race_like_session,"{""session_key"": 11349}",0,skipped_not_applicable,pit endpoint is only treated as required for race/sprint-like sessions,0.0
2026-08-22T17:10:13.367340Z,starting_grid,starting_grid_by_session_key,"{""session_key"": 11349}",0,http_404,"{""detail"":""No results found.""}",0.491
2026-08-22T17:10:13.969004Z,drivers,drivers_by_session_key,"{""session_key"": 11349}",22,pass,,0.5
2026-08-22T17:10:14.571821Z,team_radio,team_radio_by_session_key_opportunistic,"{""session_key"": 11349}",7,pass,,0.501
