meeting_key,session_key,driver_number,broadcast_name,full_name,name_acronym,team_name,team_colour,first_name,last_name,headshot_url,country_code,source_closure_retrieved_utc
1304,11465,1,L NORRIS,Lando NORRIS,NOR,McLaren,F47600,Lando,Norris,https://media.formula1.com/d_driver_fallback_image.png/content/dam/fom-website/drivers/L/LANNOR01_Lando_Norris/lannor01.png.transform/1col/image.png,,2026-07-03T10:16:54.960006Z
1304,11465,3,M VERSTAPPEN,Max VERSTAPPEN,VER,Red Bull Racing,4781D7,Max,Verstappen,https://media.formula1.com/d_driver_fallback_image.png/content/dam/fom-website/drivers/M/MAXVER01_Max_Verstappen/maxver01.png.transform/1col/image.png,,2026-07-03T10:16:54.960006Z
1304,11465,5,G BORTOLETO,Gabriel BORTOLETO,BOR,Audi,F50537,Gabriel,Bortoleto,https://media.formula1.com/d_driver_fallback_image.png/content/dam/fom-website/drivers/G/GABBOR01_Gabriel_Bortoleto/gabbor01.png.transform/1col/image.png,,2026-07-03T10:16:54.960006Z
1304,11465,6,I HADJAR,Isack HADJAR,HAD,Red Bull Racing,4781D7,Isack,Hadjar,https://media.formula1.com/d_driver_fallback_image.png/content/dam/fom-website/drivers/I/ISAHAD01_Isack_Hadjar/isahad01.png.transform/1col/image.png,,2026-07-03T10:16:54.960006Z
1304,11465,10,P GASLY,Pierre GASLY,GAS,Alpine,00A1E8,Pierre,Gasly,https://media.formula1.com/d_driver_fallback_image.png/content/dam/fom-website/drivers/P/PIEGAS01_Pierre_Gasly/piegas01.png.transform/1col/image.png,,2026-07-03T10:16:54.960006Z
1304,11465,11,S PEREZ,Sergio PEREZ,PER,Cadillac,909090,Sergio,Perez,https://media.formula1.com/d_driver_fallback_image.png/content/dam/fom-website/drivers/S/SERPER01_Sergio_Perez/serper01.png.transform/1col/image.png,,2026-07-03T10:16:54.960006Z
1304,11465,12,K ANTONELLI,Kimi ANTONELLI,ANT,Mercedes,00D7B6,Kimi,Antonelli,https://media.formula1.com/d_driver_fallback_image.png/content/dam/fom-website/drivers/K/ANDANT01_Kimi_Antonelli/andant01.png.transform/1col/image.png,,2026-07-03T10:16:54.960006Z
1304,11465,14,F ALONSO,Fernando ALONSO,ALO,Aston Martin,229971,Fernando,Alonso,https://media.formula1.com/d_driver_fallback_image.png/content/dam/fom-website/drivers/F/FERALO01_Fernando_Alonso/feralo01.png.transform/1col/image.png,,2026-07-03T10:16:54.960006Z
1304,11465,16,C LECLERC,Charles LECLERC,LEC,Ferrari,ED1131,Charles,Leclerc,https://media.formula1.com/d_driver_fallback_image.png/content/dam/fom-website/drivers/C/CHALEC01_Charles_Leclerc/chalec01.png.transform/1col/image.png,,2026-07-03T10:16:54.960006Z
1304,11465,18,L STROLL,Lance STROLL,STR,Aston Martin,229971,Lance,Stroll,https://media.formula1.com/d_driver_fallback_image.png/content/dam/fom-website/drivers/L/LANSTR01_Lance_Stroll/lanstr01.png.transform/1col/image.png,,2026-07-03T10:16:54.960006Z
1304,11465,23,A ALBON,Alexander ALBON,ALB,Williams,1868DB,Alexander,Albon,https://media.formula1.com/d_driver_fallback_image.png/content/dam/fom-website/drivers/A/ALEALB01_Alexander_Albon/alealb01.png.transform/1col/image.png,,2026-07-03T10:16:54.960006Z
1304,11465,27,N HULKENBERG,Nico HULKENBERG,HUL,Audi,F50537,Nico,Hulkenberg,https://media.formula1.com/d_driver_fallback_image.png/content/dam/fom-website/drivers/N/NICHUL01_Nico_Hulkenberg/nichul01.png.transform/1col/image.png,,2026-07-03T10:16:54.960006Z
1304,11465,30,L LAWSON,Liam LAWSON,LAW,Racing Bulls,6C98FF,Liam,Lawson,,,2026-07-03T10:16:54.960006Z
1304,11465,31,E OCON,Esteban OCON,OCO,Haas F1 Team,9C9FA2,Esteban,Ocon,https://media.formula1.com/d_driver_fallback_image.png/content/dam/fom-website/drivers/E/ESTOCO01_Esteban_Ocon/estoco01.png.transform/1col/image.png,,2026-07-03T10:16:54.960006Z
1304,11465,41,A LINDBLAD,Arvid LINDBLAD,LIN,Racing Bulls,6C98FF,Arvid,Lindblad,,,2026-07-03T10:16:54.960006Z
1304,11465,43,F COLAPINTO,Franco COLAPINTO,COL,Alpine,00A1E8,Franco,Colapinto,https://media.formula1.com/d_driver_fallback_image.png/content/dam/fom-website/drivers/F/FRACOL01_Franco_Colapinto/fracol01.png.transform/1col/image.png,,2026-07-03T10:16:54.960006Z
1304,11465,44,L HAMILTON,Lewis HAMILTON,HAM,Ferrari,ED1131,Lewis,Hamilton,https://media.formula1.com/d_driver_fallback_image.png/content/dam/fom-website/drivers/L/LEWHAM01_Lewis_Hamilton/lewham01.png.transform/1col/image.png,,2026-07-03T10:16:54.960006Z
1304,11465,55,C SAINZ,Carlos SAINZ,SAI,Williams,1868DB,Carlos,Sainz,https://media.formula1.com/d_driver_fallback_image.png/content/dam/fom-website/drivers/C/CARSAI01_Carlos_Sainz/carsai01.png.transform/1col/image.png,,2026-07-03T10:16:54.960006Z
1304,11465,63,G RUSSELL,George RUSSELL,RUS,Mercedes,00D7B6,George,Russell,https://media.formula1.com/d_driver_fallback_image.png/content/dam/fom-website/drivers/G/GEORUS01_George_Russell/georus01.png.transform/1col/image.png,,2026-07-03T10:16:54.960006Z
1304,11465,77,V BOTTAS,Valtteri BOTTAS,BOT,Cadillac,909090,Valtteri,Bottas,https://media.formula1.com/d_driver_fallback_image.png/content/dam/fom-website/drivers/V/VALBOT01_Valtteri_Bottas/valbot01.png.transform/1col/image.png,,2026-07-03T10:16:54.960006Z
1304,11465,81,O PIASTRI,Oscar PIASTRI,PIA,McLaren,F47600,Oscar,Piastri,https://media.formula1.com/d_driver_fallback_image.png/content/dam/fom-website/drivers/O/OSCPIA01_Oscar_Piastri/oscpia01.png.transform/1col/image.png,,2026-07-03T10:16:54.960006Z
1304,11465,87,O BEARMAN,Oliver BEARMAN,BEA,Haas F1 Team,9C9FA2,Oliver,Bearman,https://media.formula1.com/d_driver_fallback_image.png/content/dam/fom-website/drivers/O/OLIBEA01_Oliver_Bearman/olibea01.png.transform/1col/image.png,,2026-07-03T10:16:54.960006Z
1304,11466,23,A ALBON,Alexander ALBON,ALB,Williams,1868DB,Alexander,Albon,https://media.formula1.com/d_driver_fallback_image.png/content/dam/fom-website/drivers/A/ALEALB01_Alexander_Albon/alealb01.png.transform/1col/image.png,,2026-07-03T10:16:59.739858Z
1304,11466,55,C SAINZ,Carlos SAINZ,SAI,Williams,1868DB,Carlos,Sainz,https://media.formula1.com/d_driver_fallback_image.png/content/dam/fom-website/drivers/C/CARSAI01_Carlos_Sainz/carsai01.png.transform/1col/image.png,,2026-07-03T10:16:59.739858Z
1304,11466,14,F ALONSO,Fernando ALONSO,ALO,Aston Martin,229971,Fernando,Alonso,https://media.formula1.com/d_driver_fallback_image.png/content/dam/fom-website/drivers/F/FERALO01_Fernando_Alonso/feralo01.png.transform/1col/image.png,,2026-07-03T10:16:59.739858Z
1304,11466,18,L STROLL,Lance STROLL,STR,Aston Martin,229971,Lance,Stroll,https://media.formula1.com/d_driver_fallback_image.png/content/dam/fom-website/drivers/L/LANSTR01_Lance_Stroll/lanstr01.png.transform/1col/image.png,,2026-07-03T10:16:59.739858Z
1304,11466,16,C LECLERC,Charles LECLERC,LEC,Ferrari,ED1131,Charles,Leclerc,https://media.formula1.com/d_driver_fallback_image.png/content/dam/fom-website/drivers/C/CHALEC01_Charles_Leclerc/chalec01.png.transform/1col/image.png,,2026-07-03T10:16:59.739858Z
1304,11466,44,L HAMILTON,Lewis HAMILTON,HAM,Ferrari,ED1131,Lewis,Hamilton,https://media.formula1.com/d_driver_fallback_image.png/content/dam/fom-website/drivers/L/LEWHAM01_Lewis_Hamilton/lewham01.png.transform/1col/image.png,,2026-07-03T10:16:59.739858Z
1304,11466,12,K ANTONELLI,Kimi ANTONELLI,ANT,Mercedes,00D7B6,Kimi,Antonelli,https://media.formula1.com/d_driver_fallback_image.png/content/dam/fom-website/drivers/K/ANDANT01_Kimi_Antonelli/andant01.png.transform/1col/image.png,,2026-07-03T10:16:59.739858Z
1304,11466,63,G RUSSELL,George RUSSELL,RUS,Mercedes,00D7B6,George,Russell,https://media.formula1.com/d_driver_fallback_image.png/content/dam/fom-website/drivers/G/GEORUS01_George_Russell/georus01.png.transform/1col/image.png,,2026-07-03T10:16:59.739858Z
1304,11466,1,L NORRIS,Lando NORRIS,NOR,McLaren,F47600,Lando,Norris,https://media.formula1.com/d_driver_fallback_image.png/content/dam/fom-website/drivers/L/LANNOR01_Lando_Norris/lannor01.png.transform/1col/image.png,,2026-07-03T10:16:59.739858Z
1304,11466,81,O PIASTRI,Oscar PIASTRI,PIA,McLaren,F47600,Oscar,Piastri,https://media.formula1.com/d_driver_fallback_image.png/content/dam/fom-website/drivers/O/OSCPIA01_Oscar_Piastri/oscpia01.png.transform/1col/image.png,,2026-07-03T10:16:59.739858Z
1304,11466,5,G BORTOLETO,Gabriel BORTOLETO,BOR,Audi,F50537,Gabriel,Bortoleto,https://media.formula1.com/d_driver_fallback_image.png/content/dam/fom-website/drivers/G/GABBOR01_Gabriel_Bortoleto/gabbor01.png.transform/1col/image.png,,2026-07-03T10:16:59.739858Z
1304,11466,27,N HULKENBERG,Nico HULKENBERG,HUL,Audi,F50537,Nico,Hulkenberg,https://media.formula1.com/d_driver_fallback_image.png/content/dam/fom-website/drivers/N/NICHUL01_Nico_Hulkenberg/nichul01.png.transform/1col/image.png,,2026-07-03T10:16:59.739858Z
1304,11466,11,S PEREZ,Sergio PEREZ,PER,Cadillac,909090,Sergio,Perez,https://media.formula1.com/d_driver_fallback_image.png/content/dam/fom-website/drivers/S/SERPER01_Sergio_Perez/serper01.png.transform/1col/image.png,,2026-07-03T10:16:59.739858Z
1304,11466,77,V BOTTAS,Valtteri BOTTAS,BOT,Cadillac,909090,Valtteri,Bottas,https://media.formula1.com/d_driver_fallback_image.png/content/dam/fom-website/drivers/V/VALBOT01_Valtteri_Bottas/valbot01.png.transform/1col/image.png,,2026-07-03T10:16:59.739858Z
1304,11466,10,P GASLY,Pierre GASLY,GAS,Alpine,00A1E8,Pierre,Gasly,https://media.formula1.com/d_driver_fallback_image.png/content/dam/fom-website/drivers/P/PIEGAS01_Pierre_Gasly/piegas01.png.transform/1col/image.png,,2026-07-03T10:16:59.739858Z
1304,11466,43,F COLAPINTO,Franco COLAPINTO,COL,Alpine,00A1E8,Franco,Colapinto,https://media.formula1.com/d_driver_fallback_image.png/content/dam/fom-website/drivers/F/FRACOL01_Franco_Colapinto/fracol01.png.transform/1col/image.png,,2026-07-03T10:16:59.739858Z
1304,11466,31,E OCON,Esteban OCON,OCO,Haas F1 Team,9C9FA2,Esteban,Ocon,https://media.formula1.com/d_driver_fallback_image.png/content/dam/fom-website/drivers/E/ESTOCO01_Esteban_Ocon/estoco01.png.transform/1col/image.png,,2026-07-03T10:16:59.739858Z
1304,11466,87,O BEARMAN,Oliver BEARMAN,BEA,Haas F1 Team,9C9FA2,Oliver,Bearman,https://media.formula1.com/d_driver_fallback_image.png/content/dam/fom-website/drivers/O/OLIBEA01_Oliver_Bearman/olibea01.png.transform/1col/image.png,,2026-07-03T10:16:59.739858Z
1304,11466,3,M VERSTAPPEN,Max VERSTAPPEN,VER,Red Bull Racing,4781D7,Max,Verstappen,https://media.formula1.com/d_driver_fallback_image.png/content/dam/fom-website/drivers/M/MAXVER01_Max_Verstappen/maxver01.png.transform/1col/image.png,,2026-07-03T10:16:59.739858Z
1304,11466,6,I HADJAR,Isack HADJAR,HAD,Red Bull Racing,4781D7,Isack,Hadjar,https://media.formula1.com/d_driver_fallback_image.png/content/dam/fom-website/drivers/I/ISAHAD01_Isack_Hadjar/isahad01.png.transform/1col/image.png,,2026-07-03T10:16:59.739858Z
1304,11466,30,L LAWSON,Liam LAWSON,LAW,Racing Bulls,6C98FF,Liam,Lawson,https://media.formula1.com/d_driver_fallback_image.png/content/dam/fom-website/drivers/L/LIALAW01_Liam_Lawson/lialaw01.png.transform/1col/image.png,,2026-07-03T10:16:59.739858Z
1304,11466,41,A LINDBLAD,Arvid LINDBLAD,LIN,Racing Bulls,6C98FF,Arvid,Lindblad,https://media.formula1.com/d_driver_fallback_image.png/content/dam/fom-website/drivers/A/ARVLIN01_Arvid_Lindblad/arvlin01.png.transform/1col/image.png,,2026-07-03T10:16:59.739858Z
1304,11467,1,L NORRIS,Lando NORRIS,NOR,McLaren,F47600,Lando,Norris,https://media.formula1.com/d_driver_fallback_image.png/content/dam/fom-website/drivers/L/LANNOR01_Lando_Norris/lannor01.png.transform/1col/image.png,,2026-07-03T10:17:04.381753Z
1304,11467,3,M VERSTAPPEN,Max VERSTAPPEN,VER,Red Bull Racing,4781D7,Max,Verstappen,https://media.formula1.com/d_driver_fallback_image.png/content/dam/fom-website/drivers/M/MAXVER01_Max_Verstappen/maxver01.png.transform/1col/image.png,,2026-07-03T10:17:04.381753Z
1304,11467,5,G BORTOLETO,Gabriel BORTOLETO,BOR,Audi,F50537,Gabriel,Bortoleto,https://media.formula1.com/d_driver_fallback_image.png/content/dam/fom-website/drivers/G/GABBOR01_Gabriel_Bortoleto/gabbor01.png.transform/1col/image.png,,2026-07-03T10:17:04.381753Z
1304,11467,6,I HADJAR,Isack HADJAR,HAD,Red Bull Racing,4781D7,Isack,Hadjar,https://media.formula1.com/d_driver_fallback_image.png/content/dam/fom-website/drivers/I/ISAHAD01_Isack_Hadjar/isahad01.png.transform/1col/image.png,,2026-07-03T10:17:04.381753Z
1304,11467,10,P GASLY,Pierre GASLY,GAS,Alpine,00A1E8,Pierre,Gasly,https://media.formula1.com/d_driver_fallback_image.png/content/dam/fom-website/drivers/P/PIEGAS01_Pierre_Gasly/piegas01.png.transform/1col/image.png,,2026-07-03T10:17:04.381753Z
1304,11467,11,S PEREZ,Sergio PEREZ,PER,Cadillac,909090,Sergio,Perez,https://media.formula1.com/d_driver_fallback_image.png/content/dam/fom-website/drivers/S/SERPER01_Sergio_Perez/serper01.png.transform/1col/image.png,,2026-07-03T10:17:04.381753Z
1304,11467,12,K ANTONELLI,Kimi ANTONELLI,ANT,Mercedes,00D7B6,Kimi,Antonelli,https://media.formula1.com/d_driver_fallback_image.png/content/dam/fom-website/drivers/K/ANDANT01_Kimi_Antonelli/andant01.png.transform/1col/image.png,,2026-07-03T10:17:04.381753Z
1304,11467,14,F ALONSO,Fernando ALONSO,ALO,Aston Martin,229971,Fernando,Alonso,https://media.formula1.com/d_driver_fallback_image.png/content/dam/fom-website/drivers/F/FERALO01_Fernando_Alonso/feralo01.png.transform/1col/image.png,,2026-07-03T10:17:04.381753Z
1304,11467,16,C LECLERC,Charles LECLERC,LEC,Ferrari,ED1131,Charles,Leclerc,https://media.formula1.com/d_driver_fallback_image.png/content/dam/fom-website/drivers/C/CHALEC01_Charles_Leclerc/chalec01.png.transform/1col/image.png,,2026-07-03T10:17:04.381753Z
1304,11467,18,L STROLL,Lance STROLL,STR,Aston Martin,229971,Lance,Stroll,https://media.formula1.com/d_driver_fallback_image.png/content/dam/fom-website/drivers/L/LANSTR01_Lance_Stroll/lanstr01.png.transform/1col/image.png,,2026-07-03T10:17:04.381753Z
1304,11467,23,A ALBON,Alexander ALBON,ALB,Williams,1868DB,Alexander,Albon,https://media.formula1.com/d_driver_fallback_image.png/content/dam/fom-website/drivers/A/ALEALB01_Alexander_Albon/alealb01.png.transform/1col/image.png,,2026-07-03T10:17:04.381753Z
1304,11467,27,N HULKENBERG,Nico HULKENBERG,HUL,Audi,F50537,Nico,Hulkenberg,https://media.formula1.com/d_driver_fallback_image.png/content/dam/fom-website/drivers/N/NICHUL01_Nico_Hulkenberg/nichul01.png.transform/1col/image.png,,2026-07-03T10:17:04.381753Z
1304,11467,30,L LAWSON,Liam LAWSON,LAW,Racing Bulls,6C98FF,Liam,Lawson,https://media.formula1.com/d_driver_fallback_image.png/content/dam/fom-website/drivers/L/LIALAW01_Liam_Lawson/lialaw01.png.transform/1col/image.png,,2026-07-03T10:17:04.381753Z
1304,11467,31,E OCON,Esteban OCON,OCO,Haas F1 Team,9C9FA2,Esteban,Ocon,https://media.formula1.com/d_driver_fallback_image.png/content/dam/fom-website/drivers/E/ESTOCO01_Esteban_Ocon/estoco01.png.transform/1col/image.png,,2026-07-03T10:17:04.381753Z
1304,11467,41,A LINDBLAD,Arvid LINDBLAD,LIN,Racing Bulls,6C98FF,Arvid,Lindblad,https://media.formula1.com/d_driver_fallback_image.png/content/dam/fom-website/drivers/A/ARVLIN01_Arvid_Lindblad/arvlin01.png.transform/1col/image.png,,2026-07-03T10:17:04.381753Z
1304,11467,43,F COLAPINTO,Franco COLAPINTO,COL,Alpine,00A1E8,Franco,Colapinto,https://media.formula1.com/d_driver_fallback_image.png/content/dam/fom-website/drivers/F/FRACOL01_Franco_Colapinto/fracol01.png.transform/1col/image.png,,2026-07-03T10:17:04.381753Z
1304,11467,44,L HAMILTON,Lewis HAMILTON,HAM,Ferrari,ED1131,Lewis,Hamilton,https://media.formula1.com/d_driver_fallback_image.png/content/dam/fom-website/drivers/L/LEWHAM01_Lewis_Hamilton/lewham01.png.transform/1col/image.png,,2026-07-03T10:17:04.381753Z
1304,11467,55,C SAINZ,Carlos SAINZ,SAI,Williams,1868DB,Carlos,Sainz,https://media.formula1.com/d_driver_fallback_image.png/content/dam/fom-website/drivers/C/CARSAI01_Carlos_Sainz/carsai01.png.transform/1col/image.png,,2026-07-03T10:17:04.381753Z
1304,11467,63,G RUSSELL,George RUSSELL,RUS,Mercedes,00D7B6,George,Russell,https://media.formula1.com/d_driver_fallback_image.png/content/dam/fom-website/drivers/G/GEORUS01_George_Russell/georus01.png.transform/1col/image.png,,2026-07-03T10:17:04.381753Z
1304,11467,77,V BOTTAS,Valtteri BOTTAS,BOT,Cadillac,909090,Valtteri,Bottas,https://media.formula1.com/d_driver_fallback_image.png/content/dam/fom-website/drivers/V/VALBOT01_Valtteri_Bottas/valbot01.png.transform/1col/image.png,,2026-07-03T10:17:04.381753Z
1304,11467,81,O PIASTRI,Oscar PIASTRI,PIA,McLaren,F47600,Oscar,Piastri,https://media.formula1.com/d_driver_fallback_image.png/content/dam/fom-website/drivers/O/OSCPIA01_Oscar_Piastri/oscpia01.png.transform/1col/image.png,,2026-07-03T10:17:04.381753Z
1304,11467,87,O BEARMAN,Oliver BEARMAN,BEA,Haas F1 Team,9C9FA2,Oliver,Bearman,https://media.formula1.com/d_driver_fallback_image.png/content/dam/fom-website/drivers/O/OLIBEA01_Oliver_Bearman/olibea01.png.transform/1col/image.png,,2026-07-03T10:17:04.381753Z
1305,11470,1,L NORRIS,Lando NORRIS,NOR,McLaren,F47600,Lando,Norris,https://media.formula1.com/d_driver_fallback_image.png/content/dam/fom-website/drivers/L/LANNOR01_Lando_Norris/lannor01.png.transform/1col/image.png,,2026-07-03T10:17:09.175033Z
1305,11470,3,M VERSTAPPEN,Max VERSTAPPEN,VER,Red Bull Racing,4781D7,Max,Verstappen,https://media.formula1.com/d_driver_fallback_image.png/content/dam/fom-website/drivers/M/MAXVER01_Max_Verstappen/maxver01.png.transform/1col/image.png,,2026-07-03T10:17:09.175033Z
1305,11470,5,G BORTOLETO,Gabriel BORTOLETO,BOR,Audi,F50537,Gabriel,Bortoleto,https://media.formula1.com/d_driver_fallback_image.png/content/dam/fom-website/drivers/G/GABBOR01_Gabriel_Bortoleto/gabbor01.png.transform/1col/image.png,,2026-07-03T10:17:09.175033Z
1305,11470,6,I HADJAR,Isack HADJAR,HAD,Red Bull Racing,4781D7,Isack,Hadjar,https://media.formula1.com/d_driver_fallback_image.png/content/dam/fom-website/drivers/I/ISAHAD01_Isack_Hadjar/isahad01.png.transform/1col/image.png,,2026-07-03T10:17:09.175033Z
1305,11470,10,P GASLY,Pierre GASLY,GAS,Alpine,00A1E8,Pierre,Gasly,https://media.formula1.com/d_driver_fallback_image.png/content/dam/fom-website/drivers/P/PIEGAS01_Pierre_Gasly/piegas01.png.transform/1col/image.png,,2026-07-03T10:17:09.175033Z
1305,11470,11,S PEREZ,Sergio PEREZ,PER,Cadillac,909090,Sergio,Perez,https://media.formula1.com/d_driver_fallback_image.png/content/dam/fom-website/drivers/S/SERPER01_Sergio_Perez/serper01.png.transform/1col/image.png,,2026-07-03T10:17:09.175033Z
1305,11470,12,K ANTONELLI,Kimi ANTONELLI,ANT,Mercedes,00D7B6,Kimi,Antonelli,https://media.formula1.com/d_driver_fallback_image.png/content/dam/fom-website/drivers/K/ANDANT01_Kimi_Antonelli/andant01.png.transform/1col/image.png,,2026-07-03T10:17:09.175033Z
1305,11470,14,F ALONSO,Fernando ALONSO,ALO,Aston Martin,229971,Fernando,Alonso,https://media.formula1.com/d_driver_fallback_image.png/content/dam/fom-website/drivers/F/FERALO01_Fernando_Alonso/feralo01.png.transform/1col/image.png,,2026-07-03T10:17:09.175033Z
1305,11470,16,C LECLERC,Charles LECLERC,LEC,Ferrari,ED1131,Charles,Leclerc,https://media.formula1.com/d_driver_fallback_image.png/content/dam/fom-website/drivers/C/CHALEC01_Charles_Leclerc/chalec01.png.transform/1col/image.png,,2026-07-03T10:17:09.175033Z
1305,11470,18,L STROLL,Lance STROLL,STR,Aston Martin,229971,Lance,Stroll,https://media.formula1.com/d_driver_fallback_image.png/content/dam/fom-website/drivers/L/LANSTR01_Lance_Stroll/lanstr01.png.transform/1col/image.png,,2026-07-03T10:17:09.175033Z
1305,11470,23,A ALBON,Alexander ALBON,ALB,Williams,1868DB,Alexander,Albon,https://media.formula1.com/d_driver_fallback_image.png/content/dam/fom-website/drivers/A/ALEALB01_Alexander_Albon/alealb01.png.transform/1col/image.png,,2026-07-03T10:17:09.175033Z
1305,11470,27,N HULKENBERG,Nico HULKENBERG,HUL,Audi,F50537,Nico,Hulkenberg,https://media.formula1.com/d_driver_fallback_image.png/content/dam/fom-website/drivers/N/NICHUL01_Nico_Hulkenberg/nichul01.png.transform/1col/image.png,,2026-07-03T10:17:09.175033Z
1305,11470,30,L LAWSON,Liam LAWSON,LAW,Racing Bulls,6C98FF,Liam,Lawson,https://media.formula1.com/d_driver_fallback_image.png/content/dam/fom-website/drivers/L/LIALAW01_Liam_Lawson/lialaw01.png.transform/1col/image.png,,2026-07-03T10:17:09.175033Z
1305,11470,31,E OCON,Esteban OCON,OCO,Haas F1 Team,9C9FA2,Esteban,Ocon,https://media.formula1.com/d_driver_fallback_image.png/content/dam/fom-website/drivers/E/ESTOCO01_Esteban_Ocon/estoco01.png.transform/1col/image.png,,2026-07-03T10:17:09.175033Z
1305,11470,41,A LINDBLAD,Arvid LINDBLAD,LIN,Racing Bulls,6C98FF,Arvid,Lindblad,https://media.formula1.com/d_driver_fallback_image.png/content/dam/fom-website/drivers/A/ARVLIN01_Arvid_Lindblad/arvlin01.png.transform/1col/image.png,,2026-07-03T10:17:09.175033Z
1305,11470,43,F COLAPINTO,Franco COLAPINTO,COL,Alpine,00A1E8,Franco,Colapinto,https://media.formula1.com/d_driver_fallback_image.png/content/dam/fom-website/drivers/F/FRACOL01_Franco_Colapinto/fracol01.png.transform/1col/image.png,,2026-07-03T10:17:09.175033Z
1305,11470,44,L HAMILTON,Lewis HAMILTON,HAM,Ferrari,ED1131,Lewis,Hamilton,https://media.formula1.com/d_driver_fallback_image.png/content/dam/fom-website/drivers/L/LEWHAM01_Lewis_Hamilton/lewham01.png.transform/1col/image.png,,2026-07-03T10:17:09.175033Z
1305,11470,55,C SAINZ,Carlos SAINZ,SAI,Williams,1868DB,Carlos,Sainz,https://media.formula1.com/d_driver_fallback_image.png/content/dam/fom-website/drivers/C/CARSAI01_Carlos_Sainz/carsai01.png.transform/1col/image.png,,2026-07-03T10:17:09.175033Z
1305,11470,63,G RUSSELL,George RUSSELL,RUS,Mercedes,00D7B6,George,Russell,https://media.formula1.com/d_driver_fallback_image.png/content/dam/fom-website/drivers/G/GEORUS01_George_Russell/georus01.png.transform/1col/image.png,,2026-07-03T10:17:09.175033Z
1305,11470,77,V BOTTAS,Valtteri BOTTAS,BOT,Cadillac,909090,Valtteri,Bottas,https://media.formula1.com/d_driver_fallback_image.png/content/dam/fom-website/drivers/V/VALBOT01_Valtteri_Bottas/valbot01.png.transform/1col/image.png,,2026-07-03T10:17:09.175033Z
1305,11470,81,O PIASTRI,Oscar PIASTRI,PIA,McLaren,F47600,Oscar,Piastri,https://media.formula1.com/d_driver_fallback_image.png/content/dam/fom-website/drivers/O/OSCPIA01_Oscar_Piastri/oscpia01.png.transform/1col/image.png,,2026-07-03T10:17:09.175033Z
1305,11470,87,O BEARMAN,Oliver BEARMAN,BEA,Haas F1 Team,9C9FA2,Oliver,Bearman,https://media.formula1.com/d_driver_fallback_image.png/content/dam/fom-website/drivers/O/OLIBEA01_Oliver_Bearman/olibea01.png.transform/1col/image.png,,2026-07-03T10:17:09.175033Z
1305,11469,1,L NORRIS,Lando NORRIS,NOR,McLaren,F47600,Lando,Norris,https://media.formula1.com/d_driver_fallback_image.png/content/dam/fom-website/drivers/L/LANNOR01_Lando_Norris/lannor01.png.transform/1col/image.png,,2026-07-03T10:17:13.774474Z
1305,11469,3,M VERSTAPPEN,Max VERSTAPPEN,VER,Red Bull Racing,4781D7,Max,Verstappen,https://media.formula1.com/d_driver_fallback_image.png/content/dam/fom-website/drivers/M/MAXVER01_Max_Verstappen/maxver01.png.transform/1col/image.png,,2026-07-03T10:17:13.774474Z
1305,11469,5,G BORTOLETO,Gabriel BORTOLETO,BOR,Audi,F50537,Gabriel,Bortoleto,https://media.formula1.com/d_driver_fallback_image.png/content/dam/fom-website/drivers/G/GABBOR01_Gabriel_Bortoleto/gabbor01.png.transform/1col/image.png,,2026-07-03T10:17:13.774474Z
1305,11469,6,I HADJAR,Isack HADJAR,HAD,Red Bull Racing,4781D7,Isack,Hadjar,https://media.formula1.com/d_driver_fallback_image.png/content/dam/fom-website/drivers/I/ISAHAD01_Isack_Hadjar/isahad01.png.transform/1col/image.png,,2026-07-03T10:17:13.774474Z
1305,11469,10,P GASLY,Pierre GASLY,GAS,Alpine,00A1E8,Pierre,Gasly,https://media.formula1.com/d_driver_fallback_image.png/content/dam/fom-website/drivers/P/PIEGAS01_Pierre_Gasly/piegas01.png.transform/1col/image.png,,2026-07-03T10:17:13.774474Z
1305,11469,11,S PEREZ,Sergio PEREZ,PER,Cadillac,909090,Sergio,Perez,https://media.formula1.com/d_driver_fallback_image.png/content/dam/fom-website/drivers/S/SERPER01_Sergio_Perez/serper01.png.transform/1col/image.png,,2026-07-03T10:17:13.774474Z
1305,11469,12,K ANTONELLI,Kimi ANTONELLI,ANT,Mercedes,00D7B6,Kimi,Antonelli,https://media.formula1.com/d_driver_fallback_image.png/content/dam/fom-website/drivers/K/ANDANT01_Kimi_Antonelli/andant01.png.transform/1col/image.png,,2026-07-03T10:17:13.774474Z
1305,11469,14,F ALONSO,Fernando ALONSO,ALO,Aston Martin,229971,Fernando,Alonso,https://media.formula1.com/d_driver_fallback_image.png/content/dam/fom-website/drivers/F/FERALO01_Fernando_Alonso/feralo01.png.transform/1col/image.png,,2026-07-03T10:17:13.774474Z
1305,11469,16,C LECLERC,Charles LECLERC,LEC,Ferrari,ED1131,Charles,Leclerc,https://media.formula1.com/d_driver_fallback_image.png/content/dam/fom-website/drivers/C/CHALEC01_Charles_Leclerc/chalec01.png.transform/1col/image.png,,2026-07-03T10:17:13.774474Z
1305,11469,18,L STROLL,Lance STROLL,STR,Aston Martin,229971,Lance,Stroll,https://media.formula1.com/d_driver_fallback_image.png/content/dam/fom-website/drivers/L/LANSTR01_Lance_Stroll/lanstr01.png.transform/1col/image.png,,2026-07-03T10:17:13.774474Z
1305,11469,23,A ALBON,Alexander ALBON,ALB,Williams,1868DB,Alexander,Albon,https://media.formula1.com/d_driver_fallback_image.png/content/dam/fom-website/drivers/A/ALEALB01_Alexander_Albon/alealb01.png.transform/1col/image.png,,2026-07-03T10:17:13.774474Z
1305,11469,27,N HULKENBERG,Nico HULKENBERG,HUL,Audi,F50537,Nico,Hulkenberg,https://media.formula1.com/d_driver_fallback_image.png/content/dam/fom-website/drivers/N/NICHUL01_Nico_Hulkenberg/nichul01.png.transform/1col/image.png,,2026-07-03T10:17:13.774474Z
1305,11469,30,L LAWSON,Liam LAWSON,LAW,Racing Bulls,6C98FF,Liam,Lawson,https://media.formula1.com/d_driver_fallback_image.png/content/dam/fom-website/drivers/L/LIALAW01_Liam_Lawson/lialaw01.png.transform/1col/image.png,,2026-07-03T10:17:13.774474Z
1305,11469,31,E OCON,Esteban OCON,OCO,Haas F1 Team,9C9FA2,Esteban,Ocon,https://media.formula1.com/d_driver_fallback_image.png/content/dam/fom-website/drivers/E/ESTOCO01_Esteban_Ocon/estoco01.png.transform/1col/image.png,,2026-07-03T10:17:13.774474Z
1305,11469,41,A LINDBLAD,Arvid LINDBLAD,LIN,Racing Bulls,6C98FF,Arvid,Lindblad,https://media.formula1.com/d_driver_fallback_image.png/content/dam/fom-website/drivers/A/ARVLIN01_Arvid_Lindblad/arvlin01.png.transform/1col/image.png,,2026-07-03T10:17:13.774474Z
1305,11469,43,F COLAPINTO,Franco COLAPINTO,COL,Alpine,00A1E8,Franco,Colapinto,https://media.formula1.com/d_driver_fallback_image.png/content/dam/fom-website/drivers/F/FRACOL01_Franco_Colapinto/fracol01.png.transform/1col/image.png,,2026-07-03T10:17:13.774474Z
1305,11469,44,L HAMILTON,Lewis HAMILTON,HAM,Ferrari,ED1131,Lewis,Hamilton,https://media.formula1.com/d_driver_fallback_image.png/content/dam/fom-website/drivers/L/LEWHAM01_Lewis_Hamilton/lewham01.png.transform/1col/image.png,,2026-07-03T10:17:13.774474Z
1305,11469,55,C SAINZ,Carlos SAINZ,SAI,Williams,1868DB,Carlos,Sainz,https://media.formula1.com/d_driver_fallback_image.png/content/dam/fom-website/drivers/C/CARSAI01_Carlos_Sainz/carsai01.png.transform/1col/image.png,,2026-07-03T10:17:13.774474Z
1305,11469,63,G RUSSELL,George RUSSELL,RUS,Mercedes,00D7B6,George,Russell,https://media.formula1.com/d_driver_fallback_image.png/content/dam/fom-website/drivers/G/GEORUS01_George_Russell/georus01.png.transform/1col/image.png,,2026-07-03T10:17:13.774474Z
1305,11469,77,V BOTTAS,Valtteri BOTTAS,BOT,Cadillac,909090,Valtteri,Bottas,https://media.formula1.com/d_driver_fallback_image.png/content/dam/fom-website/drivers/V/VALBOT01_Valtteri_Bottas/valbot01.png.transform/1col/image.png,,2026-07-03T10:17:13.774474Z
1305,11469,81,O PIASTRI,Oscar PIASTRI,PIA,McLaren,F47600,Oscar,Piastri,https://media.formula1.com/d_driver_fallback_image.png/content/dam/fom-website/drivers/O/OSCPIA01_Oscar_Piastri/oscpia01.png.transform/1col/image.png,,2026-07-03T10:17:13.774474Z
1305,11469,87,O BEARMAN,Oliver BEARMAN,BEA,Haas F1 Team,9C9FA2,Oliver,Bearman,https://media.formula1.com/d_driver_fallback_image.png/content/dam/fom-website/drivers/O/OLIBEA01_Oliver_Bearman/olibea01.png.transform/1col/image.png,,2026-07-03T10:17:13.774474Z
1279,11228,10,P GASLY,Pierre GASLY,GAS,Alpine,00A1E8,Pierre,Gasly,https://media.formula1.com/d_driver_fallback_image.png/content/dam/fom-website/drivers/P/PIEGAS01_Pierre_Gasly/piegas01.png.transform/1col/image.png,,2026-07-03T10:18:11.713449Z
1279,11228,11,S PEREZ,Sergio PEREZ,PER,Cadillac,909090,Sergio,Perez,https://media.formula1.com/d_driver_fallback_image.png/content/dam/fom-website/drivers/S/SERPER01_Sergio_Perez/serper01.png.transform/1col/image.png,,2026-07-03T10:18:11.713449Z
1279,11228,12,K ANTONELLI,Kimi ANTONELLI,ANT,Mercedes,00D7B6,Kimi,Antonelli,https://media.formula1.com/d_driver_fallback_image.png/content/dam/fom-website/drivers/K/ANDANT01_Kimi_Antonelli/andant01.png.transform/1col/image.png,,2026-07-03T10:18:11.713449Z
1279,11228,14,F ALONSO,Fernando ALONSO,ALO,Aston Martin,229971,Fernando,Alonso,https://media.formula1.com/d_driver_fallback_image.png/content/dam/fom-website/drivers/F/FERALO01_Fernando_Alonso/feralo01.png.transform/1col/image.png,,2026-07-03T10:18:11.713449Z
1279,11228,16,C LECLERC,Charles LECLERC,LEC,Ferrari,ED1131,Charles,Leclerc,https://media.formula1.com/d_driver_fallback_image.png/content/dam/fom-website/drivers/C/CHALEC01_Charles_Leclerc/chalec01.png.transform/1col/image.png,,2026-07-03T10:18:11.713449Z
1279,11228,18,L STROLL,Lance STROLL,STR,Aston Martin,229971,Lance,Stroll,https://media.formula1.com/d_driver_fallback_image.png/content/dam/fom-website/drivers/L/LANSTR01_Lance_Stroll/lanstr01.png.transform/1col/image.png,,2026-07-03T10:18:11.713449Z
1279,11228,23,A ALBON,Alexander ALBON,ALB,Williams,1868DB,Alexander,Albon,https://media.formula1.com/d_driver_fallback_image.png/content/dam/fom-website/drivers/A/ALEALB01_Alexander_Albon/alealb01.png.transform/1col/image.png,,2026-07-03T10:18:11.713449Z
1279,11228,27,N HULKENBERG,Nico HULKENBERG,HUL,Audi,F50537,Nico,Hulkenberg,https://media.formula1.com/d_driver_fallback_image.png/content/dam/fom-website/drivers/N/NICHUL01_Nico_Hulkenberg/nichul01.png.transform/1col/image.png,,2026-07-03T10:18:11.713449Z
1279,11228,30,L LAWSON,Liam LAWSON,LAW,Racing Bulls,6C98FF,Liam,Lawson,https://media.formula1.com/d_driver_fallback_image.png/content/dam/fom-website/drivers/L/LIALAW01_Liam_Lawson/lialaw01.png.transform/1col/image.png,,2026-07-03T10:18:11.713449Z
1279,11228,31,E OCON,Esteban OCON,OCO,Haas F1 Team,9C9FA2,Esteban,Ocon,https://media.formula1.com/d_driver_fallback_image.png/content/dam/fom-website/drivers/E/ESTOCO01_Esteban_Ocon/estoco01.png.transform/1col/image.png,,2026-07-03T10:18:11.713449Z
1279,11228,41,A LINDBLAD,Arvid LINDBLAD,LIN,Racing Bulls,6C98FF,Arvid,Lindblad,https://media.formula1.com/d_driver_fallback_image.png/content/dam/fom-website/drivers/A/ARVLIN01_Arvid_Lindblad/arvlin01.png.transform/1col/image.png,,2026-07-03T10:18:11.713449Z
1279,11228,43,F COLAPINTO,Franco COLAPINTO,COL,Alpine,00A1E8,Franco,Colapinto,https://media.formula1.com/d_driver_fallback_image.png/content/dam/fom-website/drivers/F/FRACOL01_Franco_Colapinto/fracol01.png.transform/1col/image.png,,2026-07-03T10:18:11.713449Z
1279,11228,44,L HAMILTON,Lewis HAMILTON,HAM,Ferrari,ED1131,Lewis,Hamilton,https://media.formula1.com/d_driver_fallback_image.png/content/dam/fom-website/drivers/L/LEWHAM01_Lewis_Hamilton/lewham01.png.transform/1col/image.png,,2026-07-03T10:18:11.713449Z
1279,11228,55,C SAINZ,Carlos SAINZ,SAI,Williams,1868DB,Carlos,Sainz,https://media.formula1.com/d_driver_fallback_image.png/content/dam/fom-website/drivers/C/CARSAI01_Carlos_Sainz/carsai01.png.transform/1col/image.png,,2026-07-03T10:18:11.713449Z
1279,11228,63,G RUSSELL,George RUSSELL,RUS,Mercedes,00D7B6,George,Russell,https://media.formula1.com/d_driver_fallback_image.png/content/dam/fom-website/drivers/G/GEORUS01_George_Russell/georus01.png.transform/1col/image.png,,2026-07-03T10:18:11.713449Z
1279,11228,77,V BOTTAS,Valtteri BOTTAS,BOT,Cadillac,909090,Valtteri,Bottas,https://media.formula1.com/d_driver_fallback_image.png/content/dam/fom-website/drivers/V/VALBOT01_Valtteri_Bottas/valbot01.png.transform/1col/image.png,,2026-07-03T10:18:11.713449Z
1279,11228,81,O PIASTRI,Oscar PIASTRI,PIA,McLaren,F47600,Oscar,Piastri,https://media.formula1.com/d_driver_fallback_image.png/content/dam/fom-website/drivers/O/OSCPIA01_Oscar_Piastri/oscpia01.png.transform/1col/image.png,,2026-07-03T10:18:11.713449Z
1279,11228,87,O BEARMAN,Oliver BEARMAN,BEA,Haas F1 Team,9C9FA2,Oliver,Bearman,https://media.formula1.com/d_driver_fallback_image.png/content/dam/fom-website/drivers/O/OLIBEA01_Oliver_Bearman/olibea01.png.transform/1col/image.png,,2026-07-03T10:18:11.713449Z
1279,11229,1,L NORRIS,Lando NORRIS,NOR,McLaren,F47600,Lando,Norris,https://media.formula1.com/d_driver_fallback_image.png/content/dam/fom-website/drivers/L/LANNOR01_Lando_Norris/lannor01.png.transform/1col/image.png,,2026-07-03T10:18:16.365546Z
1279,11229,10,P GASLY,Pierre GASLY,GAS,Alpine,00A1E8,Pierre,Gasly,https://media.formula1.com/d_driver_fallback_image.png/content/dam/fom-website/drivers/P/PIEGAS01_Pierre_Gasly/piegas01.png.transform/1col/image.png,,2026-07-03T10:18:16.365546Z
1279,11229,11,S PEREZ,Sergio PEREZ,PER,Cadillac,909090,Sergio,Perez,https://media.formula1.com/d_driver_fallback_image.png/content/dam/fom-website/drivers/S/SERPER01_Sergio_Perez/serper01.png.transform/1col/image.png,,2026-07-03T10:18:16.365546Z
1279,11229,12,K ANTONELLI,Kimi ANTONELLI,ANT,Mercedes,00D7B6,Kimi,Antonelli,https://media.formula1.com/d_driver_fallback_image.png/content/dam/fom-website/drivers/K/ANDANT01_Kimi_Antonelli/andant01.png.transform/1col/image.png,,2026-07-03T10:18:16.365546Z
1279,11229,14,F ALONSO,Fernando ALONSO,ALO,Aston Martin,229971,Fernando,Alonso,https://media.formula1.com/d_driver_fallback_image.png/content/dam/fom-website/drivers/F/FERALO01_Fernando_Alonso/feralo01.png.transform/1col/image.png,,2026-07-03T10:18:16.365546Z
1279,11229,16,C LECLERC,Charles LECLERC,LEC,Ferrari,ED1131,Charles,Leclerc,https://media.formula1.com/d_driver_fallback_image.png/content/dam/fom-website/drivers/C/CHALEC01_Charles_Leclerc/chalec01.png.transform/1col/image.png,,2026-07-03T10:18:16.365546Z
1279,11229,18,L STROLL,Lance STROLL,STR,Aston Martin,229971,Lance,Stroll,https://media.formula1.com/d_driver_fallback_image.png/content/dam/fom-website/drivers/L/LANSTR01_Lance_Stroll/lanstr01.png.transform/1col/image.png,,2026-07-03T10:18:16.365546Z
1279,11229,23,A ALBON,Alexander ALBON,ALB,Williams,1868DB,Alexander,Albon,https://media.formula1.com/d_driver_fallback_image.png/content/dam/fom-website/drivers/A/ALEALB01_Alexander_Albon/alealb01.png.transform/1col/image.png,,2026-07-03T10:18:16.365546Z
1279,11229,27,N HULKENBERG,Nico HULKENBERG,HUL,Audi,F50537,Nico,Hulkenberg,https://media.formula1.com/d_driver_fallback_image.png/content/dam/fom-website/drivers/N/NICHUL01_Nico_Hulkenberg/nichul01.png.transform/1col/image.png,,2026-07-03T10:18:16.365546Z
1279,11229,3,M VERSTAPPEN,Max VERSTAPPEN,VER,Red Bull Racing,4781D7,Max,Verstappen,https://media.formula1.com/d_driver_fallback_image.png/content/dam/fom-website/drivers/M/MAXVER01_Max_Verstappen/maxver01.png.transform/1col/image.png,,2026-07-03T10:18:16.365546Z
1279,11229,30,L LAWSON,Liam LAWSON,LAW,Racing Bulls,6C98FF,Liam,Lawson,https://media.formula1.com/d_driver_fallback_image.png/content/dam/fom-website/drivers/L/LIALAW01_Liam_Lawson/lialaw01.png.transform/1col/image.png,,2026-07-03T10:18:16.365546Z
1279,11229,31,E OCON,Esteban OCON,OCO,Haas F1 Team,9C9FA2,Esteban,Ocon,https://media.formula1.com/d_driver_fallback_image.png/content/dam/fom-website/drivers/E/ESTOCO01_Esteban_Ocon/estoco01.png.transform/1col/image.png,,2026-07-03T10:18:16.365546Z
1279,11229,41,A LINDBLAD,Arvid LINDBLAD,LIN,Racing Bulls,6C98FF,Arvid,Lindblad,https://media.formula1.com/d_driver_fallback_image.png/content/dam/fom-website/drivers/A/ARVLIN01_Arvid_Lindblad/arvlin01.png.transform/1col/image.png,,2026-07-03T10:18:16.365546Z
1279,11229,43,F COLAPINTO,Franco COLAPINTO,COL,Alpine,00A1E8,Franco,Colapinto,https://media.formula1.com/d_driver_fallback_image.png/content/dam/fom-website/drivers/F/FRACOL01_Franco_Colapinto/fracol01.png.transform/1col/image.png,,2026-07-03T10:18:16.365546Z
1279,11229,44,L HAMILTON,Lewis HAMILTON,HAM,Ferrari,ED1131,Lewis,Hamilton,https://media.formula1.com/d_driver_fallback_image.png/content/dam/fom-website/drivers/L/LEWHAM01_Lewis_Hamilton/lewham01.png.transform/1col/image.png,,2026-07-03T10:18:16.365546Z
1279,11229,5,G BORTOLETO,Gabriel BORTOLETO,BOR,Audi,F50537,Gabriel,Bortoleto,https://media.formula1.com/d_driver_fallback_image.png/content/dam/fom-website/drivers/G/GABBOR01_Gabriel_Bortoleto/gabbor01.png.transform/1col/image.png,,2026-07-03T10:18:16.365546Z
1279,11229,55,C SAINZ,Carlos SAINZ,SAI,Williams,1868DB,Carlos,Sainz,https://media.formula1.com/d_driver_fallback_image.png/content/dam/fom-website/drivers/C/CARSAI01_Carlos_Sainz/carsai01.png.transform/1col/image.png,,2026-07-03T10:18:16.365546Z
1279,11229,6,I HADJAR,Isack HADJAR,HAD,Red Bull Racing,4781D7,Isack,Hadjar,https://media.formula1.com/d_driver_fallback_image.png/content/dam/fom-website/drivers/I/ISAHAD01_Isack_Hadjar/isahad01.png.transform/1col/image.png,,2026-07-03T10:18:16.365546Z
1279,11229,63,G RUSSELL,George RUSSELL,RUS,Mercedes,00D7B6,George,Russell,https://media.formula1.com/d_driver_fallback_image.png/content/dam/fom-website/drivers/G/GEORUS01_George_Russell/georus01.png.transform/1col/image.png,,2026-07-03T10:18:16.365546Z
1279,11229,77,V BOTTAS,Valtteri BOTTAS,BOT,Cadillac,909090,Valtteri,Bottas,https://media.formula1.com/d_driver_fallback_image.png/content/dam/fom-website/drivers/V/VALBOT01_Valtteri_Bottas/valbot01.png.transform/1col/image.png,,2026-07-03T10:18:16.365546Z
1279,11229,81,O PIASTRI,Oscar PIASTRI,PIA,McLaren,F47600,Oscar,Piastri,https://media.formula1.com/d_driver_fallback_image.png/content/dam/fom-website/drivers/O/OSCPIA01_Oscar_Piastri/oscpia01.png.transform/1col/image.png,,2026-07-03T10:18:16.365546Z
1279,11229,87,O BEARMAN,Oliver BEARMAN,BEA,Haas F1 Team,9C9FA2,Oliver,Bearman,https://media.formula1.com/d_driver_fallback_image.png/content/dam/fom-website/drivers/O/OLIBEA01_Oliver_Bearman/olibea01.png.transform/1col/image.png,,2026-07-03T10:18:16.365546Z
1280,11235,1,L NORRIS,Lando NORRIS,NOR,McLaren,F47600,Lando,Norris,https://media.formula1.com/d_driver_fallback_image.png/content/dam/fom-website/drivers/L/LANNOR01_Lando_Norris/lannor01.png.transform/1col/image.png,,2026-07-03T10:19:01.341953Z
1280,11235,3,M VERSTAPPEN,Max VERSTAPPEN,VER,Red Bull Racing,4781D7,Max,Verstappen,https://media.formula1.com/d_driver_fallback_image.png/content/dam/fom-website/drivers/M/MAXVER01_Max_Verstappen/maxver01.png.transform/1col/image.png,,2026-07-03T10:19:01.341953Z
1280,11235,5,G BORTOLETO,Gabriel BORTOLETO,BOR,Audi,F50537,Gabriel,Bortoleto,https://media.formula1.com/d_driver_fallback_image.png/content/dam/fom-website/drivers/G/GABBOR01_Gabriel_Bortoleto/gabbor01.png.transform/1col/image.png,,2026-07-03T10:19:01.341953Z
1280,11235,6,I HADJAR,Isack HADJAR,HAD,Red Bull Racing,4781D7,Isack,Hadjar,https://media.formula1.com/d_driver_fallback_image.png/content/dam/fom-website/drivers/I/ISAHAD01_Isack_Hadjar/isahad01.png.transform/1col/image.png,,2026-07-03T10:19:01.341953Z
1280,11235,10,P GASLY,Pierre GASLY,GAS,Alpine,00A1E8,Pierre,Gasly,https://media.formula1.com/d_driver_fallback_image.png/content/dam/fom-website/drivers/P/PIEGAS01_Pierre_Gasly/piegas01.png.transform/1col/image.png,,2026-07-03T10:19:01.341953Z
1280,11235,11,S PEREZ,Sergio PEREZ,PER,Cadillac,909090,Sergio,Perez,https://media.formula1.com/d_driver_fallback_image.png/content/dam/fom-website/drivers/S/SERPER01_Sergio_Perez/serper01.png.transform/1col/image.png,,2026-07-03T10:19:01.341953Z
1280,11235,12,K ANTONELLI,Kimi ANTONELLI,ANT,Mercedes,00D7B6,Kimi,Antonelli,https://media.formula1.com/d_driver_fallback_image.png/content/dam/fom-website/drivers/K/ANDANT01_Kimi_Antonelli/andant01.png.transform/1col/image.png,,2026-07-03T10:19:01.341953Z
1280,11235,14,F ALONSO,Fernando ALONSO,ALO,Aston Martin,229971,Fernando,Alonso,https://media.formula1.com/d_driver_fallback_image.png/content/dam/fom-website/drivers/F/FERALO01_Fernando_Alonso/feralo01.png.transform/1col/image.png,,2026-07-03T10:19:01.341953Z
1280,11235,16,C LECLERC,Charles LECLERC,LEC,Ferrari,ED1131,Charles,Leclerc,https://media.formula1.com/d_driver_fallback_image.png/content/dam/fom-website/drivers/C/CHALEC01_Charles_Leclerc/chalec01.png.transform/1col/image.png,,2026-07-03T10:19:01.341953Z
1280,11235,18,L STROLL,Lance STROLL,STR,Aston Martin,229971,Lance,Stroll,https://media.formula1.com/d_driver_fallback_image.png/content/dam/fom-website/drivers/L/LANSTR01_Lance_Stroll/lanstr01.png.transform/1col/image.png,,2026-07-03T10:19:01.341953Z
1280,11235,23,A ALBON,Alexander ALBON,ALB,Williams,1868DB,Alexander,Albon,https://media.formula1.com/d_driver_fallback_image.png/content/dam/fom-website/drivers/A/ALEALB01_Alexander_Albon/alealb01.png.transform/1col/image.png,,2026-07-03T10:19:01.341953Z
1280,11235,27,N HULKENBERG,Nico HULKENBERG,HUL,Audi,F50537,Nico,Hulkenberg,https://media.formula1.com/d_driver_fallback_image.png/content/dam/fom-website/drivers/N/NICHUL01_Nico_Hulkenberg/nichul01.png.transform/1col/image.png,,2026-07-03T10:19:01.341953Z
1280,11235,30,L LAWSON,Liam LAWSON,LAW,Racing Bulls,6C98FF,Liam,Lawson,https://media.formula1.com/d_driver_fallback_image.png/content/dam/fom-website/drivers/L/LIALAW01_Liam_Lawson/lialaw01.png.transform/1col/image.png,,2026-07-03T10:19:01.341953Z
1280,11235,31,E OCON,Esteban OCON,OCO,Haas F1 Team,9C9FA2,Esteban,Ocon,https://media.formula1.com/d_driver_fallback_image.png/content/dam/fom-website/drivers/E/ESTOCO01_Esteban_Ocon/estoco01.png.transform/1col/image.png,,2026-07-03T10:19:01.341953Z
1280,11235,41,A LINDBLAD,Arvid LINDBLAD,LIN,Racing Bulls,6C98FF,Arvid,Lindblad,https://media.formula1.com/d_driver_fallback_image.png/content/dam/fom-website/drivers/A/ARVLIN01_Arvid_Lindblad/arvlin01.png.transform/1col/image.png,,2026-07-03T10:19:01.341953Z
1280,11235,43,F COLAPINTO,Franco COLAPINTO,COL,Alpine,00A1E8,Franco,Colapinto,https://media.formula1.com/d_driver_fallback_image.png/content/dam/fom-website/drivers/F/FRACOL01_Franco_Colapinto/fracol01.png.transform/1col/image.png,,2026-07-03T10:19:01.341953Z
1280,11235,44,L HAMILTON,Lewis HAMILTON,HAM,Ferrari,ED1131,Lewis,Hamilton,https://media.formula1.com/d_driver_fallback_image.png/content/dam/fom-website/drivers/L/LEWHAM01_Lewis_Hamilton/lewham01.png.transform/1col/image.png,,2026-07-03T10:19:01.341953Z
1280,11235,55,C SAINZ,Carlos SAINZ,SAI,Williams,1868DB,Carlos,Sainz,https://media.formula1.com/d_driver_fallback_image.png/content/dam/fom-website/drivers/C/CARSAI01_Carlos_Sainz/carsai01.png.transform/1col/image.png,,2026-07-03T10:19:01.341953Z
1280,11235,63,G RUSSELL,George RUSSELL,RUS,Mercedes,00D7B6,George,Russell,https://media.formula1.com/d_driver_fallback_image.png/content/dam/fom-website/drivers/G/GEORUS01_George_Russell/georus01.png.transform/1col/image.png,,2026-07-03T10:19:01.341953Z
1280,11235,77,V BOTTAS,Valtteri BOTTAS,BOT,Cadillac,909090,Valtteri,Bottas,https://media.formula1.com/d_driver_fallback_image.png/content/dam/fom-website/drivers/V/VALBOT01_Valtteri_Bottas/valbot01.png.transform/1col/image.png,,2026-07-03T10:19:01.341953Z
1280,11235,81,O PIASTRI,Oscar PIASTRI,PIA,McLaren,F47600,Oscar,Piastri,https://media.formula1.com/d_driver_fallback_image.png/content/dam/fom-website/drivers/O/OSCPIA01_Oscar_Piastri/oscpia01.png.transform/1col/image.png,,2026-07-03T10:19:01.341953Z
1280,11235,87,O BEARMAN,Oliver BEARMAN,BEA,Haas F1 Team,9C9FA2,Oliver,Bearman,https://media.formula1.com/d_driver_fallback_image.png/content/dam/fom-website/drivers/O/OLIBEA01_Oliver_Bearman/olibea01.png.transform/1col/image.png,,2026-07-03T10:19:01.341953Z
1280,11236,1,L NORRIS,Lando NORRIS,NOR,McLaren,F47600,Lando,Norris,https://media.formula1.com/d_driver_fallback_image.png/content/dam/fom-website/drivers/L/LANNOR01_Lando_Norris/lannor01.png.transform/1col/image.png,,2026-07-03T10:19:06.605384Z
1280,11236,3,M VERSTAPPEN,Max VERSTAPPEN,VER,Red Bull Racing,4781D7,Max,Verstappen,https://media.formula1.com/d_driver_fallback_image.png/content/dam/fom-website/drivers/M/MAXVER01_Max_Verstappen/maxver01.png.transform/1col/image.png,,2026-07-03T10:19:06.605384Z
1280,11236,5,G BORTOLETO,Gabriel BORTOLETO,BOR,Audi,F50537,Gabriel,Bortoleto,https://media.formula1.com/d_driver_fallback_image.png/content/dam/fom-website/drivers/G/GABBOR01_Gabriel_Bortoleto/gabbor01.png.transform/1col/image.png,,2026-07-03T10:19:06.605384Z
1280,11236,6,I HADJAR,Isack HADJAR,HAD,Red Bull Racing,4781D7,Isack,Hadjar,https://media.formula1.com/d_driver_fallback_image.png/content/dam/fom-website/drivers/I/ISAHAD01_Isack_Hadjar/isahad01.png.transform/1col/image.png,,2026-07-03T10:19:06.605384Z
1280,11236,10,P GASLY,Pierre GASLY,GAS,Alpine,00A1E8,Pierre,Gasly,https://media.formula1.com/d_driver_fallback_image.png/content/dam/fom-website/drivers/P/PIEGAS01_Pierre_Gasly/piegas01.png.transform/1col/image.png,,2026-07-03T10:19:06.605384Z
1280,11236,11,S PEREZ,Sergio PEREZ,PER,Cadillac,909090,Sergio,Perez,https://media.formula1.com/d_driver_fallback_image.png/content/dam/fom-website/drivers/S/SERPER01_Sergio_Perez/serper01.png.transform/1col/image.png,,2026-07-03T10:19:06.605384Z
1280,11236,12,K ANTONELLI,Kimi ANTONELLI,ANT,Mercedes,00D7B6,Kimi,Antonelli,https://media.formula1.com/d_driver_fallback_image.png/content/dam/fom-website/drivers/K/ANDANT01_Kimi_Antonelli/andant01.png.transform/1col/image.png,,2026-07-03T10:19:06.605384Z
1280,11236,14,F ALONSO,Fernando ALONSO,ALO,Aston Martin,229971,Fernando,Alonso,https://media.formula1.com/d_driver_fallback_image.png/content/dam/fom-website/drivers/F/FERALO01_Fernando_Alonso/feralo01.png.transform/1col/image.png,,2026-07-03T10:19:06.605384Z
1280,11236,16,C LECLERC,Charles LECLERC,LEC,Ferrari,ED1131,Charles,Leclerc,https://media.formula1.com/d_driver_fallback_image.png/content/dam/fom-website/drivers/C/CHALEC01_Charles_Leclerc/chalec01.png.transform/1col/image.png,,2026-07-03T10:19:06.605384Z
1280,11236,18,L STROLL,Lance STROLL,STR,Aston Martin,229971,Lance,Stroll,https://media.formula1.com/d_driver_fallback_image.png/content/dam/fom-website/drivers/L/LANSTR01_Lance_Stroll/lanstr01.png.transform/1col/image.png,,2026-07-03T10:19:06.605384Z
1280,11236,23,A ALBON,Alexander ALBON,ALB,Williams,1868DB,Alexander,Albon,https://media.formula1.com/d_driver_fallback_image.png/content/dam/fom-website/drivers/A/ALEALB01_Alexander_Albon/alealb01.png.transform/1col/image.png,,2026-07-03T10:19:06.605384Z
1280,11236,27,N HULKENBERG,Nico HULKENBERG,HUL,Audi,F50537,Nico,Hulkenberg,https://media.formula1.com/d_driver_fallback_image.png/content/dam/fom-website/drivers/N/NICHUL01_Nico_Hulkenberg/nichul01.png.transform/1col/image.png,,2026-07-03T10:19:06.605384Z
1280,11236,30,L LAWSON,Liam LAWSON,LAW,Racing Bulls,6C98FF,Liam,Lawson,https://media.formula1.com/d_driver_fallback_image.png/content/dam/fom-website/drivers/L/LIALAW01_Liam_Lawson/lialaw01.png.transform/1col/image.png,,2026-07-03T10:19:06.605384Z
1280,11236,31,E OCON,Esteban OCON,OCO,Haas F1 Team,9C9FA2,Esteban,Ocon,https://media.formula1.com/d_driver_fallback_image.png/content/dam/fom-website/drivers/E/ESTOCO01_Esteban_Ocon/estoco01.png.transform/1col/image.png,,2026-07-03T10:19:06.605384Z
1280,11236,41,A LINDBLAD,Arvid LINDBLAD,LIN,Racing Bulls,6C98FF,Arvid,Lindblad,https://media.formula1.com/d_driver_fallback_image.png/content/dam/fom-website/drivers/A/ARVLIN01_Arvid_Lindblad/arvlin01.png.transform/1col/image.png,,2026-07-03T10:19:06.605384Z
1280,11236,43,F COLAPINTO,Franco COLAPINTO,COL,Alpine,00A1E8,Franco,Colapinto,https://media.formula1.com/d_driver_fallback_image.png/content/dam/fom-website/drivers/F/FRACOL01_Franco_Colapinto/fracol01.png.transform/1col/image.png,,2026-07-03T10:19:06.605384Z
1280,11236,44,L HAMILTON,Lewis HAMILTON,HAM,Ferrari,ED1131,Lewis,Hamilton,https://media.formula1.com/d_driver_fallback_image.png/content/dam/fom-website/drivers/L/LEWHAM01_Lewis_Hamilton/lewham01.png.transform/1col/image.png,,2026-07-03T10:19:06.605384Z
1280,11236,55,C SAINZ,Carlos SAINZ,SAI,Williams,1868DB,Carlos,Sainz,https://media.formula1.com/d_driver_fallback_image.png/content/dam/fom-website/drivers/C/CARSAI01_Carlos_Sainz/carsai01.png.transform/1col/image.png,,2026-07-03T10:19:06.605384Z
1280,11236,63,G RUSSELL,George RUSSELL,RUS,Mercedes,00D7B6,George,Russell,https://media.formula1.com/d_driver_fallback_image.png/content/dam/fom-website/drivers/G/GEORUS01_George_Russell/georus01.png.transform/1col/image.png,,2026-07-03T10:19:06.605384Z
1280,11236,77,V BOTTAS,Valtteri BOTTAS,BOT,Cadillac,909090,Valtteri,Bottas,https://media.formula1.com/d_driver_fallback_image.png/content/dam/fom-website/drivers/V/VALBOT01_Valtteri_Bottas/valbot01.png.transform/1col/image.png,,2026-07-03T10:19:06.605384Z
1280,11236,81,O PIASTRI,Oscar PIASTRI,PIA,McLaren,F47600,Oscar,Piastri,https://media.formula1.com/d_driver_fallback_image.png/content/dam/fom-website/drivers/O/OSCPIA01_Oscar_Piastri/oscpia01.png.transform/1col/image.png,,2026-07-03T10:19:06.605384Z
1280,11236,87,O BEARMAN,Oliver BEARMAN,BEA,Haas F1 Team,9C9FA2,Oliver,Bearman,https://media.formula1.com/d_driver_fallback_image.png/content/dam/fom-website/drivers/O/OLIBEA01_Oliver_Bearman/olibea01.png.transform/1col/image.png,,2026-07-03T10:19:06.605384Z
1280,11240,1,L NORRIS,Lando NORRIS,NOR,McLaren,F47600,Lando,Norris,https://media.formula1.com/d_driver_fallback_image.png/content/dam/fom-website/drivers/L/LANNOR01_Lando_Norris/lannor01.png.transform/1col/image.png,,2026-07-03T10:19:12.562258Z
1280,11240,3,M VERSTAPPEN,Max VERSTAPPEN,VER,Red Bull Racing,4781D7,Max,Verstappen,https://media.formula1.com/d_driver_fallback_image.png/content/dam/fom-website/drivers/M/MAXVER01_Max_Verstappen/maxver01.png.transform/1col/image.png,,2026-07-03T10:19:12.562258Z
1280,11240,5,G BORTOLETO,Gabriel BORTOLETO,BOR,Audi,F50537,Gabriel,Bortoleto,https://media.formula1.com/d_driver_fallback_image.png/content/dam/fom-website/drivers/G/GABBOR01_Gabriel_Bortoleto/gabbor01.png.transform/1col/image.png,,2026-07-03T10:19:12.562258Z
1280,11240,6,I HADJAR,Isack HADJAR,HAD,Red Bull Racing,4781D7,Isack,Hadjar,https://media.formula1.com/d_driver_fallback_image.png/content/dam/fom-website/drivers/I/ISAHAD01_Isack_Hadjar/isahad01.png.transform/1col/image.png,,2026-07-03T10:19:12.562258Z
1280,11240,10,P GASLY,Pierre GASLY,GAS,Alpine,00A1E8,Pierre,Gasly,https://media.formula1.com/d_driver_fallback_image.png/content/dam/fom-website/drivers/P/PIEGAS01_Pierre_Gasly/piegas01.png.transform/1col/image.png,,2026-07-03T10:19:12.562258Z
1280,11240,11,S PEREZ,Sergio PEREZ,PER,Cadillac,909090,Sergio,Perez,https://media.formula1.com/d_driver_fallback_image.png/content/dam/fom-website/drivers/S/SERPER01_Sergio_Perez/serper01.png.transform/1col/image.png,,2026-07-03T10:19:12.562258Z
1280,11240,12,K ANTONELLI,Kimi ANTONELLI,ANT,Mercedes,00D7B6,Kimi,Antonelli,https://media.formula1.com/d_driver_fallback_image.png/content/dam/fom-website/drivers/K/ANDANT01_Kimi_Antonelli/andant01.png.transform/1col/image.png,,2026-07-03T10:19:12.562258Z
1280,11240,14,F ALONSO,Fernando ALONSO,ALO,Aston Martin,229971,Fernando,Alonso,https://media.formula1.com/d_driver_fallback_image.png/content/dam/fom-website/drivers/F/FERALO01_Fernando_Alonso/feralo01.png.transform/1col/image.png,,2026-07-03T10:19:12.562258Z
1280,11240,16,C LECLERC,Charles LECLERC,LEC,Ferrari,ED1131,Charles,Leclerc,https://media.formula1.com/d_driver_fallback_image.png/content/dam/fom-website/drivers/C/CHALEC01_Charles_Leclerc/chalec01.png.transform/1col/image.png,,2026-07-03T10:19:12.562258Z
1280,11240,18,L STROLL,Lance STROLL,STR,Aston Martin,229971,Lance,Stroll,https://media.formula1.com/d_driver_fallback_image.png/content/dam/fom-website/drivers/L/LANSTR01_Lance_Stroll/lanstr01.png.transform/1col/image.png,,2026-07-03T10:19:12.562258Z
1280,11240,23,A ALBON,Alexander ALBON,ALB,Williams,1868DB,Alexander,Albon,https://media.formula1.com/d_driver_fallback_image.png/content/dam/fom-website/drivers/A/ALEALB01_Alexander_Albon/alealb01.png.transform/1col/image.png,,2026-07-03T10:19:12.562258Z
1280,11240,27,N HULKENBERG,Nico HULKENBERG,HUL,Audi,F50537,Nico,Hulkenberg,https://media.formula1.com/d_driver_fallback_image.png/content/dam/fom-website/drivers/N/NICHUL01_Nico_Hulkenberg/nichul01.png.transform/1col/image.png,,2026-07-03T10:19:12.562258Z
1280,11240,30,L LAWSON,Liam LAWSON,LAW,Racing Bulls,6C98FF,Liam,Lawson,https://media.formula1.com/d_driver_fallback_image.png/content/dam/fom-website/drivers/L/LIALAW01_Liam_Lawson/lialaw01.png.transform/1col/image.png,,2026-07-03T10:19:12.562258Z
1280,11240,31,E OCON,Esteban OCON,OCO,Haas F1 Team,9C9FA2,Esteban,Ocon,https://media.formula1.com/d_driver_fallback_image.png/content/dam/fom-website/drivers/E/ESTOCO01_Esteban_Ocon/estoco01.png.transform/1col/image.png,,2026-07-03T10:19:12.562258Z
1280,11240,41,A LINDBLAD,Arvid LINDBLAD,LIN,Racing Bulls,6C98FF,Arvid,Lindblad,https://media.formula1.com/d_driver_fallback_image.png/content/dam/fom-website/drivers/A/ARVLIN01_Arvid_Lindblad/arvlin01.png.transform/1col/image.png,,2026-07-03T10:19:12.562258Z
1280,11240,43,F COLAPINTO,Franco COLAPINTO,COL,Alpine,00A1E8,Franco,Colapinto,https://media.formula1.com/d_driver_fallback_image.png/content/dam/fom-website/drivers/F/FRACOL01_Franco_Colapinto/fracol01.png.transform/1col/image.png,,2026-07-03T10:19:12.562258Z
1280,11240,44,L HAMILTON,Lewis HAMILTON,HAM,Ferrari,ED1131,Lewis,Hamilton,https://media.formula1.com/d_driver_fallback_image.png/content/dam/fom-website/drivers/L/LEWHAM01_Lewis_Hamilton/lewham01.png.transform/1col/image.png,,2026-07-03T10:19:12.562258Z
1280,11240,55,C SAINZ,Carlos SAINZ,SAI,Williams,1868DB,Carlos,Sainz,https://media.formula1.com/d_driver_fallback_image.png/content/dam/fom-website/drivers/C/CARSAI01_Carlos_Sainz/carsai01.png.transform/1col/image.png,,2026-07-03T10:19:12.562258Z
1280,11240,63,G RUSSELL,George RUSSELL,RUS,Mercedes,00D7B6,George,Russell,https://media.formula1.com/d_driver_fallback_image.png/content/dam/fom-website/drivers/G/GEORUS01_George_Russell/georus01.png.transform/1col/image.png,,2026-07-03T10:19:12.562258Z
1280,11240,77,V BOTTAS,Valtteri BOTTAS,BOT,Cadillac,909090,Valtteri,Bottas,https://media.formula1.com/d_driver_fallback_image.png/content/dam/fom-website/drivers/V/VALBOT01_Valtteri_Bottas/valbot01.png.transform/1col/image.png,,2026-07-03T10:19:12.562258Z
1280,11240,81,O PIASTRI,Oscar PIASTRI,PIA,McLaren,F47600,Oscar,Piastri,https://media.formula1.com/d_driver_fallback_image.png/content/dam/fom-website/drivers/O/OSCPIA01_Oscar_Piastri/oscpia01.png.transform/1col/image.png,,2026-07-03T10:19:12.562258Z
1280,11240,87,O BEARMAN,Oliver BEARMAN,BEA,Haas F1 Team,9C9FA2,Oliver,Bearman,https://media.formula1.com/d_driver_fallback_image.png/content/dam/fom-website/drivers/O/OLIBEA01_Oliver_Bearman/olibea01.png.transform/1col/image.png,,2026-07-03T10:19:12.562258Z
1280,11241,1,L NORRIS,Lando NORRIS,NOR,McLaren,F47600,Lando,Norris,https://media.formula1.com/d_driver_fallback_image.png/content/dam/fom-website/drivers/L/LANNOR01_Lando_Norris/lannor01.png.transform/1col/image.png,,2026-07-03T10:19:17.358778Z
1280,11241,3,M VERSTAPPEN,Max VERSTAPPEN,VER,Red Bull Racing,4781D7,Max,Verstappen,https://media.formula1.com/d_driver_fallback_image.png/content/dam/fom-website/drivers/M/MAXVER01_Max_Verstappen/maxver01.png.transform/1col/image.png,,2026-07-03T10:19:17.358778Z
1280,11241,5,G BORTOLETO,Gabriel BORTOLETO,BOR,Audi,F50537,Gabriel,Bortoleto,https://media.formula1.com/d_driver_fallback_image.png/content/dam/fom-website/drivers/G/GABBOR01_Gabriel_Bortoleto/gabbor01.png.transform/1col/image.png,,2026-07-03T10:19:17.358778Z
1280,11241,6,I HADJAR,Isack HADJAR,HAD,Red Bull Racing,4781D7,Isack,Hadjar,https://media.formula1.com/d_driver_fallback_image.png/content/dam/fom-website/drivers/I/ISAHAD01_Isack_Hadjar/isahad01.png.transform/1col/image.png,,2026-07-03T10:19:17.358778Z
1280,11241,10,P GASLY,Pierre GASLY,GAS,Alpine,00A1E8,Pierre,Gasly,https://media.formula1.com/d_driver_fallback_image.png/content/dam/fom-website/drivers/P/PIEGAS01_Pierre_Gasly/piegas01.png.transform/1col/image.png,,2026-07-03T10:19:17.358778Z
1280,11241,11,S PEREZ,Sergio PEREZ,PER,Cadillac,909090,Sergio,Perez,https://media.formula1.com/d_driver_fallback_image.png/content/dam/fom-website/drivers/S/SERPER01_Sergio_Perez/serper01.png.transform/1col/image.png,,2026-07-03T10:19:17.358778Z
1280,11241,12,K ANTONELLI,Kimi ANTONELLI,ANT,Mercedes,00D7B6,Kimi,Antonelli,https://media.formula1.com/d_driver_fallback_image.png/content/dam/fom-website/drivers/K/ANDANT01_Kimi_Antonelli/andant01.png.transform/1col/image.png,,2026-07-03T10:19:17.358778Z
1280,11241,14,F ALONSO,Fernando ALONSO,ALO,Aston Martin,229971,Fernando,Alonso,https://media.formula1.com/d_driver_fallback_image.png/content/dam/fom-website/drivers/F/FERALO01_Fernando_Alonso/feralo01.png.transform/1col/image.png,,2026-07-03T10:19:17.358778Z
1280,11241,16,C LECLERC,Charles LECLERC,LEC,Ferrari,ED1131,Charles,Leclerc,https://media.formula1.com/d_driver_fallback_image.png/content/dam/fom-website/drivers/C/CHALEC01_Charles_Leclerc/chalec01.png.transform/1col/image.png,,2026-07-03T10:19:17.358778Z
1280,11241,18,L STROLL,Lance STROLL,STR,Aston Martin,229971,Lance,Stroll,https://media.formula1.com/d_driver_fallback_image.png/content/dam/fom-website/drivers/L/LANSTR01_Lance_Stroll/lanstr01.png.transform/1col/image.png,,2026-07-03T10:19:17.358778Z
1280,11241,23,A ALBON,Alexander ALBON,ALB,Williams,1868DB,Alexander,Albon,https://media.formula1.com/d_driver_fallback_image.png/content/dam/fom-website/drivers/A/ALEALB01_Alexander_Albon/alealb01.png.transform/1col/image.png,,2026-07-03T10:19:17.358778Z
1280,11241,27,N HULKENBERG,Nico HULKENBERG,HUL,Audi,F50537,Nico,Hulkenberg,https://media.formula1.com/d_driver_fallback_image.png/content/dam/fom-website/drivers/N/NICHUL01_Nico_Hulkenberg/nichul01.png.transform/1col/image.png,,2026-07-03T10:19:17.358778Z
1280,11241,30,L LAWSON,Liam LAWSON,LAW,Racing Bulls,6C98FF,Liam,Lawson,https://media.formula1.com/d_driver_fallback_image.png/content/dam/fom-website/drivers/L/LIALAW01_Liam_Lawson/lialaw01.png.transform/1col/image.png,,2026-07-03T10:19:17.358778Z
1280,11241,31,E OCON,Esteban OCON,OCO,Haas F1 Team,9C9FA2,Esteban,Ocon,https://media.formula1.com/d_driver_fallback_image.png/content/dam/fom-website/drivers/E/ESTOCO01_Esteban_Ocon/estoco01.png.transform/1col/image.png,,2026-07-03T10:19:17.358778Z
1280,11241,41,A LINDBLAD,Arvid LINDBLAD,LIN,Racing Bulls,6C98FF,Arvid,Lindblad,https://media.formula1.com/d_driver_fallback_image.png/content/dam/fom-website/drivers/A/ARVLIN01_Arvid_Lindblad/arvlin01.png.transform/1col/image.png,,2026-07-03T10:19:17.358778Z
1280,11241,43,F COLAPINTO,Franco COLAPINTO,COL,Alpine,00A1E8,Franco,Colapinto,https://media.formula1.com/d_driver_fallback_image.png/content/dam/fom-website/drivers/F/FRACOL01_Franco_Colapinto/fracol01.png.transform/1col/image.png,,2026-07-03T10:19:17.358778Z
1280,11241,44,L HAMILTON,Lewis HAMILTON,HAM,Ferrari,ED1131,Lewis,Hamilton,https://media.formula1.com/d_driver_fallback_image.png/content/dam/fom-website/drivers/L/LEWHAM01_Lewis_Hamilton/lewham01.png.transform/1col/image.png,,2026-07-03T10:19:17.358778Z
1280,11241,55,C SAINZ,Carlos SAINZ,SAI,Williams,1868DB,Carlos,Sainz,https://media.formula1.com/d_driver_fallback_image.png/content/dam/fom-website/drivers/C/CARSAI01_Carlos_Sainz/carsai01.png.transform/1col/image.png,,2026-07-03T10:19:17.358778Z
1280,11241,63,G RUSSELL,George RUSSELL,RUS,Mercedes,00D7B6,George,Russell,https://media.formula1.com/d_driver_fallback_image.png/content/dam/fom-website/drivers/G/GEORUS01_George_Russell/georus01.png.transform/1col/image.png,,2026-07-03T10:19:17.358778Z
1280,11241,77,V BOTTAS,Valtteri BOTTAS,BOT,Cadillac,909090,Valtteri,Bottas,https://media.formula1.com/d_driver_fallback_image.png/content/dam/fom-website/drivers/V/VALBOT01_Valtteri_Bottas/valbot01.png.transform/1col/image.png,,2026-07-03T10:19:17.358778Z
1280,11241,81,O PIASTRI,Oscar PIASTRI,PIA,McLaren,F47600,Oscar,Piastri,https://media.formula1.com/d_driver_fallback_image.png/content/dam/fom-website/drivers/O/OSCPIA01_Oscar_Piastri/oscpia01.png.transform/1col/image.png,,2026-07-03T10:19:17.358778Z
1280,11241,87,O BEARMAN,Oliver BEARMAN,BEA,Haas F1 Team,9C9FA2,Oliver,Bearman,https://media.formula1.com/d_driver_fallback_image.png/content/dam/fom-website/drivers/O/OLIBEA01_Oliver_Bearman/olibea01.png.transform/1col/image.png,,2026-07-03T10:19:17.358778Z
1281,11247,1,L NORRIS,Lando NORRIS,NOR,McLaren,F47600,Lando,Norris,https://media.formula1.com/d_driver_fallback_image.png/content/dam/fom-website/drivers/L/LANNOR01_Lando_Norris/lannor01.png.transform/1col/image.png,,2026-07-03T10:20:02.253436Z
1281,11247,3,M VERSTAPPEN,Max VERSTAPPEN,VER,Red Bull Racing,4781D7,Max,Verstappen,https://media.formula1.com/d_driver_fallback_image.png/content/dam/fom-website/drivers/M/MAXVER01_Max_Verstappen/maxver01.png.transform/1col/image.png,,2026-07-03T10:20:02.253436Z
1281,11247,5,G BORTOLETO,Gabriel BORTOLETO,BOR,Audi,F50537,Gabriel,Bortoleto,https://media.formula1.com/d_driver_fallback_image.png/content/dam/fom-website/drivers/G/GABBOR01_Gabriel_Bortoleto/gabbor01.png.transform/1col/image.png,,2026-07-03T10:20:02.253436Z
1281,11247,6,I HADJAR,Isack HADJAR,HAD,Red Bull Racing,4781D7,Isack,Hadjar,https://media.formula1.com/d_driver_fallback_image.png/content/dam/fom-website/drivers/I/ISAHAD01_Isack_Hadjar/isahad01.png.transform/1col/image.png,,2026-07-03T10:20:02.253436Z
1281,11247,10,P GASLY,Pierre GASLY,GAS,Alpine,00A1E8,Pierre,Gasly,https://media.formula1.com/d_driver_fallback_image.png/content/dam/fom-website/drivers/P/PIEGAS01_Pierre_Gasly/piegas01.png.transform/1col/image.png,,2026-07-03T10:20:02.253436Z
1281,11247,11,S PEREZ,Sergio PEREZ,PER,Cadillac,909090,Sergio,Perez,https://media.formula1.com/d_driver_fallback_image.png/content/dam/fom-website/drivers/S/SERPER01_Sergio_Perez/serper01.png.transform/1col/image.png,,2026-07-03T10:20:02.253436Z
1281,11247,12,K ANTONELLI,Kimi ANTONELLI,ANT,Mercedes,00D7B6,Kimi,Antonelli,https://media.formula1.com/d_driver_fallback_image.png/content/dam/fom-website/drivers/K/ANDANT01_Kimi_Antonelli/andant01.png.transform/1col/image.png,,2026-07-03T10:20:02.253436Z
1281,11247,14,F ALONSO,Fernando ALONSO,ALO,Aston Martin,229971,Fernando,Alonso,https://media.formula1.com/d_driver_fallback_image.png/content/dam/fom-website/drivers/F/FERALO01_Fernando_Alonso/feralo01.png.transform/1col/image.png,,2026-07-03T10:20:02.253436Z
1281,11247,16,C LECLERC,Charles LECLERC,LEC,Ferrari,ED1131,Charles,Leclerc,https://media.formula1.com/d_driver_fallback_image.png/content/dam/fom-website/drivers/C/CHALEC01_Charles_Leclerc/chalec01.png.transform/1col/image.png,,2026-07-03T10:20:02.253436Z
1281,11247,18,L STROLL,Lance STROLL,STR,Aston Martin,229971,Lance,Stroll,https://media.formula1.com/d_driver_fallback_image.png/content/dam/fom-website/drivers/L/LANSTR01_Lance_Stroll/lanstr01.png.transform/1col/image.png,,2026-07-03T10:20:02.253436Z
1281,11247,23,A ALBON,Alexander ALBON,ALB,Williams,1868DB,Alexander,Albon,https://media.formula1.com/d_driver_fallback_image.png/content/dam/fom-website/drivers/A/ALEALB01_Alexander_Albon/alealb01.png.transform/1col/image.png,,2026-07-03T10:20:02.253436Z
1281,11247,27,N HULKENBERG,Nico HULKENBERG,HUL,Audi,F50537,Nico,Hulkenberg,https://media.formula1.com/d_driver_fallback_image.png/content/dam/fom-website/drivers/N/NICHUL01_Nico_Hulkenberg/nichul01.png.transform/1col/image.png,,2026-07-03T10:20:02.253436Z
1281,11247,30,L LAWSON,Liam LAWSON,LAW,Racing Bulls,6C98FF,Liam,Lawson,https://media.formula1.com/d_driver_fallback_image.png/content/dam/fom-website/drivers/L/LIALAW01_Liam_Lawson/lialaw01.png.transform/1col/image.png,,2026-07-03T10:20:02.253436Z
1281,11247,31,E OCON,Esteban OCON,OCO,Haas F1 Team,9C9FA2,Esteban,Ocon,https://media.formula1.com/d_driver_fallback_image.png/content/dam/fom-website/drivers/E/ESTOCO01_Esteban_Ocon/estoco01.png.transform/1col/image.png,,2026-07-03T10:20:02.253436Z
1281,11247,41,A LINDBLAD,Arvid LINDBLAD,LIN,Racing Bulls,6C98FF,Arvid,Lindblad,https://media.formula1.com/d_driver_fallback_image.png/content/dam/fom-website/drivers/A/ARVLIN01_Arvid_Lindblad/arvlin01.png.transform/1col/image.png,,2026-07-03T10:20:02.253436Z
1281,11247,43,F COLAPINTO,Franco COLAPINTO,COL,Alpine,00A1E8,Franco,Colapinto,https://media.formula1.com/d_driver_fallback_image.png/content/dam/fom-website/drivers/F/FRACOL01_Franco_Colapinto/fracol01.png.transform/1col/image.png,,2026-07-03T10:20:02.253436Z
1281,11247,44,L HAMILTON,Lewis HAMILTON,HAM,Ferrari,ED1131,Lewis,Hamilton,https://media.formula1.com/d_driver_fallback_image.png/content/dam/fom-website/drivers/L/LEWHAM01_Lewis_Hamilton/lewham01.png.transform/1col/image.png,,2026-07-03T10:20:02.253436Z
1281,11247,55,C SAINZ,Carlos SAINZ,SAI,Williams,1868DB,Carlos,Sainz,https://media.formula1.com/d_driver_fallback_image.png/content/dam/fom-website/drivers/C/CARSAI01_Carlos_Sainz/carsai01.png.transform/1col/image.png,,2026-07-03T10:20:02.253436Z
1281,11247,63,G RUSSELL,George RUSSELL,RUS,Mercedes,00D7B6,George,Russell,https://media.formula1.com/d_driver_fallback_image.png/content/dam/fom-website/drivers/G/GEORUS01_George_Russell/georus01.png.transform/1col/image.png,,2026-07-03T10:20:02.253436Z
1281,11247,77,V BOTTAS,Valtteri BOTTAS,BOT,Cadillac,909090,Valtteri,Bottas,https://media.formula1.com/d_driver_fallback_image.png/content/dam/fom-website/drivers/V/VALBOT01_Valtteri_Bottas/valbot01.png.transform/1col/image.png,,2026-07-03T10:20:02.253436Z
1281,11247,81,O PIASTRI,Oscar PIASTRI,PIA,McLaren,F47600,Oscar,Piastri,https://media.formula1.com/d_driver_fallback_image.png/content/dam/fom-website/drivers/O/OSCPIA01_Oscar_Piastri/oscpia01.png.transform/1col/image.png,,2026-07-03T10:20:02.253436Z
1281,11247,87,O BEARMAN,Oliver BEARMAN,BEA,Haas F1 Team,9C9FA2,Oliver,Bearman,https://media.formula1.com/d_driver_fallback_image.png/content/dam/fom-website/drivers/O/OLIBEA01_Oliver_Bearman/olibea01.png.transform/1col/image.png,,2026-07-03T10:20:02.253436Z
1281,11248,1,L NORRIS,Lando NORRIS,NOR,McLaren,F47600,Lando,Norris,https://media.formula1.com/d_driver_fallback_image.png/content/dam/fom-website/drivers/L/LANNOR01_Lando_Norris/lannor01.png.transform/1col/image.png,,2026-07-03T10:20:06.880848Z
1281,11248,3,M VERSTAPPEN,Max VERSTAPPEN,VER,Red Bull Racing,4781D7,Max,Verstappen,https://media.formula1.com/d_driver_fallback_image.png/content/dam/fom-website/drivers/M/MAXVER01_Max_Verstappen/maxver01.png.transform/1col/image.png,,2026-07-03T10:20:06.880848Z
1281,11248,5,G BORTOLETO,Gabriel BORTOLETO,BOR,Audi,F50537,Gabriel,Bortoleto,https://media.formula1.com/d_driver_fallback_image.png/content/dam/fom-website/drivers/G/GABBOR01_Gabriel_Bortoleto/gabbor01.png.transform/1col/image.png,,2026-07-03T10:20:06.880848Z
1281,11248,6,I HADJAR,Isack HADJAR,HAD,Red Bull Racing,4781D7,Isack,Hadjar,https://media.formula1.com/d_driver_fallback_image.png/content/dam/fom-website/drivers/I/ISAHAD01_Isack_Hadjar/isahad01.png.transform/1col/image.png,,2026-07-03T10:20:06.880848Z
1281,11248,10,P GASLY,Pierre GASLY,GAS,Alpine,00A1E8,Pierre,Gasly,https://media.formula1.com/d_driver_fallback_image.png/content/dam/fom-website/drivers/P/PIEGAS01_Pierre_Gasly/piegas01.png.transform/1col/image.png,,2026-07-03T10:20:06.880848Z
1281,11248,11,S PEREZ,Sergio PEREZ,PER,Cadillac,909090,Sergio,Perez,https://media.formula1.com/d_driver_fallback_image.png/content/dam/fom-website/drivers/S/SERPER01_Sergio_Perez/serper01.png.transform/1col/image.png,,2026-07-03T10:20:06.880848Z
1281,11248,12,K ANTONELLI,Kimi ANTONELLI,ANT,Mercedes,00D7B6,Kimi,Antonelli,https://media.formula1.com/d_driver_fallback_image.png/content/dam/fom-website/drivers/K/ANDANT01_Kimi_Antonelli/andant01.png.transform/1col/image.png,,2026-07-03T10:20:06.880848Z
1281,11248,14,F ALONSO,Fernando ALONSO,ALO,Aston Martin,229971,Fernando,Alonso,https://media.formula1.com/d_driver_fallback_image.png/content/dam/fom-website/drivers/F/FERALO01_Fernando_Alonso/feralo01.png.transform/1col/image.png,,2026-07-03T10:20:06.880848Z
1281,11248,16,C LECLERC,Charles LECLERC,LEC,Ferrari,ED1131,Charles,Leclerc,https://media.formula1.com/d_driver_fallback_image.png/content/dam/fom-website/drivers/C/CHALEC01_Charles_Leclerc/chalec01.png.transform/1col/image.png,,2026-07-03T10:20:06.880848Z
1281,11248,18,L STROLL,Lance STROLL,STR,Aston Martin,229971,Lance,Stroll,https://media.formula1.com/d_driver_fallback_image.png/content/dam/fom-website/drivers/L/LANSTR01_Lance_Stroll/lanstr01.png.transform/1col/image.png,,2026-07-03T10:20:06.880848Z
1281,11248,23,A ALBON,Alexander ALBON,ALB,Williams,1868DB,Alexander,Albon,https://media.formula1.com/d_driver_fallback_image.png/content/dam/fom-website/drivers/A/ALEALB01_Alexander_Albon/alealb01.png.transform/1col/image.png,,2026-07-03T10:20:06.880848Z
1281,11248,27,N HULKENBERG,Nico HULKENBERG,HUL,Audi,F50537,Nico,Hulkenberg,https://media.formula1.com/d_driver_fallback_image.png/content/dam/fom-website/drivers/N/NICHUL01_Nico_Hulkenberg/nichul01.png.transform/1col/image.png,,2026-07-03T10:20:06.880848Z
1281,11248,30,L LAWSON,Liam LAWSON,LAW,Racing Bulls,6C98FF,Liam,Lawson,https://media.formula1.com/d_driver_fallback_image.png/content/dam/fom-website/drivers/L/LIALAW01_Liam_Lawson/lialaw01.png.transform/1col/image.png,,2026-07-03T10:20:06.880848Z
1281,11248,31,E OCON,Esteban OCON,OCO,Haas F1 Team,9C9FA2,Esteban,Ocon,https://media.formula1.com/d_driver_fallback_image.png/content/dam/fom-website/drivers/E/ESTOCO01_Esteban_Ocon/estoco01.png.transform/1col/image.png,,2026-07-03T10:20:06.880848Z
1281,11248,41,A LINDBLAD,Arvid LINDBLAD,LIN,Racing Bulls,6C98FF,Arvid,Lindblad,https://media.formula1.com/d_driver_fallback_image.png/content/dam/fom-website/drivers/A/ARVLIN01_Arvid_Lindblad/arvlin01.png.transform/1col/image.png,,2026-07-03T10:20:06.880848Z
1281,11248,43,F COLAPINTO,Franco COLAPINTO,COL,Alpine,00A1E8,Franco,Colapinto,https://media.formula1.com/d_driver_fallback_image.png/content/dam/fom-website/drivers/F/FRACOL01_Franco_Colapinto/fracol01.png.transform/1col/image.png,,2026-07-03T10:20:06.880848Z
1281,11248,44,L HAMILTON,Lewis HAMILTON,HAM,Ferrari,ED1131,Lewis,Hamilton,https://media.formula1.com/d_driver_fallback_image.png/content/dam/fom-website/drivers/L/LEWHAM01_Lewis_Hamilton/lewham01.png.transform/1col/image.png,,2026-07-03T10:20:06.880848Z
1281,11248,55,C SAINZ,Carlos SAINZ,SAI,Williams,1868DB,Carlos,Sainz,https://media.formula1.com/d_driver_fallback_image.png/content/dam/fom-website/drivers/C/CARSAI01_Carlos_Sainz/carsai01.png.transform/1col/image.png,,2026-07-03T10:20:06.880848Z
1281,11248,63,G RUSSELL,George RUSSELL,RUS,Mercedes,00D7B6,George,Russell,https://media.formula1.com/d_driver_fallback_image.png/content/dam/fom-website/drivers/G/GEORUS01_George_Russell/georus01.png.transform/1col/image.png,,2026-07-03T10:20:06.880848Z
1281,11248,77,V BOTTAS,Valtteri BOTTAS,BOT,Cadillac,909090,Valtteri,Bottas,https://media.formula1.com/d_driver_fallback_image.png/content/dam/fom-website/drivers/V/VALBOT01_Valtteri_Bottas/valbot01.png.transform/1col/image.png,,2026-07-03T10:20:06.880848Z
1281,11248,81,O PIASTRI,Oscar PIASTRI,PIA,McLaren,F47600,Oscar,Piastri,https://media.formula1.com/d_driver_fallback_image.png/content/dam/fom-website/drivers/O/OSCPIA01_Oscar_Piastri/oscpia01.png.transform/1col/image.png,,2026-07-03T10:20:06.880848Z
1281,11248,87,O BEARMAN,Oliver BEARMAN,BEA,Haas F1 Team,9C9FA2,Oliver,Bearman,https://media.formula1.com/d_driver_fallback_image.png/content/dam/fom-website/drivers/O/OLIBEA01_Oliver_Bearman/olibea01.png.transform/1col/image.png,,2026-07-03T10:20:06.880848Z
1281,11249,1,L NORRIS,Lando NORRIS,NOR,McLaren,F47600,Lando,Norris,https://media.formula1.com/d_driver_fallback_image.png/content/dam/fom-website/drivers/L/LANNOR01_Lando_Norris/lannor01.png.transform/1col/image.png,,2026-07-03T10:20:11.531257Z
1281,11249,3,M VERSTAPPEN,Max VERSTAPPEN,VER,Red Bull Racing,4781D7,Max,Verstappen,https://media.formula1.com/d_driver_fallback_image.png/content/dam/fom-website/drivers/M/MAXVER01_Max_Verstappen/maxver01.png.transform/1col/image.png,,2026-07-03T10:20:11.531257Z
1281,11249,5,G BORTOLETO,Gabriel BORTOLETO,BOR,Audi,F50537,Gabriel,Bortoleto,https://media.formula1.com/d_driver_fallback_image.png/content/dam/fom-website/drivers/G/GABBOR01_Gabriel_Bortoleto/gabbor01.png.transform/1col/image.png,,2026-07-03T10:20:11.531257Z
1281,11249,6,I HADJAR,Isack HADJAR,HAD,Red Bull Racing,4781D7,Isack,Hadjar,https://media.formula1.com/d_driver_fallback_image.png/content/dam/fom-website/drivers/I/ISAHAD01_Isack_Hadjar/isahad01.png.transform/1col/image.png,,2026-07-03T10:20:11.531257Z
1281,11249,10,P GASLY,Pierre GASLY,GAS,Alpine,00A1E8,Pierre,Gasly,https://media.formula1.com/d_driver_fallback_image.png/content/dam/fom-website/drivers/P/PIEGAS01_Pierre_Gasly/piegas01.png.transform/1col/image.png,,2026-07-03T10:20:11.531257Z
1281,11249,11,S PEREZ,Sergio PEREZ,PER,Cadillac,909090,Sergio,Perez,https://media.formula1.com/d_driver_fallback_image.png/content/dam/fom-website/drivers/S/SERPER01_Sergio_Perez/serper01.png.transform/1col/image.png,,2026-07-03T10:20:11.531257Z
1281,11249,12,K ANTONELLI,Kimi ANTONELLI,ANT,Mercedes,00D7B6,Kimi,Antonelli,https://media.formula1.com/d_driver_fallback_image.png/content/dam/fom-website/drivers/K/ANDANT01_Kimi_Antonelli/andant01.png.transform/1col/image.png,,2026-07-03T10:20:11.531257Z
1281,11249,14,F ALONSO,Fernando ALONSO,ALO,Aston Martin,229971,Fernando,Alonso,https://media.formula1.com/d_driver_fallback_image.png/content/dam/fom-website/drivers/F/FERALO01_Fernando_Alonso/feralo01.png.transform/1col/image.png,,2026-07-03T10:20:11.531257Z
1281,11249,16,C LECLERC,Charles LECLERC,LEC,Ferrari,ED1131,Charles,Leclerc,https://media.formula1.com/d_driver_fallback_image.png/content/dam/fom-website/drivers/C/CHALEC01_Charles_Leclerc/chalec01.png.transform/1col/image.png,,2026-07-03T10:20:11.531257Z
1281,11249,18,L STROLL,Lance STROLL,STR,Aston Martin,229971,Lance,Stroll,https://media.formula1.com/d_driver_fallback_image.png/content/dam/fom-website/drivers/L/LANSTR01_Lance_Stroll/lanstr01.png.transform/1col/image.png,,2026-07-03T10:20:11.531257Z
1281,11249,23,A ALBON,Alexander ALBON,ALB,Williams,1868DB,Alexander,Albon,https://media.formula1.com/d_driver_fallback_image.png/content/dam/fom-website/drivers/A/ALEALB01_Alexander_Albon/alealb01.png.transform/1col/image.png,,2026-07-03T10:20:11.531257Z
1281,11249,27,N HULKENBERG,Nico HULKENBERG,HUL,Audi,F50537,Nico,Hulkenberg,https://media.formula1.com/d_driver_fallback_image.png/content/dam/fom-website/drivers/N/NICHUL01_Nico_Hulkenberg/nichul01.png.transform/1col/image.png,,2026-07-03T10:20:11.531257Z
1281,11249,30,L LAWSON,Liam LAWSON,LAW,Racing Bulls,6C98FF,Liam,Lawson,https://media.formula1.com/d_driver_fallback_image.png/content/dam/fom-website/drivers/L/LIALAW01_Liam_Lawson/lialaw01.png.transform/1col/image.png,,2026-07-03T10:20:11.531257Z
1281,11249,31,E OCON,Esteban OCON,OCO,Haas F1 Team,9C9FA2,Esteban,Ocon,https://media.formula1.com/d_driver_fallback_image.png/content/dam/fom-website/drivers/E/ESTOCO01_Esteban_Ocon/estoco01.png.transform/1col/image.png,,2026-07-03T10:20:11.531257Z
1281,11249,41,A LINDBLAD,Arvid LINDBLAD,LIN,Racing Bulls,6C98FF,Arvid,Lindblad,https://media.formula1.com/d_driver_fallback_image.png/content/dam/fom-website/drivers/A/ARVLIN01_Arvid_Lindblad/arvlin01.png.transform/1col/image.png,,2026-07-03T10:20:11.531257Z
1281,11249,43,F COLAPINTO,Franco COLAPINTO,COL,Alpine,00A1E8,Franco,Colapinto,https://media.formula1.com/d_driver_fallback_image.png/content/dam/fom-website/drivers/F/FRACOL01_Franco_Colapinto/fracol01.png.transform/1col/image.png,,2026-07-03T10:20:11.531257Z
1281,11249,44,L HAMILTON,Lewis HAMILTON,HAM,Ferrari,ED1131,Lewis,Hamilton,https://media.formula1.com/d_driver_fallback_image.png/content/dam/fom-website/drivers/L/LEWHAM01_Lewis_Hamilton/lewham01.png.transform/1col/image.png,,2026-07-03T10:20:11.531257Z
1281,11249,55,C SAINZ,Carlos SAINZ,SAI,Williams,1868DB,Carlos,Sainz,https://media.formula1.com/d_driver_fallback_image.png/content/dam/fom-website/drivers/C/CARSAI01_Carlos_Sainz/carsai01.png.transform/1col/image.png,,2026-07-03T10:20:11.531257Z
1281,11249,63,G RUSSELL,George RUSSELL,RUS,Mercedes,00D7B6,George,Russell,https://media.formula1.com/d_driver_fallback_image.png/content/dam/fom-website/drivers/G/GEORUS01_George_Russell/georus01.png.transform/1col/image.png,,2026-07-03T10:20:11.531257Z
1281,11249,77,V BOTTAS,Valtteri BOTTAS,BOT,Cadillac,909090,Valtteri,Bottas,https://media.formula1.com/d_driver_fallback_image.png/content/dam/fom-website/drivers/V/VALBOT01_Valtteri_Bottas/valbot01.png.transform/1col/image.png,,2026-07-03T10:20:11.531257Z
1281,11249,81,O PIASTRI,Oscar PIASTRI,PIA,McLaren,F47600,Oscar,Piastri,https://media.formula1.com/d_driver_fallback_image.png/content/dam/fom-website/drivers/O/OSCPIA01_Oscar_Piastri/oscpia01.png.transform/1col/image.png,,2026-07-03T10:20:11.531257Z
1281,11249,87,O BEARMAN,Oliver BEARMAN,BEA,Haas F1 Team,9C9FA2,Oliver,Bearman,https://media.formula1.com/d_driver_fallback_image.png/content/dam/fom-website/drivers/O/OLIBEA01_Oliver_Bearman/olibea01.png.transform/1col/image.png,,2026-07-03T10:20:11.531257Z
1281,11253,1,L NORRIS,Lando NORRIS,NOR,McLaren,F47600,Lando,Norris,https://media.formula1.com/d_driver_fallback_image.png/content/dam/fom-website/drivers/L/LANNOR01_Lando_Norris/lannor01.png.transform/1col/image.png,,2026-07-03T10:20:18.168969Z
1281,11253,3,M VERSTAPPEN,Max VERSTAPPEN,VER,Red Bull Racing,4781D7,Max,Verstappen,https://media.formula1.com/d_driver_fallback_image.png/content/dam/fom-website/drivers/M/MAXVER01_Max_Verstappen/maxver01.png.transform/1col/image.png,,2026-07-03T10:20:18.168969Z
1281,11253,5,G BORTOLETO,Gabriel BORTOLETO,BOR,Audi,F50537,Gabriel,Bortoleto,https://media.formula1.com/d_driver_fallback_image.png/content/dam/fom-website/drivers/G/GABBOR01_Gabriel_Bortoleto/gabbor01.png.transform/1col/image.png,,2026-07-03T10:20:18.168969Z
1281,11253,6,I HADJAR,Isack HADJAR,HAD,Red Bull Racing,4781D7,Isack,Hadjar,https://media.formula1.com/d_driver_fallback_image.png/content/dam/fom-website/drivers/I/ISAHAD01_Isack_Hadjar/isahad01.png.transform/1col/image.png,,2026-07-03T10:20:18.168969Z
1281,11253,10,P GASLY,Pierre GASLY,GAS,Alpine,00A1E8,Pierre,Gasly,https://media.formula1.com/d_driver_fallback_image.png/content/dam/fom-website/drivers/P/PIEGAS01_Pierre_Gasly/piegas01.png.transform/1col/image.png,,2026-07-03T10:20:18.168969Z
1281,11253,11,S PEREZ,Sergio PEREZ,PER,Cadillac,909090,Sergio,Perez,https://media.formula1.com/d_driver_fallback_image.png/content/dam/fom-website/drivers/S/SERPER01_Sergio_Perez/serper01.png.transform/1col/image.png,,2026-07-03T10:20:18.168969Z
1281,11253,12,K ANTONELLI,Kimi ANTONELLI,ANT,Mercedes,00D7B6,Kimi,Antonelli,https://media.formula1.com/d_driver_fallback_image.png/content/dam/fom-website/drivers/K/ANDANT01_Kimi_Antonelli/andant01.png.transform/1col/image.png,,2026-07-03T10:20:18.168969Z
1281,11253,14,F ALONSO,Fernando ALONSO,ALO,Aston Martin,229971,Fernando,Alonso,https://media.formula1.com/d_driver_fallback_image.png/content/dam/fom-website/drivers/F/FERALO01_Fernando_Alonso/feralo01.png.transform/1col/image.png,,2026-07-03T10:20:18.168969Z
1281,11253,16,C LECLERC,Charles LECLERC,LEC,Ferrari,ED1131,Charles,Leclerc,https://media.formula1.com/d_driver_fallback_image.png/content/dam/fom-website/drivers/C/CHALEC01_Charles_Leclerc/chalec01.png.transform/1col/image.png,,2026-07-03T10:20:18.168969Z
1281,11253,18,L STROLL,Lance STROLL,STR,Aston Martin,229971,Lance,Stroll,https://media.formula1.com/d_driver_fallback_image.png/content/dam/fom-website/drivers/L/LANSTR01_Lance_Stroll/lanstr01.png.transform/1col/image.png,,2026-07-03T10:20:18.168969Z
1281,11253,23,A ALBON,Alexander ALBON,ALB,Williams,1868DB,Alexander,Albon,https://media.formula1.com/d_driver_fallback_image.png/content/dam/fom-website/drivers/A/ALEALB01_Alexander_Albon/alealb01.png.transform/1col/image.png,,2026-07-03T10:20:18.168969Z
1281,11253,27,N HULKENBERG,Nico HULKENBERG,HUL,Audi,F50537,Nico,Hulkenberg,https://media.formula1.com/d_driver_fallback_image.png/content/dam/fom-website/drivers/N/NICHUL01_Nico_Hulkenberg/nichul01.png.transform/1col/image.png,,2026-07-03T10:20:18.168969Z
1281,11253,30,L LAWSON,Liam LAWSON,LAW,Racing Bulls,6C98FF,Liam,Lawson,https://media.formula1.com/d_driver_fallback_image.png/content/dam/fom-website/drivers/L/LIALAW01_Liam_Lawson/lialaw01.png.transform/1col/image.png,,2026-07-03T10:20:18.168969Z
1281,11253,31,E OCON,Esteban OCON,OCO,Haas F1 Team,9C9FA2,Esteban,Ocon,https://media.formula1.com/d_driver_fallback_image.png/content/dam/fom-website/drivers/E/ESTOCO01_Esteban_Ocon/estoco01.png.transform/1col/image.png,,2026-07-03T10:20:18.168969Z
1281,11253,41,A LINDBLAD,Arvid LINDBLAD,LIN,Racing Bulls,6C98FF,Arvid,Lindblad,https://media.formula1.com/d_driver_fallback_image.png/content/dam/fom-website/drivers/A/ARVLIN01_Arvid_Lindblad/arvlin01.png.transform/1col/image.png,,2026-07-03T10:20:18.168969Z
1281,11253,43,F COLAPINTO,Franco COLAPINTO,COL,Alpine,00A1E8,Franco,Colapinto,https://media.formula1.com/d_driver_fallback_image.png/content/dam/fom-website/drivers/F/FRACOL01_Franco_Colapinto/fracol01.png.transform/1col/image.png,,2026-07-03T10:20:18.168969Z
1281,11253,44,L HAMILTON,Lewis HAMILTON,HAM,Ferrari,ED1131,Lewis,Hamilton,https://media.formula1.com/d_driver_fallback_image.png/content/dam/fom-website/drivers/L/LEWHAM01_Lewis_Hamilton/lewham01.png.transform/1col/image.png,,2026-07-03T10:20:18.168969Z
1281,11253,55,C SAINZ,Carlos SAINZ,SAI,Williams,1868DB,Carlos,Sainz,https://media.formula1.com/d_driver_fallback_image.png/content/dam/fom-website/drivers/C/CARSAI01_Carlos_Sainz/carsai01.png.transform/1col/image.png,,2026-07-03T10:20:18.168969Z
1281,11253,63,G RUSSELL,George RUSSELL,RUS,Mercedes,00D7B6,George,Russell,https://media.formula1.com/d_driver_fallback_image.png/content/dam/fom-website/drivers/G/GEORUS01_George_Russell/georus01.png.transform/1col/image.png,,2026-07-03T10:20:18.168969Z
1281,11253,77,V BOTTAS,Valtteri BOTTAS,BOT,Cadillac,909090,Valtteri,Bottas,https://media.formula1.com/d_driver_fallback_image.png/content/dam/fom-website/drivers/V/VALBOT01_Valtteri_Bottas/valbot01.png.transform/1col/image.png,,2026-07-03T10:20:18.168969Z
1281,11253,81,O PIASTRI,Oscar PIASTRI,PIA,McLaren,F47600,Oscar,Piastri,https://media.formula1.com/d_driver_fallback_image.png/content/dam/fom-website/drivers/O/OSCPIA01_Oscar_Piastri/oscpia01.png.transform/1col/image.png,,2026-07-03T10:20:18.168969Z
1281,11253,87,O BEARMAN,Oliver BEARMAN,BEA,Haas F1 Team,9C9FA2,Oliver,Bearman,https://media.formula1.com/d_driver_fallback_image.png/content/dam/fom-website/drivers/O/OLIBEA01_Oliver_Bearman/olibea01.png.transform/1col/image.png,,2026-07-03T10:20:18.168969Z
1282,11256,1,L NORRIS,Lando NORRIS,NOR,McLaren,F47600,Lando,Norris,https://media.formula1.com/d_driver_fallback_image.png/content/dam/fom-website/drivers/L/LANNOR01_Lando_Norris/lannor01.png.transform/1col/image.png,,2026-07-03T10:21:03.183209Z
1282,11256,3,M VERSTAPPEN,Max VERSTAPPEN,VER,Red Bull Racing,4781D7,Max,Verstappen,https://media.formula1.com/d_driver_fallback_image.png/content/dam/fom-website/drivers/M/MAXVER01_Max_Verstappen/maxver01.png.transform/1col/image.png,,2026-07-03T10:21:03.183209Z
1282,11256,5,G BORTOLETO,Gabriel BORTOLETO,BOR,Audi,F50537,Gabriel,Bortoleto,https://media.formula1.com/d_driver_fallback_image.png/content/dam/fom-website/drivers/G/GABBOR01_Gabriel_Bortoleto/gabbor01.png.transform/1col/image.png,,2026-07-03T10:21:03.183209Z
1282,11256,6,I HADJAR,Isack HADJAR,HAD,Red Bull Racing,4781D7,Isack,Hadjar,https://media.formula1.com/d_driver_fallback_image.png/content/dam/fom-website/drivers/I/ISAHAD01_Isack_Hadjar/isahad01.png.transform/1col/image.png,,2026-07-03T10:21:03.183209Z
1282,11256,10,P GASLY,Pierre GASLY,GAS,Alpine,00A1E8,Pierre,Gasly,https://media.formula1.com/d_driver_fallback_image.png/content/dam/fom-website/drivers/P/PIEGAS01_Pierre_Gasly/piegas01.png.transform/1col/image.png,,2026-07-03T10:21:03.183209Z
1282,11256,11,S PEREZ,Sergio PEREZ,PER,Cadillac,909090,Sergio,Perez,https://media.formula1.com/d_driver_fallback_image.png/content/dam/fom-website/drivers/S/SERPER01_Sergio_Perez/serper01.png.transform/1col/image.png,,2026-07-03T10:21:03.183209Z
1282,11256,12,K ANTONELLI,Kimi ANTONELLI,ANT,Mercedes,00D7B6,Kimi,Antonelli,https://media.formula1.com/d_driver_fallback_image.png/content/dam/fom-website/drivers/K/ANDANT01_Kimi_Antonelli/andant01.png.transform/1col/image.png,,2026-07-03T10:21:03.183209Z
1282,11256,14,F ALONSO,Fernando ALONSO,ALO,Aston Martin,229971,Fernando,Alonso,https://media.formula1.com/d_driver_fallback_image.png/content/dam/fom-website/drivers/F/FERALO01_Fernando_Alonso/feralo01.png.transform/1col/image.png,,2026-07-03T10:21:03.183209Z
1282,11256,16,C LECLERC,Charles LECLERC,LEC,Ferrari,ED1131,Charles,Leclerc,https://media.formula1.com/d_driver_fallback_image.png/content/dam/fom-website/drivers/C/CHALEC01_Charles_Leclerc/chalec01.png.transform/1col/image.png,,2026-07-03T10:21:03.183209Z
1282,11256,18,L STROLL,Lance STROLL,STR,Aston Martin,229971,Lance,Stroll,https://media.formula1.com/d_driver_fallback_image.png/content/dam/fom-website/drivers/L/LANSTR01_Lance_Stroll/lanstr01.png.transform/1col/image.png,,2026-07-03T10:21:03.183209Z
1282,11256,23,A ALBON,Alexander ALBON,ALB,Williams,1868DB,Alexander,Albon,https://media.formula1.com/d_driver_fallback_image.png/content/dam/fom-website/drivers/A/ALEALB01_Alexander_Albon/alealb01.png.transform/1col/image.png,,2026-07-03T10:21:03.183209Z
1282,11256,27,N HULKENBERG,Nico HULKENBERG,HUL,Audi,F50537,Nico,Hulkenberg,https://media.formula1.com/d_driver_fallback_image.png/content/dam/fom-website/drivers/N/NICHUL01_Nico_Hulkenberg/nichul01.png.transform/1col/image.png,,2026-07-03T10:21:03.183209Z
1282,11256,30,L LAWSON,Liam LAWSON,LAW,Racing Bulls,6C98FF,Liam,Lawson,https://media.formula1.com/d_driver_fallback_image.png/content/dam/fom-website/drivers/L/LIALAW01_Liam_Lawson/lialaw01.png.transform/1col/image.png,,2026-07-03T10:21:03.183209Z
1282,11256,31,E OCON,Esteban OCON,OCO,Haas F1 Team,9C9FA2,Esteban,Ocon,https://media.formula1.com/d_driver_fallback_image.png/content/dam/fom-website/drivers/E/ESTOCO01_Esteban_Ocon/estoco01.png.transform/1col/image.png,,2026-07-03T10:21:03.183209Z
1282,11256,41,A LINDBLAD,Arvid LINDBLAD,LIN,Racing Bulls,6C98FF,Arvid,Lindblad,https://media.formula1.com/d_driver_fallback_image.png/content/dam/fom-website/drivers/A/ARVLIN01_Arvid_Lindblad/arvlin01.png.transform/1col/image.png,,2026-07-03T10:21:03.183209Z
1282,11256,43,F COLAPINTO,Franco COLAPINTO,COL,Alpine,00A1E8,Franco,Colapinto,https://media.formula1.com/d_driver_fallback_image.png/content/dam/fom-website/drivers/F/FRACOL01_Franco_Colapinto/fracol01.png.transform/1col/image.png,,2026-07-03T10:21:03.183209Z
1282,11256,44,L HAMILTON,Lewis HAMILTON,HAM,Ferrari,ED1131,Lewis,Hamilton,https://media.formula1.com/d_driver_fallback_image.png/content/dam/fom-website/drivers/L/LEWHAM01_Lewis_Hamilton/lewham01.png.transform/1col/image.png,,2026-07-03T10:21:03.183209Z
1282,11256,55,C SAINZ,Carlos SAINZ,SAI,Williams,1868DB,Carlos,Sainz,https://media.formula1.com/d_driver_fallback_image.png/content/dam/fom-website/drivers/C/CARSAI01_Carlos_Sainz/carsai01.png.transform/1col/image.png,,2026-07-03T10:21:03.183209Z
1282,11256,63,G RUSSELL,George RUSSELL,RUS,Mercedes,00D7B6,George,Russell,https://media.formula1.com/d_driver_fallback_image.png/content/dam/fom-website/drivers/G/GEORUS01_George_Russell/georus01.png.transform/1col/image.png,,2026-07-03T10:21:03.183209Z
1282,11256,77,V BOTTAS,Valtteri BOTTAS,BOT,Cadillac,909090,Valtteri,Bottas,https://media.formula1.com/d_driver_fallback_image.png/content/dam/fom-website/drivers/V/VALBOT01_Valtteri_Bottas/valbot01.png.transform/1col/image.png,,2026-07-03T10:21:03.183209Z
1282,11256,81,O PIASTRI,Oscar PIASTRI,PIA,McLaren,F47600,Oscar,Piastri,https://media.formula1.com/d_driver_fallback_image.png/content/dam/fom-website/drivers/O/OSCPIA01_Oscar_Piastri/oscpia01.png.transform/1col/image.png,,2026-07-03T10:21:03.183209Z
1282,11256,87,O BEARMAN,Oliver BEARMAN,BEA,Haas F1 Team,9C9FA2,Oliver,Bearman,https://media.formula1.com/d_driver_fallback_image.png/content/dam/fom-website/drivers/O/OLIBEA01_Oliver_Bearman/olibea01.png.transform/1col/image.png,,2026-07-03T10:21:03.183209Z
1282,11257,1,L NORRIS,Lando NORRIS,NOR,McLaren,F47600,Lando,Norris,https://media.formula1.com/d_driver_fallback_image.png/content/dam/fom-website/drivers/L/LANNOR01_Lando_Norris/lannor01.png.transform/1col/image.png,,2026-07-03T10:21:08.344092Z
1282,11257,3,M VERSTAPPEN,Max VERSTAPPEN,VER,Red Bull Racing,4781D7,Max,Verstappen,https://media.formula1.com/d_driver_fallback_image.png/content/dam/fom-website/drivers/M/MAXVER01_Max_Verstappen/maxver01.png.transform/1col/image.png,,2026-07-03T10:21:08.344092Z
1282,11257,5,G BORTOLETO,Gabriel BORTOLETO,BOR,Audi,F50537,Gabriel,Bortoleto,https://media.formula1.com/d_driver_fallback_image.png/content/dam/fom-website/drivers/G/GABBOR01_Gabriel_Bortoleto/gabbor01.png.transform/1col/image.png,,2026-07-03T10:21:08.344092Z
1282,11257,6,I HADJAR,Isack HADJAR,HAD,Red Bull Racing,4781D7,Isack,Hadjar,https://media.formula1.com/d_driver_fallback_image.png/content/dam/fom-website/drivers/I/ISAHAD01_Isack_Hadjar/isahad01.png.transform/1col/image.png,,2026-07-03T10:21:08.344092Z
1282,11257,10,P GASLY,Pierre GASLY,GAS,Alpine,00A1E8,Pierre,Gasly,https://media.formula1.com/d_driver_fallback_image.png/content/dam/fom-website/drivers/P/PIEGAS01_Pierre_Gasly/piegas01.png.transform/1col/image.png,,2026-07-03T10:21:08.344092Z
1282,11257,11,S PEREZ,Sergio PEREZ,PER,Cadillac,909090,Sergio,Perez,https://media.formula1.com/d_driver_fallback_image.png/content/dam/fom-website/drivers/S/SERPER01_Sergio_Perez/serper01.png.transform/1col/image.png,,2026-07-03T10:21:08.344092Z
1282,11257,12,K ANTONELLI,Kimi ANTONELLI,ANT,Mercedes,00D7B6,Kimi,Antonelli,https://media.formula1.com/d_driver_fallback_image.png/content/dam/fom-website/drivers/K/ANDANT01_Kimi_Antonelli/andant01.png.transform/1col/image.png,,2026-07-03T10:21:08.344092Z
1282,11257,14,F ALONSO,Fernando ALONSO,ALO,Aston Martin,229971,Fernando,Alonso,https://media.formula1.com/d_driver_fallback_image.png/content/dam/fom-website/drivers/F/FERALO01_Fernando_Alonso/feralo01.png.transform/1col/image.png,,2026-07-03T10:21:08.344092Z
1282,11257,16,C LECLERC,Charles LECLERC,LEC,Ferrari,ED1131,Charles,Leclerc,https://media.formula1.com/d_driver_fallback_image.png/content/dam/fom-website/drivers/C/CHALEC01_Charles_Leclerc/chalec01.png.transform/1col/image.png,,2026-07-03T10:21:08.344092Z
1282,11257,18,L STROLL,Lance STROLL,STR,Aston Martin,229971,Lance,Stroll,https://media.formula1.com/d_driver_fallback_image.png/content/dam/fom-website/drivers/L/LANSTR01_Lance_Stroll/lanstr01.png.transform/1col/image.png,,2026-07-03T10:21:08.344092Z
1282,11257,23,A ALBON,Alexander ALBON,ALB,Williams,1868DB,Alexander,Albon,https://media.formula1.com/d_driver_fallback_image.png/content/dam/fom-website/drivers/A/ALEALB01_Alexander_Albon/alealb01.png.transform/1col/image.png,,2026-07-03T10:21:08.344092Z
1282,11257,27,N HULKENBERG,Nico HULKENBERG,HUL,Audi,F50537,Nico,Hulkenberg,https://media.formula1.com/d_driver_fallback_image.png/content/dam/fom-website/drivers/N/NICHUL01_Nico_Hulkenberg/nichul01.png.transform/1col/image.png,,2026-07-03T10:21:08.344092Z
1282,11257,30,L LAWSON,Liam LAWSON,LAW,Racing Bulls,6C98FF,Liam,Lawson,https://media.formula1.com/d_driver_fallback_image.png/content/dam/fom-website/drivers/L/LIALAW01_Liam_Lawson/lialaw01.png.transform/1col/image.png,,2026-07-03T10:21:08.344092Z
1282,11257,31,E OCON,Esteban OCON,OCO,Haas F1 Team,9C9FA2,Esteban,Ocon,https://media.formula1.com/d_driver_fallback_image.png/content/dam/fom-website/drivers/E/ESTOCO01_Esteban_Ocon/estoco01.png.transform/1col/image.png,,2026-07-03T10:21:08.344092Z
1282,11257,41,A LINDBLAD,Arvid LINDBLAD,LIN,Racing Bulls,6C98FF,Arvid,Lindblad,https://media.formula1.com/d_driver_fallback_image.png/content/dam/fom-website/drivers/A/ARVLIN01_Arvid_Lindblad/arvlin01.png.transform/1col/image.png,,2026-07-03T10:21:08.344092Z
1282,11257,43,F COLAPINTO,Franco COLAPINTO,COL,Alpine,00A1E8,Franco,Colapinto,https://media.formula1.com/d_driver_fallback_image.png/content/dam/fom-website/drivers/F/FRACOL01_Franco_Colapinto/fracol01.png.transform/1col/image.png,,2026-07-03T10:21:08.344092Z
1282,11257,44,L HAMILTON,Lewis HAMILTON,HAM,Ferrari,ED1131,Lewis,Hamilton,https://media.formula1.com/d_driver_fallback_image.png/content/dam/fom-website/drivers/L/LEWHAM01_Lewis_Hamilton/lewham01.png.transform/1col/image.png,,2026-07-03T10:21:08.344092Z
1282,11257,55,C SAINZ,Carlos SAINZ,SAI,Williams,1868DB,Carlos,Sainz,https://media.formula1.com/d_driver_fallback_image.png/content/dam/fom-website/drivers/C/CARSAI01_Carlos_Sainz/carsai01.png.transform/1col/image.png,,2026-07-03T10:21:08.344092Z
1282,11257,63,G RUSSELL,George RUSSELL,RUS,Mercedes,00D7B6,George,Russell,https://media.formula1.com/d_driver_fallback_image.png/content/dam/fom-website/drivers/G/GEORUS01_George_Russell/georus01.png.transform/1col/image.png,,2026-07-03T10:21:08.344092Z
1282,11257,77,V BOTTAS,Valtteri BOTTAS,BOT,Cadillac,909090,Valtteri,Bottas,https://media.formula1.com/d_driver_fallback_image.png/content/dam/fom-website/drivers/V/VALBOT01_Valtteri_Bottas/valbot01.png.transform/1col/image.png,,2026-07-03T10:21:08.344092Z
1282,11257,81,O PIASTRI,Oscar PIASTRI,PIA,McLaren,F47600,Oscar,Piastri,https://media.formula1.com/d_driver_fallback_image.png/content/dam/fom-website/drivers/O/OSCPIA01_Oscar_Piastri/oscpia01.png.transform/1col/image.png,,2026-07-03T10:21:08.344092Z
1282,11257,87,O BEARMAN,Oliver BEARMAN,BEA,Haas F1 Team,9C9FA2,Oliver,Bearman,https://media.formula1.com/d_driver_fallback_image.png/content/dam/fom-website/drivers/O/OLIBEA01_Oliver_Bearman/olibea01.png.transform/1col/image.png,,2026-07-03T10:21:08.344092Z
1282,11261,1,L NORRIS,Lando NORRIS,NOR,McLaren,F47600,Lando,Norris,https://media.formula1.com/d_driver_fallback_image.png/content/dam/fom-website/drivers/L/LANNOR01_Lando_Norris/lannor01.png.transform/1col/image.png,,2026-07-03T10:21:14.120054Z
1282,11261,3,M VERSTAPPEN,Max VERSTAPPEN,VER,Red Bull Racing,4781D7,Max,Verstappen,https://media.formula1.com/d_driver_fallback_image.png/content/dam/fom-website/drivers/M/MAXVER01_Max_Verstappen/maxver01.png.transform/1col/image.png,,2026-07-03T10:21:14.120054Z
1282,11261,5,G BORTOLETO,Gabriel BORTOLETO,BOR,Audi,F50537,Gabriel,Bortoleto,https://media.formula1.com/d_driver_fallback_image.png/content/dam/fom-website/drivers/G/GABBOR01_Gabriel_Bortoleto/gabbor01.png.transform/1col/image.png,,2026-07-03T10:21:14.120054Z
1282,11261,6,I HADJAR,Isack HADJAR,HAD,Red Bull Racing,4781D7,Isack,Hadjar,https://media.formula1.com/d_driver_fallback_image.png/content/dam/fom-website/drivers/I/ISAHAD01_Isack_Hadjar/isahad01.png.transform/1col/image.png,,2026-07-03T10:21:14.120054Z
1282,11261,10,P GASLY,Pierre GASLY,GAS,Alpine,00A1E8,Pierre,Gasly,https://media.formula1.com/d_driver_fallback_image.png/content/dam/fom-website/drivers/P/PIEGAS01_Pierre_Gasly/piegas01.png.transform/1col/image.png,,2026-07-03T10:21:14.120054Z
1282,11261,11,S PEREZ,Sergio PEREZ,PER,Cadillac,909090,Sergio,Perez,https://media.formula1.com/d_driver_fallback_image.png/content/dam/fom-website/drivers/S/SERPER01_Sergio_Perez/serper01.png.transform/1col/image.png,,2026-07-03T10:21:14.120054Z
1282,11261,12,K ANTONELLI,Kimi ANTONELLI,ANT,Mercedes,00D7B6,Kimi,Antonelli,https://media.formula1.com/d_driver_fallback_image.png/content/dam/fom-website/drivers/K/ANDANT01_Kimi_Antonelli/andant01.png.transform/1col/image.png,,2026-07-03T10:21:14.120054Z
1282,11261,14,F ALONSO,Fernando ALONSO,ALO,Aston Martin,229971,Fernando,Alonso,https://media.formula1.com/d_driver_fallback_image.png/content/dam/fom-website/drivers/F/FERALO01_Fernando_Alonso/feralo01.png.transform/1col/image.png,,2026-07-03T10:21:14.120054Z
1282,11261,16,C LECLERC,Charles LECLERC,LEC,Ferrari,ED1131,Charles,Leclerc,https://media.formula1.com/d_driver_fallback_image.png/content/dam/fom-website/drivers/C/CHALEC01_Charles_Leclerc/chalec01.png.transform/1col/image.png,,2026-07-03T10:21:14.120054Z
1282,11261,18,L STROLL,Lance STROLL,STR,Aston Martin,229971,Lance,Stroll,https://media.formula1.com/d_driver_fallback_image.png/content/dam/fom-website/drivers/L/LANSTR01_Lance_Stroll/lanstr01.png.transform/1col/image.png,,2026-07-03T10:21:14.120054Z
1282,11261,23,A ALBON,Alexander ALBON,ALB,Williams,1868DB,Alexander,Albon,https://media.formula1.com/d_driver_fallback_image.png/content/dam/fom-website/drivers/A/ALEALB01_Alexander_Albon/alealb01.png.transform/1col/image.png,,2026-07-03T10:21:14.120054Z
1282,11261,27,N HULKENBERG,Nico HULKENBERG,HUL,Audi,F50537,Nico,Hulkenberg,https://media.formula1.com/d_driver_fallback_image.png/content/dam/fom-website/drivers/N/NICHUL01_Nico_Hulkenberg/nichul01.png.transform/1col/image.png,,2026-07-03T10:21:14.120054Z
1282,11261,30,L LAWSON,Liam LAWSON,LAW,Racing Bulls,6C98FF,Liam,Lawson,https://media.formula1.com/d_driver_fallback_image.png/content/dam/fom-website/drivers/L/LIALAW01_Liam_Lawson/lialaw01.png.transform/1col/image.png,,2026-07-03T10:21:14.120054Z
1282,11261,31,E OCON,Esteban OCON,OCO,Haas F1 Team,9C9FA2,Esteban,Ocon,https://media.formula1.com/d_driver_fallback_image.png/content/dam/fom-website/drivers/E/ESTOCO01_Esteban_Ocon/estoco01.png.transform/1col/image.png,,2026-07-03T10:21:14.120054Z
1282,11261,41,A LINDBLAD,Arvid LINDBLAD,LIN,Racing Bulls,6C98FF,Arvid,Lindblad,https://media.formula1.com/d_driver_fallback_image.png/content/dam/fom-website/drivers/A/ARVLIN01_Arvid_Lindblad/arvlin01.png.transform/1col/image.png,,2026-07-03T10:21:14.120054Z
1282,11261,43,F COLAPINTO,Franco COLAPINTO,COL,Alpine,00A1E8,Franco,Colapinto,https://media.formula1.com/d_driver_fallback_image.png/content/dam/fom-website/drivers/F/FRACOL01_Franco_Colapinto/fracol01.png.transform/1col/image.png,,2026-07-03T10:21:14.120054Z
1282,11261,44,L HAMILTON,Lewis HAMILTON,HAM,Ferrari,ED1131,Lewis,Hamilton,https://media.formula1.com/d_driver_fallback_image.png/content/dam/fom-website/drivers/L/LEWHAM01_Lewis_Hamilton/lewham01.png.transform/1col/image.png,,2026-07-03T10:21:14.120054Z
1282,11261,55,C SAINZ,Carlos SAINZ,SAI,Williams,1868DB,Carlos,Sainz,https://media.formula1.com/d_driver_fallback_image.png/content/dam/fom-website/drivers/C/CARSAI01_Carlos_Sainz/carsai01.png.transform/1col/image.png,,2026-07-03T10:21:14.120054Z
1282,11261,63,G RUSSELL,George RUSSELL,RUS,Mercedes,00D7B6,George,Russell,https://media.formula1.com/d_driver_fallback_image.png/content/dam/fom-website/drivers/G/GEORUS01_George_Russell/georus01.png.transform/1col/image.png,,2026-07-03T10:21:14.120054Z
1282,11261,77,V BOTTAS,Valtteri BOTTAS,BOT,Cadillac,909090,Valtteri,Bottas,https://media.formula1.com/d_driver_fallback_image.png/content/dam/fom-website/drivers/V/VALBOT01_Valtteri_Bottas/valbot01.png.transform/1col/image.png,,2026-07-03T10:21:14.120054Z
1282,11261,81,O PIASTRI,Oscar PIASTRI,PIA,McLaren,F47600,Oscar,Piastri,https://media.formula1.com/d_driver_fallback_image.png/content/dam/fom-website/drivers/O/OSCPIA01_Oscar_Piastri/oscpia01.png.transform/1col/image.png,,2026-07-03T10:21:14.120054Z
1282,11261,87,O BEARMAN,Oliver BEARMAN,BEA,Haas F1 Team,9C9FA2,Oliver,Bearman,https://media.formula1.com/d_driver_fallback_image.png/content/dam/fom-website/drivers/O/OLIBEA01_Oliver_Bearman/olibea01.png.transform/1col/image.png,,2026-07-03T10:21:14.120054Z
1283,11264,3,M VERSTAPPEN,Max VERSTAPPEN,VER,Red Bull Racing,4781D7,Max,Verstappen,https://media.formula1.com/d_driver_fallback_image.png/content/dam/fom-website/drivers/M/MAXVER01_Max_Verstappen/maxver01.png.transform/1col/image.png,,2026-07-03T10:22:13.608396Z
1283,11264,5,G BORTOLETO,Gabriel BORTOLETO,BOR,Audi,F50537,Gabriel,Bortoleto,https://media.formula1.com/d_driver_fallback_image.png/content/dam/fom-website/drivers/G/GABBOR01_Gabriel_Bortoleto/gabbor01.png.transform/1col/image.png,,2026-07-03T10:22:13.608396Z
1283,11264,6,I HADJAR,Isack HADJAR,HAD,Red Bull Racing,4781D7,Isack,Hadjar,https://media.formula1.com/d_driver_fallback_image.png/content/dam/fom-website/drivers/I/ISAHAD01_Isack_Hadjar/isahad01.png.transform/1col/image.png,,2026-07-03T10:22:13.608396Z
1283,11264,10,P GASLY,Pierre GASLY,GAS,Alpine,00A1E8,Pierre,Gasly,https://media.formula1.com/d_driver_fallback_image.png/content/dam/fom-website/drivers/P/PIEGAS01_Pierre_Gasly/piegas01.png.transform/1col/image.png,,2026-07-03T10:22:13.608396Z
1283,11264,11,S PEREZ,Sergio PEREZ,PER,Cadillac,909090,Sergio,Perez,https://media.formula1.com/d_driver_fallback_image.png/content/dam/fom-website/drivers/S/SERPER01_Sergio_Perez/serper01.png.transform/1col/image.png,,2026-07-03T10:22:13.608396Z
1283,11264,12,K ANTONELLI,Kimi ANTONELLI,ANT,Mercedes,00D7B6,Kimi,Antonelli,https://media.formula1.com/d_driver_fallback_image.png/content/dam/fom-website/drivers/K/ANDANT01_Kimi_Antonelli/andant01.png.transform/1col/image.png,,2026-07-03T10:22:13.608396Z
1283,11264,14,F ALONSO,Fernando ALONSO,ALO,Aston Martin,229971,Fernando,Alonso,https://media.formula1.com/d_driver_fallback_image.png/content/dam/fom-website/drivers/F/FERALO01_Fernando_Alonso/feralo01.png.transform/1col/image.png,,2026-07-03T10:22:13.608396Z
1283,11264,16,C LECLERC,Charles LECLERC,LEC,Ferrari,ED1131,Charles,Leclerc,https://media.formula1.com/d_driver_fallback_image.png/content/dam/fom-website/drivers/C/CHALEC01_Charles_Leclerc/chalec01.png.transform/1col/image.png,,2026-07-03T10:22:13.608396Z
1283,11264,18,L STROLL,Lance STROLL,STR,Aston Martin,229971,Lance,Stroll,https://media.formula1.com/d_driver_fallback_image.png/content/dam/fom-website/drivers/L/LANSTR01_Lance_Stroll/lanstr01.png.transform/1col/image.png,,2026-07-03T10:22:13.608396Z
1283,11264,23,A ALBON,Alexander ALBON,ALB,Williams,1868DB,Alexander,Albon,https://media.formula1.com/d_driver_fallback_image.png/content/dam/fom-website/drivers/A/ALEALB01_Alexander_Albon/alealb01.png.transform/1col/image.png,,2026-07-03T10:22:13.608396Z
1283,11264,27,N HULKENBERG,Nico HULKENBERG,HUL,Audi,F50537,Nico,Hulkenberg,https://media.formula1.com/d_driver_fallback_image.png/content/dam/fom-website/drivers/N/NICHUL01_Nico_Hulkenberg/nichul01.png.transform/1col/image.png,,2026-07-03T10:22:13.608396Z
1283,11264,30,L LAWSON,Liam LAWSON,LAW,Racing Bulls,6C98FF,Liam,Lawson,https://media.formula1.com/d_driver_fallback_image.png/content/dam/fom-website/drivers/L/LIALAW01_Liam_Lawson/lialaw01.png.transform/1col/image.png,,2026-07-03T10:22:13.608396Z
1283,11264,31,E OCON,Esteban OCON,OCO,Haas F1 Team,9C9FA2,Esteban,Ocon,https://media.formula1.com/d_driver_fallback_image.png/content/dam/fom-website/drivers/E/ESTOCO01_Esteban_Ocon/estoco01.png.transform/1col/image.png,,2026-07-03T10:22:13.608396Z
1283,11264,41,A LINDBLAD,Arvid LINDBLAD,LIN,Racing Bulls,6C98FF,Arvid,Lindblad,https://media.formula1.com/d_driver_fallback_image.png/content/dam/fom-website/drivers/A/ARVLIN01_Arvid_Lindblad/arvlin01.png.transform/1col/image.png,,2026-07-03T10:22:13.608396Z
1283,11264,43,F COLAPINTO,Franco COLAPINTO,COL,Alpine,00A1E8,Franco,Colapinto,https://media.formula1.com/d_driver_fallback_image.png/content/dam/fom-website/drivers/F/FRACOL01_Franco_Colapinto/fracol01.png.transform/1col/image.png,,2026-07-03T10:22:13.608396Z
1283,11264,44,L HAMILTON,Lewis HAMILTON,HAM,Ferrari,ED1131,Lewis,Hamilton,https://media.formula1.com/d_driver_fallback_image.png/content/dam/fom-website/drivers/L/LEWHAM01_Lewis_Hamilton/lewham01.png.transform/1col/image.png,,2026-07-03T10:22:13.608396Z
1283,11264,55,C SAINZ,Carlos SAINZ,SAI,Williams,1868DB,Carlos,Sainz,https://media.formula1.com/d_driver_fallback_image.png/content/dam/fom-website/drivers/C/CARSAI01_Carlos_Sainz/carsai01.png.transform/1col/image.png,,2026-07-03T10:22:13.608396Z
1283,11264,63,G RUSSELL,George RUSSELL,RUS,Mercedes,00D7B6,George,Russell,https://media.formula1.com/d_driver_fallback_image.png/content/dam/fom-website/drivers/G/GEORUS01_George_Russell/georus01.png.transform/1col/image.png,,2026-07-03T10:22:13.608396Z
1283,11264,77,V BOTTAS,Valtteri BOTTAS,BOT,Cadillac,909090,Valtteri,Bottas,https://media.formula1.com/d_driver_fallback_image.png/content/dam/fom-website/drivers/V/VALBOT01_Valtteri_Bottas/valbot01.png.transform/1col/image.png,,2026-07-03T10:22:13.608396Z
1283,11264,81,O PIASTRI,Oscar PIASTRI,PIA,McLaren,F47600,Oscar,Piastri,https://media.formula1.com/d_driver_fallback_image.png/content/dam/fom-website/drivers/O/OSCPIA01_Oscar_Piastri/oscpia01.png.transform/1col/image.png,,2026-07-03T10:22:13.608396Z
1283,11264,87,O BEARMAN,Oliver BEARMAN,BEA,Haas F1 Team,9C9FA2,Oliver,Bearman,https://media.formula1.com/d_driver_fallback_image.png/content/dam/fom-website/drivers/O/OLIBEA01_Oliver_Bearman/olibea01.png.transform/1col/image.png,,2026-07-03T10:22:13.608396Z
1284,11270,5,G BORTOLETO,Gabriel BORTOLETO,BOR,Audi,F50537,Gabriel,Bortoleto,https://media.formula1.com/d_driver_fallback_image.png/content/dam/fom-website/drivers/G/GABBOR01_Gabriel_Bortoleto/gabbor01.png.transform/1col/image.png,,2026-07-03T10:23:13.103498Z
1284,11270,6,I HADJAR,Isack HADJAR,HAD,Red Bull Racing,4781D7,Isack,Hadjar,https://media.formula1.com/d_driver_fallback_image.png/content/dam/fom-website/drivers/I/ISAHAD01_Isack_Hadjar/isahad01.png.transform/1col/image.png,,2026-07-03T10:23:13.103498Z
1284,11270,10,P GASLY,Pierre GASLY,GAS,Alpine,00A1E8,Pierre,Gasly,https://media.formula1.com/d_driver_fallback_image.png/content/dam/fom-website/drivers/P/PIEGAS01_Pierre_Gasly/piegas01.png.transform/1col/image.png,,2026-07-03T10:23:13.103498Z
1284,11270,11,S PEREZ,Sergio PEREZ,PER,Cadillac,909090,Sergio,Perez,https://media.formula1.com/d_driver_fallback_image.png/content/dam/fom-website/drivers/S/SERPER01_Sergio_Perez/serper01.png.transform/1col/image.png,,2026-07-03T10:23:13.103498Z
1284,11270,12,K ANTONELLI,Kimi ANTONELLI,ANT,Mercedes,00D7B6,Kimi,Antonelli,https://media.formula1.com/d_driver_fallback_image.png/content/dam/fom-website/drivers/K/ANDANT01_Kimi_Antonelli/andant01.png.transform/1col/image.png,,2026-07-03T10:23:13.103498Z
1284,11270,14,F ALONSO,Fernando ALONSO,ALO,Aston Martin,229971,Fernando,Alonso,https://media.formula1.com/d_driver_fallback_image.png/content/dam/fom-website/drivers/F/FERALO01_Fernando_Alonso/feralo01.png.transform/1col/image.png,,2026-07-03T10:23:13.103498Z
1284,11270,16,C LECLERC,Charles LECLERC,LEC,Ferrari,ED1131,Charles,Leclerc,https://media.formula1.com/d_driver_fallback_image.png/content/dam/fom-website/drivers/C/CHALEC01_Charles_Leclerc/chalec01.png.transform/1col/image.png,,2026-07-03T10:23:13.103498Z
1284,11270,18,L STROLL,Lance STROLL,STR,Aston Martin,229971,Lance,Stroll,https://media.formula1.com/d_driver_fallback_image.png/content/dam/fom-website/drivers/L/LANSTR01_Lance_Stroll/lanstr01.png.transform/1col/image.png,,2026-07-03T10:23:13.103498Z
1284,11270,23,A ALBON,Alexander ALBON,ALB,Williams,1868DB,Alexander,Albon,https://media.formula1.com/d_driver_fallback_image.png/content/dam/fom-website/drivers/A/ALEALB01_Alexander_Albon/alealb01.png.transform/1col/image.png,,2026-07-03T10:23:13.103498Z
1284,11270,27,N HULKENBERG,Nico HULKENBERG,HUL,Audi,F50537,Nico,Hulkenberg,https://media.formula1.com/d_driver_fallback_image.png/content/dam/fom-website/drivers/N/NICHUL01_Nico_Hulkenberg/nichul01.png.transform/1col/image.png,,2026-07-03T10:23:13.103498Z
1284,11270,30,L LAWSON,Liam LAWSON,LAW,Racing Bulls,6C98FF,Liam,Lawson,https://media.formula1.com/d_driver_fallback_image.png/content/dam/fom-website/drivers/L/LIALAW01_Liam_Lawson/lialaw01.png.transform/1col/image.png,,2026-07-03T10:23:13.103498Z
1284,11270,31,E OCON,Esteban OCON,OCO,Haas F1 Team,9C9FA2,Esteban,Ocon,https://media.formula1.com/d_driver_fallback_image.png/content/dam/fom-website/drivers/E/ESTOCO01_Esteban_Ocon/estoco01.png.transform/1col/image.png,,2026-07-03T10:23:13.103498Z
1284,11270,41,A LINDBLAD,Arvid LINDBLAD,LIN,Racing Bulls,6C98FF,Arvid,Lindblad,https://media.formula1.com/d_driver_fallback_image.png/content/dam/fom-website/drivers/A/ARVLIN01_Arvid_Lindblad/arvlin01.png.transform/1col/image.png,,2026-07-03T10:23:13.103498Z
1284,11270,43,F COLAPINTO,Franco COLAPINTO,COL,Alpine,00A1E8,Franco,Colapinto,https://media.formula1.com/d_driver_fallback_image.png/content/dam/fom-website/drivers/F/FRACOL01_Franco_Colapinto/fracol01.png.transform/1col/image.png,,2026-07-03T10:23:13.103498Z
1284,11270,44,L HAMILTON,Lewis HAMILTON,HAM,Ferrari,ED1131,Lewis,Hamilton,https://media.formula1.com/d_driver_fallback_image.png/content/dam/fom-website/drivers/L/LEWHAM01_Lewis_Hamilton/lewham01.png.transform/1col/image.png,,2026-07-03T10:23:13.103498Z
1284,11270,55,C SAINZ,Carlos SAINZ,SAI,Williams,1868DB,Carlos,Sainz,https://media.formula1.com/d_driver_fallback_image.png/content/dam/fom-website/drivers/C/CARSAI01_Carlos_Sainz/carsai01.png.transform/1col/image.png,,2026-07-03T10:23:13.103498Z
1284,11270,63,G RUSSELL,George RUSSELL,RUS,Mercedes,00D7B6,George,Russell,https://media.formula1.com/d_driver_fallback_image.png/content/dam/fom-website/drivers/G/GEORUS01_George_Russell/georus01.png.transform/1col/image.png,,2026-07-03T10:23:13.103498Z
1284,11270,77,V BOTTAS,Valtteri BOTTAS,BOT,Cadillac,909090,Valtteri,Bottas,https://media.formula1.com/d_driver_fallback_image.png/content/dam/fom-website/drivers/V/VALBOT01_Valtteri_Bottas/valbot01.png.transform/1col/image.png,,2026-07-03T10:23:13.103498Z
1284,11270,81,O PIASTRI,Oscar PIASTRI,PIA,McLaren,F47600,Oscar,Piastri,https://media.formula1.com/d_driver_fallback_image.png/content/dam/fom-website/drivers/O/OSCPIA01_Oscar_Piastri/oscpia01.png.transform/1col/image.png,,2026-07-03T10:23:13.103498Z
1284,11270,87,O BEARMAN,Oliver BEARMAN,BEA,Haas F1 Team,9C9FA2,Oliver,Bearman,https://media.formula1.com/d_driver_fallback_image.png/content/dam/fom-website/drivers/O/OLIBEA01_Oliver_Bearman/olibea01.png.transform/1col/image.png,,2026-07-03T10:23:13.103498Z
1284,11276,6,I HADJAR,Isack HADJAR,HAD,Red Bull Racing,4781D7,Isack,Hadjar,https://media.formula1.com/d_driver_fallback_image.png/content/dam/fom-website/drivers/I/ISAHAD01_Isack_Hadjar/isahad01.png.transform/1col/image.png,,2026-07-03T10:24:12.788435Z
1284,11276,10,P GASLY,Pierre GASLY,GAS,Alpine,00A1E8,Pierre,Gasly,https://media.formula1.com/d_driver_fallback_image.png/content/dam/fom-website/drivers/P/PIEGAS01_Pierre_Gasly/piegas01.png.transform/1col/image.png,,2026-07-03T10:24:12.788435Z
1284,11276,11,S PEREZ,Sergio PEREZ,PER,Cadillac,909090,Sergio,Perez,https://media.formula1.com/d_driver_fallback_image.png/content/dam/fom-website/drivers/S/SERPER01_Sergio_Perez/serper01.png.transform/1col/image.png,,2026-07-03T10:24:12.788435Z
1284,11276,12,K ANTONELLI,Kimi ANTONELLI,ANT,Mercedes,00D7B6,Kimi,Antonelli,https://media.formula1.com/d_driver_fallback_image.png/content/dam/fom-website/drivers/K/ANDANT01_Kimi_Antonelli/andant01.png.transform/1col/image.png,,2026-07-03T10:24:12.788435Z
1284,11276,14,F ALONSO,Fernando ALONSO,ALO,Aston Martin,229971,Fernando,Alonso,https://media.formula1.com/d_driver_fallback_image.png/content/dam/fom-website/drivers/F/FERALO01_Fernando_Alonso/feralo01.png.transform/1col/image.png,,2026-07-03T10:24:12.788435Z
1284,11276,16,C LECLERC,Charles LECLERC,LEC,Ferrari,ED1131,Charles,Leclerc,https://media.formula1.com/d_driver_fallback_image.png/content/dam/fom-website/drivers/C/CHALEC01_Charles_Leclerc/chalec01.png.transform/1col/image.png,,2026-07-03T10:24:12.788435Z
1284,11276,18,L STROLL,Lance STROLL,STR,Aston Martin,229971,Lance,Stroll,https://media.formula1.com/d_driver_fallback_image.png/content/dam/fom-website/drivers/L/LANSTR01_Lance_Stroll/lanstr01.png.transform/1col/image.png,,2026-07-03T10:24:12.788435Z
1284,11276,23,A ALBON,Alexander ALBON,ALB,Williams,1868DB,Alexander,Albon,https://media.formula1.com/d_driver_fallback_image.png/content/dam/fom-website/drivers/A/ALEALB01_Alexander_Albon/alealb01.png.transform/1col/image.png,,2026-07-03T10:24:12.788435Z
1284,11276,27,N HULKENBERG,Nico HULKENBERG,HUL,Audi,F50537,Nico,Hulkenberg,https://media.formula1.com/d_driver_fallback_image.png/content/dam/fom-website/drivers/N/NICHUL01_Nico_Hulkenberg/nichul01.png.transform/1col/image.png,,2026-07-03T10:24:12.788435Z
1284,11276,30,L LAWSON,Liam LAWSON,LAW,Racing Bulls,6C98FF,Liam,Lawson,https://media.formula1.com/d_driver_fallback_image.png/content/dam/fom-website/drivers/L/LIALAW01_Liam_Lawson/lialaw01.png.transform/1col/image.png,,2026-07-03T10:24:12.788435Z
1284,11276,31,E OCON,Esteban OCON,OCO,Haas F1 Team,9C9FA2,Esteban,Ocon,https://media.formula1.com/d_driver_fallback_image.png/content/dam/fom-website/drivers/E/ESTOCO01_Esteban_Ocon/estoco01.png.transform/1col/image.png,,2026-07-03T10:24:12.788435Z
1284,11276,41,A LINDBLAD,Arvid LINDBLAD,LIN,Racing Bulls,6C98FF,Arvid,Lindblad,https://media.formula1.com/d_driver_fallback_image.png/content/dam/fom-website/drivers/A/ARVLIN01_Arvid_Lindblad/arvlin01.png.transform/1col/image.png,,2026-07-03T10:24:12.788435Z
1284,11276,43,F COLAPINTO,Franco COLAPINTO,COL,Alpine,00A1E8,Franco,Colapinto,https://media.formula1.com/d_driver_fallback_image.png/content/dam/fom-website/drivers/F/FRACOL01_Franco_Colapinto/fracol01.png.transform/1col/image.png,,2026-07-03T10:24:12.788435Z
1284,11276,44,L HAMILTON,Lewis HAMILTON,HAM,Ferrari,ED1131,Lewis,Hamilton,https://media.formula1.com/d_driver_fallback_image.png/content/dam/fom-website/drivers/L/LEWHAM01_Lewis_Hamilton/lewham01.png.transform/1col/image.png,,2026-07-03T10:24:12.788435Z
1284,11276,55,C SAINZ,Carlos SAINZ,SAI,Williams,1868DB,Carlos,Sainz,https://media.formula1.com/d_driver_fallback_image.png/content/dam/fom-website/drivers/C/CARSAI01_Carlos_Sainz/carsai01.png.transform/1col/image.png,,2026-07-03T10:24:12.788435Z
1284,11276,63,G RUSSELL,George RUSSELL,RUS,Mercedes,00D7B6,George,Russell,https://media.formula1.com/d_driver_fallback_image.png/content/dam/fom-website/drivers/G/GEORUS01_George_Russell/georus01.png.transform/1col/image.png,,2026-07-03T10:24:12.788435Z
1284,11276,77,V BOTTAS,Valtteri BOTTAS,BOT,Cadillac,909090,Valtteri,Bottas,https://media.formula1.com/d_driver_fallback_image.png/content/dam/fom-website/drivers/V/VALBOT01_Valtteri_Bottas/valbot01.png.transform/1col/image.png,,2026-07-03T10:24:12.788435Z
1284,11276,81,O PIASTRI,Oscar PIASTRI,PIA,McLaren,F47600,Oscar,Piastri,https://media.formula1.com/d_driver_fallback_image.png/content/dam/fom-website/drivers/O/OSCPIA01_Oscar_Piastri/oscpia01.png.transform/1col/image.png,,2026-07-03T10:24:12.788435Z
1284,11276,87,O BEARMAN,Oliver BEARMAN,BEA,Haas F1 Team,9C9FA2,Oliver,Bearman,https://media.formula1.com/d_driver_fallback_image.png/content/dam/fom-website/drivers/O/OLIBEA01_Oliver_Bearman/olibea01.png.transform/1col/image.png,,2026-07-03T10:24:12.788435Z
1285,11282,1,L NORRIS,Lando NORRIS,NOR,McLaren,F47600,Lando,Norris,https://media.formula1.com/d_driver_fallback_image.png/content/dam/fom-website/drivers/L/LANNOR01_Lando_Norris/lannor01.png.transform/1col/image.png,,2026-07-03T10:25:00.416807Z
1285,11282,3,M VERSTAPPEN,Max VERSTAPPEN,VER,Red Bull Racing,4781D7,Max,Verstappen,https://media.formula1.com/d_driver_fallback_image.png/content/dam/fom-website/drivers/M/MAXVER01_Max_Verstappen/maxver01.png.transform/1col/image.png,,2026-07-03T10:25:00.416807Z
1285,11282,5,G BORTOLETO,Gabriel BORTOLETO,BOR,Audi,F50537,Gabriel,Bortoleto,https://media.formula1.com/d_driver_fallback_image.png/content/dam/fom-website/drivers/G/GABBOR01_Gabriel_Bortoleto/gabbor01.png.transform/1col/image.png,,2026-07-03T10:25:00.416807Z
1285,11282,6,I HADJAR,Isack HADJAR,HAD,Red Bull Racing,4781D7,Isack,Hadjar,https://media.formula1.com/d_driver_fallback_image.png/content/dam/fom-website/drivers/I/ISAHAD01_Isack_Hadjar/isahad01.png.transform/1col/image.png,,2026-07-03T10:25:00.416807Z
1285,11282,10,P GASLY,Pierre GASLY,GAS,Alpine,00A1E8,Pierre,Gasly,https://media.formula1.com/d_driver_fallback_image.png/content/dam/fom-website/drivers/P/PIEGAS01_Pierre_Gasly/piegas01.png.transform/1col/image.png,,2026-07-03T10:25:00.416807Z
1285,11282,11,S PEREZ,Sergio PEREZ,PER,Cadillac,909090,Sergio,Perez,https://media.formula1.com/d_driver_fallback_image.png/content/dam/fom-website/drivers/S/SERPER01_Sergio_Perez/serper01.png.transform/1col/image.png,,2026-07-03T10:25:00.416807Z
1285,11282,12,K ANTONELLI,Kimi ANTONELLI,ANT,Mercedes,00D7B6,Kimi,Antonelli,https://media.formula1.com/d_driver_fallback_image.png/content/dam/fom-website/drivers/K/ANDANT01_Kimi_Antonelli/andant01.png.transform/1col/image.png,,2026-07-03T10:25:00.416807Z
1285,11282,14,F ALONSO,Fernando ALONSO,ALO,Aston Martin,229971,Fernando,Alonso,https://media.formula1.com/d_driver_fallback_image.png/content/dam/fom-website/drivers/F/FERALO01_Fernando_Alonso/feralo01.png.transform/1col/image.png,,2026-07-03T10:25:00.416807Z
1285,11282,16,C LECLERC,Charles LECLERC,LEC,Ferrari,ED1131,Charles,Leclerc,https://media.formula1.com/d_driver_fallback_image.png/content/dam/fom-website/drivers/C/CHALEC01_Charles_Leclerc/chalec01.png.transform/1col/image.png,,2026-07-03T10:25:00.416807Z
1285,11282,18,L STROLL,Lance STROLL,STR,Aston Martin,229971,Lance,Stroll,https://media.formula1.com/d_driver_fallback_image.png/content/dam/fom-website/drivers/L/LANSTR01_Lance_Stroll/lanstr01.png.transform/1col/image.png,,2026-07-03T10:25:00.416807Z
1285,11282,23,A ALBON,Alexander ALBON,ALB,Williams,1868DB,Alexander,Albon,https://media.formula1.com/d_driver_fallback_image.png/content/dam/fom-website/drivers/A/ALEALB01_Alexander_Albon/alealb01.png.transform/1col/image.png,,2026-07-03T10:25:00.416807Z
1285,11282,27,N HULKENBERG,Nico HULKENBERG,HUL,Audi,F50537,Nico,Hulkenberg,https://media.formula1.com/d_driver_fallback_image.png/content/dam/fom-website/drivers/N/NICHUL01_Nico_Hulkenberg/nichul01.png.transform/1col/image.png,,2026-07-03T10:25:00.416807Z
1285,11282,30,L LAWSON,Liam LAWSON,LAW,Racing Bulls,6C98FF,Liam,Lawson,https://media.formula1.com/d_driver_fallback_image.png/content/dam/fom-website/drivers/L/LIALAW01_Liam_Lawson/lialaw01.png.transform/1col/image.png,,2026-07-03T10:25:00.416807Z
1285,11282,31,E OCON,Esteban OCON,OCO,Haas F1 Team,9C9FA2,Esteban,Ocon,https://media.formula1.com/d_driver_fallback_image.png/content/dam/fom-website/drivers/E/ESTOCO01_Esteban_Ocon/estoco01.png.transform/1col/image.png,,2026-07-03T10:25:00.416807Z
1285,11282,41,A LINDBLAD,Arvid LINDBLAD,LIN,Racing Bulls,6C98FF,Arvid,Lindblad,https://media.formula1.com/d_driver_fallback_image.png/content/dam/fom-website/drivers/A/ARVLIN01_Arvid_Lindblad/arvlin01.png.transform/1col/image.png,,2026-07-03T10:25:00.416807Z
1285,11282,43,F COLAPINTO,Franco COLAPINTO,COL,Alpine,00A1E8,Franco,Colapinto,https://media.formula1.com/d_driver_fallback_image.png/content/dam/fom-website/drivers/F/FRACOL01_Franco_Colapinto/fracol01.png.transform/1col/image.png,,2026-07-03T10:25:00.416807Z
1285,11282,44,L HAMILTON,Lewis HAMILTON,HAM,Ferrari,ED1131,Lewis,Hamilton,https://media.formula1.com/d_driver_fallback_image.png/content/dam/fom-website/drivers/L/LEWHAM01_Lewis_Hamilton/lewham01.png.transform/1col/image.png,,2026-07-03T10:25:00.416807Z
1285,11282,55,C SAINZ,Carlos SAINZ,SAI,Williams,1868DB,Carlos,Sainz,https://media.formula1.com/d_driver_fallback_image.png/content/dam/fom-website/drivers/C/CARSAI01_Carlos_Sainz/carsai01.png.transform/1col/image.png,,2026-07-03T10:25:00.416807Z
1285,11282,63,G RUSSELL,George RUSSELL,RUS,Mercedes,00D7B6,George,Russell,https://media.formula1.com/d_driver_fallback_image.png/content/dam/fom-website/drivers/G/GEORUS01_George_Russell/georus01.png.transform/1col/image.png,,2026-07-03T10:25:00.416807Z
1285,11282,77,V BOTTAS,Valtteri BOTTAS,BOT,Cadillac,909090,Valtteri,Bottas,https://media.formula1.com/d_driver_fallback_image.png/content/dam/fom-website/drivers/V/VALBOT01_Valtteri_Bottas/valbot01.png.transform/1col/image.png,,2026-07-03T10:25:00.416807Z
1285,11282,81,O PIASTRI,Oscar PIASTRI,PIA,McLaren,F47600,Oscar,Piastri,https://media.formula1.com/d_driver_fallback_image.png/content/dam/fom-website/drivers/O/OSCPIA01_Oscar_Piastri/oscpia01.png.transform/1col/image.png,,2026-07-03T10:25:00.416807Z
1285,11282,87,O BEARMAN,Oliver BEARMAN,BEA,Haas F1 Team,9C9FA2,Oliver,Bearman,https://media.formula1.com/d_driver_fallback_image.png/content/dam/fom-website/drivers/O/OLIBEA01_Oliver_Bearman/olibea01.png.transform/1col/image.png,,2026-07-03T10:25:00.416807Z
1285,11286,1,L NORRIS,Lando NORRIS,NOR,McLaren,F47600,Lando,Norris,https://media.formula1.com/d_driver_fallback_image.png/content/dam/fom-website/drivers/L/LANNOR01_Lando_Norris/lannor01.png.transform/1col/image.png,,2026-07-03T10:25:06.347225Z
1285,11286,3,M VERSTAPPEN,Max VERSTAPPEN,VER,Red Bull Racing,4781D7,Max,Verstappen,https://media.formula1.com/d_driver_fallback_image.png/content/dam/fom-website/drivers/M/MAXVER01_Max_Verstappen/maxver01.png.transform/1col/image.png,,2026-07-03T10:25:06.347225Z
1285,11286,5,G BORTOLETO,Gabriel BORTOLETO,BOR,Audi,F50537,Gabriel,Bortoleto,https://media.formula1.com/d_driver_fallback_image.png/content/dam/fom-website/drivers/G/GABBOR01_Gabriel_Bortoleto/gabbor01.png.transform/1col/image.png,,2026-07-03T10:25:06.347225Z
1285,11286,6,I HADJAR,Isack HADJAR,HAD,Red Bull Racing,4781D7,Isack,Hadjar,https://media.formula1.com/d_driver_fallback_image.png/content/dam/fom-website/drivers/I/ISAHAD01_Isack_Hadjar/isahad01.png.transform/1col/image.png,,2026-07-03T10:25:06.347225Z
1285,11286,10,P GASLY,Pierre GASLY,GAS,Alpine,00A1E8,Pierre,Gasly,https://media.formula1.com/d_driver_fallback_image.png/content/dam/fom-website/drivers/P/PIEGAS01_Pierre_Gasly/piegas01.png.transform/1col/image.png,,2026-07-03T10:25:06.347225Z
1285,11286,11,S PEREZ,Sergio PEREZ,PER,Cadillac,909090,Sergio,Perez,https://media.formula1.com/d_driver_fallback_image.png/content/dam/fom-website/drivers/S/SERPER01_Sergio_Perez/serper01.png.transform/1col/image.png,,2026-07-03T10:25:06.347225Z
1285,11286,12,K ANTONELLI,Kimi ANTONELLI,ANT,Mercedes,00D7B6,Kimi,Antonelli,https://media.formula1.com/d_driver_fallback_image.png/content/dam/fom-website/drivers/K/ANDANT01_Kimi_Antonelli/andant01.png.transform/1col/image.png,,2026-07-03T10:25:06.347225Z
1285,11286,14,F ALONSO,Fernando ALONSO,ALO,Aston Martin,229971,Fernando,Alonso,https://media.formula1.com/d_driver_fallback_image.png/content/dam/fom-website/drivers/F/FERALO01_Fernando_Alonso/feralo01.png.transform/1col/image.png,,2026-07-03T10:25:06.347225Z
1285,11286,16,C LECLERC,Charles LECLERC,LEC,Ferrari,ED1131,Charles,Leclerc,https://media.formula1.com/d_driver_fallback_image.png/content/dam/fom-website/drivers/C/CHALEC01_Charles_Leclerc/chalec01.png.transform/1col/image.png,,2026-07-03T10:25:06.347225Z
1285,11286,18,L STROLL,Lance STROLL,STR,Aston Martin,229971,Lance,Stroll,https://media.formula1.com/d_driver_fallback_image.png/content/dam/fom-website/drivers/L/LANSTR01_Lance_Stroll/lanstr01.png.transform/1col/image.png,,2026-07-03T10:25:06.347225Z
1285,11286,23,A ALBON,Alexander ALBON,ALB,Williams,1868DB,Alexander,Albon,https://media.formula1.com/d_driver_fallback_image.png/content/dam/fom-website/drivers/A/ALEALB01_Alexander_Albon/alealb01.png.transform/1col/image.png,,2026-07-03T10:25:06.347225Z
1285,11286,27,N HULKENBERG,Nico HULKENBERG,HUL,Audi,F50537,Nico,Hulkenberg,https://media.formula1.com/d_driver_fallback_image.png/content/dam/fom-website/drivers/N/NICHUL01_Nico_Hulkenberg/nichul01.png.transform/1col/image.png,,2026-07-03T10:25:06.347225Z
1285,11286,30,L LAWSON,Liam LAWSON,LAW,Racing Bulls,6C98FF,Liam,Lawson,https://media.formula1.com/d_driver_fallback_image.png/content/dam/fom-website/drivers/L/LIALAW01_Liam_Lawson/lialaw01.png.transform/1col/image.png,,2026-07-03T10:25:06.347225Z
1285,11286,31,E OCON,Esteban OCON,OCO,Haas F1 Team,9C9FA2,Esteban,Ocon,https://media.formula1.com/d_driver_fallback_image.png/content/dam/fom-website/drivers/E/ESTOCO01_Esteban_Ocon/estoco01.png.transform/1col/image.png,,2026-07-03T10:25:06.347225Z
1285,11286,41,A LINDBLAD,Arvid LINDBLAD,LIN,Racing Bulls,6C98FF,Arvid,Lindblad,https://media.formula1.com/d_driver_fallback_image.png/content/dam/fom-website/drivers/A/ARVLIN01_Arvid_Lindblad/arvlin01.png.transform/1col/image.png,,2026-07-03T10:25:06.347225Z
1285,11286,43,F COLAPINTO,Franco COLAPINTO,COL,Alpine,00A1E8,Franco,Colapinto,https://media.formula1.com/d_driver_fallback_image.png/content/dam/fom-website/drivers/F/FRACOL01_Franco_Colapinto/fracol01.png.transform/1col/image.png,,2026-07-03T10:25:06.347225Z
1285,11286,44,L HAMILTON,Lewis HAMILTON,HAM,Ferrari,ED1131,Lewis,Hamilton,https://media.formula1.com/d_driver_fallback_image.png/content/dam/fom-website/drivers/L/LEWHAM01_Lewis_Hamilton/lewham01.png.transform/1col/image.png,,2026-07-03T10:25:06.347225Z
1285,11286,55,C SAINZ,Carlos SAINZ,SAI,Williams,1868DB,Carlos,Sainz,https://media.formula1.com/d_driver_fallback_image.png/content/dam/fom-website/drivers/C/CARSAI01_Carlos_Sainz/carsai01.png.transform/1col/image.png,,2026-07-03T10:25:06.347225Z
1285,11286,63,G RUSSELL,George RUSSELL,RUS,Mercedes,00D7B6,George,Russell,https://media.formula1.com/d_driver_fallback_image.png/content/dam/fom-website/drivers/G/GEORUS01_George_Russell/georus01.png.transform/1col/image.png,,2026-07-03T10:25:06.347225Z
1285,11286,77,V BOTTAS,Valtteri BOTTAS,BOT,Cadillac,909090,Valtteri,Bottas,https://media.formula1.com/d_driver_fallback_image.png/content/dam/fom-website/drivers/V/VALBOT01_Valtteri_Bottas/valbot01.png.transform/1col/image.png,,2026-07-03T10:25:06.347225Z
1285,11286,81,O PIASTRI,Oscar PIASTRI,PIA,McLaren,F47600,Oscar,Piastri,https://media.formula1.com/d_driver_fallback_image.png/content/dam/fom-website/drivers/O/OSCPIA01_Oscar_Piastri/oscpia01.png.transform/1col/image.png,,2026-07-03T10:25:06.347225Z
1285,11286,87,O BEARMAN,Oliver BEARMAN,BEA,Haas F1 Team,9C9FA2,Oliver,Bearman,https://media.formula1.com/d_driver_fallback_image.png/content/dam/fom-website/drivers/O/OLIBEA01_Oliver_Bearman/olibea01.png.transform/1col/image.png,,2026-07-03T10:25:06.347225Z
1285,11287,1,L NORRIS,Lando NORRIS,NOR,McLaren,F47600,Lando,Norris,https://media.formula1.com/d_driver_fallback_image.png/content/dam/fom-website/drivers/L/LANNOR01_Lando_Norris/lannor01.png.transform/1col/image.png,,2026-07-03T10:25:10.990280Z
1285,11287,3,M VERSTAPPEN,Max VERSTAPPEN,VER,Red Bull Racing,4781D7,Max,Verstappen,https://media.formula1.com/d_driver_fallback_image.png/content/dam/fom-website/drivers/M/MAXVER01_Max_Verstappen/maxver01.png.transform/1col/image.png,,2026-07-03T10:25:10.990280Z
1285,11287,5,G BORTOLETO,Gabriel BORTOLETO,BOR,Audi,F50537,Gabriel,Bortoleto,https://media.formula1.com/d_driver_fallback_image.png/content/dam/fom-website/drivers/G/GABBOR01_Gabriel_Bortoleto/gabbor01.png.transform/1col/image.png,,2026-07-03T10:25:10.990280Z
1285,11287,6,I HADJAR,Isack HADJAR,HAD,Red Bull Racing,4781D7,Isack,Hadjar,https://media.formula1.com/d_driver_fallback_image.png/content/dam/fom-website/drivers/I/ISAHAD01_Isack_Hadjar/isahad01.png.transform/1col/image.png,,2026-07-03T10:25:10.990280Z
1285,11287,10,P GASLY,Pierre GASLY,GAS,Alpine,00A1E8,Pierre,Gasly,https://media.formula1.com/d_driver_fallback_image.png/content/dam/fom-website/drivers/P/PIEGAS01_Pierre_Gasly/piegas01.png.transform/1col/image.png,,2026-07-03T10:25:10.990280Z
1285,11287,11,S PEREZ,Sergio PEREZ,PER,Cadillac,909090,Sergio,Perez,https://media.formula1.com/d_driver_fallback_image.png/content/dam/fom-website/drivers/S/SERPER01_Sergio_Perez/serper01.png.transform/1col/image.png,,2026-07-03T10:25:10.990280Z
1285,11287,12,K ANTONELLI,Kimi ANTONELLI,ANT,Mercedes,00D7B6,Kimi,Antonelli,https://media.formula1.com/d_driver_fallback_image.png/content/dam/fom-website/drivers/K/ANDANT01_Kimi_Antonelli/andant01.png.transform/1col/image.png,,2026-07-03T10:25:10.990280Z
1285,11287,14,F ALONSO,Fernando ALONSO,ALO,Aston Martin,229971,Fernando,Alonso,https://media.formula1.com/d_driver_fallback_image.png/content/dam/fom-website/drivers/F/FERALO01_Fernando_Alonso/feralo01.png.transform/1col/image.png,,2026-07-03T10:25:10.990280Z
1285,11287,16,C LECLERC,Charles LECLERC,LEC,Ferrari,ED1131,Charles,Leclerc,https://media.formula1.com/d_driver_fallback_image.png/content/dam/fom-website/drivers/C/CHALEC01_Charles_Leclerc/chalec01.png.transform/1col/image.png,,2026-07-03T10:25:10.990280Z
1285,11287,18,L STROLL,Lance STROLL,STR,Aston Martin,229971,Lance,Stroll,https://media.formula1.com/d_driver_fallback_image.png/content/dam/fom-website/drivers/L/LANSTR01_Lance_Stroll/lanstr01.png.transform/1col/image.png,,2026-07-03T10:25:10.990280Z
1285,11287,23,A ALBON,Alexander ALBON,ALB,Williams,1868DB,Alexander,Albon,https://media.formula1.com/d_driver_fallback_image.png/content/dam/fom-website/drivers/A/ALEALB01_Alexander_Albon/alealb01.png.transform/1col/image.png,,2026-07-03T10:25:10.990280Z
1285,11287,27,N HULKENBERG,Nico HULKENBERG,HUL,Audi,F50537,Nico,Hulkenberg,https://media.formula1.com/d_driver_fallback_image.png/content/dam/fom-website/drivers/N/NICHUL01_Nico_Hulkenberg/nichul01.png.transform/1col/image.png,,2026-07-03T10:25:10.990280Z
1285,11287,30,L LAWSON,Liam LAWSON,LAW,Racing Bulls,6C98FF,Liam,Lawson,https://media.formula1.com/d_driver_fallback_image.png/content/dam/fom-website/drivers/L/LIALAW01_Liam_Lawson/lialaw01.png.transform/1col/image.png,,2026-07-03T10:25:10.990280Z
1285,11287,31,E OCON,Esteban OCON,OCO,Haas F1 Team,9C9FA2,Esteban,Ocon,https://media.formula1.com/d_driver_fallback_image.png/content/dam/fom-website/drivers/E/ESTOCO01_Esteban_Ocon/estoco01.png.transform/1col/image.png,,2026-07-03T10:25:10.990280Z
1285,11287,41,A LINDBLAD,Arvid LINDBLAD,LIN,Racing Bulls,6C98FF,Arvid,Lindblad,https://media.formula1.com/d_driver_fallback_image.png/content/dam/fom-website/drivers/A/ARVLIN01_Arvid_Lindblad/arvlin01.png.transform/1col/image.png,,2026-07-03T10:25:10.990280Z
1285,11287,43,F COLAPINTO,Franco COLAPINTO,COL,Alpine,00A1E8,Franco,Colapinto,https://media.formula1.com/d_driver_fallback_image.png/content/dam/fom-website/drivers/F/FRACOL01_Franco_Colapinto/fracol01.png.transform/1col/image.png,,2026-07-03T10:25:10.990280Z
1285,11287,44,L HAMILTON,Lewis HAMILTON,HAM,Ferrari,ED1131,Lewis,Hamilton,https://media.formula1.com/d_driver_fallback_image.png/content/dam/fom-website/drivers/L/LEWHAM01_Lewis_Hamilton/lewham01.png.transform/1col/image.png,,2026-07-03T10:25:10.990280Z
1285,11287,55,C SAINZ,Carlos SAINZ,SAI,Williams,1868DB,Carlos,Sainz,https://media.formula1.com/d_driver_fallback_image.png/content/dam/fom-website/drivers/C/CARSAI01_Carlos_Sainz/carsai01.png.transform/1col/image.png,,2026-07-03T10:25:10.990280Z
1285,11287,63,G RUSSELL,George RUSSELL,RUS,Mercedes,00D7B6,George,Russell,https://media.formula1.com/d_driver_fallback_image.png/content/dam/fom-website/drivers/G/GEORUS01_George_Russell/georus01.png.transform/1col/image.png,,2026-07-03T10:25:10.990280Z
1285,11287,77,V BOTTAS,Valtteri BOTTAS,BOT,Cadillac,909090,Valtteri,Bottas,https://media.formula1.com/d_driver_fallback_image.png/content/dam/fom-website/drivers/V/VALBOT01_Valtteri_Bottas/valbot01.png.transform/1col/image.png,,2026-07-03T10:25:10.990280Z
1285,11287,81,O PIASTRI,Oscar PIASTRI,PIA,McLaren,F47600,Oscar,Piastri,https://media.formula1.com/d_driver_fallback_image.png/content/dam/fom-website/drivers/O/OSCPIA01_Oscar_Piastri/oscpia01.png.transform/1col/image.png,,2026-07-03T10:25:10.990280Z
1285,11287,87,O BEARMAN,Oliver BEARMAN,BEA,Haas F1 Team,9C9FA2,Oliver,Bearman,https://media.formula1.com/d_driver_fallback_image.png/content/dam/fom-website/drivers/O/OLIBEA01_Oliver_Bearman/olibea01.png.transform/1col/image.png,,2026-07-03T10:25:10.990280Z
1285,11291,1,L NORRIS,Lando NORRIS,NOR,McLaren,F47600,Lando,Norris,https://media.formula1.com/d_driver_fallback_image.png/content/dam/fom-website/drivers/L/LANNOR01_Lando_Norris/lannor01.png.transform/1col/image.png,,2026-07-03T10:25:17.763947Z
1285,11291,3,M VERSTAPPEN,Max VERSTAPPEN,VER,Red Bull Racing,4781D7,Max,Verstappen,https://media.formula1.com/d_driver_fallback_image.png/content/dam/fom-website/drivers/M/MAXVER01_Max_Verstappen/maxver01.png.transform/1col/image.png,,2026-07-03T10:25:17.763947Z
1285,11291,5,G BORTOLETO,Gabriel BORTOLETO,BOR,Audi,F50537,Gabriel,Bortoleto,https://media.formula1.com/d_driver_fallback_image.png/content/dam/fom-website/drivers/G/GABBOR01_Gabriel_Bortoleto/gabbor01.png.transform/1col/image.png,,2026-07-03T10:25:17.763947Z
1285,11291,6,I HADJAR,Isack HADJAR,HAD,Red Bull Racing,4781D7,Isack,Hadjar,https://media.formula1.com/d_driver_fallback_image.png/content/dam/fom-website/drivers/I/ISAHAD01_Isack_Hadjar/isahad01.png.transform/1col/image.png,,2026-07-03T10:25:17.763947Z
1285,11291,10,P GASLY,Pierre GASLY,GAS,Alpine,00A1E8,Pierre,Gasly,https://media.formula1.com/d_driver_fallback_image.png/content/dam/fom-website/drivers/P/PIEGAS01_Pierre_Gasly/piegas01.png.transform/1col/image.png,,2026-07-03T10:25:17.763947Z
1285,11291,11,S PEREZ,Sergio PEREZ,PER,Cadillac,909090,Sergio,Perez,https://media.formula1.com/d_driver_fallback_image.png/content/dam/fom-website/drivers/S/SERPER01_Sergio_Perez/serper01.png.transform/1col/image.png,,2026-07-03T10:25:17.763947Z
1285,11291,12,K ANTONELLI,Kimi ANTONELLI,ANT,Mercedes,00D7B6,Kimi,Antonelli,https://media.formula1.com/d_driver_fallback_image.png/content/dam/fom-website/drivers/K/ANDANT01_Kimi_Antonelli/andant01.png.transform/1col/image.png,,2026-07-03T10:25:17.763947Z
1285,11291,14,F ALONSO,Fernando ALONSO,ALO,Aston Martin,229971,Fernando,Alonso,https://media.formula1.com/d_driver_fallback_image.png/content/dam/fom-website/drivers/F/FERALO01_Fernando_Alonso/feralo01.png.transform/1col/image.png,,2026-07-03T10:25:17.763947Z
1285,11291,16,C LECLERC,Charles LECLERC,LEC,Ferrari,ED1131,Charles,Leclerc,https://media.formula1.com/d_driver_fallback_image.png/content/dam/fom-website/drivers/C/CHALEC01_Charles_Leclerc/chalec01.png.transform/1col/image.png,,2026-07-03T10:25:17.763947Z
1285,11291,18,L STROLL,Lance STROLL,STR,Aston Martin,229971,Lance,Stroll,https://media.formula1.com/d_driver_fallback_image.png/content/dam/fom-website/drivers/L/LANSTR01_Lance_Stroll/lanstr01.png.transform/1col/image.png,,2026-07-03T10:25:17.763947Z
1285,11291,23,A ALBON,Alexander ALBON,ALB,Williams,1868DB,Alexander,Albon,https://media.formula1.com/d_driver_fallback_image.png/content/dam/fom-website/drivers/A/ALEALB01_Alexander_Albon/alealb01.png.transform/1col/image.png,,2026-07-03T10:25:17.763947Z
1285,11291,27,N HULKENBERG,Nico HULKENBERG,HUL,Audi,F50537,Nico,Hulkenberg,https://media.formula1.com/d_driver_fallback_image.png/content/dam/fom-website/drivers/N/NICHUL01_Nico_Hulkenberg/nichul01.png.transform/1col/image.png,,2026-07-03T10:25:17.763947Z
1285,11291,30,L LAWSON,Liam LAWSON,LAW,Racing Bulls,6C98FF,Liam,Lawson,https://media.formula1.com/d_driver_fallback_image.png/content/dam/fom-website/drivers/L/LIALAW01_Liam_Lawson/lialaw01.png.transform/1col/image.png,,2026-07-03T10:25:17.763947Z
1285,11291,31,E OCON,Esteban OCON,OCO,Haas F1 Team,9C9FA2,Esteban,Ocon,https://media.formula1.com/d_driver_fallback_image.png/content/dam/fom-website/drivers/E/ESTOCO01_Esteban_Ocon/estoco01.png.transform/1col/image.png,,2026-07-03T10:25:17.763947Z
1285,11291,41,A LINDBLAD,Arvid LINDBLAD,LIN,Racing Bulls,6C98FF,Arvid,Lindblad,https://media.formula1.com/d_driver_fallback_image.png/content/dam/fom-website/drivers/A/ARVLIN01_Arvid_Lindblad/arvlin01.png.transform/1col/image.png,,2026-07-03T10:25:17.763947Z
1285,11291,43,F COLAPINTO,Franco COLAPINTO,COL,Alpine,00A1E8,Franco,Colapinto,https://media.formula1.com/d_driver_fallback_image.png/content/dam/fom-website/drivers/F/FRACOL01_Franco_Colapinto/fracol01.png.transform/1col/image.png,,2026-07-03T10:25:17.763947Z
1285,11291,44,L HAMILTON,Lewis HAMILTON,HAM,Ferrari,ED1131,Lewis,Hamilton,https://media.formula1.com/d_driver_fallback_image.png/content/dam/fom-website/drivers/L/LEWHAM01_Lewis_Hamilton/lewham01.png.transform/1col/image.png,,2026-07-03T10:25:17.763947Z
1285,11291,55,C SAINZ,Carlos SAINZ,SAI,Williams,1868DB,Carlos,Sainz,https://media.formula1.com/d_driver_fallback_image.png/content/dam/fom-website/drivers/C/CARSAI01_Carlos_Sainz/carsai01.png.transform/1col/image.png,,2026-07-03T10:25:17.763947Z
1285,11291,63,G RUSSELL,George RUSSELL,RUS,Mercedes,00D7B6,George,Russell,https://media.formula1.com/d_driver_fallback_image.png/content/dam/fom-website/drivers/G/GEORUS01_George_Russell/georus01.png.transform/1col/image.png,,2026-07-03T10:25:17.763947Z
1285,11291,77,V BOTTAS,Valtteri BOTTAS,BOT,Cadillac,909090,Valtteri,Bottas,https://media.formula1.com/d_driver_fallback_image.png/content/dam/fom-website/drivers/V/VALBOT01_Valtteri_Bottas/valbot01.png.transform/1col/image.png,,2026-07-03T10:25:17.763947Z
1285,11291,81,O PIASTRI,Oscar PIASTRI,PIA,McLaren,F47600,Oscar,Piastri,https://media.formula1.com/d_driver_fallback_image.png/content/dam/fom-website/drivers/O/OSCPIA01_Oscar_Piastri/oscpia01.png.transform/1col/image.png,,2026-07-03T10:25:17.763947Z
1285,11291,87,O BEARMAN,Oliver BEARMAN,BEA,Haas F1 Team,9C9FA2,Oliver,Bearman,https://media.formula1.com/d_driver_fallback_image.png/content/dam/fom-website/drivers/O/OLIBEA01_Oliver_Bearman/olibea01.png.transform/1col/image.png,,2026-07-03T10:25:17.763947Z
1286,11294,1,L NORRIS,Lando NORRIS,NOR,McLaren,F47600,Lando,Norris,https://media.formula1.com/d_driver_fallback_image.png/content/dam/fom-website/drivers/L/LANNOR01_Lando_Norris/lannor01.png.transform/1col/image.png,,2026-07-03T10:26:02.435772Z
1286,11294,3,M VERSTAPPEN,Max VERSTAPPEN,VER,Red Bull Racing,4781D7,Max,Verstappen,https://media.formula1.com/d_driver_fallback_image.png/content/dam/fom-website/drivers/M/MAXVER01_Max_Verstappen/maxver01.png.transform/1col/image.png,,2026-07-03T10:26:02.435772Z
1286,11294,5,G BORTOLETO,Gabriel BORTOLETO,BOR,Audi,F50537,Gabriel,Bortoleto,https://media.formula1.com/d_driver_fallback_image.png/content/dam/fom-website/drivers/G/GABBOR01_Gabriel_Bortoleto/gabbor01.png.transform/1col/image.png,,2026-07-03T10:26:02.435772Z
1286,11294,6,I HADJAR,Isack HADJAR,HAD,Red Bull Racing,4781D7,Isack,Hadjar,https://media.formula1.com/d_driver_fallback_image.png/content/dam/fom-website/drivers/I/ISAHAD01_Isack_Hadjar/isahad01.png.transform/1col/image.png,,2026-07-03T10:26:02.435772Z
1286,11294,10,P GASLY,Pierre GASLY,GAS,Alpine,00A1E8,Pierre,Gasly,https://media.formula1.com/d_driver_fallback_image.png/content/dam/fom-website/drivers/P/PIEGAS01_Pierre_Gasly/piegas01.png.transform/1col/image.png,,2026-07-03T10:26:02.435772Z
1286,11294,11,S PEREZ,Sergio PEREZ,PER,Cadillac,909090,Sergio,Perez,https://media.formula1.com/d_driver_fallback_image.png/content/dam/fom-website/drivers/S/SERPER01_Sergio_Perez/serper01.png.transform/1col/image.png,,2026-07-03T10:26:02.435772Z
1286,11294,12,K ANTONELLI,Kimi ANTONELLI,ANT,Mercedes,00D7B6,Kimi,Antonelli,https://media.formula1.com/d_driver_fallback_image.png/content/dam/fom-website/drivers/K/ANDANT01_Kimi_Antonelli/andant01.png.transform/1col/image.png,,2026-07-03T10:26:02.435772Z
1286,11294,14,F ALONSO,Fernando ALONSO,ALO,Aston Martin,229971,Fernando,Alonso,https://media.formula1.com/d_driver_fallback_image.png/content/dam/fom-website/drivers/F/FERALO01_Fernando_Alonso/feralo01.png.transform/1col/image.png,,2026-07-03T10:26:02.435772Z
1286,11294,16,C LECLERC,Charles LECLERC,LEC,Ferrari,ED1131,Charles,Leclerc,https://media.formula1.com/d_driver_fallback_image.png/content/dam/fom-website/drivers/C/CHALEC01_Charles_Leclerc/chalec01.png.transform/1col/image.png,,2026-07-03T10:26:02.435772Z
1286,11294,18,L STROLL,Lance STROLL,STR,Aston Martin,229971,Lance,Stroll,https://media.formula1.com/d_driver_fallback_image.png/content/dam/fom-website/drivers/L/LANSTR01_Lance_Stroll/lanstr01.png.transform/1col/image.png,,2026-07-03T10:26:02.435772Z
1286,11294,23,A ALBON,Alexander ALBON,ALB,Williams,1868DB,Alexander,Albon,https://media.formula1.com/d_driver_fallback_image.png/content/dam/fom-website/drivers/A/ALEALB01_Alexander_Albon/alealb01.png.transform/1col/image.png,,2026-07-03T10:26:02.435772Z
1286,11294,27,N HULKENBERG,Nico HULKENBERG,HUL,Audi,F50537,Nico,Hulkenberg,https://media.formula1.com/d_driver_fallback_image.png/content/dam/fom-website/drivers/N/NICHUL01_Nico_Hulkenberg/nichul01.png.transform/1col/image.png,,2026-07-03T10:26:02.435772Z
1286,11294,30,L LAWSON,Liam LAWSON,LAW,Racing Bulls,6C98FF,Liam,Lawson,https://media.formula1.com/d_driver_fallback_image.png/content/dam/fom-website/drivers/L/LIALAW01_Liam_Lawson/lialaw01.png.transform/1col/image.png,,2026-07-03T10:26:02.435772Z
1286,11294,31,E OCON,Esteban OCON,OCO,Haas F1 Team,9C9FA2,Esteban,Ocon,https://media.formula1.com/d_driver_fallback_image.png/content/dam/fom-website/drivers/E/ESTOCO01_Esteban_Ocon/estoco01.png.transform/1col/image.png,,2026-07-03T10:26:02.435772Z
1286,11294,41,A LINDBLAD,Arvid LINDBLAD,LIN,Racing Bulls,6C98FF,Arvid,Lindblad,https://media.formula1.com/d_driver_fallback_image.png/content/dam/fom-website/drivers/A/ARVLIN01_Arvid_Lindblad/arvlin01.png.transform/1col/image.png,,2026-07-03T10:26:02.435772Z
1286,11294,43,F COLAPINTO,Franco COLAPINTO,COL,Alpine,00A1E8,Franco,Colapinto,https://media.formula1.com/d_driver_fallback_image.png/content/dam/fom-website/drivers/F/FRACOL01_Franco_Colapinto/fracol01.png.transform/1col/image.png,,2026-07-03T10:26:02.435772Z
1286,11294,44,L HAMILTON,Lewis HAMILTON,HAM,Ferrari,ED1131,Lewis,Hamilton,https://media.formula1.com/d_driver_fallback_image.png/content/dam/fom-website/drivers/L/LEWHAM01_Lewis_Hamilton/lewham01.png.transform/1col/image.png,,2026-07-03T10:26:02.435772Z
1286,11294,55,C SAINZ,Carlos SAINZ,SAI,Williams,1868DB,Carlos,Sainz,https://media.formula1.com/d_driver_fallback_image.png/content/dam/fom-website/drivers/C/CARSAI01_Carlos_Sainz/carsai01.png.transform/1col/image.png,,2026-07-03T10:26:02.435772Z
1286,11294,63,G RUSSELL,George RUSSELL,RUS,Mercedes,00D7B6,George,Russell,https://media.formula1.com/d_driver_fallback_image.png/content/dam/fom-website/drivers/G/GEORUS01_George_Russell/georus01.png.transform/1col/image.png,,2026-07-03T10:26:02.435772Z
1286,11294,77,V BOTTAS,Valtteri BOTTAS,BOT,Cadillac,909090,Valtteri,Bottas,https://media.formula1.com/d_driver_fallback_image.png/content/dam/fom-website/drivers/V/VALBOT01_Valtteri_Bottas/valbot01.png.transform/1col/image.png,,2026-07-03T10:26:02.435772Z
1286,11294,81,O PIASTRI,Oscar PIASTRI,PIA,McLaren,F47600,Oscar,Piastri,https://media.formula1.com/d_driver_fallback_image.png/content/dam/fom-website/drivers/O/OSCPIA01_Oscar_Piastri/oscpia01.png.transform/1col/image.png,,2026-07-03T10:26:02.435772Z
1286,11294,87,O BEARMAN,Oliver BEARMAN,BEA,Haas F1 Team,9C9FA2,Oliver,Bearman,https://media.formula1.com/d_driver_fallback_image.png/content/dam/fom-website/drivers/O/OLIBEA01_Oliver_Bearman/olibea01.png.transform/1col/image.png,,2026-07-03T10:26:02.435772Z
1286,11295,1,L NORRIS,Lando NORRIS,NOR,McLaren,F47600,Lando,Norris,https://media.formula1.com/d_driver_fallback_image.png/content/dam/fom-website/drivers/L/LANNOR01_Lando_Norris/lannor01.png.transform/1col/image.png,,2026-07-03T10:26:07.120862Z
1286,11295,3,M VERSTAPPEN,Max VERSTAPPEN,VER,Red Bull Racing,4781D7,Max,Verstappen,https://media.formula1.com/d_driver_fallback_image.png/content/dam/fom-website/drivers/M/MAXVER01_Max_Verstappen/maxver01.png.transform/1col/image.png,,2026-07-03T10:26:07.120862Z
1286,11295,5,G BORTOLETO,Gabriel BORTOLETO,BOR,Audi,F50537,Gabriel,Bortoleto,https://media.formula1.com/d_driver_fallback_image.png/content/dam/fom-website/drivers/G/GABBOR01_Gabriel_Bortoleto/gabbor01.png.transform/1col/image.png,,2026-07-03T10:26:07.120862Z
1286,11295,6,I HADJAR,Isack HADJAR,HAD,Red Bull Racing,4781D7,Isack,Hadjar,https://media.formula1.com/d_driver_fallback_image.png/content/dam/fom-website/drivers/I/ISAHAD01_Isack_Hadjar/isahad01.png.transform/1col/image.png,,2026-07-03T10:26:07.120862Z
1286,11295,10,P GASLY,Pierre GASLY,GAS,Alpine,00A1E8,Pierre,Gasly,https://media.formula1.com/d_driver_fallback_image.png/content/dam/fom-website/drivers/P/PIEGAS01_Pierre_Gasly/piegas01.png.transform/1col/image.png,,2026-07-03T10:26:07.120862Z
1286,11295,11,S PEREZ,Sergio PEREZ,PER,Cadillac,909090,Sergio,Perez,https://media.formula1.com/d_driver_fallback_image.png/content/dam/fom-website/drivers/S/SERPER01_Sergio_Perez/serper01.png.transform/1col/image.png,,2026-07-03T10:26:07.120862Z
1286,11295,12,K ANTONELLI,Kimi ANTONELLI,ANT,Mercedes,00D7B6,Kimi,Antonelli,https://media.formula1.com/d_driver_fallback_image.png/content/dam/fom-website/drivers/K/ANDANT01_Kimi_Antonelli/andant01.png.transform/1col/image.png,,2026-07-03T10:26:07.120862Z
1286,11295,14,F ALONSO,Fernando ALONSO,ALO,Aston Martin,229971,Fernando,Alonso,https://media.formula1.com/d_driver_fallback_image.png/content/dam/fom-website/drivers/F/FERALO01_Fernando_Alonso/feralo01.png.transform/1col/image.png,,2026-07-03T10:26:07.120862Z
1286,11295,16,C LECLERC,Charles LECLERC,LEC,Ferrari,ED1131,Charles,Leclerc,https://media.formula1.com/d_driver_fallback_image.png/content/dam/fom-website/drivers/C/CHALEC01_Charles_Leclerc/chalec01.png.transform/1col/image.png,,2026-07-03T10:26:07.120862Z
1286,11295,18,L STROLL,Lance STROLL,STR,Aston Martin,229971,Lance,Stroll,https://media.formula1.com/d_driver_fallback_image.png/content/dam/fom-website/drivers/L/LANSTR01_Lance_Stroll/lanstr01.png.transform/1col/image.png,,2026-07-03T10:26:07.120862Z
1286,11295,23,A ALBON,Alexander ALBON,ALB,Williams,1868DB,Alexander,Albon,https://media.formula1.com/d_driver_fallback_image.png/content/dam/fom-website/drivers/A/ALEALB01_Alexander_Albon/alealb01.png.transform/1col/image.png,,2026-07-03T10:26:07.120862Z
1286,11295,27,N HULKENBERG,Nico HULKENBERG,HUL,Audi,F50537,Nico,Hulkenberg,https://media.formula1.com/d_driver_fallback_image.png/content/dam/fom-website/drivers/N/NICHUL01_Nico_Hulkenberg/nichul01.png.transform/1col/image.png,,2026-07-03T10:26:07.120862Z
1286,11295,30,L LAWSON,Liam LAWSON,LAW,Racing Bulls,6C98FF,Liam,Lawson,https://media.formula1.com/d_driver_fallback_image.png/content/dam/fom-website/drivers/L/LIALAW01_Liam_Lawson/lialaw01.png.transform/1col/image.png,,2026-07-03T10:26:07.120862Z
1286,11295,31,E OCON,Esteban OCON,OCO,Haas F1 Team,9C9FA2,Esteban,Ocon,https://media.formula1.com/d_driver_fallback_image.png/content/dam/fom-website/drivers/E/ESTOCO01_Esteban_Ocon/estoco01.png.transform/1col/image.png,,2026-07-03T10:26:07.120862Z
1286,11295,41,A LINDBLAD,Arvid LINDBLAD,LIN,Racing Bulls,6C98FF,Arvid,Lindblad,https://media.formula1.com/d_driver_fallback_image.png/content/dam/fom-website/drivers/A/ARVLIN01_Arvid_Lindblad/arvlin01.png.transform/1col/image.png,,2026-07-03T10:26:07.120862Z
1286,11295,43,F COLAPINTO,Franco COLAPINTO,COL,Alpine,00A1E8,Franco,Colapinto,https://media.formula1.com/d_driver_fallback_image.png/content/dam/fom-website/drivers/F/FRACOL01_Franco_Colapinto/fracol01.png.transform/1col/image.png,,2026-07-03T10:26:07.120862Z
1286,11295,44,L HAMILTON,Lewis HAMILTON,HAM,Ferrari,ED1131,Lewis,Hamilton,https://media.formula1.com/d_driver_fallback_image.png/content/dam/fom-website/drivers/L/LEWHAM01_Lewis_Hamilton/lewham01.png.transform/1col/image.png,,2026-07-03T10:26:07.120862Z
1286,11295,55,C SAINZ,Carlos SAINZ,SAI,Williams,1868DB,Carlos,Sainz,https://media.formula1.com/d_driver_fallback_image.png/content/dam/fom-website/drivers/C/CARSAI01_Carlos_Sainz/carsai01.png.transform/1col/image.png,,2026-07-03T10:26:07.120862Z
1286,11295,63,G RUSSELL,George RUSSELL,RUS,Mercedes,00D7B6,George,Russell,https://media.formula1.com/d_driver_fallback_image.png/content/dam/fom-website/drivers/G/GEORUS01_George_Russell/georus01.png.transform/1col/image.png,,2026-07-03T10:26:07.120862Z
1286,11295,77,V BOTTAS,Valtteri BOTTAS,BOT,Cadillac,909090,Valtteri,Bottas,https://media.formula1.com/d_driver_fallback_image.png/content/dam/fom-website/drivers/V/VALBOT01_Valtteri_Bottas/valbot01.png.transform/1col/image.png,,2026-07-03T10:26:07.120862Z
1286,11295,81,O PIASTRI,Oscar PIASTRI,PIA,McLaren,F47600,Oscar,Piastri,https://media.formula1.com/d_driver_fallback_image.png/content/dam/fom-website/drivers/O/OSCPIA01_Oscar_Piastri/oscpia01.png.transform/1col/image.png,,2026-07-03T10:26:07.120862Z
1286,11295,87,O BEARMAN,Oliver BEARMAN,BEA,Haas F1 Team,9C9FA2,Oliver,Bearman,https://media.formula1.com/d_driver_fallback_image.png/content/dam/fom-website/drivers/O/OLIBEA01_Oliver_Bearman/olibea01.png.transform/1col/image.png,,2026-07-03T10:26:07.120862Z
1286,11299,1,L NORRIS,Lando NORRIS,NOR,McLaren,F47600,Lando,Norris,https://media.formula1.com/d_driver_fallback_image.png/content/dam/fom-website/drivers/L/LANNOR01_Lando_Norris/lannor01.png.transform/1col/image.png,,2026-07-03T10:26:14.326187Z
1286,11299,3,M VERSTAPPEN,Max VERSTAPPEN,VER,Red Bull Racing,4781D7,Max,Verstappen,https://media.formula1.com/d_driver_fallback_image.png/content/dam/fom-website/drivers/M/MAXVER01_Max_Verstappen/maxver01.png.transform/1col/image.png,,2026-07-03T10:26:14.326187Z
1286,11299,5,G BORTOLETO,Gabriel BORTOLETO,BOR,Audi,F50537,Gabriel,Bortoleto,https://media.formula1.com/d_driver_fallback_image.png/content/dam/fom-website/drivers/G/GABBOR01_Gabriel_Bortoleto/gabbor01.png.transform/1col/image.png,,2026-07-03T10:26:14.326187Z
1286,11299,6,I HADJAR,Isack HADJAR,HAD,Red Bull Racing,4781D7,Isack,Hadjar,https://media.formula1.com/d_driver_fallback_image.png/content/dam/fom-website/drivers/I/ISAHAD01_Isack_Hadjar/isahad01.png.transform/1col/image.png,,2026-07-03T10:26:14.326187Z
1286,11299,10,P GASLY,Pierre GASLY,GAS,Alpine,00A1E8,Pierre,Gasly,https://media.formula1.com/d_driver_fallback_image.png/content/dam/fom-website/drivers/P/PIEGAS01_Pierre_Gasly/piegas01.png.transform/1col/image.png,,2026-07-03T10:26:14.326187Z
1286,11299,11,S PEREZ,Sergio PEREZ,PER,Cadillac,909090,Sergio,Perez,https://media.formula1.com/d_driver_fallback_image.png/content/dam/fom-website/drivers/S/SERPER01_Sergio_Perez/serper01.png.transform/1col/image.png,,2026-07-03T10:26:14.326187Z
1286,11299,12,K ANTONELLI,Kimi ANTONELLI,ANT,Mercedes,00D7B6,Kimi,Antonelli,https://media.formula1.com/d_driver_fallback_image.png/content/dam/fom-website/drivers/K/ANDANT01_Kimi_Antonelli/andant01.png.transform/1col/image.png,,2026-07-03T10:26:14.326187Z
1286,11299,14,F ALONSO,Fernando ALONSO,ALO,Aston Martin,229971,Fernando,Alonso,https://media.formula1.com/d_driver_fallback_image.png/content/dam/fom-website/drivers/F/FERALO01_Fernando_Alonso/feralo01.png.transform/1col/image.png,,2026-07-03T10:26:14.326187Z
1286,11299,16,C LECLERC,Charles LECLERC,LEC,Ferrari,ED1131,Charles,Leclerc,https://media.formula1.com/d_driver_fallback_image.png/content/dam/fom-website/drivers/C/CHALEC01_Charles_Leclerc/chalec01.png.transform/1col/image.png,,2026-07-03T10:26:14.326187Z
1286,11299,18,L STROLL,Lance STROLL,STR,Aston Martin,229971,Lance,Stroll,https://media.formula1.com/d_driver_fallback_image.png/content/dam/fom-website/drivers/L/LANSTR01_Lance_Stroll/lanstr01.png.transform/1col/image.png,,2026-07-03T10:26:14.326187Z
1286,11299,23,A ALBON,Alexander ALBON,ALB,Williams,1868DB,Alexander,Albon,https://media.formula1.com/d_driver_fallback_image.png/content/dam/fom-website/drivers/A/ALEALB01_Alexander_Albon/alealb01.png.transform/1col/image.png,,2026-07-03T10:26:14.326187Z
1286,11299,27,N HULKENBERG,Nico HULKENBERG,HUL,Audi,F50537,Nico,Hulkenberg,https://media.formula1.com/d_driver_fallback_image.png/content/dam/fom-website/drivers/N/NICHUL01_Nico_Hulkenberg/nichul01.png.transform/1col/image.png,,2026-07-03T10:26:14.326187Z
1286,11299,30,L LAWSON,Liam LAWSON,LAW,Racing Bulls,6C98FF,Liam,Lawson,https://media.formula1.com/d_driver_fallback_image.png/content/dam/fom-website/drivers/L/LIALAW01_Liam_Lawson/lialaw01.png.transform/1col/image.png,,2026-07-03T10:26:14.326187Z
1286,11299,31,E OCON,Esteban OCON,OCO,Haas F1 Team,9C9FA2,Esteban,Ocon,https://media.formula1.com/d_driver_fallback_image.png/content/dam/fom-website/drivers/E/ESTOCO01_Esteban_Ocon/estoco01.png.transform/1col/image.png,,2026-07-03T10:26:14.326187Z
1286,11299,41,A LINDBLAD,Arvid LINDBLAD,LIN,Racing Bulls,6C98FF,Arvid,Lindblad,https://media.formula1.com/d_driver_fallback_image.png/content/dam/fom-website/drivers/A/ARVLIN01_Arvid_Lindblad/arvlin01.png.transform/1col/image.png,,2026-07-03T10:26:14.326187Z
1286,11299,43,F COLAPINTO,Franco COLAPINTO,COL,Alpine,00A1E8,Franco,Colapinto,https://media.formula1.com/d_driver_fallback_image.png/content/dam/fom-website/drivers/F/FRACOL01_Franco_Colapinto/fracol01.png.transform/1col/image.png,,2026-07-03T10:26:14.326187Z
1286,11299,44,L HAMILTON,Lewis HAMILTON,HAM,Ferrari,ED1131,Lewis,Hamilton,https://media.formula1.com/d_driver_fallback_image.png/content/dam/fom-website/drivers/L/LEWHAM01_Lewis_Hamilton/lewham01.png.transform/1col/image.png,,2026-07-03T10:26:14.326187Z
1286,11299,55,C SAINZ,Carlos SAINZ,SAI,Williams,1868DB,Carlos,Sainz,https://media.formula1.com/d_driver_fallback_image.png/content/dam/fom-website/drivers/C/CARSAI01_Carlos_Sainz/carsai01.png.transform/1col/image.png,,2026-07-03T10:26:14.326187Z
1286,11299,63,G RUSSELL,George RUSSELL,RUS,Mercedes,00D7B6,George,Russell,https://media.formula1.com/d_driver_fallback_image.png/content/dam/fom-website/drivers/G/GEORUS01_George_Russell/georus01.png.transform/1col/image.png,,2026-07-03T10:26:14.326187Z
1286,11299,77,V BOTTAS,Valtteri BOTTAS,BOT,Cadillac,909090,Valtteri,Bottas,https://media.formula1.com/d_driver_fallback_image.png/content/dam/fom-website/drivers/V/VALBOT01_Valtteri_Bottas/valbot01.png.transform/1col/image.png,,2026-07-03T10:26:14.326187Z
1286,11299,81,O PIASTRI,Oscar PIASTRI,PIA,McLaren,F47600,Oscar,Piastri,https://media.formula1.com/d_driver_fallback_image.png/content/dam/fom-website/drivers/O/OSCPIA01_Oscar_Piastri/oscpia01.png.transform/1col/image.png,,2026-07-03T10:26:14.326187Z
1286,11299,87,O BEARMAN,Oliver BEARMAN,BEA,Haas F1 Team,9C9FA2,Oliver,Bearman,https://media.formula1.com/d_driver_fallback_image.png/content/dam/fom-website/drivers/O/OLIBEA01_Oliver_Bearman/olibea01.png.transform/1col/image.png,,2026-07-03T10:26:14.326187Z
1287,11300,87,O BEARMAN,Oliver BEARMAN,BEA,Haas F1 Team,9C9FA2,Oliver,Bearman,https://media.formula1.com/d_driver_fallback_image.png/content/dam/fom-website/drivers/O/OLIBEA01_Oliver_Bearman/olibea01.png.transform/1col/image.png,,2026-07-03T10:26:19.017414Z
1287,11300,81,O PIASTRI,Oscar PIASTRI,PIA,McLaren,F47600,Oscar,Piastri,https://media.formula1.com/d_driver_fallback_image.png/content/dam/fom-website/drivers/O/OSCPIA01_Oscar_Piastri/oscpia01.png.transform/1col/image.png,,2026-07-03T10:26:19.017414Z
1287,11300,77,V BOTTAS,Valtteri BOTTAS,BOT,Cadillac,909090,Valtteri,Bottas,https://media.formula1.com/d_driver_fallback_image.png/content/dam/fom-website/drivers/V/VALBOT01_Valtteri_Bottas/valbot01.png.transform/1col/image.png,,2026-07-03T10:26:19.017414Z
1287,11300,63,G RUSSELL,George RUSSELL,RUS,Mercedes,00D7B6,George,Russell,https://media.formula1.com/d_driver_fallback_image.png/content/dam/fom-website/drivers/G/GEORUS01_George_Russell/georus01.png.transform/1col/image.png,,2026-07-03T10:26:19.017414Z
1287,11300,55,C SAINZ,Carlos SAINZ,SAI,Williams,1868DB,Carlos,Sainz,https://media.formula1.com/d_driver_fallback_image.png/content/dam/fom-website/drivers/C/CARSAI01_Carlos_Sainz/carsai01.png.transform/1col/image.png,,2026-07-03T10:26:19.017414Z
1287,11300,38,D BEGANOVIC,Dino BEGANOVIC,BEG,Ferrari,ED1131,Dino,Beganovic,,,2026-07-03T10:26:19.017414Z
1287,11300,43,F COLAPINTO,Franco COLAPINTO,COL,Alpine,00A1E8,Franco,Colapinto,https://media.formula1.com/d_driver_fallback_image.png/content/dam/fom-website/drivers/F/FRACOL01_Franco_Colapinto/fracol01.png.transform/1col/image.png,,2026-07-03T10:26:19.017414Z
1287,11300,41,A LINDBLAD,Arvid LINDBLAD,LIN,Racing Bulls,6C98FF,Arvid,Lindblad,https://media.formula1.com/d_driver_fallback_image.png/content/dam/fom-website/drivers/A/ARVLIN01_Arvid_Lindblad/arvlin01.png.transform/1col/image.png,,2026-07-03T10:26:19.017414Z
1287,11300,31,E OCON,Esteban OCON,OCO,Haas F1 Team,9C9FA2,Esteban,Ocon,https://media.formula1.com/d_driver_fallback_image.png/content/dam/fom-website/drivers/E/ESTOCO01_Esteban_Ocon/estoco01.png.transform/1col/image.png,,2026-07-03T10:26:19.017414Z
1287,11300,30,L LAWSON,Liam LAWSON,LAW,Racing Bulls,6C98FF,Liam,Lawson,https://media.formula1.com/d_driver_fallback_image.png/content/dam/fom-website/drivers/L/LIALAW01_Liam_Lawson/lialaw01.png.transform/1col/image.png,,2026-07-03T10:26:19.017414Z
1287,11300,97,P ARON,Paul ARON,ARO,Audi,F50537,Paul,ARON,,,2026-07-03T10:26:19.017414Z
1287,11300,18,L STROLL,Lance STROLL,STR,Aston Martin,229971,Lance,Stroll,https://media.formula1.com/d_driver_fallback_image.png/content/dam/fom-website/drivers/L/LANSTR01_Lance_Stroll/lanstr01.png.transform/1col/image.png,,2026-07-03T10:26:19.017414Z
1287,11300,16,C LECLERC,Charles LECLERC,LEC,Ferrari,ED1131,Charles,Leclerc,https://media.formula1.com/d_driver_fallback_image.png/content/dam/fom-website/drivers/C/CHALEC01_Charles_Leclerc/chalec01.png.transform/1col/image.png,,2026-07-03T10:26:19.017414Z
1287,11300,14,F ALONSO,Fernando ALONSO,ALO,Aston Martin,229971,Fernando,Alonso,https://media.formula1.com/d_driver_fallback_image.png/content/dam/fom-website/drivers/F/FERALO01_Fernando_Alonso/feralo01.png.transform/1col/image.png,,2026-07-03T10:26:19.017414Z
1287,11300,72,F VESTI,Frederik VESTI,VES,Mercedes,00D7B6,Frederik,Vesti,,,2026-07-03T10:26:19.017414Z
1287,11300,25,C HERTA,Colton HERTA,HER,Cadillac,909090,Colton,Herta,,,2026-07-03T10:26:19.017414Z
1287,11300,10,P GASLY,Pierre GASLY,GAS,Alpine,00A1E8,Pierre,Gasly,https://media.formula1.com/d_driver_fallback_image.png/content/dam/fom-website/drivers/P/PIEGAS01_Pierre_Gasly/piegas01.png.transform/1col/image.png,,2026-07-03T10:26:19.017414Z
1287,11300,36,A IWASA,Ayumu IWASA,IWA,Red Bull Racing,4781D7,Ayumu,IWASA,,,2026-07-03T10:26:19.017414Z
1287,11300,5,G BORTOLETO,Gabriel BORTOLETO,BOR,Audi,F50537,Gabriel,Bortoleto,https://media.formula1.com/d_driver_fallback_image.png/content/dam/fom-website/drivers/G/GABBOR01_Gabriel_Bortoleto/gabbor01.png.transform/1col/image.png,,2026-07-03T10:26:19.017414Z
1287,11300,3,M VERSTAPPEN,Max VERSTAPPEN,VER,Red Bull Racing,4781D7,Max,Verstappen,https://media.formula1.com/d_driver_fallback_image.png/content/dam/fom-website/drivers/M/MAXVER01_Max_Verstappen/maxver01.png.transform/1col/image.png,,2026-07-03T10:26:19.017414Z
1287,11300,67,L FORNAROLI,Leonardo FORNAROLI,FOR,McLaren,F47600,Leonardo,Fornaroli,,,2026-07-03T10:26:19.017414Z
1287,11302,55,C SAINZ,Carlos SAINZ,SAI,Williams,1868DB,Carlos,Sainz,https://media.formula1.com/d_driver_fallback_image.png/content/dam/fom-website/drivers/C/CARSAI01_Carlos_Sainz/carsai01.png.transform/1col/image.png,,2026-07-03T10:27:06.403533Z
1287,11302,63,G RUSSELL,George RUSSELL,RUS,Mercedes,00D7B6,George,Russell,https://media.formula1.com/d_driver_fallback_image.png/content/dam/fom-website/drivers/G/GEORUS01_George_Russell/georus01.png.transform/1col/image.png,,2026-07-03T10:27:06.403533Z
1287,11302,77,V BOTTAS,Valtteri BOTTAS,BOT,Cadillac,909090,Valtteri,Bottas,https://media.formula1.com/d_driver_fallback_image.png/content/dam/fom-website/drivers/V/VALBOT01_Valtteri_Bottas/valbot01.png.transform/1col/image.png,,2026-07-03T10:27:06.403533Z
1287,11302,81,O PIASTRI,Oscar PIASTRI,PIA,McLaren,F47600,Oscar,Piastri,https://media.formula1.com/d_driver_fallback_image.png/content/dam/fom-website/drivers/O/OSCPIA01_Oscar_Piastri/oscpia01.png.transform/1col/image.png,,2026-07-03T10:27:06.403533Z
1287,11302,87,O BEARMAN,Oliver BEARMAN,BEA,Haas F1 Team,9C9FA2,Oliver,Bearman,https://media.formula1.com/d_driver_fallback_image.png/content/dam/fom-website/drivers/O/OLIBEA01_Oliver_Bearman/olibea01.png.transform/1col/image.png,,2026-07-03T10:27:06.403533Z
1287,11303,1,L NORRIS,Lando NORRIS,NOR,McLaren,F47600,Lando,Norris,https://media.formula1.com/d_driver_fallback_image.png/content/dam/fom-website/drivers/L/LANNOR01_Lando_Norris/lannor01.png.transform/1col/image.png,,2026-07-03T10:27:11.008186Z
1287,11303,3,M VERSTAPPEN,Max VERSTAPPEN,VER,Red Bull Racing,4781D7,Max,Verstappen,https://media.formula1.com/d_driver_fallback_image.png/content/dam/fom-website/drivers/M/MAXVER01_Max_Verstappen/maxver01.png.transform/1col/image.png,,2026-07-03T10:27:11.008186Z
1287,11303,5,G BORTOLETO,Gabriel BORTOLETO,BOR,Audi,F50537,Gabriel,Bortoleto,https://media.formula1.com/d_driver_fallback_image.png/content/dam/fom-website/drivers/G/GABBOR01_Gabriel_Bortoleto/gabbor01.png.transform/1col/image.png,,2026-07-03T10:27:11.008186Z
1287,11303,6,I HADJAR,Isack HADJAR,HAD,Red Bull Racing,4781D7,Isack,Hadjar,https://media.formula1.com/d_driver_fallback_image.png/content/dam/fom-website/drivers/I/ISAHAD01_Isack_Hadjar/isahad01.png.transform/1col/image.png,,2026-07-03T10:27:11.008186Z
1287,11303,10,P GASLY,Pierre GASLY,GAS,Alpine,00A1E8,Pierre,Gasly,https://media.formula1.com/d_driver_fallback_image.png/content/dam/fom-website/drivers/P/PIEGAS01_Pierre_Gasly/piegas01.png.transform/1col/image.png,,2026-07-03T10:27:11.008186Z
1287,11303,11,S PEREZ,Sergio PEREZ,PER,Cadillac,909090,Sergio,Perez,https://media.formula1.com/d_driver_fallback_image.png/content/dam/fom-website/drivers/S/SERPER01_Sergio_Perez/serper01.png.transform/1col/image.png,,2026-07-03T10:27:11.008186Z
1287,11303,12,K ANTONELLI,Kimi ANTONELLI,ANT,Mercedes,00D7B6,Kimi,Antonelli,https://media.formula1.com/d_driver_fallback_image.png/content/dam/fom-website/drivers/K/ANDANT01_Kimi_Antonelli/andant01.png.transform/1col/image.png,,2026-07-03T10:27:11.008186Z
1287,11303,14,F ALONSO,Fernando ALONSO,ALO,Aston Martin,229971,Fernando,Alonso,https://media.formula1.com/d_driver_fallback_image.png/content/dam/fom-website/drivers/F/FERALO01_Fernando_Alonso/feralo01.png.transform/1col/image.png,,2026-07-03T10:27:11.008186Z
1287,11303,16,C LECLERC,Charles LECLERC,LEC,Ferrari,ED1131,Charles,Leclerc,https://media.formula1.com/d_driver_fallback_image.png/content/dam/fom-website/drivers/C/CHALEC01_Charles_Leclerc/chalec01.png.transform/1col/image.png,,2026-07-03T10:27:11.008186Z
1287,11303,18,L STROLL,Lance STROLL,STR,Aston Martin,229971,Lance,Stroll,https://media.formula1.com/d_driver_fallback_image.png/content/dam/fom-website/drivers/L/LANSTR01_Lance_Stroll/lanstr01.png.transform/1col/image.png,,2026-07-03T10:27:11.008186Z
1287,11303,23,A ALBON,Alexander ALBON,ALB,Williams,1868DB,Alexander,Albon,https://media.formula1.com/d_driver_fallback_image.png/content/dam/fom-website/drivers/A/ALEALB01_Alexander_Albon/alealb01.png.transform/1col/image.png,,2026-07-03T10:27:11.008186Z
1287,11303,27,N HULKENBERG,Nico HULKENBERG,HUL,Audi,F50537,Nico,Hulkenberg,https://media.formula1.com/d_driver_fallback_image.png/content/dam/fom-website/drivers/N/NICHUL01_Nico_Hulkenberg/nichul01.png.transform/1col/image.png,,2026-07-03T10:27:11.008186Z
1287,11303,30,L LAWSON,Liam LAWSON,LAW,Racing Bulls,6C98FF,Liam,Lawson,https://media.formula1.com/d_driver_fallback_image.png/content/dam/fom-website/drivers/L/LIALAW01_Liam_Lawson/lialaw01.png.transform/1col/image.png,,2026-07-03T10:27:11.008186Z
1287,11303,31,E OCON,Esteban OCON,OCO,Haas F1 Team,9C9FA2,Esteban,Ocon,https://media.formula1.com/d_driver_fallback_image.png/content/dam/fom-website/drivers/E/ESTOCO01_Esteban_Ocon/estoco01.png.transform/1col/image.png,,2026-07-03T10:27:11.008186Z
1287,11303,41,A LINDBLAD,Arvid LINDBLAD,LIN,Racing Bulls,6C98FF,Arvid,Lindblad,https://media.formula1.com/d_driver_fallback_image.png/content/dam/fom-website/drivers/A/ARVLIN01_Arvid_Lindblad/arvlin01.png.transform/1col/image.png,,2026-07-03T10:27:11.008186Z
1287,11303,43,F COLAPINTO,Franco COLAPINTO,COL,Alpine,00A1E8,Franco,Colapinto,https://media.formula1.com/d_driver_fallback_image.png/content/dam/fom-website/drivers/F/FRACOL01_Franco_Colapinto/fracol01.png.transform/1col/image.png,,2026-07-03T10:27:11.008186Z
1287,11303,44,L HAMILTON,Lewis HAMILTON,HAM,Ferrari,ED1131,Lewis,Hamilton,https://media.formula1.com/d_driver_fallback_image.png/content/dam/fom-website/drivers/L/LEWHAM01_Lewis_Hamilton/lewham01.png.transform/1col/image.png,,2026-07-03T10:27:11.008186Z
1287,11303,55,C SAINZ,Carlos SAINZ,SAI,Williams,1868DB,Carlos,Sainz,https://media.formula1.com/d_driver_fallback_image.png/content/dam/fom-website/drivers/C/CARSAI01_Carlos_Sainz/carsai01.png.transform/1col/image.png,,2026-07-03T10:27:11.008186Z
1287,11303,63,G RUSSELL,George RUSSELL,RUS,Mercedes,00D7B6,George,Russell,https://media.formula1.com/d_driver_fallback_image.png/content/dam/fom-website/drivers/G/GEORUS01_George_Russell/georus01.png.transform/1col/image.png,,2026-07-03T10:27:11.008186Z
1287,11303,77,V BOTTAS,Valtteri BOTTAS,BOT,Cadillac,909090,Valtteri,Bottas,https://media.formula1.com/d_driver_fallback_image.png/content/dam/fom-website/drivers/V/VALBOT01_Valtteri_Bottas/valbot01.png.transform/1col/image.png,,2026-07-03T10:27:11.008186Z
1287,11303,81,O PIASTRI,Oscar PIASTRI,PIA,McLaren,F47600,Oscar,Piastri,https://media.formula1.com/d_driver_fallback_image.png/content/dam/fom-website/drivers/O/OSCPIA01_Oscar_Piastri/oscpia01.png.transform/1col/image.png,,2026-07-03T10:27:11.008186Z
1287,11303,87,O BEARMAN,Oliver BEARMAN,BEA,Haas F1 Team,9C9FA2,Oliver,Bearman,https://media.formula1.com/d_driver_fallback_image.png/content/dam/fom-website/drivers/O/OLIBEA01_Oliver_Bearman/olibea01.png.transform/1col/image.png,,2026-07-03T10:27:11.008186Z
1287,11307,1,L NORRIS,Lando NORRIS,NOR,McLaren,F47600,Lando,Norris,https://media.formula1.com/d_driver_fallback_image.png/content/dam/fom-website/drivers/L/LANNOR01_Lando_Norris/lannor01.png.transform/1col/image.png,,2026-07-03T10:27:17.637831Z
1287,11307,3,M VERSTAPPEN,Max VERSTAPPEN,VER,Red Bull Racing,4781D7,Max,Verstappen,https://media.formula1.com/d_driver_fallback_image.png/content/dam/fom-website/drivers/M/MAXVER01_Max_Verstappen/maxver01.png.transform/1col/image.png,,2026-07-03T10:27:17.637831Z
1287,11307,5,G BORTOLETO,Gabriel BORTOLETO,BOR,Audi,F50537,Gabriel,Bortoleto,https://media.formula1.com/d_driver_fallback_image.png/content/dam/fom-website/drivers/G/GABBOR01_Gabriel_Bortoleto/gabbor01.png.transform/1col/image.png,,2026-07-03T10:27:17.637831Z
1287,11307,6,I HADJAR,Isack HADJAR,HAD,Red Bull Racing,4781D7,Isack,Hadjar,https://media.formula1.com/d_driver_fallback_image.png/content/dam/fom-website/drivers/I/ISAHAD01_Isack_Hadjar/isahad01.png.transform/1col/image.png,,2026-07-03T10:27:17.637831Z
1287,11307,10,P GASLY,Pierre GASLY,GAS,Alpine,00A1E8,Pierre,Gasly,https://media.formula1.com/d_driver_fallback_image.png/content/dam/fom-website/drivers/P/PIEGAS01_Pierre_Gasly/piegas01.png.transform/1col/image.png,,2026-07-03T10:27:17.637831Z
1287,11307,11,S PEREZ,Sergio PEREZ,PER,Cadillac,909090,Sergio,Perez,https://media.formula1.com/d_driver_fallback_image.png/content/dam/fom-website/drivers/S/SERPER01_Sergio_Perez/serper01.png.transform/1col/image.png,,2026-07-03T10:27:17.637831Z
1287,11307,12,K ANTONELLI,Kimi ANTONELLI,ANT,Mercedes,00D7B6,Kimi,Antonelli,https://media.formula1.com/d_driver_fallback_image.png/content/dam/fom-website/drivers/K/ANDANT01_Kimi_Antonelli/andant01.png.transform/1col/image.png,,2026-07-03T10:27:17.637831Z
1287,11307,14,F ALONSO,Fernando ALONSO,ALO,Aston Martin,229971,Fernando,Alonso,https://media.formula1.com/d_driver_fallback_image.png/content/dam/fom-website/drivers/F/FERALO01_Fernando_Alonso/feralo01.png.transform/1col/image.png,,2026-07-03T10:27:17.637831Z
1287,11307,16,C LECLERC,Charles LECLERC,LEC,Ferrari,ED1131,Charles,Leclerc,https://media.formula1.com/d_driver_fallback_image.png/content/dam/fom-website/drivers/C/CHALEC01_Charles_Leclerc/chalec01.png.transform/1col/image.png,,2026-07-03T10:27:17.637831Z
1287,11307,18,L STROLL,Lance STROLL,STR,Aston Martin,229971,Lance,Stroll,https://media.formula1.com/d_driver_fallback_image.png/content/dam/fom-website/drivers/L/LANSTR01_Lance_Stroll/lanstr01.png.transform/1col/image.png,,2026-07-03T10:27:17.637831Z
1287,11307,23,A ALBON,Alexander ALBON,ALB,Williams,1868DB,Alexander,Albon,https://media.formula1.com/d_driver_fallback_image.png/content/dam/fom-website/drivers/A/ALEALB01_Alexander_Albon/alealb01.png.transform/1col/image.png,,2026-07-03T10:27:17.637831Z
1287,11307,27,N HULKENBERG,Nico HULKENBERG,HUL,Audi,F50537,Nico,Hulkenberg,https://media.formula1.com/d_driver_fallback_image.png/content/dam/fom-website/drivers/N/NICHUL01_Nico_Hulkenberg/nichul01.png.transform/1col/image.png,,2026-07-03T10:27:17.637831Z
1287,11307,30,L LAWSON,Liam LAWSON,LAW,Racing Bulls,6C98FF,Liam,Lawson,https://media.formula1.com/d_driver_fallback_image.png/content/dam/fom-website/drivers/L/LIALAW01_Liam_Lawson/lialaw01.png.transform/1col/image.png,,2026-07-03T10:27:17.637831Z
1287,11307,31,E OCON,Esteban OCON,OCO,Haas F1 Team,9C9FA2,Esteban,Ocon,https://media.formula1.com/d_driver_fallback_image.png/content/dam/fom-website/drivers/E/ESTOCO01_Esteban_Ocon/estoco01.png.transform/1col/image.png,,2026-07-03T10:27:17.637831Z
1287,11307,41,A LINDBLAD,Arvid LINDBLAD,LIN,Racing Bulls,6C98FF,Arvid,Lindblad,https://media.formula1.com/d_driver_fallback_image.png/content/dam/fom-website/drivers/A/ARVLIN01_Arvid_Lindblad/arvlin01.png.transform/1col/image.png,,2026-07-03T10:27:17.637831Z
1287,11307,43,F COLAPINTO,Franco COLAPINTO,COL,Alpine,00A1E8,Franco,Colapinto,https://media.formula1.com/d_driver_fallback_image.png/content/dam/fom-website/drivers/F/FRACOL01_Franco_Colapinto/fracol01.png.transform/1col/image.png,,2026-07-03T10:27:17.637831Z
1287,11307,44,L HAMILTON,Lewis HAMILTON,HAM,Ferrari,ED1131,Lewis,Hamilton,https://media.formula1.com/d_driver_fallback_image.png/content/dam/fom-website/drivers/L/LEWHAM01_Lewis_Hamilton/lewham01.png.transform/1col/image.png,,2026-07-03T10:27:17.637831Z
1287,11307,55,C SAINZ,Carlos SAINZ,SAI,Williams,1868DB,Carlos,Sainz,https://media.formula1.com/d_driver_fallback_image.png/content/dam/fom-website/drivers/C/CARSAI01_Carlos_Sainz/carsai01.png.transform/1col/image.png,,2026-07-03T10:27:17.637831Z
1287,11307,63,G RUSSELL,George RUSSELL,RUS,Mercedes,00D7B6,George,Russell,https://media.formula1.com/d_driver_fallback_image.png/content/dam/fom-website/drivers/G/GEORUS01_George_Russell/georus01.png.transform/1col/image.png,,2026-07-03T10:27:17.637831Z
1287,11307,77,V BOTTAS,Valtteri BOTTAS,BOT,Cadillac,909090,Valtteri,Bottas,https://media.formula1.com/d_driver_fallback_image.png/content/dam/fom-website/drivers/V/VALBOT01_Valtteri_Bottas/valbot01.png.transform/1col/image.png,,2026-07-03T10:27:17.637831Z
1287,11307,81,O PIASTRI,Oscar PIASTRI,PIA,McLaren,F47600,Oscar,Piastri,https://media.formula1.com/d_driver_fallback_image.png/content/dam/fom-website/drivers/O/OSCPIA01_Oscar_Piastri/oscpia01.png.transform/1col/image.png,,2026-07-03T10:27:17.637831Z
1287,11307,87,O BEARMAN,Oliver BEARMAN,BEA,Haas F1 Team,9C9FA2,Oliver,Bearman,https://media.formula1.com/d_driver_fallback_image.png/content/dam/fom-website/drivers/O/OLIBEA01_Oliver_Bearman/olibea01.png.transform/1col/image.png,,2026-07-03T10:27:17.637831Z
1288,11309,77,V BOTTAS,Valtteri BOTTAS,BOT,Cadillac,909090,Valtteri,Bottas,https://media.formula1.com/d_driver_fallback_image.png/content/dam/fom-website/drivers/V/VALBOT01_Valtteri_Bottas/valbot01.png.transform/1col/image.png,,2026-07-03T10:28:04.661988Z
1288,11309,81,O PIASTRI,Oscar PIASTRI,PIA,McLaren,F47600,Oscar,Piastri,https://media.formula1.com/d_driver_fallback_image.png/content/dam/fom-website/drivers/O/OSCPIA01_Oscar_Piastri/oscpia01.png.transform/1col/image.png,,2026-07-03T10:28:04.661988Z
1288,11309,87,O BEARMAN,Oliver BEARMAN,BEA,Haas F1 Team,9C9FA2,Oliver,Bearman,https://media.formula1.com/d_driver_fallback_image.png/content/dam/fom-website/drivers/O/OLIBEA01_Oliver_Bearman/olibea01.png.transform/1col/image.png,,2026-07-03T10:28:04.661988Z
1288,11310,1,L NORRIS,Lando NORRIS,NOR,McLaren,F47600,Lando,Norris,https://media.formula1.com/d_driver_fallback_image.png/content/dam/fom-website/drivers/L/LANNOR01_Lando_Norris/lannor01.png.transform/1col/image.png,,2026-07-03T10:28:09.877382Z
1288,11310,3,M VERSTAPPEN,Max VERSTAPPEN,VER,Red Bull Racing,4781D7,Max,Verstappen,https://media.formula1.com/d_driver_fallback_image.png/content/dam/fom-website/drivers/M/MAXVER01_Max_Verstappen/maxver01.png.transform/1col/image.png,,2026-07-03T10:28:09.877382Z
1288,11310,5,G BORTOLETO,Gabriel BORTOLETO,BOR,Audi,F50537,Gabriel,Bortoleto,https://media.formula1.com/d_driver_fallback_image.png/content/dam/fom-website/drivers/G/GABBOR01_Gabriel_Bortoleto/gabbor01.png.transform/1col/image.png,,2026-07-03T10:28:09.877382Z
1288,11310,6,I HADJAR,Isack HADJAR,HAD,Red Bull Racing,4781D7,Isack,Hadjar,https://media.formula1.com/d_driver_fallback_image.png/content/dam/fom-website/drivers/I/ISAHAD01_Isack_Hadjar/isahad01.png.transform/1col/image.png,,2026-07-03T10:28:09.877382Z
1288,11310,10,P GASLY,Pierre GASLY,GAS,Alpine,00A1E8,Pierre,Gasly,https://media.formula1.com/d_driver_fallback_image.png/content/dam/fom-website/drivers/P/PIEGAS01_Pierre_Gasly/piegas01.png.transform/1col/image.png,,2026-07-03T10:28:09.877382Z
1288,11310,11,S PEREZ,Sergio PEREZ,PER,Cadillac,909090,Sergio,Perez,https://media.formula1.com/d_driver_fallback_image.png/content/dam/fom-website/drivers/S/SERPER01_Sergio_Perez/serper01.png.transform/1col/image.png,,2026-07-03T10:28:09.877382Z
1288,11310,12,K ANTONELLI,Kimi ANTONELLI,ANT,Mercedes,00D7B6,Kimi,Antonelli,https://media.formula1.com/d_driver_fallback_image.png/content/dam/fom-website/drivers/K/ANDANT01_Kimi_Antonelli/andant01.png.transform/1col/image.png,,2026-07-03T10:28:09.877382Z
1288,11310,14,F ALONSO,Fernando ALONSO,ALO,Aston Martin,229971,Fernando,Alonso,https://media.formula1.com/d_driver_fallback_image.png/content/dam/fom-website/drivers/F/FERALO01_Fernando_Alonso/feralo01.png.transform/1col/image.png,,2026-07-03T10:28:09.877382Z
1288,11310,16,C LECLERC,Charles LECLERC,LEC,Ferrari,ED1131,Charles,Leclerc,https://media.formula1.com/d_driver_fallback_image.png/content/dam/fom-website/drivers/C/CHALEC01_Charles_Leclerc/chalec01.png.transform/1col/image.png,,2026-07-03T10:28:09.877382Z
1288,11310,18,L STROLL,Lance STROLL,STR,Aston Martin,229971,Lance,Stroll,https://media.formula1.com/d_driver_fallback_image.png/content/dam/fom-website/drivers/L/LANSTR01_Lance_Stroll/lanstr01.png.transform/1col/image.png,,2026-07-03T10:28:09.877382Z
1288,11310,23,A ALBON,Alexander ALBON,ALB,Williams,1868DB,Alexander,Albon,https://media.formula1.com/d_driver_fallback_image.png/content/dam/fom-website/drivers/A/ALEALB01_Alexander_Albon/alealb01.png.transform/1col/image.png,,2026-07-03T10:28:09.877382Z
1288,11310,27,N HULKENBERG,Nico HULKENBERG,HUL,Audi,F50537,Nico,Hulkenberg,https://media.formula1.com/d_driver_fallback_image.png/content/dam/fom-website/drivers/N/NICHUL01_Nico_Hulkenberg/nichul01.png.transform/1col/image.png,,2026-07-03T10:28:09.877382Z
1288,11310,30,L LAWSON,Liam LAWSON,LAW,Racing Bulls,6C98FF,Liam,Lawson,https://media.formula1.com/d_driver_fallback_image.png/content/dam/fom-website/drivers/L/LIALAW01_Liam_Lawson/lialaw01.png.transform/1col/image.png,,2026-07-03T10:28:09.877382Z
1288,11310,31,E OCON,Esteban OCON,OCO,Haas F1 Team,9C9FA2,Esteban,Ocon,https://media.formula1.com/d_driver_fallback_image.png/content/dam/fom-website/drivers/E/ESTOCO01_Esteban_Ocon/estoco01.png.transform/1col/image.png,,2026-07-03T10:28:09.877382Z
1288,11310,41,A LINDBLAD,Arvid LINDBLAD,LIN,Racing Bulls,6C98FF,Arvid,Lindblad,https://media.formula1.com/d_driver_fallback_image.png/content/dam/fom-website/drivers/A/ARVLIN01_Arvid_Lindblad/arvlin01.png.transform/1col/image.png,,2026-07-03T10:28:09.877382Z
1288,11310,43,F COLAPINTO,Franco COLAPINTO,COL,Alpine,00A1E8,Franco,Colapinto,https://media.formula1.com/d_driver_fallback_image.png/content/dam/fom-website/drivers/F/FRACOL01_Franco_Colapinto/fracol01.png.transform/1col/image.png,,2026-07-03T10:28:09.877382Z
1288,11310,44,L HAMILTON,Lewis HAMILTON,HAM,Ferrari,ED1131,Lewis,Hamilton,https://media.formula1.com/d_driver_fallback_image.png/content/dam/fom-website/drivers/L/LEWHAM01_Lewis_Hamilton/lewham01.png.transform/1col/image.png,,2026-07-03T10:28:09.877382Z
1288,11310,55,C SAINZ,Carlos SAINZ,SAI,Williams,1868DB,Carlos,Sainz,https://media.formula1.com/d_driver_fallback_image.png/content/dam/fom-website/drivers/C/CARSAI01_Carlos_Sainz/carsai01.png.transform/1col/image.png,,2026-07-03T10:28:09.877382Z
1288,11310,63,G RUSSELL,George RUSSELL,RUS,Mercedes,00D7B6,George,Russell,https://media.formula1.com/d_driver_fallback_image.png/content/dam/fom-website/drivers/G/GEORUS01_George_Russell/georus01.png.transform/1col/image.png,,2026-07-03T10:28:09.877382Z
1288,11310,77,V BOTTAS,Valtteri BOTTAS,BOT,Cadillac,909090,Valtteri,Bottas,https://media.formula1.com/d_driver_fallback_image.png/content/dam/fom-website/drivers/V/VALBOT01_Valtteri_Bottas/valbot01.png.transform/1col/image.png,,2026-07-03T10:28:09.877382Z
1288,11310,81,O PIASTRI,Oscar PIASTRI,PIA,McLaren,F47600,Oscar,Piastri,https://media.formula1.com/d_driver_fallback_image.png/content/dam/fom-website/drivers/O/OSCPIA01_Oscar_Piastri/oscpia01.png.transform/1col/image.png,,2026-07-03T10:28:09.877382Z
1288,11310,87,O BEARMAN,Oliver BEARMAN,BEA,Haas F1 Team,9C9FA2,Oliver,Bearman,https://media.formula1.com/d_driver_fallback_image.png/content/dam/fom-website/drivers/O/OLIBEA01_Oliver_Bearman/olibea01.png.transform/1col/image.png,,2026-07-03T10:28:09.877382Z
1288,11311,1,L NORRIS,Lando NORRIS,NOR,McLaren,F47600,Lando,Norris,https://media.formula1.com/d_driver_fallback_image.png/content/dam/fom-website/drivers/L/LANNOR01_Lando_Norris/lannor01.png.transform/1col/image.png,,2026-07-03T10:28:14.532187Z
1288,11311,3,M VERSTAPPEN,Max VERSTAPPEN,VER,Red Bull Racing,4781D7,Max,Verstappen,https://media.formula1.com/d_driver_fallback_image.png/content/dam/fom-website/drivers/M/MAXVER01_Max_Verstappen/maxver01.png.transform/1col/image.png,,2026-07-03T10:28:14.532187Z
1288,11311,5,G BORTOLETO,Gabriel BORTOLETO,BOR,Audi,F50537,Gabriel,Bortoleto,https://media.formula1.com/d_driver_fallback_image.png/content/dam/fom-website/drivers/G/GABBOR01_Gabriel_Bortoleto/gabbor01.png.transform/1col/image.png,,2026-07-03T10:28:14.532187Z
1288,11311,6,I HADJAR,Isack HADJAR,HAD,Red Bull Racing,4781D7,Isack,Hadjar,https://media.formula1.com/d_driver_fallback_image.png/content/dam/fom-website/drivers/I/ISAHAD01_Isack_Hadjar/isahad01.png.transform/1col/image.png,,2026-07-03T10:28:14.532187Z
1288,11311,10,P GASLY,Pierre GASLY,GAS,Alpine,00A1E8,Pierre,Gasly,https://media.formula1.com/d_driver_fallback_image.png/content/dam/fom-website/drivers/P/PIEGAS01_Pierre_Gasly/piegas01.png.transform/1col/image.png,,2026-07-03T10:28:14.532187Z
1288,11311,11,S PEREZ,Sergio PEREZ,PER,Cadillac,909090,Sergio,Perez,https://media.formula1.com/d_driver_fallback_image.png/content/dam/fom-website/drivers/S/SERPER01_Sergio_Perez/serper01.png.transform/1col/image.png,,2026-07-03T10:28:14.532187Z
1288,11311,12,K ANTONELLI,Kimi ANTONELLI,ANT,Mercedes,00D7B6,Kimi,Antonelli,https://media.formula1.com/d_driver_fallback_image.png/content/dam/fom-website/drivers/K/ANDANT01_Kimi_Antonelli/andant01.png.transform/1col/image.png,,2026-07-03T10:28:14.532187Z
1288,11311,14,F ALONSO,Fernando ALONSO,ALO,Aston Martin,229971,Fernando,Alonso,https://media.formula1.com/d_driver_fallback_image.png/content/dam/fom-website/drivers/F/FERALO01_Fernando_Alonso/feralo01.png.transform/1col/image.png,,2026-07-03T10:28:14.532187Z
1288,11311,16,C LECLERC,Charles LECLERC,LEC,Ferrari,ED1131,Charles,Leclerc,https://media.formula1.com/d_driver_fallback_image.png/content/dam/fom-website/drivers/C/CHALEC01_Charles_Leclerc/chalec01.png.transform/1col/image.png,,2026-07-03T10:28:14.532187Z
1288,11311,18,L STROLL,Lance STROLL,STR,Aston Martin,229971,Lance,Stroll,https://media.formula1.com/d_driver_fallback_image.png/content/dam/fom-website/drivers/L/LANSTR01_Lance_Stroll/lanstr01.png.transform/1col/image.png,,2026-07-03T10:28:14.532187Z
1288,11311,23,A ALBON,Alexander ALBON,ALB,Williams,1868DB,Alexander,Albon,https://media.formula1.com/d_driver_fallback_image.png/content/dam/fom-website/drivers/A/ALEALB01_Alexander_Albon/alealb01.png.transform/1col/image.png,,2026-07-03T10:28:14.532187Z
1288,11311,27,N HULKENBERG,Nico HULKENBERG,HUL,Audi,F50537,Nico,Hulkenberg,https://media.formula1.com/d_driver_fallback_image.png/content/dam/fom-website/drivers/N/NICHUL01_Nico_Hulkenberg/nichul01.png.transform/1col/image.png,,2026-07-03T10:28:14.532187Z
1288,11311,30,L LAWSON,Liam LAWSON,LAW,Racing Bulls,6C98FF,Liam,Lawson,https://media.formula1.com/d_driver_fallback_image.png/content/dam/fom-website/drivers/L/LIALAW01_Liam_Lawson/lialaw01.png.transform/1col/image.png,,2026-07-03T10:28:14.532187Z
1288,11311,31,E OCON,Esteban OCON,OCO,Haas F1 Team,9C9FA2,Esteban,Ocon,https://media.formula1.com/d_driver_fallback_image.png/content/dam/fom-website/drivers/E/ESTOCO01_Esteban_Ocon/estoco01.png.transform/1col/image.png,,2026-07-03T10:28:14.532187Z
1288,11311,41,A LINDBLAD,Arvid LINDBLAD,LIN,Racing Bulls,6C98FF,Arvid,Lindblad,https://media.formula1.com/d_driver_fallback_image.png/content/dam/fom-website/drivers/A/ARVLIN01_Arvid_Lindblad/arvlin01.png.transform/1col/image.png,,2026-07-03T10:28:14.532187Z
1288,11311,43,F COLAPINTO,Franco COLAPINTO,COL,Alpine,00A1E8,Franco,Colapinto,https://media.formula1.com/d_driver_fallback_image.png/content/dam/fom-website/drivers/F/FRACOL01_Franco_Colapinto/fracol01.png.transform/1col/image.png,,2026-07-03T10:28:14.532187Z
1288,11311,44,L HAMILTON,Lewis HAMILTON,HAM,Ferrari,ED1131,Lewis,Hamilton,https://media.formula1.com/d_driver_fallback_image.png/content/dam/fom-website/drivers/L/LEWHAM01_Lewis_Hamilton/lewham01.png.transform/1col/image.png,,2026-07-03T10:28:14.532187Z
1288,11311,55,C SAINZ,Carlos SAINZ,SAI,Williams,1868DB,Carlos,Sainz,https://media.formula1.com/d_driver_fallback_image.png/content/dam/fom-website/drivers/C/CARSAI01_Carlos_Sainz/carsai01.png.transform/1col/image.png,,2026-07-03T10:28:14.532187Z
1288,11311,63,G RUSSELL,George RUSSELL,RUS,Mercedes,00D7B6,George,Russell,https://media.formula1.com/d_driver_fallback_image.png/content/dam/fom-website/drivers/G/GEORUS01_George_Russell/georus01.png.transform/1col/image.png,,2026-07-03T10:28:14.532187Z
1288,11311,77,V BOTTAS,Valtteri BOTTAS,BOT,Cadillac,909090,Valtteri,Bottas,https://media.formula1.com/d_driver_fallback_image.png/content/dam/fom-website/drivers/V/VALBOT01_Valtteri_Bottas/valbot01.png.transform/1col/image.png,,2026-07-03T10:28:14.532187Z
1288,11311,81,O PIASTRI,Oscar PIASTRI,PIA,McLaren,F47600,Oscar,Piastri,https://media.formula1.com/d_driver_fallback_image.png/content/dam/fom-website/drivers/O/OSCPIA01_Oscar_Piastri/oscpia01.png.transform/1col/image.png,,2026-07-03T10:28:14.532187Z
1288,11311,87,O BEARMAN,Oliver BEARMAN,BEA,Haas F1 Team,9C9FA2,Oliver,Bearman,https://media.formula1.com/d_driver_fallback_image.png/content/dam/fom-website/drivers/O/OLIBEA01_Oliver_Bearman/olibea01.png.transform/1col/image.png,,2026-07-03T10:28:14.532187Z
